ISO-10303-21;
HEADER;
FILE_DESCRIPTION (( 'STEP AP203' ),
    '1' );
FILE_NAME ('91292A137_18-8 Stainless Steel Socket Head Screw.STEP',
    '2026-02-05T17:36:48',
    ( 'McMaster Carr Supply' ),
    ( 'McMaster Carr Supply' ),
    'SwSTEP 2.0',
    'SolidWorks 2024',
    '' );
FILE_SCHEMA (( 'CONFIG_CONTROL_DESIGN' ));
ENDSEC;

DATA;
#1 = VERTEX_POINT ( 'NONE', #3297 ) ;
#2 = CARTESIAN_POINT ( 'NONE',  ( 2.159593620790638546, 2.159593620790628776, -4.093749999999996447 ) ) ;
#3 = EDGE_CURVE ( 'NONE', #5262, #1691, #629, .T. ) ;
#4 = VERTEX_POINT ( 'NONE', #3351 ) ;
#5 = CARTESIAN_POINT ( 'NONE',  ( -3.000000000000000888, 1.242640687119289433, 0.1874999999999995837 ) ) ;
#6 = DIRECTION ( 'NONE',  ( -0.000000000000000000, -0.000000000000000000, -1.000000000000000000 ) ) ;
#7 = CARTESIAN_POINT ( 'NONE',  ( -2.121320343559648602, 2.121320343559640165, 4.125000000000001776 ) ) ;
#8 = CARTESIAN_POINT ( 'NONE',  ( -1.265060653844737759, -3.054126587736549769, 5.531249999999997335 ) ) ;
#9 = CARTESIAN_POINT ( 'NONE',  ( -2.350480947161680323, -8.968978788130623169E-15, 2.750000000000000888 ) ) ;
#10 = CARTESIAN_POINT ( 'NONE',  ( -2.350480947161680323, 0.9736010864139172938, 4.687500000000000000 ) ) ;
#11 = CARTESIAN_POINT ( 'NONE',  ( -0.9736010864139266197, -2.350480947161689649, 7.062500000000000888 ) ) ;
#12 = CARTESIAN_POINT ( 'NONE',  ( -3.000000000000003109, -2.818925648462311528E-15, -13.00000000000000178 ) ) ;
#13 = CARTESIAN_POINT ( 'NONE',  ( 1.662041016787803249, -1.662041016787812797, 1.125000000000000888 ) ) ;
#14 = CARTESIAN_POINT ( 'NONE',  ( -1.242640687119289433, 3.000000000000000888, -1.812500000000000000 ) ) ;
#15 = CARTESIAN_POINT ( 'NONE',  ( -1.662041016787803471, -1.662041016787812353, -12.00000000000000000 ) ) ;
#16 = CARTESIAN_POINT ( 'NONE',  ( -1.265060653844737537, 3.054126587736531118, -4.843750000000002665 ) ) ;
#17 = CARTESIAN_POINT ( 'NONE',  ( 0.9736010864139259535, -2.350480947161690537, 5.187500000000000888 ) ) ;
#18 = EDGE_CURVE ( 'NONE', #4566, #1212, #5117, .T. ) ;
#19 = CARTESIAN_POINT ( 'NONE',  ( -3.000000000000009326, -8.929207216678438350E-15, -6.749999999999998224 ) ) ;
#20 = CARTESIAN_POINT ( 'NONE',  ( 2.350480947161680323, 0.9736010864139177379, -11.56249999999999822 ) ) ;
#21 = CARTESIAN_POINT ( 'NONE',  ( -1.662041016787803249, 1.662041016787794367, -4.375000000000000000 ) ) ;
#22 = CARTESIAN_POINT ( 'NONE',  ( 1.662041016787803693, 1.662041016787793923, -2.499999999999998668 ) ) ;
#23 = CARTESIAN_POINT ( 'NONE',  ( 2.499999999999997780, 0.2438911644077223495, 12.60222907321996644 ) ) ;
#24 = CARTESIAN_POINT ( 'NONE',  ( -3.000000000000003109, -2.818925648462311528E-15, -13.00000000000000178 ) ) ;
#25 = CARTESIAN_POINT ( 'NONE',  ( 3.000000000000009326, -9.663995296166853972E-15, -2.249999999999998224 ) ) ;
#26 = ORIENTED_EDGE ( 'NONE', *, *, #835, .T. ) ;
#27 = CARTESIAN_POINT ( 'NONE',  ( -2.159593620790638102, 2.159593620790629220, -2.843749999999997335 ) ) ;
#28 = AXIS2_PLACEMENT_3D ( 'NONE', #1466, #3166, #5329 ) ;
#29 = EDGE_LOOP ( 'NONE', ( #1061, #1693, #2942, #574 ) ) ;
#30 = CARTESIAN_POINT ( 'NONE',  ( -3.000000000000035527, -1.242640687119271892, 5.312499999999998224 ) ) ;
#31 = DIRECTION ( 'NONE',  ( -1.000000000000000000, 0.000000000000000000, 0.000000000000000000 ) ) ;
#32 = CARTESIAN_POINT ( 'NONE',  ( -3.000000000000009326, -8.929207216678438350E-15, -3.749999999999999556 ) ) ;
#33 = CARTESIAN_POINT ( 'NONE',  ( -2.159593620790638546, 2.159593620790629220, 5.218749999999997335 ) ) ;
#34 = CARTESIAN_POINT ( 'NONE',  ( -1.662041016787803249, 1.662041016787794367, 2.625000000000000444 ) ) ;
#35 = CARTESIAN_POINT ( 'NONE',  ( 2.350480947161680323, -9.544680581810301090E-15, 4.250000000000001776 ) ) ;
#36 = CARTESIAN_POINT ( 'NONE',  ( -1.662041016787803471, -1.662041016787812353, 7.000000000000000888 ) ) ;
#37 = CARTESIAN_POINT ( 'NONE',  ( -2.594268075924131889, 0.2585219712600394515, -12.40573192407472369 ) ) ;
#38 = CARTESIAN_POINT ( 'NONE',  ( -2.350480947161680767, -0.9736010864139355014, 1.812500000000000000 ) ) ;
#39 = CARTESIAN_POINT ( 'NONE',  ( -1.242640687119289211, 3.000000000000000000, -0.9374999999999991118 ) ) ;
#40 = CARTESIAN_POINT ( 'NONE',  ( 1.265060653844736649, -3.054126587736549769, -8.343750000000001776 ) ) ;
#41 = CARTESIAN_POINT ( 'NONE',  ( -0.9736010864139266197, -2.350480947161689649, -9.062499999999998224 ) ) ;
#42 = CARTESIAN_POINT ( 'NONE',  ( -0.9736010864139263976, 2.350480947161671441, -9.437500000000000000 ) ) ;
#43 = VECTOR ( 'NONE', #3864, 1000.000000000000000 ) ;
#44 = AXIS2_PLACEMENT_3D ( 'NONE', #4350, #854, #3829 ) ;
#45 = DIRECTION ( 'NONE',  ( -1.000000000000000000, 0.000000000000000000, 0.000000000000000000 ) ) ;
#46 = CARTESIAN_POINT ( 'NONE',  ( -3.740226349862381049E-16, -3.054126587736548437, 6.531250000000002665 ) ) ;
#47 = EDGE_CURVE ( 'NONE', #5254, #3452, #2455, .T. ) ;
#48 = CARTESIAN_POINT ( 'NONE',  ( 1.662041016787803249, -1.662041016787812797, -5.875000000000000000 ) ) ;
#49 = CARTESIAN_POINT ( 'NONE',  ( 1.662041016787803249, -1.662041016787812797, -2.749999999999999112 ) ) ;
#50 = LINE ( 'NONE', #919, #4138 ) ;
#51 = CARTESIAN_POINT ( 'NONE',  ( 1.516243114610655196, -2.470028967436875167, 6.516097326945603285 ) ) ;
#52 = CARTESIAN_POINT ( 'NONE',  ( 2.703615272918686419, 9.060278387225671811E-12, 6.046117801964602023 ) ) ;
#53 = ORIENTED_EDGE ( 'NONE', *, *, #940, .F. ) ;
#54 = CARTESIAN_POINT ( 'NONE',  ( 1.265060653844736427, -3.054126587736549769, -3.406249999999997780 ) ) ;
#55 = ORIENTED_EDGE ( 'NONE', *, *, #1991, .F. ) ;
#56 = CARTESIAN_POINT ( 'NONE',  ( 2.392841854252643063, 0.3230865215527015666, 5.236847962460541517 ) ) ;
#57 = CARTESIAN_POINT ( 'NONE',  ( -3.673940397442071701E-16, -3.000000000000018652, -5.375000000000000000 ) ) ;
#58 = DIRECTION ( 'NONE',  ( 0.8660254037844385966, -0.4999999999999998890, 0.000000000000000000 ) ) ;
#59 = CARTESIAN_POINT ( 'NONE',  ( 0.000000000000000000, -2.818925648462311528E-15, -13.00000000000000178 ) ) ;
#60 = CARTESIAN_POINT ( 'NONE',  ( 2.350480947161680323, -0.9736010864139368337, -0.8124999999999990008 ) ) ;
#61 = CARTESIAN_POINT ( 'NONE',  ( 2.121320343559648602, -2.121320343559657928, -9.374999999999998224 ) ) ;
#62 = CARTESIAN_POINT ( 'NONE',  ( 2.350480947161680323, 0.9736010864139177379, 5.437499999999999112 ) ) ;
#63 = CARTESIAN_POINT ( 'NONE',  ( -3.000000000000009770, -1.242640687119298315, -9.562500000000000000 ) ) ;
#64 = CARTESIAN_POINT ( 'NONE',  ( -2.350480947161680323, -8.968978788130623169E-15, 4.749999999999999112 ) ) ;
#65 = CARTESIAN_POINT ( 'NONE',  ( -3.000000000000009770, -8.929207216678438350E-15, -1.625000000000000000 ) ) ;
#66 = CARTESIAN_POINT ( 'NONE',  ( 0.000000000000000000, 3.054126587736530674, -1.906250000000001776 ) ) ;
#67 = CARTESIAN_POINT ( 'NONE',  ( -2.350480947161680767, -0.9736010864139355014, -11.18749999999999822 ) ) ;
#68 = CARTESIAN_POINT ( 'NONE',  ( -2.350480947161680323, 0.9736010864139172938, -8.312500000000000000 ) ) ;
#69 = CARTESIAN_POINT ( 'NONE',  ( 2.350480947161679435, 0.9736010864139177379, 1.437500000000001332 ) ) ;
#70 = ADVANCED_FACE ( 'NONE', ( #380 ), #3686, .T. ) ;
#71 = CARTESIAN_POINT ( 'NONE',  ( -2.842140985574785450, -0.3697015950142665264, 6.475743349062915932 ) ) ;
#72 = CARTESIAN_POINT ( 'NONE',  ( -3.054126587736539555, -8.925892919057422291E-15, 7.281250000000002665 ) ) ;
#73 = CARTESIAN_POINT ( 'NONE',  ( 0.000000000000000000, 2.350480947161671441, -4.499999999999999112 ) ) ;
#74 = SECURITY_CLASSIFICATION_LEVEL ( 'unclassified' ) ;
#75 =( BOUNDED_CURVE ( )  B_SPLINE_CURVE ( 2, ( #4375, #4403, #4765, #120, #565, #3983, #3566, #4843, #3927 ),
 .UNSPECIFIED., .F., .F. ) 
 B_SPLINE_CURVE_WITH_KNOTS ( ( 3, 2, 2, 2, 3 ),
 ( 0.7738095238095237249, 0.7797619047619046562, 0.7857142857142855874, 0.7916666666666665186, 0.7976190476190475609 ),
 .UNSPECIFIED. ) 
 CURVE ( )  GEOMETRIC_REPRESENTATION_ITEM ( )  RATIONAL_B_SPLINE_CURVE ( ( 1.000000000000001332, 0.9238795325112852952, 1.000000000000000000, 0.9238795325112867385, 1.000000000000000000, 0.9238795325112867385, 1.000000000000000000, 0.9238795325112881818, 0.9999999999999985567 ) ) 
 REPRESENTATION_ITEM ( '' )  );
#76 = APPROVAL ( #916, 'UNSPECIFIED' ) ;
#77 = EDGE_CURVE ( 'NONE', #1964, #446, #5451, .T. ) ;
#78 = CARTESIAN_POINT ( 'NONE',  ( 0.000000000000000000, 2.350480947161671441, -2.375000000000000444 ) ) ;
#79 = CARTESIAN_POINT ( 'NONE',  ( -3.000000000000003109, -2.818925648462311528E-15, -13.00000000000000178 ) ) ;
#80 = CARTESIAN_POINT ( 'NONE',  ( -2.089581540030387430, 1.680330881317909864, 12.70119088076187630 ) ) ;
#81 = DIRECTION ( 'NONE',  ( -0.000000000000000000, -0.000000000000000000, -1.000000000000000000 ) ) ;
#82 = VERTEX_POINT ( 'NONE', #1194 ) ;
#83 = CARTESIAN_POINT ( 'NONE',  ( -3.054126587736539111, 1.265060653844728433, -4.781249999999997335 ) ) ;
#84 = ADVANCED_FACE ( 'NONE', ( #4101 ), #4187, .T. ) ;
#85 = ORIENTED_EDGE ( 'NONE', *, *, #3443, .F. ) ;
#86 = CARTESIAN_POINT ( 'NONE',  ( 0.000000000000000000, -2.818925648462311528E-15, -13.00000000000000178 ) ) ;
#87 = CARTESIAN_POINT ( 'NONE',  ( 2.121320343559648602, -2.121320343559657928, -7.375000000000000000 ) ) ;
#88 = CARTESIAN_POINT ( 'NONE',  ( 1.265060653844736427, -3.054126587736549769, -12.40624999999999645 ) ) ;
#89 = CARTESIAN_POINT ( 'NONE',  ( 1.242640687119288767, -3.000000000000019540, 4.562500000000003553 ) ) ;
#90 = CARTESIAN_POINT ( 'NONE',  ( -1.662041016787803249, 1.662041016787794367, 0.6250000000000005551 ) ) ;
#91 = CARTESIAN_POINT ( 'NONE',  ( 1.662041016787803693, 1.662041016787793923, 6.500000000000000888 ) ) ;
#92 = B_SPLINE_CURVE_WITH_KNOTS ( 'NONE', 3,
 ( #4295, #458, #3877, #1756, #4320, #5167, #1336, #2616, #3031, #4742 ),
 .UNSPECIFIED., .F., .F.,
 ( 4, 2, 2, 2, 4 ),
 ( 4.336808689942017736E-19, 0.0005805885718294382302, 0.001161177143658876027, 0.001741765715488313715, 0.002322354287317751620 ),
 .UNSPECIFIED. ) ;
#93 = CARTESIAN_POINT ( 'NONE',  ( 1.242640687119290765, 2.999999999999999112, -2.062499999999998224 ) ) ;
#94 = CARTESIAN_POINT ( 'NONE',  ( -3.054126587736539555, -1.265060653844746641, -13.59375000000000178 ) ) ;
#95 = CARTESIAN_POINT ( 'NONE',  ( -2.999999999999991118, 1.242640687119297871, -10.81250000000000355 ) ) ;
#96 = CARTESIAN_POINT ( 'NONE',  ( -1.265060653844737537, 3.054126587736531118, -3.843750000000002220 ) ) ;
#97 = CARTESIAN_POINT ( 'NONE',  ( 1.662041016787803249, -1.662041016787812797, -9.875000000000000000 ) ) ;
#98 = CARTESIAN_POINT ( 'NONE',  ( 0.9736010864139258425, -2.350480947161690537, -3.937500000000000000 ) ) ;
#99 = CARTESIAN_POINT ( 'NONE',  ( 1.662041016787803693, 1.662041016787793923, -1.499999999999999556 ) ) ;
#100 = FACE_OUTER_BOUND ( 'NONE', #194, .T. ) ;
#101 = CARTESIAN_POINT ( 'NONE',  ( -0.9736010864139263976, 2.350480947161671441, -11.31249999999999822 ) ) ;
#102 = CARTESIAN_POINT ( 'NONE',  ( 0.9736010864139259535, -2.350480947161690537, -5.937500000000000000 ) ) ;
#103 = PERSON_AND_ORGANIZATION ( #519, #830 ) ;
#104 = CARTESIAN_POINT ( 'NONE',  ( -0.9736010864139263976, 2.350480947161671441, 0.6875000000000005551 ) ) ;
#105 = LINE ( 'NONE', #79, #3435 ) ;
#106 = CARTESIAN_POINT ( 'NONE',  ( -2.121320343559649046, -2.121320343559657928, -1.624999999999999778 ) ) ;
#107 = CYLINDRICAL_SURFACE ( 'NONE', #1565, 3.000000000000003109 ) ;
#108 = EDGE_LOOP ( 'NONE', ( #2679, #530, #2967, #2494 ) ) ;
#109 = CARTESIAN_POINT ( 'NONE',  ( -3.054126587736539111, -1.265060653844746197, -3.656249999999998224 ) ) ;
#110 = ORIENTED_EDGE ( 'NONE', *, *, #2452, .T. ) ;
#111 = CARTESIAN_POINT ( 'NONE',  ( 2.557911286185211797, -0.8452846986511338701, 6.004417052339358740 ) ) ;
#112 = CARTESIAN_POINT ( 'NONE',  ( 3.000000000000009326, -9.663995296166853972E-15, -1.249999999999999334 ) ) ;
#113 = CARTESIAN_POINT ( 'NONE',  ( -3.054126587736539111, 1.265060653844728433, -12.78124999999999645 ) ) ;
#114 = CARTESIAN_POINT ( 'NONE',  ( -1.662041016787803249, 1.662041016787794367, -4.250000000000000000 ) ) ;
#115 = CARTESIAN_POINT ( 'NONE',  ( -3.000000000000008438, 1.242640687119280329, -5.812499999999998224 ) ) ;
#116 = CARTESIAN_POINT ( 'NONE',  ( 0.9736010864139259535, -2.350480947161690537, 1.062500000000000888 ) ) ;
#117 = CARTESIAN_POINT ( 'NONE',  ( 1.242640687119288767, -3.000000000000019540, -9.437500000000001776 ) ) ;
#118 = AXIS2_PLACEMENT_3D ( 'NONE', #1916, #3620, #4481 ) ;
#119 = CARTESIAN_POINT ( 'NONE',  ( -2.350480947161680767, 0.9736010864139172938, 6.812500000000001776 ) ) ;
#120 = CARTESIAN_POINT ( 'NONE',  ( -1.242640687119289655, -3.000000000000019096, 2.562500000000000444 ) ) ;
#121 = EDGE_CURVE ( 'NONE', #4075, #1512, #4634, .T. ) ;
#122 = CARTESIAN_POINT ( 'NONE',  ( 1.662041016787803249, -1.662041016787812797, 6.125000000000000000 ) ) ;
#123 = LINE ( 'NONE', #1836, #1841 ) ;
#124 = CARTESIAN_POINT ( 'NONE',  ( 2.159593620790638546, -2.159593620790647872, -1.281250000000001110 ) ) ;
#125 = CARTESIAN_POINT ( 'NONE',  ( 2.350480947161680323, 0.9736010864139177379, -10.68749999999999822 ) ) ;
#126 = CARTESIAN_POINT ( 'NONE',  ( -2.350480947161680323, -8.968978788130623169E-15, -4.250000000000000000 ) ) ;
#127 = CARTESIAN_POINT ( 'NONE',  ( -0.9736010864139266197, -2.350480947161689649, -0.9374999999999993339 ) ) ;
#128 = ORIENTED_EDGE ( 'NONE', *, *, #1145, .T. ) ;
#129 = CARTESIAN_POINT ( 'NONE',  ( -3.673940397442070715E-16, -3.000000000000017764, -4.499999999999998224 ) ) ;
#130 = VECTOR ( 'NONE', #5348, 1000.000000000000000 ) ;
#131 = CARTESIAN_POINT ( 'NONE',  ( 0.9736010864139278409, 2.350480947161670997, -9.437500000000000000 ) ) ;
#132 = VECTOR ( 'NONE', #2953, 1000.000000000000000 ) ;
#133 = CARTESIAN_POINT ( 'NONE',  ( 1.662041016787803693, 1.662041016787793923, 3.500000000000001332 ) ) ;
#134 = CARTESIAN_POINT ( 'NONE',  ( -1.242640687119289655, -3.000000000000018652, -5.562499999999998224 ) ) ;
#135 = CARTESIAN_POINT ( 'NONE',  ( 2.350480947161679435, 0.9736010864139177379, -11.56250000000000000 ) ) ;
#136 = CARTESIAN_POINT ( 'NONE',  ( 4.700000000000000178, -2.008131516378744148E-15, 7.000000000000002665 ) ) ;
#137 = ORIENTED_EDGE ( 'NONE', *, *, #2281, .F. ) ;
#138 = CARTESIAN_POINT ( 'NONE',  ( -3.740226349862381049E-16, -3.054126587736548437, -1.468749999999997780 ) ) ;
#139 = VERTEX_POINT ( 'NONE', #5395 ) ;
#140 = CARTESIAN_POINT ( 'NONE',  ( -2.431232136794178711, -0.8483785219435511227, 5.676900031364888299 ) ) ;
#141 = CARTESIAN_POINT ( 'NONE',  ( 0.8377366779967838628, 2.640427725253296387, 6.212614987226231733 ) ) ;
#142 = CARTESIAN_POINT ( 'NONE',  ( -1.265060653844737537, -3.054126587736549325, -12.53124999999999822 ) ) ;
#143 = CARTESIAN_POINT ( 'NONE',  ( -2.878508968398391083E-16, -2.350480947161689649, -2.874999999999999112 ) ) ;
#144 = DIRECTION ( 'NONE',  ( -1.000000000000000000, 0.000000000000000000, 0.000000000000000000 ) ) ;
#145 = CARTESIAN_POINT ( 'NONE',  ( -1.662041016787803471, -1.662041016787812353, 6.875000000000000888 ) ) ;
#146 = CARTESIAN_POINT ( 'NONE',  ( 2.121320343559648602, -2.121320343559657928, -8.374999999999998224 ) ) ;
#147 = CARTESIAN_POINT ( 'NONE',  ( 3.050799999999992185, -9.480913494362109549E-15, 7.000000000000002665 ) ) ;
#148 =( BOUNDED_CURVE ( )  B_SPLINE_CURVE ( 2, ( #4079, #1170, #4812, #5429, #2876, #4132, #5267, #3532, #1434 ),
 .UNSPECIFIED., .F., .F. ) 
 B_SPLINE_CURVE_WITH_KNOTS ( ( 3, 2, 2, 2, 3 ),
 ( 0.2261904761904762196, 0.2321428571428571785, 0.2380952380952381375, 0.2440476190476190965, 0.2500000000000000555 ),
 .UNSPECIFIED. ) 
 CURVE ( )  GEOMETRIC_REPRESENTATION_ITEM ( )  RATIONAL_B_SPLINE_CURVE ( ( 0.9999999999999996669, 0.9238795325112870716, 1.000000000000000000, 0.9238795325112867385, 1.000000000000000000, 0.9238795325112867385, 1.000000000000000000, 0.9238795325112860723, 1.000000000000000666 ) ) 
 REPRESENTATION_ITEM ( '' )  );
#149 = CARTESIAN_POINT ( 'NONE',  ( 1.662041016787803249, -1.662041016787812797, 7.125000000000000888 ) ) ;
#150 = CARTESIAN_POINT ( 'NONE',  ( -1.242640687119289655, -3.000000000000018652, 3.437500000000001332 ) ) ;
#151 = CARTESIAN_POINT ( 'NONE',  ( 1.265060653844736649, -3.054126587736549769, -2.343750000000001776 ) ) ;
#152 = PRODUCT_RELATED_PRODUCT_CATEGORY ( 'detail', '', ( #4299 ) ) ;
#153 = CARTESIAN_POINT ( 'NONE',  ( -0.9736010864139266197, -2.350480947161689649, -10.06250000000000000 ) ) ;
#154 = CARTESIAN_POINT ( 'NONE',  ( -1.662041016787803249, 1.662041016787794367, -2.375000000000000444 ) ) ;
#155 = CARTESIAN_POINT ( 'NONE',  ( -2.350480947161680323, 0.9736010864139172938, 0.8125000000000006661 ) ) ;
#156 = ORIENTED_EDGE ( 'NONE', *, *, #1436, .T. ) ;
#157 = CARTESIAN_POINT ( 'NONE',  ( -3.000000000000000444, -1.242640687119306975, -8.562499999999996447 ) ) ;
#158 = CARTESIAN_POINT ( 'NONE',  ( -1.662041016787803471, -1.662041016787812353, -11.00000000000000000 ) ) ;
#159 = CARTESIAN_POINT ( 'NONE',  ( -1.662041016787803249, 1.662041016787794367, 2.750000000000000888 ) ) ;
#160 = CARTESIAN_POINT ( 'NONE',  ( -1.662041016787803249, 1.662041016787794367, -10.37499999999999822 ) ) ;
#161 = CARTESIAN_POINT ( 'NONE',  ( -2.878508968398391083E-16, -2.350480947161689649, -10.87500000000000000 ) ) ;
#162 = CARTESIAN_POINT ( 'NONE',  ( -2.121320343559649046, -2.121320343559657928, -2.624999999999998224 ) ) ;
#163 = ORIENTED_EDGE ( 'NONE', *, *, #5533, .F. ) ;
#164 = CARTESIAN_POINT ( 'NONE',  ( -1.265060653844737315, 3.054126587736530674, -0.9062499999999973355 ) ) ;
#165 = ORIENTED_EDGE ( 'NONE', *, *, #415, .T. ) ;
#166 = CARTESIAN_POINT ( 'NONE',  ( 0.9736010864139259535, -2.350480947161690537, -12.93749999999999822 ) ) ;
#167 = CARTESIAN_POINT ( 'NONE',  ( -3.054126587736539555, -8.925892919057422291E-15, -10.71874999999999822 ) ) ;
#168 = CARTESIAN_POINT ( 'NONE',  ( 2.350480947161680323, -9.544680581810301090E-15, -4.624999999999999112 ) ) ;
#169 = DIRECTION ( 'NONE',  ( 0.8660254037844387076, -0.4999999999999999445, 0.000000000000000000 ) ) ;
#170 = CARTESIAN_POINT ( 'NONE',  ( -0.9736010864139263976, 2.350480947161671441, 5.562500000000000000 ) ) ;
#171 = CARTESIAN_POINT ( 'NONE',  ( -5.000000000000000000, -2.818925648462311528E-15, 7.300000000000000711 ) ) ;
#172 = EDGE_CURVE ( 'NONE', #3611, #4680, #406, .T. ) ;
#173 = CARTESIAN_POINT ( 'NONE',  ( -3.000000000000027089, 1.242640687119262788, -8.812500000000000000 ) ) ;
#174 = ORIENTED_EDGE ( 'NONE', *, *, #3823, .T. ) ;
#175 = CARTESIAN_POINT ( 'NONE',  ( 1.581080044548308638, 1.787153794683536523, -12.62821136641660225 ) ) ;
#176 = CARTESIAN_POINT ( 'NONE',  ( 0.9736010864139259535, -2.350480947161690537, 4.062500000000001776 ) ) ;
#177 = CARTESIAN_POINT ( 'NONE',  ( 2.121320343559649046, 2.121320343559639277, -11.12500000000000000 ) ) ;
#178 = CARTESIAN_POINT ( 'NONE',  ( 0.000000000000000000, 3.054126587736530674, -2.906250000000002665 ) ) ;
#179 =( BOUNDED_CURVE ( )  B_SPLINE_CURVE ( 2, ( #5510, #3488, #4245, #39, #409, #435, #1360, #1252, #1782 ),
 .UNSPECIFIED., .F., .F. ) 
 B_SPLINE_CURVE_WITH_KNOTS ( ( 3, 2, 2, 2, 3 ),
 ( 0.4166666666666666297, 0.4226190476190476719, 0.4285714285714286031, 0.4345238095238095899, 0.4404761904761905211 ),
 .UNSPECIFIED. ) 
 CURVE ( )  GEOMETRIC_REPRESENTATION_ITEM ( )  RATIONAL_B_SPLINE_CURVE ( ( 1.000000000000000000, 0.9238795325112866275, 1.000000000000000000, 0.9238795325112866275, 1.000000000000000000, 0.9238795325112866275, 1.000000000000000000, 0.9238795325112859613, 1.000000000000000666 ) ) 
 REPRESENTATION_ITEM ( '' )  );
#180 = CARTESIAN_POINT ( 'NONE',  ( -2.878508968398391083E-16, -2.350480947161689649, -4.999999999999999112 ) ) ;
#181 = CARTESIAN_POINT ( 'NONE',  ( -1.662041016787803471, -1.662041016787812353, -5.124999999999999112 ) ) ;
#182 = CARTESIAN_POINT ( 'NONE',  ( -2.878508968398391083E-16, -2.350480947161689649, 1.125000000000000888 ) ) ;
#183 = CARTESIAN_POINT ( 'NONE',  ( -2.878508968398391083E-16, -2.350480947161689649, 1.125000000000000888 ) ) ;
#184 = VERTEX_POINT ( 'NONE', #798 ) ;
#185 = CARTESIAN_POINT ( 'NONE',  ( 1.677299265804109929, -2.443731080096148034, 6.745569833478050725 ) ) ;
#186 = EDGE_CURVE ( 'NONE', #2240, #2470, #179, .T. ) ;
#187 = CARTESIAN_POINT ( 'NONE',  ( -2.350480947161680767, -0.9736010864139355014, -7.062499999999999112 ) ) ;
#188 = CARTESIAN_POINT ( 'NONE',  ( 1.662041016787803249, -1.662041016787812797, 2.250000000000000444 ) ) ;
#189 = DIRECTION ( 'NONE',  ( -0.000000000000000000, -0.000000000000000000, -1.000000000000000000 ) ) ;
#190 = CARTESIAN_POINT ( 'NONE',  ( 1.662041016787803249, -1.662041016787812797, -10.75000000000000000 ) ) ;
#191 = CARTESIAN_POINT ( 'NONE',  ( 2.000000000000000888, -2.818925648462311528E-15, -13.00000000000000178 ) ) ;
#192 = VERTEX_POINT ( 'NONE', #2955 ) ;
#193 = CARTESIAN_POINT ( 'NONE',  ( -2.159593620790638102, 2.159593620790629220, 1.156250000000002665 ) ) ;
#194 = EDGE_LOOP ( 'NONE', ( #5098, #4754, #3778, #3211 ) ) ;
#195 = CARTESIAN_POINT ( 'NONE',  ( -0.3839246363709886145, 2.460717036711941752, 5.446136337045056841 ) ) ;
#196 = CARTESIAN_POINT ( 'NONE',  ( 2.159593620790638102, -2.159593620790647428, -10.34374999999999645 ) ) ;
#197 = CARTESIAN_POINT ( 'NONE',  ( 0.9736010864139258425, -2.350480947161690537, -1.812500000000000000 ) ) ;
#198 = FACE_OUTER_BOUND ( 'NONE', #2425, .T. ) ;
#199 = CARTESIAN_POINT ( 'NONE',  ( -1.662041016787803249, 1.662041016787794367, 6.625000000000000888 ) ) ;
#200 = MECHANICAL_CONTEXT ( 'NONE', #1506, 'mechanical' ) ;
#201 = CARTESIAN_POINT ( 'NONE',  ( -1.242640687119289211, 3.000000000000000000, 5.062499999999998224 ) ) ;
#202 = ORIENTED_EDGE ( 'NONE', *, *, #4904, .T. ) ;
#203 = CARTESIAN_POINT ( 'NONE',  ( 2.891501044061920656, 0.6814061698448714566, 6.766510571419945386 ) ) ;
#204 = CARTESIAN_POINT ( 'NONE',  ( -3.054126587736539555, -1.265060653844746641, -10.59375000000000178 ) ) ;
#205 = LINE ( 'NONE', #514, #3268 ) ;
#206 = ORIENTED_EDGE ( 'NONE', *, *, #5220, .T. ) ;
#207 = CARTESIAN_POINT ( 'NONE',  ( 2.159593620790638546, -2.159593620790647872, 1.718749999999998002 ) ) ;
#208 = CARTESIAN_POINT ( 'NONE',  ( 2.350480947161680323, 0.9736010864139177379, -7.687500000000000000 ) ) ;
#209 = CARTESIAN_POINT ( 'NONE',  ( -0.9736010864139263976, 2.350480947161671441, -3.437499999999999556 ) ) ;
#210 = CARTESIAN_POINT ( 'NONE',  ( -2.350480947161680323, -8.968978788130623169E-15, -2.125000000000000000 ) ) ;
#211 = CARTESIAN_POINT ( 'NONE',  ( 0.9736010864139258425, -2.350480947161690537, 3.187500000000001332 ) ) ;
#212 = VECTOR ( 'NONE', #4762, 1000.000000000000000 ) ;
#213 = CARTESIAN_POINT ( 'NONE',  ( 0.9736010864139278409, 2.350480947161670997, -3.562500000000000000 ) ) ;
#214 = ORIENTED_EDGE ( 'NONE', *, *, #2347, .F. ) ;
#215 = CARTESIAN_POINT ( 'NONE',  ( 0.9736010864139259535, -2.350480947161690537, -12.81249999999999822 ) ) ;
#216 = CARTESIAN_POINT ( 'NONE',  ( 1.662041016787803249, -1.662041016787812797, -10.75000000000000000 ) ) ;
#217 = CARTESIAN_POINT ( 'NONE',  ( 2.350480947161679435, 0.9736010864139177379, -10.68749999999999822 ) ) ;
#218 = CARTESIAN_POINT ( 'NONE',  ( 0.9736010864139258425, -2.350480947161690537, -11.81250000000000000 ) ) ;
#219 = EDGE_CURVE ( 'NONE', #4891, #82, #1541, .T. ) ;
#220 = VECTOR ( 'NONE', #3527, 1000.000000000000000 ) ;
#221 = CARTESIAN_POINT ( 'NONE',  ( -3.000000000000008438, -1.242640687119298093, -2.687499999999999556 ) ) ;
#222 = CARTESIAN_POINT ( 'NONE',  ( 0.000000000000000000, 3.054126587736530229, 2.031250000000001776 ) ) ;
#223 = EDGE_LOOP ( 'NONE', ( #4449, #1524, #2713, #2604 ) ) ;
#224 = CARTESIAN_POINT ( 'NONE',  ( -2.350480947161680767, 0.9736010864139172938, -13.31250000000000000 ) ) ;
#225 = AXIS2_PLACEMENT_3D ( 'NONE', #3007, #908, #3381 ) ;
#226 = CARTESIAN_POINT ( 'NONE',  ( -0.9736010864139263976, 2.350480947161671441, -5.312499999999999112 ) ) ;
#227 = CARTESIAN_POINT ( 'NONE',  ( 2.121320343559649935, 2.121320343559639721, -8.809142651444723526E-17 ) ) ;
#228 = CARTESIAN_POINT ( 'NONE',  ( -1.662041016787803249, 1.662041016787794367, 5.625000000000000000 ) ) ;
#229 = CARTESIAN_POINT ( 'NONE',  ( 0.000000000000000000, 2.999999999999999556, -11.99999999999999645 ) ) ;
#230 = EDGE_LOOP ( 'NONE', ( #1561, #1491, #174, #1445, #1267 ) ) ;
#231 = AXIS2_PLACEMENT_3D ( 'NONE', #4082, #2742, #4807 ) ;
#232 = CARTESIAN_POINT ( 'NONE',  ( -3.000000000000009326, -8.929207216678438350E-15, -11.75000000000000000 ) ) ;
#233 = CARTESIAN_POINT ( 'NONE',  ( -1.265060653844737537, 3.054126587736531118, -12.84375000000000178 ) ) ;
#234 = CARTESIAN_POINT ( 'NONE',  ( 2.357927493580457501, -0.7465167405143483537, 5.393315242835163836 ) ) ;
#235 = CARTESIAN_POINT ( 'NONE',  ( 3.054126587736538667, -1.265060653844748195, 0.7812499999999990008 ) ) ;
#236 = CARTESIAN_POINT ( 'NONE',  ( -0.9736010864139263976, 2.350480947161671441, -5.437499999999999112 ) ) ;
#237 = CARTESIAN_POINT ( 'NONE',  ( 1.662041016787803249, -1.662041016787812797, 0.1250000000000001110 ) ) ;
#238 = CARTESIAN_POINT ( 'NONE',  ( 2.350480947161680323, -9.544680581810301090E-15, 0.3750000000000003331 ) ) ;
#239 = CARTESIAN_POINT ( 'NONE',  ( -0.9736010864139266197, -2.350480947161689649, 4.062500000000001776 ) ) ;
#240 = CARTESIAN_POINT ( 'NONE',  ( 2.350480947161680323, -9.544680581810301090E-15, -2.749999999999999112 ) ) ;
#241 = ORIENTED_EDGE ( 'NONE', *, *, #256, .T. ) ;
#242 = CARTESIAN_POINT ( 'NONE',  ( 0.9736010864139278409, 2.350480947161670997, -12.43750000000000000 ) ) ;
#243 = EDGE_CURVE ( 'NONE', #4835, #2271, #312, .T. ) ;
#244 = CARTESIAN_POINT ( 'NONE',  ( 2.350480947161680323, -0.9736010864139368337, -3.687499999999999556 ) ) ;
#245 = CARTESIAN_POINT ( 'NONE',  ( -0.2043551460632020700, -2.768766847358250960, 12.75740168489076254 ) ) ;
#246 = CARTESIAN_POINT ( 'NONE',  ( 0.9736010864139279519, 2.350480947161670997, -12.56250000000000000 ) ) ;
#247 = CARTESIAN_POINT ( 'NONE',  ( -1.242640687119289655, -3.000000000000019096, 4.562499999999998224 ) ) ;
#248 = FACE_OUTER_BOUND ( 'NONE', #5239, .T. ) ;
#249 = CARTESIAN_POINT ( 'NONE',  ( 3.054126587736538667, 1.265060653844728877, -1.156249999999997558 ) ) ;
#250 = ORIENTED_EDGE ( 'NONE', *, *, #3221, .T. ) ;
#251 = CARTESIAN_POINT ( 'NONE',  ( -0.7006930972958598236, 2.396420367623494752, 5.463402009128473402 ) ) ;
#252 = ADVANCED_FACE ( 'NONE', ( #2541 ), #2126, .T. ) ;
#253 = CARTESIAN_POINT ( 'NONE',  ( -1.662041016787803471, -1.662041016787812353, -4.999999999999999112 ) ) ;
#254 = CARTESIAN_POINT ( 'NONE',  ( 2.499999999999997780, -1.443375672974062329, 10.00000000000000178 ) ) ;
#255 = CARTESIAN_POINT ( 'NONE',  ( -2.350480947161680767, 0.9736010864139172938, 3.687500000000002220 ) ) ;
#256 = EDGE_CURVE ( 'NONE', #3642, #1889, #882, .T. ) ;
#257 = CARTESIAN_POINT ( 'NONE',  ( 2.121320343559649046, 2.121320343559639277, 0.8750000000000007772 ) ) ;
#258 = VERTEX_POINT ( 'NONE', #3407 ) ;
#259 = DIRECTION ( 'NONE',  ( -1.000000000000000000, 0.000000000000000000, 0.000000000000000000 ) ) ;
#260 = CARTESIAN_POINT ( 'NONE',  ( -1.265060653844737537, 3.054126587736531118, -9.843750000000000000 ) ) ;
#261 = CARTESIAN_POINT ( 'NONE',  ( -3.000000000000003109, -2.818925648462311528E-15, -13.00000000000000178 ) ) ;
#262 = CARTESIAN_POINT ( 'NONE',  ( -3.740226349862381542E-16, -3.054126587736548881, 2.593749999999998668 ) ) ;
#263 = CARTESIAN_POINT ( 'NONE',  ( -0.9736010864139263976, 2.350480947161671441, -7.437500000000000000 ) ) ;
#264 = CARTESIAN_POINT ( 'NONE',  ( -2.878508968398391083E-16, -2.350480947161689649, -0.9999999999999991118 ) ) ;
#265 = CARTESIAN_POINT ( 'NONE',  ( 1.662041016787803693, 1.662041016787793923, -0.4999999999999987232 ) ) ;
#266 = CARTESIAN_POINT ( 'NONE',  ( -2.350480947161680323, 0.9736010864139172938, 3.812500000000002220 ) ) ;
#267 = CARTESIAN_POINT ( 'NONE',  ( 2.350480947161680323, -0.9736010864139368337, -3.812500000000000000 ) ) ;
#268 = DIRECTION ( 'NONE',  ( -0.000000000000000000, -0.000000000000000000, -1.000000000000000000 ) ) ;
#269 = CARTESIAN_POINT ( 'NONE',  ( 2.817900134290534986, -1.010965101075506301, 6.827351299497077974 ) ) ;
#270 = CARTESIAN_POINT ( 'NONE',  ( -1.662041016787803249, 1.662041016787794367, -5.249999999999999112 ) ) ;
#271 = CARTESIAN_POINT ( 'NONE',  ( -3.000000000000009770, -8.929207216678438350E-15, -2.625000000000000888 ) ) ;
#272 = CARTESIAN_POINT ( 'NONE',  ( 1.242640687119288767, -3.000000000000019540, -6.312500000000000000 ) ) ;
#273 = CARTESIAN_POINT ( 'NONE',  ( -2.350480947161680323, 0.9736010864139172938, -7.187499999999999112 ) ) ;
#274 = CARTESIAN_POINT ( 'NONE',  ( -3.054126587736539111, -1.265060653844746197, 3.343750000000002665 ) ) ;
#275 = VERTEX_POINT ( 'NONE', #3059 ) ;
#276 = DIRECTION ( 'NONE',  ( -1.000000000000000000, 0.000000000000000000, 0.000000000000000000 ) ) ;
#277 = CARTESIAN_POINT ( 'NONE',  ( 1.662041016787803249, -1.662041016787812797, -5.750000000000000000 ) ) ;
#278 = CARTESIAN_POINT ( 'NONE',  ( -7.168795412839997168E-17, -2.886751345948125991, 12.82552006691257240 ) ) ;
#279 = CARTESIAN_POINT ( 'NONE',  ( 0.9736010864139278409, 2.350480947161670997, 7.437500000000001776 ) ) ;
#280 = CARTESIAN_POINT ( 'NONE',  ( 0.3566005090468450378, 2.940084479891901914, -12.04369769907467358 ) ) ;
#281 = ORIENTED_EDGE ( 'NONE', *, *, #3806, .T. ) ;
#282 = CARTESIAN_POINT ( 'NONE',  ( 1.265060653844736427, -3.054126587736549769, -7.406249999999999112 ) ) ;
#283 = CARTESIAN_POINT ( 'NONE',  ( -3.740226349862381542E-16, -3.054126587736548881, -13.40625000000000178 ) ) ;
#284 = CARTESIAN_POINT ( 'NONE',  ( -3.000000000000009770, -8.929207216678438350E-15, 0.3750000000000002220 ) ) ;
#285 = CARTESIAN_POINT ( 'NONE',  ( 0.000000000000000000, -2.818925648462311528E-15, -13.00000000000000178 ) ) ;
#286 = CARTESIAN_POINT ( 'NONE',  ( 1.265060653844736649, -3.054126587736549769, 1.656249999999998002 ) ) ;
#287 = CARTESIAN_POINT ( 'NONE',  ( 2.350480947161680323, 0.9736010864139177379, -2.687499999999999112 ) ) ;
#288 = CARTESIAN_POINT ( 'NONE',  ( -2.878508968398391083E-16, -2.350480947161689649, 0.000000000000000000 ) ) ;
#289 = CARTESIAN_POINT ( 'NONE',  ( 1.662041016787803249, -1.662041016787812797, -1.749999999999999778 ) ) ;
#290 = EDGE_CURVE ( 'NONE', #4732, #5525, #2175, .T. ) ;
#291 = CARTESIAN_POINT ( 'NONE',  ( 1.662041016787803249, -1.662041016787812797, 2.250000000000000444 ) ) ;
#292 = CARTESIAN_POINT ( 'NONE',  ( 2.350480947161680323, 0.9736010864139177379, -2.687499999999999112 ) ) ;
#293 =( BOUNDED_CURVE ( )  B_SPLINE_CURVE ( 2, ( #931, #3981, #1440, #2305, #5299, #2639, #3084, #1357, #1041 ),
 .UNSPECIFIED., .F., .F. ) 
 B_SPLINE_CURVE_WITH_KNOTS ( ( 3, 2, 2, 2, 3 ),
 ( 0.2976190476190476164, 0.3035714285714285476, 0.3095238095238095344, 0.3154761904761904101, 0.3214285714285713969 ),
 .UNSPECIFIED. ) 
 CURVE ( )  GEOMETRIC_REPRESENTATION_ITEM ( )  RATIONAL_B_SPLINE_CURVE ( ( 1.000000000000000000, 0.9238795325112867385, 1.000000000000000000, 0.9238795325112867385, 1.000000000000000000, 0.9238795325112867385, 1.000000000000000000, 0.9238795325112874046, 0.9999999999999993339 ) ) 
 REPRESENTATION_ITEM ( '' )  );
#294 = CARTESIAN_POINT ( 'NONE',  ( 2.112499161923520496, -2.091711380104693596, 6.769901710433099851 ) ) ;
#295 = CARTESIAN_POINT ( 'NONE',  ( 1.662041016787803249, -1.662041016787812797, 3.250000000000001332 ) ) ;
#296 = AXIS2_PLACEMENT_3D ( 'NONE', #550, #581, #3552 ) ;
#297 = CARTESIAN_POINT ( 'NONE',  ( 0.9736010864139278409, 2.350480947161670997, -5.437499999999999112 ) ) ;
#298 = DIRECTION ( 'NONE',  ( -0.000000000000000000, -0.000000000000000000, -1.000000000000000000 ) ) ;
#299 = CARTESIAN_POINT ( 'NONE',  ( -1.662041016787803249, 1.662041016787794367, -6.375000000000000000 ) ) ;
#300 = CARTESIAN_POINT ( 'NONE',  ( -2.350480947161680323, -8.968978788130623169E-15, -9.125000000000000000 ) ) ;
#301 = CARTESIAN_POINT ( 'NONE',  ( 2.159593620790638102, -2.159593620790647428, 5.656250000000001776 ) ) ;
#302 = ORIENTED_EDGE ( 'NONE', *, *, #4671, .T. ) ;
#303 = CARTESIAN_POINT ( 'NONE',  ( 2.350480947161680323, -9.544680581810301090E-15, -10.75000000000000000 ) ) ;
#304 = CIRCLE ( 'NONE', #1026, 3.188959454956771911 ) ;
#305 = CARTESIAN_POINT ( 'NONE',  ( -1.662041016787803249, 1.662041016787794367, -5.249999999999999112 ) ) ;
#306 = CARTESIAN_POINT ( 'NONE',  ( 1.672489378058569898, -1.921139153309221026, 12.62338383629734473 ) ) ;
#307 = PLANE ( 'NONE',  #5333 ) ;
#308 = CARTESIAN_POINT ( 'NONE',  ( -1.242640687119289655, -3.000000000000018652, 1.437500000000001332 ) ) ;
#309 = ORIENTED_EDGE ( 'NONE', *, *, #3443, .T. ) ;
#310 = CARTESIAN_POINT ( 'NONE',  ( -3.054126587736539111, 1.265060653844728433, -5.781249999999996447 ) ) ;
#311 = CARTESIAN_POINT ( 'NONE',  ( 3.000000000000009326, -9.663995296166853972E-15, 1.750000000000001554 ) ) ;
#312 = CIRCLE ( 'NONE', #3359, 3.050799999999992185 ) ;
#313 = CARTESIAN_POINT ( 'NONE',  ( 2.159593620790638990, 2.159593620790628776, -12.03125000000000178 ) ) ;
#314 = CYLINDRICAL_SURFACE ( 'NONE', #2200, 3.000000000000003109 ) ;
#315 = CARTESIAN_POINT ( 'NONE',  ( 2.121320343559649935, 2.121320343559639721, -4.000000000000000000 ) ) ;
#316 = CARTESIAN_POINT ( 'NONE',  ( -3.740226349862381542E-16, -3.054126587736548881, -0.4062500000000021094 ) ) ;
#317 = CARTESIAN_POINT ( 'NONE',  ( 1.662041016787803693, 1.662041016787793923, -1.624999999999999778 ) ) ;
#318 = CARTESIAN_POINT ( 'NONE',  ( -2.350480947161680323, -8.968978788130623169E-15, 0.7500000000000006661 ) ) ;
#319 = CIRCLE ( 'NONE', #679, 4.700000000000000178 ) ;
#320 = CARTESIAN_POINT ( 'NONE',  ( -2.350480947161680323, -8.968978788130623169E-15, 4.874999999999999112 ) ) ;
#321 = CARTESIAN_POINT ( 'NONE',  ( 1.915945731610168012, -1.415307158322919756, 5.135463688492087009 ) ) ;
#322 = CARTESIAN_POINT ( 'NONE',  ( 1.662041016787803693, 1.662041016787793923, -3.624999999999999556 ) ) ;
#323 = CARTESIAN_POINT ( 'NONE',  ( -3.000000000000003109, -2.818925648462311528E-15, -13.00000000000000178 ) ) ;
#324 = CARTESIAN_POINT ( 'NONE',  ( 2.350480947161680323, -0.9736010864139368337, -8.687500000000000000 ) ) ;
#325 = CC_DESIGN_PERSON_AND_ORGANIZATION_ASSIGNMENT ( #1286, #522, ( #4292 ) ) ;
#326 = ADVANCED_FACE ( 'NONE', ( #1278 ), #4767, .T. ) ;
#327 = CARTESIAN_POINT ( 'NONE',  ( 0.9736010864139259535, -2.350480947161690537, 7.187500000000000888 ) ) ;
#328 = CARTESIAN_POINT ( 'NONE',  ( -2.350480947161680323, -8.968978788130623169E-15, -4.125000000000000000 ) ) ;
#329 = CARTESIAN_POINT ( 'NONE',  ( -3.000000000000009326, -8.929207216678438350E-15, 3.250000000000001332 ) ) ;
#330 = CARTESIAN_POINT ( 'NONE',  ( -1.662041016787803249, 1.662041016787794367, -8.375000000000000000 ) ) ;
#331 = CARTESIAN_POINT ( 'NONE',  ( 0.9736010864139258425, -2.350480947161690537, -7.812500000000000000 ) ) ;
#332 = CARTESIAN_POINT ( 'NONE',  ( -1.265060653844737537, -3.054126587736549325, 5.468750000000000888 ) ) ;
#333 = ORIENTED_EDGE ( 'NONE', *, *, #3411, .F. ) ;
#334 = CARTESIAN_POINT ( 'NONE',  ( 2.350480947161680323, -9.544680581810301090E-15, -9.750000000000000000 ) ) ;
#335 = CARTESIAN_POINT ( 'NONE',  ( 0.000000000000000000, 2.350480947161671441, -4.374999999999999112 ) ) ;
#336 = CARTESIAN_POINT ( 'NONE',  ( 3.000000000000009770, -9.663995296166853972E-15, -2.125000000000000000 ) ) ;
#337 = CARTESIAN_POINT ( 'NONE',  ( 3.000000000000009326, 1.242640687119280996, -1.062499999999999112 ) ) ;
#338 = CARTESIAN_POINT ( 'NONE',  ( -3.000000000000009770, -1.242640687119298315, -4.562500000000001776 ) ) ;
#339 = ORIENTED_EDGE ( 'NONE', *, *, #4565, .F. ) ;
#340 = CARTESIAN_POINT ( 'NONE',  ( 1.265060653844739091, 3.054126587736529341, -8.031249999999996447 ) ) ;
#341 = ORIENTED_EDGE ( 'NONE', *, *, #940, .T. ) ;
#342 = CARTESIAN_POINT ( 'NONE',  ( 0.000000000000000000, 3.054126587736530674, -8.906250000000001776 ) ) ;
#343 = CARTESIAN_POINT ( 'NONE',  ( -2.121320343559649491, 2.121320343559640165, -11.75000000000000000 ) ) ;
#344 = CARTESIAN_POINT ( 'NONE',  ( 3.000000000000017319, 1.242640687119271670, -4.062500000000000000 ) ) ;
#345 = CARTESIAN_POINT ( 'NONE',  ( 1.265060653844736649, -3.054126587736549769, 6.656249999999999112 ) ) ;
#346 = CARTESIAN_POINT ( 'NONE',  ( 0.9736010864139278409, 2.350480947161670997, -1.562499999999999556 ) ) ;
#347 = CARTESIAN_POINT ( 'NONE',  ( -0.9736010864139266197, -2.350480947161689649, 0.9375000000000008882 ) ) ;
#348 = CARTESIAN_POINT ( 'NONE',  ( 1.662041016787803249, -1.662041016787812797, 3.250000000000001332 ) ) ;
#349 = DIRECTION ( 'NONE',  ( -1.000000000000000000, 0.000000000000000000, 0.000000000000000000 ) ) ;
#350 = CARTESIAN_POINT ( 'NONE',  ( 0.000000000000000000, 2.350480947161671441, 1.499999999999999556 ) ) ;
#351 = DIRECTION ( 'NONE',  ( -1.000000000000000000, 0.000000000000000000, 0.000000000000000000 ) ) ;
#352 = CARTESIAN_POINT ( 'NONE',  ( -2.350480947161680767, 0.9736010864139172938, -10.18749999999999822 ) ) ;
#353 = CARTESIAN_POINT ( 'NONE',  ( 0.000000000000000000, 2.350480947161671441, 7.625000000000001776 ) ) ;
#354 = CARTESIAN_POINT ( 'NONE',  ( -1.662041016787803249, 1.662041016787794367, -4.250000000000000000 ) ) ;
#355 = CARTESIAN_POINT ( 'NONE',  ( 2.121320343559649491, -2.121320343559658372, 3.750000000000001776 ) ) ;
#356 = ADVANCED_FACE ( 'NONE', ( #5138 ), #1679, .T. ) ;
#357 = CARTESIAN_POINT ( 'NONE',  ( -0.9736010864139266197, -2.350480947161689649, -8.062500000000000000 ) ) ;
#358 = CARTESIAN_POINT ( 'NONE',  ( 2.350480947161680323, -9.544680581810301090E-15, -8.625000000000000000 ) ) ;
#359 =( BOUNDED_CURVE ( )  B_SPLINE_CURVE ( 2, ( #1684, #3385, #5486, #3744, #3357, #5456, #804, #4193, #1622 ),
 .UNSPECIFIED., .F., .F. ) 
 B_SPLINE_CURVE_WITH_KNOTS ( ( 3, 2, 2, 2, 3 ),
 ( 0.7500000000000000000, 0.7559523809523809312, 0.7619047619047618625, 0.7678571428571427937, 0.7738095238095237249 ),
 .UNSPECIFIED. ) 
 CURVE ( )  GEOMETRIC_REPRESENTATION_ITEM ( )  RATIONAL_B_SPLINE_CURVE ( ( 1.000000000000000000, 0.9238795325112867385, 1.000000000000000000, 0.9238795325112867385, 1.000000000000000000, 0.9238795325112867385, 1.000000000000000000, 0.9238795325112881818, 0.9999999999999985567 ) ) 
 REPRESENTATION_ITEM ( '' )  );
#360 = CARTESIAN_POINT ( 'NONE',  ( -2.159593620790638546, -2.159593620790646984, 3.406250000000003109 ) ) ;
#361 = VERTEX_POINT ( 'NONE', #4269 ) ;
#362 = CARTESIAN_POINT ( 'NONE',  ( -2.350480947161680767, -0.9736010864139355014, -10.18750000000000000 ) ) ;
#363 = CARTESIAN_POINT ( 'NONE',  ( -2.350480947161680767, -0.9736010864139355014, -5.062500000000000888 ) ) ;
#364 = CARTESIAN_POINT ( 'NONE',  ( 1.949698452752698152, -2.070899917008313995, -12.16143026157083717 ) ) ;
#365 = ADVANCED_FACE ( 'NONE', ( #1306 ), #3798, .T. ) ;
#366 = DIRECTION ( 'NONE',  ( 1.000000000000000000, 0.000000000000000000, -0.000000000000000000 ) ) ;
#367 = CARTESIAN_POINT ( 'NONE',  ( 2.388881839967528009, 0.8877003899232771555, -12.45764830083749963 ) ) ;
#368 = VERTEX_POINT ( 'NONE', #2592 ) ;
#369 = CARTESIAN_POINT ( 'NONE',  ( 2.159593620790638546, 2.159593620790628776, -6.093749999999997335 ) ) ;
#370 = ORIENTED_EDGE ( 'NONE', *, *, #4496, .T. ) ;
#371 = DIRECTION ( 'NONE',  ( -0.000000000000000000, -0.000000000000000000, -1.000000000000000000 ) ) ;
#372 = CARTESIAN_POINT ( 'NONE',  ( -0.7644238052189301635, 2.516930045588918308, 5.829999534675586403 ) ) ;
#373 = CARTESIAN_POINT ( 'NONE',  ( 2.121320343559648602, -2.121320343559657928, 2.625000000000000444 ) ) ;
#374 = CARTESIAN_POINT ( 'NONE',  ( -1.265060653844737537, 3.054126587736531118, 6.156249999999998224 ) ) ;
#375 = CARTESIAN_POINT ( 'NONE',  ( 0.9736010864139259535, -2.350480947161690537, -0.9374999999999992228 ) ) ;
#376 = CARTESIAN_POINT ( 'NONE',  ( -3.673940397442071701E-16, -3.000000000000018652, 5.625000000000000000 ) ) ;
#377 = CARTESIAN_POINT ( 'NONE',  ( 2.350480947161680323, -0.9736010864139368337, 5.312499999999999112 ) ) ;
#378 = LINE ( 'NONE', #2094, #2289 ) ;
#379 = CARTESIAN_POINT ( 'NONE',  ( -2.878508968398391083E-16, -2.350480947161689649, 0.000000000000000000 ) ) ;
#380 = FACE_OUTER_BOUND ( 'NONE', #3191, .T. ) ;
#381 = CARTESIAN_POINT ( 'NONE',  ( 1.662041016787803249, -1.662041016787812797, -9.750000000000000000 ) ) ;
#382 = CARTESIAN_POINT ( 'NONE',  ( -3.054126587736539555, 1.265060653844728655, -5.718750000000001776 ) ) ;
#383 = CARTESIAN_POINT ( 'NONE',  ( -2.350480947161680767, -0.9736010864139355014, -13.18749999999999822 ) ) ;
#384 = CARTESIAN_POINT ( 'NONE',  ( -0.9736010864139266197, -2.350480947161689649, -2.937499999999999112 ) ) ;
#385 = CARTESIAN_POINT ( 'NONE',  ( 3.000000000000009326, -9.663995296166853972E-15, 5.750000000000000000 ) ) ;
#386 = AXIS2_PLACEMENT_3D ( 'NONE', #4829, #3968, #1370 ) ;
#387 = CARTESIAN_POINT ( 'NONE',  ( -0.9736010864139263976, 2.350480947161671441, -6.312499999999999112 ) ) ;
#388 = CARTESIAN_POINT ( 'NONE',  ( 3.054126587736538667, 1.265060653844728877, 3.843750000000003109 ) ) ;
#389 = CARTESIAN_POINT ( 'NONE',  ( 0.9736010864139259535, -2.350480947161690537, -10.93749999999999822 ) ) ;
#390 =( BOUNDED_CURVE ( )  B_SPLINE_CURVE ( 2, ( #2142, #4261, #373, #5077, #1329, #874, #3846, #1748, #3791 ),
 .UNSPECIFIED., .F., .F. ) 
 B_SPLINE_CURVE_WITH_KNOTS ( ( 3, 2, 2, 2, 3 ),
 ( 0.2500000000000000555, 0.2559523809523809867, 0.2619047619047619180, 0.2678571428571429602, 0.2738095238095238915 ),
 .UNSPECIFIED. ) 
 CURVE ( )  GEOMETRIC_REPRESENTATION_ITEM ( )  RATIONAL_B_SPLINE_CURVE ( ( 0.9999999999999993339, 0.9238795325112872936, 1.000000000000000000, 0.9238795325112866275, 1.000000000000000000, 0.9238795325112866275, 1.000000000000000000, 0.9238795325112859613, 1.000000000000000666 ) ) 
 REPRESENTATION_ITEM ( '' )  );
#391 = CARTESIAN_POINT ( 'NONE',  ( 0.9736010864139278409, 2.350480947161670997, -3.437499999999999556 ) ) ;
#392 = CARTESIAN_POINT ( 'NONE',  ( 1.242640687119288767, -3.000000000000019540, -2.312500000000000888 ) ) ;
#393 = CARTESIAN_POINT ( 'NONE',  ( 1.662041016787803693, 1.662041016787793923, 7.375000000000001776 ) ) ;
#394 = CARTESIAN_POINT ( 'NONE',  ( 1.600817997603796394, 2.263534071912866708, -12.23324481126912744 ) ) ;
#395 = ORIENTED_EDGE ( 'NONE', *, *, #1837, .F. ) ;
#396 = CARTESIAN_POINT ( 'NONE',  ( -3.054126587736539555, -8.925892919057422291E-15, -7.718749999999997335 ) ) ;
#397 = ORIENTED_EDGE ( 'NONE', *, *, #4962, .T. ) ;
#398 = CARTESIAN_POINT ( 'NONE',  ( 2.999999999999999556, 1.242640687119289877, 1.812500000000002442 ) ) ;
#399 = CARTESIAN_POINT ( 'NONE',  ( -1.677171671015929455, 2.063787058735021329, 5.909431473919528166 ) ) ;
#400 = DIRECTION ( 'NONE',  ( 1.000000000000000000, 0.000000000000000000, -0.000000000000000000 ) ) ;
#401 = CONICAL_SURFACE ( 'NONE', #576, 3.050799999999992185, 0.3490658503988666728 ) ;
#402 = CARTESIAN_POINT ( 'NONE',  ( -3.054126587736539555, -1.265060653844746641, 3.406249999999999556 ) ) ;
#403 = CARTESIAN_POINT ( 'NONE',  ( -2.350480947161680323, -8.968978788130623169E-15, -4.250000000000000000 ) ) ;
#404 = CARTESIAN_POINT ( 'NONE',  ( 0.000000000000000000, -2.818925648462311528E-15, -13.00000000000000178 ) ) ;
#405 = CARTESIAN_POINT ( 'NONE',  ( 2.350480947161680323, 0.9736010864139177379, 1.437500000000001110 ) ) ;
#406 = CIRCLE ( 'NONE', #1214, 2.000000000000000888 ) ;
#407 = PLANE ( 'NONE',  #5419 ) ;
#408 = CARTESIAN_POINT ( 'NONE',  ( -2.350480947161680767, -0.9736010864139355014, 0.8125000000000007772 ) ) ;
#409 = CARTESIAN_POINT ( 'NONE',  ( 0.000000000000000000, 2.999999999999999556, -0.9999999999999991118 ) ) ;
#410 = CARTESIAN_POINT ( 'NONE',  ( -2.350480947161680767, -0.9736010864139355014, -11.06250000000000000 ) ) ;
#411 = CARTESIAN_POINT ( 'NONE',  ( -3.740226349862381542E-16, -3.054126587736548881, -8.406250000000001776 ) ) ;
#412 = CARTESIAN_POINT ( 'NONE',  ( -2.878508968398391083E-16, -2.350480947161689649, 7.125000000000000888 ) ) ;
#413 = TOROIDAL_SURFACE ( 'NONE', #3275, 4.700000000000000178, 0.2999999999999990452 ) ;
#414 = CARTESIAN_POINT ( 'NONE',  ( 2.499999999999997780, -0.2437650927404375611, 12.60222907321997354 ) ) ;
#415 = EDGE_CURVE ( 'NONE', #4, #3503, #92, .T. ) ;
#416 = CARTESIAN_POINT ( 'NONE',  ( 1.265060653844736427, -3.054126587736549769, 6.593750000000001776 ) ) ;
#417 = CARTESIAN_POINT ( 'NONE',  ( 2.350480947161680323, 0.9736010864139177379, -9.687500000000000000 ) ) ;
#418 = CARTESIAN_POINT ( 'NONE',  ( 0.9736010864139278409, 2.350480947161670997, -2.437499999999998668 ) ) ;
#419 = CARTESIAN_POINT ( 'NONE',  ( -2.488686222291131234, -0.8946333737912657291, -12.36153043646129213 ) ) ;
#420 = CARTESIAN_POINT ( 'NONE',  ( -3.000000000000009770, 1.242640687119280551, -0.6875000000000006661 ) ) ;
#421 = FACE_OUTER_BOUND ( 'NONE', #4412, .T. ) ;
#422 = ORIENTED_EDGE ( 'NONE', *, *, #803, .F. ) ;
#423 = CARTESIAN_POINT ( 'NONE',  ( 3.054126587736539555, -9.673938189029898993E-15, -4.218749999999996447 ) ) ;
#424 = ORIENTED_EDGE ( 'NONE', *, *, #2926, .T. ) ;
#425 = CARTESIAN_POINT ( 'NONE',  ( -3.673940397442071701E-16, -3.000000000000018652, -11.37500000000000000 ) ) ;
#426 = CARTESIAN_POINT ( 'NONE',  ( 0.2043551460632022088, 2.768766847358252292, 12.75740168489076076 ) ) ;
#427 = DIRECTION ( 'NONE',  ( -0.000000000000000000, -0.000000000000000000, -1.000000000000000000 ) ) ;
#428 = CARTESIAN_POINT ( 'NONE',  ( -2.159593620790638546, -2.159593620790647428, 4.468749999999997335 ) ) ;
#429 = EDGE_CURVE ( 'NONE', #3669, #1048, #205, .T. ) ;
#430 = CARTESIAN_POINT ( 'NONE',  ( 2.350480947161680323, -9.544680581810301090E-15, 0.2500000000000002220 ) ) ;
#431 = CARTESIAN_POINT ( 'NONE',  ( -1.662041016787803471, -1.662041016787812353, 4.874999999999999112 ) ) ;
#432 = CARTESIAN_POINT ( 'NONE',  ( 2.121320343559649935, 2.121320343559639721, -8.000000000000000000 ) ) ;
#433 = CARTESIAN_POINT ( 'NONE',  ( 0.000000000000000000, -2.818925648462311528E-15, 13.00000000000000178 ) ) ;
#434 = CARTESIAN_POINT ( 'NONE',  ( 2.350480947161680323, -9.544680581810301090E-15, 0.2500000000000002220 ) ) ;
#435 = CARTESIAN_POINT ( 'NONE',  ( 1.242640687119290765, 2.999999999999999112, -1.062499999999998890 ) ) ;
#436 = CARTESIAN_POINT ( 'NONE',  ( 0.9736010864139278409, 2.350480947161670997, -11.43750000000000000 ) ) ;
#437 = CARTESIAN_POINT ( 'NONE',  ( -2.159593620790638546, -2.159593620790647428, -8.531250000000000000 ) ) ;
#438 = CARTESIAN_POINT ( 'NONE',  ( 1.662041016787803693, 1.662041016787793923, 4.500000000000002665 ) ) ;
#439 = CARTESIAN_POINT ( 'NONE',  ( -2.755035885937266560, 0.7206477207256200002, 6.426106076883895568 ) ) ;
#440 = CARTESIAN_POINT ( 'NONE',  ( 2.350480947161680323, -9.544680581810301090E-15, -11.62500000000000000 ) ) ;
#441 = CARTESIAN_POINT ( 'NONE',  ( 2.350480947161680323, 0.9736010864139177379, -4.687500000000000000 ) ) ;
#442 = CARTESIAN_POINT ( 'NONE',  ( 0.9736010864139278409, 2.350480947161670997, -1.437499999999999778 ) ) ;
#443 = CARTESIAN_POINT ( 'NONE',  ( 3.000000000000009770, -9.663995296166853972E-15, -2.125000000000000000 ) ) ;
#444 = CARTESIAN_POINT ( 'NONE',  ( -1.672489378058569898, 1.921139153309220804, 12.62338383629734473 ) ) ;
#445 = CARTESIAN_POINT ( 'NONE',  ( -2.499999999999997780, -1.443375672974062995, 10.00000000000000178 ) ) ;
#446 = VERTEX_POINT ( 'NONE', #3515 ) ;
#447 = CARTESIAN_POINT ( 'NONE',  ( 2.159593620790638546, 2.159593620790628776, -5.093749999999997335 ) ) ;
#448 = ORIENTED_EDGE ( 'NONE', *, *, #4041, .T. ) ;
#449 = CARTESIAN_POINT ( 'NONE',  ( -0.2852614712227578564, -2.613535817029493113, 5.825787606258253426 ) ) ;
#450 = CARTESIAN_POINT ( 'NONE',  ( -2.121320343559649491, -2.121320343559658372, -5.500000000000000000 ) ) ;
#451 = DIRECTION ( 'NONE',  ( -1.224646799147353207E-16, 1.000000000000000000, 0.000000000000000000 ) ) ;
#452 = CARTESIAN_POINT ( 'NONE',  ( -7.135301363302722722E-18, 2.886751345948126879, 12.82552006691257240 ) ) ;
#453 = CARTESIAN_POINT ( 'NONE',  ( 1.662041016787803693, 1.662041016787793923, 2.375000000000000444 ) ) ;
#454 = CARTESIAN_POINT ( 'NONE',  ( 0.000000000000000000, 2.350480947161671441, 4.500000000000002665 ) ) ;
#455 = CARTESIAN_POINT ( 'NONE',  ( 3.000000000000009770, -9.663995296166853972E-15, -8.125000000000000000 ) ) ;
#456 = LINE ( 'NONE', #3827, #4519 ) ;
#457 = CARTESIAN_POINT ( 'NONE',  ( -2.350480947161680323, -8.968978788130623169E-15, 1.749999999999999778 ) ) ;
#458 = CARTESIAN_POINT ( 'NONE',  ( 2.255128131591046969, 1.978698183099770302, -12.00623270251606911 ) ) ;
#459 = CARTESIAN_POINT ( 'NONE',  ( -1.265060653844737759, -3.054126587736549769, -5.468750000000000888 ) ) ;
#460 = CARTESIAN_POINT ( 'NONE',  ( -2.878508968398391083E-16, -2.350480947161689649, -11.00000000000000000 ) ) ;
#461 = CARTESIAN_POINT ( 'NONE',  ( 0.000000000000000000, 2.350480947161671441, -9.500000000000000000 ) ) ;
#462 = EDGE_CURVE ( 'NONE', #1, #4825, #5229, .T. ) ;
#463 = CARTESIAN_POINT ( 'NONE',  ( -2.350480947161680323, -8.968978788130623169E-15, -12.12500000000000000 ) ) ;
#464 = CARTESIAN_POINT ( 'NONE',  ( 0.9736010864139278409, 2.350480947161670997, -6.562500000000000000 ) ) ;
#465 = CARTESIAN_POINT ( 'NONE',  ( 0.000000000000000000, 2.350480947161671441, -3.374999999999999556 ) ) ;
#466 = CARTESIAN_POINT ( 'NONE',  ( 2.000000000000000888, -2.818925648462311528E-15, -13.00000000000000178 ) ) ;
#467 = CARTESIAN_POINT ( 'NONE',  ( 3.000000000000009326, -9.663995296166853972E-15, -1.249999999999999334 ) ) ;
#468 = CARTESIAN_POINT ( 'NONE',  ( 3.000000000000003109, -2.451531608718105295E-15, -13.00000000000000178 ) ) ;
#469 = ORIENTED_EDGE ( 'NONE', *, *, #1672, .F. ) ;
#470 = CARTESIAN_POINT ( 'NONE',  ( -1.265060653844737315, 3.054126587736530674, -4.906249999999997335 ) ) ;
#471 = AXIS2_PLACEMENT_3D ( 'NONE', #59, #3110, #144 ) ;
#472 = ORIENTED_EDGE ( 'NONE', *, *, #479, .T. ) ;
#473 = CARTESIAN_POINT ( 'NONE',  ( -2.553231539738448852, -1.976403029381110082E-11, 5.632941890798614182 ) ) ;
#474 = CARTESIAN_POINT ( 'NONE',  ( -3.000000000000009770, -8.929207216678438350E-15, -5.625000000000000000 ) ) ;
#475 = CARTESIAN_POINT ( 'NONE',  ( -0.1099970650366491193, -2.367668513463028646, 5.075889215912914310 ) ) ;
#476 = PLANE ( 'NONE',  #2263 ) ;
#477 = CARTESIAN_POINT ( 'NONE',  ( 2.350480947161680323, -9.544680581810301090E-15, -0.7499999999999988898 ) ) ;
#478 = CARTESIAN_POINT ( 'NONE',  ( -0.9736010864139263976, 2.350480947161671441, 2.562500000000000444 ) ) ;
#479 = EDGE_CURVE ( 'NONE', #2112, #2531, #1726, .T. ) ;
#480 = CARTESIAN_POINT ( 'NONE',  ( 3.000000000000017319, 1.242640687119271670, -8.062500000000000000 ) ) ;
#481 = LINE ( 'NONE', #4348, #5150 ) ;
#482 = CARTESIAN_POINT ( 'NONE',  ( -2.878508968398391083E-16, -2.350480947161689649, 7.000000000000000888 ) ) ;
#483 = CARTESIAN_POINT ( 'NONE',  ( -2.121320343559649491, 2.121320343559640165, -1.750000000000000000 ) ) ;
#484 = CARTESIAN_POINT ( 'NONE',  ( -1.265060653844737759, -3.054126587736549769, -6.468750000000001776 ) ) ;
#485 = CARTESIAN_POINT ( 'NONE',  ( -2.350480947161680767, -0.9736010864139355014, -12.18750000000000000 ) ) ;
#486 = CARTESIAN_POINT ( 'NONE',  ( 2.350480947161679435, 0.9736010864139177379, -6.687500000000000888 ) ) ;
#487 = VECTOR ( 'NONE', #3102, 1000.000000000000000 ) ;
#488 = CARTESIAN_POINT ( 'NONE',  ( -2.350480947161680323, -0.9736010864139353904, 0.9375000000000008882 ) ) ;
#489 = PRODUCT_DEFINITION ( 'UNKNOWN', '', #4292, #1746 ) ;
#490 = EDGE_CURVE ( 'NONE', #2557, #2501, #3800, .T. ) ;
#491 = DIRECTION ( 'NONE',  ( -1.000000000000000000, 0.000000000000000000, 0.000000000000000000 ) ) ;
#492 = AXIS2_PLACEMENT_3D ( 'NONE', #433, #2896, #4632 ) ;
#493 = CARTESIAN_POINT ( 'NONE',  ( 2.350480947161680323, -0.9736010864139368337, -11.68750000000000000 ) ) ;
#494 = CARTESIAN_POINT ( 'NONE',  ( -2.350480947161680767, -0.9736010864139355014, -4.187500000000000000 ) ) ;
#495 = CALENDAR_DATE ( 2026, 5, 2 ) ;
#496 = CARTESIAN_POINT ( 'NONE',  ( 0.000000000000000000, 2.350480947161671441, -1.374999999999999556 ) ) ;
#497 = CARTESIAN_POINT ( 'NONE',  ( -8.513826854085000040E-19, 2.886751345948126879, 10.00000000000000178 ) ) ;
#498 = CARTESIAN_POINT ( 'NONE',  ( 2.224480169112811545, -1.866066575728092536, 6.579234829697504061 ) ) ;
#499 = CARTESIAN_POINT ( 'NONE',  ( 1.242640687119288767, -3.000000000000019540, 6.562500000000001776 ) ) ;
#500 = VERTEX_POINT ( 'NONE', #3929 ) ;
#501 = CARTESIAN_POINT ( 'NONE',  ( -3.054126587736539111, 1.265060653844728433, -3.781249999999997780 ) ) ;
#502 = VERTEX_POINT ( 'NONE', #3541 ) ;
#503 = CARTESIAN_POINT ( 'NONE',  ( -2.302233315261867475, -1.167994328380444591, 5.694977789206950192 ) ) ;
#504 =( BOUNDED_CURVE ( )  B_SPLINE_CURVE ( 2, ( #5464, #5040, #783, #2497, #4200, #2080, #3782, #5494, #1660 ),
 .UNSPECIFIED., .F., .F. ) 
 B_SPLINE_CURVE_WITH_KNOTS ( ( 3, 2, 2, 2, 3 ),
 ( 0.6785714285714286031, 0.6845238095238095344, 0.6904761904761904656, 0.6964285714285712858, 0.7023809523809522171 ),
 .UNSPECIFIED. ) 
 CURVE ( )  GEOMETRIC_REPRESENTATION_ITEM ( )  RATIONAL_B_SPLINE_CURVE ( ( 1.000000000000000000, 0.9238795325112866275, 1.000000000000000000, 0.9238795325112866275, 1.000000000000000000, 0.9238795325112866275, 1.000000000000000000, 0.9238795325112880708, 0.9999999999999985567 ) ) 
 REPRESENTATION_ITEM ( '' )  );
#505 = DIRECTION ( 'NONE',  ( -0.000000000000000000, -0.000000000000000000, -1.000000000000000000 ) ) ;
#506 = CARTESIAN_POINT ( 'NONE',  ( -1.242640687119289211, 3.000000000000000000, -3.937500000000000000 ) ) ;
#507 = CARTESIAN_POINT ( 'NONE',  ( 0.000000000000000000, 0.000000000000000000, 13.00000000000000178 ) ) ;
#508 = CARTESIAN_POINT ( 'NONE',  ( 0.000000000000000000, 2.350480947161671441, 1.499999999999999556 ) ) ;
#509 = CARTESIAN_POINT ( 'NONE',  ( -2.999999999999991118, -1.242640687119315634, -8.687499999999998224 ) ) ;
#510 = CARTESIAN_POINT ( 'NONE',  ( -1.242640687119289211, 3.000000000000000000, 3.062500000000000888 ) ) ;
#511 = FACE_OUTER_BOUND ( 'NONE', #568, .T. ) ;
#512 = CARTESIAN_POINT ( 'NONE',  ( -2.878508968398391083E-16, -2.350480947161689649, 4.999999999999999112 ) ) ;
#513 = ADVANCED_FACE ( 'NONE', ( #1018 ), #1386, .F. ) ;
#514 = CARTESIAN_POINT ( 'NONE',  ( -3.000000000000003109, -2.818925648462311528E-15, -13.00000000000000178 ) ) ;
#515 = CARTESIAN_POINT ( 'NONE',  ( -1.265060653844737537, 3.054126587736531118, -2.843750000000002665 ) ) ;
#516 = CARTESIAN_POINT ( 'NONE',  ( -1.662041016787803249, 1.662041016787794367, -11.37500000000000000 ) ) ;
#517 = CARTESIAN_POINT ( 'NONE',  ( 0.000000000000000000, 2.350480947161671441, -3.499999999999999556 ) ) ;
#518 = CARTESIAN_POINT ( 'NONE',  ( -1.662041016787803249, 1.662041016787794367, 1.749999999999999778 ) ) ;
#519 = PERSON ( 'UNSPECIFIED', 'UNSPECIFIED', 'UNSPECIFIED', ('UNSPECIFIED'), ('UNSPECIFIED'), ('UNSPECIFIED') ) ;
#520 = CARTESIAN_POINT ( 'NONE',  ( -2.350480947161680767, -0.9736010864139355014, -12.06250000000000000 ) ) ;
#521 = CARTESIAN_POINT ( 'NONE',  ( 2.350480947161680323, -9.544680581810301090E-15, -7.750000000000000000 ) ) ;
#522 = PERSON_AND_ORGANIZATION_ROLE ( 'creator' ) ;
#523 = CARTESIAN_POINT ( 'NONE',  ( 2.350480947161680323, 0.9736010864139177379, 3.437500000000001776 ) ) ;
#524 = DIRECTION ( 'NONE',  ( -0.000000000000000000, -0.000000000000000000, -1.000000000000000000 ) ) ;
#525 = CARTESIAN_POINT ( 'NONE',  ( 2.786927040038090109, -0.9107243622693533824, 6.657422031270709084 ) ) ;
#526 = ADVANCED_FACE ( 'NONE', ( #4038 ), #4845, .T. ) ;
#527 = DIRECTION ( 'NONE',  ( 0.000000000000000000, -1.000000000000000000, 0.000000000000000000 ) ) ;
#528 = VERTEX_POINT ( 'NONE', #2729 ) ;
#529 = CARTESIAN_POINT ( 'NONE',  ( -1.265060653844737315, 3.054126587736530674, -3.906249999999997780 ) ) ;
#530 = ORIENTED_EDGE ( 'NONE', *, *, #3337, .F. ) ;
#531 = CARTESIAN_POINT ( 'NONE',  ( -2.479110870567361680, -0.6839276432655598814, 5.667935104292051385 ) ) ;
#532 = CARTESIAN_POINT ( 'NONE',  ( 2.121320343559649935, 2.121320343559639721, 3.000000000000000888 ) ) ;
#533 = CARTESIAN_POINT ( 'NONE',  ( 3.054126587736538223, -1.265060653844747973, -10.28124999999999645 ) ) ;
#534 = APPROVAL_PERSON_ORGANIZATION ( #3446, #1495, #3415 ) ;
#535 = CARTESIAN_POINT ( 'NONE',  ( 3.000000000000009770, -9.663995296166853972E-15, -0.1250000000000001943 ) ) ;
#536 = CARTESIAN_POINT ( 'NONE',  ( 2.350480947161680323, -0.9736010864139368337, 1.187500000000001110 ) ) ;
#537 = CARTESIAN_POINT ( 'NONE',  ( -2.350480947161680767, -0.9736010864139355014, 6.937500000000000888 ) ) ;
#538 =( BOUNDED_CURVE ( )  B_SPLINE_CURVE ( 2, ( #2831, #5013, #1237, #2940, #5070, #3753, #5495, #2108, #2527 ),
 .UNSPECIFIED., .F., .F. ) 
 B_SPLINE_CURVE_WITH_KNOTS ( ( 3, 2, 2, 2, 3 ),
 ( 0.3452380952380952883, 0.3511904761904762196, 0.3571428571428571508, 0.3630952380952381930, 0.3690476190476191243 ),
 .UNSPECIFIED. ) 
 CURVE ( )  GEOMETRIC_REPRESENTATION_ITEM ( )  RATIONAL_B_SPLINE_CURVE ( ( 0.9999999999999993339, 0.9238795325112872936, 1.000000000000000000, 0.9238795325112866275, 1.000000000000000000, 0.9238795325112866275, 1.000000000000000000, 0.9238795325112859613, 1.000000000000000666 ) ) 
 REPRESENTATION_ITEM ( '' )  );
#539 = CARTESIAN_POINT ( 'NONE',  ( -0.7184349058615949746, -2.237992843824517575, 5.075889215912897434 ) ) ;
#540 = CARTESIAN_POINT ( 'NONE',  ( 2.350480947161680323, 0.9736010864139177379, 5.312499999999999112 ) ) ;
#541 = CARTESIAN_POINT ( 'NONE',  ( 3.000000000000009770, -9.663995296166853972E-15, 3.875000000000001776 ) ) ;
#542 = CARTESIAN_POINT ( 'NONE',  ( -2.159593620790638546, -2.159593620790647428, -4.531250000000002665 ) ) ;
#543 = CARTESIAN_POINT ( 'NONE',  ( 2.350480947161680323, 0.9736010864139177379, -9.687500000000000000 ) ) ;
#544 = CARTESIAN_POINT ( 'NONE',  ( -2.350480947161680323, 0.9736010864139172938, -4.312500000000000888 ) ) ;
#545 = CARTESIAN_POINT ( 'NONE',  ( -2.350480947161680323, 0.9736010864139172938, 1.812500000000000000 ) ) ;
#546 = ORIENTED_EDGE ( 'NONE', *, *, #2400, .T. ) ;
#547 = CARTESIAN_POINT ( 'NONE',  ( 0.000000000000000000, -2.602085213965210642E-15, 12.70000000000000107 ) ) ;
#548 = CARTESIAN_POINT ( 'NONE',  ( 2.350480947161680323, -0.9736010864139368337, -7.687500000000000000 ) ) ;
#549 = CARTESIAN_POINT ( 'NONE',  ( -2.878508968398391083E-16, -2.350480947161689649, 2.125000000000000000 ) ) ;
#550 = CARTESIAN_POINT ( 'NONE',  ( 0.000000000000000000, -2.818925648462311528E-15, -13.00000000000000178 ) ) ;
#551 = CARTESIAN_POINT ( 'NONE',  ( 0.000000000000000000, -9.107298248878237246E-15, 6.860428147091738538 ) ) ;
#552 = CARTESIAN_POINT ( 'NONE',  ( 0.000000000000000000, -2.818925648462311528E-15, -13.00000000000000178 ) ) ;
#553 = ORIENTED_EDGE ( 'NONE', *, *, #1532, .T. ) ;
#554 = CARTESIAN_POINT ( 'NONE',  ( -1.265060653844737537, -3.054126587736549325, 1.468750000000003331 ) ) ;
#555 = ORIENTED_EDGE ( 'NONE', *, *, #3986, .F. ) ;
#556 = CARTESIAN_POINT ( 'NONE',  ( -1.105377231376302616, -2.367822162840402367, 5.781935935539319615 ) ) ;
#557 = CARTESIAN_POINT ( 'NONE',  ( 1.650514264482029869, 2.226796318849805001, 6.168056571149814538 ) ) ;
#558 = CARTESIAN_POINT ( 'NONE',  ( 0.000000000000000000, 2.999999999999999556, -3.999999999999998224 ) ) ;
#559 = EDGE_CURVE ( 'NONE', #5036, #184, #5249, .T. ) ;
#560 = CARTESIAN_POINT ( 'NONE',  ( -0.9736010864139266197, -2.350480947161689649, -4.937500000000000000 ) ) ;
#561 = CARTESIAN_POINT ( 'NONE',  ( -7.168795412839997168E-17, -2.886751345948125991, 12.82552006691257240 ) ) ;
#562 = CARTESIAN_POINT ( 'NONE',  ( -2.350480947161680767, 0.9736010864139172938, 4.687500000000000000 ) ) ;
#563 = CARTESIAN_POINT ( 'NONE',  ( -3.000000000000009770, -8.929207216678438350E-15, 3.375000000000001332 ) ) ;
#564 = CARTESIAN_POINT ( 'NONE',  ( -3.000000000000000888, 1.242640687119289433, 1.187500000000000666 ) ) ;
#565 = CARTESIAN_POINT ( 'NONE',  ( -3.673940397442071701E-16, -3.000000000000018652, 2.625000000000000000 ) ) ;
#566 = CARTESIAN_POINT ( 'NONE',  ( 1.662041016787803249, -1.662041016787812797, 5.124999999999999112 ) ) ;
#567 = DIRECTION ( 'NONE',  ( -0.000000000000000000, -0.000000000000000000, -1.000000000000000000 ) ) ;
#568 = EDGE_LOOP ( 'NONE', ( #4337, #309, #2334, #5066 ) ) ;
#569 = CARTESIAN_POINT ( 'NONE',  ( -1.265060653844737537, 3.054126587736531118, -0.8437500000000025535 ) ) ;
#570 =( BOUNDED_CURVE ( )  B_SPLINE_CURVE ( 2, ( #2245, #4758, #532, #3480, #1328, #4734, #5130, #4785, #3424 ),
 .UNSPECIFIED., .F., .F. ) 
 B_SPLINE_CURVE_WITH_KNOTS ( ( 3, 2, 2, 2, 3 ),
 ( 0.7976190476190475609, 0.8035714285714284921, 0.8095238095238095344, 0.8154761904761904656, 0.8214285714285713969 ),
 .UNSPECIFIED. ) 
 CURVE ( )  GEOMETRIC_REPRESENTATION_ITEM ( )  RATIONAL_B_SPLINE_CURVE ( ( 1.000000000000001332, 0.9238795325112852952, 1.000000000000000000, 0.9238795325112867385, 1.000000000000000000, 0.9238795325112867385, 1.000000000000000000, 0.9238795325112867385, 1.000000000000000000 ) ) 
 REPRESENTATION_ITEM ( '' )  );
#571 = CARTESIAN_POINT ( 'NONE',  ( -2.350480947161680323, -8.968978788130623169E-15, -12.25000000000000000 ) ) ;
#572 = CARTESIAN_POINT ( 'NONE',  ( -1.662041016787803471, -1.662041016787812353, -3.124999999999999112 ) ) ;
#573 = CARTESIAN_POINT ( 'NONE',  ( -0.9736010864139266197, -2.350480947161689649, 0.06250000000000005551 ) ) ;
#574 = ORIENTED_EDGE ( 'NONE', *, *, #4736, .F. ) ;
#575 = CARTESIAN_POINT ( 'NONE',  ( 2.121320343559649491, -2.121320343559658372, -8.250000000000000000 ) ) ;
#576 = AXIS2_PLACEMENT_3D ( 'NONE', #2913, #2500, #3698 ) ;
#577 = CARTESIAN_POINT ( 'NONE',  ( 0.9736010864139278409, 2.350480947161670997, -7.437500000000000000 ) ) ;
#578 = EDGE_CURVE ( 'NONE', #5293, #1375, #4128, .T. ) ;
#579 = CIRCLE ( 'NONE', #3004, 0.2999999999999999334 ) ;
#580 = CARTESIAN_POINT ( 'NONE',  ( 0.000000000000000000, 2.350480947161671441, 0.6250000000000005551 ) ) ;
#581 = DIRECTION ( 'NONE',  ( -0.000000000000000000, -0.000000000000000000, -1.000000000000000000 ) ) ;
#582 = CARTESIAN_POINT ( 'NONE',  ( -1.782979976111324305, -2.144725553372678561, 6.263591610951602995 ) ) ;
#583 = CARTESIAN_POINT ( 'NONE',  ( 2.350480947161681211, 2.820370872843605993E-14, -12.64951905283832367 ) ) ;
#584 = ORIENTED_EDGE ( 'NONE', *, *, #2757, .F. ) ;
#585 = CARTESIAN_POINT ( 'NONE',  ( 3.054126587736539555, -9.673938189029898993E-15, -1.218749999999997558 ) ) ;
#586 = ORIENTED_EDGE ( 'NONE', *, *, #875, .T. ) ;
#587 = CARTESIAN_POINT ( 'NONE',  ( 1.662041016787803249, -1.662041016787812797, -12.87500000000000000 ) ) ;
#588 = AXIS2_PLACEMENT_3D ( 'NONE', #1833, #4792, #2698 ) ;
#589 = CARTESIAN_POINT ( 'NONE',  ( -1.265060653844737315, 3.054126587736530674, -10.90624999999999822 ) ) ;
#590 = CARTESIAN_POINT ( 'NONE',  ( -2.878508968398391083E-16, -2.350480947161689649, -4.874999999999999112 ) ) ;
#591 = CARTESIAN_POINT ( 'NONE',  ( 2.350480947161680323, -9.544680581810301090E-15, 6.250000000000000000 ) ) ;
#592 = DIRECTION ( 'NONE',  ( -0.000000000000000000, -0.000000000000000000, -1.000000000000000000 ) ) ;
#593 = LINE ( 'NONE', #4482, #1834 ) ;
#594 = ORIENTED_EDGE ( 'NONE', *, *, #5358, .F. ) ;
#595 = CARTESIAN_POINT ( 'NONE',  ( 2.121320343559649491, -2.121320343559658372, -9.250000000000000000 ) ) ;
#596 = CARTESIAN_POINT ( 'NONE',  ( -1.265060653844737537, 3.054126587736531118, -13.84375000000000178 ) ) ;
#597 = CARTESIAN_POINT ( 'NONE',  ( 1.242640687119290765, 2.999999999999999112, -11.06250000000000178 ) ) ;
#598 = ADVANCED_FACE ( 'NONE', ( #4794 ), #4424, .F. ) ;
#599 = CARTESIAN_POINT ( 'NONE',  ( 2.159593620790638990, 2.159593620790628776, -4.031250000000001776 ) ) ;
#600 = CARTESIAN_POINT ( 'NONE',  ( -2.350480947161680767, -0.9736010864139355014, -5.187500000000000888 ) ) ;
#601 = CARTESIAN_POINT ( 'NONE',  ( -0.9736010864139263976, 2.350480947161671441, -4.437500000000001776 ) ) ;
#602 = CARTESIAN_POINT ( 'NONE',  ( 0.000000000000000000, 2.350480947161671441, -0.3749999999999986122 ) ) ;
#603 = CARTESIAN_POINT ( 'NONE',  ( 2.350480947161680323, -9.544680581810301090E-15, -1.624999999999999778 ) ) ;
#604 = ORIENTED_EDGE ( 'NONE', *, *, #1629, .T. ) ;
#605 = CARTESIAN_POINT ( 'NONE',  ( 0.000000000000000000, 2.350480947161671441, -13.37500000000000000 ) ) ;
#606 = B_SPLINE_CURVE_WITH_KNOTS ( 'NONE', 3,
 ( #3875, #37, #5165, #2223, #648, #1998, #2361, #4064, #704, #3676, #4117, #4010, #4928, #2834, #5384, #4901, #1072, #1947, #4873, #2415, #2781, #175, #1101, #4539 ),
 .UNSPECIFIED., .F., .F.,
 ( 4, 2, 2, 2, 2, 2, 2, 2, 2, 2, 2, 4 ),
 ( 0.01099591163706482508, 0.01177327482696166779, 0.01255063801685851223, 0.01293931961180693271, 0.01332800120675535493, 0.01371668280170377542, 0.01410536439665219764, 0.01449404599160061813, 0.01488272758654904035, 0.01566009077644588132, 0.01643745396634272576, 0.01721481715623956674 ),
 .UNSPECIFIED. ) ;
#607 = CARTESIAN_POINT ( 'NONE',  ( -2.350480947161680767, 0.9736010864139172938, -7.187499999999999112 ) ) ;
#608 = CARTESIAN_POINT ( 'NONE',  ( -2.350480947161680767, -0.9736010864139355014, 2.937500000000001776 ) ) ;
#609 = CARTESIAN_POINT ( 'NONE',  ( -3.000000000000009770, -1.242640687119298315, -6.562500000000000000 ) ) ;
#610 = CARTESIAN_POINT ( 'NONE',  ( -3.000000000000009770, -8.929207216678438350E-15, 4.374999999999999112 ) ) ;
#611 = CARTESIAN_POINT ( 'NONE',  ( 2.350480947161676770, 0.2469519811146940746, -12.64951905283832367 ) ) ;
#612 = ORIENTED_EDGE ( 'NONE', *, *, #1257, .T. ) ;
#613 = CARTESIAN_POINT ( 'NONE',  ( 2.159593620790638546, 2.159593620790628776, -0.09374999999999661382 ) ) ;
#614 = EDGE_LOOP ( 'NONE', ( #3045, #4621, #4339, #165 ) ) ;
#615 = CARTESIAN_POINT ( 'NONE',  ( 2.350480947161680323, 0.9736010864139177379, -12.68749999999999822 ) ) ;
#616 = CARTESIAN_POINT ( 'NONE',  ( -2.159593620790638546, -2.159593620790646984, -10.59374999999999645 ) ) ;
#617 = CARTESIAN_POINT ( 'NONE',  ( -2.878508968398391083E-16, -2.350480947161689649, -1.875000000000000000 ) ) ;
#618 = CARTESIAN_POINT ( 'NONE',  ( -2.999999999999991562, 1.242640687119297871, 6.312499999999998224 ) ) ;
#619 = CARTESIAN_POINT ( 'NONE',  ( -2.878508968398391083E-16, -2.350480947161689649, 4.000000000000001776 ) ) ;
#620 = CARTESIAN_POINT ( 'NONE',  ( 3.000000000000009326, -9.663995296166853972E-15, 2.750000000000000444 ) ) ;
#621 = ORIENTED_EDGE ( 'NONE', *, *, #3201, .F. ) ;
#622 = CARTESIAN_POINT ( 'NONE',  ( 2.851917083286156895, 0.8469691525814976307, 6.778262552131656626 ) ) ;
#623 = CARTESIAN_POINT ( 'NONE',  ( 3.054126587736538667, -1.265060653844748195, -11.21875000000000000 ) ) ;
#624 = CARTESIAN_POINT ( 'NONE',  ( 2.499999999999997780, -1.443375672974062329, 10.00000000000000178 ) ) ;
#625 = VERTEX_POINT ( 'NONE', #5219 ) ;
#626 = CARTESIAN_POINT ( 'NONE',  ( -2.159593620790638546, 2.159593620790629220, 0.2187499999999984457 ) ) ;
#627 = CARTESIAN_POINT ( 'NONE',  ( 0.9736010864139278409, 2.350480947161670997, -8.562500000000001776 ) ) ;
#628 = CARTESIAN_POINT ( 'NONE',  ( 2.350480947161679435, 0.9736010864139177379, -2.687499999999999112 ) ) ;
#629 = B_SPLINE_CURVE_WITH_KNOTS ( 'NONE', 3,
 ( #3240, #3769, #1110, #4968 ),
 .UNSPECIFIED., .F., .F.,
 ( 4, 4 ),
 ( 0.000000000000000000, 0.0003831023336064446260 ),
 .UNSPECIFIED. ) ;
#630 = CARTESIAN_POINT ( 'NONE',  ( 0.9736010864139278409, 2.350480947161670997, 0.5625000000000004441 ) ) ;
#631 = CARTESIAN_POINT ( 'NONE',  ( 2.402847806557667276, 1.962557990636107839E-13, 5.219765979631124431 ) ) ;
#632 = CARTESIAN_POINT ( 'NONE',  ( 2.350480947161680323, 0.9736010864139177379, -6.687500000000000888 ) ) ;
#633 = ORIENTED_EDGE ( 'NONE', *, *, #663, .F. ) ;
#634 = CARTESIAN_POINT ( 'NONE',  ( 2.471494034039233512, -1.667733551472841746, 6.793846337744839481 ) ) ;
#635 = EDGE_CURVE ( 'NONE', #895, #192, #3966, .T. ) ;
#636 = CARTESIAN_POINT ( 'NONE',  ( -2.878508968398391083E-16, -2.350480947161689649, -8.875000000000000000 ) ) ;
#637 = CARTESIAN_POINT ( 'NONE',  ( -2.878508968398391083E-16, -2.350480947161689649, -11.00000000000000000 ) ) ;
#638 = CARTESIAN_POINT ( 'NONE',  ( 2.350480947161680323, -0.1860697341849880670, -12.63694468509622837 ) ) ;
#639 = CARTESIAN_POINT ( 'NONE',  ( 0.000000000000000000, 3.000000000000000444, -10.87500000000000178 ) ) ;
#640 = CARTESIAN_POINT ( 'NONE',  ( 0.000000000000000000, 3.054126587736530229, 0.03125000000000349720 ) ) ;
#641 = ORIENTED_EDGE ( 'NONE', *, *, #2652, .F. ) ;
#642 = CARTESIAN_POINT ( 'NONE',  ( -0.9736010864139266197, -2.350480947161689649, -13.06250000000000000 ) ) ;
#643 = CARTESIAN_POINT ( 'NONE',  ( -1.662041016787803471, -1.662041016787812353, -4.000000000000000000 ) ) ;
#644 = DIRECTION ( 'NONE',  ( -1.000000000000000000, 0.000000000000000000, 0.000000000000000000 ) ) ;
#645 = CARTESIAN_POINT ( 'NONE',  ( 1.662041016787803249, -1.662041016787812797, 4.125000000000001776 ) ) ;
#646 = CARTESIAN_POINT ( 'NONE',  ( -1.242640687119289211, 3.000000000000000000, 1.062500000000000888 ) ) ;
#647 = ORIENTED_EDGE ( 'NONE', *, *, #1319, .F. ) ;
#648 = CARTESIAN_POINT ( 'NONE',  ( -2.246173350682785674, 1.239821872862101104, -12.44741198443480457 ) ) ;
#649 = CARTESIAN_POINT ( 'NONE',  ( 0.000000000000000000, 3.054126587736530674, -12.90625000000000178 ) ) ;
#650 = CARTESIAN_POINT ( 'NONE',  ( 0.000000000000000000, 3.000000000000000444, -3.875000000000000000 ) ) ;
#651 = VERTEX_POINT ( 'NONE', #541 ) ;
#652 = CARTESIAN_POINT ( 'NONE',  ( 2.159593620790638546, -2.159593620790647872, 2.718749999999999112 ) ) ;
#653 = EDGE_CURVE ( 'NONE', #3650, #895, #123, .T. ) ;
#654 = CARTESIAN_POINT ( 'NONE',  ( -2.878508968398391083E-16, -2.350480947161689649, -6.000000000000000000 ) ) ;
#655 = CARTESIAN_POINT ( 'NONE',  ( 0.9736010864139279519, 2.350480947161670997, 1.437500000000001332 ) ) ;
#656 = CARTESIAN_POINT ( 'NONE',  ( 2.350480947161680323, -0.9736010864139368337, -1.687499999999999778 ) ) ;
#657 = CARTESIAN_POINT ( 'NONE',  ( 2.350480947161679435, 0.9736010864139177379, 4.437500000000001776 ) ) ;
#658 = CARTESIAN_POINT ( 'NONE',  ( 0.9736010864139278409, 2.350480947161670997, -0.5624999999999987788 ) ) ;
#659 = ORIENTED_EDGE ( 'NONE', *, *, #219, .T. ) ;
#660 = B_SPLINE_CURVE_WITH_KNOTS ( 'NONE', 3,
 ( #3449, #23, #3525, #3940, #2627, #1000 ),
 .UNSPECIFIED., .F., .F.,
 ( 4, 2, 4 ),
 ( 0.003981416281783106172, 0.004711610730719552331, 0.005441805179655997624 ),
 .UNSPECIFIED. ) ;
#661 = CARTESIAN_POINT ( 'NONE',  ( 2.121320343559649046, 2.121320343559639277, -5.124999999999999112 ) ) ;
#662 = CARTESIAN_POINT ( 'NONE',  ( -2.350480947161680767, 0.9736010864139172938, -10.18749999999999822 ) ) ;
#663 = EDGE_CURVE ( 'NONE', #4383, #139, #5302, .T. ) ;
#664 = CARTESIAN_POINT ( 'NONE',  ( 2.691323500832792259, 0.3645578748149697068, 6.063255654023820718 ) ) ;
#665 = EDGE_CURVE ( 'NONE', #5439, #2531, #1158, .T. ) ;
#666 = FACE_OUTER_BOUND ( 'NONE', #1665, .T. ) ;
#667 = CARTESIAN_POINT ( 'NONE',  ( -1.639437584065696063, -2.262096978911968037, 6.276868156942689403 ) ) ;
#668 = CIRCLE ( 'NONE', #3074, 4.700000000000000178 ) ;
#669 = CARTESIAN_POINT ( 'NONE',  ( -3.000000000000009326, -8.929207216678438350E-15, -1.749999999999999778 ) ) ;
#670 = CARTESIAN_POINT ( 'NONE',  ( -3.054126587736539111, -1.265060653844746197, 2.343750000000001776 ) ) ;
#671 = VERTEX_POINT ( 'NONE', #3732 ) ;
#672 = CARTESIAN_POINT ( 'NONE',  ( 0.2658111879031424540, 2.464066622734073952, 5.412774773151247665 ) ) ;
#673 = VECTOR ( 'NONE', #2837, 1000.000000000000000 ) ;
#674 = CARTESIAN_POINT ( 'NONE',  ( 0.9736010864139258425, -2.350480947161690537, -4.812500000000000000 ) ) ;
#675 = DIRECTION ( 'NONE',  ( 0.000000000000000000, 1.000000000000000000, 0.000000000000000000 ) ) ;
#676 = CARTESIAN_POINT ( 'NONE',  ( 0.000000000000000000, 2.350480947161671441, 5.500000000000000000 ) ) ;
#677 = DIRECTION ( 'NONE',  ( -0.000000000000000000, -0.000000000000000000, 1.000000000000000000 ) ) ;
#678 = EDGE_LOOP ( 'NONE', ( #2259, #4494, #696, #5205 ) ) ;
#679 = AXIS2_PLACEMENT_3D ( 'NONE', #4888, #3971, #1516 ) ;
#680 = LINE ( 'NONE', #2389, #3987 ) ;
#681 = CARTESIAN_POINT ( 'NONE',  ( 1.265060653844739313, 3.054126587736530229, -9.968750000000001776 ) ) ;
#682 = CARTESIAN_POINT ( 'NONE',  ( 3.000000000000003109, -2.451531608718105295E-15, -13.00000000000000178 ) ) ;
#683 = CARTESIAN_POINT ( 'NONE',  ( -3.054126587736539999, -8.925892919057422291E-15, 2.343749999999998668 ) ) ;
#684 = CARTESIAN_POINT ( 'NONE',  ( 1.662041016787803249, -1.662041016787812797, -8.875000000000001776 ) ) ;
#685 = CARTESIAN_POINT ( 'NONE',  ( 0.9736010864139258425, -2.350480947161690537, -1.937500000000000000 ) ) ;
#686 = CARTESIAN_POINT ( 'NONE',  ( -2.350480947161680767, 0.9736010864139172938, -2.187500000000000444 ) ) ;
#687 = CARTESIAN_POINT ( 'NONE',  ( -0.9736010864139263976, 2.350480947161671441, -0.4375000000000003331 ) ) ;
#688 = ORIENTED_EDGE ( 'NONE', *, *, #4431, .T. ) ;
#689 =( BOUNDED_CURVE ( )  B_SPLINE_CURVE ( 2, ( #893, #5203, #2135, #3891, #3863, #2992, #4701, #4364, #3839 ),
 .UNSPECIFIED., .F., .F. ) 
 B_SPLINE_CURVE_WITH_KNOTS ( ( 3, 2, 2, 2, 3 ),
 ( 0.8452380952380952328, 0.8511904761904761640, 0.8571428571428572063, 0.8630952380952382486, 0.8690476190476191798 ),
 .UNSPECIFIED. ) 
 CURVE ( )  GEOMETRIC_REPRESENTATION_ITEM ( )  RATIONAL_B_SPLINE_CURVE ( ( 1.000000000000000000, 0.9238795325112866275, 1.000000000000000000, 0.9238795325112866275, 1.000000000000000000, 0.9238795325112866275, 1.000000000000000000, 0.9238795325112851842, 1.000000000000001332 ) ) 
 REPRESENTATION_ITEM ( '' )  );
#690 = CARTESIAN_POINT ( 'NONE',  ( 0.000000000000000000, 2.999999999999999556, -4.999999999999999112 ) ) ;
#691 = CARTESIAN_POINT ( 'NONE',  ( 2.350480947161680323, -0.9736010864139368337, -5.687500000000000000 ) ) ;
#692 = CARTESIAN_POINT ( 'NONE',  ( -1.242640687119289433, 3.000000000000000888, -2.812500000000000888 ) ) ;
#693 = CARTESIAN_POINT ( 'NONE',  ( 1.662041016787803249, -1.662041016787812797, -11.87500000000000000 ) ) ;
#694 = CARTESIAN_POINT ( 'NONE',  ( 0.000000000000000000, 2.350480947161671441, -8.375000000000000000 ) ) ;
#695 = CARTESIAN_POINT ( 'NONE',  ( 3.054126587736539555, -9.673938189029898993E-15, 3.781250000000003553 ) ) ;
#696 = ORIENTED_EDGE ( 'NONE', *, *, #4052, .T. ) ;
#697 = CARTESIAN_POINT ( 'NONE',  ( -2.553231539738448852, -1.976403029381110082E-11, 5.632941890798614182 ) ) ;
#698 = ADVANCED_FACE ( 'NONE', ( #5444 ), #1186, .T. ) ;
#699 = CARTESIAN_POINT ( 'NONE',  ( 0.9736010864139259535, -2.350480947161690537, -4.812500000000000000 ) ) ;
#700 = CARTESIAN_POINT ( 'NONE',  ( 2.121320343559649046, 2.121320343559639277, -3.124999999999999112 ) ) ;
#701 = CARTESIAN_POINT ( 'NONE',  ( 1.242640687119291210, 2.999999999999999556, -5.937499999999999112 ) ) ;
#702 = DIRECTION ( 'NONE',  ( -0.000000000000000000, -0.000000000000000000, -1.000000000000000000 ) ) ;
#703 = VERTEX_POINT ( 'NONE', #1103 ) ;
#704 = CARTESIAN_POINT ( 'NONE',  ( -1.640466072637604134, 1.913508585747386359, -12.48287211726969836 ) ) ;
#705 = CARTESIAN_POINT ( 'NONE',  ( 2.159593620790638990, 2.159593620790628776, -13.03125000000000178 ) ) ;
#706 = CARTESIAN_POINT ( 'NONE',  ( 4.700000000000001066, -2.026501218365954578E-15, 7.300000000000000711 ) ) ;
#707 = DIRECTION ( 'NONE',  ( -0.000000000000000000, -0.000000000000000000, -1.000000000000000000 ) ) ;
#708 = CARTESIAN_POINT ( 'NONE',  ( 3.054126587736539111, 1.265060653844729099, 1.906249999999998668 ) ) ;
#709 = CARTESIAN_POINT ( 'NONE',  ( 1.662041016787803249, -1.662041016787812797, -7.875000000000000000 ) ) ;
#710 = CARTESIAN_POINT ( 'NONE',  ( 2.350480947161680323, -9.544680581810301090E-15, 1.250000000000001110 ) ) ;
#711 = CARTESIAN_POINT ( 'NONE',  ( -2.350480947161680767, 0.9736010864139172938, 0.8125000000000007772 ) ) ;
#712 = CARTESIAN_POINT ( 'NONE',  ( 2.350480947161679435, -0.9736010864139368337, 3.312500000000001776 ) ) ;
#713 = CARTESIAN_POINT ( 'NONE',  ( -2.350480947161680767, -0.9736010864139355014, -0.1875000000000001665 ) ) ;
#714 = CARTESIAN_POINT ( 'NONE',  ( 3.000000000000017319, 1.242640687119271670, -7.062499999999999112 ) ) ;
#715 = CARTESIAN_POINT ( 'NONE',  ( 1.831199242557891793, -2.334554440533811004, 6.753924611848767690 ) ) ;
#716 = CARTESIAN_POINT ( 'NONE',  ( -2.350480947161680767, 0.9736010864139172938, 0.8125000000000007772 ) ) ;
#717 =( BOUNDED_CURVE ( )  B_SPLINE_CURVE ( 2, ( #5374, #3246, #3667, #4120, #343, #2504, #4597 ),
 .UNSPECIFIED., .F., .F. ) 
 B_SPLINE_CURVE_WITH_KNOTS ( ( 3, 2, 2, 3 ),
 ( 0.08928571428571427382, 0.09523809523809521893, 0.1011904761904761918, 0.1071428571428571369 ),
 .UNSPECIFIED. ) 
 CURVE ( )  GEOMETRIC_REPRESENTATION_ITEM ( )  RATIONAL_B_SPLINE_CURVE ( ( 1.000000000000000222, 0.9238795325112866275, 1.000000000000000000, 0.9238795325112867385, 1.000000000000000000, 0.9238795325112867385, 1.000000000000000000 ) ) 
 REPRESENTATION_ITEM ( '' )  );
#718 = CARTESIAN_POINT ( 'NONE',  ( 2.350480947161680323, -9.544680581810301090E-15, -4.624999999999999112 ) ) ;
#719 = CARTESIAN_POINT ( 'NONE',  ( -2.878508968398391083E-16, -2.350480947161689649, -9.000000000000000000 ) ) ;
#720 = CARTESIAN_POINT ( 'NONE',  ( 2.350480947161679435, 0.9736010864139177379, -9.562500000000000000 ) ) ;
#721 = CARTESIAN_POINT ( 'NONE',  ( -3.054126587736539111, -1.265060653844746197, 5.343750000000000888 ) ) ;
#722 = ORIENTED_EDGE ( 'NONE', *, *, #243, .F. ) ;
#723 = CARTESIAN_POINT ( 'NONE',  ( -2.350480947161680767, 0.9736010864139172938, -9.312499999999998224 ) ) ;
#724 = CARTESIAN_POINT ( 'NONE',  ( -2.350480947161680323, -8.968978788130623169E-15, -6.124999999999999112 ) ) ;
#725 = FACE_OUTER_BOUND ( 'NONE', #678, .T. ) ;
#726 = CARTESIAN_POINT ( 'NONE',  ( 2.350480947161680323, 0.9736010864139177379, 7.312500000000001776 ) ) ;
#727 = CARTESIAN_POINT ( 'NONE',  ( -3.673940397442070715E-16, -3.000000000000017764, 1.500000000000001332 ) ) ;
#728 = VERTEX_POINT ( 'NONE', #1639 ) ;
#729 = CARTESIAN_POINT ( 'NONE',  ( 3.054126587736538667, 1.265060653844728877, -6.156249999999997335 ) ) ;
#730 = DIRECTION ( 'NONE',  ( -0.000000000000000000, -0.000000000000000000, -1.000000000000000000 ) ) ;
#731 = ADVANCED_FACE ( 'NONE', ( #2418 ), #4121, .T. ) ;
#732 = CARTESIAN_POINT ( 'NONE',  ( -1.265060653844737759, -3.054126587736549769, -11.46875000000000000 ) ) ;
#733 = CARTESIAN_POINT ( 'NONE',  ( -0.4312299409372753467, 2.585116126733414177, 5.803524482942403750 ) ) ;
#734 = LINE ( 'NONE', #682, #673 ) ;
#735 = CARTESIAN_POINT ( 'NONE',  ( 3.054126587736538667, -1.265060653844748195, -0.2187500000000019151 ) ) ;
#736 = CARTESIAN_POINT ( 'NONE',  ( 2.350480947161680323, -9.544680581810301090E-15, -3.750000000000000000 ) ) ;
#737 = CARTESIAN_POINT ( 'NONE',  ( 0.9736010864139279519, 2.350480947161670997, -1.562499999999999556 ) ) ;
#738 = CARTESIAN_POINT ( 'NONE',  ( -2.350480947161680767, -0.9736010864139355014, 2.937500000000001776 ) ) ;
#739 = CARTESIAN_POINT ( 'NONE',  ( -2.350480947161680323, -8.968978788130623169E-15, 4.874999999999999112 ) ) ;
#740 = CARTESIAN_POINT ( 'NONE',  ( 2.350480947161680323, -0.9736010864139368337, -2.812499999999999112 ) ) ;
#741 = CARTESIAN_POINT ( 'NONE',  ( 1.242640687119291210, 2.999999999999999556, -6.937500000000000000 ) ) ;
#742 = CARTESIAN_POINT ( 'NONE',  ( -2.350480947161680767, -0.9736010864139355014, -12.06250000000000000 ) ) ;
#743 = CARTESIAN_POINT ( 'NONE',  ( -2.350480947161680767, -0.9736010864139355014, 4.937500000000000888 ) ) ;
#744 = CARTESIAN_POINT ( 'NONE',  ( 0.9736010864139259535, -2.350480947161690537, -4.812500000000000000 ) ) ;
#745 = CARTESIAN_POINT ( 'NONE',  ( 2.706696711812037304, 0.1835743043115785622, 6.054583985745210839 ) ) ;
#746 = CARTESIAN_POINT ( 'NONE',  ( -2.878508968398391083E-16, -2.350480947161689649, -6.999999999999999112 ) ) ;
#747 = CARTESIAN_POINT ( 'NONE',  ( -1.662041016787803471, -1.662041016787812353, -8.000000000000000000 ) ) ;
#748 =( BOUNDED_CURVE ( )  B_SPLINE_CURVE ( 2, ( #5355, #173, #3649, #1523, #3674, #3226, #1969, #1888, #2333 ),
 .UNSPECIFIED., .F., .F. ) 
 B_SPLINE_CURVE_WITH_KNOTS ( ( 3, 2, 2, 2, 3 ),
 ( 0.7976190476190475609, 0.8035714285714284921, 0.8095238095238095344, 0.8154761904761904656, 0.8214285714285713969 ),
 .UNSPECIFIED. ) 
 CURVE ( )  GEOMETRIC_REPRESENTATION_ITEM ( )  RATIONAL_B_SPLINE_CURVE ( ( 1.000000000000001332, 0.9238795325112851842, 1.000000000000000000, 0.9238795325112866275, 1.000000000000000000, 0.9238795325112866275, 1.000000000000000000, 0.9238795325112866275, 1.000000000000000000 ) ) 
 REPRESENTATION_ITEM ( '' )  );
#749 = CARTESIAN_POINT ( 'NONE',  ( 2.159593620790638546, 2.159593620790628776, 3.906250000000003553 ) ) ;
#750 = ORIENTED_EDGE ( 'NONE', *, *, #2792, .T. ) ;
#751 = CARTESIAN_POINT ( 'NONE',  ( 2.350480947161680323, -9.544680581810301090E-15, -8.750000000000000000 ) ) ;
#752 = AXIS2_PLACEMENT_3D ( 'NONE', #3998, #2712, #3583 ) ;
#753 = CARTESIAN_POINT ( 'NONE',  ( -1.662041016787803249, 1.662041016787794367, -4.250000000000000000 ) ) ;
#754 = CARTESIAN_POINT ( 'NONE',  ( 1.507391251992594494, -2.389516754736803694, -12.18054036068079604 ) ) ;
#755 = CARTESIAN_POINT ( 'NONE',  ( 3.000000000000009326, 1.242640687119280996, 0.9375000000000008882 ) ) ;
#756 = CARTESIAN_POINT ( 'NONE',  ( 3.000000000000009770, -9.663995296166853972E-15, 3.875000000000001776 ) ) ;
#757 = ORIENTED_EDGE ( 'NONE', *, *, #578, .T. ) ;
#758 = CARTESIAN_POINT ( 'NONE',  ( 2.159593620790638102, -2.159593620790647428, -6.343749999999998224 ) ) ;
#759 = CARTESIAN_POINT ( 'NONE',  ( 3.000000000000003109, -2.451531608718105295E-15, -13.00000000000000178 ) ) ;
#760 = AXIS2_PLACEMENT_3D ( 'NONE', #4180, #3761, #4598 ) ;
#761 = CARTESIAN_POINT ( 'NONE',  ( -1.265060653844737759, -3.054126587736549769, -9.468750000000000000 ) ) ;
#762 = CARTESIAN_POINT ( 'NONE',  ( 1.216371772281714003, 2.267119541469083011, 5.671351518625947996 ) ) ;
#763 = CARTESIAN_POINT ( 'NONE',  ( 0.000000000000000000, -2.818925648462311528E-15, -13.00000000000000178 ) ) ;
#764 = CARTESIAN_POINT ( 'NONE',  ( -2.159593620790638546, -2.159593620790647428, 5.468749999999998224 ) ) ;
#765 = CARTESIAN_POINT ( 'NONE',  ( -2.350480947161680767, 0.9736010864139172938, -3.312499999999999556 ) ) ;
#766 = CARTESIAN_POINT ( 'NONE',  ( 2.350480947161679435, -0.9736010864139368337, 0.1875000000000001665 ) ) ;
#767 = AXIS2_PLACEMENT_3D ( 'NONE', #4649, #5521, #4231 ) ;
#768 = CARTESIAN_POINT ( 'NONE',  ( -2.350480947161680767, -0.9736010864139355014, 3.937500000000001776 ) ) ;
#769 = LINE ( 'NONE', #5082, #3089 ) ;
#770 = CARTESIAN_POINT ( 'NONE',  ( -2.350480947161680767, -0.9736010864139355014, -2.187500000000000444 ) ) ;
#771 = ADVANCED_FACE ( 'NONE', ( #2446 ), #3086, .T. ) ;
#772 = CARTESIAN_POINT ( 'NONE',  ( 0.000000000000000000, -2.818925648462311528E-15, -13.00000000000000178 ) ) ;
#773 = CARTESIAN_POINT ( 'NONE',  ( -1.662041016787803249, 1.662041016787794367, -10.24999999999999822 ) ) ;
#774 = CARTESIAN_POINT ( 'NONE',  ( -2.350480947161680767, 0.9736010864139172938, 6.812500000000001776 ) ) ;
#775 = CARTESIAN_POINT ( 'NONE',  ( 2.350480947161680323, 0.9736010864139177379, -4.562500000000000000 ) ) ;
#776 = CARTESIAN_POINT ( 'NONE',  ( -3.000000000000009770, -8.929207216678438350E-15, 3.375000000000001332 ) ) ;
#777 = CARTESIAN_POINT ( 'NONE',  ( -1.662041016787803471, -1.662041016787812353, -6.124999999999999112 ) ) ;
#778 = CARTESIAN_POINT ( 'NONE',  ( -1.662041016787803249, 1.662041016787794367, -10.24999999999999822 ) ) ;
#779 = CARTESIAN_POINT ( 'NONE',  ( 0.000000000000000000, 3.054126587736530229, 3.031250000000002665 ) ) ;
#780 = ORIENTED_EDGE ( 'NONE', *, *, #4052, .F. ) ;
#781 = CARTESIAN_POINT ( 'NONE',  ( -0.9736010864139263976, 2.350480947161671441, -8.437500000000000000 ) ) ;
#782 = CARTESIAN_POINT ( 'NONE',  ( -2.878508968398391083E-16, -2.350480947161689649, -4.874999999999999112 ) ) ;
#783 = CARTESIAN_POINT ( 'NONE',  ( 2.121320343559648602, -2.121320343559657928, -6.374999999999999112 ) ) ;
#784 = CARTESIAN_POINT ( 'NONE',  ( -3.000000000000009770, 1.242640687119280551, -5.687500000000000000 ) ) ;
#785 = CARTESIAN_POINT ( 'NONE',  ( -3.000000000000009770, -8.929207216678438350E-15, 4.374999999999999112 ) ) ;
#786 = ORIENTED_EDGE ( 'NONE', *, *, #3151, .T. ) ;
#787 = CARTESIAN_POINT ( 'NONE',  ( -3.054126587736539111, -1.265060653844746197, -6.656249999999999112 ) ) ;
#788 = ORIENTED_EDGE ( 'NONE', *, *, #2078, .T. ) ;
#789 = CARTESIAN_POINT ( 'NONE',  ( 3.000000000000009326, -9.663995296166853972E-15, -0.2499999999999984457 ) ) ;
#790 = CARTESIAN_POINT ( 'NONE',  ( -2.714372063613449182, 0.1697442732605770610, 6.075671841501298687 ) ) ;
#791 = CARTESIAN_POINT ( 'NONE',  ( -1.242640687119289655, -3.000000000000019096, -0.4375000000000004996 ) ) ;
#792 = CARTESIAN_POINT ( 'NONE',  ( 3.054126587736539111, 1.265060653844729099, 3.906250000000000000 ) ) ;
#793 = CARTESIAN_POINT ( 'NONE',  ( -1.662041016787803471, -1.662041016787812353, -1.124999999999999334 ) ) ;
#794 = CARTESIAN_POINT ( 'NONE',  ( -1.242640687119289655, -3.000000000000019096, 5.562499999999999112 ) ) ;
#795 = CARTESIAN_POINT ( 'NONE',  ( -2.878508968398391083E-16, -2.350480947161689649, 5.124999999999999112 ) ) ;
#796 = CARTESIAN_POINT ( 'NONE',  ( -3.000000000000009326, -8.929207216678438350E-15, -11.75000000000000000 ) ) ;
#797 = CARTESIAN_POINT ( 'NONE',  ( -2.878508968398391083E-16, -2.350480947161689649, 3.000000000000000888 ) ) ;
#798 = CARTESIAN_POINT ( 'NONE',  ( -2.499999999999997780, -1.443375672974062995, 10.00000000000000178 ) ) ;
#799 = CARTESIAN_POINT ( 'NONE',  ( 1.662041016787803249, -1.662041016787812797, -8.750000000000000000 ) ) ;
#800 = CARTESIAN_POINT ( 'NONE',  ( -2.159593620790638546, 2.159593620790629220, -6.781250000000001776 ) ) ;
#801 = CARTESIAN_POINT ( 'NONE',  ( 0.9736010864139278409, 2.350480947161670997, 7.562500000000001776 ) ) ;
#802 = CARTESIAN_POINT ( 'NONE',  ( -1.662041016787803249, 1.662041016787794367, -3.249999999999999556 ) ) ;
#803 = EDGE_CURVE ( 'NONE', #1929, #5254, #5369, .T. ) ;
#804 = CARTESIAN_POINT ( 'NONE',  ( -2.121320343559649491, 2.121320343559640165, 2.250000000000000444 ) ) ;
#805 = CARTESIAN_POINT ( 'NONE',  ( -0.9736010864139263976, 2.350480947161671441, -9.312500000000000000 ) ) ;
#806 = CARTESIAN_POINT ( 'NONE',  ( -2.159593620790638546, -2.159593620790646984, 6.406250000000001776 ) ) ;
#807 = ORIENTED_EDGE ( 'NONE', *, *, #2487, .F. ) ;
#808 = CARTESIAN_POINT ( 'NONE',  ( -2.350480947161680767, 0.9736010864139172938, -11.31249999999999822 ) ) ;
#809 = CARTESIAN_POINT ( 'NONE',  ( -2.350480947161680767, 0.9736010864139172938, -6.187500000000000000 ) ) ;
#810 = CARTESIAN_POINT ( 'NONE',  ( -1.103178441325895820, -2.493075184300281855, -12.27982608850211754 ) ) ;
#811 = FACE_OUTER_BOUND ( 'NONE', #2735, .T. ) ;
#812 = CARTESIAN_POINT ( 'NONE',  ( 1.242640687119291210, 2.999999999999999556, 4.062500000000001776 ) ) ;
#813 = ORIENTED_EDGE ( 'NONE', *, *, #1222, .T. ) ;
#814 = CARTESIAN_POINT ( 'NONE',  ( 1.265060653844736427, -3.054126587736549769, -6.406249999999998224 ) ) ;
#815 = ORIENTED_EDGE ( 'NONE', *, *, #1390, .T. ) ;
#816 = CARTESIAN_POINT ( 'NONE',  ( -3.000000000000003109, -2.818925648462311528E-15, -13.00000000000000178 ) ) ;
#817 = CARTESIAN_POINT ( 'NONE',  ( 0.7484434707159066669, 2.477311976948903371, 5.712530556810312632 ) ) ;
#818 = CARTESIAN_POINT ( 'NONE',  ( 0.000000000000000000, 2.999999999999999556, 4.000000000000001776 ) ) ;
#819 = CARTESIAN_POINT ( 'NONE',  ( -3.054126587736539555, -1.265060653844746641, 4.406249999999996447 ) ) ;
#820 = CARTESIAN_POINT ( 'NONE',  ( -0.9736010864139263976, 2.350480947161671441, -2.437500000000000444 ) ) ;
#821 = FACE_OUTER_BOUND ( 'NONE', #4256, .T. ) ;
#822 = CARTESIAN_POINT ( 'NONE',  ( 1.662041016787803693, 1.662041016787793923, 2.500000000000000444 ) ) ;
#823 = DIRECTION ( 'NONE',  ( -0.000000000000000000, -0.000000000000000000, -1.000000000000000000 ) ) ;
#824 = CARTESIAN_POINT ( 'NONE',  ( 1.662041016787803693, 1.662041016787793923, 3.375000000000001332 ) ) ;
#825 = CARTESIAN_POINT ( 'NONE',  ( -1.662041016787803471, -1.662041016787812353, -10.00000000000000000 ) ) ;
#826 = ADVANCED_FACE ( 'NONE', ( #1974 ), #4956, .T. ) ;
#827 = CARTESIAN_POINT ( 'NONE',  ( 2.159593620790638990, 2.159593620790628776, -8.031250000000001776 ) ) ;
#828 = CARTESIAN_POINT ( 'NONE',  ( -2.350480947161680323, -8.968978788130623169E-15, 5.875000000000000000 ) ) ;
#829 = CARTESIAN_POINT ( 'NONE',  ( 2.499999999999997780, -1.208780723748843933, 12.75779833836970667 ) ) ;
#830 = ORGANIZATION ( 'UNSPECIFIED', 'UNSPECIFIED', '' ) ;
#831 = CARTESIAN_POINT ( 'NONE',  ( 1.662041016787803693, 1.662041016787793923, -6.500000000000000000 ) ) ;
#832 = EDGE_CURVE ( 'NONE', #3361, #4419, #734, .T. ) ;
#833 = CARTESIAN_POINT ( 'NONE',  ( -2.350480947161680767, 0.9736010864139172938, -11.18749999999999822 ) ) ;
#834 = CARTESIAN_POINT ( 'NONE',  ( -2.350480947161680323, -8.968978788130623169E-15, -11.25000000000000000 ) ) ;
#835 = EDGE_CURVE ( 'NONE', #1889, #3788, #4638, .T. ) ;
#836 = CARTESIAN_POINT ( 'NONE',  ( 2.350480947161680323, -0.9736010864139368337, -3.687499999999999556 ) ) ;
#837 = CARTESIAN_POINT ( 'NONE',  ( 3.000000000000003109, -2.451531608718105295E-15, -13.00000000000000178 ) ) ;
#838 = CARTESIAN_POINT ( 'NONE',  ( 2.121320343559648602, -2.121320343559657928, -1.374999999999999556 ) ) ;
#839 = DIRECTION ( 'NONE',  ( -0.000000000000000000, -0.000000000000000000, -1.000000000000000000 ) ) ;
#840 = ORIENTED_EDGE ( 'NONE', *, *, #5033, .T. ) ;
#841 = CARTESIAN_POINT ( 'NONE',  ( -1.265060653844737315, 3.054126587736530674, -8.906249999999996447 ) ) ;
#842 = EDGE_LOOP ( 'NONE', ( #1086, #1350, #4366, #163 ) ) ;
#843 = FACE_OUTER_BOUND ( 'NONE', #3285, .T. ) ;
#844 = CARTESIAN_POINT ( 'NONE',  ( 1.039839455308640526, 2.286399756511690029, 12.60207377321807698 ) ) ;
#845 = CARTESIAN_POINT ( 'NONE',  ( 3.000000000000009326, -9.663995296166853972E-15, -0.2499999999999984457 ) ) ;
#846 = VECTOR ( 'NONE', #5438, 1000.000000000000114 ) ;
#847 = CARTESIAN_POINT ( 'NONE',  ( -3.054126587736539555, 1.265060653844728655, 5.281249999999998224 ) ) ;
#848 = CARTESIAN_POINT ( 'NONE',  ( 0.000000000000000000, 2.350480947161671441, -4.499999999999999112 ) ) ;
#849 = CARTESIAN_POINT ( 'NONE',  ( -0.9736010864139266197, -2.350480947161689649, 4.937500000000000000 ) ) ;
#850 = CARTESIAN_POINT ( 'NONE',  ( -1.662041016787803471, -1.662041016787812353, 2.000000000000000000 ) ) ;
#851 = AXIS2_PLACEMENT_3D ( 'NONE', #2643, #5084, #2567 ) ;
#852 = CARTESIAN_POINT ( 'NONE',  ( -3.000000000000027089, -1.242640687119280773, 0.4374999999999990008 ) ) ;
#853 = CARTESIAN_POINT ( 'NONE',  ( -1.662041016787803249, 1.662041016787794367, 1.624999999999999778 ) ) ;
#854 = DIRECTION ( 'NONE',  ( -0.000000000000000000, -0.000000000000000000, -1.000000000000000000 ) ) ;
#855 = CARTESIAN_POINT ( 'NONE',  ( 0.000000000000000000, 2.350480947161671441, -11.37500000000000000 ) ) ;
#856 = AXIS2_PLACEMENT_3D ( 'NONE', #3796, #2924, #2590 ) ;
#857 = CARTESIAN_POINT ( 'NONE',  ( 3.054126587736539999, -9.673938189029898993E-15, -5.156250000000000888 ) ) ;
#858 = CARTESIAN_POINT ( 'NONE',  ( 0.9736010864139278409, 2.350480947161670997, 4.562500000000001776 ) ) ;
#859 = VECTOR ( 'NONE', #5247, 999.9999999999998863 ) ;
#860 = CARTESIAN_POINT ( 'NONE',  ( -2.152675544397682827, 1.830948965057452416, 6.366126085606751417 ) ) ;
#861 = CARTESIAN_POINT ( 'NONE',  ( -2.350480947161680767, -0.9736010864139355014, -13.06250000000000000 ) ) ;
#862 = CARTESIAN_POINT ( 'NONE',  ( -1.662041016787803249, 1.662041016787794367, -6.375000000000000000 ) ) ;
#863 = CALENDAR_DATE ( 2026, 5, 2 ) ;
#864 =( BOUNDED_CURVE ( )  B_SPLINE_CURVE ( 2, ( #1016, #63, #2727, #3139, #988, #1334, #595, #1754, #1806 ),
 .UNSPECIFIED., .F., .F. ) 
 B_SPLINE_CURVE_WITH_KNOTS ( ( 3, 2, 2, 2, 3 ),
 ( 0.2023809523809523836, 0.2083333333333333426, 0.2142857142857143016, 0.2202380952380952606, 0.2261904761904762196 ),
 .UNSPECIFIED. ) 
 CURVE ( )  GEOMETRIC_REPRESENTATION_ITEM ( )  RATIONAL_B_SPLINE_CURVE ( ( 1.000000000000000000, 0.9238795325112867385, 1.000000000000000000, 0.9238795325112867385, 1.000000000000000000, 0.9238795325112867385, 1.000000000000000000, 0.9238795325112864054, 1.000000000000000444 ) ) 
 REPRESENTATION_ITEM ( '' )  );
#865 = CARTESIAN_POINT ( 'NONE',  ( -1.662041016787803249, 1.662041016787794367, -0.2500000000000002220 ) ) ;
#866 = CARTESIAN_POINT ( 'NONE',  ( -2.121320343559649491, -2.121320343559658372, -2.500000000000000444 ) ) ;
#867 = CARTESIAN_POINT ( 'NONE',  ( -1.460160544691357254, 2.043727262410500956, 12.60207377321807698 ) ) ;
#868 = DIRECTION ( 'NONE',  ( 1.000000000000000000, 0.000000000000000000, 0.000000000000000000 ) ) ;
#869 = ORIENTED_EDGE ( 'NONE', *, *, #3378, .F. ) ;
#870 = CARTESIAN_POINT ( 'NONE',  ( -3.054126587736539111, 1.265060653844728433, -2.781249999999997335 ) ) ;
#871 = ORIENTED_EDGE ( 'NONE', *, *, #3644, .F. ) ;
#872 = CARTESIAN_POINT ( 'NONE',  ( 2.121320343559649046, 2.121320343559639277, -8.124999999999998224 ) ) ;
#873 = CARTESIAN_POINT ( 'NONE',  ( 2.091798262368310457, 1.679051056079392090, 12.68945282103388550 ) ) ;
#874 = CARTESIAN_POINT ( 'NONE',  ( -1.242640687119289655, -3.000000000000018652, 2.437500000000000444 ) ) ;
#875 = EDGE_CURVE ( 'NONE', #1375, #3077, #390, .T. ) ;
#876 = CARTESIAN_POINT ( 'NONE',  ( -1.265060653844737759, -3.054126587736549769, 6.531249999999999112 ) ) ;
#877 = CARTESIAN_POINT ( 'NONE',  ( -1.662041016787803249, 1.662041016787794367, -0.3750000000000003331 ) ) ;
#878 = CARTESIAN_POINT ( 'NONE',  ( 2.350480947161679435, -0.9736010864139368337, 2.187500000000000444 ) ) ;
#879 = CARTESIAN_POINT ( 'NONE',  ( 2.121320343559649046, 2.121320343559639277, 2.875000000000000888 ) ) ;
#880 = FACE_OUTER_BOUND ( 'NONE', #4883, .T. ) ;
#881 = CARTESIAN_POINT ( 'NONE',  ( 0.9736010864139259535, -2.350480947161690537, 1.062500000000000888 ) ) ;
#882 = LINE ( 'NONE', #1703, #2905 ) ;
#883 = CARTESIAN_POINT ( 'NONE',  ( -1.662041016787803471, -1.662041016787812353, -8.000000000000000000 ) ) ;
#884 = CARTESIAN_POINT ( 'NONE',  ( -1.265060653844737759, -3.054126587736549769, -7.468750000000001776 ) ) ;
#885 = CARTESIAN_POINT ( 'NONE',  ( -2.350480947161680767, 0.9736010864139172938, -9.312499999999998224 ) ) ;
#886 = CARTESIAN_POINT ( 'NONE',  ( 0.9736010864139258425, -2.350480947161690537, -9.937499999999998224 ) ) ;
#887 = CARTESIAN_POINT ( 'NONE',  ( 1.242640687119290765, 2.999999999999999112, 5.937499999999999112 ) ) ;
#888 = CARTESIAN_POINT ( 'NONE',  ( 1.662041016787803693, 1.662041016787793923, -12.49999999999999822 ) ) ;
#889 = CARTESIAN_POINT ( 'NONE',  ( -0.9736010864139266197, -2.350480947161689649, -7.062499999999999112 ) ) ;
#890 = PERSON_AND_ORGANIZATION ( #519, #830 ) ;
#891 = CARTESIAN_POINT ( 'NONE',  ( 0.9736010864139259535, -2.350480947161690537, 0.1875000000000001665 ) ) ;
#892 = CARTESIAN_POINT ( 'NONE',  ( 0.000000000000000000, -2.818925648462311528E-15, -13.00000000000000178 ) ) ;
#893 = CARTESIAN_POINT ( 'NONE',  ( -3.000000000000009326, -8.929207216678438350E-15, -9.749999999999998224 ) ) ;
#894 = CARTESIAN_POINT ( 'NONE',  ( -3.000000000000009326, -8.929207216678438350E-15, 6.250000000000000000 ) ) ;
#895 = VERTEX_POINT ( 'NONE', #2089 ) ;
#896 = CARTESIAN_POINT ( 'NONE',  ( -3.054126587736539111, 1.265060653844728433, -1.781249999999998224 ) ) ;
#897 = EDGE_LOOP ( 'NONE', ( #4487, #5015, #2288, #1006 ) ) ;
#898 = CARTESIAN_POINT ( 'NONE',  ( 2.681153948285209143, -0.3440825198871970692, 6.029906968179555626 ) ) ;
#899 =( BOUNDED_CURVE ( )  B_SPLINE_CURVE ( 2, ( #535, #1574, #227, #5353, #4479, #1993, #3195, #3251, #1068 ),
 .UNSPECIFIED., .F., .F. ) 
 B_SPLINE_CURVE_WITH_KNOTS ( ( 3, 2, 2, 2, 3 ),
 ( 0.6547619047619047672, 0.6607142857142856984, 0.6666666666666665186, 0.6726190476190475609, 0.6785714285714284921 ),
 .UNSPECIFIED. ) 
 CURVE ( )  GEOMETRIC_REPRESENTATION_ITEM ( )  RATIONAL_B_SPLINE_CURVE ( ( 1.000000000000000000, 0.9238795325112867385, 1.000000000000000000, 0.9238795325112867385, 1.000000000000000000, 0.9238795325112867385, 1.000000000000000000, 0.9238795325112881818, 0.9999999999999985567 ) ) 
 REPRESENTATION_ITEM ( '' )  );
#900 = CARTESIAN_POINT ( 'NONE',  ( -2.121320343559649046, -2.121320343559657928, -7.624999999999998224 ) ) ;
#901 = CARTESIAN_POINT ( 'NONE',  ( 3.000000000000009326, -9.663995296166853972E-15, -6.249999999999999112 ) ) ;
#902 = CARTESIAN_POINT ( 'NONE',  ( -2.878508968398391083E-16, -2.350480947161689649, 2.000000000000000000 ) ) ;
#903 = CARTESIAN_POINT ( 'NONE',  ( -1.662041016787803249, 1.662041016787794367, 2.625000000000000444 ) ) ;
#904 = CARTESIAN_POINT ( 'NONE',  ( -3.000000000000009326, -8.929207216678438350E-15, -11.75000000000000000 ) ) ;
#905 = EDGE_CURVE ( 'NONE', #184, #1939, #5528, .T. ) ;
#906 = CARTESIAN_POINT ( 'NONE',  ( 2.121320343559649046, 2.121320343559639277, -2.124999999999998224 ) ) ;
#907 = CARTESIAN_POINT ( 'NONE',  ( 0.9736010864139278409, 2.350480947161670997, 4.437500000000001776 ) ) ;
#908 = DIRECTION ( 'NONE',  ( -0.000000000000000000, -0.000000000000000000, -1.000000000000000000 ) ) ;
#909 = CARTESIAN_POINT ( 'NONE',  ( -2.159593620790638546, -2.159593620790647428, -6.531250000000001776 ) ) ;
#910 = CARTESIAN_POINT ( 'NONE',  ( 1.662041016787803693, 1.662041016787793923, -12.62499999999999822 ) ) ;
#911 = CARTESIAN_POINT ( 'NONE',  ( 2.350480947161679435, -0.9736010864139368337, -8.812500000000000000 ) ) ;
#912 = CARTESIAN_POINT ( 'NONE',  ( 0.9736010864139258425, -2.350480947161690537, 0.1875000000000001665 ) ) ;
#913 = CARTESIAN_POINT ( 'NONE',  ( -1.936911422282467488, -2.158301540739364643, 6.569370515322817461 ) ) ;
#914 = CARTESIAN_POINT ( 'NONE',  ( -2.878508968398391083E-16, -2.350480947161689649, -12.87500000000000000 ) ) ;
#915 = CARTESIAN_POINT ( 'NONE',  ( -2.350480947161680323, -8.968978788130623169E-15, -5.249999999999999112 ) ) ;
#916 = APPROVAL_STATUS ( 'not_yet_approved' ) ;
#917 = AXIS2_PLACEMENT_3D ( 'NONE', #5259, #5153, #1321 ) ;
#918 = CARTESIAN_POINT ( 'NONE',  ( -2.350480947161680767, -0.9736010864139355014, -3.062499999999999112 ) ) ;
#919 = CARTESIAN_POINT ( 'NONE',  ( 3.000000000000003109, -2.451531608718105295E-15, -13.00000000000000178 ) ) ;
#920 = CARTESIAN_POINT ( 'NONE',  ( 2.641117712945917351, -1.251068098455212940, 6.631226250027157931 ) ) ;
#921 = LINE ( 'NONE', #468, #4949 ) ;
#922 = VERTEX_POINT ( 'NONE', #5502 ) ;
#923 = CARTESIAN_POINT ( 'NONE',  ( -3.054126587736539111, -1.265060653844746197, -1.656249999999998002 ) ) ;
#924 = VECTOR ( 'NONE', #2237, 1000.000000000000000 ) ;
#925 = ORIENTED_EDGE ( 'NONE', *, *, #2621, .T. ) ;
#926 = CARTESIAN_POINT ( 'NONE',  ( -2.556278749523907212, -0.1714375671513087562, 5.641314030880208108 ) ) ;
#927 = CARTESIAN_POINT ( 'NONE',  ( -3.000000000000009770, -8.929207216678438350E-15, -4.625000000000000888 ) ) ;
#928 = CARTESIAN_POINT ( 'NONE',  ( 0.000000000000000000, 3.054126587736530229, -9.968749999999998224 ) ) ;
#929 = CARTESIAN_POINT ( 'NONE',  ( -2.121320343559649046, -2.121320343559657928, 4.375000000000000888 ) ) ;
#930 = CARTESIAN_POINT ( 'NONE',  ( 1.662041016787803249, -1.662041016787812797, 1.125000000000000888 ) ) ;
#931 = CARTESIAN_POINT ( 'NONE',  ( -3.000000000000009770, -8.929207216678438350E-15, -7.625000000000000000 ) ) ;
#932 = CARTESIAN_POINT ( 'NONE',  ( -2.121320343559648602, 2.121320343559640165, -11.87499999999999822 ) ) ;
#933 =( BOUNDED_CURVE ( )  B_SPLINE_CURVE ( 2, ( #1775, #4708, #7, #1721, #818, #4313, #2534, #5183, #5160 ),
 .UNSPECIFIED., .F., .F. ) 
 B_SPLINE_CURVE_WITH_KNOTS ( ( 3, 2, 2, 2, 3 ),
 ( 0.1785714285714285476, 0.1845238095238095066, 0.1904761904761904656, 0.1964285714285714246, 0.2023809523809523836 ),
 .UNSPECIFIED. ) 
 CURVE ( )  GEOMETRIC_REPRESENTATION_ITEM ( )  RATIONAL_B_SPLINE_CURVE ( ( 1.000000000000000666, 0.9238795325112859613, 1.000000000000000000, 0.9238795325112866275, 1.000000000000000000, 0.9238795325112866275, 1.000000000000000000, 0.9238795325112859613, 1.000000000000000666 ) ) 
 REPRESENTATION_ITEM ( '' )  );
#934 = CARTESIAN_POINT ( 'NONE',  ( 3.050799999999992185, -9.480913494362109549E-15, 7.000000000000002665 ) ) ;
#935 = CARTESIAN_POINT ( 'NONE',  ( 0.000000000000000000, 2.350480947161671441, 7.500000000000001776 ) ) ;
#936 = CARTESIAN_POINT ( 'NONE',  ( 3.000000000000003109, -2.451531608718105295E-15, -13.00000000000000178 ) ) ;
#937 = CARTESIAN_POINT ( 'NONE',  ( -2.159593620790638546, -2.159593620790647428, -2.531250000000002220 ) ) ;
#938 = CARTESIAN_POINT ( 'NONE',  ( 1.662041016787803249, -1.662041016787812797, -10.87500000000000000 ) ) ;
#939 = CARTESIAN_POINT ( 'NONE',  ( 2.350480947161680323, -9.544680581810301090E-15, -5.750000000000000000 ) ) ;
#940 = EDGE_CURVE ( 'NONE', #1392, #1480, #2260, .T. ) ;
#941 = CARTESIAN_POINT ( 'NONE',  ( 2.350480947161679435, 0.9736010864139177379, -0.5624999999999987788 ) ) ;
#942 = AXIS2_PLACEMENT_3D ( 'NONE', #2337, #1892, #3115 ) ;
#943 = CARTESIAN_POINT ( 'NONE',  ( -3.673940397442071701E-16, -3.000000000000018652, 6.625000000000000888 ) ) ;
#944 = EDGE_CURVE ( 'NONE', #368, #3452, #4544, .T. ) ;
#945 = AXIS2_PLACEMENT_3D ( 'NONE', #2596, #3993, #45 ) ;
#946 = CARTESIAN_POINT ( 'NONE',  ( -1.662041016787803249, 1.662041016787794367, -12.25000000000000000 ) ) ;
#947 = CARTESIAN_POINT ( 'NONE',  ( 0.9736010864139259535, -2.350480947161690537, -7.937500000000000888 ) ) ;
#948 = CALENDAR_DATE ( 2026, 5, 2 ) ;
#949 = CARTESIAN_POINT ( 'NONE',  ( 2.350480947161680323, -0.9736010864139368337, 3.312500000000001776 ) ) ;
#950 = CARTESIAN_POINT ( 'NONE',  ( 1.242640687119288767, -3.000000000000019540, -5.437499999999999112 ) ) ;
#951 = CARTESIAN_POINT ( 'NONE',  ( -0.4082017376316880442, 2.651075962842799782, 12.68945282103388550 ) ) ;
#952 = CARTESIAN_POINT ( 'NONE',  ( 0.000000000000000000, -2.818925648462311528E-15, -13.00000000000000178 ) ) ;
#953 = EDGE_LOOP ( 'NONE', ( #1795, #1663, #1120, #1618 ) ) ;
#954 = CARTESIAN_POINT ( 'NONE',  ( -3.054126587736539111, -1.265060653844746197, -4.656249999999996447 ) ) ;
#955 = EDGE_LOOP ( 'NONE', ( #1501, #3422 ) ) ;
#956 = CARTESIAN_POINT ( 'NONE',  ( 1.453214154580779072, 1.975994010934035483, 5.342382024201372204 ) ) ;
#957 = CARTESIAN_POINT ( 'NONE',  ( -3.000000000000009326, -8.929207216678438350E-15, -7.749999999999999112 ) ) ;
#958 = CARTESIAN_POINT ( 'NONE',  ( -1.265060653844737537, -3.054126587736549325, -10.53124999999999645 ) ) ;
#959 = CARTESIAN_POINT ( 'NONE',  ( 2.121320343559648602, -2.121320343559657928, 4.625000000000002665 ) ) ;
#960 = CARTESIAN_POINT ( 'NONE',  ( -2.878508968398391083E-16, -2.350480947161689649, 0.000000000000000000 ) ) ;
#961 = LINE ( 'NONE', #2697, #212 ) ;
#962 = CARTESIAN_POINT ( 'NONE',  ( -2.350480947161680767, -0.9736010864139355014, 5.937500000000000000 ) ) ;
#963 = CARTESIAN_POINT ( 'NONE',  ( -2.121320343559648602, 2.121320343559640165, -1.874999999999999778 ) ) ;
#964 = CARTESIAN_POINT ( 'NONE',  ( 1.662041016787803249, -1.662041016787812797, 4.125000000000001776 ) ) ;
#965 = CARTESIAN_POINT ( 'NONE',  ( -1.242640687119289211, 3.000000000000000000, -10.93750000000000178 ) ) ;
#966 = ORIENTED_EDGE ( 'NONE', *, *, #3304, .T. ) ;
#967 = CARTESIAN_POINT ( 'NONE',  ( -3.054126587736539555, -1.265060653844746641, -4.593750000000002665 ) ) ;
#968 = CARTESIAN_POINT ( 'NONE',  ( -2.350480947161680323, -8.968978788130623169E-15, -11.25000000000000000 ) ) ;
#969 = CARTESIAN_POINT ( 'NONE',  ( 0.9736010864139279519, 2.350480947161670997, -5.562500000000000000 ) ) ;
#970 = CARTESIAN_POINT ( 'NONE',  ( 2.350480947161679435, 0.9736010864139177379, -1.562499999999999556 ) ) ;
#971 = ORIENTED_EDGE ( 'NONE', *, *, #1832, .F. ) ;
#972 = CARTESIAN_POINT ( 'NONE',  ( -0.8152655463424124394, -2.805604072250142078, 6.629075893529181585 ) ) ;
#973 = CC_DESIGN_DATE_AND_TIME_ASSIGNMENT ( #5149, #2208, ( #489 ) ) ;
#974 = CARTESIAN_POINT ( 'NONE',  ( 0.000000000000000000, 2.350480947161671441, -9.375000000000000000 ) ) ;
#975 = EDGE_CURVE ( 'NONE', #1929, #1147, #2948, .T. ) ;
#976 = CARTESIAN_POINT ( 'NONE',  ( -1.662041016787803471, -1.662041016787812353, 4.000000000000001776 ) ) ;
#977 = CARTESIAN_POINT ( 'NONE',  ( -2.159890518116926141E-16, -2.886751345948125991, 10.00000000000000178 ) ) ;
#978 = ORIENTED_EDGE ( 'NONE', *, *, #2757, .T. ) ;
#979 = CARTESIAN_POINT ( 'NONE',  ( 3.054126587736539555, -9.673938189029898993E-15, 0.7812500000000024425 ) ) ;
#980 = ORIENTED_EDGE ( 'NONE', *, *, #2074, .T. ) ;
#981 = CARTESIAN_POINT ( 'NONE',  ( 0.4030607380696392683, -2.626896016257751043, 5.858803877440000640 ) ) ;
#982 = DIRECTION ( 'NONE',  ( -1.000000000000000000, 0.000000000000000000, 0.000000000000000000 ) ) ;
#983 = CARTESIAN_POINT ( 'NONE',  ( 0.000000000000000000, 2.350480947161671441, -5.375000000000000000 ) ) ;
#984 = CARTESIAN_POINT ( 'NONE',  ( -2.499999999999998224, -0.4861076100947500089, 12.62317301532469038 ) ) ;
#985 = CARTESIAN_POINT ( 'NONE',  ( -0.9736010864139266197, -2.350480947161689649, 1.937500000000000000 ) ) ;
#986 = CARTESIAN_POINT ( 'NONE',  ( 0.000000000000000000, -2.818925648462311528E-15, -13.00000000000000178 ) ) ;
#987 = CARTESIAN_POINT ( 'NONE',  ( -1.662041016787803471, -1.662041016787812353, 6.000000000000000000 ) ) ;
#988 = CARTESIAN_POINT ( 'NONE',  ( -3.673940397442071701E-16, -3.000000000000018652, -9.375000000000000000 ) ) ;
#989 = CARTESIAN_POINT ( 'NONE',  ( -2.350480947161680767, 0.9736010864139172938, 6.687500000000000888 ) ) ;
#990 = CARTESIAN_POINT ( 'NONE',  ( 3.000000000000009326, -9.663995296166853972E-15, 3.750000000000001776 ) ) ;
#991 = CARTESIAN_POINT ( 'NONE',  ( 1.265060653844739313, 3.054126587736530229, -1.968750000000001776 ) ) ;
#992 = CARTESIAN_POINT ( 'NONE',  ( -2.878508968398391083E-16, -2.350480947161689649, -10.00000000000000000 ) ) ;
#993 = CARTESIAN_POINT ( 'NONE',  ( 0.9736010864139279519, 2.350480947161670997, -4.562500000000000000 ) ) ;
#994 = CARTESIAN_POINT ( 'NONE',  ( -0.9736010864139263976, 2.350480947161671441, -1.312499999999999334 ) ) ;
#995 = EDGE_CURVE ( 'NONE', #4756, #2112, #933, .T. ) ;
#996 = VERTEX_POINT ( 'NONE', #845 ) ;
#997 = CARTESIAN_POINT ( 'NONE',  ( 2.986514216272661670, -0.2841352424486524031, 6.860428147091772288 ) ) ;
#998 = CARTESIAN_POINT ( 'NONE',  ( -2.350480947161680767, -0.9736010864139355014, -8.062500000000000000 ) ) ;
#999 = CARTESIAN_POINT ( 'NONE',  ( -2.350480947161680323, -8.968978788130623169E-15, 0.8750000000000007772 ) ) ;
#1000 = CARTESIAN_POINT ( 'NONE',  ( 2.499999999999997780, 1.443375672974063439, 12.82552006691257240 ) ) ;
#1001 = CARTESIAN_POINT ( 'NONE',  ( -1.165707283483714551, -2.555275366748040788, 6.317693974772923937 ) ) ;
#1002 = DIRECTION ( 'NONE',  ( -1.000000000000000000, 0.000000000000000000, 0.000000000000000000 ) ) ;
#1003 = ORIENTED_EDGE ( 'NONE', *, *, #3913, .T. ) ;
#1004 = CARTESIAN_POINT ( 'NONE',  ( -3.054126587736539555, -8.925892919057422291E-15, 1.281250000000002887 ) ) ;
#1005 = ADVANCED_FACE ( 'NONE', ( #3425 ), #2168, .T. ) ;
#1006 = ORIENTED_EDGE ( 'NONE', *, *, #4158, .F. ) ;
#1007 = CARTESIAN_POINT ( 'NONE',  ( 1.242640687119288767, -3.000000000000019540, -10.43749999999999822 ) ) ;
#1008 = CARTESIAN_POINT ( 'NONE',  ( -1.265060653844737315, 3.054126587736530674, -12.90624999999999822 ) ) ;
#1009 = CARTESIAN_POINT ( 'NONE',  ( -0.9736010864139266197, -2.350480947161689649, -1.937500000000000000 ) ) ;
#1010 = CARTESIAN_POINT ( 'NONE',  ( -2.121320343559648602, 2.121320343559640165, -5.874999999999999112 ) ) ;
#1011 = CARTESIAN_POINT ( 'NONE',  ( -2.350480947161680767, -0.9736010864139355014, 3.812500000000002220 ) ) ;
#1012 = FACE_OUTER_BOUND ( 'NONE', #1033, .T. ) ;
#1013 = AXIS2_PLACEMENT_3D ( 'NONE', #4278, #1714, #4674 ) ;
#1014 = CARTESIAN_POINT ( 'NONE',  ( -3.000000000000009326, -8.929207216678438350E-15, 1.250000000000001110 ) ) ;
#1015 = ORIENTED_EDGE ( 'NONE', *, *, #415, .F. ) ;
#1016 = CARTESIAN_POINT ( 'NONE',  ( -3.000000000000009770, -8.929207216678438350E-15, -9.625000000000000000 ) ) ;
#1017 = CARTESIAN_POINT ( 'NONE',  ( 1.662041016787803693, 1.662041016787793923, 4.375000000000001776 ) ) ;
#1018 = FACE_OUTER_BOUND ( 'NONE', #3757, .T. ) ;
#1019 = CARTESIAN_POINT ( 'NONE',  ( 3.054126587736539999, -9.673938189029898993E-15, -3.156250000000000888 ) ) ;
#1020 = CARTESIAN_POINT ( 'NONE',  ( 2.350480947161680323, -9.544680581810301090E-15, -7.750000000000000000 ) ) ;
#1021 = CARTESIAN_POINT ( 'NONE',  ( -2.350480947161680323, -8.968978788130623169E-15, -2.250000000000000444 ) ) ;
#1022 = CARTESIAN_POINT ( 'NONE',  ( 1.662041016787803693, 1.662041016787793923, -1.499999999999999556 ) ) ;
#1023 = CARTESIAN_POINT ( 'NONE',  ( 0.9736010864139279519, 2.350480947161670997, -0.4374999999999986677 ) ) ;
#1024 = ORIENTED_EDGE ( 'NONE', *, *, #1816, .T. ) ;
#1025 = CARTESIAN_POINT ( 'NONE',  ( -2.121320343559649491, -2.121320343559658372, -3.500000000000000000 ) ) ;
#1026 = AXIS2_PLACEMENT_3D ( 'NONE', #2359, #4926, #3169 ) ;
#1027 = CARTESIAN_POINT ( 'NONE',  ( 2.350480947161680323, 0.9736010864139177379, -9.562500000000000000 ) ) ;
#1028 = VECTOR ( 'NONE', #2999, 1000.000000000000000 ) ;
#1029 = CARTESIAN_POINT ( 'NONE',  ( 1.662041016787803249, -1.662041016787812797, 4.250000000000001776 ) ) ;
#1030 = CARTESIAN_POINT ( 'NONE',  ( 2.121320343559649491, -2.121320343559658372, -6.250000000000000000 ) ) ;
#1031 = CARTESIAN_POINT ( 'NONE',  ( 2.321204953832814777, -0.3698219102109516765, -12.64951905283832012 ) ) ;
#1032 = CARTESIAN_POINT ( 'NONE',  ( 2.499999999999997780, 1.443375672974063439, 10.00000000000000178 ) ) ;
#1033 = EDGE_LOOP ( 'NONE', ( #2806, #3675, #1843, #5008 ) ) ;
#1034 = CARTESIAN_POINT ( 'NONE',  ( 2.159593620790638102, -2.159593620790647428, 0.6562500000000023315 ) ) ;
#1035 = ORIENTED_EDGE ( 'NONE', *, *, #4020, .F. ) ;
#1036 = CARTESIAN_POINT ( 'NONE',  ( -2.350480947161680323, -8.968978788130623169E-15, -12.25000000000000000 ) ) ;
#1037 = CARTESIAN_POINT ( 'NONE',  ( 3.054126587736538223, -1.265060653844747973, -12.28124999999999822 ) ) ;
#1038 = CARTESIAN_POINT ( 'NONE',  ( -1.662041016787803249, 1.662041016787794367, -2.250000000000000444 ) ) ;
#1039 = DIRECTION ( 'NONE',  ( -0.000000000000000000, -0.000000000000000000, -1.000000000000000000 ) ) ;
#1040 = CARTESIAN_POINT ( 'NONE',  ( 2.350480947161680323, -0.9736010864139368337, 3.187500000000001332 ) ) ;
#1041 = CARTESIAN_POINT ( 'NONE',  ( 3.000000000000009770, -9.663995296166853972E-15, -7.125000000000000000 ) ) ;
#1042 = CARTESIAN_POINT ( 'NONE',  ( 0.000000000000000000, 2.999999999999999556, 1.000000000000000888 ) ) ;
#1043 = EDGE_LOOP ( 'NONE', ( #1922, #555, #3613, #3254, #2360, #2945, #2706 ) ) ;
#1044 = CARTESIAN_POINT ( 'NONE',  ( -2.499999999999997335, 0.4911236299850872955, 12.62373350669433059 ) ) ;
#1045 = EDGE_CURVE ( 'NONE', #3788, #671, #2933, .T. ) ;
#1046 = CARTESIAN_POINT ( 'NONE',  ( -1.265060653844737537, 3.054126587736531118, -10.84375000000000178 ) ) ;
#1047 = CARTESIAN_POINT ( 'NONE',  ( 1.242640687119290765, 2.999999999999999112, -7.062499999999999112 ) ) ;
#1048 = VERTEX_POINT ( 'NONE', #4286 ) ;
#1049 = CARTESIAN_POINT ( 'NONE',  ( 3.054126587736539111, 1.265060653844729099, -2.093750000000001776 ) ) ;
#1050 = CARTESIAN_POINT ( 'NONE',  ( 2.350480947161680323, 0.9736010864139177379, -8.687500000000000000 ) ) ;
#1051 = CARTESIAN_POINT ( 'NONE',  ( -1.662041016787803249, 1.662041016787794367, -3.374999999999999556 ) ) ;
#1052 = CARTESIAN_POINT ( 'NONE',  ( -2.878508968398391083E-16, -2.350480947161689649, -0.8749999999999990008 ) ) ;
#1053 = CARTESIAN_POINT ( 'NONE',  ( -0.9736010864139266197, -2.350480947161689649, 3.062500000000001776 ) ) ;
#1054 = CARTESIAN_POINT ( 'NONE',  ( -0.9736010864139263976, 2.350480947161671441, -5.437499999999999112 ) ) ;
#1055 = ORIENTED_EDGE ( 'NONE', *, *, #3239, .T. ) ;
#1056 = CARTESIAN_POINT ( 'NONE',  ( 2.350480947161680323, -9.544680581810301090E-15, -12.62499999999999822 ) ) ;
#1057 = CARTESIAN_POINT ( 'NONE',  ( -2.878508968398391083E-16, -2.350480947161689649, -9.875000000000000000 ) ) ;
#1058 = CARTESIAN_POINT ( 'NONE',  ( 2.350480947161679435, 0.9736010864139177379, -11.68750000000000000 ) ) ;
#1059 = DIRECTION ( 'NONE',  ( -0.000000000000000000, -0.000000000000000000, 1.000000000000000000 ) ) ;
#1060 = CARTESIAN_POINT ( 'NONE',  ( 0.000000000000000000, -2.818925648462311528E-15, -13.00000000000000178 ) ) ;
#1061 = ORIENTED_EDGE ( 'NONE', *, *, #1138, .F. ) ;
#1062 = CARTESIAN_POINT ( 'NONE',  ( 3.054126587736538667, 1.265060653844728877, 0.8437500000000025535 ) ) ;
#1063 = ORIENTED_EDGE ( 'NONE', *, *, #2147, .T. ) ;
#1064 = CARTESIAN_POINT ( 'NONE',  ( 1.183538032462385203, 2.155681699362822723, 5.359951041564313456 ) ) ;
#1065 = EDGE_CURVE ( 'NONE', #3047, #528, #4430, .T. ) ;
#1066 = CARTESIAN_POINT ( 'NONE',  ( -2.159593620790638546, -2.159593620790646984, -9.593749999999998224 ) ) ;
#1067 = CARTESIAN_POINT ( 'NONE',  ( 0.9736010864139258425, -2.350480947161690537, -2.812499999999999112 ) ) ;
#1068 = CARTESIAN_POINT ( 'NONE',  ( -3.000000000000009770, -8.929207216678438350E-15, 0.3750000000000002220 ) ) ;
#1069 = CARTESIAN_POINT ( 'NONE',  ( -2.350480947161680767, -0.9736010864139355014, 4.812500000000000000 ) ) ;
#1070 = CARTESIAN_POINT ( 'NONE',  ( 3.000000000000009326, -9.663995296166853972E-15, 0.7500000000000006661 ) ) ;
#1071 = ORIENTED_EDGE ( 'NONE', *, *, #4051, .T. ) ;
#1072 = CARTESIAN_POINT ( 'NONE',  ( -0.2028056213224802840, 2.448326439473922811, -12.54672923256111972 ) ) ;
#1073 = APPROVAL_PERSON_ORGANIZATION ( #890, #76, #2655 ) ;
#1074 = CARTESIAN_POINT ( 'NONE',  ( 2.159593620790638546, -2.159593620790647872, -10.28125000000000178 ) ) ;
#1075 = CARTESIAN_POINT ( 'NONE',  ( 2.999999999999999112, -1.242640687119309195, 3.687500000000001332 ) ) ;
#1076 = ORIENTED_EDGE ( 'NONE', *, *, #77, .T. ) ;
#1077 = CARTESIAN_POINT ( 'NONE',  ( -3.054126587736539555, -1.265060653844746641, 2.406249999999998668 ) ) ;
#1078 = CC_DESIGN_PERSON_AND_ORGANIZATION_ASSIGNMENT ( #4750, #4725, ( #5544 ) ) ;
#1079 = CARTESIAN_POINT ( 'NONE',  ( 1.662041016787803693, 1.662041016787793923, -6.625000000000000000 ) ) ;
#1080 = CARTESIAN_POINT ( 'NONE',  ( 1.662041016787803693, 1.662041016787793923, 1.375000000000001332 ) ) ;
#1081 = EDGE_CURVE ( 'NONE', #1981, #4511, #2274, .T. ) ;
#1082 = CARTESIAN_POINT ( 'NONE',  ( -0.9736010864139263976, 2.350480947161671441, -0.3125000000000002776 ) ) ;
#1083 = CARTESIAN_POINT ( 'NONE',  ( -0.9736010864139263976, 2.350480947161671441, 4.687500000000000000 ) ) ;
#1084 = CARTESIAN_POINT ( 'NONE',  ( -1.662041016787803471, -1.662041016787812353, -3.124999999999999112 ) ) ;
#1085 = EDGE_CURVE ( 'NONE', #3452, #1147, #3009, .T. ) ;
#1086 = ORIENTED_EDGE ( 'NONE', *, *, #1941, .F. ) ;
#1087 =( BOUNDED_CURVE ( )  B_SPLINE_CURVE ( 2, ( #2377, #4944, #3665, #246, #1567, #4500, #3186, #5318, #1456, #2404, #2294, #4444, #4886, #3638, #693, #3156, #1091, #1058, #1488, #2768, #3276, #5372, #4472, #1986, #3244, #4857, #3690, #2740, #637, #4557, #1115, #3996, #4053, #217, #2795, #1934, #4080, #4528, #160, #5400, #1876, #5346, #1514, #3215, #1597, #886, #3467, #3302, #5032, #2877, #3908, #2595, #461, #42, #2431, #1760, #5488, #4298, #4583, #5430, #719, #1339, #5170, #911, #1653, #4719, #3746, #5004, #4194, #4165, #330, #68, #2178, #2072, #1171, #357, #1785, #3775, #3329, #3439, #3491, #3881, #4133, #5457, #5143, #1311, #2042, #3012, #3034, #5194, #2203, #4745, #746, #1624, #1200, #2620, #4324, #486, #2460, #2903, #1363, #3063, #299, #2014, #3718, #4613, #777, #2491, #4848, #3092, #3933, #4770, #939, #4797, #4822, #969, #2677, #3545, #5252, #1449, #3571, #2647, #181, #2313, #1420, #5310, #1840, #1896, #4353, #3959, #4380, #993, #2760, #601, #2228, #544, #126, #3600, #1477, #2732, #3118, #98, #3145, #4015, #3177, #4464, #1811, #2257, #517, #209, #1051, #1508, #2704, #4879, #572, #4437, #4409, #3518, #5223, #1389, #3990, #628, #2286, #1868, #2341, #4043, #154, #5279, #1021, #1925, #3628, #5339, #2032, #685, #3736, #4934, #4994, #2813, #4490, #737, #1614, #5418, #4097, #3234, #2366, #3319, #3207, #5363, #264, #4546, #5023, #4070, #2004, #1977, #4124, #2450, #1557, #4964, #1190, #4574, #2894, #1530, #4601, #1161, #288, #5447, #237, #766, #2787, #2868, #3681, #1106, #3706, #2481, #1952, #1587, #318, #4153, #4183, #347, #3293, #2061, #3765, #5476, #710, #4908, #1080, #655, #3657, #3262, #4518, #2394, #5389, #1133, #2840, #2421, #1300, #5506, #3460, #878, #2922, #4241, #4265, #4316, #3376, #478, #903, #2145, #3825, #1699, #2951, #5106, #3403, #3003, #2509, #1752, #2194, #5531, #3873, #4211, #1724, #2120, #3902, #5134, #1642, #1274, #2975, #1219, #4685, #3028, #5080, #3347, #35, #4711, #1332, #2171, #454, #5163, #2563, #10, #4660, #3849, #431, #849, #4738, #3430, #2612 ),
 .UNSPECIFIED., .F., .F. ) 
 B_SPLINE_CURVE_WITH_KNOTS ( ( 3, 2, 2, 2, 2, 2, 2, 2, 2, 2, 2, 2, 2, 2, 2, 2, 2, 2, 2, 2, 2, 2, 2, 2, 2, 2, 2, 2, 2, 2, 2, 2, 2, 2, 2, 2, 2, 2, 2, 2, 2, 2, 2, 2, 2, 2, 2, 2, 2, 2, 2, 2, 2, 2, 2, 2, 2, 2, 2, 2, 2, 2, 2, 2, 2, 2, 2, 2, 2, 2, 2, 2, 2, 2, 2, 2, 2, 2, 2, 2, 2, 2, 2, 2, 2, 2, 2, 2, 2, 2, 2, 2, 2, 2, 2, 2, 2, 2, 2, 2, 2, 2, 2, 2, 2, 2, 2, 2, 2, 2, 2, 2, 2, 2, 2, 2, 2, 2, 2, 2, 2, 2, 2, 2, 2, 2, 2, 2, 2, 2, 2, 2, 2, 2, 2, 2, 2, 2, 2, 2, 2, 2, 2, 3 ),
 ( 0.04045443737026876291, 0.04166666666666666435, 0.04761904761904761640, 0.05357142857142856845, 0.05952380952380952051, 0.06547619047619047949, 0.07142857142857142461, 0.07738095238095238360, 0.08333333333333334259, 0.08928571428571428770, 0.09523809523809523281, 0.1011904761904761918, 0.1071428571428571508, 0.1130952380952381098, 0.1190476190476190410, 0.1250000000000000000, 0.1309523809523809590, 0.1369047619047619180, 0.1428571428571428492, 0.1488095238095238082, 0.1547619047619047672, 0.1607142857142857262, 0.1666666666666666574, 0.1726190476190476164, 0.1785714285714285754, 0.1845238095238095344, 0.1904761904761904656, 0.1964285714285714246, 0.2023809523809523836, 0.2083333333333333426, 0.2142857142857142738, 0.2202380952380952328, 0.2261904761904761918, 0.2321428571428571508, 0.2380952380952380820, 0.2440476190476190410, 0.2500000000000000000, 0.2559523809523809312, 0.2619047619047619180, 0.2678571428571428492, 0.2738095238095238360, 0.2797619047619047672, 0.2857142857142856984, 0.2916666666666666852, 0.2976190476190476164, 0.3035714285714285476, 0.3095238095238095344, 0.3154761904761904656, 0.3214285714285714524, 0.3273809523809523836, 0.3333333333333333148, 0.3392857142857143016, 0.3452380952380952328, 0.3511904761904761640, 0.3571428571428572063, 0.3630952380952380820, 0.3690476190476190688, 0.3750000000000000000, 0.3809523809523809312, 0.3869047619047619180, 0.3928571428571428492, 0.3988095238095238360, 0.4047619047619048227, 0.4107142857142856984, 0.4166666666666666852, 0.4226190476190476164, 0.4285714285714285476, 0.4345238095238095344, 0.4404761904761904656, 0.4464285714285714524, 0.4523809523809524391, 0.4583333333333333148, 0.4642857142857143016, 0.4702380952380952328, 0.4761904761904761640, 0.4821428571428571508, 0.4880952380952380820, 0.4940476190476190688, 0.5000000000000000000, 0.5059523809523809312, 0.5119047619047618625, 0.5178571428571429047, 0.5238095238095238360, 0.5297619047619047672, 0.5357142857142856984, 0.5416666666666666297, 0.5476190476190476719, 0.5535714285714286031, 0.5595238095238095344, 0.5654761904761904656, 0.5714285714285713969, 0.5773809523809523281, 0.5833333333333333703, 0.5892857142857143016, 0.5952380952380952328, 0.6011904761904761640, 0.6071428571428570953, 0.6130952380952381375, 0.6190476190476190688, 0.6250000000000000000, 0.6309523809523809312, 0.6369047619047618625, 0.6428571428571429047, 0.6488095238095238360, 0.6547619047619047672, 0.6607142857142856984, 0.6666666666666666297, 0.6726190476190476719, 0.6785714285714284921, 0.6845238095238095344, 0.6904761904761904656, 0.6964285714285712858, 0.7023809523809523281, 0.7083333333333333703, 0.7142857142857143016, 0.7202380952380952328, 0.7261904761904762751, 0.7321428571428570953, 0.7380952380952381375, 0.7440476190476190688, 0.7500000000000000000, 0.7559523809523809312, 0.7619047619047618625, 0.7678571428571429047, 0.7738095238095239470, 0.7797619047619047672, 0.7857142857142856984, 0.7916666666666665186, 0.7976190476190476719, 0.8035714285714286031, 0.8095238095238095344, 0.8154761904761904656, 0.8214285714285713969, 0.8273809523809523281, 0.8333333333333333703, 0.8392857142857143016, 0.8452380952380952328, 0.8511904761904761640, 0.8571428571428570953, 0.8630952380952381375, 0.8690476190476191798, 0.8750000000000000000, 0.8809523809523809312, 0.8845429206200274841 ),
 .UNSPECIFIED. ) 
 CURVE ( )  GEOMETRIC_REPRESENTATION_ITEM ( )  RATIONAL_B_SPLINE_CURVE ( ( 0.9753096629729516298, 0.9844977225947858512, 1.000000000000000000, 0.9238795325112867385, 1.000000000000000000, 0.9238795325112867385, 1.000000000000000000, 0.9238795325112867385, 1.000000000000000000, 0.9238795325112867385, 1.000000000000000000, 0.9238795325112867385, 1.000000000000000000, 0.9238795325112867385, 1.000000000000000000, 0.9238795325112867385, 1.000000000000000000, 0.9238795325112867385, 1.000000000000000000, 0.9238795325112867385, 1.000000000000000000, 0.9238795325112867385, 1.000000000000000000, 0.9238795325112867385, 1.000000000000000000, 0.9238795325112867385, 1.000000000000000000, 0.9238795325112867385, 1.000000000000000000, 0.9238795325112867385, 1.000000000000000000, 0.9238795325112867385, 1.000000000000000000, 0.9238795325112867385, 1.000000000000000000, 0.9238795325112867385, 1.000000000000000000, 0.9238795325112867385, 1.000000000000000000, 0.9238795325112867385, 1.000000000000000000, 0.9238795325112867385, 1.000000000000000000, 0.9238795325112867385, 1.000000000000000000, 0.9238795325112867385, 1.000000000000000000, 0.9238795325112867385, 1.000000000000000000, 0.9238795325112867385, 1.000000000000000000, 0.9238795325112867385, 1.000000000000000000, 0.9238795325112867385, 1.000000000000000000, 0.9238795325112867385, 1.000000000000000000, 0.9238795325112867385, 1.000000000000000000, 0.9238795325112867385, 1.000000000000000000, 0.9238795325112867385, 1.000000000000000000, 0.9238795325112867385, 1.000000000000000000, 0.9238795325112867385, 1.000000000000000000, 0.9238795325112867385, 1.000000000000000000, 0.9238795325112867385, 1.000000000000000000, 0.9238795325112867385, 1.000000000000000000, 0.9238795325112867385, 1.000000000000000000, 0.9238795325112867385, 1.000000000000000000, 0.9238795325112867385, 1.000000000000000000, 0.9238795325112867385, 1.000000000000000000, 0.9238795325112867385, 1.000000000000000000, 0.9238795325112867385, 1.000000000000000000, 0.9238795325112867385, 1.000000000000000000, 0.9238795325112867385, 1.000000000000000000, 0.9238795325112867385, 1.000000000000000000, 0.9238795325112867385, 1.000000000000000000, 0.9238795325112867385, 1.000000000000000000, 0.9238795325112867385, 1.000000000000000000, 0.9238795325112867385, 1.000000000000000000, 0.9238795325112867385, 1.000000000000000000, 0.9238795325112867385, 1.000000000000000000, 0.9238795325112867385, 1.000000000000000000, 0.9238795325112867385, 1.000000000000000000, 0.9238795325112867385, 1.000000000000000000, 0.9238795325112867385, 1.000000000000000000, 0.9238795325112867385, 1.000000000000000000, 0.9238795325112867385, 1.000000000000000000, 0.9238795325112867385, 1.000000000000000000, 0.9238795325112867385, 1.000000000000000000, 0.9238795325112867385, 1.000000000000000000, 0.9238795325112867385, 1.000000000000000000, 0.9238795325112867385, 1.000000000000000000, 0.9238795325112867385, 1.000000000000000000, 0.9238795325112867385, 1.000000000000000000, 0.9238795325112867385, 1.000000000000000000, 0.9238795325112867385, 1.000000000000000000, 0.9238795325112867385, 1.000000000000000000, 0.9238795325112867385, 1.000000000000000000, 0.9238795325112867385, 1.000000000000000000, 0.9238795325112867385, 1.000000000000000000, 0.9238795325112867385, 1.000000000000000000, 0.9238795325112867385, 1.000000000000000000, 0.9238795325112867385, 1.000000000000000000, 0.9238795325112867385, 1.000000000000000000, 0.9238795325112867385, 1.000000000000000000, 0.9238795325112867385, 1.000000000000000000, 0.9238795325112867385, 1.000000000000000000, 0.9238795325112867385, 1.000000000000000000, 0.9238795325112867385, 1.000000000000000000, 0.9238795325112867385, 1.000000000000000000, 0.9238795325112867385, 1.000000000000000000, 0.9238795325112867385, 1.000000000000000000, 0.9238795325112867385, 1.000000000000000000, 0.9238795325112867385, 1.000000000000000000, 0.9238795325112867385, 1.000000000000000000, 0.9238795325112867385, 1.000000000000000000, 0.9238795325112867385, 1.000000000000000000, 0.9238795325112867385, 1.000000000000000000, 0.9238795325112867385, 1.000000000000000000, 0.9238795325112867385, 1.000000000000000000, 0.9238795325112867385, 1.000000000000000000, 0.9238795325112867385, 1.000000000000000000, 0.9238795325112867385, 1.000000000000000000, 0.9238795325112867385, 1.000000000000000000, 0.9238795325112867385, 1.000000000000000000, 0.9238795325112867385, 1.000000000000000000, 0.9238795325112867385, 1.000000000000000000, 0.9238795325112867385, 1.000000000000000000, 0.9238795325112867385, 1.000000000000000000, 0.9238795325112867385, 1.000000000000000000, 0.9238795325112867385, 1.000000000000000000, 0.9238795325112867385, 1.000000000000000000, 0.9238795325112867385, 1.000000000000000000, 0.9238795325112867385, 1.000000000000000000, 0.9238795325112867385, 1.000000000000000000, 0.9238795325112867385, 1.000000000000000000, 0.9238795325112867385, 1.000000000000000000, 0.9238795325112867385, 1.000000000000000000, 0.9238795325112867385, 1.000000000000000000, 0.9238795325112867385, 1.000000000000000000, 0.9238795325112867385, 1.000000000000000000, 0.9238795325112867385, 1.000000000000000000, 0.9238795325112867385, 1.000000000000000000, 0.9238795325112867385, 1.000000000000000000, 0.9238795325112867385, 1.000000000000000000, 0.9238795325112867385, 1.000000000000000000, 0.9238795325112867385, 1.000000000000000000, 0.9238795325112867385, 1.000000000000000000, 0.9238795325112867385, 1.000000000000000000, 0.9238795325112867385, 1.000000000000000000, 0.9238795325112867385, 1.000000000000000000, 0.9238795325112867385, 1.000000000000000000, 0.9238795325112867385, 1.000000000000000000, 0.9238795325112867385, 1.000000000000000000, 0.9238795325112867385, 1.000000000000000000, 0.9238795325112867385, 1.000000000000000000, 0.9238795325112867385, 1.000000000000000000, 0.9238795325112867385, 1.000000000000000000, 0.9238795325112867385, 1.000000000000000000, 0.9238795325112867385, 1.000000000000000000, 0.9238795325112867385, 1.000000000000000000, 0.9238795325112867385, 1.000000000000000000, 0.9238795325112867385, 1.000000000000000000, 0.9238795325112867385, 1.000000000000000000, 0.9238795325112867385, 1.000000000000000000, 0.9238795325112867385, 1.000000000000000000, 0.9238795325112867385, 1.000000000000000000, 0.9238795325112867385, 1.000000000000000000, 0.9238795325112867385, 1.000000000000000000, 0.9238795325112867385, 1.000000000000000000, 0.9238795325112867385, 1.000000000000000000, 0.9238795325112867385, 1.000000000000000000, 0.9540833222496116761, 0.9635615038633127405 ) ) 
 REPRESENTATION_ITEM ( '' )  );
#1088 = CARTESIAN_POINT ( 'NONE',  ( -0.9736010864139266197, -2.350480947161689649, -12.93749999999999822 ) ) ;
#1089 = CARTESIAN_POINT ( 'NONE',  ( 1.662041016787803693, 1.662041016787793923, -8.500000000000000000 ) ) ;
#1090 = CARTESIAN_POINT ( 'NONE',  ( 3.000000000000009770, -9.663995296166853972E-15, -3.124999999999999112 ) ) ;
#1091 = CARTESIAN_POINT ( 'NONE',  ( 2.350480947161680323, -9.544680581810301090E-15, -11.75000000000000000 ) ) ;
#1092 = CARTESIAN_POINT ( 'NONE',  ( -1.662041016787803471, -1.662041016787812353, -12.00000000000000000 ) ) ;
#1093 = CARTESIAN_POINT ( 'NONE',  ( 1.902843343920554320, 1.379836182837401282, -12.64951905283832723 ) ) ;
#1094 = CARTESIAN_POINT ( 'NONE',  ( -3.054126587736539111, 1.265060653844728433, 2.218750000000002220 ) ) ;
#1095 = EDGE_LOOP ( 'NONE', ( #214, #757, #2317, #3103 ) ) ;
#1096 = CARTESIAN_POINT ( 'NONE',  ( -3.000000000000003109, -2.818925648462311528E-15, -13.00000000000000178 ) ) ;
#1097 = CARTESIAN_POINT ( 'NONE',  ( -2.350480947161680323, 0.9736010864139172938, -3.187499999999999556 ) ) ;
#1098 = CARTESIAN_POINT ( 'NONE',  ( -1.662041016787803249, 1.662041016787794367, 4.624999999999999112 ) ) ;
#1099 = CARTESIAN_POINT ( 'NONE',  ( -3.000000000000009770, -8.929207216678438350E-15, -6.625000000000000000 ) ) ;
#1100 = ORIENTED_EDGE ( 'NONE', *, *, #3040, .F. ) ;
#1101 = CARTESIAN_POINT ( 'NONE',  ( 1.758033453730925455, 1.598667376041706945, -12.63828702704060269 ) ) ;
#1102 = CARTESIAN_POINT ( 'NONE',  ( 3.054126587736539999, -9.673938189029898993E-15, -13.15625000000000178 ) ) ;
#1103 = CARTESIAN_POINT ( 'NONE',  ( 1.902843343920554320, 1.379836182837401282, -12.64951905283832723 ) ) ;
#1104 = CARTESIAN_POINT ( 'NONE',  ( 2.159593620790638990, 2.159593620790628776, 1.968749999999998224 ) ) ;
#1105 = CARTESIAN_POINT ( 'NONE',  ( -1.662041016787803249, 1.662041016787794367, -6.375000000000000000 ) ) ;
#1106 = CARTESIAN_POINT ( 'NONE',  ( 0.9736010864139279519, 2.350480947161670997, 0.4375000000000003886 ) ) ;
#1107 = CARTESIAN_POINT ( 'NONE',  ( 2.350480947161680323, -0.9736010864139368337, -0.6874999999999987788 ) ) ;
#1108 = CARTESIAN_POINT ( 'NONE',  ( -2.878508968398391083E-16, -2.350480947161689649, 4.125000000000001776 ) ) ;
#1109 = CARTESIAN_POINT ( 'NONE',  ( -2.350480947161680767, 0.9736010864139172938, -3.312499999999999556 ) ) ;
#1110 = CARTESIAN_POINT ( 'NONE',  ( 2.389967282907447643, -0.1249857908273457607, -12.61003271709255991 ) ) ;
#1111 = CARTESIAN_POINT ( 'NONE',  ( -3.000000000000009326, -8.929207216678438350E-15, -4.749999999999999112 ) ) ;
#1112 = CARTESIAN_POINT ( 'NONE',  ( -0.9736010864139263976, 2.350480947161671441, -6.312500000000000000 ) ) ;
#1113 = ADVANCED_FACE ( 'NONE', ( #3977 ), #1901, .T. ) ;
#1114 = CARTESIAN_POINT ( 'NONE',  ( 1.242640687119291210, 2.999999999999999556, -2.937499999999999112 ) ) ;
#1115 = CARTESIAN_POINT ( 'NONE',  ( 1.662041016787803249, -1.662041016787812797, -10.87500000000000000 ) ) ;
#1116 = CARTESIAN_POINT ( 'NONE',  ( -2.350480947161680323, 0.9736010864139172938, -9.187500000000000000 ) ) ;
#1117 = VECTOR ( 'NONE', #3985, 1000.000000000000000 ) ;
#1118 = CARTESIAN_POINT ( 'NONE',  ( 3.000000000000009326, -9.663995296166853972E-15, 3.750000000000001776 ) ) ;
#1119 = CARTESIAN_POINT ( 'NONE',  ( 3.054126587736538667, 1.265060653844728877, 2.843750000000002665 ) ) ;
#1120 = ORIENTED_EDGE ( 'NONE', *, *, #3124, .F. ) ;
#1121 = CARTESIAN_POINT ( 'NONE',  ( 3.000000000000009326, -9.663995296166853972E-15, -10.25000000000000000 ) ) ;
#1122 = CARTESIAN_POINT ( 'NONE',  ( -0.9736010864139263976, 2.350480947161671441, -6.312500000000000000 ) ) ;
#1123 = CARTESIAN_POINT ( 'NONE',  ( -1.242640687119289211, 3.000000000000000000, -2.937499999999998668 ) ) ;
#1124 = CARTESIAN_POINT ( 'NONE',  ( 2.121320343559649935, 2.121320343559639721, -6.000000000000000000 ) ) ;
#1125 = ORIENTED_EDGE ( 'NONE', *, *, #2519, .T. ) ;
#1126 = AXIS2_PLACEMENT_3D ( 'NONE', #5441, #730, #2443 ) ;
#1127 = LINE ( 'NONE', #3200, #3717 ) ;
#1128 = CARTESIAN_POINT ( 'NONE',  ( -2.159593620790638546, -2.159593620790647428, -9.531250000000001776 ) ) ;
#1129 = PLANE ( 'NONE',  #3363 ) ;
#1130 = CARTESIAN_POINT ( 'NONE',  ( -0.7184349058615949746, -2.237992843824517575, 5.075889215912897434 ) ) ;
#1131 = CARTESIAN_POINT ( 'NONE',  ( -1.265060653844737537, 3.054126587736531118, 3.156249999999999556 ) ) ;
#1132 = CARTESIAN_POINT ( 'NONE',  ( 2.350480947161680323, -0.9736010864139368337, -5.812500000000000000 ) ) ;
#1133 = CARTESIAN_POINT ( 'NONE',  ( -2.350480947161680323, -0.9736010864139353904, 1.812500000000000000 ) ) ;
#1134 = CARTESIAN_POINT ( 'NONE',  ( 1.662041016787803249, -1.662041016787812797, 0.2500000000000002220 ) ) ;
#1135 = CARTESIAN_POINT ( 'NONE',  ( -3.000000000000009770, -8.929207216678438350E-15, 0.3750000000000002220 ) ) ;
#1136 = CARTESIAN_POINT ( 'NONE',  ( 0.000000000000000000, 2.350480947161671441, -3.499999999999999556 ) ) ;
#1137 = ORIENTED_EDGE ( 'NONE', *, *, #3411, .T. ) ;
#1138 = EDGE_CURVE ( 'NONE', #3149, #3323, #3440, .T. ) ;
#1139 = CARTESIAN_POINT ( 'NONE',  ( -0.9736010864139263976, 2.350480947161671441, 1.687499999999999778 ) ) ;
#1140 = CARTESIAN_POINT ( 'NONE',  ( 0.9736010864139278409, 2.350480947161670997, -4.437500000000000000 ) ) ;
#1141 = CARTESIAN_POINT ( 'NONE',  ( -0.8275106219414276598, -2.408987865612968626, 12.62338383629734473 ) ) ;
#1142 = DIRECTION ( 'NONE',  ( -1.000000000000000000, 0.000000000000000000, 0.000000000000000000 ) ) ;
#1143 = CARTESIAN_POINT ( 'NONE',  ( -2.350480947161680323, -8.968978788130623169E-15, -10.12499999999999822 ) ) ;
#1144 =( BOUNDED_CURVE ( )  B_SPLINE_CURVE ( 2, ( #4300, #2261, #2680, #1365, #5284, #5196, #4384, #1453, #3935 ),
 .UNSPECIFIED., .F., .F. ) 
 B_SPLINE_CURVE_WITH_KNOTS ( ( 3, 2, 2, 2, 3 ),
 ( 0.1785714285714284644, 0.1845238095238094511, 0.1904761904761904101, 0.1964285714285713969, 0.2023809523809523836 ),
 .UNSPECIFIED. ) 
 CURVE ( )  GEOMETRIC_REPRESENTATION_ITEM ( )  RATIONAL_B_SPLINE_CURVE ( ( 1.000000000000001332, 0.9238795325112852952, 1.000000000000000000, 0.9238795325112867385, 1.000000000000000000, 0.9238795325112867385, 1.000000000000000000, 0.9238795325112867385, 1.000000000000000000 ) ) 
 REPRESENTATION_ITEM ( '' )  );
#1145 = EDGE_CURVE ( 'NONE', #2531, #1375, #3579, .T. ) ;
#1146 = CARTESIAN_POINT ( 'NONE',  ( 0.000000000000000000, 3.054126587736530229, 5.031250000000004441 ) ) ;
#1147 = VERTEX_POINT ( 'NONE', #1333 ) ;
#1148 = CARTESIAN_POINT ( 'NONE',  ( -1.662041016787803249, 1.662041016787794367, -9.375000000000000000 ) ) ;
#1149 = CARTESIAN_POINT ( 'NONE',  ( 2.350480947161680323, 0.9736010864139177379, -6.562500000000000000 ) ) ;
#1150 = LINE ( 'NONE', #4453, #3154 ) ;
#1151 = DIRECTION ( 'NONE',  ( 0.000000000000000000, 0.000000000000000000, 1.000000000000000000 ) ) ;
#1152 = CARTESIAN_POINT ( 'NONE',  ( 2.121320343559648602, -2.121320343559657928, 1.625000000000001332 ) ) ;
#1153 = VERTEX_POINT ( 'NONE', #3952 ) ;
#1154 = CARTESIAN_POINT ( 'NONE',  ( 3.054126587736538223, -1.265060653844747973, -6.281249999999997335 ) ) ;
#1155 = CARTESIAN_POINT ( 'NONE',  ( 2.121320343559648602, -2.121320343559657928, -11.37500000000000000 ) ) ;
#1156 = CARTESIAN_POINT ( 'NONE',  ( -3.054126587736539555, 1.265060653844728655, -11.71875000000000000 ) ) ;
#1157 = DIRECTION ( 'NONE',  ( -0.000000000000000000, -0.000000000000000000, -1.000000000000000000 ) ) ;
#1158 = LINE ( 'NONE', #261, #2462 ) ;
#1159 = CARTESIAN_POINT ( 'NONE',  ( 1.265060653844736649, -3.054126587736549769, -0.3437500000000020539 ) ) ;
#1160 = CARTESIAN_POINT ( 'NONE',  ( -0.9736010864139266197, -2.350480947161689649, -2.062500000000000000 ) ) ;
#1161 = CARTESIAN_POINT ( 'NONE',  ( -0.9736010864139266197, -2.350480947161689649, -0.06250000000000005551 ) ) ;
#1162 = CARTESIAN_POINT ( 'NONE',  ( 2.350480947161680323, -0.9736010864139368337, 4.312500000000001776 ) ) ;
#1163 = CARTESIAN_POINT ( 'NONE',  ( -0.9736010864139263976, 2.350480947161671441, 2.687500000000000444 ) ) ;
#1164 = CARTESIAN_POINT ( 'NONE',  ( -2.878508968398391083E-16, -2.350480947161689649, -2.000000000000000000 ) ) ;
#1165 = ORIENTED_EDGE ( 'NONE', *, *, #2281, .T. ) ;
#1166 = CARTESIAN_POINT ( 'NONE',  ( -2.878508968398391083E-16, -2.350480947161689649, -11.87500000000000000 ) ) ;
#1167 = CARTESIAN_POINT ( 'NONE',  ( 2.350480947161680323, -0.9736010864139368337, 5.312499999999999112 ) ) ;
#1168 = EDGE_CURVE ( 'NONE', #3306, #4912, #5151, .T. ) ;
#1169 = CARTESIAN_POINT ( 'NONE',  ( 0.9736010864139259535, -2.350480947161690537, -5.812500000000000000 ) ) ;
#1170 = CARTESIAN_POINT ( 'NONE',  ( 3.000000000000004885, 1.242640687119284992, -9.062499999999998224 ) ) ;
#1171 = CARTESIAN_POINT ( 'NONE',  ( -1.662041016787803471, -1.662041016787812353, -8.125000000000000000 ) ) ;
#1172 = CARTESIAN_POINT ( 'NONE',  ( -2.878508968398391083E-16, -2.350480947161689649, -8.875000000000000000 ) ) ;
#1173 = CARTESIAN_POINT ( 'NONE',  ( 2.159593620790638546, 2.159593620790628776, 2.906250000000002665 ) ) ;
#1174 = ORIENTED_EDGE ( 'NONE', *, *, #653, .T. ) ;
#1175 = CARTESIAN_POINT ( 'NONE',  ( -0.9736010864139263976, 2.350480947161671441, -11.43750000000000000 ) ) ;
#1176 = CARTESIAN_POINT ( 'NONE',  ( -1.662041016787803249, 1.662041016787794367, -7.249999999999999112 ) ) ;
#1177 = CARTESIAN_POINT ( 'NONE',  ( 0.000000000000000000, 2.999999999999999556, -11.99999999999999645 ) ) ;
#1178 = CARTESIAN_POINT ( 'NONE',  ( -3.000000000000009770, -8.929207216678438350E-15, -5.625000000000000000 ) ) ;
#1179 = EDGE_CURVE ( 'NONE', #4825, #1, #304, .T. ) ;
#1180 = CARTESIAN_POINT ( 'NONE',  ( -3.673940397442071701E-16, -3.000000000000018652, -4.375000000000000000 ) ) ;
#1181 = ORIENTED_EDGE ( 'NONE', *, *, #944, .T. ) ;
#1182 = CARTESIAN_POINT ( 'NONE',  ( -1.265060653844737315, 3.054126587736530674, -5.906249999999997335 ) ) ;
#1183 = CARTESIAN_POINT ( 'NONE',  ( 3.000000000000009770, -9.663995296166853972E-15, 1.874999999999999778 ) ) ;
#1184 = CARTESIAN_POINT ( 'NONE',  ( 3.054126587736539111, 1.265060653844729099, -9.093750000000001776 ) ) ;
#1185 = FACE_OUTER_BOUND ( 'NONE', #4114, .T. ) ;
#1186 = CYLINDRICAL_SURFACE ( 'NONE', #3178, 3.000000000000003109 ) ;
#1187 = B_SPLINE_CURVE_WITH_KNOTS ( 'NONE', 3,
 ( #4279, #2658, #1740, #2628, #525, #920, #2185, #2211, #498, #1819, #51, #2965, #4675, #5123, #1289, #1768, #3474, #5176, #4389, #1001, #4806, #667, #582, #5319, #2378, #3157, #2685, #1877, #3216, #3582, #5289, #1935 ),
 .UNSPECIFIED., .F., .F.,
 ( 4, 2, 2, 2, 2, 2, 2, 2, 2, 2, 2, 2, 2, 2, 2, 4 ),
 ( 0.002053910743084118480, 0.002611114204112648107, 0.003168317665141177734, 0.003725521126169707362, 0.004282724587198236989, 0.005397131509255295376, 0.005954334970283825870, 0.006511538431312354630, 0.007068741892340884257, 0.007625945353369413884, 0.008183148814397942644, 0.008740352275426473139, 0.009297555736455003633, 0.009854759197483534128, 0.01041196265851206115, 0.01096916611954059165 ),
 .UNSPECIFIED. ) ;
#1188 = CARTESIAN_POINT ( 'NONE',  ( -1.265060653844737759, -3.054126587736549769, 1.531249999999998002 ) ) ;
#1189 = CARTESIAN_POINT ( 'NONE',  ( -1.662041016787803249, 1.662041016787794367, -1.374999999999999556 ) ) ;
#1190 = CARTESIAN_POINT ( 'NONE',  ( -1.662041016787803249, 1.662041016787794367, -0.3750000000000003331 ) ) ;
#1191 = CARTESIAN_POINT ( 'NONE',  ( -1.662041016787803471, -1.662041016787812353, 4.000000000000001776 ) ) ;
#1192 = CARTESIAN_POINT ( 'NONE',  ( 3.000000000000009770, -9.663995296166853972E-15, -10.12500000000000178 ) ) ;
#1193 = CARTESIAN_POINT ( 'NONE',  ( -2.350480947161680767, 0.9736010864139172938, -1.312499999999999556 ) ) ;
#1194 = CARTESIAN_POINT ( 'NONE',  ( -3.000000000000009770, -8.929207216678438350E-15, -1.625000000000000000 ) ) ;
#1195 = CARTESIAN_POINT ( 'NONE',  ( 1.662041016787803249, -1.662041016787812797, -10.75000000000000000 ) ) ;
#1196 = CARTESIAN_POINT ( 'NONE',  ( -2.350480947161680767, -0.9736010864139355014, 6.937500000000000888 ) ) ;
#1197 = CIRCLE ( 'NONE', #917, 3.050799999999992185 ) ;
#1198 = CARTESIAN_POINT ( 'NONE',  ( 2.350480947161680323, -0.9736010864139368337, -4.687500000000000000 ) ) ;
#1199 = CARTESIAN_POINT ( 'NONE',  ( -2.700724551693386655, 0.8932879112930040000, 6.417555908693679534 ) ) ;
#1200 = CARTESIAN_POINT ( 'NONE',  ( 1.662041016787803249, -1.662041016787812797, -6.875000000000000000 ) ) ;
#1201 = CARTESIAN_POINT ( 'NONE',  ( 2.350480947161679435, 0.9736010864139177379, -8.562500000000000000 ) ) ;
#1202 = CARTESIAN_POINT ( 'NONE',  ( 1.265060653844739091, 3.054126587736529341, 5.968750000000001776 ) ) ;
#1203 = ORIENTED_EDGE ( 'NONE', *, *, #4224, .T. ) ;
#1204 = CARTESIAN_POINT ( 'NONE',  ( -2.878508968398391083E-16, -2.350480947161689649, -9.000000000000000000 ) ) ;
#1205 = AXIS2_PLACEMENT_3D ( 'NONE', #4307, #81, #4676 ) ;
#1206 = CARTESIAN_POINT ( 'NONE',  ( 2.350480947161680323, 0.9736010864139177379, -7.562500000000000000 ) ) ;
#1207 = CARTESIAN_POINT ( 'NONE',  ( 2.612663738252069212, -1.217168912534894343, -12.12334391982241044 ) ) ;
#1208 = CARTESIAN_POINT ( 'NONE',  ( 1.242640687119291210, 2.999999999999999556, -0.9374999999999993339 ) ) ;
#1209 = FACE_OUTER_BOUND ( 'NONE', #5332, .T. ) ;
#1210 = VERTEX_POINT ( 'NONE', #1014 ) ;
#1211 = CARTESIAN_POINT ( 'NONE',  ( -3.740226349862381049E-16, -3.054126587736548437, -9.468749999999998224 ) ) ;
#1212 = VERTEX_POINT ( 'NONE', #1099 ) ;
#1213 = CARTESIAN_POINT ( 'NONE',  ( 1.242640687119290765, 2.999999999999999112, -0.06249999999999829303 ) ) ;
#1214 = AXIS2_PLACEMENT_3D ( 'NONE', #772, #5056, #351 ) ;
#1215 = CYLINDRICAL_SURFACE ( 'NONE', #3456, 3.000000000000003109 ) ;
#1216 = CARTESIAN_POINT ( 'NONE',  ( 2.488311942018630596, -9.569999724811529841E-15, 5.454576761983333633 ) ) ;
#1217 = CARTESIAN_POINT ( 'NONE',  ( 1.265060653844739313, 3.054126587736530229, 5.031249999999997335 ) ) ;
#1218 = CARTESIAN_POINT ( 'NONE',  ( -2.350480947161680767, -0.9736010864139355014, -1.187499999999999334 ) ) ;
#1219 = CARTESIAN_POINT ( 'NONE',  ( -0.9736010864139266197, -2.350480947161689649, 3.937500000000001776 ) ) ;
#1220 = PRODUCT_DEFINITION_SHAPE ( 'NONE', 'NONE',  #489 ) ;
#1221 = CARTESIAN_POINT ( 'NONE',  ( -0.9736010864139266197, -2.350480947161689649, 5.062500000000000888 ) ) ;
#1222 = EDGE_CURVE ( 'NONE', #5383, #3893, #3081, .T. ) ;
#1223 = CARTESIAN_POINT ( 'NONE',  ( 3.000000000000003109, -2.451531608718105295E-15, -13.00000000000000178 ) ) ;
#1224 = CARTESIAN_POINT ( 'NONE',  ( -1.662041016787803249, 1.662041016787794367, 2.625000000000000444 ) ) ;
#1225 = VERTEX_POINT ( 'NONE', #1549 ) ;
#1226 = CARTESIAN_POINT ( 'NONE',  ( -0.9736010864139266197, -2.350480947161689649, -8.937500000000000000 ) ) ;
#1227 = CARTESIAN_POINT ( 'NONE',  ( -2.159593620790638546, 2.159593620790629220, -5.781250000000001776 ) ) ;
#1228 = CARTESIAN_POINT ( 'NONE',  ( -1.662041016787803249, 1.662041016787794367, -13.37500000000000000 ) ) ;
#1229 = CARTESIAN_POINT ( 'NONE',  ( -2.878508968398391083E-16, -2.350480947161689649, -6.874999999999999112 ) ) ;
#1230 = DIRECTION ( 'NONE',  ( -0.000000000000000000, -0.000000000000000000, -1.000000000000000000 ) ) ;
#1231 = CARTESIAN_POINT ( 'NONE',  ( 2.350480947161680323, -9.544680581810301090E-15, -7.625000000000000000 ) ) ;
#1232 = CARTESIAN_POINT ( 'NONE',  ( -3.740226349862381049E-16, -3.054126587736548437, 3.531250000000003109 ) ) ;
#1233 = ORIENTED_EDGE ( 'NONE', *, *, #835, .F. ) ;
#1234 = CARTESIAN_POINT ( 'NONE',  ( 1.662041016787803693, 1.662041016787793923, -11.62500000000000000 ) ) ;
#1235 = CARTESIAN_POINT ( 'NONE',  ( 0.9736010864139259535, -2.350480947161690537, -5.812500000000000000 ) ) ;
#1236 = CARTESIAN_POINT ( 'NONE',  ( 0.8398444540079096354, -2.669609191932449388, -12.20721055181891401 ) ) ;
#1237 = CARTESIAN_POINT ( 'NONE',  ( 2.121320343559648602, -2.121320343559657928, 0.6250000000000005551 ) ) ;
#1238 = CARTESIAN_POINT ( 'NONE',  ( 3.000000000000009770, -9.663995296166853972E-15, -4.125000000000000000 ) ) ;
#1239 = VERTEX_POINT ( 'NONE', #2805 ) ;
#1240 = CARTESIAN_POINT ( 'NONE',  ( 3.054126587736539555, -9.673938189029898993E-15, -8.218749999999996447 ) ) ;
#1241 = EDGE_CURVE ( 'NONE', #1293, #1225, #4361, .T. ) ;
#1242 = ORIENTED_EDGE ( 'NONE', *, *, #559, .F. ) ;
#1243 = CARTESIAN_POINT ( 'NONE',  ( -3.000000000000008438, 1.242640687119280329, -7.812499999999999112 ) ) ;
#1244 = CARTESIAN_POINT ( 'NONE',  ( 2.488311942018630596, -9.569999724811529841E-15, 5.454576761983333633 ) ) ;
#1245 = CARTESIAN_POINT ( 'NONE',  ( -3.000000000000008438, -1.242640687119298093, -3.687499999999999556 ) ) ;
#1246 = CARTESIAN_POINT ( 'NONE',  ( -3.054126587736539555, 1.265060653844728655, 6.281249999999998224 ) ) ;
#1247 = CARTESIAN_POINT ( 'NONE',  ( 0.9736010864139278409, 2.350480947161670997, -2.562499999999998668 ) ) ;
#1248 = CARTESIAN_POINT ( 'NONE',  ( 3.000000000000009770, -9.663995296166853972E-15, 5.875000000000000000 ) ) ;
#1249 = CARTESIAN_POINT ( 'NONE',  ( 2.350480947161680323, -0.9736010864139368337, 2.312500000000000888 ) ) ;
#1250 = LINE ( 'NONE', #1223, #132 ) ;
#1251 = CARTESIAN_POINT ( 'NONE',  ( 0.9736010864139259535, -2.350480947161690537, 0.06250000000000005551 ) ) ;
#1252 = CARTESIAN_POINT ( 'NONE',  ( 3.000000000000017319, 1.242640687119272114, -1.187500000000000000 ) ) ;
#1253 = CARTESIAN_POINT ( 'NONE',  ( -2.350480947161680767, 0.9736010864139172938, -9.187500000000000000 ) ) ;
#1254 = EDGE_CURVE ( 'NONE', #1512, #5491, #748, .T. ) ;
#1255 = CARTESIAN_POINT ( 'NONE',  ( -3.054126587736539555, -1.265060653844746641, -7.593750000000001776 ) ) ;
#1256 = CARTESIAN_POINT ( 'NONE',  ( 0.000000000000000000, 2.350480947161671441, 6.625000000000000888 ) ) ;
#1257 = EDGE_CURVE ( 'NONE', #4511, #4421, #593, .T. ) ;
#1258 = DIRECTION ( 'NONE',  ( -1.000000000000000000, 0.000000000000000000, 0.000000000000000000 ) ) ;
#1259 = CARTESIAN_POINT ( 'NONE',  ( -2.350480947161680323, -8.968978788130623169E-15, -6.124999999999999112 ) ) ;
#1260 = CARTESIAN_POINT ( 'NONE',  ( -3.054126587736539111, -1.265060653844746197, 7.343750000000002665 ) ) ;
#1261 = CARTESIAN_POINT ( 'NONE',  ( -1.662041016787803249, 1.662041016787794367, -10.37499999999999822 ) ) ;
#1262 =( BOUNDED_CURVE ( )  B_SPLINE_CURVE ( 2, ( #3168, #4346, #146, #2724, #4871, #2751, #4455, #509, #3510 ),
 .UNSPECIFIED., .F., .F. ) 
 B_SPLINE_CURVE_WITH_KNOTS ( ( 3, 2, 2, 2, 3 ),
 ( 0.7738095238095237249, 0.7797619047619046562, 0.7857142857142855874, 0.7916666666666665186, 0.7976190476190475609 ),
 .UNSPECIFIED. ) 
 CURVE ( )  GEOMETRIC_REPRESENTATION_ITEM ( )  RATIONAL_B_SPLINE_CURVE ( ( 1.000000000000001332, 0.9238795325112851842, 1.000000000000000000, 0.9238795325112866275, 1.000000000000000000, 0.9238795325112866275, 1.000000000000000000, 0.9238795325112880708, 0.9999999999999985567 ) ) 
 REPRESENTATION_ITEM ( '' )  );
#1263 = CARTESIAN_POINT ( 'NONE',  ( -2.350480947161680767, 0.9736010864139172938, -0.1875000000000001665 ) ) ;
#1264 = CARTESIAN_POINT ( 'NONE',  ( 2.524659877555816223, -1.377148385520765350, -12.12990108990460669 ) ) ;
#1265 = CARTESIAN_POINT ( 'NONE',  ( -3.000000000000009326, -8.929207216678438350E-15, -1.749999999999999778 ) ) ;
#1266 = CARTESIAN_POINT ( 'NONE',  ( 2.408493649053885743, -9.555337342262627476E-15, -12.59150635094611737 ) ) ;
#1267 = ORIENTED_EDGE ( 'NONE', *, *, #2074, .F. ) ;
#1268 = CARTESIAN_POINT ( 'NONE',  ( -3.054126587736539111, -1.265060653844746197, -8.656249999999998224 ) ) ;
#1269 = EDGE_LOOP ( 'NONE', ( #2852, #4653, #3476, #5404 ) ) ;
#1270 = CARTESIAN_POINT ( 'NONE',  ( -3.000000000000000888, 1.242640687119289433, 2.187500000000000000 ) ) ;
#1271 = CARTESIAN_POINT ( 'NONE',  ( 1.242640687119288767, -3.000000000000019540, -7.437499999999999112 ) ) ;
#1272 = CARTESIAN_POINT ( 'NONE',  ( -3.054126587736539999, -8.925892919057422291E-15, 6.343749999999999112 ) ) ;
#1273 = CARTESIAN_POINT ( 'NONE',  ( 0.9736010864139259535, -2.350480947161690537, -3.937500000000000000 ) ) ;
#1274 = CARTESIAN_POINT ( 'NONE',  ( -2.350480947161680323, -0.9736010864139353904, 3.812500000000002220 ) ) ;
#1275 = CARTESIAN_POINT ( 'NONE',  ( 2.350480947161680323, 0.9736010864139177379, 2.437500000000000444 ) ) ;
#1276 = DIRECTION ( 'NONE',  ( 0.8660254037844385966, 0.5000000000000001110, 0.000000000000000000 ) ) ;
#1277 = CARTESIAN_POINT ( 'NONE',  ( -1.662041016787803249, 1.662041016787794367, 3.625000000000001332 ) ) ;
#1278 = FACE_OUTER_BOUND ( 'NONE', #29, .T. ) ;
#1279 = CARTESIAN_POINT ( 'NONE',  ( 2.350480947161680323, -0.9736010864139368337, -11.68750000000000000 ) ) ;
#1280 = CARTESIAN_POINT ( 'NONE',  ( 0.000000000000000000, 3.054126587736530674, -4.906250000000000888 ) ) ;
#1281 = CARTESIAN_POINT ( 'NONE',  ( -2.350480947161680323, -8.968978788130623169E-15, 4.874999999999999112 ) ) ;
#1282 = VECTOR ( 'NONE', #2830, 999.9999999999998863 ) ;
#1283 = CARTESIAN_POINT ( 'NONE',  ( 2.159593620790638102, -2.159593620790647428, 7.656250000000003553 ) ) ;
#1284 = ADVANCED_FACE ( 'NONE', ( #2387 ), #5227, .T. ) ;
#1285 = CARTESIAN_POINT ( 'NONE',  ( 1.662041016787803249, -1.662041016787812797, -4.874999999999999112 ) ) ;
#1286 = PERSON_AND_ORGANIZATION ( #519, #830 ) ;
#1287 = CARTESIAN_POINT ( 'NONE',  ( 1.662041016787803693, 1.662041016787793923, -0.4999999999999987232 ) ) ;
#1288 = CARTESIAN_POINT ( 'NONE',  ( -3.000000000000009770, -8.929207216678438350E-15, -2.625000000000000888 ) ) ;
#1289 = CARTESIAN_POINT ( 'NONE',  ( 0.2773935242214590202, -2.833259286505282137, 6.422993773267347883 ) ) ;
#1290 = LINE ( 'NONE', #2993, #1749 ) ;
#1291 = ORIENTED_EDGE ( 'NONE', *, *, #2230, .F. ) ;
#1292 = CARTESIAN_POINT ( 'NONE',  ( -1.265060653844737537, -3.054126587736549325, -4.531249999999996447 ) ) ;
#1293 = VERTEX_POINT ( 'NONE', #5273 ) ;
#1294 = CARTESIAN_POINT ( 'NONE',  ( 1.242640687119290765, 2.999999999999999112, 1.937500000000001776 ) ) ;
#1295 =( BOUNDED_CURVE ( )  B_SPLINE_CURVE ( 2, ( #4273, #2154, #2231, #1761, #943, #2290, #2651, #4356, #997 ),
 .UNSPECIFIED., .F., .F. ) 
 B_SPLINE_CURVE_WITH_KNOTS ( ( 3, 2, 2, 2, 3 ),
 ( 0.9642857142857141906, 0.9702380952380951218, 0.9761904761904761640, 0.9821428571428570953, 0.9873638948550879091 ),
 .UNSPECIFIED. ) 
 CURVE ( )  GEOMETRIC_REPRESENTATION_ITEM ( )  RATIONAL_B_SPLINE_CURVE ( ( 1.000000000000001332, 0.9238795325112852952, 1.000000000000000000, 0.9238795325112867385, 1.000000000000000000, 0.9238795325112867385, 1.000000000000000000, 0.9332321243195574878, 0.9835930411952045205 ) ) 
 REPRESENTATION_ITEM ( '' )  );
#1296 = CARTESIAN_POINT ( 'NONE',  ( -3.000000000000008438, -1.242640687119298093, -7.687499999999999112 ) ) ;
#1297 = CARTESIAN_POINT ( 'NONE',  ( -0.4239264367112244858, -2.332535221336283993, 5.075889215912898322 ) ) ;
#1298 = CARTESIAN_POINT ( 'NONE',  ( 3.054126587736538667, -1.265060653844748195, 4.781249999999997335 ) ) ;
#1299 = CARTESIAN_POINT ( 'NONE',  ( -0.9736010864139266197, -2.350480947161689649, -0.06250000000000005551 ) ) ;
#1300 = CARTESIAN_POINT ( 'NONE',  ( -2.878508968398391083E-16, -2.350480947161689649, 2.000000000000000000 ) ) ;
#1301 = CARTESIAN_POINT ( 'NONE',  ( 1.242640687119291210, 2.999999999999999556, -7.937500000000000000 ) ) ;
#1302 = VECTOR ( 'NONE', #5027, 1000.000000000000000 ) ;
#1303 = CARTESIAN_POINT ( 'NONE',  ( -1.242640687119289655, -3.000000000000019096, 1.562499999999999556 ) ) ;
#1304 = CARTESIAN_POINT ( 'NONE',  ( 2.350480947161680323, 0.9736010864139177379, 1.312500000000001110 ) ) ;
#1305 = B_SPLINE_CURVE_WITH_KNOTS ( 'NONE', 3,
 ( #4513, #2807, #3651, #4458, #5357, #622, #203, #3623, #1525, #5334 ),
 .UNSPECIFIED., .F., .F.,
 ( 4, 2, 2, 2, 4 ),
 ( 9.030338589100825124E-14, 0.0005134776858387572361, 0.001026955371587211056, 0.001540433057335664985, 0.002053910743084118480 ),
 .UNSPECIFIED. ) ;
#1306 = FACE_OUTER_BOUND ( 'NONE', #4979, .T. ) ;
#1307 = CARTESIAN_POINT ( 'NONE',  ( 0.9736010864139259535, -2.350480947161690537, -7.812500000000000000 ) ) ;
#1308 = CIRCLE ( 'NONE', #492, 4.700000000000000178 ) ;
#1309 = CARTESIAN_POINT ( 'NONE',  ( 1.265060653844739313, 3.054126587736530229, -6.968750000000001776 ) ) ;
#1310 = CARTESIAN_POINT ( 'NONE',  ( -0.9736010864139263976, 2.350480947161671441, -11.43750000000000000 ) ) ;
#1311 = CARTESIAN_POINT ( 'NONE',  ( -0.9736010864139263976, 2.350480947161671441, -7.437500000000000000 ) ) ;
#1312 = AXIS2_PLACEMENT_3D ( 'NONE', #3342, #3371, #5129 ) ;
#1313 = CARTESIAN_POINT ( 'NONE',  ( 1.242640687119288767, -3.000000000000019540, 3.687500000000001776 ) ) ;
#1314 = CARTESIAN_POINT ( 'NONE',  ( 2.159593620790638102, -2.159593620790647428, 6.656250000000002665 ) ) ;
#1315 = CARTESIAN_POINT ( 'NONE',  ( -1.662041016787803471, -1.662041016787812353, -7.124999999999999112 ) ) ;
#1316 = DATE_AND_TIME ( #948, #1708 ) ;
#1317 = CC_DESIGN_PERSON_AND_ORGANIZATION_ASSIGNMENT ( #1737, #2157, ( #4299 ) ) ;
#1318 = APPLICATION_CONTEXT ( 'configuration controlled 3d designs of mechanical parts and assemblies' ) ;
#1319 = EDGE_CURVE ( 'NONE', #1210, #3699, #1871, .T. ) ;
#1320 = CARTESIAN_POINT ( 'NONE',  ( -1.662041016787803471, -1.662041016787812353, 0.000000000000000000 ) ) ;
#1321 = DIRECTION ( 'NONE',  ( -1.000000000000000000, 0.000000000000000000, 0.000000000000000000 ) ) ;
#1322 = CARTESIAN_POINT ( 'NONE',  ( -3.000000000000009326, -8.929207216678438350E-15, 2.250000000000000444 ) ) ;
#1323 = CARTESIAN_POINT ( 'NONE',  ( 2.121320343559648602, -2.121320343559657928, -2.374999999999998668 ) ) ;
#1324 = ORIENTED_EDGE ( 'NONE', *, *, #462, .T. ) ;
#1325 = CARTESIAN_POINT ( 'NONE',  ( -3.054126587736539555, -8.925892919057422291E-15, -3.718749999999998224 ) ) ;
#1326 = ORIENTED_EDGE ( 'NONE', *, *, #5010, .F. ) ;
#1327 = CARTESIAN_POINT ( 'NONE',  ( 1.222897709842782898, -2.358799228442818308, 5.902748726728322737 ) ) ;
#1328 = CARTESIAN_POINT ( 'NONE',  ( 0.000000000000000000, 3.000000000000000444, 3.125000000000000888 ) ) ;
#1329 = CARTESIAN_POINT ( 'NONE',  ( -3.673940397442070715E-16, -3.000000000000017764, 2.500000000000000444 ) ) ;
#1330 = CARTESIAN_POINT ( 'NONE',  ( -2.159593620790638546, 2.159593620790629220, 4.218749999999996447 ) ) ;
#1331 = CARTESIAN_POINT ( 'NONE',  ( -0.9736010864139263976, 2.350480947161671441, 1.562499999999999556 ) ) ;
#1332 = CARTESIAN_POINT ( 'NONE',  ( 1.662041016787803693, 1.662041016787793923, 4.375000000000001776 ) ) ;
#1333 = CARTESIAN_POINT ( 'NONE',  ( 3.000000000000009326, -9.663995296166853972E-15, -4.249999999999998224 ) ) ;
#1334 = CARTESIAN_POINT ( 'NONE',  ( 1.242640687119288767, -3.000000000000019540, -9.312500000000000000 ) ) ;
#1335 = CARTESIAN_POINT ( 'NONE',  ( -0.9736010864139263976, 2.350480947161671441, 0.5625000000000004441 ) ) ;
#1336 = CARTESIAN_POINT ( 'NONE',  ( 2.850938990914602122, 0.7715399020806272823, -12.05289538599623889 ) ) ;
#1337 = CARTESIAN_POINT ( 'NONE',  ( 1.265060653844736649, -3.054126587736549769, -7.343750000000001776 ) ) ;
#1338 = CARTESIAN_POINT ( 'NONE',  ( -1.662041016787803471, -1.662041016787812353, -10.12500000000000000 ) ) ;
#1339 = CARTESIAN_POINT ( 'NONE',  ( 0.9736010864139258425, -2.350480947161690537, -8.937500000000001776 ) ) ;
#1340 = DIRECTION ( 'NONE',  ( -0.000000000000000000, -0.000000000000000000, -1.000000000000000000 ) ) ;
#1341 = CARTESIAN_POINT ( 'NONE',  ( -2.159593620790638546, -2.159593620790646984, 7.406250000000003553 ) ) ;
#1342 = LOCAL_TIME ( 11, 36, 48.00000000000000000, #3836 ) ;
#1343 = CARTESIAN_POINT ( 'NONE',  ( 2.350480947161680323, 0.9736010864139177379, -5.687500000000000000 ) ) ;
#1344 = CARTESIAN_POINT ( 'NONE',  ( -0.9736010864139266197, -2.350480947161689649, -1.937500000000000000 ) ) ;
#1345 = DIRECTION ( 'NONE',  ( -0.000000000000000000, -0.000000000000000000, -1.000000000000000000 ) ) ;
#1346 = CARTESIAN_POINT ( 'NONE',  ( 2.121320343559648602, -2.121320343559657928, -0.3749999999999985567 ) ) ;
#1347 = CARTESIAN_POINT ( 'NONE',  ( 3.000000000000009770, -9.663995296166853972E-15, -1.124999999999999556 ) ) ;
#1348 = ORIENTED_EDGE ( 'NONE', *, *, #4623, .F. ) ;
#1349 = CARTESIAN_POINT ( 'NONE',  ( -2.159593620790638546, -2.159593620790646984, -2.593749999999996891 ) ) ;
#1350 = ORIENTED_EDGE ( 'NONE', *, *, #3636, .F. ) ;
#1351 = CARTESIAN_POINT ( 'NONE',  ( 2.167482963149809816, 1.100386607374691739, 5.281839625468018440 ) ) ;
#1352 = UNCERTAINTY_MEASURE_WITH_UNIT (LENGTH_MEASURE( 1.000000000000000082E-05 ), #4373, 'distance_accuracy_value', 'NONE');
#1353 = CARTESIAN_POINT ( 'NONE',  ( 1.265060653844739091, 3.054126587736529341, -10.03125000000000000 ) ) ;
#1354 = CARTESIAN_POINT ( 'NONE',  ( 3.000000000000003109, -2.451531608718105295E-15, -13.00000000000000178 ) ) ;
#1355 = ADVANCED_FACE ( 'NONE', ( #2752 ), #3138, .F. ) ;
#1356 = CARTESIAN_POINT ( 'NONE',  ( 2.350480947161680323, -0.9736010864139368337, 0.1875000000000001665 ) ) ;
#1357 = CARTESIAN_POINT ( 'NONE',  ( 2.999999999999999556, -1.242640687119309195, -7.187500000000000888 ) ) ;
#1358 = DIRECTION ( 'NONE',  ( 0.000000000000000000, -1.000000000000000000, 0.000000000000000000 ) ) ;
#1359 = CARTESIAN_POINT ( 'NONE',  ( 2.350480947161680323, -9.544680581810301090E-15, 5.249999999999999112 ) ) ;
#1360 = CARTESIAN_POINT ( 'NONE',  ( 2.121320343559649046, 2.121320343559639277, -1.124999999999999112 ) ) ;
#1361 = CARTESIAN_POINT ( 'NONE',  ( -1.265060653844737759, -3.054126587736549769, -2.468750000000002220 ) ) ;
#1362 = CARTESIAN_POINT ( 'NONE',  ( -1.662041016787803471, -1.662041016787812353, -11.12500000000000000 ) ) ;
#1363 = CARTESIAN_POINT ( 'NONE',  ( 0.000000000000000000, 2.350480947161671441, -6.500000000000000000 ) ) ;
#1364 = CARTESIAN_POINT ( 'NONE',  ( -2.350480947161680323, -8.968978788130623169E-15, -0.1250000000000001110 ) ) ;
#1365 = CARTESIAN_POINT ( 'NONE',  ( 1.242640687119291210, 2.999999999999999556, -9.937499999999998224 ) ) ;
#1366 = CARTESIAN_POINT ( 'NONE',  ( 2.350480947161680323, -9.544680581810301090E-15, -12.62499999999999822 ) ) ;
#1367 = CARTESIAN_POINT ( 'NONE',  ( -2.350480947161680323, -8.968978788130623169E-15, -7.249999999999999112 ) ) ;
#1368 = APPROVAL_DATE_TIME ( #2599, #1495 ) ;
#1369 = CARTESIAN_POINT ( 'NONE',  ( 2.350480947161680323, -0.9736010864139368337, -2.687499999999999112 ) ) ;
#1370 = DIRECTION ( 'NONE',  ( -1.000000000000000000, 0.000000000000000000, 0.000000000000000000 ) ) ;
#1371 = DIRECTION ( 'NONE',  ( -0.000000000000000000, -0.000000000000000000, -1.000000000000000000 ) ) ;
#1372 = CARTESIAN_POINT ( 'NONE',  ( 3.000000000000003109, -2.451531608718105295E-15, -13.00000000000000178 ) ) ;
#1373 = ORIENTED_EDGE ( 'NONE', *, *, #3396, .T. ) ;
#1374 = CARTESIAN_POINT ( 'NONE',  ( 1.265060653844736427, -3.054126587736549769, -5.406249999999998224 ) ) ;
#1375 = VERTEX_POINT ( 'NONE', #620 ) ;
#1376 = CARTESIAN_POINT ( 'NONE',  ( 1.580802624625671893, 1.871297604172325046, 5.333617968256977093 ) ) ;
#1377 = LINE ( 'NONE', #3049, #1028 ) ;
#1378 = CARTESIAN_POINT ( 'NONE',  ( 3.054126587736538223, -1.265060653844747973, -11.28124999999999822 ) ) ;
#1379 = CARTESIAN_POINT ( 'NONE',  ( 2.999999999999990674, -1.242640687119317855, -10.18749999999999822 ) ) ;
#1380 = CARTESIAN_POINT ( 'NONE',  ( -0.9736010864139263976, 2.350480947161671441, 0.5625000000000004441 ) ) ;
#1381 = LINE ( 'NONE', #5272, #5487 ) ;
#1382 = CARTESIAN_POINT ( 'NONE',  ( -1.662041016787803249, 1.662041016787794367, 5.750000000000000000 ) ) ;
#1383 = DIRECTION ( 'NONE',  ( -1.000000000000000000, 0.000000000000000000, 0.000000000000000000 ) ) ;
#1384 = B_SPLINE_CURVE_WITH_KNOTS ( 'NONE', 3,
 ( #5096, #951, #2552, #867, #444, #80, #3499, #3043 ),
 .UNSPECIFIED., .F., .F.,
 ( 4, 2, 2, 4 ),
 ( 2.380744723795171451E-07, 0.001457970791046069850, 0.002186837149332915026, 0.002915703507619759119 ),
 .UNSPECIFIED. ) ;
#1385 = CARTESIAN_POINT ( 'NONE',  ( 2.350480947161680323, 0.9736010864139177379, 4.312500000000001776 ) ) ;
#1386 = PLANE ( 'NONE',  #4867 ) ;
#1387 = CARTESIAN_POINT ( 'NONE',  ( -3.054126587736539555, -1.265060653844746641, -1.593750000000001332 ) ) ;
#1388 = CARTESIAN_POINT ( 'NONE',  ( 0.9736010864139278409, 2.350480947161670997, -10.56249999999999822 ) ) ;
#1389 = CARTESIAN_POINT ( 'NONE',  ( 2.350480947161679435, -0.9736010864139368337, -2.812499999999999112 ) ) ;
#1390 = EDGE_CURVE ( 'NONE', #1742, #4835, #5382, .T. ) ;
#1391 = CARTESIAN_POINT ( 'NONE',  ( -2.350480947161680323, 0.9736010864139172938, -1.187499999999999334 ) ) ;
#1392 = VERTEX_POINT ( 'NONE', #2779 ) ;
#1393 = AXIS2_PLACEMENT_3D ( 'NONE', #2199, #2096, #2980 ) ;
#1394 = CARTESIAN_POINT ( 'NONE',  ( -1.242640687119289655, -3.000000000000019096, -8.437499999999998224 ) ) ;
#1395 = VECTOR ( 'NONE', #2173, 1000.000000000000000 ) ;
#1396 = B_SPLINE_CURVE_WITH_KNOTS ( 'NONE', 3,
 ( #5241, #4974, #3301, #2273, #1141, #3976, #245, #4582 ),
 .UNSPECIFIED., .F., .F.,
 ( 4, 2, 2, 4 ),
 ( 2.380744723798179213E-07, 0.001457970791046069416, 0.002186837149332914159, 0.002915703507619759119 ),
 .UNSPECIFIED. ) ;
#1397 = CARTESIAN_POINT ( 'NONE',  ( -2.350480947161680323, -8.968978788130623169E-15, -8.125000000000000000 ) ) ;
#1398 = CARTESIAN_POINT ( 'NONE',  ( 2.350480947161680323, -0.9736010864139368337, -5.812500000000000000 ) ) ;
#1399 = CARTESIAN_POINT ( 'NONE',  ( -2.350480947161680767, 0.9736010864139172938, 3.812500000000002220 ) ) ;
#1400 = LINE ( 'NONE', #5175, #5397 ) ;
#1401 = CARTESIAN_POINT ( 'NONE',  ( 0.9736010864139279519, 2.350480947161670997, -11.43750000000000000 ) ) ;
#1402 = LINE ( 'NONE', #1429, #487 ) ;
#1403 = ORIENTED_EDGE ( 'NONE', *, *, #3734, .T. ) ;
#1404 = CARTESIAN_POINT ( 'NONE',  ( -1.265060653844737315, 3.054126587736530674, -2.906249999999997335 ) ) ;
#1405 = ORIENTED_EDGE ( 'NONE', *, *, #3426, .T. ) ;
#1406 = DIRECTION ( 'NONE',  ( 0.000000000000000000, 0.000000000000000000, 1.000000000000000000 ) ) ;
#1407 = CARTESIAN_POINT ( 'NONE',  ( 2.573452797836866868, 0.8982014072197938015, 6.090084455543808950 ) ) ;
#1408 = CARTESIAN_POINT ( 'NONE',  ( 3.054126587736539555, -9.673938189029898993E-15, -12.21874999999999645 ) ) ;
#1409 = CARTESIAN_POINT ( 'NONE',  ( 1.662041016787803249, -1.662041016787812797, -3.750000000000000000 ) ) ;
#1410 = CARTESIAN_POINT ( 'NONE',  ( -3.673940397442071701E-16, -3.000000000000018652, -10.37500000000000000 ) ) ;
#1411 = CARTESIAN_POINT ( 'NONE',  ( 2.350480947161680323, 0.9736010864139177379, 2.312500000000000888 ) ) ;
#1412 =( NAMED_UNIT ( * ) SI_UNIT ( $, .STERADIAN. ) SOLID_ANGLE_UNIT ( ) );
#1413 = EDGE_CURVE ( 'NONE', #3149, #4532, #4953, .T. ) ;
#1414 = CARTESIAN_POINT ( 'NONE',  ( -0.9736010864139263976, 2.350480947161671441, 6.687500000000000888 ) ) ;
#1415 = CARTESIAN_POINT ( 'NONE',  ( 2.000000000000000888, -2.818925648462311528E-15, -13.00000000000000178 ) ) ;
#1416 = CARTESIAN_POINT ( 'NONE',  ( -0.9736010864139263976, 2.350480947161671441, 5.562500000000000000 ) ) ;
#1417 = DIRECTION ( 'NONE',  ( -0.000000000000000000, -0.000000000000000000, -1.000000000000000000 ) ) ;
#1418 = CARTESIAN_POINT ( 'NONE',  ( 3.054126587736539111, 1.265060653844729099, -1.093750000000000888 ) ) ;
#1419 = CARTESIAN_POINT ( 'NONE',  ( 0.000000000000000000, 2.350480947161671441, -11.50000000000000000 ) ) ;
#1420 = CARTESIAN_POINT ( 'NONE',  ( -2.878508968398391083E-16, -2.350480947161689649, -4.999999999999999112 ) ) ;
#1421 = CARTESIAN_POINT ( 'NONE',  ( 0.9736010864139258425, -2.350480947161690537, 2.187500000000000444 ) ) ;
#1422 = ORIENTED_EDGE ( 'NONE', *, *, #803, .T. ) ;
#1423 = CARTESIAN_POINT ( 'NONE',  ( -3.673940397442071701E-16, -3.000000000000018652, -8.375000000000000000 ) ) ;
#1424 = EDGE_CURVE ( 'NONE', #1493, #1929, #2087, .T. ) ;
#1425 = CARTESIAN_POINT ( 'NONE',  ( -0.9736010864139266197, -2.350480947161689649, -10.93749999999999822 ) ) ;
#1426 = CARTESIAN_POINT ( 'NONE',  ( 2.350480947161680323, 0.9736010864139177379, 1.437500000000001110 ) ) ;
#1427 = FACE_OUTER_BOUND ( 'NONE', #3865, .T. ) ;
#1428 = CARTESIAN_POINT ( 'NONE',  ( -0.9736010864139266197, -2.350480947161689649, -11.93750000000000000 ) ) ;
#1429 = CARTESIAN_POINT ( 'NONE',  ( -2.000000000000000888, -2.573996288632840838E-15, -13.00000000000000178 ) ) ;
#1430 = ORIENTED_EDGE ( 'NONE', *, *, #3235, .T. ) ;
#1431 = CARTESIAN_POINT ( 'NONE',  ( -2.159593620790638546, -2.159593620790646984, 0.4062500000000021094 ) ) ;
#1432 = ORIENTED_EDGE ( 'NONE', *, *, #4325, .T. ) ;
#1433 = CARTESIAN_POINT ( 'NONE',  ( 2.703615272918686419, 9.060278387225671811E-12, 6.046117801964602023 ) ) ;
#1434 = CARTESIAN_POINT ( 'NONE',  ( -3.000000000000009770, -8.929207216678438350E-15, -8.624999999999998224 ) ) ;
#1435 = CARTESIAN_POINT ( 'NONE',  ( -2.159593620790638102, 2.159593620790629220, -12.84374999999999822 ) ) ;
#1436 = EDGE_CURVE ( 'NONE', #651, #1970, #2123, .T. ) ;
#1437 = CARTESIAN_POINT ( 'NONE',  ( -1.662041016787803471, -1.662041016787812353, -2.999999999999999112 ) ) ;
#1438 = CARTESIAN_POINT ( 'NONE',  ( -2.499999999999997780, -0.2437650927404369783, 12.60222907321997354 ) ) ;
#1439 = CARTESIAN_POINT ( 'NONE',  ( -0.9736010864139266197, -2.350480947161689649, 3.937500000000001776 ) ) ;
#1440 = CARTESIAN_POINT ( 'NONE',  ( -2.121320343559649491, -2.121320343559658372, -7.500000000000000000 ) ) ;
#1441 = CARTESIAN_POINT ( 'NONE',  ( 3.000000000000017319, 1.242640687119272114, 0.8125000000000002220 ) ) ;
#1442 = DIRECTION ( 'NONE',  ( -0.000000000000000000, -0.000000000000000000, -1.000000000000000000 ) ) ;
#1443 = CARTESIAN_POINT ( 'NONE',  ( 2.350480947161680323, 0.9736010864139177379, 7.312500000000001776 ) ) ;
#1444 = EDGE_CURVE ( 'NONE', #1691, #4912, #5401, .T. ) ;
#1445 = ORIENTED_EDGE ( 'NONE', *, *, #2068, .T. ) ;
#1446 =( BOUNDED_CURVE ( )  B_SPLINE_CURVE ( 2, ( #4987, #4036, #1155, #4568, #4955, #5304, #2308, #3594, #232 ),
 .UNSPECIFIED., .F., .F. ) 
 B_SPLINE_CURVE_WITH_KNOTS ( ( 3, 2, 2, 2, 3 ),
 ( 0.9166666666666666297, 0.9226190476190476719, 0.9285714285714286031, 0.9345238095238096454, 0.9404761904761905766 ),
 .UNSPECIFIED. ) 
 CURVE ( )  GEOMETRIC_REPRESENTATION_ITEM ( )  RATIONAL_B_SPLINE_CURVE ( ( 1.000000000000000000, 0.9238795325112866275, 1.000000000000000000, 0.9238795325112866275, 1.000000000000000000, 0.9238795325112866275, 1.000000000000000000, 0.9238795325112851842, 1.000000000000001332 ) ) 
 REPRESENTATION_ITEM ( '' )  );
#1447 = CARTESIAN_POINT ( 'NONE',  ( 1.265060653844739313, 3.054126587736530229, -3.968750000000001776 ) ) ;
#1448 = CARTESIAN_POINT ( 'NONE',  ( 0.000000000000000000, 2.350480947161671441, -5.500000000000000000 ) ) ;
#1449 = CARTESIAN_POINT ( 'NONE',  ( -2.350480947161680323, 0.9736010864139172938, -5.312499999999999112 ) ) ;
#1450 = CARTESIAN_POINT ( 'NONE',  ( 2.350480947161680323, -0.9736010864139368337, 0.3125000000000002776 ) ) ;
#1451 = CARTESIAN_POINT ( 'NONE',  ( -1.662041016787803471, -1.662041016787812353, -0.9999999999999991118 ) ) ;
#1452 = VERTEX_POINT ( 'NONE', #5522 ) ;
#1453 = CARTESIAN_POINT ( 'NONE',  ( -3.000000000000009770, 1.242640687119280551, -9.687500000000000000 ) ) ;
#1454 = CARTESIAN_POINT ( 'NONE',  ( 2.350480947161680323, 0.9736010864139177379, -8.562500000000001776 ) ) ;
#1455 = CARTESIAN_POINT ( 'NONE',  ( -0.9736010864139266197, -2.350480947161689649, 4.062500000000001776 ) ) ;
#1456 = CARTESIAN_POINT ( 'NONE',  ( -2.350480947161680323, -8.968978788130623169E-15, -12.25000000000000000 ) ) ;
#1457 = CARTESIAN_POINT ( 'NONE',  ( 0.9736010864139279519, 2.350480947161670997, -12.43750000000000000 ) ) ;
#1458 = EDGE_CURVE ( 'NONE', #1239, #1, #3754, .T. ) ;
#1459 = FACE_OUTER_BOUND ( 'NONE', #108, .T. ) ;
#1460 = EDGE_LOOP ( 'NONE', ( #3397, #4057, #3022, #3332 ) ) ;
#1461 = CARTESIAN_POINT ( 'NONE',  ( 0.000000000000000000, 3.054126587736530229, -0.9687499999999973355 ) ) ;
#1462 = ORIENTED_EDGE ( 'NONE', *, *, #2988, .F. ) ;
#1463 = CARTESIAN_POINT ( 'NONE',  ( -2.350480947161680767, 0.9736010864139172938, -12.31250000000000000 ) ) ;
#1464 = CARTESIAN_POINT ( 'NONE',  ( 2.159593620790638546, 2.159593620790628776, -12.09374999999999645 ) ) ;
#1465 = CARTESIAN_POINT ( 'NONE',  ( 0.9736010864139279519, 2.350480947161670997, -4.437500000000000000 ) ) ;
#1466 = CARTESIAN_POINT ( 'NONE',  ( 0.000000000000000000, -2.818925648462311528E-15, -13.00000000000000178 ) ) ;
#1467 = CARTESIAN_POINT ( 'NONE',  ( -0.9736010864139263976, 2.350480947161671441, 3.562500000000002220 ) ) ;
#1468 = CARTESIAN_POINT ( 'NONE',  ( 0.000000000000000000, -2.818925648462311528E-15, -13.00000000000000178 ) ) ;
#1469 = VECTOR ( 'NONE', #675, 1000.000000000000000 ) ;
#1470 = CARTESIAN_POINT ( 'NONE',  ( 3.000000000000008438, 1.242640687119280773, 4.812500000000002665 ) ) ;
#1471 = ORIENTED_EDGE ( 'NONE', *, *, #3151, .F. ) ;
#1472 = CARTESIAN_POINT ( 'NONE',  ( -2.499999999999997780, 1.210014824339399997, 12.75815459252379647 ) ) ;
#1473 = CARTESIAN_POINT ( 'NONE',  ( -2.350480947161680767, -0.9736010864139355014, 5.812500000000000000 ) ) ;
#1474 = CARTESIAN_POINT ( 'NONE',  ( -3.000000000000009326, -8.929207216678438350E-15, 3.250000000000001332 ) ) ;
#1475 = CARTESIAN_POINT ( 'NONE',  ( 2.159593620790638990, 2.159593620790628776, -3.031250000000000888 ) ) ;
#1476 = CARTESIAN_POINT ( 'NONE',  ( -2.350480947161680767, 0.9736010864139172938, -6.312500000000000000 ) ) ;
#1477 = CARTESIAN_POINT ( 'NONE',  ( -1.662041016787803471, -1.662041016787812353, -4.125000000000000000 ) ) ;
#1478 = CARTESIAN_POINT ( 'NONE',  ( 1.662041016787803693, 1.662041016787793923, -2.499999999999998668 ) ) ;
#1479 = CARTESIAN_POINT ( 'NONE',  ( 2.398754827278658741, -0.2167101486059477833, 5.208520611483708151 ) ) ;
#1480 = VERTEX_POINT ( 'NONE', #3338 ) ;
#1481 = CARTESIAN_POINT ( 'NONE',  ( -2.350480947161680767, -0.9736010864139355014, -13.06250000000000000 ) ) ;
#1482 = VECTOR ( 'NONE', #2380, 1000.000000000000000 ) ;
#1483 = ADVANCED_FACE ( 'NONE', ( #5497 ), #1605, .T. ) ;
#1484 = CARTESIAN_POINT ( 'NONE',  ( -2.350480947161680323, -8.968978788130623169E-15, -10.12499999999999822 ) ) ;
#1485 = VECTOR ( 'NONE', #268, 1000.000000000000000 ) ;
#1486 = AXIS2_PLACEMENT_3D ( 'NONE', #2396, #1559, #2368 ) ;
#1487 = CARTESIAN_POINT ( 'NONE',  ( 2.350480947161680323, -0.9736010864139368337, 1.312500000000001110 ) ) ;
#1488 = CARTESIAN_POINT ( 'NONE',  ( 1.662041016787803693, 1.662041016787793923, -11.62500000000000000 ) ) ;
#1489 = CARTESIAN_POINT ( 'NONE',  ( 2.350480947161679435, 0.9736010864139177379, -10.56249999999999822 ) ) ;
#1490 = CARTESIAN_POINT ( 'NONE',  ( 3.000000000000009770, -9.663995296166853972E-15, -11.12500000000000178 ) ) ;
#1491 = ORIENTED_EDGE ( 'NONE', *, *, #1991, .T. ) ;
#1492 = CARTESIAN_POINT ( 'NONE',  ( -3.054126587736539111, -1.265060653844746197, 0.3437500000000020539 ) ) ;
#1493 = VERTEX_POINT ( 'NONE', #2082 ) ;
#1494 = CARTESIAN_POINT ( 'NONE',  ( -3.054126587736539555, -8.925892919057422291E-15, -9.718749999999998224 ) ) ;
#1495 = APPROVAL ( #3098, 'UNSPECIFIED' ) ;
#1496 = ADVANCED_FACE ( 'NONE', ( #1209 ), #401, .T. ) ;
#1497 = CARTESIAN_POINT ( 'NONE',  ( 1.662041016787803249, -1.662041016787812797, -4.749999999999999112 ) ) ;
#1498 = CARTESIAN_POINT ( 'NONE',  ( -2.121320343559649491, 2.121320343559640165, 6.250000000000000000 ) ) ;
#1499 = CARTESIAN_POINT ( 'NONE',  ( -1.662041016787803471, -1.662041016787812353, 4.874999999999999112 ) ) ;
#1500 = DIRECTION ( 'NONE',  ( -0.000000000000000000, -0.000000000000000000, -1.000000000000000000 ) ) ;
#1501 = ORIENTED_EDGE ( 'NONE', *, *, #1179, .F. ) ;
#1502 = CARTESIAN_POINT ( 'NONE',  ( -2.603765877364847992, 1.180177426856284791E-11, -12.39623412263516222 ) ) ;
#1503 = CARTESIAN_POINT ( 'NONE',  ( 1.265060653844736649, -3.054126587736549769, -10.34375000000000178 ) ) ;
#1504 = DIRECTION ( 'NONE',  ( 1.000000000000000000, 0.000000000000000000, 0.000000000000000000 ) ) ;
#1505 = CARTESIAN_POINT ( 'NONE',  ( 1.265060653844739313, 3.054126587736530229, 0.03124999999999829303 ) ) ;
#1506 = APPLICATION_CONTEXT ( 'configuration controlled 3d designs of mechanical parts and assemblies' ) ;
#1507 = CARTESIAN_POINT ( 'NONE',  ( 2.350480947161680323, -0.9736010864139368337, -7.812500000000000000 ) ) ;
#1508 = CARTESIAN_POINT ( 'NONE',  ( -2.350480947161680323, 0.9736010864139172938, -3.312499999999999556 ) ) ;
#1509 = CARTESIAN_POINT ( 'NONE',  ( -1.662041016787803471, -1.662041016787812353, 0.000000000000000000 ) ) ;
#1510 = FACE_OUTER_BOUND ( 'NONE', #3584, .T. ) ;
#1511 = CARTESIAN_POINT ( 'NONE',  ( -0.9736010864139266197, -2.350480947161689649, -1.062499999999999334 ) ) ;
#1512 = VERTEX_POINT ( 'NONE', #4202 ) ;
#1513 = CARTESIAN_POINT ( 'NONE',  ( 0.000000000000000000, 2.350480947161671441, -8.375000000000000000 ) ) ;
#1514 = CARTESIAN_POINT ( 'NONE',  ( -1.662041016787803471, -1.662041016787812353, -10.12500000000000000 ) ) ;
#1515 = CARTESIAN_POINT ( 'NONE',  ( 2.350480947161679435, -0.9736010864139368337, -11.68750000000000000 ) ) ;
#1516 = DIRECTION ( 'NONE',  ( -1.000000000000000000, 0.000000000000000000, 0.000000000000000000 ) ) ;
#1517 = CARTESIAN_POINT ( 'NONE',  ( 1.265060653844736427, -3.054126587736549769, 0.5937500000000022204 ) ) ;
#1518 = ORIENTED_EDGE ( 'NONE', *, *, #2650, .T. ) ;
#1519 = CARTESIAN_POINT ( 'NONE',  ( -1.662041016787803471, -1.662041016787812353, -12.12500000000000000 ) ) ;
#1520 = CARTESIAN_POINT ( 'NONE',  ( 0.000000000000000000, 2.350480947161671441, -4.374999999999999112 ) ) ;
#1521 = CARTESIAN_POINT ( 'NONE',  ( 0.000000000000000000, -2.818925648462311528E-15, 12.70000000000000284 ) ) ;
#1522 = CARTESIAN_POINT ( 'NONE',  ( -1.662041016787803471, -1.662041016787812353, 5.875000000000000000 ) ) ;
#1523 = CARTESIAN_POINT ( 'NONE',  ( -1.242640687119289211, 3.000000000000000000, -8.937500000000000000 ) ) ;
#1524 = ORIENTED_EDGE ( 'NONE', *, *, #3806, .F. ) ;
#1525 = CARTESIAN_POINT ( 'NONE',  ( 2.953149943840308822, 0.1711667685746746659, 6.731708675696760125 ) ) ;
#1526 = CARTESIAN_POINT ( 'NONE',  ( 3.054126587736539999, -9.673938189029898993E-15, -10.15625000000000178 ) ) ;
#1527 = DIRECTION ( 'NONE',  ( -0.000000000000000000, -0.000000000000000000, -1.000000000000000000 ) ) ;
#1528 = CARTESIAN_POINT ( 'NONE',  ( -1.265060653844737537, 3.054126587736531118, 1.156249999999997558 ) ) ;
#1529 = CARTESIAN_POINT ( 'NONE',  ( -2.350480947161680323, -8.968978788130623169E-15, -8.250000000000000000 ) ) ;
#1530 = CARTESIAN_POINT ( 'NONE',  ( -2.350480947161680323, -0.9736010864139353904, -0.1875000000000001665 ) ) ;
#1531 = CARTESIAN_POINT ( 'NONE',  ( 2.350480947161680323, -9.544680581810301090E-15, -2.624999999999998668 ) ) ;
#1532 = EDGE_CURVE ( 'NONE', #1865, #4440, #668, .T. ) ;
#1533 = CARTESIAN_POINT ( 'NONE',  ( -2.350480947161680323, -0.9736010864139353904, 4.937500000000000000 ) ) ;
#1534 = CARTESIAN_POINT ( 'NONE',  ( 1.662041016787803249, -1.662041016787812797, -2.874999999999999112 ) ) ;
#1535 = ORIENTED_EDGE ( 'NONE', *, *, #4800, .F. ) ;
#1536 = CARTESIAN_POINT ( 'NONE',  ( -1.662041016787803249, 1.662041016787794367, -12.25000000000000000 ) ) ;
#1537 = CARTESIAN_POINT ( 'NONE',  ( -0.9736010864139266197, -2.350480947161689649, -6.937499999999999112 ) ) ;
#1538 = FACE_OUTER_BOUND ( 'NONE', #2139, .T. ) ;
#1539 = CARTESIAN_POINT ( 'NONE',  ( -1.242640687119289655, -3.000000000000019096, -6.437500000000000000 ) ) ;
#1540 = CARTESIAN_POINT ( 'NONE',  ( 0.9736010864139258425, -2.350480947161690537, -9.812500000000000000 ) ) ;
#1541 =( BOUNDED_CURVE ( )  B_SPLINE_CURVE ( 2, ( #1729, #4664, #2150, #5191, #3853, #14, #483, #3464, #65 ),
 .UNSPECIFIED., .F., .F. ) 
 B_SPLINE_CURVE_WITH_KNOTS ( ( 3, 2, 2, 2, 3 ),
 ( 0.5595238095238095344, 0.5654761904761904656, 0.5714285714285713969, 0.5773809523809522171, 0.5833333333333332593 ),
 .UNSPECIFIED. ) 
 CURVE ( )  GEOMETRIC_REPRESENTATION_ITEM ( )  RATIONAL_B_SPLINE_CURVE ( ( 1.000000000000000000, 0.9238795325112867385, 1.000000000000000000, 0.9238795325112867385, 1.000000000000000000, 0.9238795325112867385, 1.000000000000000000, 0.9238795325112881818, 0.9999999999999985567 ) ) 
 REPRESENTATION_ITEM ( '' )  );
#1542 = CARTESIAN_POINT ( 'NONE',  ( -3.000000000000009770, -8.929207216678438350E-15, -10.62500000000000000 ) ) ;
#1543 = CARTESIAN_POINT ( 'NONE',  ( -3.054126587736539111, 1.265060653844728433, 0.2187500000000019151 ) ) ;
#1544 = ORIENTED_EDGE ( 'NONE', *, *, #1257, .F. ) ;
#1545 = CARTESIAN_POINT ( 'NONE',  ( 3.000000000000009770, -9.663995296166853972E-15, 4.874999999999999112 ) ) ;
#1546 = CARTESIAN_POINT ( 'NONE',  ( 1.662041016787803693, 1.662041016787793923, -5.500000000000000000 ) ) ;
#1547 = CARTESIAN_POINT ( 'NONE',  ( 3.000000000000026645, 1.242640687119263232, -3.187500000000000444 ) ) ;
#1548 = CARTESIAN_POINT ( 'NONE',  ( -2.878508968398391083E-16, -2.350480947161689649, 6.000000000000000000 ) ) ;
#1549 = CARTESIAN_POINT ( 'NONE',  ( 3.000000000000009326, -9.663995296166853972E-15, 4.750000000000001776 ) ) ;
#1550 = VERTEX_POINT ( 'NONE', #2413 ) ;
#1551 = CARTESIAN_POINT ( 'NONE',  ( 0.000000000000000000, -9.107298248878237246E-15, 7.000000000000002665 ) ) ;
#1552 = CARTESIAN_POINT ( 'NONE',  ( -3.054126587736539555, 1.265060653844728655, -9.718750000000001776 ) ) ;
#1553 = CARTESIAN_POINT ( 'NONE',  ( -3.000000000000009770, -8.929207216678438350E-15, -3.624999999999999556 ) ) ;
#1554 = CONICAL_SURFACE ( 'NONE', #4049, 3.188959454956771911, 1.047197551196600074 ) ;
#1555 = CARTESIAN_POINT ( 'NONE',  ( 3.054126587736539999, -9.673938189029898993E-15, -0.1562500000000018874 ) ) ;
#1556 = CARTESIAN_POINT ( 'NONE',  ( 1.662041016787803693, 1.662041016787793923, -7.625000000000000000 ) ) ;
#1557 = CARTESIAN_POINT ( 'NONE',  ( 0.000000000000000000, 2.350480947161671441, -0.4999999999999987232 ) ) ;
#1558 = CARTESIAN_POINT ( 'NONE',  ( 0.9736010864139278409, 2.350480947161670997, -0.4374999999999986677 ) ) ;
#1559 = DIRECTION ( 'NONE',  ( -0.000000000000000000, -0.000000000000000000, -1.000000000000000000 ) ) ;
#1560 = CARTESIAN_POINT ( 'NONE',  ( -0.9736010864139266197, -2.350480947161689649, -2.062500000000000000 ) ) ;
#1561 = ORIENTED_EDGE ( 'NONE', *, *, #1938, .F. ) ;
#1562 = CARTESIAN_POINT ( 'NONE',  ( 3.000000000000009770, -9.663995296166853972E-15, -3.124999999999999112 ) ) ;
#1563 = EDGE_CURVE ( 'NONE', #361, #1210, #2436, .T. ) ;
#1564 = CARTESIAN_POINT ( 'NONE',  ( 2.350480947161680323, 0.9736010864139177379, -5.562500000000000000 ) ) ;
#1565 = AXIS2_PLACEMENT_3D ( 'NONE', #2966, #839, #4255 ) ;
#1566 = CARTESIAN_POINT ( 'NONE',  ( 2.312698411087291905, 1.910870497797884981, 6.860428147096565787 ) ) ;
#1567 = CARTESIAN_POINT ( 'NONE',  ( 0.000000000000000000, 2.350480947161671441, -12.50000000000000000 ) ) ;
#1568 = CARTESIAN_POINT ( 'NONE',  ( -2.878508968398391083E-16, -2.350480947161689649, -6.874999999999999112 ) ) ;
#1569 = CARTESIAN_POINT ( 'NONE',  ( -2.159593620790638102, 2.159593620790629220, 5.156250000000000888 ) ) ;
#1570 = ORIENTED_EDGE ( 'NONE', *, *, #5394, .F. ) ;
#1571 = CARTESIAN_POINT ( 'NONE',  ( 1.662041016787803693, 1.662041016787793923, -9.625000000000000000 ) ) ;
#1572 = AXIS2_PLACEMENT_3D ( 'NONE', #2634, #3399, #31 ) ;
#1573 = CARTESIAN_POINT ( 'NONE',  ( -2.350480947161680767, 0.9736010864139172938, -4.187500000000000000 ) ) ;
#1574 = CARTESIAN_POINT ( 'NONE',  ( 3.000000000000009326, 1.242640687119280996, -0.06250000000000016653 ) ) ;
#1575 = CARTESIAN_POINT ( 'NONE',  ( -3.000000000000009770, 1.242640687119280551, 1.312499999999999112 ) ) ;
#1576 = CARTESIAN_POINT ( 'NONE',  ( 1.957044987640430111, 1.861738362027977933, -12.30474653954356157 ) ) ;
#1577 = ORIENTED_EDGE ( 'NONE', *, *, #3378, .T. ) ;
#1578 = CARTESIAN_POINT ( 'NONE',  ( -3.054126587736539111, 1.265060653844728433, -7.781249999999999112 ) ) ;
#1579 = AXIS2_PLACEMENT_3D ( 'NONE', #1551, #1890, #3255 ) ;
#1580 = FACE_OUTER_BOUND ( 'NONE', #3020, .T. ) ;
#1581 = CARTESIAN_POINT ( 'NONE',  ( -1.265060653844737537, 3.054126587736531118, -11.84375000000000178 ) ) ;
#1582 = DIRECTION ( 'NONE',  ( -1.000000000000000000, 0.000000000000000000, 0.000000000000000000 ) ) ;
#1583 = CARTESIAN_POINT ( 'NONE',  ( 0.000000000000000000, 3.000000000000000444, 5.124999999999999112 ) ) ;
#1584 = CARTESIAN_POINT ( 'NONE',  ( -3.054126587736539555, 1.265060653844728655, 0.2812499999999986122 ) ) ;
#1585 = EDGE_CURVE ( 'NONE', #4035, #4174, #3970, .T. ) ;
#1586 = CARTESIAN_POINT ( 'NONE',  ( 2.350480947161680323, -9.544680581810301090E-15, -4.749999999999999112 ) ) ;
#1587 = CARTESIAN_POINT ( 'NONE',  ( -2.350480947161680323, 0.9736010864139172938, 0.6875000000000006661 ) ) ;
#1588 = CARTESIAN_POINT ( 'NONE',  ( 0.9736010864139259535, -2.350480947161690537, 4.187500000000002665 ) ) ;
#1589 = CARTESIAN_POINT ( 'NONE',  ( -2.350480947161680323, -8.968978788130623169E-15, 3.875000000000001776 ) ) ;
#1590 = CARTESIAN_POINT ( 'NONE',  ( -1.662041016787803249, 1.662041016787794367, -3.374999999999999556 ) ) ;
#1591 = VERTEX_POINT ( 'NONE', #52 ) ;
#1592 = CARTESIAN_POINT ( 'NONE',  ( 1.242640687119290765, 2.999999999999999112, -5.062499999999998224 ) ) ;
#1593 = CARTESIAN_POINT ( 'NONE',  ( -0.9736010864139263976, 2.350480947161671441, 2.687500000000000888 ) ) ;
#1594 = CARTESIAN_POINT ( 'NONE',  ( 0.9736010864139278409, 2.350480947161670997, -6.437500000000000000 ) ) ;
#1595 = CARTESIAN_POINT ( 'NONE',  ( -3.000000000000009326, -8.929207216678438350E-15, 6.250000000000000000 ) ) ;
#1596 = EDGE_CURVE ( 'NONE', #2045, #2485, #2828, .T. ) ;
#1597 = CARTESIAN_POINT ( 'NONE',  ( -2.878508968398391083E-16, -2.350480947161689649, -10.00000000000000000 ) ) ;
#1598 = CARTESIAN_POINT ( 'NONE',  ( -1.662041016787803249, 1.662041016787794367, -9.250000000000000000 ) ) ;
#1599 = CARTESIAN_POINT ( 'NONE',  ( 2.159593620790638102, -2.159593620790647428, 4.656250000000004441 ) ) ;
#1600 = ORIENTED_EDGE ( 'NONE', *, *, #2372, .T. ) ;
#1601 = CARTESIAN_POINT ( 'NONE',  ( -2.350480947161680767, -0.9736010864139355014, -11.18749999999999822 ) ) ;
#1602 = CARTESIAN_POINT ( 'NONE',  ( 2.350480947161680323, 0.9736010864139177379, -4.562500000000000000 ) ) ;
#1603 = CARTESIAN_POINT ( 'NONE',  ( 2.204891938147397479, -1.816112704872414829, -12.14915074886431690 ) ) ;
#1604 = CARTESIAN_POINT ( 'NONE',  ( 0.000000000000000000, 3.000000000000000444, 1.124999999999999334 ) ) ;
#1605 = CYLINDRICAL_SURFACE ( 'NONE', #4330, 3.000000000000003109 ) ;
#1606 = ORIENTED_EDGE ( 'NONE', *, *, #2811, .F. ) ;
#1607 = CARTESIAN_POINT ( 'NONE',  ( -3.054126587736539111, 1.265060653844728433, -6.781249999999999112 ) ) ;
#1608 = CARTESIAN_POINT ( 'NONE',  ( -3.000000000000009770, -8.929207216678438350E-15, -11.62500000000000000 ) ) ;
#1609 = CARTESIAN_POINT ( 'NONE',  ( 1.265060653844736649, -3.054126587736549769, -12.34375000000000178 ) ) ;
#1610 = CARTESIAN_POINT ( 'NONE',  ( 1.873952780036867383, 1.727559320109130603, 5.604968059561804772 ) ) ;
#1611 = DIRECTION ( 'NONE',  ( -1.000000000000000000, 0.000000000000000000, 0.000000000000000000 ) ) ;
#1612 = CARTESIAN_POINT ( 'NONE',  ( -3.740226349862381542E-16, -3.054126587736548881, 1.593749999999998002 ) ) ;
#1613 = CARTESIAN_POINT ( 'NONE',  ( 0.000000000000000000, 2.350480947161671441, -1.499999999999999556 ) ) ;
#1614 = CARTESIAN_POINT ( 'NONE',  ( 0.000000000000000000, 2.350480947161671441, -1.499999999999999556 ) ) ;
#1615 = CARTESIAN_POINT ( 'NONE',  ( 1.662041016787803249, -1.662041016787812797, 2.250000000000000444 ) ) ;
#1616 = CARTESIAN_POINT ( 'NONE',  ( 3.000000000000008882, -1.242640687119300091, 0.8125000000000006661 ) ) ;
#1617 = CARTESIAN_POINT ( 'NONE',  ( 0.000000000000000000, 2.350480947161671441, -1.499999999999999556 ) ) ;
#1618 = ORIENTED_EDGE ( 'NONE', *, *, #2427, .F. ) ;
#1619 = CARTESIAN_POINT ( 'NONE',  ( 0.000000000000000000, 2.350480947161671441, -8.375000000000000000 ) ) ;
#1620 = CARTESIAN_POINT ( 'NONE',  ( -2.350480947161680767, -0.9736010864139355014, 5.937500000000000000 ) ) ;
#1621 = CARTESIAN_POINT ( 'NONE',  ( -1.662041016787803471, -1.662041016787812353, -4.999999999999999112 ) ) ;
#1622 = CARTESIAN_POINT ( 'NONE',  ( -3.000000000000009770, -8.929207216678438350E-15, 2.375000000000000444 ) ) ;
#1623 =( BOUNDED_CURVE ( )  B_SPLINE_CURVE ( 2, ( #1031, #638, #2322, #4501, #3187, #1457, #4473, #4417, #2769, #2350, #2796, #4054, #1092, #1428, #4858, #218, #2267, #1515, #3969, #135, #5235, #1401, #3101, #4918, #1850, #3553, #3997, #2741, #4445, #4887, #161, #4024, #190, #1906, #3609, #1489, #2043, #4614, #2824, #2850, #778, #5458, #1143, #3776, #2520, #5489, #1625, #1540, #3666, #3330, #3747, #720, #4643, #4558, #5034, #805, #1598, #1116, #300, #1655, #2015, #4529, #1172, #3303, #4945, #4107, #358, #1201, #2878, #2492, #694, #4195, #4223, #2073, #4584, #5373, #747, #3358, #2405, #331, #5064, #2904, #1231, #2935, #2432, #5402, #1961, #3245, #5005, #273, #2461, #1987, #3691, #3719, #1568, #3277, #4977, #4134, #5431, #4166, #831, #2546, #1685, #387, #5091, #3386, #1259, #2103, #2960, #3807, #5517, #4669, #3109, #2384, #3534, #3589, #1884, #5328, #983, #226, #2802, #4425, #1942, #2356, #3617, #560, #590, #674, #1497, #4507, #168, #5296, #5243, #1465, #1520, #1858, #114, #4059, #3194, #5352, #643, #3165, #1913, #3645, #1409, #4894, #2329, #4452, #2302, #3223, #4004, #4923, #4813, #1097, #2721, #5269, #1437, #1827, #143, #1067, #4031, #2694, #3134, #4868, #2776, #2748, #4399, #4478, #1038, #2275, #4838, #3978, #3561, #1009, #617, #197, #3492, #2678, #603, #970, #99, #4326, #3602, #994, #4746, #1391, #3147, #4850, #1451, #127, #1869, #4017, #4439, #2705, #1786, #941, #1812, #1023, #5282, #4410, #5195, #3519, #1364, #2316, #3119, #573, #2287, #912, #3991, #2258, #4824, #3064, #2204, #3035, #2622, #4772, #3093, #155, #2734, #488, #3573, #4381, #183, #3909, #1898, #5312, #5224, #69, #4798, #2648, #4355, #2229, #518, #545, #3934, #3960, #1842, #3547, #5253, #1421, #291, #2006, #4881, #2343, #5392, #2842, #3709, #1163, #4045, #4492, #2762, #2453, #4126, #1053, #1927, #211, #4099, #712, #2816, #3237, #3631, #5421, #4548, #3295, #3180, #266, #1589, #2423, #4073, #239, #1108, #5341, #4996, #1954, #5365, #657, #2870, #3209, #3264, #1083, #4467, #4966, #739, #1533, #1979, #4576, #3659 ),
 .UNSPECIFIED., .F., .F. ) 
 B_SPLINE_CURVE_WITH_KNOTS ( ( 3, 2, 2, 2, 2, 2, 2, 2, 2, 2, 2, 2, 2, 2, 2, 2, 2, 2, 2, 2, 2, 2, 2, 2, 2, 2, 2, 2, 2, 2, 2, 2, 2, 2, 2, 2, 2, 2, 2, 2, 2, 2, 2, 2, 2, 2, 2, 2, 2, 2, 2, 2, 2, 2, 2, 2, 2, 2, 2, 2, 2, 2, 2, 2, 2, 2, 2, 2, 2, 2, 2, 2, 2, 2, 2, 2, 2, 2, 2, 2, 2, 2, 2, 2, 2, 2, 2, 2, 2, 2, 2, 2, 2, 2, 2, 2, 2, 2, 2, 2, 2, 2, 2, 2, 2, 2, 2, 2, 2, 2, 2, 2, 2, 2, 2, 2, 2, 2, 2, 2, 2, 2, 2, 2, 2, 2, 2, 2, 2, 2, 2, 2, 2, 2, 2, 2, 2, 2, 2, 2, 2, 2, 2, 3 ),
 ( 0.03450205641788805372, 0.03571428571428571230, 0.04166666666666666435, 0.04761904761904761640, 0.05357142857142856845, 0.05952380952380952051, 0.06547619047619047949, 0.07142857142857142461, 0.07738095238095238360, 0.08333333333333331483, 0.08928571428571428770, 0.09523809523809523281, 0.1011904761904761918, 0.1071428571428571508, 0.1130952380952381098, 0.1190476190476190410, 0.1250000000000000000, 0.1309523809523809590, 0.1369047619047619180, 0.1428571428571428492, 0.1488095238095238082, 0.1547619047619047672, 0.1607142857142857262, 0.1666666666666666574, 0.1726190476190476164, 0.1785714285714285754, 0.1845238095238095344, 0.1904761904761904656, 0.1964285714285714246, 0.2023809523809523836, 0.2083333333333333426, 0.2142857142857142738, 0.2202380952380952328, 0.2261904761904761640, 0.2321428571428571508, 0.2380952380952380543, 0.2440476190476190410, 0.2500000000000000000, 0.2559523809523809312, 0.2619047619047619180, 0.2678571428571428492, 0.2738095238095238360, 0.2797619047619047672, 0.2857142857142856984, 0.2916666666666666852, 0.2976190476190476164, 0.3035714285714285476, 0.3095238095238095344, 0.3154761904761904656, 0.3214285714285714524, 0.3273809523809523836, 0.3333333333333333148, 0.3392857142857142461, 0.3452380952380952328, 0.3511904761904761640, 0.3571428571428571508, 0.3630952380952380265, 0.3690476190476190688, 0.3750000000000000000, 0.3809523809523809312, 0.3869047619047619180, 0.3928571428571428492, 0.3988095238095238360, 0.4047619047619047672, 0.4107142857142856984, 0.4166666666666666297, 0.4226190476190476164, 0.4285714285714285476, 0.4345238095238095344, 0.4404761904761904656, 0.4464285714285715079, 0.4523809523809523836, 0.4583333333333333148, 0.4642857142857143016, 0.4702380952380952883, 0.4761904761904761640, 0.4821428571428571508, 0.4880952380952380820, 0.4940476190476190688, 0.5000000000000000000, 0.5059523809523809312, 0.5119047619047618625, 0.5178571428571429047, 0.5238095238095237249, 0.5297619047619047672, 0.5357142857142856984, 0.5416666666666666297, 0.5476190476190476719, 0.5535714285714286031, 0.5595238095238095344, 0.5654761904761904656, 0.5714285714285713969, 0.5773809523809523281, 0.5833333333333333703, 0.5892857142857143016, 0.5952380952380952328, 0.6011904761904761640, 0.6071428571428570953, 0.6130952380952381375, 0.6190476190476190688, 0.6250000000000000000, 0.6309523809523809312, 0.6369047619047618625, 0.6428571428571427937, 0.6488095238095238360, 0.6547619047619047672, 0.6607142857142856984, 0.6666666666666666297, 0.6726190476190477829, 0.6785714285714286031, 0.6845238095238095344, 0.6904761904761903546, 0.6964285714285713969, 0.7023809523809523281, 0.7083333333333333703, 0.7142857142857143016, 0.7202380952380953438, 0.7261904761904761640, 0.7321428571428570953, 0.7380952380952381375, 0.7440476190476190688, 0.7500000000000001110, 0.7559523809523809312, 0.7619047619047618625, 0.7678571428571429047, 0.7738095238095238360, 0.7797619047619047672, 0.7857142857142856984, 0.7916666666666666297, 0.7976190476190476719, 0.8035714285714286031, 0.8095238095238095344, 0.8154761904761904656, 0.8214285714285713969, 0.8273809523809523281, 0.8333333333333333703, 0.8392857142857143016, 0.8452380952380952328, 0.8511904761904761640, 0.8571428571428570953, 0.8630952380952381375, 0.8690476190476190688, 0.8749999999999998890, 0.8785905396676465529 ),
 .UNSPECIFIED. ) 
 CURVE ( )  GEOMETRIC_REPRESENTATION_ITEM ( )  RATIONAL_B_SPLINE_CURVE ( ( 0.9753096629729554046, 0.9844977225947889599, 1.000000000000000000, 0.9238795325112867385, 1.000000000000000000, 0.9238795325112867385, 1.000000000000000000, 0.9238795325112867385, 1.000000000000000000, 0.9238795325112867385, 1.000000000000000000, 0.9238795325112867385, 1.000000000000000000, 0.9238795325112867385, 1.000000000000000000, 0.9238795325112867385, 1.000000000000000000, 0.9238795325112867385, 1.000000000000000000, 0.9238795325112867385, 1.000000000000000000, 0.9238795325112867385, 1.000000000000000000, 0.9238795325112867385, 1.000000000000000000, 0.9238795325112867385, 1.000000000000000000, 0.9238795325112867385, 1.000000000000000000, 0.9238795325112867385, 1.000000000000000000, 0.9238795325112867385, 1.000000000000000000, 0.9238795325112867385, 1.000000000000000000, 0.9238795325112867385, 1.000000000000000000, 0.9238795325112867385, 1.000000000000000000, 0.9238795325112867385, 1.000000000000000000, 0.9238795325112867385, 1.000000000000000000, 0.9238795325112867385, 1.000000000000000000, 0.9238795325112867385, 1.000000000000000000, 0.9238795325112867385, 1.000000000000000000, 0.9238795325112867385, 1.000000000000000000, 0.9238795325112867385, 1.000000000000000000, 0.9238795325112867385, 1.000000000000000000, 0.9238795325112867385, 1.000000000000000000, 0.9238795325112867385, 1.000000000000000000, 0.9238795325112867385, 1.000000000000000000, 0.9238795325112867385, 1.000000000000000000, 0.9238795325112867385, 1.000000000000000000, 0.9238795325112867385, 1.000000000000000000, 0.9238795325112867385, 1.000000000000000000, 0.9238795325112867385, 1.000000000000000000, 0.9238795325112867385, 1.000000000000000000, 0.9238795325112867385, 1.000000000000000000, 0.9238795325112867385, 1.000000000000000000, 0.9238795325112867385, 1.000000000000000000, 0.9238795325112867385, 1.000000000000000000, 0.9238795325112867385, 1.000000000000000000, 0.9238795325112867385, 1.000000000000000000, 0.9238795325112867385, 1.000000000000000000, 0.9238795325112867385, 1.000000000000000000, 0.9238795325112867385, 1.000000000000000000, 0.9238795325112867385, 1.000000000000000000, 0.9238795325112867385, 1.000000000000000000, 0.9238795325112867385, 1.000000000000000000, 0.9238795325112867385, 1.000000000000000000, 0.9238795325112867385, 1.000000000000000000, 0.9238795325112867385, 1.000000000000000000, 0.9238795325112867385, 1.000000000000000000, 0.9238795325112867385, 1.000000000000000000, 0.9238795325112867385, 1.000000000000000000, 0.9238795325112867385, 1.000000000000000000, 0.9238795325112867385, 1.000000000000000000, 0.9238795325112867385, 1.000000000000000000, 0.9238795325112867385, 1.000000000000000000, 0.9238795325112867385, 1.000000000000000000, 0.9238795325112867385, 1.000000000000000000, 0.9238795325112867385, 1.000000000000000000, 0.9238795325112867385, 1.000000000000000000, 0.9238795325112867385, 1.000000000000000000, 0.9238795325112867385, 1.000000000000000000, 0.9238795325112867385, 1.000000000000000000, 0.9238795325112867385, 1.000000000000000000, 0.9238795325112867385, 1.000000000000000000, 0.9238795325112867385, 1.000000000000000000, 0.9238795325112867385, 1.000000000000000000, 0.9238795325112867385, 1.000000000000000000, 0.9238795325112867385, 1.000000000000000000, 0.9238795325112867385, 1.000000000000000000, 0.9238795325112867385, 1.000000000000000000, 0.9238795325112867385, 1.000000000000000000, 0.9238795325112867385, 1.000000000000000000, 0.9238795325112867385, 1.000000000000000000, 0.9238795325112867385, 1.000000000000000000, 0.9238795325112867385, 1.000000000000000000, 0.9238795325112867385, 1.000000000000000000, 0.9238795325112867385, 1.000000000000000000, 0.9238795325112867385, 1.000000000000000000, 0.9238795325112867385, 1.000000000000000000, 0.9238795325112867385, 1.000000000000000000, 0.9238795325112867385, 1.000000000000000000, 0.9238795325112867385, 1.000000000000000000, 0.9238795325112867385, 1.000000000000000000, 0.9238795325112867385, 1.000000000000000000, 0.9238795325112867385, 1.000000000000000000, 0.9238795325112867385, 1.000000000000000000, 0.9238795325112867385, 1.000000000000000000, 0.9238795325112867385, 1.000000000000000000, 0.9238795325112867385, 1.000000000000000000, 0.9238795325112867385, 1.000000000000000000, 0.9238795325112867385, 1.000000000000000000, 0.9238795325112867385, 1.000000000000000000, 0.9238795325112867385, 1.000000000000000000, 0.9238795325112867385, 1.000000000000000000, 0.9238795325112867385, 1.000000000000000000, 0.9238795325112867385, 1.000000000000000000, 0.9238795325112867385, 1.000000000000000000, 0.9238795325112867385, 1.000000000000000000, 0.9238795325112867385, 1.000000000000000000, 0.9238795325112867385, 1.000000000000000000, 0.9238795325112867385, 1.000000000000000000, 0.9238795325112867385, 1.000000000000000000, 0.9238795325112867385, 1.000000000000000000, 0.9238795325112867385, 1.000000000000000000, 0.9238795325112867385, 1.000000000000000000, 0.9238795325112867385, 1.000000000000000000, 0.9238795325112867385, 1.000000000000000000, 0.9238795325112867385, 1.000000000000000000, 0.9238795325112867385, 1.000000000000000000, 0.9238795325112867385, 1.000000000000000000, 0.9238795325112867385, 1.000000000000000000, 0.9238795325112867385, 1.000000000000000000, 0.9238795325112867385, 1.000000000000000000, 0.9238795325112867385, 1.000000000000000000, 0.9238795325112867385, 1.000000000000000000, 0.9238795325112867385, 1.000000000000000000, 0.9238795325112867385, 1.000000000000000000, 0.9238795325112867385, 1.000000000000000000, 0.9238795325112867385, 1.000000000000000000, 0.9238795325112867385, 1.000000000000000000, 0.9238795325112867385, 1.000000000000000000, 0.9238795325112867385, 1.000000000000000000, 0.9238795325112867385, 1.000000000000000000, 0.9238795325112867385, 1.000000000000000000, 0.9238795325112867385, 1.000000000000000000, 0.9238795325112867385, 1.000000000000000000, 0.9238795325112867385, 1.000000000000000000, 0.9238795325112867385, 1.000000000000000000, 0.9238795325112867385, 1.000000000000000000, 0.9238795325112867385, 1.000000000000000000, 0.9238795325112867385, 1.000000000000000000, 0.9238795325112867385, 1.000000000000000000, 0.9238795325112867385, 1.000000000000000000, 0.9238795325112867385, 1.000000000000000000, 0.9238795325112867385, 1.000000000000000000, 0.9238795325112867385, 1.000000000000000000, 0.9238795325112867385, 1.000000000000000000, 0.9238795325112867385, 1.000000000000000000, 0.9238795325112867385, 1.000000000000000000, 0.9540833222496116761, 0.9635615038633127405 ) ) 
 REPRESENTATION_ITEM ( '' )  );
#1624 = CARTESIAN_POINT ( 'NONE',  ( 0.9736010864139258425, -2.350480947161690537, -6.937500000000000000 ) ) ;
#1625 = CARTESIAN_POINT ( 'NONE',  ( -2.878508968398391083E-16, -2.350480947161689649, -9.875000000000000000 ) ) ;
#1626 = CARTESIAN_POINT ( 'NONE',  ( 3.054126587736539555, -9.673938189029898993E-15, 5.781250000000001776 ) ) ;
#1627 = ORIENTED_EDGE ( 'NONE', *, *, #3576, .F. ) ;
#1628 = CARTESIAN_POINT ( 'NONE',  ( 0.9736010864139278409, 2.350480947161670997, -11.56249999999999822 ) ) ;
#1629 = EDGE_CURVE ( 'NONE', #4566, #2501, #3917, .T. ) ;
#1630 = CARTESIAN_POINT ( 'NONE',  ( -2.350480947161680767, 0.9736010864139172938, -7.187499999999999112 ) ) ;
#1631 = PLANE ( 'NONE',  #1013 ) ;
#1632 = CARTESIAN_POINT ( 'NONE',  ( 0.000000000000000000, -2.818925648462311528E-15, -13.00000000000000178 ) ) ;
#1633 = CARTESIAN_POINT ( 'NONE',  ( 1.174361074102137970, 2.591436363339661764, -12.16036897568967490 ) ) ;
#1634 = VERTEX_POINT ( 'NONE', #2603 ) ;
#1635 = CARTESIAN_POINT ( 'NONE',  ( 0.000000000000000000, 3.054126587736530229, -5.968749999999997335 ) ) ;
#1636 = ORIENTED_EDGE ( 'NONE', *, *, #1596, .F. ) ;
#1637 = CARTESIAN_POINT ( 'NONE',  ( 0.000000000000000000, -2.818925648462311528E-15, -13.00000000000000178 ) ) ;
#1638 = DIRECTION ( 'NONE',  ( -1.000000000000000000, 0.000000000000000000, 0.000000000000000000 ) ) ;
#1639 = CARTESIAN_POINT ( 'NONE',  ( 2.350480947161681211, 2.820370872843605993E-14, -12.64951905283832367 ) ) ;
#1640 = CARTESIAN_POINT ( 'NONE',  ( -3.054126587736539555, 1.265060653844728655, 3.281249999999999112 ) ) ;
#1641 = CARTESIAN_POINT ( 'NONE',  ( -1.662041016787803471, -1.662041016787812353, -2.125000000000000000 ) ) ;
#1642 = CARTESIAN_POINT ( 'NONE',  ( -2.350480947161680323, -8.968978788130623169E-15, 3.750000000000001776 ) ) ;
#1643 = CARTESIAN_POINT ( 'NONE',  ( 0.9736010864139278409, 2.350480947161670997, 4.562500000000001776 ) ) ;
#1644 = CARTESIAN_POINT ( 'NONE',  ( -3.673940397442071701E-16, -3.000000000000018652, 1.624999999999999778 ) ) ;
#1645 = CARTESIAN_POINT ( 'NONE',  ( -2.350480947161680767, 0.9736010864139172938, 2.687500000000000888 ) ) ;
#1646 = EDGE_LOOP ( 'NONE', ( #5321, #1024, #3198, #2994 ) ) ;
#1647 = CIRCLE ( 'NONE', #5038, 5.000000000000000000 ) ;
#1648 = CARTESIAN_POINT ( 'NONE',  ( -0.9736010864139266197, -2.350480947161689649, -10.93749999999999822 ) ) ;
#1649 = CARTESIAN_POINT ( 'NONE',  ( 3.054126587736539999, -9.673938189029898993E-15, -7.156250000000001776 ) ) ;
#1650 = CARTESIAN_POINT ( 'NONE',  ( 2.350480947161680323, -9.544680581810301090E-15, 6.375000000000000888 ) ) ;
#1651 = CARTESIAN_POINT ( 'NONE',  ( 0.000000000000000000, 2.350480947161671441, -3.374999999999999556 ) ) ;
#1652 = CARTESIAN_POINT ( 'NONE',  ( -2.853999006098971503, -4.968020732128231866E-14, 6.459293713130719539 ) ) ;
#1653 = CARTESIAN_POINT ( 'NONE',  ( 2.350480947161680323, -9.544680581810301090E-15, -8.750000000000000000 ) ) ;
#1654 = ADVANCED_FACE ( 'NONE', ( #421 ), #4365, .T. ) ;
#1655 = CARTESIAN_POINT ( 'NONE',  ( -2.350480947161680323, -0.9736010864139353904, -9.062500000000000000 ) ) ;
#1656 = CARTESIAN_POINT ( 'NONE',  ( -2.159593620790638102, 2.159593620790629220, 6.156250000000001776 ) ) ;
#1657 = ORIENTED_EDGE ( 'NONE', *, *, #5256, .F. ) ;
#1658 = CARTESIAN_POINT ( 'NONE',  ( -1.662041016787803471, -1.662041016787812353, -8.125000000000000000 ) ) ;
#1659 = CARTESIAN_POINT ( 'NONE',  ( -2.350480947161680767, -0.9736010864139355014, -6.062499999999999112 ) ) ;
#1660 = CARTESIAN_POINT ( 'NONE',  ( -3.000000000000009326, -8.929207216678438350E-15, -6.749999999999998224 ) ) ;
#1661 = FACE_OUTER_BOUND ( 'NONE', #4110, .T. ) ;
#1662 = CARTESIAN_POINT ( 'NONE',  ( -1.242640687119289433, 3.000000000000000888, 4.187499999999999112 ) ) ;
#1663 = ORIENTED_EDGE ( 'NONE', *, *, #832, .T. ) ;
#1664 = CARTESIAN_POINT ( 'NONE',  ( 3.054126587736539555, -9.673938189029898993E-15, -9.218749999999998224 ) ) ;
#1665 = EDGE_LOOP ( 'NONE', ( #2554, #1076, #5498, #3693 ) ) ;
#1666 = CARTESIAN_POINT ( 'NONE',  ( -3.000000000000009326, -8.929207216678438350E-15, -7.749999999999999112 ) ) ;
#1667 = EDGE_CURVE ( 'NONE', #1742, #2045, #921, .T. ) ;
#1668 = AXIS2_PLACEMENT_3D ( 'NONE', #2225, #5275, #1504 ) ;
#1669 = CARTESIAN_POINT ( 'NONE',  ( 2.986514216272661670, -0.2841352424486524031, 6.860428147091772288 ) ) ;
#1670 = CARTESIAN_POINT ( 'NONE',  ( -2.499999999999997780, -1.443375672974062995, 10.00000000000000178 ) ) ;
#1671 = CARTESIAN_POINT ( 'NONE',  ( 2.159593620790638546, -2.159593620790647872, 3.718750000000000000 ) ) ;
#1672 = EDGE_CURVE ( 'NONE', #82, #1634, #3067, .T. ) ;
#1673 = CARTESIAN_POINT ( 'NONE',  ( -0.9736010864139263976, 2.350480947161671441, -3.437499999999999556 ) ) ;
#1674 = CARTESIAN_POINT ( 'NONE',  ( 3.000000000000008882, -1.242640687119300091, 5.812500000000000000 ) ) ;
#1675 = AXIS2_PLACEMENT_3D ( 'NONE', #551, #1059, #3639 ) ;
#1676 = CARTESIAN_POINT ( 'NONE',  ( -0.9736010864139266197, -2.350480947161689649, 2.062500000000000000 ) ) ;
#1677 = CARTESIAN_POINT ( 'NONE',  ( -3.000000000000009770, -8.929207216678438350E-15, 1.374999999999999556 ) ) ;
#1678 = CARTESIAN_POINT ( 'NONE',  ( 1.662041016787803693, 1.662041016787793923, 2.375000000000000444 ) ) ;
#1679 = CYLINDRICAL_SURFACE ( 'NONE', #851, 3.000000000000003109 ) ;
#1680 = CARTESIAN_POINT ( 'NONE',  ( 0.9736010864139278409, 2.350480947161670997, -8.437500000000000000 ) ) ;
#1681 = CARTESIAN_POINT ( 'NONE',  ( 1.265060653844739313, 3.054126587736530229, -4.968750000000000888 ) ) ;
#1682 = CARTESIAN_POINT ( 'NONE',  ( -1.662041016787803471, -1.662041016787812353, -13.12500000000000000 ) ) ;
#1683 = CARTESIAN_POINT ( 'NONE',  ( 0.9736010864139259535, -2.350480947161690537, -2.812499999999999112 ) ) ;
#1684 = CARTESIAN_POINT ( 'NONE',  ( 3.000000000000009770, -9.663995296166853972E-15, 1.874999999999999778 ) ) ;
#1685 = CARTESIAN_POINT ( 'NONE',  ( 0.000000000000000000, 2.350480947161671441, -6.375000000000000000 ) ) ;
#1686 = CARTESIAN_POINT ( 'NONE',  ( 1.265060653844736427, -3.054126587736549769, 4.593750000000004441 ) ) ;
#1687 = CARTESIAN_POINT ( 'NONE',  ( 0.9736010864139259535, -2.350480947161690537, -11.93750000000000000 ) ) ;
#1688 = CARTESIAN_POINT ( 'NONE',  ( 0.9736010864139278409, 2.350480947161670997, -0.4374999999999986677 ) ) ;
#1689 = CARTESIAN_POINT ( 'NONE',  ( 2.121320343559649491, -2.121320343559658372, -2.250000000000000444 ) ) ;
#1690 = CARTESIAN_POINT ( 'NONE',  ( 1.324969183759965530, 2.490088800208853037, -12.18489519039776248 ) ) ;
#1691 = VERTEX_POINT ( 'NONE', #1266 ) ;
#1692 = CARTESIAN_POINT ( 'NONE',  ( 3.054126587736539555, -9.673938189029898993E-15, -6.218749999999997335 ) ) ;
#1693 = ORIENTED_EDGE ( 'NONE', *, *, #1413, .T. ) ;
#1694 = CYLINDRICAL_SURFACE ( 'NONE', #4969, 5.000000000000000000 ) ;
#1695 = CARTESIAN_POINT ( 'NONE',  ( 2.999999999999990674, -1.242640687119317633, -7.312500000000001776 ) ) ;
#1696 = CARTESIAN_POINT ( 'NONE',  ( 3.000000000000009326, -9.663995296166853972E-15, -3.249999999999999556 ) ) ;
#1697 = CARTESIAN_POINT ( 'NONE',  ( 3.054126587736538667, -1.265060653844748195, 3.781250000000000000 ) ) ;
#1698 = CARTESIAN_POINT ( 'NONE',  ( 1.662041016787803249, -1.662041016787812797, -3.875000000000000000 ) ) ;
#1699 = CARTESIAN_POINT ( 'NONE',  ( -2.350480947161680323, -0.9736010864139353904, 2.812500000000001776 ) ) ;
#1700 = CARTESIAN_POINT ( 'NONE',  ( 2.350480947161680323, 0.9736010864139177379, 3.437500000000001776 ) ) ;
#1701 = DIRECTION ( 'NONE',  ( 0.5000000000000001110, -0.8660254037844385966, 0.000000000000000000 ) ) ;
#1702 = CARTESIAN_POINT ( 'NONE',  ( -2.350480947161680323, -8.968978788130623169E-15, 2.750000000000000888 ) ) ;
#1703 = CARTESIAN_POINT ( 'NONE',  ( 3.050799999999992185, -9.480913494362109549E-15, 7.000000000000002665 ) ) ;
#1704 = CARTESIAN_POINT ( 'NONE',  ( -2.350480947161680323, -8.968978788130623169E-15, -10.12499999999999822 ) ) ;
#1705 = CARTESIAN_POINT ( 'NONE',  ( 3.054126587736539999, -9.673938189029898993E-15, -6.156250000000001776 ) ) ;
#1706 = CARTESIAN_POINT ( 'NONE',  ( 0.9736010864139259535, -2.350480947161690537, 6.187500000000000888 ) ) ;
#1707 = ADVANCED_FACE ( 'NONE', ( #2239 ), #2659, .T. ) ;
#1708 = LOCAL_TIME ( 11, 36, 48.00000000000000000, #1765 ) ;
#1709 = CARTESIAN_POINT ( 'NONE',  ( -3.000000000000009326, -8.929207216678438350E-15, 6.250000000000000000 ) ) ;
#1710 = CARTESIAN_POINT ( 'NONE',  ( 3.054126587736538667, 1.265060653844728877, 6.843750000000001776 ) ) ;
#1711 = CARTESIAN_POINT ( 'NONE',  ( 0.9736010864139278409, 2.350480947161670997, -7.562500000000000000 ) ) ;
#1712 = APPROVAL_DATE_TIME ( #1316, #3055 ) ;
#1713 = CARTESIAN_POINT ( 'NONE',  ( 0.9736010864139259535, -2.350480947161690537, -1.812500000000000000 ) ) ;
#1714 = DIRECTION ( 'NONE',  ( -1.000000000000000000, 0.000000000000000000, -0.000000000000000000 ) ) ;
#1715 = CARTESIAN_POINT ( 'NONE',  ( -3.673940397442070715E-16, -3.000000000000017764, -1.499999999999999334 ) ) ;
#1716 = DIRECTION ( 'NONE',  ( -0.000000000000000000, -0.000000000000000000, -1.000000000000000000 ) ) ;
#1717 = EDGE_LOOP ( 'NONE', ( #869, #621, #4469, #339 ) ) ;
#1718 = CARTESIAN_POINT ( 'NONE',  ( -1.265060653844737537, -3.054126587736549325, -3.531249999999997780 ) ) ;
#1719 = ORIENTED_EDGE ( 'NONE', *, *, #905, .F. ) ;
#1720 = CARTESIAN_POINT ( 'NONE',  ( 3.000000000000009770, -9.663995296166853972E-15, -11.12500000000000178 ) ) ;
#1721 = CARTESIAN_POINT ( 'NONE',  ( -1.242640687119289211, 3.000000000000000000, 4.062500000000001776 ) ) ;
#1722 = CARTESIAN_POINT ( 'NONE',  ( 0.000000000000000000, 3.054126587736530674, 4.093750000000000000 ) ) ;
#1723 = CARTESIAN_POINT ( 'NONE',  ( -0.9736010864139263976, 2.350480947161671441, -0.4375000000000003331 ) ) ;
#1724 = CARTESIAN_POINT ( 'NONE',  ( 0.000000000000000000, 2.350480947161671441, 3.500000000000001332 ) ) ;
#1725 = CARTESIAN_POINT ( 'NONE',  ( -1.242640687119289433, 3.000000000000000888, -7.812499999999999112 ) ) ;
#1726 =( BOUNDED_CURVE ( )  B_SPLINE_CURVE ( 2, ( #990, #1075, #4012, #4903, #2310, #150, #3568, #3955, #1474 ),
 .UNSPECIFIED., .F., .F. ) 
 B_SPLINE_CURVE_WITH_KNOTS ( ( 3, 2, 2, 2, 3 ),
 ( 0.2023809523809523836, 0.2083333333333334259, 0.2142857142857143571, 0.2202380952380952883, 0.2261904761904762196 ),
 .UNSPECIFIED. ) 
 CURVE ( )  GEOMETRIC_REPRESENTATION_ITEM ( )  RATIONAL_B_SPLINE_CURVE ( ( 0.9999999999999993339, 0.9238795325112872936, 1.000000000000000000, 0.9238795325112866275, 1.000000000000000000, 0.9238795325112866275, 1.000000000000000000, 0.9238795325112859613, 1.000000000000000666 ) ) 
 REPRESENTATION_ITEM ( '' )  );
#1727 = CARTESIAN_POINT ( 'NONE',  ( 2.920753175473606245, 1.661623361693057468E-11, -12.07924682452640042 ) ) ;
#1728 = CARTESIAN_POINT ( 'NONE',  ( 2.350480947161680323, 0.9736010864139177379, 2.312500000000000888 ) ) ;
#1729 = CARTESIAN_POINT ( 'NONE',  ( 3.000000000000009770, -9.663995296166853972E-15, -2.125000000000000000 ) ) ;
#1730 = CARTESIAN_POINT ( 'NONE',  ( -2.350480947161680323, -8.968978788130623169E-15, -9.125000000000000000 ) ) ;
#1731 = CARTESIAN_POINT ( 'NONE',  ( -3.054126587736539555, -1.265060653844746641, -5.593750000000000888 ) ) ;
#1732 = CARTESIAN_POINT ( 'NONE',  ( 2.350480947161680323, 0.9736010864139177379, 6.437500000000000888 ) ) ;
#1733 = CYLINDRICAL_SURFACE ( 'NONE', #3538, 3.000000000000003109 ) ;
#1734 = CONICAL_SURFACE ( 'NONE', #2447, 2.000000000000000888, 0.7853981633974496113 ) ;
#1735 = CARTESIAN_POINT ( 'NONE',  ( 3.054126587736538223, -1.265060653844747973, 7.718750000000003553 ) ) ;
#1736 = CARTESIAN_POINT ( 'NONE',  ( -2.350480947161680767, 0.9736010864139172938, -4.312500000000000888 ) ) ;
#1737 = PERSON_AND_ORGANIZATION ( #519, #830 ) ;
#1738 = CARTESIAN_POINT ( 'NONE',  ( -0.9736010864139266197, -2.350480947161689649, -0.9374999999999992228 ) ) ;
#1739 = DIRECTION ( 'NONE',  ( 0.000000000000000000, 0.000000000000000000, 1.000000000000000000 ) ) ;
#1740 = CARTESIAN_POINT ( 'NONE',  ( 2.922834487103699530, -0.3690547783190304409, 6.696195263374532303 ) ) ;
#1741 = CARTESIAN_POINT ( 'NONE',  ( 3.000000000000016875, -1.242640687119290988, -2.312499999999997780 ) ) ;
#1742 = VERTEX_POINT ( 'NONE', #3044 ) ;
#1743 = CARTESIAN_POINT ( 'NONE',  ( 3.054126587736538223, -1.265060653844747973, -5.281249999999998224 ) ) ;
#1744 = ORIENTED_EDGE ( 'NONE', *, *, #4603, .T. ) ;
#1745 = DIRECTION ( 'NONE',  ( 1.000000000000000000, 0.000000000000000000, 0.000000000000000000 ) ) ;
#1746 = DESIGN_CONTEXT ( 'detailed design', #1318, 'design' ) ;
#1747 = CARTESIAN_POINT ( 'NONE',  ( 2.121320343559649491, -2.121320343559658372, -5.249999999999999112 ) ) ;
#1748 = CARTESIAN_POINT ( 'NONE',  ( -3.000000000000017764, -1.242640687119289211, 2.312499999999999112 ) ) ;
#1749 = VECTOR ( 'NONE', #2578, 1000.000000000000000 ) ;
#1750 = CARTESIAN_POINT ( 'NONE',  ( 3.054126587736539999, -9.673938189029898993E-15, 3.843750000000000000 ) ) ;
#1751 = CARTESIAN_POINT ( 'NONE',  ( -1.662041016787803471, -1.662041016787812353, 2.875000000000000888 ) ) ;
#1752 = CARTESIAN_POINT ( 'NONE',  ( 2.350480947161679435, -0.9736010864139368337, 3.187500000000001332 ) ) ;
#1753 = CARTESIAN_POINT ( 'NONE',  ( -2.878508968398391083E-16, -2.350480947161689649, 7.125000000000000888 ) ) ;
#1754 = CARTESIAN_POINT ( 'NONE',  ( 3.000000000000012879, -1.242640687119295650, -9.187499999999998224 ) ) ;
#1755 = CARTESIAN_POINT ( 'NONE',  ( 1.662041016787803249, -1.662041016787812797, 2.125000000000000000 ) ) ;
#1756 = CARTESIAN_POINT ( 'NONE',  ( 2.577672965549905548, 1.496252910230940314, -12.02582534288870164 ) ) ;
#1757 = AXIS2_PLACEMENT_3D ( 'NONE', #2845, #4525, #2371 ) ;
#1758 = CARTESIAN_POINT ( 'NONE',  ( -1.265060653844737537, 3.054126587736531118, -7.843750000000000888 ) ) ;
#1759 = CARTESIAN_POINT ( 'NONE',  ( -2.878508968398391083E-16, -2.350480947161689649, -9.000000000000000000 ) ) ;
#1760 = CARTESIAN_POINT ( 'NONE',  ( -2.350480947161680323, 0.9736010864139172938, -9.312500000000000000 ) ) ;
#1761 = CARTESIAN_POINT ( 'NONE',  ( -1.242640687119289655, -3.000000000000019096, 6.562500000000000000 ) ) ;
#1762 = CARTESIAN_POINT ( 'NONE',  ( 1.662041016787803693, 1.662041016787793923, -11.50000000000000000 ) ) ;
#1763 = CARTESIAN_POINT ( 'NONE',  ( -1.662041016787803249, 1.662041016787794367, -7.375000000000000000 ) ) ;
#1764 = ADVANCED_FACE ( 'NONE', ( #3942 ), #107, .T. ) ;
#1765 = COORDINATED_UNIVERSAL_TIME_OFFSET ( 6, 0, .BEHIND. ) ;
#1766 = CARTESIAN_POINT ( 'NONE',  ( 2.350480947161680323, -9.544680581810301090E-15, -2.624999999999998668 ) ) ;
#1767 = CARTESIAN_POINT ( 'NONE',  ( -3.000000000000009770, -8.929207216678438350E-15, -3.624999999999999556 ) ) ;
#1768 = CARTESIAN_POINT ( 'NONE',  ( -0.09276405668863867138, -2.836119545718619683, 6.397745961312623741 ) ) ;
#1769 = DIRECTION ( 'NONE',  ( -0.000000000000000000, -0.000000000000000000, -1.000000000000000000 ) ) ;
#1770 = ORIENTED_EDGE ( 'NONE', *, *, #4020, .T. ) ;
#1771 = CARTESIAN_POINT ( 'NONE',  ( -3.740226349862381049E-16, -3.054126587736548437, -3.468749999999997780 ) ) ;
#1772 = ORIENTED_EDGE ( 'NONE', *, *, #2472, .T. ) ;
#1773 = CARTESIAN_POINT ( 'NONE',  ( 1.242640687119288767, -3.000000000000019540, 5.562500000000000000 ) ) ;
#1774 = CARTESIAN_POINT ( 'NONE',  ( 2.999999999999999556, -1.242640687119309195, -5.187499999999999112 ) ) ;
#1775 = CARTESIAN_POINT ( 'NONE',  ( -3.000000000000009326, -8.929207216678438350E-15, 4.250000000000001776 ) ) ;
#1776 = CARTESIAN_POINT ( 'NONE',  ( -1.242640687119289211, 3.000000000000000000, -5.937499999999998224 ) ) ;
#1777 = CARTESIAN_POINT ( 'NONE',  ( 0.000000000000000000, 2.350480947161671441, -0.4999999999999987232 ) ) ;
#1778 = CARTESIAN_POINT ( 'NONE',  ( -3.673940397442070715E-16, -3.000000000000017764, -9.500000000000000000 ) ) ;
#1779 = CARTESIAN_POINT ( 'NONE',  ( -2.878508968398391083E-16, -2.350480947161689649, 6.125000000000000000 ) ) ;
#1780 = CARTESIAN_POINT ( 'NONE',  ( -3.000000000000009770, -8.929207216678438350E-15, -10.62500000000000000 ) ) ;
#1781 = CARTESIAN_POINT ( 'NONE',  ( 2.350480947161680323, 0.9736010864139177379, 6.312500000000000888 ) ) ;
#1782 = CARTESIAN_POINT ( 'NONE',  ( 3.000000000000009326, -9.663995296166853972E-15, -1.249999999999999334 ) ) ;
#1783 = CARTESIAN_POINT ( 'NONE',  ( -1.265060653844737537, 3.054126587736531118, -1.843750000000001554 ) ) ;
#1784 = CARTESIAN_POINT ( 'NONE',  ( 1.662041016787803249, -1.662041016787812797, -11.87500000000000000 ) ) ;
#1785 = CARTESIAN_POINT ( 'NONE',  ( -2.878508968398391083E-16, -2.350480947161689649, -8.000000000000000000 ) ) ;
#1786 = CARTESIAN_POINT ( 'NONE',  ( 2.350480947161680323, -9.544680581810301090E-15, -0.6249999999999987788 ) ) ;
#1787 = CARTESIAN_POINT ( 'NONE',  ( -1.331800472227738119, -2.589929472372554553, 6.603131785767825335 ) ) ;
#1788 = CARTESIAN_POINT ( 'NONE',  ( 0.000000000000000000, 3.054126587736530229, 8.031250000000003553 ) ) ;
#1789 = CARTESIAN_POINT ( 'NONE',  ( -2.350480947161680323, -8.968978788130623169E-15, -6.249999999999999112 ) ) ;
#1790 = CALENDAR_DATE ( 2026, 5, 2 ) ;
#1791 = CARTESIAN_POINT ( 'NONE',  ( 1.662041016787803249, -1.662041016787812797, -1.749999999999999778 ) ) ;
#1792 = DIRECTION ( 'NONE',  ( -1.000000000000000000, 0.000000000000000000, 0.000000000000000000 ) ) ;
#1793 = CARTESIAN_POINT ( 'NONE',  ( -3.000000000000009770, -8.929207216678438350E-15, -0.6250000000000006661 ) ) ;
#1794 = CARTESIAN_POINT ( 'NONE',  ( -1.242640687119289655, -3.000000000000018652, 6.437500000000000888 ) ) ;
#1795 = ORIENTED_EDGE ( 'NONE', *, *, #2686, .F. ) ;
#1796 = CARTESIAN_POINT ( 'NONE',  ( 3.054126587736538223, -1.265060653844747973, -2.281249999999996891 ) ) ;
#1797 = ORIENTED_EDGE ( 'NONE', *, *, #3508, .F. ) ;
#1798 = CARTESIAN_POINT ( 'NONE',  ( 2.700701403211297258, -0.1735915015183406018, 6.038112010738721835 ) ) ;
#1799 = CARTESIAN_POINT ( 'NONE',  ( -3.673940397442070715E-16, -3.000000000000017764, -7.499999999999999112 ) ) ;
#1800 = CARTESIAN_POINT ( 'NONE',  ( -2.159593620790638546, -2.159593620790646984, -11.59374999999999822 ) ) ;
#1801 = ADVANCED_FACE ( 'NONE', ( #3419 ), #3356, .T. ) ;
#1802 = CARTESIAN_POINT ( 'NONE',  ( -3.000000000000014211, -1.242640687119293652, -10.56250000000000000 ) ) ;
#1803 = CARTESIAN_POINT ( 'NONE',  ( -0.9736010864139266197, -2.350480947161689649, 0.9375000000000007772 ) ) ;
#1804 = DIRECTION ( 'NONE',  ( -1.000000000000000000, 0.000000000000000000, 0.000000000000000000 ) ) ;
#1805 = CARTESIAN_POINT ( 'NONE',  ( 2.350480947161680323, -0.9736010864139368337, 7.312500000000001776 ) ) ;
#1806 = CARTESIAN_POINT ( 'NONE',  ( 3.000000000000009770, -9.663995296166853972E-15, -9.125000000000000000 ) ) ;
#1807 = CARTESIAN_POINT ( 'NONE',  ( -2.159593620790638546, -2.159593620790647428, -13.53125000000000178 ) ) ;
#1808 = CARTESIAN_POINT ( 'NONE',  ( 3.000000000000009326, -9.663995296166853972E-15, -11.24999999999999822 ) ) ;
#1809 = CARTESIAN_POINT ( 'NONE',  ( 3.054126587736538667, -1.265060653844748195, -4.218750000000001776 ) ) ;
#1810 = CARTESIAN_POINT ( 'NONE',  ( 1.662041016787803693, 1.662041016787793923, -9.625000000000000000 ) ) ;
#1811 = CARTESIAN_POINT ( 'NONE',  ( 1.662041016787803693, 1.662041016787793923, -3.624999999999999556 ) ) ;
#1812 = CARTESIAN_POINT ( 'NONE',  ( 1.662041016787803693, 1.662041016787793923, -0.4999999999999987232 ) ) ;
#1813 = FACE_OUTER_BOUND ( 'NONE', #897, .T. ) ;
#1814 = CARTESIAN_POINT ( 'NONE',  ( -0.9736010864139263976, 2.350480947161671441, -9.312499999999998224 ) ) ;
#1815 = CARTESIAN_POINT ( 'NONE',  ( 2.350480947161680323, -9.544680581810301090E-15, -6.750000000000000000 ) ) ;
#1816 = EDGE_CURVE ( 'NONE', #651, #2112, #1290, .T. ) ;
#1817 = CARTESIAN_POINT ( 'NONE',  ( -0.9736010864139263976, 2.350480947161671441, 3.687500000000002220 ) ) ;
#1818 = DIRECTION ( 'NONE',  ( -0.8660254037844384856, -0.5000000000000002220, 0.000000000000000000 ) ) ;
#1819 = CARTESIAN_POINT ( 'NONE',  ( 1.832332553657042729, -2.257807468239992676, 6.542297139315709664 ) ) ;
#1820 = CARTESIAN_POINT ( 'NONE',  ( -2.121320343559649046, -2.121320343559657928, 6.375000000000000000 ) ) ;
#1821 = EDGE_LOOP ( 'NONE', ( #5324, #4391, #2324, #1719 ) ) ;
#1822 = CARTESIAN_POINT ( 'NONE',  ( 3.054126587736539555, -9.673938189029898993E-15, -5.218749999999997335 ) ) ;
#1823 = ORIENTED_EDGE ( 'NONE', *, *, #5184, .F. ) ;
#1824 = CARTESIAN_POINT ( 'NONE',  ( -2.541849684002957410, -0.3458019868078118231, 5.650155096272579947 ) ) ;
#1825 = CARTESIAN_POINT ( 'NONE',  ( -2.121320343559649491, 2.121320343559640165, -2.750000000000000888 ) ) ;
#1826 = DIRECTION ( 'NONE',  ( -0.8660254037844385966, 0.5000000000000000000, 0.000000000000000000 ) ) ;
#1827 = CARTESIAN_POINT ( 'NONE',  ( -0.9736010864139266197, -2.350480947161689649, -2.937499999999999112 ) ) ;
#1828 = FACE_OUTER_BOUND ( 'NONE', #1717, .T. ) ;
#1829 = CARTESIAN_POINT ( 'NONE',  ( 0.9736010864139259535, -2.350480947161690537, 2.062500000000000000 ) ) ;
#1830 = DIRECTION ( 'NONE',  ( -0.000000000000000000, -0.000000000000000000, -1.000000000000000000 ) ) ;
#1831 = CARTESIAN_POINT ( 'NONE',  ( 2.350480947161680323, -9.544680581810301090E-15, 6.375000000000000888 ) ) ;
#1832 = EDGE_CURVE ( 'NONE', #184, #3622, #4280, .T. ) ;
#1833 = CARTESIAN_POINT ( 'NONE',  ( -4.700000000000000178, -2.818925648462311528E-15, 7.000000000000002665 ) ) ;
#1834 = VECTOR ( 'NONE', #677, 1000.000000000000000 ) ;
#1835 = CARTESIAN_POINT ( 'NONE',  ( -1.662041016787803471, -1.662041016787812353, 6.875000000000000888 ) ) ;
#1836 = CARTESIAN_POINT ( 'NONE',  ( -3.000000000000003109, -2.818925648462311528E-15, -13.00000000000000178 ) ) ;
#1837 = EDGE_CURVE ( 'NONE', #2215, #1048, #2475, .T. ) ;
#1838 = CARTESIAN_POINT ( 'NONE',  ( 3.054126587736538667, -1.265060653844748195, -1.218750000000001110 ) ) ;
#1839 = CARTESIAN_POINT ( 'NONE',  ( 1.662041016787803693, 1.662041016787793923, -11.62500000000000000 ) ) ;
#1840 = CARTESIAN_POINT ( 'NONE',  ( 1.662041016787803249, -1.662041016787812797, -4.874999999999999112 ) ) ;
#1841 = VECTOR ( 'NONE', #1417, 1000.000000000000000 ) ;
#1842 = CARTESIAN_POINT ( 'NONE',  ( -1.662041016787803471, -1.662041016787812353, 2.000000000000000000 ) ) ;
#1843 = ORIENTED_EDGE ( 'NONE', *, *, #3471, .F. ) ;
#1844 = AXIS2_PLACEMENT_3D ( 'NONE', #547, #1340, #491 ) ;
#1845 = CARTESIAN_POINT ( 'NONE',  ( -3.000000000000009326, -8.929207216678438350E-15, -5.749999999999999112 ) ) ;
#1846 = VECTOR ( 'NONE', #3844, 1000.000000000000000 ) ;
#1847 = CARTESIAN_POINT ( 'NONE',  ( -2.350480947161680767, 0.9736010864139172938, -9.187500000000000000 ) ) ;
#1848 = CARTESIAN_POINT ( 'NONE',  ( 2.350480947161680323, 0.9736010864139177379, 2.437500000000000444 ) ) ;
#1849 = DIRECTION ( 'NONE',  ( -0.000000000000000000, 0.000000000000000000, -1.000000000000000000 ) ) ;
#1850 = CARTESIAN_POINT ( 'NONE',  ( -1.662041016787803249, 1.662041016787794367, -11.25000000000000000 ) ) ;
#1851 = FACE_OUTER_BOUND ( 'NONE', #3816, .T. ) ;
#1852 = VERTEX_POINT ( 'NONE', #669 ) ;
#1853 = CARTESIAN_POINT ( 'NONE',  ( -1.265060653844737315, 3.054126587736530674, 0.09375000000000183187 ) ) ;
#1854 = ORIENTED_EDGE ( 'NONE', *, *, #653, .F. ) ;
#1855 = CARTESIAN_POINT ( 'NONE',  ( -0.1111926408452247744, -2.629718967835596111, 5.834196882800933182 ) ) ;
#1856 = CARTESIAN_POINT ( 'NONE',  ( 0.6612600958335932422, 2.693473799369252575, 6.221542032728558880 ) ) ;
#1857 = CARTESIAN_POINT ( 'NONE',  ( -3.740226349862381049E-16, -3.054126587736548437, -12.46874999999999645 ) ) ;
#1858 = CARTESIAN_POINT ( 'NONE',  ( -0.9736010864139263976, 2.350480947161671441, -4.312500000000000888 ) ) ;
#1859 = CARTESIAN_POINT ( 'NONE',  ( -2.499999999999997780, -1.208780723748845265, 12.75779833836970845 ) ) ;
#1860 = CARTESIAN_POINT ( 'NONE',  ( 2.350480947161680323, -9.544680581810301090E-15, 4.250000000000001776 ) ) ;
#1861 = DIRECTION ( 'NONE',  ( -1.000000000000000000, 0.000000000000000000, 0.000000000000000000 ) ) ;
#1862 = DIRECTION ( 'NONE',  ( 0.000000000000000000, 0.000000000000000000, -1.000000000000000000 ) ) ;
#1863 = CARTESIAN_POINT ( 'NONE',  ( 2.350480947161680323, -0.9736010864139368337, 7.187500000000000888 ) ) ;
#1864 = DIRECTION ( 'NONE',  ( 1.000000000000000000, 0.000000000000000000, 0.000000000000000000 ) ) ;
#1865 = VERTEX_POINT ( 'NONE', #136 ) ;
#1866 = CARTESIAN_POINT ( 'NONE',  ( -3.740226349862381542E-16, -3.054126587736548881, -3.406250000000001332 ) ) ;
#1867 = CARTESIAN_POINT ( 'NONE',  ( 0.9736010864139278409, 2.350480947161670997, -5.562500000000000000 ) ) ;
#1868 = CARTESIAN_POINT ( 'NONE',  ( 0.9736010864139279519, 2.350480947161670997, -2.562499999999998668 ) ) ;
#1869 = CARTESIAN_POINT ( 'NONE',  ( -2.878508968398391083E-16, -2.350480947161689649, -0.8749999999999990008 ) ) ;
#1870 = VERTEX_POINT ( 'NONE', #1878 ) ;
#1871 =( BOUNDED_CURVE ( )  B_SPLINE_CURVE ( 2, ( #4898, #564, #4062, #646, #1042, #4090, #257, #1441, #1070 ),
 .UNSPECIFIED., .F., .F. ) 
 B_SPLINE_CURVE_WITH_KNOTS ( ( 3, 2, 2, 2, 3 ),
 ( 0.3214285714285714524, 0.3273809523809523836, 0.3333333333333334259, 0.3392857142857143571, 0.3452380952380952883 ),
 .UNSPECIFIED. ) 
 CURVE ( )  GEOMETRIC_REPRESENTATION_ITEM ( )  RATIONAL_B_SPLINE_CURVE ( ( 0.9999999999999993339, 0.9238795325112872936, 1.000000000000000000, 0.9238795325112866275, 1.000000000000000000, 0.9238795325112866275, 1.000000000000000000, 0.9238795325112859613, 1.000000000000000666 ) ) 
 REPRESENTATION_ITEM ( '' )  );
#1872 = CARTESIAN_POINT ( 'NONE',  ( -2.776033521535021809, -0.7376201253618556164, 6.493016700364920624 ) ) ;
#1873 = ADVANCED_FACE ( 'NONE', ( #248 ), #4055, .T. ) ;
#1874 = CARTESIAN_POINT ( 'NONE',  ( -2.350480947161680767, -0.9736010864139355014, -10.06250000000000000 ) ) ;
#1875 = CARTESIAN_POINT ( 'NONE',  ( -1.662041016787803471, -1.662041016787812353, 3.000000000000000888 ) ) ;
#1876 = CARTESIAN_POINT ( 'NONE',  ( -2.350480947161680323, -8.968978788130623169E-15, -10.24999999999999822 ) ) ;
#1877 = CARTESIAN_POINT ( 'NONE',  ( -2.592817197904458748, -0.9157672680099510076, 6.155736246035645287 ) ) ;
#1878 = CARTESIAN_POINT ( 'NONE',  ( -3.000000000000009770, -8.929207216678438350E-15, -9.625000000000000000 ) ) ;
#1879 = ORIENTED_EDGE ( 'NONE', *, *, #5390, .F. ) ;
#1880 = CARTESIAN_POINT ( 'NONE',  ( 2.159593620790638546, 2.159593620790628776, -1.093749999999997558 ) ) ;
#1881 = ORIENTED_EDGE ( 'NONE', *, *, #1972, .F. ) ;
#1882 = CARTESIAN_POINT ( 'NONE',  ( 0.000000000000000000, 2.350480947161671441, -12.50000000000000000 ) ) ;
#1883 = CARTESIAN_POINT ( 'NONE',  ( -3.054126587736539111, 1.265060653844728433, -11.78124999999999822 ) ) ;
#1884 = CARTESIAN_POINT ( 'NONE',  ( 1.662041016787803693, 1.662041016787793923, -5.500000000000000000 ) ) ;
#1885 = CARTESIAN_POINT ( 'NONE',  ( 1.242640687119290765, 2.999999999999999112, -6.062499999999998224 ) ) ;
#1886 = CARTESIAN_POINT ( 'NONE',  ( 1.662041016787803693, 1.662041016787793923, 6.375000000000000888 ) ) ;
#1887 = CARTESIAN_POINT ( 'NONE',  ( 3.000000000000009326, -9.663995296166853972E-15, -6.249999999999999112 ) ) ;
#1888 = CARTESIAN_POINT ( 'NONE',  ( 3.000000000000008438, 1.242640687119280773, -9.187500000000001776 ) ) ;
#1889 = VERTEX_POINT ( 'NONE', #1962 ) ;
#1890 = DIRECTION ( 'NONE',  ( -0.000000000000000000, -0.000000000000000000, 1.000000000000000000 ) ) ;
#1891 = CARTESIAN_POINT ( 'NONE',  ( 0.9736010864139259535, -2.350480947161690537, 5.062500000000000888 ) ) ;
#1892 = DIRECTION ( 'NONE',  ( -0.000000000000000000, -0.000000000000000000, -1.000000000000000000 ) ) ;
#1893 = ORIENTED_EDGE ( 'NONE', *, *, #5047, .F. ) ;
#1894 = CARTESIAN_POINT ( 'NONE',  ( -2.159593620790638546, 2.159593620790629220, -2.781250000000002665 ) ) ;
#1895 = CARTESIAN_POINT ( 'NONE',  ( 0.9736010864139259535, -2.350480947161690537, -4.937500000000000888 ) ) ;
#1896 = CARTESIAN_POINT ( 'NONE',  ( 2.350480947161679435, -0.9736010864139368337, -4.812500000000000000 ) ) ;
#1897 = CARTESIAN_POINT ( 'NONE',  ( 0.9736010864139259535, -2.350480947161690537, 1.187500000000001110 ) ) ;
#1898 = CARTESIAN_POINT ( 'NONE',  ( 1.662041016787803249, -1.662041016787812797, 1.250000000000001110 ) ) ;
#1899 = ORIENTED_EDGE ( 'NONE', *, *, #1424, .T. ) ;
#1900 = FACE_OUTER_BOUND ( 'NONE', #2715, .T. ) ;
#1901 =( BOUNDED_SURFACE ( )  B_SPLINE_SURFACE ( 1, 2, ( 
 ( #3050, #1008, #1435, #113, #3588, #3164, #3923, #142, #1857, #88, #5242, #1037, #1408, #3560, #1464, #2717, #4865, #4759, #5268, #1883, #4423, #3948, #1800, #2301, #5210, #2747, #3533, #1378, #4371, #2635, #2328, #3133, #3080, #589, #4786, #4003, #167, #4451, #616, #958, #2666, #4030, #196, #533, #2246, #1912, #3615, #1353, #928, #5326, #2775, #3193, #1494, #4893, #1066, #4116, #1211, #2471, #3728, #5411, #1664, #2530, #5499, #5016, #2024, #841, #4204, #5099, #4594, #1268, #2968, #3786, #4175, #5073, #5440, #3369, #1240, #3395, #2860, #340, #3756, #2915, #2944, #1578, #396, #4567, #3286, #4678, #2084, #282, #2053, #4234, #2111, #3817, #4622, #4652, #1997, #5524, #3700, #1607, #4986, #787, #3313, #2887, #5044, #814, #758, #1154, #1692, #729, #369, #5468, #1635, #1182, #2442, #310, #4145, #3340, #2502, #2241, #3076, #1374, #5156, #1743, #1822, #2188, #447, #4338, #4781, #470, #3502, #83, #4731, #954, #3104, #1292, #3894, #2661, #4809, #2556, #423, #4367, #2, #3866, #3453, #529, #3944, #501, #1325, #109, #3421, #1718, #1771, #54, #5126, #4704, #3529, #2214, #3477, #5238, #2995, #1404, #27, #870, #2605, #5179, #1349, #2580, #4282, #3919, #5206, #1796, #4257, #2138, #4309, #3046, #3842, #3021, #2163, #896, #4755, #923, #2631, #4920, #138, #5322, #3585, #4420, #585, #249, #1880, #4000, #1461, #164, #4083, #4448, #5292, #3612, #3668, #2714, #5375, #1963, #3641, #3973, #3247, #4392, #613, #2744, #640, #1853, #3160, #1543, #4861, #1492, #1431, #2325, #4475, #1517, #1034, #3130, #979, #1062, #4834, #3190, #3556, #4027, #193, #2772, #1004, #5263, #2689, #554, #2298, #1909, #2352, #3218, #2270, #4056, #2381, #4890, #222, #1937, #5349, #1094, #2798, #670, #4503, #3360, #4559, #2825, #2521, #3278, #2851, #1119, #1173, #2075, #779, #4225, #4585, #3777, #4531, #274, #360, #1988, #1232, #5432, #3692, #2433, #695, #388, #749, #2406, #2016, #4109, #2044, #4196, #2463, #2879, #2104, #5403, #5007, #1686, #1599, #3810, #4167, #3720, #3748, #5518, #1146, #4946, #1569, #5490, #4978, #721, #4135, #332, #5460, #4615, #301, #3305, #1626, #3331, #5035, #1202, #2906, #2493, #1656, #5065, #2936, #4644, #806, #5541, #46, #416, #1314, #2597, #3469, #1710, #2547, #3387, #5092, #3413, #3442, #5172, #72, #1260, #1341, #4774, #5118, #3037, #1283, #1735, #2653, #4250, #3068, #4357, #1788 ),
 ( #4748, #2573, #5197, #2155, #4301, #861, #3884, #2961, #914, #2624, #3859, #3494, #1366, #2131, #888, #3014, #3834, #5146, #946, #4723, #463, #520, #4329, #2232, #4670, #2181, #3911, #493, #440, #20, #1762, #3937, #2205, #101, #4274, #833, #2986, #4696, #158, #1425, #3097, #4885, #216, #3184, #2707, #5257, #4078, #1902, #2793, #2292, #4497, #662, #1484, #1874, #2767, #3123, #1057, #4471, #4021, #4385, #5285, #1027, #3605, #131, #974, #1814, #3522, #1847, #3577, #5316, #4050, #5228, #636, #3213, #3964, #2348, #3550, #1454, #1089, #2682, #1513, #2374, #1932, #4827, #1397, #998, #3637, #4803, #5345, #3153, #4914, #548, #2262, #4855, #4414, #577, #3994, #2737, #4442, #607, #2319, #187, #3270, #1537, #1229, #5427, #3242, #2847, #4942, #2875, #5030, #1594, #2012, #1112, #2820, #5001, #3300, #4526, #2401, #4191, #3743, #1169, #4610, #691, #2489, #1564, #4104, #297, #4581, #3714, #270, #1984, #5454, #2901, #1621, #3326, #5061, #744, #2458, #1198, #718, #775, #5398, #1140, #2517, #4163, #354, #3688, #328, #4555, #4973, #2429, #2932, #4131, #2039, #244, #2070, #3355, #3773, #5485, #1651, #4641, #802, #1958, #3663, #5370, #4220, #384, #2101, #1683, #3803, #5515, #1531, #2315, #1478, #2342, #3179, #4044, #4491, #686, #210, #4125, #3236, #2422, #5364, #1978, #289, #656, #3572, #3263, #1022, #4880, #4466, #2395, #4098, #4935, #2761, #5391, #1926, #2367, #1052, #4072, #5281, #1107, #3658, #3630, #265, #1558, #602, #1082, #3208, #2733, #5340, #4965, #1509, #4909, #3682, #2814, #1134, #1450, #238, #2841, #4520, #630, #2788, #1953, #4547, #711, #3146, #4849, #4438, #4016, #182, #1897, #3601, #5311, #5081, #405, #3377, #2895, #5448, #4266, #2093, #2976, #2482, #4686, #850, #1676, #2062, #2952, #1615, #1249, #4661, #1275, #822, #5107, #3320, #5477, #2538, #3294, #3826, #738, #4995, #2564, #5507, #3707, #348, #2122, #5532, #1700, #4631, #4242, #2005, #3404, #5420, #2451, #5024, #768, #1191, #4184, #2923, #1588, #3766, #1162, #2869, #4575, #3795, #1643, #5053, #4602, #4154, #3737, #320, #2033, #3348, #1221, #795, #2510, #4212, #377, #5246, #62, #3874, #2222, #2670, #3903, #1382, #3511, #2613, #962, #987, #4712, #1779, #4374, #3850, #3926, #1831, #2589, #91, #4290, #4317, #1414, #5135, #119, #3112, #537, #36, #11, #1753, #5215, #4816, #1805, #2195, #3085, #4791, #3537, #3485 ) ),
 .UNSPECIFIED., .F., .F., .F. ) 
 B_SPLINE_SURFACE_WITH_KNOTS ( ( 2, 2 ),
 ( 3, 2, 2, 2, 2, 2, 2, 2, 2, 2, 2, 2, 2, 2, 2, 2, 2, 2, 2, 2, 2, 2, 2, 2, 2, 2, 2, 2, 2, 2, 2, 2, 2, 2, 2, 2, 2, 2, 2, 2, 2, 2, 2, 2, 2, 2, 2, 2, 2, 2, 2, 2, 2, 2, 2, 2, 2, 2, 2, 2, 2, 2, 2, 2, 2, 2, 2, 2, 2, 2, 2, 2, 2, 2, 2, 2, 2, 2, 2, 2, 2, 2, 2, 2, 2, 2, 2, 2, 2, 2, 2, 2, 2, 2, 2, 2, 2, 2, 2, 2, 2, 2, 2, 2, 2, 2, 2, 2, 2, 2, 2, 2, 2, 2, 2, 2, 2, 2, 2, 2, 2, 2, 2, 2, 2, 2, 2, 2, 2, 2, 2, 2, 2, 2, 2, 2, 2, 2, 2, 2, 2, 2, 2, 2, 2, 2, 2, 2, 2, 2, 2, 2, 2, 2, 2, 2, 2, 2, 2, 2, 2, 2, 2, 2, 2, 2, 2, 2, 3 ),
 ( 0.000000000000000000, 1.000000000000000000 ),
 ( 0.000000000000000000, 0.005952380952380952051, 0.01190476190476190410, 0.01785714285714285615, 0.02380952380952380820, 0.02976190476190476025, 0.03571428571428571230, 0.04166666666666666435, 0.04761904761904761640, 0.05357142857142856845, 0.05952380952380952051, 0.06547619047619047949, 0.07142857142857142461, 0.07738095238095238360, 0.08333333333333332871, 0.08928571428571428770, 0.09523809523809523281, 0.1011904761904761918, 0.1071428571428571369, 0.1130952380952380959, 0.1190476190476190410, 0.1250000000000000000, 0.1309523809523809590, 0.1369047619047619180, 0.1428571428571428492, 0.1488095238095238082, 0.1547619047619047672, 0.1607142857142857262, 0.1666666666666666574, 0.1726190476190476164, 0.1785714285714285754, 0.1845238095238095344, 0.1904761904761904656, 0.1964285714285714246, 0.2023809523809523836, 0.2083333333333333426, 0.2142857142857142738, 0.2202380952380952328, 0.2261904761904761918, 0.2321428571428571508, 0.2380952380952380820, 0.2440476190476190410, 0.2500000000000000000, 0.2559523809523809312, 0.2619047619047619180, 0.2678571428571428492, 0.2738095238095238360, 0.2797619047619047672, 0.2857142857142856984, 0.2916666666666666852, 0.2976190476190476164, 0.3035714285714285476, 0.3095238095238095344, 0.3154761904761904656, 0.3214285714285714524, 0.3273809523809523836, 0.3333333333333333148, 0.3392857142857143016, 0.3452380952380952328, 0.3511904761904761640, 0.3571428571428571508, 0.3630952380952380820, 0.3690476190476190688, 0.3750000000000000000, 0.3809523809523809312, 0.3869047619047619180, 0.3928571428571428492, 0.3988095238095238360, 0.4047619047619047672, 0.4107142857142856984, 0.4166666666666666852, 0.4226190476190476164, 0.4285714285714285476, 0.4345238095238095344, 0.4404761904761904656, 0.4464285714285714524, 0.4523809523809523836, 0.4583333333333333148, 0.4642857142857143016, 0.4702380952380952328, 0.4761904761904761640, 0.4821428571428571508, 0.4880952380952380820, 0.4940476190476190688, 0.5000000000000000000, 0.5059523809523809312, 0.5119047619047618625, 0.5178571428571429047, 0.5238095238095238360, 0.5297619047619047672, 0.5357142857142856984, 0.5416666666666666297, 0.5476190476190476719, 0.5535714285714286031, 0.5595238095238095344, 0.5654761904761904656, 0.5714285714285713969, 0.5773809523809523281, 0.5833333333333333703, 0.5892857142857143016, 0.5952380952380952328, 0.6011904761904761640, 0.6071428571428570953, 0.6130952380952381375, 0.6190476190476190688, 0.6250000000000000000, 0.6309523809523809312, 0.6369047619047618625, 0.6428571428571429047, 0.6488095238095238360, 0.6547619047619047672, 0.6607142857142856984, 0.6666666666666666297, 0.6726190476190476719, 0.6785714285714286031, 0.6845238095238095344, 0.6904761904761904656, 0.6964285714285713969, 0.7023809523809523281, 0.7083333333333333703, 0.7142857142857143016, 0.7202380952380952328, 0.7261904761904761640, 0.7321428571428570953, 0.7380952380952381375, 0.7440476190476190688, 0.7500000000000000000, 0.7559523809523809312, 0.7619047619047618625, 0.7678571428571429047, 0.7738095238095238360, 0.7797619047619047672, 0.7857142857142856984, 0.7916666666666666297, 0.7976190476190476719, 0.8035714285714286031, 0.8095238095238095344, 0.8154761904761904656, 0.8214285714285713969, 0.8273809523809523281, 0.8333333333333333703, 0.8392857142857143016, 0.8452380952380952328, 0.8511904761904761640, 0.8571428571428570953, 0.8630952380952381375, 0.8690476190476190688, 0.8750000000000000000, 0.8809523809523809312, 0.8869047619047618625, 0.8928571428571429047, 0.8988095238095238360, 0.9047619047619047672, 0.9107142857142856984, 0.9166666666666666297, 0.9226190476190476719, 0.9285714285714286031, 0.9345238095238095344, 0.9404761904761904656, 0.9464285714285713969, 0.9523809523809523281, 0.9583333333333333703, 0.9642857142857143016, 0.9702380952380952328, 0.9761904761904761640, 0.9821428571428570953, 0.9880952380952381375, 0.9940476190476190688, 1.000000000000000000 ),
 .UNSPECIFIED. ) 
 GEOMETRIC_REPRESENTATION_ITEM ( )  RATIONAL_B_SPLINE_SURFACE ( (
 ( 1.000000000000000000, 0.9238795325112867385, 1.000000000000000000, 0.9238795325112867385, 1.000000000000000000, 0.9238795325112867385, 1.000000000000000000, 0.9238795325112867385, 1.000000000000000000, 0.9238795325112867385, 1.000000000000000000, 0.9238795325112867385, 1.000000000000000000, 0.9238795325112867385, 1.000000000000000000, 0.9238795325112867385, 1.000000000000000000, 0.9238795325112867385, 1.000000000000000000, 0.9238795325112867385, 1.000000000000000000, 0.9238795325112867385, 1.000000000000000000, 0.9238795325112867385, 1.000000000000000000, 0.9238795325112867385, 1.000000000000000000, 0.9238795325112867385, 1.000000000000000000, 0.9238795325112867385, 1.000000000000000000, 0.9238795325112867385, 1.000000000000000000, 0.9238795325112867385, 1.000000000000000000, 0.9238795325112867385, 1.000000000000000000, 0.9238795325112867385, 1.000000000000000000, 0.9238795325112867385, 1.000000000000000000, 0.9238795325112867385, 1.000000000000000000, 0.9238795325112867385, 1.000000000000000000, 0.9238795325112867385, 1.000000000000000000, 0.9238795325112867385, 1.000000000000000000, 0.9238795325112867385, 1.000000000000000000, 0.9238795325112867385, 1.000000000000000000, 0.9238795325112867385, 1.000000000000000000, 0.9238795325112867385, 1.000000000000000000, 0.9238795325112867385, 1.000000000000000000, 0.9238795325112867385, 1.000000000000000000, 0.9238795325112867385, 1.000000000000000000, 0.9238795325112867385, 1.000000000000000000, 0.9238795325112867385, 1.000000000000000000, 0.9238795325112867385, 1.000000000000000000, 0.9238795325112867385, 1.000000000000000000, 0.9238795325112867385, 1.000000000000000000, 0.9238795325112867385, 1.000000000000000000, 0.9238795325112867385, 1.000000000000000000, 0.9238795325112867385, 1.000000000000000000, 0.9238795325112867385, 1.000000000000000000, 0.9238795325112867385, 1.000000000000000000, 0.9238795325112867385, 1.000000000000000000, 0.9238795325112867385, 1.000000000000000000, 0.9238795325112867385, 1.000000000000000000, 0.9238795325112867385, 1.000000000000000000, 0.9238795325112867385, 1.000000000000000000, 0.9238795325112867385, 1.000000000000000000, 0.9238795325112867385, 1.000000000000000000, 0.9238795325112867385, 1.000000000000000000, 0.9238795325112867385, 1.000000000000000000, 0.9238795325112867385, 1.000000000000000000, 0.9238795325112867385, 1.000000000000000000, 0.9238795325112867385, 1.000000000000000000, 0.9238795325112867385, 1.000000000000000000, 0.9238795325112867385, 1.000000000000000000, 0.9238795325112867385, 1.000000000000000000, 0.9238795325112867385, 1.000000000000000000, 0.9238795325112867385, 1.000000000000000000, 0.9238795325112867385, 1.000000000000000000, 0.9238795325112867385, 1.000000000000000000, 0.9238795325112867385, 1.000000000000000000, 0.9238795325112867385, 1.000000000000000000, 0.9238795325112867385, 1.000000000000000000, 0.9238795325112867385, 1.000000000000000000, 0.9238795325112867385, 1.000000000000000000, 0.9238795325112867385, 1.000000000000000000, 0.9238795325112867385, 1.000000000000000000, 0.9238795325112867385, 1.000000000000000000, 0.9238795325112867385, 1.000000000000000000, 0.9238795325112867385, 1.000000000000000000, 0.9238795325112867385, 1.000000000000000000, 0.9238795325112867385, 1.000000000000000000, 0.9238795325112867385, 1.000000000000000000, 0.9238795325112867385, 1.000000000000000000, 0.9238795325112867385, 1.000000000000000000, 0.9238795325112867385, 1.000000000000000000, 0.9238795325112867385, 1.000000000000000000, 0.9238795325112867385, 1.000000000000000000, 0.9238795325112867385, 1.000000000000000000, 0.9238795325112867385, 1.000000000000000000, 0.9238795325112867385, 1.000000000000000000, 0.9238795325112867385, 1.000000000000000000, 0.9238795325112867385, 1.000000000000000000, 0.9238795325112867385, 1.000000000000000000, 0.9238795325112867385, 1.000000000000000000, 0.9238795325112867385, 1.000000000000000000, 0.9238795325112867385, 1.000000000000000000, 0.9238795325112867385, 1.000000000000000000, 0.9238795325112867385, 1.000000000000000000, 0.9238795325112867385, 1.000000000000000000, 0.9238795325112867385, 1.000000000000000000, 0.9238795325112867385, 1.000000000000000000, 0.9238795325112867385, 1.000000000000000000, 0.9238795325112867385, 1.000000000000000000, 0.9238795325112867385, 1.000000000000000000, 0.9238795325112867385, 1.000000000000000000, 0.9238795325112867385, 1.000000000000000000, 0.9238795325112867385, 1.000000000000000000, 0.9238795325112867385, 1.000000000000000000, 0.9238795325112867385, 1.000000000000000000, 0.9238795325112867385, 1.000000000000000000, 0.9238795325112867385, 1.000000000000000000, 0.9238795325112867385, 1.000000000000000000, 0.9238795325112867385, 1.000000000000000000, 0.9238795325112867385, 1.000000000000000000, 0.9238795325112867385, 1.000000000000000000, 0.9238795325112867385, 1.000000000000000000, 0.9238795325112867385, 1.000000000000000000, 0.9238795325112867385, 1.000000000000000000, 0.9238795325112867385, 1.000000000000000000, 0.9238795325112867385, 1.000000000000000000, 0.9238795325112867385, 1.000000000000000000, 0.9238795325112867385, 1.000000000000000000, 0.9238795325112867385, 1.000000000000000000, 0.9238795325112867385, 1.000000000000000000, 0.9238795325112867385, 1.000000000000000000, 0.9238795325112867385, 1.000000000000000000, 0.9238795325112867385, 1.000000000000000000, 0.9238795325112867385, 1.000000000000000000, 0.9238795325112867385, 1.000000000000000000, 0.9238795325112867385, 1.000000000000000000, 0.9238795325112867385, 1.000000000000000000, 0.9238795325112867385, 1.000000000000000000, 0.9238795325112867385, 1.000000000000000000, 0.9238795325112867385, 1.000000000000000000, 0.9238795325112867385, 1.000000000000000000, 0.9238795325112867385, 1.000000000000000000, 0.9238795325112867385, 1.000000000000000000, 0.9238795325112867385, 1.000000000000000000, 0.9238795325112867385, 1.000000000000000000, 0.9238795325112867385, 1.000000000000000000, 0.9238795325112867385, 1.000000000000000000, 0.9238795325112867385, 1.000000000000000000, 0.9238795325112867385, 1.000000000000000000, 0.9238795325112867385, 1.000000000000000000, 0.9238795325112867385, 1.000000000000000000, 0.9238795325112867385, 1.000000000000000000, 0.9238795325112867385, 1.000000000000000000, 0.9238795325112867385, 1.000000000000000000, 0.9238795325112867385, 1.000000000000000000, 0.9238795325112867385, 1.000000000000000000, 0.9238795325112867385, 1.000000000000000000, 0.9238795325112867385, 1.000000000000000000, 0.9238795325112867385, 1.000000000000000000, 0.9238795325112867385, 1.000000000000000000, 0.9238795325112867385, 1.000000000000000000, 0.9238795325112867385, 1.000000000000000000, 0.9238795325112867385, 1.000000000000000000, 0.9238795325112867385, 1.000000000000000000, 0.9238795325112867385, 1.000000000000000000, 0.9238795325112867385, 1.000000000000000000, 0.9238795325112867385, 1.000000000000000000, 0.9238795325112867385, 1.000000000000000000, 0.9238795325112867385, 1.000000000000000000, 0.9238795325112867385, 1.000000000000000000, 0.9238795325112867385, 1.000000000000000000, 0.9238795325112867385, 1.000000000000000000, 0.9238795325112867385, 1.000000000000000000, 0.9238795325112867385, 1.000000000000000000, 0.9238795325112867385, 1.000000000000000000, 0.9238795325112867385, 1.000000000000000000, 0.9238795325112867385, 1.000000000000000000, 0.9238795325112867385, 1.000000000000000000, 0.9238795325112867385, 1.000000000000000000, 0.9238795325112867385, 1.000000000000000000, 0.9238795325112867385, 1.000000000000000000, 0.9238795325112867385, 1.000000000000000000, 0.9238795325112867385, 1.000000000000000000),
 ( 1.000000000000000000, 0.9238795325112867385, 1.000000000000000000, 0.9238795325112867385, 1.000000000000000000, 0.9238795325112867385, 1.000000000000000000, 0.9238795325112867385, 1.000000000000000000, 0.9238795325112867385, 1.000000000000000000, 0.9238795325112867385, 1.000000000000000000, 0.9238795325112867385, 1.000000000000000000, 0.9238795325112867385, 1.000000000000000000, 0.9238795325112867385, 1.000000000000000000, 0.9238795325112867385, 1.000000000000000000, 0.9238795325112867385, 1.000000000000000000, 0.9238795325112867385, 1.000000000000000000, 0.9238795325112867385, 1.000000000000000000, 0.9238795325112867385, 1.000000000000000000, 0.9238795325112867385, 1.000000000000000000, 0.9238795325112867385, 1.000000000000000000, 0.9238795325112867385, 1.000000000000000000, 0.9238795325112867385, 1.000000000000000000, 0.9238795325112867385, 1.000000000000000000, 0.9238795325112867385, 1.000000000000000000, 0.9238795325112867385, 1.000000000000000000, 0.9238795325112867385, 1.000000000000000000, 0.9238795325112867385, 1.000000000000000000, 0.9238795325112867385, 1.000000000000000000, 0.9238795325112867385, 1.000000000000000000, 0.9238795325112867385, 1.000000000000000000, 0.9238795325112867385, 1.000000000000000000, 0.9238795325112867385, 1.000000000000000000, 0.9238795325112867385, 1.000000000000000000, 0.9238795325112867385, 1.000000000000000000, 0.9238795325112867385, 1.000000000000000000, 0.9238795325112867385, 1.000000000000000000, 0.9238795325112867385, 1.000000000000000000, 0.9238795325112867385, 1.000000000000000000, 0.9238795325112867385, 1.000000000000000000, 0.9238795325112867385, 1.000000000000000000, 0.9238795325112867385, 1.000000000000000000, 0.9238795325112867385, 1.000000000000000000, 0.9238795325112867385, 1.000000000000000000, 0.9238795325112867385, 1.000000000000000000, 0.9238795325112867385, 1.000000000000000000, 0.9238795325112867385, 1.000000000000000000, 0.9238795325112867385, 1.000000000000000000, 0.9238795325112867385, 1.000000000000000000, 0.9238795325112867385, 1.000000000000000000, 0.9238795325112867385, 1.000000000000000000, 0.9238795325112867385, 1.000000000000000000, 0.9238795325112867385, 1.000000000000000000, 0.9238795325112867385, 1.000000000000000000, 0.9238795325112867385, 1.000000000000000000, 0.9238795325112867385, 1.000000000000000000, 0.9238795325112867385, 1.000000000000000000, 0.9238795325112867385, 1.000000000000000000, 0.9238795325112867385, 1.000000000000000000, 0.9238795325112867385, 1.000000000000000000, 0.9238795325112867385, 1.000000000000000000, 0.9238795325112867385, 1.000000000000000000, 0.9238795325112867385, 1.000000000000000000, 0.9238795325112867385, 1.000000000000000000, 0.9238795325112867385, 1.000000000000000000, 0.9238795325112867385, 1.000000000000000000, 0.9238795325112867385, 1.000000000000000000, 0.9238795325112867385, 1.000000000000000000, 0.9238795325112867385, 1.000000000000000000, 0.9238795325112867385, 1.000000000000000000, 0.9238795325112867385, 1.000000000000000000, 0.9238795325112867385, 1.000000000000000000, 0.9238795325112867385, 1.000000000000000000, 0.9238795325112867385, 1.000000000000000000, 0.9238795325112867385, 1.000000000000000000, 0.9238795325112867385, 1.000000000000000000, 0.9238795325112867385, 1.000000000000000000, 0.9238795325112867385, 1.000000000000000000, 0.9238795325112867385, 1.000000000000000000, 0.9238795325112867385, 1.000000000000000000, 0.9238795325112867385, 1.000000000000000000, 0.9238795325112867385, 1.000000000000000000, 0.9238795325112867385, 1.000000000000000000, 0.9238795325112867385, 1.000000000000000000, 0.9238795325112867385, 1.000000000000000000, 0.9238795325112867385, 1.000000000000000000, 0.9238795325112867385, 1.000000000000000000, 0.9238795325112867385, 1.000000000000000000, 0.9238795325112867385, 1.000000000000000000, 0.9238795325112867385, 1.000000000000000000, 0.9238795325112867385, 1.000000000000000000, 0.9238795325112867385, 1.000000000000000000, 0.9238795325112867385, 1.000000000000000000, 0.9238795325112867385, 1.000000000000000000, 0.9238795325112867385, 1.000000000000000000, 0.9238795325112867385, 1.000000000000000000, 0.9238795325112867385, 1.000000000000000000, 0.9238795325112867385, 1.000000000000000000, 0.9238795325112867385, 1.000000000000000000, 0.9238795325112867385, 1.000000000000000000, 0.9238795325112867385, 1.000000000000000000, 0.9238795325112867385, 1.000000000000000000, 0.9238795325112867385, 1.000000000000000000, 0.9238795325112867385, 1.000000000000000000, 0.9238795325112867385, 1.000000000000000000, 0.9238795325112867385, 1.000000000000000000, 0.9238795325112867385, 1.000000000000000000, 0.9238795325112867385, 1.000000000000000000, 0.9238795325112867385, 1.000000000000000000, 0.9238795325112867385, 1.000000000000000000, 0.9238795325112867385, 1.000000000000000000, 0.9238795325112867385, 1.000000000000000000, 0.9238795325112867385, 1.000000000000000000, 0.9238795325112867385, 1.000000000000000000, 0.9238795325112867385, 1.000000000000000000, 0.9238795325112867385, 1.000000000000000000, 0.9238795325112867385, 1.000000000000000000, 0.9238795325112867385, 1.000000000000000000, 0.9238795325112867385, 1.000000000000000000, 0.9238795325112867385, 1.000000000000000000, 0.9238795325112867385, 1.000000000000000000, 0.9238795325112867385, 1.000000000000000000, 0.9238795325112867385, 1.000000000000000000, 0.9238795325112867385, 1.000000000000000000, 0.9238795325112867385, 1.000000000000000000, 0.9238795325112867385, 1.000000000000000000, 0.9238795325112867385, 1.000000000000000000, 0.9238795325112867385, 1.000000000000000000, 0.9238795325112867385, 1.000000000000000000, 0.9238795325112867385, 1.000000000000000000, 0.9238795325112867385, 1.000000000000000000, 0.9238795325112867385, 1.000000000000000000, 0.9238795325112867385, 1.000000000000000000, 0.9238795325112867385, 1.000000000000000000, 0.9238795325112867385, 1.000000000000000000, 0.9238795325112867385, 1.000000000000000000, 0.9238795325112867385, 1.000000000000000000, 0.9238795325112867385, 1.000000000000000000, 0.9238795325112867385, 1.000000000000000000, 0.9238795325112867385, 1.000000000000000000, 0.9238795325112867385, 1.000000000000000000, 0.9238795325112867385, 1.000000000000000000, 0.9238795325112867385, 1.000000000000000000, 0.9238795325112867385, 1.000000000000000000, 0.9238795325112867385, 1.000000000000000000, 0.9238795325112867385, 1.000000000000000000, 0.9238795325112867385, 1.000000000000000000, 0.9238795325112867385, 1.000000000000000000, 0.9238795325112867385, 1.000000000000000000, 0.9238795325112867385, 1.000000000000000000, 0.9238795325112867385, 1.000000000000000000, 0.9238795325112867385, 1.000000000000000000, 0.9238795325112867385, 1.000000000000000000, 0.9238795325112867385, 1.000000000000000000, 0.9238795325112867385, 1.000000000000000000, 0.9238795325112867385, 1.000000000000000000, 0.9238795325112867385, 1.000000000000000000, 0.9238795325112867385, 1.000000000000000000, 0.9238795325112867385, 1.000000000000000000, 0.9238795325112867385, 1.000000000000000000, 0.9238795325112867385, 1.000000000000000000, 0.9238795325112867385, 1.000000000000000000, 0.9238795325112867385, 1.000000000000000000, 0.9238795325112867385, 1.000000000000000000, 0.9238795325112867385, 1.000000000000000000, 0.9238795325112867385, 1.000000000000000000, 0.9238795325112867385, 1.000000000000000000, 0.9238795325112867385, 1.000000000000000000, 0.9238795325112867385, 1.000000000000000000, 0.9238795325112867385, 1.000000000000000000, 0.9238795325112867385, 1.000000000000000000, 0.9238795325112867385, 1.000000000000000000, 0.9238795325112867385, 1.000000000000000000) ) ) 
 REPRESENTATION_ITEM ( '' )  SURFACE ( )  );
#1902 = CARTESIAN_POINT ( 'NONE',  ( 0.9736010864139278409, 2.350480947161670997, -10.43749999999999822 ) ) ;
#1903 = ADVANCED_FACE ( 'NONE', ( #1459 ), #3128, .T. ) ;
#1904 = CARTESIAN_POINT ( 'NONE',  ( 2.350480947161680323, -9.544680581810301090E-15, 2.375000000000000444 ) ) ;
#1905 = CARTESIAN_POINT ( 'NONE',  ( 3.000000000000009770, -9.663995296166853972E-15, 2.875000000000000888 ) ) ;
#1906 = CARTESIAN_POINT ( 'NONE',  ( 2.350480947161679435, -0.9736010864139368337, -10.68749999999999822 ) ) ;
#1907 = DIRECTION ( 'NONE',  ( 0.7071067811865484609, 0.000000000000000000, 0.7071067811865465735 ) ) ;
#1908 = ORIENTED_EDGE ( 'NONE', *, *, #4431, .F. ) ;
#1909 = CARTESIAN_POINT ( 'NONE',  ( 1.265060653844736427, -3.054126587736549769, 1.593750000000003331 ) ) ;
#1910 = ORIENTED_EDGE ( 'NONE', *, *, #121, .F. ) ;
#1911 = DIRECTION ( 'NONE',  ( -0.000000000000000000, -0.000000000000000000, -1.000000000000000000 ) ) ;
#1912 = CARTESIAN_POINT ( 'NONE',  ( 3.054126587736538667, 1.265060653844728877, -10.15624999999999822 ) ) ;
#1913 = CARTESIAN_POINT ( 'NONE',  ( -2.878508968398391083E-16, -2.350480947161689649, -3.875000000000000000 ) ) ;
#1914 = CARTESIAN_POINT ( 'NONE',  ( 0.000000000000000000, 2.999999999999999556, -2.999999999999998668 ) ) ;
#1915 = CARTESIAN_POINT ( 'NONE',  ( 0.9736010864139259535, -2.350480947161690537, 4.062500000000001776 ) ) ;
#1916 = CARTESIAN_POINT ( 'NONE',  ( 0.000000000000000000, 0.000000000000000000, 0.000000000000000000 ) ) ;
#1917 = AXIS2_PLACEMENT_3D ( 'NONE', #892, #1849, #4416 ) ;
#1918 = ORIENTED_EDGE ( 'NONE', *, *, #4962, .F. ) ;
#1919 = CARTESIAN_POINT ( 'NONE',  ( -2.499999999999997780, 1.443375672974062551, 12.82552006691257240 ) ) ;
#1920 = CARTESIAN_POINT ( 'NONE',  ( -1.265060653844737759, -3.054126587736549769, -10.46875000000000178 ) ) ;
#1921 = CARTESIAN_POINT ( 'NONE',  ( 0.000000000000000000, 2.999999999999999556, -6.999999999999999112 ) ) ;
#1922 = ORIENTED_EDGE ( 'NONE', *, *, #1458, .F. ) ;
#1923 = CARTESIAN_POINT ( 'NONE',  ( 0.000000000000000000, 3.054126587736530674, 2.093749999999998224 ) ) ;
#1924 = CARTESIAN_POINT ( 'NONE',  ( 0.9736010864139278409, 2.350480947161670997, -7.562500000000000000 ) ) ;
#1925 = CARTESIAN_POINT ( 'NONE',  ( -2.350480947161680323, -0.9736010864139353904, -2.187500000000000444 ) ) ;
#1926 = CARTESIAN_POINT ( 'NONE',  ( -1.662041016787803471, -1.662041016787812353, -0.9999999999999991118 ) ) ;
#1927 = CARTESIAN_POINT ( 'NONE',  ( -2.878508968398391083E-16, -2.350480947161689649, 3.125000000000000888 ) ) ;
#1928 = CARTESIAN_POINT ( 'NONE',  ( -2.878508968398391083E-16, -2.350480947161689649, -0.9999999999999991118 ) ) ;
#1929 = VERTEX_POINT ( 'NONE', #3640 ) ;
#1930 = CARTESIAN_POINT ( 'NONE',  ( 2.121320343559649491, -2.121320343559658372, -3.249999999999999556 ) ) ;
#1931 = AXIS2_PLACEMENT_3D ( 'NONE', #3621, #5331, #1861 ) ;
#1932 = CARTESIAN_POINT ( 'NONE',  ( -1.662041016787803249, 1.662041016787794367, -8.250000000000000000 ) ) ;
#1933 = AXIS2_PLACEMENT_3D ( 'NONE', #706, #2417, #2947 ) ;
#1934 = CARTESIAN_POINT ( 'NONE',  ( 0.9736010864139279519, 2.350480947161670997, -10.56249999999999822 ) ) ;
#1935 = CARTESIAN_POINT ( 'NONE',  ( -2.718713188295808880, -1.793953466262787439E-11, 6.087598983544083353 ) ) ;
#1936 = DIRECTION ( 'NONE',  ( -0.000000000000000000, -0.000000000000000000, -1.000000000000000000 ) ) ;
#1937 = CARTESIAN_POINT ( 'NONE',  ( -1.265060653844737315, 3.054126587736530674, 2.093750000000001776 ) ) ;
#1938 = EDGE_CURVE ( 'NONE', #4680, #3611, #3526, .T. ) ;
#1939 = VERTEX_POINT ( 'NONE', #977 ) ;
#1940 = CARTESIAN_POINT ( 'NONE',  ( 2.350480947161680323, -9.544680581810301090E-15, -12.75000000000000000 ) ) ;
#1941 = EDGE_CURVE ( 'NONE', #625, #5491, #4919, .T. ) ;
#1942 = CARTESIAN_POINT ( 'NONE',  ( -2.350480947161680323, -8.968978788130623169E-15, -5.124999999999999112 ) ) ;
#1943 = DIRECTION ( 'NONE',  ( -0.000000000000000000, -0.000000000000000000, -1.000000000000000000 ) ) ;
#1944 = CARTESIAN_POINT ( 'NONE',  ( -2.350480947161680323, -8.968978788130623169E-15, 5.750000000000000000 ) ) ;
#1945 = DIRECTION ( 'NONE',  ( -1.000000000000000000, 0.000000000000000000, 0.000000000000000000 ) ) ;
#1946 = ORIENTED_EDGE ( 'NONE', *, *, #5033, .F. ) ;
#1947 = CARTESIAN_POINT ( 'NONE',  ( 0.1874227781264470039, 2.444500161864715526, -12.56214678958523123 ) ) ;
#1948 = CARTESIAN_POINT ( 'NONE',  ( -1.265060653844737759, -3.054126587736549769, -13.46875000000000355 ) ) ;
#1949 = CARTESIAN_POINT ( 'NONE',  ( 0.7776776159400424770, -2.298603816999235328, 5.203446502273068930 ) ) ;
#1950 = CARTESIAN_POINT ( 'NONE',  ( 0.000000000000000000, 3.054126587736530674, 1.093749999999997558 ) ) ;
#1951 = CARTESIAN_POINT ( 'NONE',  ( -2.350480947161680767, -0.9736010864139355014, -8.187500000000000000 ) ) ;
#1952 = CARTESIAN_POINT ( 'NONE',  ( -1.662041016787803249, 1.662041016787794367, 0.6250000000000005551 ) ) ;
#1953 = CARTESIAN_POINT ( 'NONE',  ( -0.9736010864139263976, 2.350480947161671441, 0.6875000000000005551 ) ) ;
#1954 = CARTESIAN_POINT ( 'NONE',  ( 2.350480947161679435, -0.9736010864139368337, 4.312500000000001776 ) ) ;
#1955 = CARTESIAN_POINT ( 'NONE',  ( -2.350480947161680323, -8.968978788130623169E-15, -2.250000000000000444 ) ) ;
#1956 = ORIENTED_EDGE ( 'NONE', *, *, #3235, .F. ) ;
#1957 = CARTESIAN_POINT ( 'NONE',  ( 0.000000000000000000, 2.350480947161671441, -12.37500000000000000 ) ) ;
#1958 = CARTESIAN_POINT ( 'NONE',  ( -2.350480947161680767, 0.9736010864139172938, -3.187499999999999556 ) ) ;
#1959 = CARTESIAN_POINT ( 'NONE',  ( 3.000000000000019984, 1.079039510586549566, 6.804271496266554031 ) ) ;
#1960 = CARTESIAN_POINT ( 'NONE',  ( 2.321204953832814777, -0.3698219102109516765, -12.64951905283832012 ) ) ;
#1961 = CARTESIAN_POINT ( 'NONE',  ( 0.000000000000000000, 2.350480947161671441, -7.375000000000000000 ) ) ;
#1962 = CARTESIAN_POINT ( 'NONE',  ( 2.488311942018630596, -9.569999724811529841E-15, 5.454576761983333633 ) ) ;
#1963 = CARTESIAN_POINT ( 'NONE',  ( 1.265060653844736427, -3.054126587736549769, -0.4062499999999968914 ) ) ;
#1964 = VERTEX_POINT ( 'NONE', #4025 ) ;
#1965 = CARTESIAN_POINT ( 'NONE',  ( -2.478202550844553098, 0.6484065605749417260, 5.599889030824790837 ) ) ;
#1966 = CARTESIAN_POINT ( 'NONE',  ( 0.000000000000000000, 2.350480947161671441, -5.375000000000000000 ) ) ;
#1967 = CARTESIAN_POINT ( 'NONE',  ( 2.908969851006694363, -0.3597784411720865716, -12.09103014899535644 ) ) ;
#1968 = CARTESIAN_POINT ( 'NONE',  ( 1.662041016787803249, -1.662041016787812797, 5.124999999999999112 ) ) ;
#1969 = CARTESIAN_POINT ( 'NONE',  ( 2.121320343559649046, 2.121320343559639277, -9.125000000000000000 ) ) ;
#1970 = VERTEX_POINT ( 'NONE', #4859 ) ;
#1971 = CARTESIAN_POINT ( 'NONE',  ( -2.499999999999997780, 3.061616977806225934E-16, 12.60222907321997177 ) ) ;
#1972 = EDGE_CURVE ( 'NONE', #5036, #2581, #2296, .T. ) ;
#1973 = CARTESIAN_POINT ( 'NONE',  ( 3.054126587736539111, 1.265060653844729099, -12.09375000000000178 ) ) ;
#1974 = FACE_OUTER_BOUND ( 'NONE', #2880, .T. ) ;
#1975 = CARTESIAN_POINT ( 'NONE',  ( 3.054126587736539999, -9.673938189029898993E-15, 2.843749999999999112 ) ) ;
#1976 = CARTESIAN_POINT ( 'NONE',  ( 2.350480947161680323, -9.544680581810301090E-15, -6.750000000000000000 ) ) ;
#1977 = CARTESIAN_POINT ( 'NONE',  ( 2.350480947161679435, 0.9736010864139177379, -0.6874999999999987788 ) ) ;
#1978 = CARTESIAN_POINT ( 'NONE',  ( 0.9736010864139259535, -2.350480947161690537, -1.812500000000000000 ) ) ;
#1979 = CARTESIAN_POINT ( 'NONE',  ( -1.662041016787803471, -1.662041016787812353, 4.999999999999999112 ) ) ;
#1980 = CARTESIAN_POINT ( 'NONE',  ( 2.350480947161680323, -9.544680581810301090E-15, -1.749999999999999778 ) ) ;
#1981 = VERTEX_POINT ( 'NONE', #1032 ) ;
#1982 = CARTESIAN_POINT ( 'NONE',  ( 1.188327086458884185, -2.705461894016425006, 6.720399558934656348 ) ) ;
#1983 =( BOUNDED_CURVE ( )  B_SPLINE_CURVE ( 2, ( #3051, #1802, #3507, #5244, #1410, #5211, #2303, #1379, #4005 ),
 .UNSPECIFIED., .F., .F. ) 
 B_SPLINE_CURVE_WITH_KNOTS ( ( 3, 2, 2, 2, 3 ),
 ( 0.1547619047619047394, 0.1607142857142856707, 0.1666666666666665741, 0.1726190476190475331, 0.1785714285714284644 ),
 .UNSPECIFIED. ) 
 CURVE ( )  GEOMETRIC_REPRESENTATION_ITEM ( )  RATIONAL_B_SPLINE_CURVE ( ( 1.000000000000000444, 0.9238795325112864054, 1.000000000000000000, 0.9238795325112867385, 1.000000000000000000, 0.9238795325112867385, 1.000000000000000000, 0.9238795325112881818, 0.9999999999999985567 ) ) 
 REPRESENTATION_ITEM ( '' )  );
#1984 = CARTESIAN_POINT ( 'NONE',  ( -2.350480947161680767, 0.9736010864139172938, -5.187500000000000888 ) ) ;
#1985 = CARTESIAN_POINT ( 'NONE',  ( -0.7795372708328476286, 2.687285936299045996, 6.289466564122536241 ) ) ;
#1986 = CARTESIAN_POINT ( 'NONE',  ( -2.350480947161680323, 0.9736010864139172938, -11.31249999999999822 ) ) ;
#1987 = CARTESIAN_POINT ( 'NONE',  ( -2.350480947161680323, -0.9736010864139353904, -7.062499999999999112 ) ) ;
#1988 = CARTESIAN_POINT ( 'NONE',  ( -1.265060653844737537, -3.054126587736549325, 3.468750000000003109 ) ) ;
#1989 = ORIENTED_EDGE ( 'NONE', *, *, #3060, .F. ) ;
#1990 = CARTESIAN_POINT ( 'NONE',  ( 0.000000000000000000, 2.350480947161671441, -13.50000000000000000 ) ) ;
#1991 = EDGE_CURVE ( 'NONE', #4680, #4028, #1402, .T. ) ;
#1992 = CARTESIAN_POINT ( 'NONE',  ( 1.662041016787803693, 1.662041016787793923, -6.500000000000000000 ) ) ;
#1993 = CARTESIAN_POINT ( 'NONE',  ( -1.242640687119289433, 3.000000000000000888, 0.1875000000000001110 ) ) ;
#1994 = CARTESIAN_POINT ( 'NONE',  ( 1.242640687119291210, 2.999999999999999556, 1.062500000000000888 ) ) ;
#1995 = CARTESIAN_POINT ( 'NONE',  ( -1.242640687119289655, -3.000000000000019096, -4.437500000000001776 ) ) ;
#1996 = ORIENTED_EDGE ( 'NONE', *, *, #4530, .F. ) ;
#1997 = CARTESIAN_POINT ( 'NONE',  ( 0.000000000000000000, 3.054126587736530229, -6.968749999999997335 ) ) ;
#1998 = CARTESIAN_POINT ( 'NONE',  ( -2.013000188318365247, 1.549741212465220563, -12.46284002698912907 ) ) ;
#1999 = CARTESIAN_POINT ( 'NONE',  ( 3.054126587736539999, -9.673938189029898993E-15, -12.15625000000000178 ) ) ;
#2000 = FACE_OUTER_BOUND ( 'NONE', #2009, .T. ) ;
#2001 = DIRECTION ( 'NONE',  ( -1.000000000000000000, 0.000000000000000000, 0.000000000000000000 ) ) ;
#2002 = CARTESIAN_POINT ( 'NONE',  ( 2.159593620790638990, 2.159593620790628776, 0.9687499999999991118 ) ) ;
#2003 = CARTESIAN_POINT ( 'NONE',  ( -1.662041016787803249, 1.662041016787794367, -4.375000000000000000 ) ) ;
#2004 = CARTESIAN_POINT ( 'NONE',  ( 2.350480947161680323, -9.544680581810301090E-15, -0.7499999999999988898 ) ) ;
#2005 = CARTESIAN_POINT ( 'NONE',  ( 0.000000000000000000, 2.350480947161671441, 3.625000000000001332 ) ) ;
#2006 = CARTESIAN_POINT ( 'NONE',  ( 2.350480947161679435, -0.9736010864139368337, 2.312500000000000888 ) ) ;
#2007 = CARTESIAN_POINT ( 'NONE',  ( 2.350480947161680323, -9.544680581810301090E-15, -0.7499999999999988898 ) ) ;
#2008 = ADVANCED_FACE ( 'NONE', ( #1851 ), #5320, .T. ) ;
#2009 = EDGE_LOOP ( 'NONE', ( #3105, #604, #5480, #1570 ) ) ;
#2010 = CARTESIAN_POINT ( 'NONE',  ( 2.927487566187865209, -0.6548331747535940384, 6.844059523696488512 ) ) ;
#2011 = CARTESIAN_POINT ( 'NONE',  ( -2.350480947161680323, -8.968978788130623169E-15, 2.875000000000000888 ) ) ;
#2012 = CARTESIAN_POINT ( 'NONE',  ( 0.000000000000000000, 2.350480947161671441, -6.375000000000000000 ) ) ;
#2013 = CARTESIAN_POINT ( 'NONE',  ( 3.000000000000009326, 1.242640687119280996, -3.062499999999999112 ) ) ;
#2014 = CARTESIAN_POINT ( 'NONE',  ( -2.350480947161680323, 0.9736010864139172938, -6.312499999999999112 ) ) ;
#2015 = CARTESIAN_POINT ( 'NONE',  ( -1.662041016787803471, -1.662041016787812353, -9.000000000000000000 ) ) ;
#2016 = CARTESIAN_POINT ( 'NONE',  ( 0.000000000000000000, 3.054126587736530229, 4.031250000000003553 ) ) ;
#2017 = ORIENTED_EDGE ( 'NONE', *, *, #1563, .T. ) ;
#2018 = CARTESIAN_POINT ( 'NONE',  ( 1.662041016787803249, -1.662041016787812797, -9.875000000000000000 ) ) ;
#2019 = CARTESIAN_POINT ( 'NONE',  ( -1.662041016787803471, -1.662041016787812353, -5.999999999999999112 ) ) ;
#2020 = CARTESIAN_POINT ( 'NONE',  ( -3.000000000000008438, 1.242640687119280329, -2.812499999999998668 ) ) ;
#2021 = LINE ( 'NONE', #3310, #3897 ) ;
#2022 = CARTESIAN_POINT ( 'NONE',  ( -2.121320343559649046, -2.121320343559657928, 1.375000000000001332 ) ) ;
#2023 = EDGE_LOOP ( 'NONE', ( #2529, #3162, #333, #4039 ) ) ;
#2024 = CARTESIAN_POINT ( 'NONE',  ( 0.000000000000000000, 3.054126587736530229, -8.968749999999998224 ) ) ;
#2025 = AXIS2_PLACEMENT_3D ( 'NONE', #3904, #3539, #2197 ) ;
#2026 = LINE ( 'NONE', #2113, #5424 ) ;
#2027 = CARTESIAN_POINT ( 'NONE',  ( 2.159593620790638546, -2.159593620790647872, -11.28125000000000178 ) ) ;
#2028 = DIRECTION ( 'NONE',  ( -0.8660254037844384856, -0.5000000000000003331, 0.000000000000000000 ) ) ;
#2029 = CARTESIAN_POINT ( 'NONE',  ( -1.242640687119289433, 3.000000000000000888, 5.187499999999998224 ) ) ;
#2030 = CARTESIAN_POINT ( 'NONE',  ( -3.054126587736539555, 1.265060653844728655, -0.7187500000000023315 ) ) ;
#2031 = CARTESIAN_POINT ( 'NONE',  ( 2.350480947161680323, -9.544680581810301090E-15, -2.749999999999999112 ) ) ;
#2032 = CARTESIAN_POINT ( 'NONE',  ( -2.878508968398391083E-16, -2.350480947161689649, -2.000000000000000000 ) ) ;
#2033 = CARTESIAN_POINT ( 'NONE',  ( -2.350480947161680767, -0.9736010864139355014, 4.937500000000000888 ) ) ;
#2034 = CARTESIAN_POINT ( 'NONE',  ( 2.239937753697485601, -0.8486680426896362484, 5.172278023309961448 ) ) ;
#2035 = CARTESIAN_POINT ( 'NONE',  ( -0.9736010864139263976, 2.350480947161671441, -2.437500000000000444 ) ) ;
#2036 = CARTESIAN_POINT ( 'NONE',  ( 0.000000000000000000, -2.818925648462311528E-15, -13.00000000000000178 ) ) ;
#2037 = CARTESIAN_POINT ( 'NONE',  ( 2.350480947161680323, 0.9736010864139177379, -8.562500000000001776 ) ) ;
#2038 = CARTESIAN_POINT ( 'NONE',  ( 1.662041016787803249, -1.662041016787812797, 7.250000000000000888 ) ) ;
#2039 = CARTESIAN_POINT ( 'NONE',  ( 1.662041016787803249, -1.662041016787812797, -3.750000000000000000 ) ) ;
#2040 = EDGE_CURVE ( 'NONE', #4440, #1865, #319, .T. ) ;
#2041 = CARTESIAN_POINT ( 'NONE',  ( -2.267900077303352191, 1.691002366439793292, 6.374460338672236936 ) ) ;
#2042 = CARTESIAN_POINT ( 'NONE',  ( -1.662041016787803249, 1.662041016787794367, -7.375000000000000000 ) ) ;
#2043 = CARTESIAN_POINT ( 'NONE',  ( 1.662041016787803693, 1.662041016787793923, -10.49999999999999822 ) ) ;
#2044 = CARTESIAN_POINT ( 'NONE',  ( -2.159593620790638102, 2.159593620790629220, 4.156250000000003553 ) ) ;
#2045 = VERTEX_POINT ( 'NONE', #4446 ) ;
#2046 = CARTESIAN_POINT ( 'NONE',  ( -0.9736010864139263976, 2.350480947161671441, -9.437500000000000000 ) ) ;
#2047 =( BOUNDED_CURVE ( )  B_SPLINE_CURVE ( 2, ( #4318, #4740, #963, #4817, #5217, #93, #906, #3029, #3087 ),
 .UNSPECIFIED., .F., .F. ) 
 B_SPLINE_CURVE_WITH_KNOTS ( ( 3, 2, 2, 2, 3 ),
 ( 0.4642857142857143571, 0.4702380952380952328, 0.4761904761904761640, 0.4821428571428570953, 0.4880952380952380820 ),
 .UNSPECIFIED. ) 
 CURVE ( )  GEOMETRIC_REPRESENTATION_ITEM ( )  RATIONAL_B_SPLINE_CURVE ( ( 0.9999999999999993339, 0.9238795325112872936, 1.000000000000000000, 0.9238795325112866275, 1.000000000000000000, 0.9238795325112866275, 1.000000000000000000, 0.9238795325112872936, 0.9999999999999993339 ) ) 
 REPRESENTATION_ITEM ( '' )  );
#2048 = CARTESIAN_POINT ( 'NONE',  ( 0.9736010864139278409, 2.350480947161670997, -7.437500000000000000 ) ) ;
#2049 = CARTESIAN_POINT ( 'NONE',  ( 0.3073739374268149582, -2.761940315911139532, -12.22696391125111681 ) ) ;
#2050 = CARTESIAN_POINT ( 'NONE',  ( 2.121320343559649935, 2.121320343559639721, -0.9999999999999991118 ) ) ;
#2051 = CARTESIAN_POINT ( 'NONE',  ( 1.727314318246646163, 2.137954936764675740, -12.25723452160714544 ) ) ;
#2052 = ORIENTED_EDGE ( 'NONE', *, *, #5200, .T. ) ;
#2053 = CARTESIAN_POINT ( 'NONE',  ( 2.159593620790638102, -2.159593620790647428, -7.343749999999998224 ) ) ;
#2054 = ORIENTED_EDGE ( 'NONE', *, *, #4988, .T. ) ;
#2055 = CARTESIAN_POINT ( 'NONE',  ( -2.121320343559648602, 2.121320343559640165, 0.1250000000000001388 ) ) ;
#2056 = CARTESIAN_POINT ( 'NONE',  ( -1.265060653844737537, 3.054126587736531118, -8.843750000000000000 ) ) ;
#2057 = LINE ( 'NONE', #2864, #3634 ) ;
#2058 = CARTESIAN_POINT ( 'NONE',  ( 1.242640687119291210, 2.999999999999999556, -3.937500000000000888 ) ) ;
#2059 = CARTESIAN_POINT ( 'NONE',  ( -1.265060653844737537, 3.054126587736531118, 4.156249999999996447 ) ) ;
#2060 = CARTESIAN_POINT ( 'NONE',  ( -2.350480947161680767, 0.9736010864139172938, -1.312499999999999556 ) ) ;
#2061 = CARTESIAN_POINT ( 'NONE',  ( 0.9736010864139258425, -2.350480947161690537, 1.062500000000000888 ) ) ;
#2062 = CARTESIAN_POINT ( 'NONE',  ( -2.878508968398391083E-16, -2.350480947161689649, 2.125000000000000000 ) ) ;
#2063 = CC_DESIGN_APPROVAL ( #1495, ( #4292 ) ) ;
#2064 = CARTESIAN_POINT ( 'NONE',  ( -2.159890518116926141E-16, -2.886751345948125991, 10.00000000000000178 ) ) ;
#2065 = CARTESIAN_POINT ( 'NONE',  ( -2.350480947161680323, -8.968978788130623169E-15, 0.7500000000000006661 ) ) ;
#2066 = ORIENTED_EDGE ( 'NONE', *, *, #665, .T. ) ;
#2067 = CARTESIAN_POINT ( 'NONE',  ( -1.662041016787803249, 1.662041016787794367, -9.250000000000000000 ) ) ;
#2068 = EDGE_CURVE ( 'NONE', #703, #728, #2266, .T. ) ;
#2069 = CARTESIAN_POINT ( 'NONE',  ( 2.350480947161680323, -9.544680581810301090E-15, 7.375000000000001776 ) ) ;
#2070 = CARTESIAN_POINT ( 'NONE',  ( 2.350480947161680323, -9.544680581810301090E-15, -3.624999999999999556 ) ) ;
#2071 = CARTESIAN_POINT ( 'NONE',  ( -2.499999999999997780, 1.443375672974062551, 12.82552006691257240 ) ) ;
#2072 = CARTESIAN_POINT ( 'NONE',  ( -2.350480947161680323, -0.9736010864139353904, -8.187500000000000000 ) ) ;
#2073 = CARTESIAN_POINT ( 'NONE',  ( -2.350480947161680323, 0.9736010864139172938, -8.187500000000000000 ) ) ;
#2074 = EDGE_CURVE ( 'NONE', #3611, #728, #4474, .T. ) ;
#2075 = CARTESIAN_POINT ( 'NONE',  ( 1.265060653844739091, 3.054126587736529341, 2.968750000000002220 ) ) ;
#2076 = ORIENTED_EDGE ( 'NONE', *, *, #4657, .T. ) ;
#2077 = CARTESIAN_POINT ( 'NONE',  ( -2.350480947161680767, 0.9736010864139172938, -8.312500000000000000 ) ) ;
#2078 = EDGE_CURVE ( 'NONE', #502, #3650, #2681, .T. ) ;
#2079 = CARTESIAN_POINT ( 'NONE',  ( -1.662041016787803471, -1.662041016787812353, -4.000000000000000000 ) ) ;
#2080 = CARTESIAN_POINT ( 'NONE',  ( -1.242640687119289655, -3.000000000000018652, -6.562499999999999112 ) ) ;
#2081 = DIRECTION ( 'NONE',  ( -0.000000000000000000, -0.000000000000000000, -1.000000000000000000 ) ) ;
#2082 = CARTESIAN_POINT ( 'NONE',  ( -3.000000000000009770, -8.929207216678438350E-15, -4.625000000000000888 ) ) ;
#2083 = ORIENTED_EDGE ( 'NONE', *, *, #1085, .T. ) ;
#2084 = CARTESIAN_POINT ( 'NONE',  ( -3.740226349862381049E-16, -3.054126587736548437, -7.468749999999998224 ) ) ;
#2085 = ORIENTED_EDGE ( 'NONE', *, *, #1941, .T. ) ;
#2086 = FACE_OUTER_BOUND ( 'NONE', #2338, .T. ) ;
#2087 =( BOUNDED_CURVE ( )  B_SPLINE_CURVE ( 2, ( #3592, #338, #2469, #1995, #1180, #2528, #2885, #4592, #1238 ),
 .UNSPECIFIED., .F., .F. ) 
 B_SPLINE_CURVE_WITH_KNOTS ( ( 3, 2, 2, 2, 3 ),
 ( 0.4404761904761904656, 0.4464285714285714524, 0.4523809523809523281, 0.4583333333333332593, 0.4642857142857142461 ),
 .UNSPECIFIED. ) 
 CURVE ( )  GEOMETRIC_REPRESENTATION_ITEM ( )  RATIONAL_B_SPLINE_CURVE ( ( 1.000000000000000000, 0.9238795325112867385, 1.000000000000000000, 0.9238795325112867385, 1.000000000000000000, 0.9238795325112867385, 1.000000000000000000, 0.9238795325112874046, 0.9999999999999993339 ) ) 
 REPRESENTATION_ITEM ( '' )  );
#2088 = CARTESIAN_POINT ( 'NONE',  ( -0.2623660147797530207, 2.603005563043094384, 5.790539139159308846 ) ) ;
#2089 = CARTESIAN_POINT ( 'NONE',  ( -3.000000000000009326, -8.929207216678438350E-15, -10.75000000000000000 ) ) ;
#2090 = CARTESIAN_POINT ( 'NONE',  ( 2.159593620790638546, -2.159593620790647872, 6.718749999999999112 ) ) ;
#2091 = CARTESIAN_POINT ( 'NONE',  ( -0.9736010864139266197, -2.350480947161689649, -3.062499999999999112 ) ) ;
#2092 = CARTESIAN_POINT ( 'NONE',  ( 1.242640687119288767, -3.000000000000019540, 5.687499999999999112 ) ) ;
#2093 = CARTESIAN_POINT ( 'NONE',  ( -1.662041016787803249, 1.662041016787794367, 1.749999999999999778 ) ) ;
#2094 = CARTESIAN_POINT ( 'NONE',  ( 2.499999999999997780, 1.443375672974063439, 10.00000000000000178 ) ) ;
#2095 = CARTESIAN_POINT ( 'NONE',  ( 2.350480947161680323, -9.544680581810301090E-15, 3.250000000000001332 ) ) ;
#2096 = DIRECTION ( 'NONE',  ( -0.000000000000000000, -0.000000000000000000, -1.000000000000000000 ) ) ;
#2097 = VECTOR ( 'NONE', #1818, 1000.000000000000227 ) ;
#2098 = CARTESIAN_POINT ( 'NONE',  ( 2.350480947161680323, 0.9736010864139177379, -11.56249999999999822 ) ) ;
#2099 = CARTESIAN_POINT ( 'NONE',  ( -3.740226349862381542E-16, -3.054126587736548881, -5.406250000000001776 ) ) ;
#2100 = CARTESIAN_POINT ( 'NONE',  ( 2.350480947161680323, -9.544680581810301090E-15, 4.375000000000001776 ) ) ;
#2101 = CARTESIAN_POINT ( 'NONE',  ( -2.878508968398391083E-16, -2.350480947161689649, -2.874999999999999112 ) ) ;
#2102 = FACE_OUTER_BOUND ( 'NONE', #4368, .T. ) ;
#2103 = CARTESIAN_POINT ( 'NONE',  ( -2.350480947161680323, -0.9736010864139353904, -6.062499999999999112 ) ) ;
#2104 = CARTESIAN_POINT ( 'NONE',  ( -2.159593620790638546, -2.159593620790646984, 4.406250000000003553 ) ) ;
#2105 = CARTESIAN_POINT ( 'NONE',  ( -1.662041016787803471, -1.662041016787812353, -10.12500000000000000 ) ) ;
#2106 = CARTESIAN_POINT ( 'NONE',  ( 1.662041016787803249, -1.662041016787812797, -0.7499999999999988898 ) ) ;
#2107 = CARTESIAN_POINT ( 'NONE',  ( -3.000000000000003109, -2.818925648462311528E-15, -13.00000000000000178 ) ) ;
#2108 = CARTESIAN_POINT ( 'NONE',  ( -3.000000000000017764, -1.242640687119289211, 0.3124999999999996669 ) ) ;
#2109 = CARTESIAN_POINT ( 'NONE',  ( 0.6977728367662006104, 2.831258613298682114, -12.08943735858350266 ) ) ;
#2110 = ORIENTED_EDGE ( 'NONE', *, *, #3965, .T. ) ;
#2111 = CARTESIAN_POINT ( 'NONE',  ( 3.054126587736539555, -9.673938189029898993E-15, -7.218749999999997335 ) ) ;
#2112 = VERTEX_POINT ( 'NONE', #1118 ) ;
#2113 = CARTESIAN_POINT ( 'NONE',  ( -3.000000000000003109, -2.818925648462311528E-15, -13.00000000000000178 ) ) ;
#2114 = AXIS2_PLACEMENT_3D ( 'NONE', #2217, #505, #4285 ) ;
#2115 = CARTESIAN_POINT ( 'NONE',  ( -1.393570901522552585, 2.253888365748888400, 5.883467573736476552 ) ) ;
#2116 = CARTESIAN_POINT ( 'NONE',  ( -2.121320343559649046, -2.121320343559657928, -3.624999999999999556 ) ) ;
#2117 = EDGE_CURVE ( 'NONE', #4, #4593, #717, .T. ) ;
#2118 = CARTESIAN_POINT ( 'NONE',  ( -3.054126587736539999, -8.925892919057422291E-15, 4.343749999999997335 ) ) ;
#2119 = CARTESIAN_POINT ( 'NONE',  ( 2.350480947161680323, 0.9736010864139177379, -4.687500000000000000 ) ) ;
#2120 = CARTESIAN_POINT ( 'NONE',  ( -0.9736010864139263976, 2.350480947161671441, 3.562500000000001776 ) ) ;
#2121 = AXIS2_PLACEMENT_3D ( 'NONE', #5108, #3851, #349 ) ;
#2122 = CARTESIAN_POINT ( 'NONE',  ( 2.350480947161680323, -0.9736010864139368337, 3.312500000000001776 ) ) ;
#2123 =( BOUNDED_CURVE ( )  B_SPLINE_CURVE ( 2, ( #756, #2941, #4650, #812, #5466, #1662, #3815, #4232, #785 ),
 .UNSPECIFIED., .F., .F. ) 
 B_SPLINE_CURVE_WITH_KNOTS ( ( 3, 2, 2, 2, 3 ),
 ( 0.8452380952380952328, 0.8511904761904761640, 0.8571428571428569843, 0.8630952380952380265, 0.8690476190476189577 ),
 .UNSPECIFIED. ) 
 CURVE ( )  GEOMETRIC_REPRESENTATION_ITEM ( )  RATIONAL_B_SPLINE_CURVE ( ( 1.000000000000000000, 0.9238795325112867385, 1.000000000000000000, 0.9238795325112867385, 1.000000000000000000, 0.9238795325112867385, 1.000000000000000000, 0.9238795325112881818, 0.9999999999999985567 ) ) 
 REPRESENTATION_ITEM ( '' )  );
#2124 = CARTESIAN_POINT ( 'NONE',  ( -2.159890518116926141E-16, -2.886751345948125991, 10.00000000000000178 ) ) ;
#2125 = CARTESIAN_POINT ( 'NONE',  ( 0.9736010864139278409, 2.350480947161670997, 3.437500000000001776 ) ) ;
#2126 = CYLINDRICAL_SURFACE ( 'NONE', #44, 3.000000000000003109 ) ;
#2127 = CARTESIAN_POINT ( 'NONE',  ( 2.350480947161680323, -9.544680581810301090E-15, -8.625000000000000000 ) ) ;
#2128 = CARTESIAN_POINT ( 'NONE',  ( 2.159593620790638546, -2.159593620790647872, -8.281250000000001776 ) ) ;
#2129 = CARTESIAN_POINT ( 'NONE',  ( 0.9736010864139259535, -2.350480947161690537, -12.93749999999999822 ) ) ;
#2130 = CARTESIAN_POINT ( 'NONE',  ( -3.000000000000009770, -1.242640687119298315, 3.437500000000001332 ) ) ;
#2131 = CARTESIAN_POINT ( 'NONE',  ( 2.350480947161680323, 0.9736010864139177379, -12.56249999999999822 ) ) ;
#2132 = CARTESIAN_POINT ( 'NONE',  ( 1.662041016787803693, 1.662041016787793923, -10.62499999999999822 ) ) ;
#2133 = CARTESIAN_POINT ( 'NONE',  ( 2.350480947161680323, -9.544680581810301090E-15, -1.624999999999999778 ) ) ;
#2134 = CARTESIAN_POINT ( 'NONE',  ( -1.705181276135389723, -2.092001896529780858, -12.30713959411878022 ) ) ;
#2135 = CARTESIAN_POINT ( 'NONE',  ( -2.121320343559648602, 2.121320343559640165, -9.875000000000000000 ) ) ;
#2136 = CARTESIAN_POINT ( 'NONE',  ( 1.242640687119288767, -3.000000000000019540, -1.312499999999999334 ) ) ;
#2137 = ORIENTED_EDGE ( 'NONE', *, *, #3780, .T. ) ;
#2138 = CARTESIAN_POINT ( 'NONE',  ( 3.054126587736538667, 1.265060653844728877, -2.156249999999996891 ) ) ;
#2139 = EDGE_LOOP ( 'NONE', ( #633, #1577, #2886, #1918 ) ) ;
#2140 = LINE ( 'NONE', #759, #1846 ) ;
#2141 = CARTESIAN_POINT ( 'NONE',  ( -1.242640687119289433, 3.000000000000000888, -4.812500000000000888 ) ) ;
#2142 = CARTESIAN_POINT ( 'NONE',  ( 3.000000000000009326, -9.663995296166853972E-15, 2.750000000000000444 ) ) ;
#2143 = CARTESIAN_POINT ( 'NONE',  ( -3.054126587736539999, -8.925892919057422291E-15, 5.343749999999998224 ) ) ;
#2144 = CARTESIAN_POINT ( 'NONE',  ( -0.9736010864139263976, 2.350480947161671441, 2.562500000000000444 ) ) ;
#2145 = CARTESIAN_POINT ( 'NONE',  ( -2.350480947161680323, 0.9736010864139172938, 2.687500000000000444 ) ) ;
#2146 = CARTESIAN_POINT ( 'NONE',  ( 0.000000000000000000, 3.000000000000000444, -7.875000000000000000 ) ) ;
#2147 = EDGE_CURVE ( 'NONE', #4174, #5383, #2057, .T. ) ;
#2148 = CARTESIAN_POINT ( 'NONE',  ( 2.121320343559649491, -2.121320343559658372, 1.749999999999999556 ) ) ;
#2149 = CARTESIAN_POINT ( 'NONE',  ( 0.000000000000000000, 2.350480947161671441, 0.5000000000000004441 ) ) ;
#2150 = CARTESIAN_POINT ( 'NONE',  ( 2.121320343559649935, 2.121320343559639721, -2.000000000000000000 ) ) ;
#2151 = CARTESIAN_POINT ( 'NONE',  ( -0.9736010864139263976, 2.350480947161671441, -9.312499999999998224 ) ) ;
#2152 = CARTESIAN_POINT ( 'NONE',  ( -3.054126587736539999, -8.925892919057422291E-15, -7.656250000000001776 ) ) ;
#2153 = CARTESIAN_POINT ( 'NONE',  ( -1.662041016787803249, 1.662041016787794367, 5.750000000000000000 ) ) ;
#2154 = CARTESIAN_POINT ( 'NONE',  ( -3.000000000000027089, -1.242640687119280773, 6.437499999999998224 ) ) ;
#2155 = CARTESIAN_POINT ( 'NONE',  ( -2.350480947161680767, 0.9736010864139172938, -13.18749999999999822 ) ) ;
#2156 = CARTESIAN_POINT ( 'NONE',  ( 1.662041016787803693, 1.662041016787793923, -4.624999999999999112 ) ) ;
#2157 = PERSON_AND_ORGANIZATION_ROLE ( 'design_owner' ) ;
#2158 = CARTESIAN_POINT ( 'NONE',  ( 2.350480947161680323, 0.9736010864139177379, -2.562499999999998668 ) ) ;
#2159 = CARTESIAN_POINT ( 'NONE',  ( -3.673940397442071701E-16, -3.000000000000018652, -2.375000000000000444 ) ) ;
#2160 = CARTESIAN_POINT ( 'NONE',  ( 3.000000000000016875, -1.242640687119290988, -0.3124999999999978906 ) ) ;
#2161 = DIRECTION ( 'NONE',  ( 0.000000000000000000, 0.000000000000000000, 1.000000000000000000 ) ) ;
#2162 = EDGE_LOOP ( 'NONE', ( #1462, #2473, #647, #2523 ) ) ;
#2163 = CARTESIAN_POINT ( 'NONE',  ( -2.159593620790638102, 2.159593620790629220, -1.843749999999998224 ) ) ;
#2164 = ADVANCED_FACE ( 'NONE', ( #3760 ), #314, .T. ) ;
#2165 = ORIENTED_EDGE ( 'NONE', *, *, #3040, .T. ) ;
#2166 = CARTESIAN_POINT ( 'NONE',  ( 0.7487755185690507798, -2.556613216559287416, 5.876578251617258886 ) ) ;
#2167 = CARTESIAN_POINT ( 'NONE',  ( 3.000000000000009326, -9.663995296166853972E-15, -7.249999999999999112 ) ) ;
#2168 = PLANE ( 'NONE',  #5516 ) ;
#2169 = CARTESIAN_POINT ( 'NONE',  ( -3.740226349862381542E-16, -3.054126587736548881, 3.593749999999999556 ) ) ;
#2170 = CARTESIAN_POINT ( 'NONE',  ( -1.662041016787803249, 1.662041016787794367, 1.624999999999999778 ) ) ;
#2171 = CARTESIAN_POINT ( 'NONE',  ( 0.9736010864139279519, 2.350480947161670997, 4.437500000000001776 ) ) ;
#2172 = CARTESIAN_POINT ( 'NONE',  ( -3.000000000000000888, 1.242640687119289433, 3.187500000000000444 ) ) ;
#2173 = DIRECTION ( 'NONE',  ( -0.000000000000000000, -0.000000000000000000, -1.000000000000000000 ) ) ;
#2174 = CARTESIAN_POINT ( 'NONE',  ( 2.350480947161680323, -0.9736010864139368337, 1.187500000000001110 ) ) ;
#2175 = LINE ( 'NONE', #936, #5058 ) ;
#2176 = CARTESIAN_POINT ( 'NONE',  ( -3.054126587736539999, -8.925892919057422291E-15, -5.656250000000001776 ) ) ;
#2177 = CARTESIAN_POINT ( 'NONE',  ( -2.350480947161680767, -0.9736010864139355014, -9.187500000000000000 ) ) ;
#2178 = CARTESIAN_POINT ( 'NONE',  ( -2.350480947161680323, -8.968978788130623169E-15, -8.250000000000000000 ) ) ;
#2179 = ADVANCED_FACE ( 'NONE', ( #1185 ), #1129, .F. ) ;
#2180 = CARTESIAN_POINT ( 'NONE',  ( -2.306000870838296635, -1.744021513566815784, 6.545040619687819472 ) ) ;
#2181 = CARTESIAN_POINT ( 'NONE',  ( 0.9736010864139259535, -2.350480947161690537, -11.81249999999999822 ) ) ;
#2182 = CARTESIAN_POINT ( 'NONE',  ( 2.350480947161680323, -0.9736010864139368337, -7.812500000000000000 ) ) ;
#2183 = CARTESIAN_POINT ( 'NONE',  ( -2.350480947161680767, 0.9736010864139172938, -3.187499999999999556 ) ) ;
#2184 = DIRECTION ( 'NONE',  ( 1.000000000000000000, 0.000000000000000000, 0.000000000000000000 ) ) ;
#2185 = CARTESIAN_POINT ( 'NONE',  ( 2.552678325275120397, -1.413185313492098416, 6.618170146721096714 ) ) ;
#2186 = CARTESIAN_POINT ( 'NONE',  ( -1.242640687119289655, -3.000000000000019096, -1.437499999999999334 ) ) ;
#2187 = VERTEX_POINT ( 'NONE', #2918 ) ;
#2188 = CARTESIAN_POINT ( 'NONE',  ( 3.054126587736538667, 1.265060653844728877, -5.156249999999997335 ) ) ;
#2189 = VERTEX_POINT ( 'NONE', #1669 ) ;
#2190 = CARTESIAN_POINT ( 'NONE',  ( -0.6230690001106475862, -2.547690367628307584, 5.808485341695726056 ) ) ;
#2191 = CARTESIAN_POINT ( 'NONE',  ( -3.000000000000000888, -1.242640687119307197, 4.312500000000002665 ) ) ;
#2192 =( BOUNDED_CURVE ( )  B_SPLINE_CURVE ( 2, ( #1677, #5025, #3379, #1303, #1644, #4293, #2148, #2977, #5136 ),
 .UNSPECIFIED., .F., .F. ) 
 B_SPLINE_CURVE_WITH_KNOTS ( ( 3, 2, 2, 2, 3 ),
 ( 0.7261904761904761640, 0.7321428571428570953, 0.7380952380952381375, 0.7440476190476190688, 0.7500000000000000000 ),
 .UNSPECIFIED. ) 
 CURVE ( )  GEOMETRIC_REPRESENTATION_ITEM ( )  RATIONAL_B_SPLINE_CURVE ( ( 1.000000000000000000, 0.9238795325112867385, 1.000000000000000000, 0.9238795325112867385, 1.000000000000000000, 0.9238795325112867385, 1.000000000000000000, 0.9238795325112867385, 1.000000000000000000 ) ) 
 REPRESENTATION_ITEM ( '' )  );
#2193 = CARTESIAN_POINT ( 'NONE',  ( 1.662041016787803249, -1.662041016787812797, 2.125000000000000000 ) ) ;
#2194 = CARTESIAN_POINT ( 'NONE',  ( 2.350480947161680323, -9.544680581810301090E-15, 3.250000000000001332 ) ) ;
#2195 = CARTESIAN_POINT ( 'NONE',  ( 2.350480947161680323, -9.544680581810301090E-15, 7.375000000000001776 ) ) ;
#2196 = AXIS2_PLACEMENT_3D ( 'NONE', #5049, #4571, #2809 ) ;
#2197 = DIRECTION ( 'NONE',  ( 1.000000000000000000, 0.000000000000000000, 0.000000000000000000 ) ) ;
#2198 = CARTESIAN_POINT ( 'NONE',  ( 2.350480947161680323, -9.544680581810301090E-15, 7.250000000000000888 ) ) ;
#2199 = CARTESIAN_POINT ( 'NONE',  ( 0.000000000000000000, -2.818925648462311528E-15, -13.00000000000000178 ) ) ;
#2200 = AXIS2_PLACEMENT_3D ( 'NONE', #2445, #2533, #2891 ) ;
#2201 = CARTESIAN_POINT ( 'NONE',  ( 2.159593620790638990, 2.159593620790628776, -2.031250000000001776 ) ) ;
#2202 = CARTESIAN_POINT ( 'NONE',  ( 2.350480947161680323, -9.544680581810301090E-15, -12.75000000000000000 ) ) ;
#2203 = CARTESIAN_POINT ( 'NONE',  ( -1.662041016787803471, -1.662041016787812353, -7.124999999999999112 ) ) ;
#2204 = CARTESIAN_POINT ( 'NONE',  ( 1.662041016787803693, 1.662041016787793923, 0.5000000000000004441 ) ) ;
#2205 = CARTESIAN_POINT ( 'NONE',  ( 0.000000000000000000, 2.350480947161671441, -11.37500000000000000 ) ) ;
#2206 = EDGE_CURVE ( 'NONE', #3557, #1889, #2664, .T. ) ;
#2207 = CARTESIAN_POINT ( 'NONE',  ( -1.662041016787803471, -1.662041016787812353, -4.125000000000000000 ) ) ;
#2208 = DATE_TIME_ROLE ( 'creation_date' ) ;
#2209 = CARTESIAN_POINT ( 'NONE',  ( -2.350480947161680767, -0.9736010864139355014, -2.062500000000000000 ) ) ;
#2210 = LINE ( 'NONE', #3042, #3787 ) ;
#2211 = CARTESIAN_POINT ( 'NONE',  ( 2.344346835913114990, -1.721112043998072050, 6.592146652193259015 ) ) ;
#2212 = CARTESIAN_POINT ( 'NONE',  ( 2.121320343559648602, -2.121320343559657928, 6.625000000000000888 ) ) ;
#2213 = VERTEX_POINT ( 'NONE', #284 ) ;
#2214 = CARTESIAN_POINT ( 'NONE',  ( 3.054126587736538667, 1.265060653844728877, -3.156249999999997335 ) ) ;
#2215 = VERTEX_POINT ( 'NONE', #4655 ) ;
#2216 = CARTESIAN_POINT ( 'NONE',  ( 2.091767032655454273, 1.244922594088318624, 5.290855520363366260 ) ) ;
#2217 = CARTESIAN_POINT ( 'NONE',  ( 0.000000000000000000, -2.818925648462311528E-15, -13.00000000000000178 ) ) ;
#2218 = CARTESIAN_POINT ( 'NONE',  ( -2.121320343559648602, 2.121320343559640165, -3.875000000000000000 ) ) ;
#2219 = CARTESIAN_POINT ( 'NONE',  ( 3.000000000000003109, -2.451531608718105295E-15, -13.00000000000000178 ) ) ;
#2220 = CARTESIAN_POINT ( 'NONE',  ( -2.350480947161680323, -8.968978788130623169E-15, -0.2500000000000002220 ) ) ;
#2221 = CARTESIAN_POINT ( 'NONE',  ( -3.000000000000009326, -8.929207216678438350E-15, -9.749999999999998224 ) ) ;
#2222 = CARTESIAN_POINT ( 'NONE',  ( 0.9736010864139278409, 2.350480947161670997, 5.562500000000000000 ) ) ;
#2223 = CARTESIAN_POINT ( 'NONE',  ( -2.371751077765143823, 1.005959918710199297, -12.43669461991945724 ) ) ;
#2224 = CARTESIAN_POINT ( 'NONE',  ( -2.159593620790638546, 2.159593620790629220, -13.78125000000000178 ) ) ;
#2225 = CARTESIAN_POINT ( 'NONE',  ( 0.000000000000000000, 0.000000000000000000, 13.00000000000000178 ) ) ;
#2226 = CARTESIAN_POINT ( 'NONE',  ( 1.265060653844739313, 3.054126587736530229, -2.968750000000001332 ) ) ;
#2227 = CARTESIAN_POINT ( 'NONE',  ( -2.350480947161680767, -0.9736010864139355014, -10.18750000000000000 ) ) ;
#2228 = CARTESIAN_POINT ( 'NONE',  ( -1.662041016787803249, 1.662041016787794367, -4.375000000000000000 ) ) ;
#2229 = CARTESIAN_POINT ( 'NONE',  ( -0.9736010864139263976, 2.350480947161671441, 1.687499999999999778 ) ) ;
#2230 = EDGE_CURVE ( 'NONE', #3893, #1865, #5145, .T. ) ;
#2231 = CARTESIAN_POINT ( 'NONE',  ( -2.121320343559649491, -2.121320343559658372, 6.500000000000000888 ) ) ;
#2232 = CARTESIAN_POINT ( 'NONE',  ( -0.9736010864139266197, -2.350480947161689649, -11.93750000000000000 ) ) ;
#2233 = CARTESIAN_POINT ( 'NONE',  ( 0.9736010864139259535, -2.350480947161690537, -6.937500000000000000 ) ) ;
#2234 = SHAPE_DEFINITION_REPRESENTATION ( #1220, #3597 ) ;
#2235 = EDGE_CURVE ( 'NONE', #4035, #3047, #5062, .T. ) ;
#2236 = CARTESIAN_POINT ( 'NONE',  ( 0.9736010864139259535, -2.350480947161690537, 2.187500000000000444 ) ) ;
#2237 = DIRECTION ( 'NONE',  ( 0.7071067811865484609, 0.000000000000000000, 0.7071067811865465735 ) ) ;
#2238 = CARTESIAN_POINT ( 'NONE',  ( 3.000000000000009326, -9.663995296166853972E-15, -0.2499999999999984457 ) ) ;
#2239 = FACE_OUTER_BOUND ( 'NONE', #1269, .T. ) ;
#2240 = VERTEX_POINT ( 'NONE', #5048 ) ;
#2241 = CARTESIAN_POINT ( 'NONE',  ( -1.265060653844737537, -3.054126587736549325, -5.531249999999996447 ) ) ;
#2242 = ADVANCED_FACE ( 'NONE', ( #2000 ), #1215, .T. ) ;
#2243 = ORIENTED_EDGE ( 'NONE', *, *, #5220, .F. ) ;
#2244 = CARTESIAN_POINT ( 'NONE',  ( -3.000000000000009326, -8.929207216678438350E-15, 5.249999999999998224 ) ) ;
#2245 = CARTESIAN_POINT ( 'NONE',  ( 3.000000000000009770, -9.663995296166853972E-15, 2.875000000000000888 ) ) ;
#2246 = CARTESIAN_POINT ( 'NONE',  ( 3.054126587736539555, -9.673938189029898993E-15, -10.21874999999999822 ) ) ;
#2247 = CARTESIAN_POINT ( 'NONE',  ( 3.000000000000009326, -9.663995296166853972E-15, -8.249999999999998224 ) ) ;
#2248 = CARTESIAN_POINT ( 'NONE',  ( 1.662041016787803693, 1.662041016787793923, 1.375000000000001332 ) ) ;
#2249 =( NAMED_UNIT ( * ) PLANE_ANGLE_UNIT ( ) SI_UNIT ( $, .RADIAN. ) );
#2250 = CARTESIAN_POINT ( 'NONE',  ( -2.121320343559649491, 2.121320343559640165, -7.750000000000000000 ) ) ;
#2251 = CARTESIAN_POINT ( 'NONE',  ( -3.000000000000009770, -8.929207216678438350E-15, -2.625000000000000888 ) ) ;
#2252 = CARTESIAN_POINT ( 'NONE',  ( -1.662041016787803249, 1.662041016787794367, 4.624999999999999112 ) ) ;
#2253 = CARTESIAN_POINT ( 'NONE',  ( -3.000000000000009326, -8.929207216678438350E-15, -6.749999999999998224 ) ) ;
#2254 = VERTEX_POINT ( 'NONE', #3289 ) ;
#2255 = CARTESIAN_POINT ( 'NONE',  ( 1.265060653844736649, -3.054126587736549769, -3.343750000000001776 ) ) ;
#2256 = CARTESIAN_POINT ( 'NONE',  ( 0.9736010864139278409, 2.350480947161670997, -9.562500000000000000 ) ) ;
#2257 = CARTESIAN_POINT ( 'NONE',  ( 0.9736010864139279519, 2.350480947161670997, -3.562499999999999556 ) ) ;
#2258 = CARTESIAN_POINT ( 'NONE',  ( 2.350480947161679435, -0.9736010864139368337, 0.3125000000000002776 ) ) ;
#2259 = ORIENTED_EDGE ( 'NONE', *, *, #4866, .F. ) ;
#2260 =( BOUNDED_CURVE ( )  B_SPLINE_CURVE ( 2, ( #3024, #3481, #2919, #791, #4735, #3373, #4238, #3821, #3457 ),
 .UNSPECIFIED., .F., .F. ) 
 B_SPLINE_CURVE_WITH_KNOTS ( ( 3, 2, 2, 2, 3 ),
 ( 0.6309523809523809312, 0.6369047619047618625, 0.6428571428571429047, 0.6488095238095238360, 0.6547619047619047672 ),
 .UNSPECIFIED. ) 
 CURVE ( )  GEOMETRIC_REPRESENTATION_ITEM ( )  RATIONAL_B_SPLINE_CURVE ( ( 1.000000000000000000, 0.9238795325112867385, 1.000000000000000000, 0.9238795325112867385, 1.000000000000000000, 0.9238795325112867385, 1.000000000000000000, 0.9238795325112867385, 1.000000000000000000 ) ) 
 REPRESENTATION_ITEM ( '' )  );
#2261 = CARTESIAN_POINT ( 'NONE',  ( 3.000000000000026645, 1.242640687119263010, -10.06250000000000000 ) ) ;
#2262 = CARTESIAN_POINT ( 'NONE',  ( 2.350480947161680323, -9.544680581810301090E-15, -7.625000000000000000 ) ) ;
#2263 = AXIS2_PLACEMENT_3D ( 'NONE', #4344, #3924, #169 ) ;
#2264 = CARTESIAN_POINT ( 'NONE',  ( -2.878508968398391083E-16, -2.350480947161689649, 3.125000000000000888 ) ) ;
#2265 = CARTESIAN_POINT ( 'NONE',  ( 3.000000000000009326, -9.663995296166853972E-15, -5.249999999999998224 ) ) ;
#2266 = B_SPLINE_CURVE_WITH_KNOTS ( 'NONE', 3,
 ( #1093, #3188, #3554, #4418, #611, #583 ),
 .UNSPECIFIED., .F., .F.,
 ( 4, 2, 4 ),
 ( 2.045668567712605528E-18, 0.0007406979037345702652, 0.001481395807469138362 ),
 .UNSPECIFIED. ) ;
#2267 = CARTESIAN_POINT ( 'NONE',  ( 1.662041016787803249, -1.662041016787812797, -11.75000000000000000 ) ) ;
#2268 = CARTESIAN_POINT ( 'NONE',  ( -2.499999999999997780, 1.443375672974062551, 10.00000000000000178 ) ) ;
#2269 = ORIENTED_EDGE ( 'NONE', *, *, #5459, .T. ) ;
#2270 = CARTESIAN_POINT ( 'NONE',  ( 3.054126587736539555, -9.673938189029898993E-15, 1.781250000000003331 ) ) ;
#2271 = VERTEX_POINT ( 'NONE', #5159 ) ;
#2272 = FACE_OUTER_BOUND ( 'NONE', #614, .T. ) ;
#2273 = CARTESIAN_POINT ( 'NONE',  ( -1.039839455308640082, -2.286399756511689141, 12.60207377321807698 ) ) ;
#2274 = LINE ( 'NONE', #4837, #2644 ) ;
#2275 = CARTESIAN_POINT ( 'NONE',  ( -2.350480947161680323, 0.9736010864139172938, -2.187500000000000444 ) ) ;
#2276 = CARTESIAN_POINT ( 'NONE',  ( -8.513826854085000040E-19, 2.886751345948126879, 10.00000000000000178 ) ) ;
#2277 = CARTESIAN_POINT ( 'NONE',  ( 2.350480947161680323, -0.9736010864139368337, 6.187500000000000888 ) ) ;
#2278 = CARTESIAN_POINT ( 'NONE',  ( 3.000000000000009326, -9.663995296166853972E-15, -5.249999999999998224 ) ) ;
#2279 = CARTESIAN_POINT ( 'NONE',  ( 2.499999999999997780, 1.443375672974063439, 10.00000000000000178 ) ) ;
#2280 = PLANE ( 'NONE',  #588 ) ;
#2281 = EDGE_CURVE ( 'NONE', #1153, #2771, #1377, .T. ) ;
#2282 = CARTESIAN_POINT ( 'NONE',  ( 2.350480947161680323, -9.544680581810301090E-15, 6.250000000000000000 ) ) ;
#2283 = ORIENTED_EDGE ( 'NONE', *, *, #4118, .F. ) ;
#2284 = CARTESIAN_POINT ( 'NONE',  ( -2.159593620790638546, 2.159593620790629220, -0.7812500000000024425 ) ) ;
#2285 = CARTESIAN_POINT ( 'NONE',  ( -0.9736010864139266197, -2.350480947161689649, -12.06250000000000000 ) ) ;
#2286 = CARTESIAN_POINT ( 'NONE',  ( 1.662041016787803693, 1.662041016787793923, -2.624999999999998668 ) ) ;
#2287 = CARTESIAN_POINT ( 'NONE',  ( -2.878508968398391083E-16, -2.350480947161689649, 0.1250000000000001110 ) ) ;
#2288 = ORIENTED_EDGE ( 'NONE', *, *, #3734, .F. ) ;
#2289 = VECTOR ( 'NONE', #5508, 1000.000000000000000 ) ;
#2290 = CARTESIAN_POINT ( 'NONE',  ( 1.242640687119288767, -3.000000000000019540, 6.687500000000000888 ) ) ;
#2291 = CONICAL_SURFACE ( 'NONE', #1579, 3.050799999999992185, 0.3490658503988666728 ) ;
#2292 = CARTESIAN_POINT ( 'NONE',  ( -0.9736010864139263976, 2.350480947161671441, -10.31249999999999822 ) ) ;
#2293 = CARTESIAN_POINT ( 'NONE',  ( 0.9736010864139278409, 2.350480947161670997, 1.562500000000001332 ) ) ;
#2294 = CARTESIAN_POINT ( 'NONE',  ( -1.662041016787803471, -1.662041016787812353, -12.12500000000000000 ) ) ;
#2295 = CARTESIAN_POINT ( 'NONE',  ( -3.673940397442071701E-16, -3.000000000000018652, 4.624999999999999112 ) ) ;
#2296 = LINE ( 'NONE', #2268, #1482 ) ;
#2297 = EDGE_LOOP ( 'NONE', ( #4283, #594, #397, #4624 ) ) ;
#2298 = CARTESIAN_POINT ( 'NONE',  ( -3.740226349862381049E-16, -3.054126587736548437, 1.531250000000003109 ) ) ;
#2299 = ORIENTED_EDGE ( 'NONE', *, *, #2988, .T. ) ;
#2300 = CARTESIAN_POINT ( 'NONE',  ( 1.662041016787803693, 1.662041016787793923, -12.62499999999999822 ) ) ;
#2301 = CARTESIAN_POINT ( 'NONE',  ( -1.265060653844737537, -3.054126587736549325, -11.53124999999999822 ) ) ;
#2302 = CARTESIAN_POINT ( 'NONE',  ( 1.662041016787803693, 1.662041016787793923, -3.499999999999999556 ) ) ;
#2303 = CARTESIAN_POINT ( 'NONE',  ( 2.121320343559649491, -2.121320343559658372, -10.25000000000000000 ) ) ;
#2304 = CARTESIAN_POINT ( 'NONE',  ( 1.662041016787803693, 1.662041016787793923, 5.375000000000000000 ) ) ;
#2305 = CARTESIAN_POINT ( 'NONE',  ( -1.242640687119289655, -3.000000000000019096, -7.437500000000000000 ) ) ;
#2306 = CARTESIAN_POINT ( 'NONE',  ( 3.000000000000009326, -9.663995296166853972E-15, 4.750000000000001776 ) ) ;
#2307 = ORIENTED_EDGE ( 'NONE', *, *, #3745, .F. ) ;
#2308 = CARTESIAN_POINT ( 'NONE',  ( -2.121320343559649046, -2.121320343559657928, -11.62499999999999822 ) ) ;
#2309 = CARTESIAN_POINT ( 'NONE',  ( -3.054126587736539555, 1.265060653844728655, -13.71875000000000355 ) ) ;
#2310 = CARTESIAN_POINT ( 'NONE',  ( -3.673940397442070715E-16, -3.000000000000017764, 3.500000000000000888 ) ) ;
#2311 = CARTESIAN_POINT ( 'NONE',  ( -3.054126587736539999, -8.925892919057422291E-15, -4.656250000000002665 ) ) ;
#2312 = CARTESIAN_POINT ( 'NONE',  ( -1.662041016787803471, -1.662041016787812353, -5.124999999999999112 ) ) ;
#2313 = CARTESIAN_POINT ( 'NONE',  ( -0.9736010864139266197, -2.350480947161689649, -5.062500000000000000 ) ) ;
#2314 = ADVANCED_FACE ( 'NONE', ( #5182 ), #3079, .T. ) ;
#2315 = CARTESIAN_POINT ( 'NONE',  ( 2.350480947161680323, 0.9736010864139177379, -2.562499999999998668 ) ) ;
#2316 = CARTESIAN_POINT ( 'NONE',  ( -2.350480947161680323, -0.9736010864139353904, -0.06250000000000005551 ) ) ;
#2317 = ORIENTED_EDGE ( 'NONE', *, *, #1145, .F. ) ;
#2318 = CARTESIAN_POINT ( 'NONE',  ( -1.662041016787803249, 1.662041016787794367, -13.25000000000000000 ) ) ;
#2319 = CARTESIAN_POINT ( 'NONE',  ( -2.350480947161680323, -8.968978788130623169E-15, -7.124999999999999112 ) ) ;
#2320 = CARTESIAN_POINT ( 'NONE',  ( -0.9736010864139266197, -2.350480947161689649, 1.062500000000000888 ) ) ;
#2321 = CARTESIAN_POINT ( 'NONE',  ( 0.000000000000000000, -2.818925648462311528E-15, 12.70000000000000284 ) ) ;
#2322 = CARTESIAN_POINT ( 'NONE',  ( 2.350480947161680323, -9.544680581810301090E-15, -12.62499999999999822 ) ) ;
#2323 = CARTESIAN_POINT ( 'NONE',  ( -3.673940397442070715E-16, -3.000000000000017764, -2.499999999999998668 ) ) ;
#2324 = ORIENTED_EDGE ( 'NONE', *, *, #3513, .F. ) ;
#2325 = CARTESIAN_POINT ( 'NONE',  ( -1.265060653844737537, -3.054126587736549325, 0.4687500000000021094 ) ) ;
#2326 = ORIENTED_EDGE ( 'NONE', *, *, #1667, .T. ) ;
#2327 = CARTESIAN_POINT ( 'NONE',  ( -3.673940397442070715E-16, -3.000000000000017764, -10.49999999999999645 ) ) ;
#2328 = CARTESIAN_POINT ( 'NONE',  ( 2.159593620790638546, 2.159593620790628776, -11.09374999999999822 ) ) ;
#2329 = CARTESIAN_POINT ( 'NONE',  ( 2.350480947161680323, -9.544680581810301090E-15, -3.624999999999999556 ) ) ;
#2330 = CYLINDRICAL_SURFACE ( 'NONE', #28, 3.000000000000003109 ) ;
#2331 = CARTESIAN_POINT ( 'NONE',  ( -2.350480947161680767, -0.9736010864139355014, 5.812500000000000000 ) ) ;
#2332 = CARTESIAN_POINT ( 'NONE',  ( 3.000000000000007994, -1.242640687119299869, -9.312499999999998224 ) ) ;
#2333 = CARTESIAN_POINT ( 'NONE',  ( 3.000000000000009326, -9.663995296166853972E-15, -9.250000000000000000 ) ) ;
#2334 = ORIENTED_EDGE ( 'NONE', *, *, #1585, .T. ) ;
#2335 = CARTESIAN_POINT ( 'NONE',  ( -2.499999999999997780, 0.2438911644077226826, 12.60222907321997177 ) ) ;
#2336 = CARTESIAN_POINT ( 'NONE',  ( 1.265060653844739313, 3.054126587736530229, -12.96875000000000178 ) ) ;
#2337 = CARTESIAN_POINT ( 'NONE',  ( 0.000000000000000000, -2.818925648462311528E-15, -13.00000000000000178 ) ) ;
#2338 = EDGE_LOOP ( 'NONE', ( #1893, #302, #1063, #2370 ) ) ;
#2339 = CARTESIAN_POINT ( 'NONE',  ( 1.265060653844736649, -3.054126587736549769, 0.6562499999999987788 ) ) ;
#2340 = CARTESIAN_POINT ( 'NONE',  ( -1.662041016787803471, -1.662041016787812353, -8.125000000000000000 ) ) ;
#2341 = CARTESIAN_POINT ( 'NONE',  ( 0.000000000000000000, 2.350480947161671441, -2.500000000000000444 ) ) ;
#2342 = CARTESIAN_POINT ( 'NONE',  ( 0.9736010864139278409, 2.350480947161670997, -2.437499999999998668 ) ) ;
#2343 = CARTESIAN_POINT ( 'NONE',  ( 2.350480947161679435, 0.9736010864139177379, 2.437500000000000444 ) ) ;
#2344 = CARTESIAN_POINT ( 'NONE',  ( 0.9736010864139259535, -2.350480947161690537, -4.937500000000000888 ) ) ;
#2345 = ORIENTED_EDGE ( 'NONE', *, *, #2621, .F. ) ;
#2346 = CARTESIAN_POINT ( 'NONE',  ( 2.747222827611945029, -1.181861890172088314, 6.818996306092751425 ) ) ;
#2347 = EDGE_CURVE ( 'NONE', #5293, #5439, #570, .T. ) ;
#2348 = CARTESIAN_POINT ( 'NONE',  ( 2.350480947161680323, -0.9736010864139368337, -8.687500000000000000 ) ) ;
#2349 = DIRECTION ( 'NONE',  ( -0.000000000000000000, -0.000000000000000000, -1.000000000000000000 ) ) ;
#2350 = CARTESIAN_POINT ( 'NONE',  ( -2.350480947161680323, 0.9736010864139172938, -12.18750000000000000 ) ) ;
#2351 = DIRECTION ( 'NONE',  ( -1.000000000000000000, 0.000000000000000000, 0.000000000000000000 ) ) ;
#2352 = CARTESIAN_POINT ( 'NONE',  ( 2.159593620790638102, -2.159593620790647428, 1.656250000000003109 ) ) ;
#2353 = EDGE_LOOP ( 'NONE', ( #2407, #2660, #688, #971, #1242 ) ) ;
#2354 = CARTESIAN_POINT ( 'NONE',  ( -2.878508968398391083E-16, -2.350480947161689649, -13.00000000000000000 ) ) ;
#2355 = AXIS2_PLACEMENT_3D ( 'NONE', #4976, #189, #1142 ) ;
#2356 = CARTESIAN_POINT ( 'NONE',  ( -2.350480947161680323, -0.9736010864139353904, -5.062500000000000000 ) ) ;
#2357 = CARTESIAN_POINT ( 'NONE',  ( -1.242640687119289433, 3.000000000000000888, 6.187499999999999112 ) ) ;
#2358 = CARTESIAN_POINT ( 'NONE',  ( -0.9736010864139263976, 2.350480947161671441, 4.562500000000000000 ) ) ;
#2359 = CARTESIAN_POINT ( 'NONE',  ( 0.000000000000000000, 0.000000000000000000, 13.00000000000000178 ) ) ;
#2360 = ORIENTED_EDGE ( 'NONE', *, *, #4975, .F. ) ;
#2361 = CARTESIAN_POINT ( 'NONE',  ( -1.927655874811329717, 1.646995461566270080, -12.46790429186451910 ) ) ;
#2362 = CARTESIAN_POINT ( 'NONE',  ( -2.159593620790638546, 2.159593620790629220, -11.78125000000000178 ) ) ;
#2363 = CARTESIAN_POINT ( 'NONE',  ( 1.999773707228595043, -1.415607768102909114, 5.329558193662414567 ) ) ;
#2364 = CARTESIAN_POINT ( 'NONE',  ( -3.054126587736539999, -8.925892919057422291E-15, -0.6562500000000023315 ) ) ;
#2365 = CARTESIAN_POINT ( 'NONE',  ( -1.662041016787803249, 1.662041016787794367, -8.375000000000000000 ) ) ;
#2366 = CARTESIAN_POINT ( 'NONE',  ( -2.350480947161680323, -8.968978788130623169E-15, -1.249999999999999334 ) ) ;
#2367 = CARTESIAN_POINT ( 'NONE',  ( -0.9736010864139266197, -2.350480947161689649, -0.9374999999999992228 ) ) ;
#2368 = DIRECTION ( 'NONE',  ( -1.000000000000000000, 0.000000000000000000, 0.000000000000000000 ) ) ;
#2369 = CARTESIAN_POINT ( 'NONE',  ( -2.350480947161680323, -8.968978788130623169E-15, -1.249999999999999334 ) ) ;
#2370 = ORIENTED_EDGE ( 'NONE', *, *, #4988, .F. ) ;
#2371 = DIRECTION ( 'NONE',  ( -1.000000000000000000, 0.000000000000000000, 0.000000000000000000 ) ) ;
#2372 = EDGE_CURVE ( 'NONE', #4732, #1493, #3652, .T. ) ;
#2373 =( BOUNDED_CURVE ( )  B_SPLINE_CURVE ( 2, ( #2777, #2749, #4535, #5407, #3672, #2357, #1498, #618, #3282 ),
 .UNSPECIFIED., .F., .F. ) 
 B_SPLINE_CURVE_WITH_KNOTS ( ( 3, 2, 2, 2, 3 ),
 ( 0.9404761904761904656, 0.9464285714285713969, 0.9523809523809523281, 0.9583333333333332593, 0.9642857142857141906 ),
 .UNSPECIFIED. ) 
 CURVE ( )  GEOMETRIC_REPRESENTATION_ITEM ( )  RATIONAL_B_SPLINE_CURVE ( ( 1.000000000000000000, 0.9238795325112867385, 1.000000000000000000, 0.9238795325112867385, 1.000000000000000000, 0.9238795325112867385, 1.000000000000000000, 0.9238795325112881818, 0.9999999999999985567 ) ) 
 REPRESENTATION_ITEM ( '' )  );
#2374 = CARTESIAN_POINT ( 'NONE',  ( -0.9736010864139263976, 2.350480947161671441, -8.312500000000000000 ) ) ;
#2375 = CARTESIAN_POINT ( 'NONE',  ( 2.352590250746309675, 1.395757082898910095, 6.117020322037830304 ) ) ;
#2376 = TOROIDAL_SURFACE ( 'NONE', #1844, 4.700000000000000178, 0.2999999999999990452 ) ;
#2377 = CARTESIAN_POINT ( 'NONE',  ( 1.902843343920554320, 1.379836182837401282, -12.64951905283832723 ) ) ;
#2378 = CARTESIAN_POINT ( 'NONE',  ( -2.164515865142219830, -1.736129725877583629, 6.224679430941606029 ) ) ;
#2379 = ADVANCED_FACE ( 'NONE', ( #3922 ), #3947, .T. ) ;
#2380 = DIRECTION ( 'NONE',  ( -0.000000000000000000, -0.000000000000000000, 1.000000000000000000 ) ) ;
#2381 = CARTESIAN_POINT ( 'NONE',  ( 2.159593620790638546, 2.159593620790628776, 1.906250000000003331 ) ) ;
#2382 = ORIENTED_EDGE ( 'NONE', *, *, #4498, .T. ) ;
#2383 = CYLINDRICAL_SURFACE ( 'NONE', #4321, 3.000000000000003109 ) ;
#2384 = CARTESIAN_POINT ( 'NONE',  ( 2.350480947161679435, -0.9736010864139368337, -5.687500000000000000 ) ) ;
#2385 = CARTESIAN_POINT ( 'NONE',  ( 2.920753175473606245, 1.661623361693057468E-11, -12.07924682452640042 ) ) ;
#2386 = CARTESIAN_POINT ( 'NONE',  ( 2.350480947161680323, -9.544680581810301090E-15, 5.249999999999999112 ) ) ;
#2387 = FACE_OUTER_BOUND ( 'NONE', #3227, .T. ) ;
#2388 = ORIENTED_EDGE ( 'NONE', *, *, #2586, .T. ) ;
#2389 = CARTESIAN_POINT ( 'NONE',  ( -3.050799999999992185, -9.107298248878237246E-15, 7.000000000000002665 ) ) ;
#2390 = CARTESIAN_POINT ( 'NONE',  ( 3.054126587736538667, -1.265060653844748195, -12.21875000000000178 ) ) ;
#2391 = CARTESIAN_POINT ( 'NONE',  ( -0.3537376894218327572, -2.343447455875639296, 5.108862289264198608 ) ) ;
#2392 = CARTESIAN_POINT ( 'NONE',  ( 3.054126587736539999, -9.673938189029898993E-15, 0.8437499999999990008 ) ) ;
#2393 = CARTESIAN_POINT ( 'NONE',  ( 2.350480947161680323, -0.9736010864139368337, -8.812500000000000000 ) ) ;
#2394 = CARTESIAN_POINT ( 'NONE',  ( -2.350480947161680323, 0.9736010864139172938, 1.687499999999999778 ) ) ;
#2395 = CARTESIAN_POINT ( 'NONE',  ( -0.9736010864139263976, 2.350480947161671441, -1.312499999999999556 ) ) ;
#2396 = CARTESIAN_POINT ( 'NONE',  ( 0.000000000000000000, -2.602085213965210642E-15, 7.300000000000000711 ) ) ;
#2397 = CARTESIAN_POINT ( 'NONE',  ( 1.662041016787803249, -1.662041016787812797, -3.875000000000000000 ) ) ;
#2398 = CARTESIAN_POINT ( 'NONE',  ( -3.000000000000009770, -8.929207216678438350E-15, -6.625000000000000000 ) ) ;
#2399 = CARTESIAN_POINT ( 'NONE',  ( 2.965837286495373259, -0.4704851398806214058, 6.852365792340717299 ) ) ;
#2400 = EDGE_CURVE ( 'NONE', #2501, #4808, #3256, .T. ) ;
#2401 = CARTESIAN_POINT ( 'NONE',  ( -1.662041016787803471, -1.662041016787812353, -5.999999999999999112 ) ) ;
#2402 = CARTESIAN_POINT ( 'NONE',  ( 0.3034718644347161876, 2.763137812097619772, 6.238875891905345306 ) ) ;
#2403 =( BOUNDED_SURFACE ( )  B_SPLINE_SURFACE ( 1, 2, ( 
 ( #1990, #3694, #2716, #224, #5405, #4422, #3192, #642, #2354, #166, #587, #4058, #1940, #615, #2300, #4863, #1882, #4029, #3587, #1463, #1036, #3643, #1519, #3220, #3835, #1687, #4617, #4227, #4198, #2548, #1234, #1628, #2524, #1175, #4646, #808, #834, #1601, #2938, #5434, #3389, #389, #2853, #5093, #303, #4561, #2132, #5067, #3280, #5462, #1261, #2962, #5519, #362, #2105, #4251, #4672, #3811, #2018, #5009, #334, #417, #1571, #4980, #3722, #2046, #1148, #723, #2435, #3333, #5037, #4137, #1204, #3307, #2881, #4587, #751, #2465, #4169, #3750, #2908, #781, #2495, #2077, #3779, #5492, #1658, #3362, #5542, #947, #3069, #2182, #521, #2598, #2654, #1711, #4724, #5147, #1763, #3523, #1367, #2987, #1315, #889, #4359, #2233, #3495, #4302, #1815, #632, #5230, #464, #4882, #5173, #862, #3470, #1789, #3414, #3938, #4775, #3886, #102, #48, #1398, #5119, #1343, #3015, #3038, #3181, #1054, #4697, #4749, #915, #2763, #4468, #5198, #2625, #2344, #1285, #2574, #4275, #441, #2156, #3860, #73, #4331, #21, #1736, #3445, #494, #2207, #3912, #3210, #4046, #2397, #267, #2454, #5422, #322, #213, #1136, #4577, #1590, #1109, #2817, #3685, #1084, #4157, #4522, #4100, #1534, #740, #240, #292, #3660, #5342, #3296, #2035, #4997, #4937, #1955, #770, #3739, #1560, #1164, #2843, #5026, #3710, #1980, #2871, #5366, #5450, #1617, #3322, #4074, #1193, #2369, #2897, #4606, #1511, #1928, #2789, #4911, #3632, #2007, #4493, #5393, #658, #3238, #687, #4549, #3265, #4967, #713, #2424, #4127, #379, #1251, #4294, #4714, #434, #2925, #2954, #3030, #2149, #1335, #2540, #4244, #2065, #408, #3876, #4214, #4741, #881, #13, #2174, #3006, #1304, #5083, #2591, #350, #3350, #853, #3852, #457, #38, #5055, #5509, #3768, #3463, #1755, #2484, #3797, #1728, #1678, #4186, #4663, #5166, #1224, #1645, #1702, #3828, #5479, #4633, #797, #3433, #3406, #2512, #2095, #3380, #824, #2125, #5109, #5535, #1277, #2978, #4688, #2566, #5137, #4268, #4404, #176, #964, #3540, #3984, #1385, #1017, #907, #3058, #3514, #2252, #4844, #64, #5248, #5218, #4349, #512, #1891, #566, #3954, #1359, #540, #4011, #4376, #3088, #1416, #3595, #2642, #5305, #1473, #3567, #3905, #3172, #4319, #122, #2672, #2282, #1781, #2728, #2615, #4793, #3140, #3487, #989, #5274, #5190, #1835, #4766, #482, #2699, #149, #1863, #2198, #1443, #3114, #4432, #935 ),
 ( #4818, #596, #2224, #2309, #3928, #94, #1807, #1948, #283, #4874, #4066, #4485, #1102, #2863, #705, #2336, #649, #233, #3702, #5413, #2416, #3288, #4119, #3653, #2782, #1609, #4989, #2390, #1999, #1973, #313, #4540, #4929, #1581, #2362, #1156, #4569, #4147, #4902, #732, #3202, #2444, #2027, #623, #3730, #3624, #4037, #5442, #2835, #1046, #3229, #2755, #4459, #204, #3677, #1920, #5335, #1503, #1074, #5359, #1526, #2808, #4514, #681, #4093, #260, #5385, #1552, #3257, #4957, #1128, #761, #3315, #2476, #5471, #2890, #5018, #1184, #4596, #4178, #342, #2056, #3759, #3801, #2543, #4247, #437, #2569, #411, #40, #2128, #3032, #2929, #3465, #827, #3383, #5086, #1758, #5513, #3437, #2152, #1255, #5538, #884, #5141, #1337, #3409, #2593, #1649, #4637, #3855, #1309, #4296, #5168, #800, #2957, #5059, #4743, #909, #484, #4666, #3010, #3831, #5482, #1705, #2618, #2515, #4218, #2983, #5112, #1227, #382, #2176, #1731, #4691, #459, #2099, #3879, #4322, #3771, #857, #3353, #4271, #1681, #1280, #16, #4717, #3569, #2311, #967, #542, #5221, #2730, #3931, #3988, #1809, #3489, #5277, #599, #1447, #3090, #96, #4461, #4013, #5250, #4846, #4820, #3175, #1866, #2255, #3143, #3516, #1019, #4435, #1475, #2226, #178, #515, #1894, #3598, #5192, #5308, #937, #1361, #2758, #151, #3906, #3957, #4877, #1049, #2201, #991, #66, #1783, #3061, #4768, #2645, #1387, #2675, #4351, #4795, #4378, #124, #1838, #3543, #1418, #3116, #2702, #4407, #569, #2284, #2030, #2364, #5021, #2866, #3704, #316, #1159, #4992, #735, #1555, #4543, #3655, #1505, #4095, #2419, #626, #1584, #5416, #2810, #4572, #3232, #3291, #2339, #5361, #235, #2392, #4150, #2002, #3626, #1950, #1528, #2448, #3733, #4122, #4931, #5445, #1188, #1612, #286, #207, #4040, #3317, #708, #1104, #2892, #1923, #5337, #3205, #4906, #683, #1077, #2785, #4516, #262, #4488, #652, #4068, #1975, #3260, #3679, #5387, #4961, #1131, #2838, #1640, #4263, #402, #5050, #4239, #2169, #2535, #1671, #1697, #1750, #792, #3458, #3871, #1722, #2059, #1330, #2479, #2118, #819, #428, #5474, #4709, #5161, #2949, #1298, #3345, #4683, #3428, #1217, #3374, #2920, #33, #847, #2143, #3847, #764, #8, #3822, #2561, #4628, #3762, #4599, #4181, #2507, #4658, #4209, #374, #5078, #1246, #1272, #3401, #5529, #876, #5104, #345, #2090, #4287, #2973, #3792, #5504, #2585, #5132 ) ),
 .UNSPECIFIED., .F., .F., .F. ) 
 B_SPLINE_SURFACE_WITH_KNOTS ( ( 2, 2 ),
 ( 3, 2, 2, 2, 2, 2, 2, 2, 2, 2, 2, 2, 2, 2, 2, 2, 2, 2, 2, 2, 2, 2, 2, 2, 2, 2, 2, 2, 2, 2, 2, 2, 2, 2, 2, 2, 2, 2, 2, 2, 2, 2, 2, 2, 2, 2, 2, 2, 2, 2, 2, 2, 2, 2, 2, 2, 2, 2, 2, 2, 2, 2, 2, 2, 2, 2, 2, 2, 2, 2, 2, 2, 2, 2, 2, 2, 2, 2, 2, 2, 2, 2, 2, 2, 2, 2, 2, 2, 2, 2, 2, 2, 2, 2, 2, 2, 2, 2, 2, 2, 2, 2, 2, 2, 2, 2, 2, 2, 2, 2, 2, 2, 2, 2, 2, 2, 2, 2, 2, 2, 2, 2, 2, 2, 2, 2, 2, 2, 2, 2, 2, 2, 2, 2, 2, 2, 2, 2, 2, 2, 2, 2, 2, 2, 2, 2, 2, 2, 2, 2, 2, 2, 2, 2, 2, 2, 2, 2, 2, 2, 2, 2, 2, 2, 2, 2, 2, 2, 3 ),
 ( 0.000000000000000000, 1.000000000000000000 ),
 ( 0.000000000000000000, 0.005952380952380952051, 0.01190476190476190410, 0.01785714285714285615, 0.02380952380952380820, 0.02976190476190476025, 0.03571428571428571230, 0.04166666666666666435, 0.04761904761904761640, 0.05357142857142856845, 0.05952380952380952051, 0.06547619047619047949, 0.07142857142857142461, 0.07738095238095238360, 0.08333333333333332871, 0.08928571428571428770, 0.09523809523809523281, 0.1011904761904761918, 0.1071428571428571369, 0.1130952380952380959, 0.1190476190476190410, 0.1250000000000000000, 0.1309523809523809590, 0.1369047619047619180, 0.1428571428571428492, 0.1488095238095238082, 0.1547619047619047672, 0.1607142857142857262, 0.1666666666666666574, 0.1726190476190476164, 0.1785714285714285754, 0.1845238095238095344, 0.1904761904761904656, 0.1964285714285714246, 0.2023809523809523836, 0.2083333333333333426, 0.2142857142857142738, 0.2202380952380952328, 0.2261904761904761918, 0.2321428571428571508, 0.2380952380952380820, 0.2440476190476190410, 0.2500000000000000000, 0.2559523809523809312, 0.2619047619047619180, 0.2678571428571428492, 0.2738095238095238360, 0.2797619047619047672, 0.2857142857142856984, 0.2916666666666666852, 0.2976190476190476164, 0.3035714285714285476, 0.3095238095238095344, 0.3154761904761904656, 0.3214285714285714524, 0.3273809523809523836, 0.3333333333333333148, 0.3392857142857143016, 0.3452380952380952328, 0.3511904761904761640, 0.3571428571428571508, 0.3630952380952380820, 0.3690476190476190688, 0.3750000000000000000, 0.3809523809523809312, 0.3869047619047619180, 0.3928571428571428492, 0.3988095238095238360, 0.4047619047619047672, 0.4107142857142856984, 0.4166666666666666852, 0.4226190476190476164, 0.4285714285714285476, 0.4345238095238095344, 0.4404761904761904656, 0.4464285714285714524, 0.4523809523809523836, 0.4583333333333333148, 0.4642857142857143016, 0.4702380952380952328, 0.4761904761904761640, 0.4821428571428571508, 0.4880952380952380820, 0.4940476190476190688, 0.5000000000000000000, 0.5059523809523809312, 0.5119047619047618625, 0.5178571428571429047, 0.5238095238095238360, 0.5297619047619047672, 0.5357142857142856984, 0.5416666666666666297, 0.5476190476190476719, 0.5535714285714286031, 0.5595238095238095344, 0.5654761904761904656, 0.5714285714285713969, 0.5773809523809523281, 0.5833333333333333703, 0.5892857142857143016, 0.5952380952380952328, 0.6011904761904761640, 0.6071428571428570953, 0.6130952380952381375, 0.6190476190476190688, 0.6250000000000000000, 0.6309523809523809312, 0.6369047619047618625, 0.6428571428571429047, 0.6488095238095238360, 0.6547619047619047672, 0.6607142857142856984, 0.6666666666666666297, 0.6726190476190476719, 0.6785714285714286031, 0.6845238095238095344, 0.6904761904761904656, 0.6964285714285713969, 0.7023809523809523281, 0.7083333333333333703, 0.7142857142857143016, 0.7202380952380952328, 0.7261904761904761640, 0.7321428571428570953, 0.7380952380952381375, 0.7440476190476190688, 0.7500000000000000000, 0.7559523809523809312, 0.7619047619047618625, 0.7678571428571429047, 0.7738095238095238360, 0.7797619047619047672, 0.7857142857142856984, 0.7916666666666666297, 0.7976190476190476719, 0.8035714285714286031, 0.8095238095238095344, 0.8154761904761904656, 0.8214285714285713969, 0.8273809523809523281, 0.8333333333333333703, 0.8392857142857143016, 0.8452380952380952328, 0.8511904761904761640, 0.8571428571428570953, 0.8630952380952381375, 0.8690476190476190688, 0.8750000000000000000, 0.8809523809523809312, 0.8869047619047618625, 0.8928571428571429047, 0.8988095238095238360, 0.9047619047619047672, 0.9107142857142856984, 0.9166666666666666297, 0.9226190476190476719, 0.9285714285714286031, 0.9345238095238095344, 0.9404761904761904656, 0.9464285714285713969, 0.9523809523809523281, 0.9583333333333333703, 0.9642857142857143016, 0.9702380952380952328, 0.9761904761904761640, 0.9821428571428570953, 0.9880952380952381375, 0.9940476190476190688, 1.000000000000000000 ),
 .UNSPECIFIED. ) 
 GEOMETRIC_REPRESENTATION_ITEM ( )  RATIONAL_B_SPLINE_SURFACE ( (
 ( 1.000000000000000000, 0.9238795325112867385, 1.000000000000000000, 0.9238795325112867385, 1.000000000000000000, 0.9238795325112867385, 1.000000000000000000, 0.9238795325112867385, 1.000000000000000000, 0.9238795325112867385, 1.000000000000000000, 0.9238795325112867385, 1.000000000000000000, 0.9238795325112867385, 1.000000000000000000, 0.9238795325112867385, 1.000000000000000000, 0.9238795325112867385, 1.000000000000000000, 0.9238795325112867385, 1.000000000000000000, 0.9238795325112867385, 1.000000000000000000, 0.9238795325112867385, 1.000000000000000000, 0.9238795325112867385, 1.000000000000000000, 0.9238795325112867385, 1.000000000000000000, 0.9238795325112867385, 1.000000000000000000, 0.9238795325112867385, 1.000000000000000000, 0.9238795325112867385, 1.000000000000000000, 0.9238795325112867385, 1.000000000000000000, 0.9238795325112867385, 1.000000000000000000, 0.9238795325112867385, 1.000000000000000000, 0.9238795325112867385, 1.000000000000000000, 0.9238795325112867385, 1.000000000000000000, 0.9238795325112867385, 1.000000000000000000, 0.9238795325112867385, 1.000000000000000000, 0.9238795325112867385, 1.000000000000000000, 0.9238795325112867385, 1.000000000000000000, 0.9238795325112867385, 1.000000000000000000, 0.9238795325112867385, 1.000000000000000000, 0.9238795325112867385, 1.000000000000000000, 0.9238795325112867385, 1.000000000000000000, 0.9238795325112867385, 1.000000000000000000, 0.9238795325112867385, 1.000000000000000000, 0.9238795325112867385, 1.000000000000000000, 0.9238795325112867385, 1.000000000000000000, 0.9238795325112867385, 1.000000000000000000, 0.9238795325112867385, 1.000000000000000000, 0.9238795325112867385, 1.000000000000000000, 0.9238795325112867385, 1.000000000000000000, 0.9238795325112867385, 1.000000000000000000, 0.9238795325112867385, 1.000000000000000000, 0.9238795325112867385, 1.000000000000000000, 0.9238795325112867385, 1.000000000000000000, 0.9238795325112867385, 1.000000000000000000, 0.9238795325112867385, 1.000000000000000000, 0.9238795325112867385, 1.000000000000000000, 0.9238795325112867385, 1.000000000000000000, 0.9238795325112867385, 1.000000000000000000, 0.9238795325112867385, 1.000000000000000000, 0.9238795325112867385, 1.000000000000000000, 0.9238795325112867385, 1.000000000000000000, 0.9238795325112867385, 1.000000000000000000, 0.9238795325112867385, 1.000000000000000000, 0.9238795325112867385, 1.000000000000000000, 0.9238795325112867385, 1.000000000000000000, 0.9238795325112867385, 1.000000000000000000, 0.9238795325112867385, 1.000000000000000000, 0.9238795325112867385, 1.000000000000000000, 0.9238795325112867385, 1.000000000000000000, 0.9238795325112867385, 1.000000000000000000, 0.9238795325112867385, 1.000000000000000000, 0.9238795325112867385, 1.000000000000000000, 0.9238795325112867385, 1.000000000000000000, 0.9238795325112867385, 1.000000000000000000, 0.9238795325112867385, 1.000000000000000000, 0.9238795325112867385, 1.000000000000000000, 0.9238795325112867385, 1.000000000000000000, 0.9238795325112867385, 1.000000000000000000, 0.9238795325112867385, 1.000000000000000000, 0.9238795325112867385, 1.000000000000000000, 0.9238795325112867385, 1.000000000000000000, 0.9238795325112867385, 1.000000000000000000, 0.9238795325112867385, 1.000000000000000000, 0.9238795325112867385, 1.000000000000000000, 0.9238795325112867385, 1.000000000000000000, 0.9238795325112867385, 1.000000000000000000, 0.9238795325112867385, 1.000000000000000000, 0.9238795325112867385, 1.000000000000000000, 0.9238795325112867385, 1.000000000000000000, 0.9238795325112867385, 1.000000000000000000, 0.9238795325112867385, 1.000000000000000000, 0.9238795325112867385, 1.000000000000000000, 0.9238795325112867385, 1.000000000000000000, 0.9238795325112867385, 1.000000000000000000, 0.9238795325112867385, 1.000000000000000000, 0.9238795325112867385, 1.000000000000000000, 0.9238795325112867385, 1.000000000000000000, 0.9238795325112867385, 1.000000000000000000, 0.9238795325112867385, 1.000000000000000000, 0.9238795325112867385, 1.000000000000000000, 0.9238795325112867385, 1.000000000000000000, 0.9238795325112867385, 1.000000000000000000, 0.9238795325112867385, 1.000000000000000000, 0.9238795325112867385, 1.000000000000000000, 0.9238795325112867385, 1.000000000000000000, 0.9238795325112867385, 1.000000000000000000, 0.9238795325112867385, 1.000000000000000000, 0.9238795325112867385, 1.000000000000000000, 0.9238795325112867385, 1.000000000000000000, 0.9238795325112867385, 1.000000000000000000, 0.9238795325112867385, 1.000000000000000000, 0.9238795325112867385, 1.000000000000000000, 0.9238795325112867385, 1.000000000000000000, 0.9238795325112867385, 1.000000000000000000, 0.9238795325112867385, 1.000000000000000000, 0.9238795325112867385, 1.000000000000000000, 0.9238795325112867385, 1.000000000000000000, 0.9238795325112867385, 1.000000000000000000, 0.9238795325112867385, 1.000000000000000000, 0.9238795325112867385, 1.000000000000000000, 0.9238795325112867385, 1.000000000000000000, 0.9238795325112867385, 1.000000000000000000, 0.9238795325112867385, 1.000000000000000000, 0.9238795325112867385, 1.000000000000000000, 0.9238795325112867385, 1.000000000000000000, 0.9238795325112867385, 1.000000000000000000, 0.9238795325112867385, 1.000000000000000000, 0.9238795325112867385, 1.000000000000000000, 0.9238795325112867385, 1.000000000000000000, 0.9238795325112867385, 1.000000000000000000, 0.9238795325112867385, 1.000000000000000000, 0.9238795325112867385, 1.000000000000000000, 0.9238795325112867385, 1.000000000000000000, 0.9238795325112867385, 1.000000000000000000, 0.9238795325112867385, 1.000000000000000000, 0.9238795325112867385, 1.000000000000000000, 0.9238795325112867385, 1.000000000000000000, 0.9238795325112867385, 1.000000000000000000, 0.9238795325112867385, 1.000000000000000000, 0.9238795325112867385, 1.000000000000000000, 0.9238795325112867385, 1.000000000000000000, 0.9238795325112867385, 1.000000000000000000, 0.9238795325112867385, 1.000000000000000000, 0.9238795325112867385, 1.000000000000000000, 0.9238795325112867385, 1.000000000000000000, 0.9238795325112867385, 1.000000000000000000, 0.9238795325112867385, 1.000000000000000000, 0.9238795325112867385, 1.000000000000000000, 0.9238795325112867385, 1.000000000000000000, 0.9238795325112867385, 1.000000000000000000, 0.9238795325112867385, 1.000000000000000000, 0.9238795325112867385, 1.000000000000000000, 0.9238795325112867385, 1.000000000000000000, 0.9238795325112867385, 1.000000000000000000, 0.9238795325112867385, 1.000000000000000000, 0.9238795325112867385, 1.000000000000000000, 0.9238795325112867385, 1.000000000000000000, 0.9238795325112867385, 1.000000000000000000, 0.9238795325112867385, 1.000000000000000000, 0.9238795325112867385, 1.000000000000000000, 0.9238795325112867385, 1.000000000000000000, 0.9238795325112867385, 1.000000000000000000, 0.9238795325112867385, 1.000000000000000000, 0.9238795325112867385, 1.000000000000000000, 0.9238795325112867385, 1.000000000000000000, 0.9238795325112867385, 1.000000000000000000, 0.9238795325112867385, 1.000000000000000000, 0.9238795325112867385, 1.000000000000000000, 0.9238795325112867385, 1.000000000000000000, 0.9238795325112867385, 1.000000000000000000, 0.9238795325112867385, 1.000000000000000000, 0.9238795325112867385, 1.000000000000000000, 0.9238795325112867385, 1.000000000000000000, 0.9238795325112867385, 1.000000000000000000, 0.9238795325112867385, 1.000000000000000000, 0.9238795325112867385, 1.000000000000000000, 0.9238795325112867385, 1.000000000000000000, 0.9238795325112867385, 1.000000000000000000, 0.9238795325112867385, 1.000000000000000000),
 ( 1.000000000000000000, 0.9238795325112867385, 1.000000000000000000, 0.9238795325112867385, 1.000000000000000000, 0.9238795325112867385, 1.000000000000000000, 0.9238795325112867385, 1.000000000000000000, 0.9238795325112867385, 1.000000000000000000, 0.9238795325112867385, 1.000000000000000000, 0.9238795325112867385, 1.000000000000000000, 0.9238795325112867385, 1.000000000000000000, 0.9238795325112867385, 1.000000000000000000, 0.9238795325112867385, 1.000000000000000000, 0.9238795325112867385, 1.000000000000000000, 0.9238795325112867385, 1.000000000000000000, 0.9238795325112867385, 1.000000000000000000, 0.9238795325112867385, 1.000000000000000000, 0.9238795325112867385, 1.000000000000000000, 0.9238795325112867385, 1.000000000000000000, 0.9238795325112867385, 1.000000000000000000, 0.9238795325112867385, 1.000000000000000000, 0.9238795325112867385, 1.000000000000000000, 0.9238795325112867385, 1.000000000000000000, 0.9238795325112867385, 1.000000000000000000, 0.9238795325112867385, 1.000000000000000000, 0.9238795325112867385, 1.000000000000000000, 0.9238795325112867385, 1.000000000000000000, 0.9238795325112867385, 1.000000000000000000, 0.9238795325112867385, 1.000000000000000000, 0.9238795325112867385, 1.000000000000000000, 0.9238795325112867385, 1.000000000000000000, 0.9238795325112867385, 1.000000000000000000, 0.9238795325112867385, 1.000000000000000000, 0.9238795325112867385, 1.000000000000000000, 0.9238795325112867385, 1.000000000000000000, 0.9238795325112867385, 1.000000000000000000, 0.9238795325112867385, 1.000000000000000000, 0.9238795325112867385, 1.000000000000000000, 0.9238795325112867385, 1.000000000000000000, 0.9238795325112867385, 1.000000000000000000, 0.9238795325112867385, 1.000000000000000000, 0.9238795325112867385, 1.000000000000000000, 0.9238795325112867385, 1.000000000000000000, 0.9238795325112867385, 1.000000000000000000, 0.9238795325112867385, 1.000000000000000000, 0.9238795325112867385, 1.000000000000000000, 0.9238795325112867385, 1.000000000000000000, 0.9238795325112867385, 1.000000000000000000, 0.9238795325112867385, 1.000000000000000000, 0.9238795325112867385, 1.000000000000000000, 0.9238795325112867385, 1.000000000000000000, 0.9238795325112867385, 1.000000000000000000, 0.9238795325112867385, 1.000000000000000000, 0.9238795325112867385, 1.000000000000000000, 0.9238795325112867385, 1.000000000000000000, 0.9238795325112867385, 1.000000000000000000, 0.9238795325112867385, 1.000000000000000000, 0.9238795325112867385, 1.000000000000000000, 0.9238795325112867385, 1.000000000000000000, 0.9238795325112867385, 1.000000000000000000, 0.9238795325112867385, 1.000000000000000000, 0.9238795325112867385, 1.000000000000000000, 0.9238795325112867385, 1.000000000000000000, 0.9238795325112867385, 1.000000000000000000, 0.9238795325112867385, 1.000000000000000000, 0.9238795325112867385, 1.000000000000000000, 0.9238795325112867385, 1.000000000000000000, 0.9238795325112867385, 1.000000000000000000, 0.9238795325112867385, 1.000000000000000000, 0.9238795325112867385, 1.000000000000000000, 0.9238795325112867385, 1.000000000000000000, 0.9238795325112867385, 1.000000000000000000, 0.9238795325112867385, 1.000000000000000000, 0.9238795325112867385, 1.000000000000000000, 0.9238795325112867385, 1.000000000000000000, 0.9238795325112867385, 1.000000000000000000, 0.9238795325112867385, 1.000000000000000000, 0.9238795325112867385, 1.000000000000000000, 0.9238795325112867385, 1.000000000000000000, 0.9238795325112867385, 1.000000000000000000, 0.9238795325112867385, 1.000000000000000000, 0.9238795325112867385, 1.000000000000000000, 0.9238795325112867385, 1.000000000000000000, 0.9238795325112867385, 1.000000000000000000, 0.9238795325112867385, 1.000000000000000000, 0.9238795325112867385, 1.000000000000000000, 0.9238795325112867385, 1.000000000000000000, 0.9238795325112867385, 1.000000000000000000, 0.9238795325112867385, 1.000000000000000000, 0.9238795325112867385, 1.000000000000000000, 0.9238795325112867385, 1.000000000000000000, 0.9238795325112867385, 1.000000000000000000, 0.9238795325112867385, 1.000000000000000000, 0.9238795325112867385, 1.000000000000000000, 0.9238795325112867385, 1.000000000000000000, 0.9238795325112867385, 1.000000000000000000, 0.9238795325112867385, 1.000000000000000000, 0.9238795325112867385, 1.000000000000000000, 0.9238795325112867385, 1.000000000000000000, 0.9238795325112867385, 1.000000000000000000, 0.9238795325112867385, 1.000000000000000000, 0.9238795325112867385, 1.000000000000000000, 0.9238795325112867385, 1.000000000000000000, 0.9238795325112867385, 1.000000000000000000, 0.9238795325112867385, 1.000000000000000000, 0.9238795325112867385, 1.000000000000000000, 0.9238795325112867385, 1.000000000000000000, 0.9238795325112867385, 1.000000000000000000, 0.9238795325112867385, 1.000000000000000000, 0.9238795325112867385, 1.000000000000000000, 0.9238795325112867385, 1.000000000000000000, 0.9238795325112867385, 1.000000000000000000, 0.9238795325112867385, 1.000000000000000000, 0.9238795325112867385, 1.000000000000000000, 0.9238795325112867385, 1.000000000000000000, 0.9238795325112867385, 1.000000000000000000, 0.9238795325112867385, 1.000000000000000000, 0.9238795325112867385, 1.000000000000000000, 0.9238795325112867385, 1.000000000000000000, 0.9238795325112867385, 1.000000000000000000, 0.9238795325112867385, 1.000000000000000000, 0.9238795325112867385, 1.000000000000000000, 0.9238795325112867385, 1.000000000000000000, 0.9238795325112867385, 1.000000000000000000, 0.9238795325112867385, 1.000000000000000000, 0.9238795325112867385, 1.000000000000000000, 0.9238795325112867385, 1.000000000000000000, 0.9238795325112867385, 1.000000000000000000, 0.9238795325112867385, 1.000000000000000000, 0.9238795325112867385, 1.000000000000000000, 0.9238795325112867385, 1.000000000000000000, 0.9238795325112867385, 1.000000000000000000, 0.9238795325112867385, 1.000000000000000000, 0.9238795325112867385, 1.000000000000000000, 0.9238795325112867385, 1.000000000000000000, 0.9238795325112867385, 1.000000000000000000, 0.9238795325112867385, 1.000000000000000000, 0.9238795325112867385, 1.000000000000000000, 0.9238795325112867385, 1.000000000000000000, 0.9238795325112867385, 1.000000000000000000, 0.9238795325112867385, 1.000000000000000000, 0.9238795325112867385, 1.000000000000000000, 0.9238795325112867385, 1.000000000000000000, 0.9238795325112867385, 1.000000000000000000, 0.9238795325112867385, 1.000000000000000000, 0.9238795325112867385, 1.000000000000000000, 0.9238795325112867385, 1.000000000000000000, 0.9238795325112867385, 1.000000000000000000, 0.9238795325112867385, 1.000000000000000000, 0.9238795325112867385, 1.000000000000000000, 0.9238795325112867385, 1.000000000000000000, 0.9238795325112867385, 1.000000000000000000, 0.9238795325112867385, 1.000000000000000000, 0.9238795325112867385, 1.000000000000000000, 0.9238795325112867385, 1.000000000000000000, 0.9238795325112867385, 1.000000000000000000, 0.9238795325112867385, 1.000000000000000000, 0.9238795325112867385, 1.000000000000000000, 0.9238795325112867385, 1.000000000000000000, 0.9238795325112867385, 1.000000000000000000, 0.9238795325112867385, 1.000000000000000000, 0.9238795325112867385, 1.000000000000000000, 0.9238795325112867385, 1.000000000000000000, 0.9238795325112867385, 1.000000000000000000, 0.9238795325112867385, 1.000000000000000000, 0.9238795325112867385, 1.000000000000000000, 0.9238795325112867385, 1.000000000000000000, 0.9238795325112867385, 1.000000000000000000, 0.9238795325112867385, 1.000000000000000000, 0.9238795325112867385, 1.000000000000000000, 0.9238795325112867385, 1.000000000000000000) ) ) 
 REPRESENTATION_ITEM ( '' )  SURFACE ( )  );
#2404 = CARTESIAN_POINT ( 'NONE',  ( -2.350480947161680323, -0.9736010864139353904, -12.18750000000000000 ) ) ;
#2405 = CARTESIAN_POINT ( 'NONE',  ( -2.878508968398391083E-16, -2.350480947161689649, -7.875000000000000000 ) ) ;
#2406 = CARTESIAN_POINT ( 'NONE',  ( 1.265060653844739091, 3.054126587736529341, 3.968750000000003109 ) ) ;
#2407 = ORIENTED_EDGE ( 'NONE', *, *, #1972, .T. ) ;
#2408 = CARTESIAN_POINT ( 'NONE',  ( -3.000000000000009326, -8.929207216678438350E-15, -10.75000000000000000 ) ) ;
#2409 = CARTESIAN_POINT ( 'NONE',  ( 2.350480947161680323, -9.544680581810301090E-15, -4.624999999999999112 ) ) ;
#2410 = DIRECTION ( 'NONE',  ( -0.000000000000000000, -0.000000000000000000, -1.000000000000000000 ) ) ;
#2411 = CARTESIAN_POINT ( 'NONE',  ( -1.242640687119289433, 3.000000000000000888, -5.812499999999999112 ) ) ;
#2412 = EDGE_CURVE ( 'NONE', #922, #4421, #3272, .T. ) ;
#2413 = CARTESIAN_POINT ( 'NONE',  ( -3.000000000000009326, -8.929207216678438350E-15, 0.2500000000000002220 ) ) ;
#2414 = EDGE_LOOP ( 'NONE', ( #4782, #3711, #4018, #3394, #1015, #2799, #4233, #788, #2859, #2790, #5178, #1772, #750, #4730, #5157, #5125, #3231, #5467, #4927, #1600, #1899, #1422, #5207, #1125, #202, #659, #3593, #4703, #341, #5237, #966, #2299, #3528, #925, #281, #3501, #4009, #156, #2937, #5225, #3339, #2674, #2441, #1606, #3174, #5291, #3548 ) ) ;
#2415 = CARTESIAN_POINT ( 'NONE',  ( 0.9380215551739859992, 2.229973389373188564, -12.59486999878076219 ) ) ;
#2416 = CARTESIAN_POINT ( 'NONE',  ( -3.054126587736539999, -8.925892919057422291E-15, -12.65625000000000178 ) ) ;
#2417 = DIRECTION ( 'NONE',  ( -1.224646799147353207E-16, 1.000000000000000000, 0.000000000000000000 ) ) ;
#2418 = FACE_OUTER_BOUND ( 'NONE', #953, .T. ) ;
#2419 = CARTESIAN_POINT ( 'NONE',  ( -1.265060653844737537, 3.054126587736531118, 0.1562499999999984179 ) ) ;
#2420 = CARTESIAN_POINT ( 'NONE',  ( 2.350480947161680323, -9.544680581810301090E-15, -5.750000000000000000 ) ) ;
#2421 = CARTESIAN_POINT ( 'NONE',  ( -0.9736010864139266197, -2.350480947161689649, 1.937500000000000000 ) ) ;
#2422 = CARTESIAN_POINT ( 'NONE',  ( -0.9736010864139266197, -2.350480947161689649, -1.937500000000000000 ) ) ;
#2423 = CARTESIAN_POINT ( 'NONE',  ( -2.350480947161680323, -0.9736010864139353904, 3.937500000000001776 ) ) ;
#2424 = CARTESIAN_POINT ( 'NONE',  ( -1.662041016787803471, -1.662041016787812353, -0.1250000000000001110 ) ) ;
#2425 = EDGE_LOOP ( 'NONE', ( #3555, #370, #2784, #5523 ) ) ;
#2426 = CARTESIAN_POINT ( 'NONE',  ( -1.242640687119289655, -3.000000000000019096, -3.437500000000000000 ) ) ;
#2427 = EDGE_CURVE ( 'NONE', #1870, #2187, #2608, .T. ) ;
#2428 = CARTESIAN_POINT ( 'NONE',  ( 0.000000000000000000, 2.350480947161671441, 2.625000000000000444 ) ) ;
#2429 = CARTESIAN_POINT ( 'NONE',  ( -0.9736010864139266197, -2.350480947161689649, -3.937500000000000000 ) ) ;
#2430 = EDGE_CURVE ( 'NONE', #1153, #4732, #4151, .T. ) ;
#2431 = CARTESIAN_POINT ( 'NONE',  ( -1.662041016787803249, 1.662041016787794367, -9.375000000000000000 ) ) ;
#2432 = CARTESIAN_POINT ( 'NONE',  ( 1.662041016787803693, 1.662041016787793923, -7.500000000000000000 ) ) ;
#2433 = CARTESIAN_POINT ( 'NONE',  ( 3.054126587736538223, -1.265060653844747973, 3.718750000000003109 ) ) ;
#2434 = VERTEX_POINT ( 'NONE', #5399 ) ;
#2435 = CARTESIAN_POINT ( 'NONE',  ( -2.350480947161680323, -8.968978788130623169E-15, -9.250000000000000000 ) ) ;
#2436 =( BOUNDED_CURVE ( )  B_SPLINE_CURVE ( 2, ( #3284, #4984, #1152, #2858, #727, #308, #2022, #5204, #3892 ),
 .UNSPECIFIED., .F., .F. ) 
 B_SPLINE_CURVE_WITH_KNOTS ( ( 3, 2, 2, 2, 3 ),
 ( 0.2976190476190476164, 0.3035714285714286031, 0.3095238095238095344, 0.3154761904761904656, 0.3214285714285714524 ),
 .UNSPECIFIED. ) 
 CURVE ( )  GEOMETRIC_REPRESENTATION_ITEM ( )  RATIONAL_B_SPLINE_CURVE ( ( 1.000000000000000666, 0.9238795325112859613, 1.000000000000000000, 0.9238795325112866275, 1.000000000000000000, 0.9238795325112866275, 1.000000000000000000, 0.9238795325112859613, 1.000000000000000666 ) ) 
 REPRESENTATION_ITEM ( '' )  );
#2437 = CARTESIAN_POINT ( 'NONE',  ( -0.9736010864139266197, -2.350480947161689649, -4.937500000000000888 ) ) ;
#2438 = CARTESIAN_POINT ( 'NONE',  ( -2.121320343559648602, 2.121320343559640165, -2.874999999999999112 ) ) ;
#2439 = CARTESIAN_POINT ( 'NONE',  ( 3.000000000000009770, -9.663995296166853972E-15, -6.125000000000000000 ) ) ;
#2440 = CARTESIAN_POINT ( 'NONE',  ( 0.000000000000000000, -2.818925648462311528E-15, -13.00000000000000178 ) ) ;
#2441 = ORIENTED_EDGE ( 'NONE', *, *, #2652, .T. ) ;
#2442 = CARTESIAN_POINT ( 'NONE',  ( -2.159593620790638102, 2.159593620790629220, -5.843749999999997335 ) ) ;
#2443 = DIRECTION ( 'NONE',  ( -1.000000000000000000, 0.000000000000000000, 0.000000000000000000 ) ) ;
#2444 = CARTESIAN_POINT ( 'NONE',  ( 1.265060653844736649, -3.054126587736549769, -11.34375000000000000 ) ) ;
#2445 = CARTESIAN_POINT ( 'NONE',  ( 0.000000000000000000, -2.818925648462311528E-15, -13.00000000000000178 ) ) ;
#2446 = FACE_OUTER_BOUND ( 'NONE', #4308, .T. ) ;
#2447 = AXIS2_PLACEMENT_3D ( 'NONE', #86, #1406, #1745 ) ;
#2448 = CARTESIAN_POINT ( 'NONE',  ( -2.159593620790638546, 2.159593620790629220, 1.218749999999997558 ) ) ;
#2449 = CARTESIAN_POINT ( 'NONE',  ( -1.662041016787803249, 1.662041016787794367, -3.374999999999999556 ) ) ;
#2450 = CARTESIAN_POINT ( 'NONE',  ( 0.9736010864139279519, 2.350480947161670997, -0.5624999999999987788 ) ) ;
#2451 = CARTESIAN_POINT ( 'NONE',  ( -2.350480947161680767, 0.9736010864139172938, 3.812500000000002220 ) ) ;
#2452 = EDGE_CURVE ( 'NONE', #728, #5262, #3199, .T. ) ;
#2453 = CARTESIAN_POINT ( 'NONE',  ( -2.350480947161680323, -0.9736010864139353904, 2.937500000000001776 ) ) ;
#2454 = CARTESIAN_POINT ( 'NONE',  ( 2.350480947161680323, -9.544680581810301090E-15, -3.750000000000000000 ) ) ;
#2455 = LINE ( 'NONE', #323, #3629 ) ;
#2456 = CARTESIAN_POINT ( 'NONE',  ( -0.9736010864139263976, 2.350480947161671441, -10.31249999999999822 ) ) ;
#2457 = CARTESIAN_POINT ( 'NONE',  ( -2.878508968398391083E-16, -2.350480947161689649, 5.124999999999999112 ) ) ;
#2458 = CARTESIAN_POINT ( 'NONE',  ( 1.662041016787803249, -1.662041016787812797, -4.749999999999999112 ) ) ;
#2459 = CARTESIAN_POINT ( 'NONE',  ( 2.625154425610224163, 0.7208580418119899802, 6.080950958720140243 ) ) ;
#2460 = CARTESIAN_POINT ( 'NONE',  ( 1.662041016787803693, 1.662041016787793923, -6.625000000000000000 ) ) ;
#2461 = CARTESIAN_POINT ( 'NONE',  ( -2.350480947161680323, -8.968978788130623169E-15, -7.124999999999999112 ) ) ;
#2462 = VECTOR ( 'NONE', #707, 1000.000000000000000 ) ;
#2463 = CARTESIAN_POINT ( 'NONE',  ( -3.054126587736539555, -8.925892919057422291E-15, 4.281250000000003553 ) ) ;
#2464 = EDGE_LOOP ( 'NONE', ( #3918, #1956, #3370, #3843, #4504 ) ) ;
#2465 = CARTESIAN_POINT ( 'NONE',  ( 2.350480947161680323, 0.9736010864139177379, -8.687500000000000000 ) ) ;
#2466 = CONICAL_SURFACE ( 'NONE', #1757, 3.050799999999992185, 0.3490658503988666728 ) ;
#2467 = CARTESIAN_POINT ( 'NONE',  ( 2.350480947161680323, -9.544680581810301090E-15, -7.625000000000000000 ) ) ;
#2468 = CARTESIAN_POINT ( 'NONE',  ( -1.562774062705308831, -2.208752162012904918, -12.30030324285745458 ) ) ;
#2469 = CARTESIAN_POINT ( 'NONE',  ( -2.121320343559649491, -2.121320343559658372, -4.500000000000000888 ) ) ;
#2470 = VERTEX_POINT ( 'NONE', #112 ) ;
#2471 = CARTESIAN_POINT ( 'NONE',  ( 1.265060653844736427, -3.054126587736549769, -9.406249999999998224 ) ) ;
#2472 = EDGE_CURVE ( 'NONE', #625, #4075, #148, .T. ) ;
#2473 = ORIENTED_EDGE ( 'NONE', *, *, #4866, .T. ) ;
#2474 = CARTESIAN_POINT ( 'NONE',  ( 2.499999999999997780, -2.006270497203338274E-24, 12.60222907321997177 ) ) ;
#2475 =( BOUNDED_CURVE ( )  B_SPLINE_CURVE ( 2, ( #25, #1741, #1323, #5290, #2323, #2770, #162, #221, #4832 ),
 .UNSPECIFIED., .F., .F. ) 
 B_SPLINE_CURVE_WITH_KNOTS ( ( 3, 2, 2, 2, 3 ),
 ( 0.4880952380952380820, 0.4940476190476190133, 0.5000000000000000000, 0.5059523809523809312, 0.5119047619047618625 ),
 .UNSPECIFIED. ) 
 CURVE ( )  GEOMETRIC_REPRESENTATION_ITEM ( )  RATIONAL_B_SPLINE_CURVE ( ( 1.000000000000000666, 0.9238795325112859613, 1.000000000000000000, 0.9238795325112866275, 1.000000000000000000, 0.9238795325112866275, 1.000000000000000000, 0.9238795325112866275, 1.000000000000000000 ) ) 
 REPRESENTATION_ITEM ( '' )  );
#2476 = CARTESIAN_POINT ( 'NONE',  ( 1.265060653844736649, -3.054126587736549769, -9.343750000000001776 ) ) ;
#2477 = CARTESIAN_POINT ( 'NONE',  ( 1.633096414961389131, 1.969026474357410184, 5.630800392892060913 ) ) ;
#2478 = CARTESIAN_POINT ( 'NONE',  ( 3.000000000000009770, -9.663995296166853972E-15, 4.874999999999999112 ) ) ;
#2479 = CARTESIAN_POINT ( 'NONE',  ( -3.054126587736539555, 1.265060653844728655, 4.281249999999996447 ) ) ;
#2480 = CARTESIAN_POINT ( 'NONE',  ( 2.350480947161680323, 0.9736010864139177379, -1.687499999999999778 ) ) ;
#2481 = CARTESIAN_POINT ( 'NONE',  ( -0.9736010864139263976, 2.350480947161671441, 0.5625000000000004441 ) ) ;
#2482 = CARTESIAN_POINT ( 'NONE',  ( -2.350480947161680323, -8.968978788130623169E-15, 1.875000000000000000 ) ) ;
#2483 = CARTESIAN_POINT ( 'NONE',  ( 2.499999999999997780, -1.443375672974062329, 10.00000000000000178 ) ) ;
#2484 = CARTESIAN_POINT ( 'NONE',  ( 2.350480947161680323, -0.9736010864139368337, 2.187500000000000444 ) ) ;
#2485 = VERTEX_POINT ( 'NONE', #1595 ) ;
#2486 = CARTESIAN_POINT ( 'NONE',  ( 2.350480947161680323, -0.9736010864139368337, -9.687500000000000000 ) ) ;
#2487 = EDGE_CURVE ( 'NONE', #2780, #2045, #4722, .T. ) ;
#2488 = CARTESIAN_POINT ( 'NONE',  ( 1.662041016787803693, 1.662041016787793923, 7.500000000000001776 ) ) ;
#2489 = CARTESIAN_POINT ( 'NONE',  ( 2.350480947161680323, -9.544680581810301090E-15, -5.625000000000000000 ) ) ;
#2490 = CARTESIAN_POINT ( 'NONE',  ( -2.121320343559649491, -2.121320343559658372, 3.500000000000001332 ) ) ;
#2491 = CARTESIAN_POINT ( 'NONE',  ( -0.9736010864139266197, -2.350480947161689649, -6.062499999999999112 ) ) ;
#2492 = CARTESIAN_POINT ( 'NONE',  ( 0.9736010864139279519, 2.350480947161670997, -8.437500000000000000 ) ) ;
#2493 = CARTESIAN_POINT ( 'NONE',  ( -1.265060653844737315, 3.054126587736530674, 6.093750000000001776 ) ) ;
#2494 = ORIENTED_EDGE ( 'NONE', *, *, #1563, .F. ) ;
#2495 = CARTESIAN_POINT ( 'NONE',  ( -1.662041016787803249, 1.662041016787794367, -8.375000000000000000 ) ) ;
#2496 = CARTESIAN_POINT ( 'NONE',  ( 1.662041016787803249, -1.662041016787812797, -6.750000000000000000 ) ) ;
#2497 = CARTESIAN_POINT ( 'NONE',  ( 1.242640687119288767, -3.000000000000019540, -6.437500000000000888 ) ) ;
#2498 = ADVANCED_FACE ( 'NONE', ( #1538 ), #3274, .T. ) ;
#2499 = DIRECTION ( 'NONE',  ( -1.000000000000000000, 0.000000000000000000, 0.000000000000000000 ) ) ;
#2500 = DIRECTION ( 'NONE',  ( -0.000000000000000000, -0.000000000000000000, 1.000000000000000000 ) ) ;
#2501 = VERTEX_POINT ( 'NONE', #3664 ) ;
#2502 = CARTESIAN_POINT ( 'NONE',  ( -2.159593620790638546, -2.159593620790646984, -5.593749999999997335 ) ) ;
#2503 = ORIENTED_EDGE ( 'NONE', *, *, #2487, .T. ) ;
#2504 = CARTESIAN_POINT ( 'NONE',  ( -3.000000000000009770, 1.242640687119280551, -11.68750000000000000 ) ) ;
#2505 = CARTESIAN_POINT ( 'NONE',  ( 4.700000000000000178, -2.026501218365954972E-15, 12.70000000000000107 ) ) ;
#2506 = EDGE_CURVE ( 'NONE', #3622, #4560, #1396, .T. ) ;
#2507 = CARTESIAN_POINT ( 'NONE',  ( 2.159593620790638990, 2.159593620790628776, 5.968749999999998224 ) ) ;
#2508 = CARTESIAN_POINT ( 'NONE',  ( -0.9736010864139266197, -2.350480947161689649, -1.062499999999999334 ) ) ;
#2509 = CARTESIAN_POINT ( 'NONE',  ( 1.662041016787803249, -1.662041016787812797, 3.125000000000000888 ) ) ;
#2510 = CARTESIAN_POINT ( 'NONE',  ( 0.9736010864139259535, -2.350480947161690537, 5.187500000000000888 ) ) ;
#2511 = CARTESIAN_POINT ( 'NONE',  ( -2.718713188295808880, -1.793953466262787439E-11, 6.087598983544083353 ) ) ;
#2512 = CARTESIAN_POINT ( 'NONE',  ( 2.350480947161680323, -0.9736010864139368337, 3.187500000000001332 ) ) ;
#2513 = DIRECTION ( 'NONE',  ( -1.000000000000000000, 0.000000000000000000, 0.000000000000000000 ) ) ;
#2514 = CARTESIAN_POINT ( 'NONE',  ( -1.662041016787803249, 1.662041016787794367, -8.250000000000000000 ) ) ;
#2515 = CARTESIAN_POINT ( 'NONE',  ( 2.159593620790638990, 2.159593620790628776, -6.031250000000001776 ) ) ;
#2516 = CARTESIAN_POINT ( 'NONE',  ( -1.662041016787803249, 1.662041016787794367, 6.750000000000000888 ) ) ;
#2517 = CARTESIAN_POINT ( 'NONE',  ( 0.000000000000000000, 2.350480947161671441, -4.374999999999999112 ) ) ;
#2518 = CARTESIAN_POINT ( 'NONE',  ( -1.242640687119289655, -3.000000000000019096, 3.562500000000001332 ) ) ;
#2519 = EDGE_CURVE ( 'NONE', #2434, #3669, #4221, .T. ) ;
#2520 = CARTESIAN_POINT ( 'NONE',  ( -1.662041016787803471, -1.662041016787812353, -10.00000000000000000 ) ) ;
#2521 = CARTESIAN_POINT ( 'NONE',  ( 2.159593620790638102, -2.159593620790647428, 2.656250000000002220 ) ) ;
#2522 = EDGE_CURVE ( 'NONE', #1591, #4281, #2720, .T. ) ;
#2523 = ORIENTED_EDGE ( 'NONE', *, *, #3148, .F. ) ;
#2524 = CARTESIAN_POINT ( 'NONE',  ( 0.000000000000000000, 2.350480947161671441, -11.50000000000000000 ) ) ;
#2525 = CARTESIAN_POINT ( 'NONE',  ( -2.350480947161680323, -8.968978788130623169E-15, -1.124999999999999334 ) ) ;
#2526 = CARTESIAN_POINT ( 'NONE',  ( -2.074100522020701831, -1.696414671084037984, -12.32663276496456461 ) ) ;
#2527 = CARTESIAN_POINT ( 'NONE',  ( -3.000000000000009326, -8.929207216678438350E-15, 0.2500000000000002220 ) ) ;
#2528 = CARTESIAN_POINT ( 'NONE',  ( 1.242640687119288767, -3.000000000000019540, -4.312500000000000888 ) ) ;
#2529 = ORIENTED_EDGE ( 'NONE', *, *, #3513, .T. ) ;
#2530 = CARTESIAN_POINT ( 'NONE',  ( 3.054126587736538667, 1.265060653844728877, -9.156249999999996447 ) ) ;
#2531 = VERTEX_POINT ( 'NONE', #329 ) ;
#2532 = CARTESIAN_POINT ( 'NONE',  ( -1.242640687119289211, 3.000000000000000000, -7.937499999999998224 ) ) ;
#2533 = DIRECTION ( 'NONE',  ( -0.000000000000000000, -0.000000000000000000, -1.000000000000000000 ) ) ;
#2534 = CARTESIAN_POINT ( 'NONE',  ( 2.121320343559649046, 2.121320343559639277, 3.875000000000001332 ) ) ;
#2535 = CARTESIAN_POINT ( 'NONE',  ( 1.265060653844736649, -3.054126587736549769, 3.656250000000000000 ) ) ;
#2536 = CARTESIAN_POINT ( 'NONE',  ( 0.000000000000000000, 2.350480947161671441, -3.499999999999999556 ) ) ;
#2537 = CYLINDRICAL_SURFACE ( 'NONE', #3520, 3.000000000000003109 ) ;
#2538 = CARTESIAN_POINT ( 'NONE',  ( -1.662041016787803249, 1.662041016787794367, 2.750000000000000888 ) ) ;
#2539 = FACE_OUTER_BOUND ( 'NONE', #2023, .T. ) ;
#2540 = CARTESIAN_POINT ( 'NONE',  ( -1.662041016787803249, 1.662041016787794367, 0.6250000000000005551 ) ) ;
#2541 = FACE_OUTER_BOUND ( 'NONE', #2297, .T. ) ;
#2542 = CARTESIAN_POINT ( 'NONE',  ( -1.662041016787803471, -1.662041016787812353, -11.00000000000000000 ) ) ;
#2543 = CARTESIAN_POINT ( 'NONE',  ( -3.054126587736539999, -8.925892919057422291E-15, -8.656250000000000000 ) ) ;
#2544 = CARTESIAN_POINT ( 'NONE',  ( 1.662041016787803249, -1.662041016787812797, 6.250000000000000000 ) ) ;
#2545 = CARTESIAN_POINT ( 'NONE',  ( 2.499999999999998224, -0.9683555231423687237, 12.70094155335969610 ) ) ;
#2546 = CARTESIAN_POINT ( 'NONE',  ( 0.9736010864139279519, 2.350480947161670997, -6.437500000000000000 ) ) ;
#2547 = CARTESIAN_POINT ( 'NONE',  ( 2.159593620790638546, 2.159593620790628776, 6.906250000000002665 ) ) ;
#2548 = CARTESIAN_POINT ( 'NONE',  ( 2.350480947161680323, 0.9736010864139177379, -11.68750000000000000 ) ) ;
#2549 = ADVANCED_FACE ( 'NONE', ( #2102 ), #1733, .T. ) ;
#2550 = CARTESIAN_POINT ( 'NONE',  ( -2.350480947161680323, -8.968978788130623169E-15, -3.124999999999999112 ) ) ;
#2551 = CARTESIAN_POINT ( 'NONE',  ( -2.610389207244923959, -0.1802813321990764384, -12.38961079275600952 ) ) ;
#2552 = CARTESIAN_POINT ( 'NONE',  ( -0.8225200312772961153, 2.411869184476319372, 12.60254230335127623 ) ) ;
#2553 = CARTESIAN_POINT ( 'NONE',  ( -3.000000000000009770, -8.929207216678438350E-15, -1.625000000000000000 ) ) ;
#2554 = ORIENTED_EDGE ( 'NONE', *, *, #4636, .F. ) ;
#2555 =( BOUNDED_CURVE ( )  B_SPLINE_CURVE ( 2, ( #5075, #5, #2055, #5046, #3398, #1213, #2917, #4625, #789 ),
 .UNSPECIFIED., .F., .F. ) 
 B_SPLINE_CURVE_WITH_KNOTS ( ( 3, 2, 2, 2, 3 ),
 ( 0.3690476190476191243, 0.3750000000000000000, 0.3809523809523809312, 0.3869047619047618625, 0.3928571428571428492 ),
 .UNSPECIFIED. ) 
 CURVE ( )  GEOMETRIC_REPRESENTATION_ITEM ( )  RATIONAL_B_SPLINE_CURVE ( ( 0.9999999999999993339, 0.9238795325112872936, 1.000000000000000000, 0.9238795325112866275, 1.000000000000000000, 0.9238795325112866275, 1.000000000000000000, 0.9238795325112872936, 0.9999999999999993339 ) ) 
 REPRESENTATION_ITEM ( '' )  );
#2556 = CARTESIAN_POINT ( 'NONE',  ( 3.054126587736538223, -1.265060653844747973, -4.281249999999996447 ) ) ;
#2557 = VERTEX_POINT ( 'NONE', #19 ) ;
#2558 = CARTESIAN_POINT ( 'NONE',  ( 0.000000000000000000, 2.999999999999999556, 2.000000000000000000 ) ) ;
#2559 = CARTESIAN_POINT ( 'NONE',  ( -2.121320343559649491, 2.121320343559640165, -4.750000000000000888 ) ) ;
#2560 = CARTESIAN_POINT ( 'NONE',  ( 2.121320343559648602, -2.121320343559657928, -3.374999999999999112 ) ) ;
#2561 = CARTESIAN_POINT ( 'NONE',  ( 1.265060653844736649, -3.054126587736549769, 5.656249999999997335 ) ) ;
#2562 = CARTESIAN_POINT ( 'NONE',  ( -2.350480947161680323, -8.968978788130623169E-15, -3.249999999999999556 ) ) ;
#2563 = CARTESIAN_POINT ( 'NONE',  ( -1.662041016787803249, 1.662041016787794367, 4.624999999999999112 ) ) ;
#2564 = CARTESIAN_POINT ( 'NONE',  ( -0.9736010864139266197, -2.350480947161689649, 3.062500000000001776 ) ) ;
#2565 = LINE ( 'NONE', #4243, #3715 ) ;
#2566 = CARTESIAN_POINT ( 'NONE',  ( -2.350480947161680767, -0.9736010864139355014, 3.812500000000002220 ) ) ;
#2567 = DIRECTION ( 'NONE',  ( -1.000000000000000000, 0.000000000000000000, 0.000000000000000000 ) ) ;
#2568 = CARTESIAN_POINT ( 'NONE',  ( 0.000000000000000000, 2.350480947161671441, -10.37499999999999822 ) ) ;
#2569 = CARTESIAN_POINT ( 'NONE',  ( -1.265060653844737759, -3.054126587736549769, -8.468750000000000000 ) ) ;
#2570 = CARTESIAN_POINT ( 'NONE',  ( 0.9736010864139278409, 2.350480947161670997, 5.562500000000000000 ) ) ;
#2571 = CARTESIAN_POINT ( 'NONE',  ( -3.000000000000004885, 1.242640687119284770, 6.187500000000000000 ) ) ;
#2572 = EDGE_CURVE ( 'NONE', #5439, #651, #3833, .T. ) ;
#2573 = CARTESIAN_POINT ( 'NONE',  ( -0.9736010864139263976, 2.350480947161671441, -13.31250000000000000 ) ) ;
#2574 = CARTESIAN_POINT ( 'NONE',  ( 2.350480947161680323, -0.9736010864139368337, -4.812500000000000000 ) ) ;
#2575 = DATE_AND_TIME ( #863, #5006 ) ;
#2576 = CARTESIAN_POINT ( 'NONE',  ( 2.350480947161680323, -9.544680581810301090E-15, -3.624999999999999556 ) ) ;
#2577 = CARTESIAN_POINT ( 'NONE',  ( -1.242640687119289655, -3.000000000000019096, -2.437500000000000444 ) ) ;
#2578 = DIRECTION ( 'NONE',  ( -0.000000000000000000, -0.000000000000000000, -1.000000000000000000 ) ) ;
#2579 = EDGE_LOOP ( 'NONE', ( #2996, #53, #1405, #1989 ) ) ;
#2580 = CARTESIAN_POINT ( 'NONE',  ( -1.265060653844737537, -3.054126587736549325, -2.531249999999996891 ) ) ;
#2581 = VERTEX_POINT ( 'NONE', #2071 ) ;
#2582 = CARTESIAN_POINT ( 'NONE',  ( -2.031872719032140395, -1.607964708313785351, 5.721556743028242131 ) ) ;
#2583 = CARTESIAN_POINT ( 'NONE',  ( -3.000000000000009770, -1.242640687119298315, -5.562500000000000000 ) ) ;
#2584 = CARTESIAN_POINT ( 'NONE',  ( 0.7993892304385210590, -2.231907489296064639, 5.075889215912917862 ) ) ;
#2585 = CARTESIAN_POINT ( 'NONE',  ( 1.265060653844739313, 3.054126587736530229, 7.031249999999998224 ) ) ;
#2586 = EDGE_CURVE ( 'NONE', #2485, #446, #3616, .T. ) ;
#2587 =( BOUNDED_CURVE ( )  B_SPLINE_CURVE ( 2, ( #2238, #2160, #1346, #3941, #4728, #4254, #3450, #4778, #5154 ),
 .UNSPECIFIED., .F., .F. ) 
 B_SPLINE_CURVE_WITH_KNOTS ( ( 3, 2, 2, 2, 3 ),
 ( 0.3928571428571428492, 0.3988095238095237804, 0.4047619047619047672, 0.4107142857142856984, 0.4166666666666666297 ),
 .UNSPECIFIED. ) 
 CURVE ( )  GEOMETRIC_REPRESENTATION_ITEM ( )  RATIONAL_B_SPLINE_CURVE ( ( 1.000000000000000666, 0.9238795325112859613, 1.000000000000000000, 0.9238795325112866275, 1.000000000000000000, 0.9238795325112866275, 1.000000000000000000, 0.9238795325112866275, 1.000000000000000000 ) ) 
 REPRESENTATION_ITEM ( '' )  );
#2588 = CARTESIAN_POINT ( 'NONE',  ( -2.350480947161680767, -0.9736010864139355014, 1.812500000000000000 ) ) ;
#2589 = CARTESIAN_POINT ( 'NONE',  ( 2.350480947161680323, 0.9736010864139177379, 6.437500000000000888 ) ) ;
#2590 = DIRECTION ( 'NONE',  ( -1.000000000000000000, 0.000000000000000000, 0.000000000000000000 ) ) ;
#2591 = CARTESIAN_POINT ( 'NONE',  ( 0.9736010864139278409, 2.350480947161670997, 1.437500000000001110 ) ) ;
#2592 = CARTESIAN_POINT ( 'NONE',  ( 3.000000000000009326, -9.663995296166853972E-15, -3.249999999999999556 ) ) ;
#2593 = CARTESIAN_POINT ( 'NONE',  ( 3.054126587736538667, -1.265060653844748195, -7.218750000000001776 ) ) ;
#2594 = CARTESIAN_POINT ( 'NONE',  ( 0.9736010864139259535, -2.350480947161690537, -11.93750000000000000 ) ) ;
#2595 = CARTESIAN_POINT ( 'NONE',  ( 0.9736010864139279519, 2.350480947161670997, -9.562500000000000000 ) ) ;
#2596 = CARTESIAN_POINT ( 'NONE',  ( 0.000000000000000000, -2.818925648462311528E-15, -13.00000000000000178 ) ) ;
#2597 = CARTESIAN_POINT ( 'NONE',  ( 3.054126587736538223, -1.265060653844747973, 6.718750000000001776 ) ) ;
#2598 = CARTESIAN_POINT ( 'NONE',  ( 2.350480947161680323, 0.9736010864139177379, -7.687500000000000000 ) ) ;
#2599 = DATE_AND_TIME ( #3039, #4823 ) ;
#2600 = CARTESIAN_POINT ( 'NONE',  ( 1.662041016787803249, -1.662041016787812797, 0.2500000000000002220 ) ) ;
#2601 = CYLINDRICAL_SURFACE ( 'NONE', #296, 3.000000000000003109 ) ;
#2602 = LINE ( 'NONE', #24, #2998 ) ;
#2603 = CARTESIAN_POINT ( 'NONE',  ( 3.000000000000009770, -9.663995296166853972E-15, -1.124999999999999556 ) ) ;
#2604 = ORIENTED_EDGE ( 'NONE', *, *, #875, .F. ) ;
#2605 = CARTESIAN_POINT ( 'NONE',  ( -3.054126587736539555, -8.925892919057422291E-15, -2.718749999999997335 ) ) ;
#2606 = ORIENTED_EDGE ( 'NONE', *, *, #3060, .T. ) ;
#2607 = CARTESIAN_POINT ( 'NONE',  ( 2.405907941694270580, 0.1620243580535235262, 5.228173631819434064 ) ) ;
#2608 = LINE ( 'NONE', #5209, #4076 ) ;
#2609 = DIRECTION ( 'NONE',  ( 0.000000000000000000, 0.000000000000000000, 1.000000000000000000 ) ) ;
#2610 = FACE_OUTER_BOUND ( 'NONE', #5128, .T. ) ;
#2611 = CARTESIAN_POINT ( 'NONE',  ( 0.9736010864139259535, -2.350480947161690537, 3.062500000000001776 ) ) ;
#2612 = CARTESIAN_POINT ( 'NONE',  ( 1.074489722339423636, -2.090510109891138502, 5.075889215912897434 ) ) ;
#2613 = CARTESIAN_POINT ( 'NONE',  ( -2.350480947161680323, -8.968978788130623169E-15, 5.875000000000000000 ) ) ;
#2614 = CARTESIAN_POINT ( 'NONE',  ( 3.000000000000009326, -9.663995296166853972E-15, 0.7500000000000006661 ) ) ;
#2615 = CARTESIAN_POINT ( 'NONE',  ( 0.9736010864139278409, 2.350480947161670997, 6.437500000000000888 ) ) ;
#2616 = CARTESIAN_POINT ( 'NONE',  ( 2.914366951845876574, 0.3881832753601620611, -12.06631296134996134 ) ) ;
#2617 =( BOUNDED_CURVE ( )  B_SPLINE_CURVE ( 2, ( #4395, #5240, #3531, #1773, #3896, #3975, #4340, #30, #2244 ),
 .UNSPECIFIED., .F., .F. ) 
 B_SPLINE_CURVE_WITH_KNOTS ( ( 3, 2, 2, 2, 3 ),
 ( 0.1071428571428572202, 0.1130952380952382763, 0.1190476190476192075, 0.1250000000000001665, 0.1309523809523810978 ),
 .UNSPECIFIED. ) 
 CURVE ( )  GEOMETRIC_REPRESENTATION_ITEM ( )  RATIONAL_B_SPLINE_CURVE ( ( 0.9999999999999984457, 0.9238795325112881818, 1.000000000000000000, 0.9238795325112866275, 1.000000000000000000, 0.9238795325112866275, 1.000000000000000000, 0.9238795325112845180, 1.000000000000002220 ) ) 
 REPRESENTATION_ITEM ( '' )  );
#2618 = CARTESIAN_POINT ( 'NONE',  ( 3.054126587736539111, 1.265060653844729099, -6.093750000000001776 ) ) ;
#2619 = CARTESIAN_POINT ( 'NONE',  ( 1.662041016787803249, -1.662041016787812797, -12.87500000000000000 ) ) ;
#2620 = CARTESIAN_POINT ( 'NONE',  ( 2.350480947161679435, -0.9736010864139368337, -6.812500000000000000 ) ) ;
#2621 = EDGE_CURVE ( 'NONE', #4168, #258, #359, .T. ) ;
#2622 = CARTESIAN_POINT ( 'NONE',  ( 0.000000000000000000, 2.350480947161671441, 0.6250000000000005551 ) ) ;
#2623 = CARTESIAN_POINT ( 'NONE',  ( -1.794273093615449177, -2.282146368262305991, 6.577704898674561207 ) ) ;
#2624 = CARTESIAN_POINT ( 'NONE',  ( 0.9736010864139259535, -2.350480947161690537, -12.81249999999999822 ) ) ;
#2625 = CARTESIAN_POINT ( 'NONE',  ( -2.878508968398391083E-16, -2.350480947161689649, -4.999999999999999112 ) ) ;
#2626 = CARTESIAN_POINT ( 'NONE',  ( -2.350480947161680767, 0.9736010864139172938, -2.187500000000000444 ) ) ;
#2627 = CARTESIAN_POINT ( 'NONE',  ( 2.499999999999997780, 1.210014824339401329, 12.75815459252379824 ) ) ;
#2628 = CARTESIAN_POINT ( 'NONE',  ( 2.844370468019120413, -0.7308692614946077359, 6.670668117998380886 ) ) ;
#2629 = DIRECTION ( 'NONE',  ( 0.000000000000000000, 0.000000000000000000, -1.000000000000000000 ) ) ;
#2630 = ORIENTED_EDGE ( 'NONE', *, *, #186, .F. ) ;
#2631 = CARTESIAN_POINT ( 'NONE',  ( -2.159593620790638546, -2.159593620790646984, -1.593749999999998002 ) ) ;
#2632 = ORIENTED_EDGE ( 'NONE', *, *, #4940, .T. ) ;
#2633 = CARTESIAN_POINT ( 'NONE',  ( 2.341377462434697687, -1.313195563323255932, 5.978499672814692190 ) ) ;
#2634 = CARTESIAN_POINT ( 'NONE',  ( 0.000000000000000000, -2.818925648462311528E-15, -13.00000000000000178 ) ) ;
#2635 = CARTESIAN_POINT ( 'NONE',  ( 3.054126587736538667, 1.265060653844728877, -11.15624999999999822 ) ) ;
#2636 = AXIS2_PLACEMENT_3D ( 'NONE', #2279, #3982, #4034 ) ;
#2637 = CARTESIAN_POINT ( 'NONE',  ( -3.000000000000009770, -8.929207216678438350E-15, -11.62500000000000000 ) ) ;
#2638 = CARTESIAN_POINT ( 'NONE',  ( 0.000000000000000000, 2.350480947161671441, 0.5000000000000004441 ) ) ;
#2639 = CARTESIAN_POINT ( 'NONE',  ( 1.242640687119288767, -3.000000000000019540, -7.312500000000000000 ) ) ;
#2640 = ADVANCED_FACE ( 'NONE', ( #3327 ), #5090, .T. ) ;
#2641 = CARTESIAN_POINT ( 'NONE',  ( 1.242640687119290765, 2.999999999999999112, 2.937500000000001332 ) ) ;
#2642 = CARTESIAN_POINT ( 'NONE',  ( -2.350480947161680767, 0.9736010864139172938, 5.687500000000000000 ) ) ;
#2643 = CARTESIAN_POINT ( 'NONE',  ( 0.000000000000000000, -2.818925648462311528E-15, -13.00000000000000178 ) ) ;
#2644 = VECTOR ( 'NONE', #1826, 1000.000000000000227 ) ;
#2645 = CARTESIAN_POINT ( 'NONE',  ( -3.054126587736539999, -8.925892919057422291E-15, -1.656250000000001554 ) ) ;
#2646 = CARTESIAN_POINT ( 'NONE',  ( 2.350480947161680323, -0.9736010864139368337, -10.81250000000000000 ) ) ;
#2647 = CARTESIAN_POINT ( 'NONE',  ( -2.350480947161680323, -0.9736010864139353904, -5.187500000000000000 ) ) ;
#2648 = CARTESIAN_POINT ( 'NONE',  ( 0.9736010864139279519, 2.350480947161670997, 1.562500000000001332 ) ) ;
#2649 =( BOUNDED_CURVE ( )  B_SPLINE_CURVE ( 2, ( #5425, #3662, #1025, #2426, #4019, #4048, #1930, #5396, #1562 ),
 .UNSPECIFIED., .F., .F. ) 
 B_SPLINE_CURVE_WITH_KNOTS ( ( 3, 2, 2, 2, 3 ),
 ( 0.4880952380952380820, 0.4940476190476190688, 0.5000000000000000000, 0.5059523809523809312, 0.5119047619047618625 ),
 .UNSPECIFIED. ) 
 CURVE ( )  GEOMETRIC_REPRESENTATION_ITEM ( )  RATIONAL_B_SPLINE_CURVE ( ( 1.000000000000000000, 0.9238795325112867385, 1.000000000000000000, 0.9238795325112867385, 1.000000000000000000, 0.9238795325112867385, 1.000000000000000000, 0.9238795325112867385, 1.000000000000000000 ) ) 
 REPRESENTATION_ITEM ( '' )  );
#2650 = EDGE_CURVE ( 'NONE', #2254, #4084, #3388, .T. ) ;
#2651 = CARTESIAN_POINT ( 'NONE',  ( 2.121320343559649491, -2.121320343559658372, 6.750000000000000888 ) ) ;
#2652 = EDGE_CURVE ( 'NONE', #4860, #2189, #1295, .T. ) ;
#2653 = CARTESIAN_POINT ( 'NONE',  ( 3.054126587736539555, -9.673938189029898993E-15, 7.781250000000003553 ) ) ;
#2654 = CARTESIAN_POINT ( 'NONE',  ( 1.662041016787803693, 1.662041016787793923, -7.625000000000000000 ) ) ;
#2655 = APPROVAL_ROLE ( '' ) ;
#2656 = CARTESIAN_POINT ( 'NONE',  ( 0.9736010864139259535, -2.350480947161690537, 1.187500000000001110 ) ) ;
#2657 = CARTESIAN_POINT ( 'NONE',  ( -3.000000000000009326, -8.929207216678438350E-15, -5.749999999999999112 ) ) ;
#2658 = CARTESIAN_POINT ( 'NONE',  ( 2.944735276931810919, -0.1857426690261603230, 6.708589568365169953 ) ) ;
#2659 = CYLINDRICAL_SURFACE ( 'NONE', #2815, 3.000000000000003109 ) ;
#2660 = ORIENTED_EDGE ( 'NONE', *, *, #3986, .T. ) ;
#2661 = CARTESIAN_POINT ( 'NONE',  ( 1.265060653844736427, -3.054126587736549769, -4.406249999999996447 ) ) ;
#2662 = ORIENTED_EDGE ( 'NONE', *, *, #2650, .F. ) ;
#2663 = CARTESIAN_POINT ( 'NONE',  ( 0.000000000000000000, 2.999999999999999556, -7.999999999999998224 ) ) ;
#2664 = B_SPLINE_CURVE_WITH_KNOTS ( 'NONE', 3,
 ( #3372, #790, #4148, #4570, #5527, #3343, #4237, #3731, #399, #2115, #4207, #3316, #372, #733, #2088, #5501, #3820, #5076, #817, #5443, #762, #3258, #2477, #1610, #5472, #4958, #4990, #2836, #4541, #1244 ),
 .UNSPECIFIED., .F., .F.,
 ( 4, 2, 2, 2, 2, 2, 2, 2, 2, 2, 2, 2, 2, 2, 4 ),
 ( 0.01096916611954059165, 0.01148095438805037810, 0.01199274265656016455, 0.01301631919357973746, 0.01352810746208952392, 0.01403989573059931037, 0.01455168399910909682, 0.01506347226761888328, 0.01557526053612866973, 0.01608704880463845618, 0.01659883707314824264, 0.01711062534165802909, 0.01762241361016781555, 0.01813420187867760200, 0.01915777841569717838 ),
 .UNSPECIFIED. ) ;
#2665 = CARTESIAN_POINT ( 'NONE',  ( 2.121320343559649935, 2.121320343559639721, -4.999999999999999112 ) ) ;
#2666 = CARTESIAN_POINT ( 'NONE',  ( -3.740226349862381049E-16, -3.054126587736548437, -10.46874999999999645 ) ) ;
#2667 = CARTESIAN_POINT ( 'NONE',  ( 3.000000000000009326, -9.663995296166853972E-15, 4.750000000000001776 ) ) ;
#2668 = CARTESIAN_POINT ( 'NONE',  ( -2.350480947161680767, 0.9736010864139172938, -0.3125000000000002776 ) ) ;
#2669 = CARTESIAN_POINT ( 'NONE',  ( 3.000000000000009326, -9.663995296166853972E-15, -9.250000000000000000 ) ) ;
#2670 = CARTESIAN_POINT ( 'NONE',  ( 0.000000000000000000, 2.350480947161671441, 5.625000000000000000 ) ) ;
#2671 = LINE ( 'NONE', #934, #859 ) ;
#2672 = CARTESIAN_POINT ( 'NONE',  ( 2.350480947161680323, -0.9736010864139368337, 6.187500000000000888 ) ) ;
#2673 = DIRECTION ( 'NONE',  ( 0.000000000000000000, 0.000000000000000000, -1.000000000000000000 ) ) ;
#2674 = ORIENTED_EDGE ( 'NONE', *, *, #4636, .T. ) ;
#2675 = CARTESIAN_POINT ( 'NONE',  ( -2.159593620790638546, -2.159593620790647428, -1.531250000000001332 ) ) ;
#2676 = CARTESIAN_POINT ( 'NONE',  ( -1.662041016787803249, 1.662041016787794367, -10.37499999999999822 ) ) ;
#2677 = CARTESIAN_POINT ( 'NONE',  ( 0.000000000000000000, 2.350480947161671441, -5.500000000000000000 ) ) ;
#2678 = CARTESIAN_POINT ( 'NONE',  ( 2.350480947161679435, -0.9736010864139368337, -1.687499999999999778 ) ) ;
#2679 = ORIENTED_EDGE ( 'NONE', *, *, #4217, .F. ) ;
#2680 = CARTESIAN_POINT ( 'NONE',  ( 2.121320343559649935, 2.121320343559639721, -10.00000000000000000 ) ) ;
#2681 =( BOUNDED_CURVE ( )  B_SPLINE_CURVE ( 2, ( #1490, #3217, #5261, #2797, #639, #4502, #2687, #4390, #1542 ),
 .UNSPECIFIED., .F., .F. ) 
 B_SPLINE_CURVE_WITH_KNOTS ( ( 3, 2, 2, 2, 3 ),
 ( 0.1309523809523809035, 0.1369047619047618625, 0.1428571428571427937, 0.1488095238095237804, 0.1547619047619047394 ),
 .UNSPECIFIED. ) 
 CURVE ( )  GEOMETRIC_REPRESENTATION_ITEM ( )  RATIONAL_B_SPLINE_CURVE ( ( 1.000000000000000666, 0.9238795325112860723, 1.000000000000000000, 0.9238795325112867385, 1.000000000000000000, 0.9238795325112867385, 1.000000000000000000, 0.9238795325112870716, 0.9999999999999996669 ) ) 
 REPRESENTATION_ITEM ( '' )  );
#2682 = CARTESIAN_POINT ( 'NONE',  ( 0.9736010864139278409, 2.350480947161670997, -8.437500000000000000 ) ) ;
#2683 = CARTESIAN_POINT ( 'NONE',  ( -1.662041016787803471, -1.662041016787812353, 2.000000000000000000 ) ) ;
#2684 = CARTESIAN_POINT ( 'NONE',  ( -3.000000000000008438, -1.242640687119298093, -5.687499999999998224 ) ) ;
#2685 = CARTESIAN_POINT ( 'NONE',  ( -2.455140924489761289, -1.260751883401979079, 6.183665656399436550 ) ) ;
#2686 = EDGE_CURVE ( 'NONE', #3361, #1870, #1144, .T. ) ;
#2687 = CARTESIAN_POINT ( 'NONE',  ( -2.121320343559649491, 2.121320343559640165, -10.75000000000000000 ) ) ;
#2688 = ORIENTED_EDGE ( 'NONE', *, *, #2040, .T. ) ;
#2689 = CARTESIAN_POINT ( 'NONE',  ( -2.159593620790638546, -2.159593620790646984, 1.406250000000002887 ) ) ;
#2690 = ORIENTED_EDGE ( 'NONE', *, *, #3683, .F. ) ;
#2691 = CARTESIAN_POINT ( 'NONE',  ( 2.423147509959223456, -1.162712608561907501, 5.987088849006741320 ) ) ;
#2692 = CARTESIAN_POINT ( 'NONE',  ( 2.151880261298851238, 1.699171769832216627, 6.134592669940658105 ) ) ;
#2693 = CARTESIAN_POINT ( 'NONE',  ( -3.000000000000009326, -8.929207216678438350E-15, -3.749999999999999556 ) ) ;
#2694 = CARTESIAN_POINT ( 'NONE',  ( 2.350480947161679435, -0.9736010864139368337, -2.687499999999999112 ) ) ;
#2695 = CARTESIAN_POINT ( 'NONE',  ( -3.000000000000009326, -8.929207216678438350E-15, -5.749999999999999112 ) ) ;
#2696 = CARTESIAN_POINT ( 'NONE',  ( 2.350480947161680323, 0.9736010864139177379, 4.312500000000001776 ) ) ;
#2697 = CARTESIAN_POINT ( 'NONE',  ( -3.000000000000003109, -2.818925648462311528E-15, -13.00000000000000178 ) ) ;
#2698 = DIRECTION ( 'NONE',  ( -1.000000000000000000, 0.000000000000000000, 0.000000000000000000 ) ) ;
#2699 = CARTESIAN_POINT ( 'NONE',  ( 0.9736010864139259535, -2.350480947161690537, 7.062500000000000888 ) ) ;
#2700 = CARTESIAN_POINT ( 'NONE',  ( 3.000000000000026645, 1.242640687119263232, -7.187500000000001776 ) ) ;
#2701 = ORIENTED_EDGE ( 'NONE', *, *, #2522, .T. ) ;
#2702 = CARTESIAN_POINT ( 'NONE',  ( 1.265060653844739313, 3.054126587736530229, -0.9687500000000008882 ) ) ;
#2703 = CARTESIAN_POINT ( 'NONE',  ( 2.350480947161680323, -0.9736010864139368337, -9.812500000000000000 ) ) ;
#2704 = CARTESIAN_POINT ( 'NONE',  ( -2.350480947161680323, -8.968978788130623169E-15, -3.249999999999999556 ) ) ;
#2705 = CARTESIAN_POINT ( 'NONE',  ( 2.350480947161679435, -0.9736010864139368337, -0.6874999999999987788 ) ) ;
#2706 = ORIENTED_EDGE ( 'NONE', *, *, #1179, .T. ) ;
#2707 = CARTESIAN_POINT ( 'NONE',  ( 2.350480947161680323, -9.544680581810301090E-15, -10.62499999999999822 ) ) ;
#2708 = CIRCLE ( 'NONE', #386, 5.000000000000000000 ) ;
#2709 = CARTESIAN_POINT ( 'NONE',  ( -2.350480947161680767, -0.9736010864139355014, 0.9375000000000007772 ) ) ;
#2710 = CARTESIAN_POINT ( 'NONE',  ( -3.673940397442070715E-16, -3.000000000000017764, -5.500000000000000000 ) ) ;
#2711 = CARTESIAN_POINT ( 'NONE',  ( 3.000000000000009770, -9.663995296166853972E-15, 4.874999999999999112 ) ) ;
#2712 = DIRECTION ( 'NONE',  ( -0.000000000000000000, -0.000000000000000000, -1.000000000000000000 ) ) ;
#2713 = ORIENTED_EDGE ( 'NONE', *, *, #4358, .T. ) ;
#2714 = CARTESIAN_POINT ( 'NONE',  ( -1.265060653844737537, -3.054126587736549325, -0.5312499999999971134 ) ) ;
#2715 = EDGE_LOOP ( 'NONE', ( #1432, #3248, #3159, #4205 ) ) ;
#2716 = CARTESIAN_POINT ( 'NONE',  ( -1.662041016787803249, 1.662041016787794367, -13.37500000000000000 ) ) ;
#2717 = CARTESIAN_POINT ( 'NONE',  ( 1.265060653844739091, 3.054126587736529341, -12.03124999999999645 ) ) ;
#2718 = CC_DESIGN_DATE_AND_TIME_ASSIGNMENT ( #2575, #3070, ( #5544 ) ) ;
#2719 = ADVANCED_FACE ( 'NONE', ( #100 ), #2376, .T. ) ;
#2720 = B_SPLINE_CURVE_WITH_KNOTS ( 'NONE', 3,
 ( #4527, #745, #664, #2459, #1407, #3107, #2375, #2692, #4396, #557, #5371, #141, #1856, #2402, #3559, #4943, #4105, #1985, #5063, #2985, #4694, #860, #2041, #5031, #5116, #1199, #439, #4642, #2902, #1652 ),
 .UNSPECIFIED., .F., .F.,
 ( 4, 2, 2, 2, 2, 2, 2, 2, 2, 2, 2, 2, 2, 2, 4 ),
 ( 0.01859722472039011115, 0.01914163165278576217, 0.01968603858518141320, 0.02023044551757706422, 0.02077485244997271524, 0.02186366631476401381, 0.02240807324715966484, 0.02295248017955531239, 0.02349688711195096341, 0.02404129404434661443, 0.02513010790913791648, 0.02567451484153356403, 0.02621892177392921505, 0.02676332870632486260, 0.02730773563872051363 ),
 .UNSPECIFIED. ) ;
#2721 = CARTESIAN_POINT ( 'NONE',  ( -2.350480947161680323, -8.968978788130623169E-15, -3.124999999999999112 ) ) ;
#2722 = CARTESIAN_POINT ( 'NONE',  ( 0.000000000000000000, 2.999999999999999556, -5.999999999999998224 ) ) ;
#2723 = CARTESIAN_POINT ( 'NONE',  ( 2.350480947161680323, -0.9736010864139368337, 4.187500000000002665 ) ) ;
#2724 = CARTESIAN_POINT ( 'NONE',  ( 1.242640687119288767, -3.000000000000019540, -8.437499999999998224 ) ) ;
#2725 = CARTESIAN_POINT ( 'NONE',  ( 3.000000000000003109, -2.451531608718105295E-15, -13.00000000000000178 ) ) ;
#2726 = ORIENTED_EDGE ( 'NONE', *, *, #5115, .T. ) ;
#2727 = CARTESIAN_POINT ( 'NONE',  ( -2.121320343559649491, -2.121320343559658372, -9.500000000000000000 ) ) ;
#2728 = CARTESIAN_POINT ( 'NONE',  ( 1.662041016787803693, 1.662041016787793923, 6.375000000000000888 ) ) ;
#2729 = CARTESIAN_POINT ( 'NONE',  ( 4.999999999999999112, -1.989761814391533718E-15, 12.70000000000000284 ) ) ;
#2730 = CARTESIAN_POINT ( 'NONE',  ( -3.740226349862381542E-16, -3.054126587736548881, -4.406250000000001776 ) ) ;
#2731 = CARTESIAN_POINT ( 'NONE',  ( -2.350480947161680323, -8.968978788130623169E-15, -5.249999999999999112 ) ) ;
#2732 = CARTESIAN_POINT ( 'NONE',  ( -0.9736010864139266197, -2.350480947161689649, -4.062500000000000000 ) ) ;
#2733 = CARTESIAN_POINT ( 'NONE',  ( -2.350480947161680767, 0.9736010864139172938, -0.1875000000000001665 ) ) ;
#2734 = CARTESIAN_POINT ( 'NONE',  ( -2.350480947161680323, -8.968978788130623169E-15, 0.8750000000000007772 ) ) ;
#2735 = EDGE_LOOP ( 'NONE', ( #2844, #3633, #2833, #4026 ) ) ;
#2736 = AXIS2_PLACEMENT_3D ( 'NONE', #4179, #5019, #1638 ) ;
#2737 = CARTESIAN_POINT ( 'NONE',  ( -0.9736010864139263976, 2.350480947161671441, -7.312500000000000000 ) ) ;
#2738 = ADVANCED_FACE ( 'NONE', ( #1813 ), #5226, .T. ) ;
#2739 = CARTESIAN_POINT ( 'NONE',  ( 1.662041016787803693, 1.662041016787793923, 0.5000000000000004441 ) ) ;
#2740 = CARTESIAN_POINT ( 'NONE',  ( -0.9736010864139266197, -2.350480947161689649, -11.06250000000000000 ) ) ;
#2741 = CARTESIAN_POINT ( 'NONE',  ( -2.350480947161680323, -0.9736010864139353904, -11.06250000000000000 ) ) ;
#2742 = DIRECTION ( 'NONE',  ( -0.000000000000000000, -0.000000000000000000, -1.000000000000000000 ) ) ;
#2743 = ORIENTED_EDGE ( 'NONE', *, *, #3965, .F. ) ;
#2744 = CARTESIAN_POINT ( 'NONE',  ( 1.265060653844739091, 3.054126587736529341, -0.03124999999999655484 ) ) ;
#2745 = ORIENTED_EDGE ( 'NONE', *, *, #3096, .T. ) ;
#2746 = CARTESIAN_POINT ( 'NONE',  ( -2.039906278820075691, 1.518394210050665327, 5.548042335563617478 ) ) ;
#2747 = CARTESIAN_POINT ( 'NONE',  ( 1.265060653844736427, -3.054126587736549769, -11.40624999999999645 ) ) ;
#2748 = CARTESIAN_POINT ( 'NONE',  ( 0.9736010864139279519, 2.350480947161670997, -2.437499999999998668 ) ) ;
#2749 = CARTESIAN_POINT ( 'NONE',  ( 3.000000000000009326, 1.242640687119280996, 5.937500000000000000 ) ) ;
#2750 = CARTESIAN_POINT ( 'NONE',  ( 0.000000000000000000, 2.350480947161671441, 4.500000000000002665 ) ) ;
#2751 = CARTESIAN_POINT ( 'NONE',  ( -1.242640687119289655, -3.000000000000018652, -8.562499999999998224 ) ) ;
#2752 = FACE_OUTER_BOUND ( 'NONE', #4394, .T. ) ;
#2753 = ORIENTED_EDGE ( 'NONE', *, *, #2430, .F. ) ;
#2754 = CYLINDRICAL_SURFACE ( 'NONE', #3542, 3.000000000000003109 ) ;
#2755 = CARTESIAN_POINT ( 'NONE',  ( -3.054126587736539555, 1.265060653844728655, -10.71875000000000178 ) ) ;
#2756 = CARTESIAN_POINT ( 'NONE',  ( -2.121320343559648602, 2.121320343559640165, -6.874999999999999112 ) ) ;
#2757 = EDGE_CURVE ( 'NONE', #1147, #1452, #4398, .T. ) ;
#2758 = CARTESIAN_POINT ( 'NONE',  ( -3.740226349862381542E-16, -3.054126587736548881, -2.406250000000002220 ) ) ;
#2759 = CARTESIAN_POINT ( 'NONE',  ( 0.9736010864139278409, 2.350480947161670997, -6.562500000000000000 ) ) ;
#2760 = CARTESIAN_POINT ( 'NONE',  ( 0.000000000000000000, 2.350480947161671441, -4.499999999999999112 ) ) ;
#2761 = CARTESIAN_POINT ( 'NONE',  ( -2.350480947161680323, -8.968978788130623169E-15, -1.124999999999999334 ) ) ;
#2762 = CARTESIAN_POINT ( 'NONE',  ( -2.350480947161680323, -8.968978788130623169E-15, 2.875000000000000888 ) ) ;
#2763 = CARTESIAN_POINT ( 'NONE',  ( -2.350480947161680767, -0.9736010864139355014, -5.187500000000000888 ) ) ;
#2764 = ORIENTED_EDGE ( 'NONE', *, *, #5533, .T. ) ;
#2765 = CARTESIAN_POINT ( 'NONE',  ( 2.350480947161680323, 0.9736010864139177379, -12.56249999999999822 ) ) ;
#2766 =( BOUNDED_CURVE ( )  B_SPLINE_CURVE ( 2, ( #4401, #2332, #61, #117, #1778, #5213, #3484, #5187, #2221 ),
 .UNSPECIFIED., .F., .F. ) 
 B_SPLINE_CURVE_WITH_KNOTS ( ( 3, 2, 2, 2, 3 ),
 ( 0.8214285714285713969, 0.8273809523809523281, 0.8333333333333333703, 0.8392857142857143016, 0.8452380952380952328 ),
 .UNSPECIFIED. ) 
 CURVE ( )  GEOMETRIC_REPRESENTATION_ITEM ( )  RATIONAL_B_SPLINE_CURVE ( ( 1.000000000000000000, 0.9238795325112866275, 1.000000000000000000, 0.9238795325112866275, 1.000000000000000000, 0.9238795325112866275, 1.000000000000000000, 0.9238795325112866275, 1.000000000000000000 ) ) 
 REPRESENTATION_ITEM ( '' )  );
#2767 = CARTESIAN_POINT ( 'NONE',  ( -1.662041016787803471, -1.662041016787812353, -10.00000000000000000 ) ) ;
#2768 = CARTESIAN_POINT ( 'NONE',  ( 0.9736010864139279519, 2.350480947161670997, -11.56250000000000000 ) ) ;
#2769 = CARTESIAN_POINT ( 'NONE',  ( -1.662041016787803249, 1.662041016787794367, -12.25000000000000000 ) ) ;
#2770 = CARTESIAN_POINT ( 'NONE',  ( -1.242640687119289655, -3.000000000000018652, -2.562499999999998668 ) ) ;
#2771 = VERTEX_POINT ( 'NONE', #1845 ) ;
#2772 = CARTESIAN_POINT ( 'NONE',  ( -3.054126587736539111, 1.265060653844728433, 1.218750000000003109 ) ) ;
#2773 = ORIENTED_EDGE ( 'NONE', *, *, #2078, .F. ) ;
#2774 = CARTESIAN_POINT ( 'NONE',  ( -2.121320343559649046, -2.121320343559657928, -10.62499999999999822 ) ) ;
#2775 = CARTESIAN_POINT ( 'NONE',  ( -2.159593620790638102, 2.159593620790629220, -9.843749999999998224 ) ) ;
#2776 = CARTESIAN_POINT ( 'NONE',  ( 1.662041016787803693, 1.662041016787793923, -2.499999999999998668 ) ) ;
#2777 = CARTESIAN_POINT ( 'NONE',  ( 3.000000000000009770, -9.663995296166853972E-15, 5.875000000000000000 ) ) ;
#2778 = CARTESIAN_POINT ( 'NONE',  ( 1.662041016787803693, 1.662041016787793923, 3.375000000000001332 ) ) ;
#2779 = CARTESIAN_POINT ( 'NONE',  ( -3.000000000000009770, -8.929207216678438350E-15, -0.6250000000000006661 ) ) ;
#2780 = VERTEX_POINT ( 'NONE', #4413 ) ;
#2781 = CARTESIAN_POINT ( 'NONE',  ( 1.166633484875260640, 2.106733463483787983, -12.60604759791065099 ) ) ;
#2782 = CARTESIAN_POINT ( 'NONE',  ( -3.740226349862381542E-16, -3.054126587736548881, -12.40625000000000178 ) ) ;
#2783 = CARTESIAN_POINT ( 'NONE',  ( -3.000000000000027089, 1.242640687119262788, -6.812499999999998224 ) ) ;
#2784 = ORIENTED_EDGE ( 'NONE', *, *, #4771, .F. ) ;
#2785 = CARTESIAN_POINT ( 'NONE',  ( -2.159593620790638546, -2.159593620790647428, 2.468749999999998668 ) ) ;
#2786 = CARTESIAN_POINT ( 'NONE',  ( 0.000000000000000000, 2.350480947161671441, -8.500000000000000000 ) ) ;
#2787 = CARTESIAN_POINT ( 'NONE',  ( 2.350480947161680323, -9.544680581810301090E-15, 0.2500000000000002220 ) ) ;
#2788 = CARTESIAN_POINT ( 'NONE',  ( 0.000000000000000000, 2.350480947161671441, 0.6250000000000005551 ) ) ;
#2789 = CARTESIAN_POINT ( 'NONE',  ( 0.9736010864139259535, -2.350480947161690537, -0.9374999999999992228 ) ) ;
#2790 = ORIENTED_EDGE ( 'NONE', *, *, #2686, .T. ) ;
#2791 = CARTESIAN_POINT ( 'NONE',  ( 2.986514216272661670, -0.2841352424486524031, 6.860428147091772288 ) ) ;
#2792 = EDGE_CURVE ( 'NONE', #4075, #3149, #4189, .T. ) ;
#2793 = CARTESIAN_POINT ( 'NONE',  ( 0.000000000000000000, 2.350480947161671441, -10.37499999999999822 ) ) ;
#2794 = CARTESIAN_POINT ( 'NONE',  ( 2.350480947161682987, -0.1239716860492914990, -12.64951905283832190 ) ) ;
#2795 = CARTESIAN_POINT ( 'NONE',  ( 1.662041016787803693, 1.662041016787793923, -10.62499999999999822 ) ) ;
#2796 = CARTESIAN_POINT ( 'NONE',  ( -2.350480947161680323, -8.968978788130623169E-15, -12.12500000000000000 ) ) ;
#2797 = CARTESIAN_POINT ( 'NONE',  ( 1.242640687119291210, 2.999999999999999556, -10.93750000000000178 ) ) ;
#2798 = CARTESIAN_POINT ( 'NONE',  ( -3.054126587736539555, -8.925892919057422291E-15, 2.281250000000002220 ) ) ;
#2799 = ORIENTED_EDGE ( 'NONE', *, *, #2117, .T. ) ;
#2800 = CARTESIAN_POINT ( 'NONE',  ( -1.569343491818628866, 1.966209300639519819, 5.515505242467383162 ) ) ;
#2801 = VECTOR ( 'NONE', #3126, 1000.000000000000000 ) ;
#2802 = CARTESIAN_POINT ( 'NONE',  ( -1.662041016787803249, 1.662041016787794367, -5.249999999999999112 ) ) ;
#2803 = CARTESIAN_POINT ( 'NONE',  ( 2.295644853936795293, -1.561360171563937804, 12.75740168489076432 ) ) ;
#2804 = CARTESIAN_POINT ( 'NONE',  ( 2.350480947161680323, 0.9736010864139177379, 6.312500000000000888 ) ) ;
#2805 = CARTESIAN_POINT ( 'NONE',  ( -2.499999999999997780, 3.061616977806225934E-16, 12.60222907321997177 ) ) ;
#2806 = ORIENTED_EDGE ( 'NONE', *, *, #3396, .F. ) ;
#2807 = CARTESIAN_POINT ( 'NONE',  ( 2.419437959694571649, 1.775187252992890263, 6.849056589846730603 ) ) ;
#2808 = CARTESIAN_POINT ( 'NONE',  ( 3.054126587736539111, 1.265060653844729099, -10.09375000000000000 ) ) ;
#2809 = DIRECTION ( 'NONE',  ( -1.000000000000000000, 0.000000000000000000, 0.000000000000000000 ) ) ;
#2810 = CARTESIAN_POINT ( 'NONE',  ( -3.054126587736539555, -1.265060653844746641, 0.4062499999999986677 ) ) ;
#2811 = EDGE_CURVE ( 'NONE', #4281, #2189, #4915, .T. ) ;
#2812 = CARTESIAN_POINT ( 'NONE',  ( -2.350480947161680767, -0.9736010864139355014, -6.187500000000000000 ) ) ;
#2813 = CARTESIAN_POINT ( 'NONE',  ( 2.350480947161679435, 0.9736010864139177379, -1.687499999999999778 ) ) ;
#2814 = CARTESIAN_POINT ( 'NONE',  ( 0.9736010864139259535, -2.350480947161690537, 0.1875000000000001665 ) ) ;
#2815 = AXIS2_PLACEMENT_3D ( 'NONE', #952, #1716, #4702 ) ;
#2816 = CARTESIAN_POINT ( 'NONE',  ( 2.350480947161680323, -9.544680581810301090E-15, 3.375000000000001332 ) ) ;
#2817 = CARTESIAN_POINT ( 'NONE',  ( -2.350480947161680323, -8.968978788130623169E-15, -3.249999999999999556 ) ) ;
#2818 = CARTESIAN_POINT ( 'NONE',  ( 2.121320343559649935, 2.121320343559639721, -7.000000000000000000 ) ) ;
#2819 = CARTESIAN_POINT ( 'NONE',  ( -0.2722548696310849170, -2.918223722878841020, 6.654165419765349476 ) ) ;
#2820 = CARTESIAN_POINT ( 'NONE',  ( -1.662041016787803249, 1.662041016787794367, -6.249999999999999112 ) ) ;
#2821 = EDGE_CURVE ( 'NONE', #5254, #2434, #2649, .T. ) ;
#2822 = ADVANCED_FACE ( 'NONE', ( #1900 ), #2466, .T. ) ;
#2823 = VECTOR ( 'NONE', #371, 1000.000000000000000 ) ;
#2824 = CARTESIAN_POINT ( 'NONE',  ( 0.000000000000000000, 2.350480947161671441, -10.37499999999999822 ) ) ;
#2825 = CARTESIAN_POINT ( 'NONE',  ( 1.265060653844736427, -3.054126587736549769, 2.593750000000002220 ) ) ;
#2826 = ORIENTED_EDGE ( 'NONE', *, *, #1254, .F. ) ;
#2827 = CARTESIAN_POINT ( 'NONE',  ( 2.121320343559648602, -2.121320343559657928, -10.37499999999999822 ) ) ;
#2828 =( BOUNDED_CURVE ( )  B_SPLINE_CURVE ( 2, ( #3500, #4729, #2212, #499, #3451, #1794, #1820, #5546, #894 ),
 .UNSPECIFIED., .F., .T. ) 
 B_SPLINE_CURVE_WITH_KNOTS ( ( 3, 2, 2, 2, 3 ),
 ( 0.05952380952380961765, 0.06547619047619053501, 0.07142857142857145236, 0.07738095238095236972, 0.08333333333333339810 ),
 .UNSPECIFIED. ) 
 CURVE ( )  GEOMETRIC_REPRESENTATION_ITEM ( )  RATIONAL_B_SPLINE_CURVE ( ( 0.9999999999999988898, 0.9238795325112877377, 1.000000000000000000, 0.9238795325112866275, 1.000000000000000000, 0.9238795325112866275, 1.000000000000000000, 0.9238795325112862944, 1.000000000000000444 ) ) 
 REPRESENTATION_ITEM ( '' )  );
#2829 = CARTESIAN_POINT ( 'NONE',  ( -1.662041016787803249, 1.662041016787794367, -6.249999999999999112 ) ) ;
#2830 = DIRECTION ( 'NONE',  ( -0.3420201433256694901, 0.000000000000000000, 0.9396926207859082059 ) ) ;
#2831 = CARTESIAN_POINT ( 'NONE',  ( 3.000000000000009326, -9.663995296166853972E-15, 0.7500000000000006661 ) ) ;
#2832 = CARTESIAN_POINT ( 'NONE',  ( 0.8612909633792741326, 2.761445719851077119, -12.11274480104322215 ) ) ;
#2833 = ORIENTED_EDGE ( 'NONE', *, *, #1222, .F. ) ;
#2834 = CARTESIAN_POINT ( 'NONE',  ( -0.7164190390928738550, 2.372191129652125419, -12.52538185093591672 ) ) ;
#2835 = CARTESIAN_POINT ( 'NONE',  ( 0.000000000000000000, 3.054126587736530674, -10.90625000000000355 ) ) ;
#2836 = CARTESIAN_POINT ( 'NONE',  ( 2.436779302101028666, 0.6841562879891136539, 5.509049197567084555 ) ) ;
#2837 = DIRECTION ( 'NONE',  ( -0.000000000000000000, -0.000000000000000000, -1.000000000000000000 ) ) ;
#2838 = CARTESIAN_POINT ( 'NONE',  ( -2.159593620790638546, 2.159593620790629220, 3.218749999999999556 ) ) ;
#2839 = CARTESIAN_POINT ( 'NONE',  ( 1.662041016787803693, 1.662041016787793923, -5.625000000000000000 ) ) ;
#2840 = CARTESIAN_POINT ( 'NONE',  ( -1.662041016787803471, -1.662041016787812353, 1.875000000000000000 ) ) ;
#2841 = CARTESIAN_POINT ( 'NONE',  ( 2.350480947161680323, 0.9736010864139177379, 0.4375000000000003331 ) ) ;
#2842 = CARTESIAN_POINT ( 'NONE',  ( 0.9736010864139279519, 2.350480947161670997, 2.562500000000000444 ) ) ;
#2843 = CARTESIAN_POINT ( 'NONE',  ( 0.9736010864139259535, -2.350480947161690537, -1.937500000000000000 ) ) ;
#2844 = ORIENTED_EDGE ( 'NONE', *, *, #5303, .T. ) ;
#2845 = CARTESIAN_POINT ( 'NONE',  ( 0.000000000000000000, -9.107298248878237246E-15, 7.000000000000002665 ) ) ;
#2846 = CARTESIAN_POINT ( 'NONE',  ( -2.878508968398391083E-16, -2.350480947161689649, 1.125000000000000888 ) ) ;
#2847 = CARTESIAN_POINT ( 'NONE',  ( 2.350480947161680323, -0.9736010864139368337, -6.687500000000000888 ) ) ;
#2848 = CARTESIAN_POINT ( 'NONE',  ( 3.000000000000009326, -9.663995296166853972E-15, 6.750000000000000000 ) ) ;
#2849 = CARTESIAN_POINT ( 'NONE',  ( 3.000000000000009770, -9.663995296166853972E-15, -6.125000000000000000 ) ) ;
#2850 = CARTESIAN_POINT ( 'NONE',  ( -0.9736010864139263976, 2.350480947161671441, -10.31249999999999822 ) ) ;
#2851 = CARTESIAN_POINT ( 'NONE',  ( 3.054126587736539555, -9.673938189029898993E-15, 2.781250000000002665 ) ) ;
#2852 = ORIENTED_EDGE ( 'NONE', *, *, #4496, .F. ) ;
#2853 = CARTESIAN_POINT ( 'NONE',  ( 1.662041016787803249, -1.662041016787812797, -10.87500000000000000 ) ) ;
#2854 = EDGE_CURVE ( 'NONE', #1452, #5525, #4971, .T. ) ;
#2855 = CARTESIAN_POINT ( 'NONE',  ( -0.9736010864139266197, -2.350480947161689649, -5.937499999999999112 ) ) ;
#2856 = CARTESIAN_POINT ( 'NONE',  ( -3.000000000000009326, -8.929207216678438350E-15, 4.250000000000001776 ) ) ;
#2857 = CARTESIAN_POINT ( 'NONE',  ( -3.000000000000009770, -8.929207216678438350E-15, 1.374999999999999556 ) ) ;
#2858 = CARTESIAN_POINT ( 'NONE',  ( 1.242640687119288767, -3.000000000000019540, 1.562500000000001554 ) ) ;
#2859 = ORIENTED_EDGE ( 'NONE', *, *, #4530, .T. ) ;
#2860 = CARTESIAN_POINT ( 'NONE',  ( 2.159593620790638546, 2.159593620790628776, -8.093749999999996447 ) ) ;
#2861 = DIRECTION ( 'NONE',  ( -0.000000000000000000, -0.000000000000000000, -1.000000000000000000 ) ) ;
#2862 =( BOUNDED_CURVE ( )  B_SPLINE_CURVE ( 2, ( #2439, #3392, #1124, #701, #2884, #2411, #4113, #784, #1178 ),
 .UNSPECIFIED., .F., .F. ) 
 B_SPLINE_CURVE_WITH_KNOTS ( ( 3, 2, 2, 2, 3 ),
 ( 0.3690476190476190133, 0.3749999999999999445, 0.3809523809523809312, 0.3869047619047619180, 0.3928571428571428492 ),
 .UNSPECIFIED. ) 
 CURVE ( )  GEOMETRIC_REPRESENTATION_ITEM ( )  RATIONAL_B_SPLINE_CURVE ( ( 1.000000000000000666, 0.9238795325112860723, 1.000000000000000000, 0.9238795325112867385, 1.000000000000000000, 0.9238795325112867385, 1.000000000000000000, 0.9238795325112867385, 1.000000000000000000 ) ) 
 REPRESENTATION_ITEM ( '' )  );
#2863 = CARTESIAN_POINT ( 'NONE',  ( 3.054126587736539111, 1.265060653844729099, -13.09375000000000178 ) ) ;
#2864 = CARTESIAN_POINT ( 'NONE',  ( -5.000000000000000000, -2.818925648462311528E-15, -13.00000000000000178 ) ) ;
#2865 = CARTESIAN_POINT ( 'NONE',  ( -1.242640687119289433, 3.000000000000000888, -3.812500000000000444 ) ) ;
#2866 = CARTESIAN_POINT ( 'NONE',  ( -2.159593620790638546, -2.159593620790647428, -0.5312500000000022204 ) ) ;
#2867 = CARTESIAN_POINT ( 'NONE',  ( 2.350480947161680323, -0.9736010864139368337, -1.812500000000000000 ) ) ;
#2868 = CARTESIAN_POINT ( 'NONE',  ( 2.350480947161679435, 0.9736010864139177379, 0.3125000000000002776 ) ) ;
#2869 = CARTESIAN_POINT ( 'NONE',  ( 2.350480947161680323, -9.544680581810301090E-15, 4.375000000000001776 ) ) ;
#2870 = CARTESIAN_POINT ( 'NONE',  ( 1.662041016787803693, 1.662041016787793923, 4.500000000000002665 ) ) ;
#2871 = CARTESIAN_POINT ( 'NONE',  ( 2.350480947161680323, 0.9736010864139177379, -1.687499999999999778 ) ) ;
#2872 = CARTESIAN_POINT ( 'NONE',  ( -2.121320343559649491, 2.121320343559640165, -6.750000000000000000 ) ) ;
#2873 = CARTESIAN_POINT ( 'NONE',  ( 2.350480947161680323, 0.9736010864139177379, -9.562500000000000000 ) ) ;
#2874 = CARTESIAN_POINT ( 'NONE',  ( -2.350480947161680323, -8.968978788130623169E-15, 6.875000000000000888 ) ) ;
#2875 = CARTESIAN_POINT ( 'NONE',  ( 2.350480947161680323, 0.9736010864139177379, -6.562500000000000000 ) ) ;
#2876 = CARTESIAN_POINT ( 'NONE',  ( 0.000000000000000000, 3.000000000000000444, -8.875000000000000000 ) ) ;
#2877 = CARTESIAN_POINT ( 'NONE',  ( 2.350480947161679435, 0.9736010864139177379, -9.687500000000000000 ) ) ;
#2878 = CARTESIAN_POINT ( 'NONE',  ( 1.662041016787803693, 1.662041016787793923, -8.500000000000000000 ) ) ;
#2879 = CARTESIAN_POINT ( 'NONE',  ( -3.054126587736539111, -1.265060653844746197, 4.343750000000003553 ) ) ;
#2880 = EDGE_LOOP ( 'NONE', ( #2307, #2701, #448, #5074, #3999, #3943, #1770 ) ) ;
#2881 = CARTESIAN_POINT ( 'NONE',  ( 1.662041016787803249, -1.662041016787812797, -8.875000000000001776 ) ) ;
#2882 = CARTESIAN_POINT ( 'NONE',  ( 2.350480947161680323, -9.544680581810301090E-15, -6.625000000000000000 ) ) ;
#2883 = CARTESIAN_POINT ( 'NONE',  ( 0.4866149829282190309, -2.742550264421696582, -12.22045020699695783 ) ) ;
#2884 = CARTESIAN_POINT ( 'NONE',  ( 0.000000000000000000, 3.000000000000000444, -5.875000000000000000 ) ) ;
#2885 = CARTESIAN_POINT ( 'NONE',  ( 2.121320343559649491, -2.121320343559658372, -4.250000000000000000 ) ) ;
#2886 = ORIENTED_EDGE ( 'NONE', *, *, #1241, .F. ) ;
#2887 = CARTESIAN_POINT ( 'NONE',  ( -1.265060653844737537, -3.054126587736549325, -6.531249999999999112 ) ) ;
#2888 = DIRECTION ( 'NONE',  ( -1.000000000000000000, 0.000000000000000000, 0.000000000000000000 ) ) ;
#2889 = ADVANCED_FACE ( 'NONE', ( #3298 ), #3222, .T. ) ;
#2890 = CARTESIAN_POINT ( 'NONE',  ( 3.054126587736538667, -1.265060653844748195, -9.218750000000000000 ) ) ;
#2891 = DIRECTION ( 'NONE',  ( -1.000000000000000000, 0.000000000000000000, 0.000000000000000000 ) ) ;
#2892 = CARTESIAN_POINT ( 'NONE',  ( 1.265060653844739313, 3.054126587736530229, 2.031249999999998668 ) ) ;
#2893 = CARTESIAN_POINT ( 'NONE',  ( -2.350480947161680767, 0.9736010864139172938, -2.312500000000000888 ) ) ;
#2894 = CARTESIAN_POINT ( 'NONE',  ( -2.350480947161680323, -8.968978788130623169E-15, -0.2500000000000002220 ) ) ;
#2895 = CARTESIAN_POINT ( 'NONE',  ( 0.9736010864139278409, 2.350480947161670997, 1.562500000000001332 ) ) ;
#2896 = DIRECTION ( 'NONE',  ( -0.000000000000000000, -0.000000000000000000, -1.000000000000000000 ) ) ;
#2897 = CARTESIAN_POINT ( 'NONE',  ( -2.350480947161680767, -0.9736010864139355014, -1.187499999999999334 ) ) ;
#2898 = CARTESIAN_POINT ( 'NONE',  ( 0.000000000000000000, 3.000000000000000444, -6.875000000000000000 ) ) ;
#2899 = CARTESIAN_POINT ( 'NONE',  ( -2.350480947161680767, 0.9736010864139172938, -11.18749999999999822 ) ) ;
#2900 = CARTESIAN_POINT ( 'NONE',  ( -1.662041016787803249, 1.662041016787794367, 4.749999999999999112 ) ) ;
#2901 = CARTESIAN_POINT ( 'NONE',  ( -2.350480947161680767, -0.9736010864139355014, -5.062500000000000888 ) ) ;
#2902 = CARTESIAN_POINT ( 'NONE',  ( -2.851117295956507203, 0.1812247680368008484, 6.451376279584875029 ) ) ;
#2903 = CARTESIAN_POINT ( 'NONE',  ( 0.9736010864139279519, 2.350480947161670997, -6.562500000000000000 ) ) ;
#2904 = CARTESIAN_POINT ( 'NONE',  ( 2.350480947161679435, -0.9736010864139368337, -7.687500000000000000 ) ) ;
#2905 = VECTOR ( 'NONE', #5536, 999.9999999999998863 ) ;
#2906 = CARTESIAN_POINT ( 'NONE',  ( 0.000000000000000000, 3.054126587736530229, 6.031250000000001776 ) ) ;
#2907 = ORIENTED_EDGE ( 'NONE', *, *, #2472, .F. ) ;
#2908 = CARTESIAN_POINT ( 'NONE',  ( 0.000000000000000000, 2.350480947161671441, -8.500000000000000000 ) ) ;
#2909 = VECTOR ( 'NONE', #5054, 1000.000000000000000 ) ;
#2910 = CARTESIAN_POINT ( 'NONE',  ( 2.350480947161680323, 0.9736010864139177379, -5.562500000000000000 ) ) ;
#2911 = CARTESIAN_POINT ( 'NONE',  ( 2.320002832703704776, -1.677469373285940035, -12.14284420748295545 ) ) ;
#2912 = CARTESIAN_POINT ( 'NONE',  ( -1.242640687119289433, 3.000000000000000888, -0.8125000000000007772 ) ) ;
#2913 = CARTESIAN_POINT ( 'NONE',  ( 0.000000000000000000, -9.107298248878237246E-15, 7.000000000000002665 ) ) ;
#2914 = ORIENTED_EDGE ( 'NONE', *, *, #4736, .T. ) ;
#2915 = CARTESIAN_POINT ( 'NONE',  ( -1.265060653844737315, 3.054126587736530674, -7.906249999999997335 ) ) ;
#2916 = ORIENTED_EDGE ( 'NONE', *, *, #832, .F. ) ;
#2917 = CARTESIAN_POINT ( 'NONE',  ( 2.121320343559649046, 2.121320343559639277, -0.1249999999999983485 ) ) ;
#2918 = CARTESIAN_POINT ( 'NONE',  ( -3.000000000000009326, -8.929207216678438350E-15, -9.749999999999998224 ) ) ;
#2919 = CARTESIAN_POINT ( 'NONE',  ( -2.121320343559649491, -2.121320343559658372, -0.5000000000000004441 ) ) ;
#2920 = CARTESIAN_POINT ( 'NONE',  ( -1.265060653844737537, 3.054126587736531118, 5.156249999999997335 ) ) ;
#2921 = CARTESIAN_POINT ( 'NONE',  ( -0.9736010864139266197, -2.350480947161689649, -4.062500000000000000 ) ) ;
#2922 = CARTESIAN_POINT ( 'NONE',  ( 2.350480947161680323, -9.544680581810301090E-15, 2.250000000000000444 ) ) ;
#2923 = CARTESIAN_POINT ( 'NONE',  ( -2.878508968398391083E-16, -2.350480947161689649, 4.125000000000001776 ) ) ;
#2924 = DIRECTION ( 'NONE',  ( -0.000000000000000000, -0.000000000000000000, -1.000000000000000000 ) ) ;
#2925 = CARTESIAN_POINT ( 'NONE',  ( 2.350480947161680323, 0.9736010864139177379, 0.3125000000000002776 ) ) ;
#2926 = EDGE_CURVE ( 'NONE', #3699, #1550, #538, .T. ) ;
#2927 = DIRECTION ( 'NONE',  ( -0.000000000000000000, -0.000000000000000000, -1.000000000000000000 ) ) ;
#2928 = CARTESIAN_POINT ( 'NONE',  ( 0.9736010864139259535, -2.350480947161690537, -8.812500000000000000 ) ) ;
#2929 = CARTESIAN_POINT ( 'NONE',  ( 3.054126587736539999, -9.673938189029898993E-15, -8.156250000000001776 ) ) ;
#2930 = CARTESIAN_POINT ( 'NONE',  ( -2.350480947161680767, 0.9736010864139172938, -13.31250000000000000 ) ) ;
#2931 = ADVANCED_FACE ( 'NONE', ( #1661 ), #4536, .T. ) ;
#2932 = CARTESIAN_POINT ( 'NONE',  ( -2.878508968398391083E-16, -2.350480947161689649, -3.875000000000000000 ) ) ;
#2933 = B_SPLINE_CURVE_WITH_KNOTS ( 'NONE', 3,
 ( #5131, #1297, #475, #3000, #2584, #4627 ),
 .UNSPECIFIED., .F., .F.,
 ( 4, 2, 4 ),
 ( 0.000000000000000000, 0.0009266171460030286997, 0.001853234292006057399 ),
 .UNSPECIFIED. ) ;
#2934 = CARTESIAN_POINT ( 'NONE',  ( -1.242640687119289211, 3.000000000000000000, 6.062499999999999112 ) ) ;
#2935 = CARTESIAN_POINT ( 'NONE',  ( 2.350480947161679435, 0.9736010864139177379, -7.562500000000000000 ) ) ;
#2936 = CARTESIAN_POINT ( 'NONE',  ( -3.054126587736539555, -8.925892919057422291E-15, 6.281250000000001776 ) ) ;
#2937 = ORIENTED_EDGE ( 'NONE', *, *, #3201, .T. ) ;
#2938 = CARTESIAN_POINT ( 'NONE',  ( -1.662041016787803471, -1.662041016787812353, -11.12500000000000000 ) ) ;
#2939 = CARTESIAN_POINT ( 'NONE',  ( 2.350480947161680323, -0.9736010864139368337, -5.687500000000000000 ) ) ;
#2940 = CARTESIAN_POINT ( 'NONE',  ( 1.242640687119288767, -3.000000000000019540, 0.5625000000000005551 ) ) ;
#2941 = CARTESIAN_POINT ( 'NONE',  ( 3.000000000000009326, 1.242640687119280996, 3.937500000000001776 ) ) ;
#2942 = ORIENTED_EDGE ( 'NONE', *, *, #4228, .F. ) ;
#2943 =( BOUNDED_CURVE ( )  B_SPLINE_CURVE ( 2, ( #2667, #5297, #959, #89, #4814, #4314, #929, #2191, #3482 ),
 .UNSPECIFIED., .F., .F. ) 
 B_SPLINE_CURVE_WITH_KNOTS ( ( 3, 2, 2, 2, 3 ),
 ( 0.1547619047619047672, 0.1607142857142856984, 0.1666666666666666019, 0.1726190476190476164, 0.1785714285714285476 ),
 .UNSPECIFIED. ) 
 CURVE ( )  GEOMETRIC_REPRESENTATION_ITEM ( )  RATIONAL_B_SPLINE_CURVE ( ( 1.000000000000000000, 0.9238795325112866275, 1.000000000000000000, 0.9238795325112866275, 1.000000000000000000, 0.9238795325112866275, 1.000000000000000000, 0.9238795325112872936, 0.9999999999999993339 ) ) 
 REPRESENTATION_ITEM ( '' )  );
#2944 = CARTESIAN_POINT ( 'NONE',  ( -2.159593620790638102, 2.159593620790629220, -7.843749999999996447 ) ) ;
#2945 = ORIENTED_EDGE ( 'NONE', *, *, #3508, .T. ) ;
#2946 = CARTESIAN_POINT ( 'NONE',  ( -2.121320343559648602, 2.121320343559640165, -7.874999999999998224 ) ) ;
#2947 = DIRECTION ( 'NONE',  ( -1.000000000000000000, -1.224646799147353207E-16, 0.000000000000000000 ) ) ;
#2948 = LINE ( 'NONE', #4656, #3808 ) ;
#2949 = CARTESIAN_POINT ( 'NONE',  ( 2.159593620790638546, -2.159593620790647872, 4.718749999999997335 ) ) ;
#2950 = CARTESIAN_POINT ( 'NONE',  ( 0.9736010864139259535, -2.350480947161690537, -1.937500000000000000 ) ) ;
#2951 = CARTESIAN_POINT ( 'NONE',  ( -1.662041016787803471, -1.662041016787812353, 2.875000000000000888 ) ) ;
#2952 = CARTESIAN_POINT ( 'NONE',  ( 0.9736010864139259535, -2.350480947161690537, 2.187500000000000444 ) ) ;
#2953 = DIRECTION ( 'NONE',  ( -0.000000000000000000, -0.000000000000000000, -1.000000000000000000 ) ) ;
#2954 = CARTESIAN_POINT ( 'NONE',  ( 1.662041016787803693, 1.662041016787793923, 0.3750000000000003331 ) ) ;
#2955 = CARTESIAN_POINT ( 'NONE',  ( 3.000000000000009326, -9.663995296166853972E-15, -11.24999999999999822 ) ) ;
#2956 = CARTESIAN_POINT ( 'NONE',  ( -0.9736010864139266197, -2.350480947161689649, -11.93750000000000000 ) ) ;
#2957 = CARTESIAN_POINT ( 'NONE',  ( -3.054126587736539555, 1.265060653844728655, -6.718750000000000888 ) ) ;
#2958 = CARTESIAN_POINT ( 'NONE',  ( 0.000000000000000000, 2.350480947161671441, 4.625000000000002665 ) ) ;
#2959 = DIRECTION ( 'NONE',  ( -1.000000000000000000, 0.000000000000000000, 0.000000000000000000 ) ) ;
#2960 = CARTESIAN_POINT ( 'NONE',  ( -1.662041016787803471, -1.662041016787812353, -5.999999999999999112 ) ) ;
#2961 = CARTESIAN_POINT ( 'NONE',  ( -0.9736010864139266197, -2.350480947161689649, -12.93749999999999822 ) ) ;
#2962 = CARTESIAN_POINT ( 'NONE',  ( -2.350480947161680767, 0.9736010864139172938, -10.31249999999999822 ) ) ;
#2963 = CARTESIAN_POINT ( 'NONE',  ( -0.9736010864139266197, -2.350480947161689649, -2.937499999999999112 ) ) ;
#2964 = CARTESIAN_POINT ( 'NONE',  ( -2.603765877364847992, 1.180177426856284791E-11, -12.39623412263516222 ) ) ;
#2965 = CARTESIAN_POINT ( 'NONE',  ( 1.005288598598044203, -2.683995894200875920, 6.476149934424554111 ) ) ;
#2966 = CARTESIAN_POINT ( 'NONE',  ( 0.000000000000000000, -2.818925648462311528E-15, -13.00000000000000178 ) ) ;
#2967 = ORIENTED_EDGE ( 'NONE', *, *, #3148, .T. ) ;
#2968 = CARTESIAN_POINT ( 'NONE',  ( -2.159593620790638546, -2.159593620790646984, -8.593749999999996447 ) ) ;
#2969 = EDGE_LOOP ( 'NONE', ( #4136, #1879, #2914, #4310 ) ) ;
#2970 = CARTESIAN_POINT ( 'NONE',  ( -1.242640687119289655, -3.000000000000019096, -11.43750000000000000 ) ) ;
#2971 = CARTESIAN_POINT ( 'NONE',  ( 3.000000000000017319, 1.242640687119271670, -5.062499999999999112 ) ) ;
#2972 = CARTESIAN_POINT ( 'NONE',  ( -1.242640687119289655, -3.000000000000018652, -3.562499999999999112 ) ) ;
#2973 = CARTESIAN_POINT ( 'NONE',  ( 3.054126587736539999, -9.673938189029898993E-15, 6.843749999999999112 ) ) ;
#2974 = CARTESIAN_POINT ( 'NONE',  ( 0.000000000000000000, 2.350480947161671441, -2.500000000000000444 ) ) ;
#2975 = CARTESIAN_POINT ( 'NONE',  ( -1.662041016787803471, -1.662041016787812353, 3.875000000000001776 ) ) ;
#2976 = CARTESIAN_POINT ( 'NONE',  ( -2.350480947161680767, 0.9736010864139172938, 1.812500000000000000 ) ) ;
#2977 = CARTESIAN_POINT ( 'NONE',  ( 3.000000000000008882, -1.242640687119300091, 1.812500000000000000 ) ) ;
#2978 = CARTESIAN_POINT ( 'NONE',  ( -2.350480947161680767, 0.9736010864139172938, 3.687500000000002220 ) ) ;
#2979 = ADVANCED_FACE ( 'NONE', ( #811 ), #3336, .T. ) ;
#2980 = DIRECTION ( 'NONE',  ( -1.000000000000000000, 0.000000000000000000, 0.000000000000000000 ) ) ;
#2981 = CARTESIAN_POINT ( 'NONE',  ( -2.350480947161680767, -0.9736010864139355014, -10.06250000000000000 ) ) ;
#2982 = EDGE_CURVE ( 'NONE', #500, #1153, #2862, .T. ) ;
#2983 = CARTESIAN_POINT ( 'NONE',  ( 0.000000000000000000, 3.054126587736530674, -5.906250000000001776 ) ) ;
#2984 = CARTESIAN_POINT ( 'NONE',  ( -1.662041016787803471, -1.662041016787812353, 4.999999999999999112 ) ) ;
#2985 = CARTESIAN_POINT ( 'NONE',  ( -1.458701459656615462, 2.423543212039302563, 6.324611412905897900 ) ) ;
#2986 = CARTESIAN_POINT ( 'NONE',  ( -2.350480947161680323, -8.968978788130623169E-15, -11.12500000000000000 ) ) ;
#2987 = CARTESIAN_POINT ( 'NONE',  ( -2.350480947161680767, -0.9736010864139355014, -7.187499999999999112 ) ) ;
#2988 = EDGE_CURVE ( 'NONE', #4226, #275, #4932, .T. ) ;
#2989 = PERSON_AND_ORGANIZATION ( #519, #830 ) ;
#2990 = CARTESIAN_POINT ( 'NONE',  ( -2.878508968398391083E-16, -2.350480947161689649, -2.874999999999999112 ) ) ;
#2991 = CARTESIAN_POINT ( 'NONE',  ( -3.000000000000009770, -1.242640687119298315, -2.562500000000000444 ) ) ;
#2992 = CARTESIAN_POINT ( 'NONE',  ( 1.242640687119290765, 2.999999999999999112, -10.06249999999999645 ) ) ;
#2993 = CARTESIAN_POINT ( 'NONE',  ( 3.000000000000003109, -2.451531608718105295E-15, -13.00000000000000178 ) ) ;
#2994 = ORIENTED_EDGE ( 'NONE', *, *, #5216, .F. ) ;
#2995 = CARTESIAN_POINT ( 'NONE',  ( 0.000000000000000000, 3.054126587736530229, -2.968749999999997335 ) ) ;
#2996 = ORIENTED_EDGE ( 'NONE', *, *, #4603, .F. ) ;
#2997 = LINE ( 'NONE', #816, #2823 ) ;
#2998 = VECTOR ( 'NONE', #1371, 1000.000000000000000 ) ;
#2999 = DIRECTION ( 'NONE',  ( -0.000000000000000000, -0.000000000000000000, -1.000000000000000000 ) ) ;
#3000 = CARTESIAN_POINT ( 'NONE',  ( 0.4984648550483892770, -2.317215210601400344, 5.075889215912913421 ) ) ;
#3001 = CARTESIAN_POINT ( 'NONE',  ( 3.000000000000009326, -9.663995296166853972E-15, -10.25000000000000000 ) ) ;
#3002 = CARTESIAN_POINT ( 'NONE',  ( 0.9736010864139278409, 2.350480947161670997, 0.4375000000000003331 ) ) ;
#3003 = CARTESIAN_POINT ( 'NONE',  ( 0.9736010864139258425, -2.350480947161690537, 3.062500000000001776 ) ) ;
#3004 = AXIS2_PLACEMENT_3D ( 'NONE', #5189, #1358, #1862 ) ;
#3005 = CARTESIAN_POINT ( 'NONE',  ( -2.121320343559648602, 2.121320343559640165, 3.125000000000000444 ) ) ;
#3006 = CARTESIAN_POINT ( 'NONE',  ( 2.350480947161680323, -9.544680581810301090E-15, 1.250000000000001110 ) ) ;
#3007 = CARTESIAN_POINT ( 'NONE',  ( 0.000000000000000000, -2.818925648462311528E-15, -13.00000000000000178 ) ) ;
#3008 = CARTESIAN_POINT ( 'NONE',  ( -0.9736010864139266197, -2.350480947161689649, -7.937500000000000888 ) ) ;
#3009 =( BOUNDED_CURVE ( )  B_SPLINE_CURVE ( 2, ( #2693, #3108, #2218, #506, #558, #4397, #4343, #3506, #5295 ),
 .UNSPECIFIED., .F., .F. ) 
 B_SPLINE_CURVE_WITH_KNOTS ( ( 3, 2, 2, 2, 3 ),
 ( 0.5595238095238095344, 0.5654761904761904656, 0.5714285714285713969, 0.5773809523809523281, 0.5833333333333332593 ),
 .UNSPECIFIED. ) 
 CURVE ( )  GEOMETRIC_REPRESENTATION_ITEM ( )  RATIONAL_B_SPLINE_CURVE ( ( 1.000000000000000000, 0.9238795325112866275, 1.000000000000000000, 0.9238795325112866275, 1.000000000000000000, 0.9238795325112866275, 1.000000000000000000, 0.9238795325112866275, 1.000000000000000000 ) ) 
 REPRESENTATION_ITEM ( '' )  );
#3010 = CARTESIAN_POINT ( 'NONE',  ( 1.265060653844736649, -3.054126587736549769, -6.343750000000002665 ) ) ;
#3011 = CARTESIAN_POINT ( 'NONE',  ( -1.662041016787803249, 1.662041016787794367, -9.375000000000000000 ) ) ;
#3012 = CARTESIAN_POINT ( 'NONE',  ( -2.350480947161680323, 0.9736010864139172938, -7.312500000000000000 ) ) ;
#3013 = CARTESIAN_POINT ( 'NONE',  ( 3.000000000000008882, -1.242640687119300091, 3.812500000000002220 ) ) ;
#3014 = CARTESIAN_POINT ( 'NONE',  ( 0.9736010864139278409, 2.350480947161670997, -12.43750000000000000 ) ) ;
#3015 = CARTESIAN_POINT ( 'NONE',  ( 1.662041016787803693, 1.662041016787793923, -5.625000000000000000 ) ) ;
#3016 = PERSON_AND_ORGANIZATION ( #519, #830 ) ;
#3017 = CARTESIAN_POINT ( 'NONE',  ( -0.9736010864139266197, -2.350480947161689649, 0.06250000000000005551 ) ) ;
#3018 = LINE ( 'NONE', #466, #924 ) ;
#3019 = CARTESIAN_POINT ( 'NONE',  ( -3.673940397442071701E-16, -3.000000000000018652, -1.374999999999999556 ) ) ;
#3020 = EDGE_LOOP ( 'NONE', ( #4091, #2165, #4578, #137 ) ) ;
#3021 = CARTESIAN_POINT ( 'NONE',  ( -1.265060653844737315, 3.054126587736530674, -1.906249999999998668 ) ) ;
#3022 = ORIENTED_EDGE ( 'NONE', *, *, #121, .T. ) ;
#3023 = CARTESIAN_POINT ( 'NONE',  ( -1.242640687119289655, -3.000000000000018652, -7.562499999999999112 ) ) ;
#3024 = CARTESIAN_POINT ( 'NONE',  ( -3.000000000000009770, -8.929207216678438350E-15, -0.6250000000000006661 ) ) ;
#3025 = ADVANCED_FACE ( 'NONE', ( #4201, #3283 ), #307, .T. ) ;
#3026 = FACE_OUTER_BOUND ( 'NONE', #1821, .T. ) ;
#3027 = CARTESIAN_POINT ( 'NONE',  ( 2.350480947161680323, -0.9736010864139368337, 2.187500000000000444 ) ) ;
#3028 = CARTESIAN_POINT ( 'NONE',  ( 0.9736010864139258425, -2.350480947161690537, 4.062500000000001776 ) ) ;
#3029 = CARTESIAN_POINT ( 'NONE',  ( 2.999999999999999556, 1.242640687119289877, -2.187499999999998224 ) ) ;
#3030 = CARTESIAN_POINT ( 'NONE',  ( 0.9736010864139278409, 2.350480947161670997, 0.4375000000000003331 ) ) ;
#3031 = CARTESIAN_POINT ( 'NONE',  ( 2.927063171013183140, 0.1926621273739562712, -12.07293682898572840 ) ) ;
#3032 = CARTESIAN_POINT ( 'NONE',  ( 3.054126587736538667, -1.265060653844748195, -8.218750000000001776 ) ) ;
#3033 = CARTESIAN_POINT ( 'NONE',  ( 0.000000000000000000, 2.350480947161671441, -10.49999999999999822 ) ) ;
#3034 = CARTESIAN_POINT ( 'NONE',  ( -2.350480947161680323, -8.968978788130623169E-15, -7.249999999999999112 ) ) ;
#3035 = CARTESIAN_POINT ( 'NONE',  ( 0.9736010864139279519, 2.350480947161670997, 0.5625000000000004441 ) ) ;
#3036 = CARTESIAN_POINT ( 'NONE',  ( -3.000000000000009326, -8.929207216678438350E-15, -4.749999999999999112 ) ) ;
#3037 = CARTESIAN_POINT ( 'NONE',  ( 1.265060653844736427, -3.054126587736549769, 7.593750000000003553 ) ) ;
#3038 = CARTESIAN_POINT ( 'NONE',  ( 0.9736010864139278409, 2.350480947161670997, -5.562500000000000000 ) ) ;
#3039 = CALENDAR_DATE ( 2026, 5, 2 ) ;
#3040 = EDGE_CURVE ( 'NONE', #500, #5469, #2021, .T. ) ;
#3041 = CARTESIAN_POINT ( 'NONE',  ( -1.662041016787803471, -1.662041016787812353, -2.000000000000000000 ) ) ;
#3042 = CARTESIAN_POINT ( 'NONE',  ( -3.000000000000003109, -2.818925648462311528E-15, -13.00000000000000178 ) ) ;
#3043 = CARTESIAN_POINT ( 'NONE',  ( -2.499999999999997780, 1.443375672974062551, 12.82552006691257240 ) ) ;
#3044 = CARTESIAN_POINT ( 'NONE',  ( 3.000000000000003109, -9.474692288622442690E-15, 6.860428147091738538 ) ) ;
#3045 = ORIENTED_EDGE ( 'NONE', *, *, #5200, .F. ) ;
#3046 = CARTESIAN_POINT ( 'NONE',  ( 1.265060653844739091, 3.054126587736529341, -2.031249999999996447 ) ) ;
#3047 = VERTEX_POINT ( 'NONE', #5041 ) ;
#3048 = CARTESIAN_POINT ( 'NONE',  ( 1.795193239367458560, -1.975534914798462882, 5.936815849856524885 ) ) ;
#3049 = CARTESIAN_POINT ( 'NONE',  ( -3.000000000000003109, -2.818925648462311528E-15, -13.00000000000000178 ) ) ;
#3050 = CARTESIAN_POINT ( 'NONE',  ( 0.000000000000000000, 3.054126587736530229, -12.96874999999999822 ) ) ;
#3051 = CARTESIAN_POINT ( 'NONE',  ( -3.000000000000009770, -8.929207216678438350E-15, -10.62500000000000000 ) ) ;
#3052 = CARTESIAN_POINT ( 'NONE',  ( 2.350480947161680323, 0.9736010864139177379, 0.3125000000000002776 ) ) ;
#3053 = CYLINDRICAL_SURFACE ( 'NONE', #5214, 3.000000000000003109 ) ;
#3054 = CARTESIAN_POINT ( 'NONE',  ( 3.000000000000009326, -9.663995296166853972E-15, 2.750000000000000444 ) ) ;
#3055 = APPROVAL ( #3496, 'UNSPECIFIED' ) ;
#3056 = EDGE_CURVE ( 'NONE', #1634, #1392, #3152, .T. ) ;
#3057 = DIRECTION ( 'NONE',  ( 0.8660254037844385966, 0.5000000000000001110, 0.000000000000000000 ) ) ;
#3058 = CARTESIAN_POINT ( 'NONE',  ( 0.000000000000000000, 2.350480947161671441, 4.500000000000002665 ) ) ;
#3059 = CARTESIAN_POINT ( 'NONE',  ( -3.000000000000009770, -8.929207216678438350E-15, 1.374999999999999556 ) ) ;
#3060 = EDGE_CURVE ( 'NONE', #996, #2240, #2587, .T. ) ;
#3061 = CARTESIAN_POINT ( 'NONE',  ( -2.159593620790638546, 2.159593620790629220, -1.781250000000001554 ) ) ;
#3062 = CARTESIAN_POINT ( 'NONE',  ( -2.878508968398391083E-16, -2.350480947161689649, -12.00000000000000000 ) ) ;
#3063 = CARTESIAN_POINT ( 'NONE',  ( -0.9736010864139263976, 2.350480947161671441, -6.437500000000000000 ) ) ;
#3064 = CARTESIAN_POINT ( 'NONE',  ( 2.350480947161679435, 0.9736010864139177379, 0.4375000000000003886 ) ) ;
#3065 = VECTOR ( 'NONE', #3082, 1000.000000000000000 ) ;
#3066 = CARTESIAN_POINT ( 'NONE',  ( -1.491928521066829605, -2.497482918768421545, 6.594597883359775814 ) ) ;
#3067 =( BOUNDED_CURVE ( )  B_SPLINE_CURVE ( 2, ( #2553, #3475, #4779, #2186, #3019, #2136, #3840, #5177, #1347 ),
 .UNSPECIFIED., .F., .F. ) 
 B_SPLINE_CURVE_WITH_KNOTS ( ( 3, 2, 2, 2, 3 ),
 ( 0.5833333333333332593, 0.5892857142857141906, 0.5952380952380951218, 0.6011904761904761640, 0.6071428571428570953 ),
 .UNSPECIFIED. ) 
 CURVE ( )  GEOMETRIC_REPRESENTATION_ITEM ( )  RATIONAL_B_SPLINE_CURVE ( ( 1.000000000000001332, 0.9238795325112852952, 1.000000000000000000, 0.9238795325112867385, 1.000000000000000000, 0.9238795325112867385, 1.000000000000000000, 0.9238795325112867385, 1.000000000000000000 ) ) 
 REPRESENTATION_ITEM ( '' )  );
#3068 = CARTESIAN_POINT ( 'NONE',  ( 2.159593620790638546, 2.159593620790628776, 7.906250000000003553 ) ) ;
#3069 = CARTESIAN_POINT ( 'NONE',  ( 1.662041016787803249, -1.662041016787812797, -7.875000000000000000 ) ) ;
#3070 = DATE_TIME_ROLE ( 'classification_date' ) ;
#3071 = CARTESIAN_POINT ( 'NONE',  ( 0.9736010864139259535, -2.350480947161690537, -2.812499999999999112 ) ) ;
#3072 = CARTESIAN_POINT ( 'NONE',  ( -2.121320343559649046, -2.121320343559657928, -5.624999999999998224 ) ) ;
#3073 = CARTESIAN_POINT ( 'NONE',  ( 1.242640687119288767, -3.000000000000019540, -1.437499999999999334 ) ) ;
#3074 = AXIS2_PLACEMENT_3D ( 'NONE', #4537, #702, #5409 ) ;
#3075 = ORIENTED_EDGE ( 'NONE', *, *, #4041, .F. ) ;
#3076 = CARTESIAN_POINT ( 'NONE',  ( -3.740226349862381049E-16, -3.054126587736548437, -5.468749999999998224 ) ) ;
#3077 = VERTEX_POINT ( 'NONE', #1322 ) ;
#3078 = CARTESIAN_POINT ( 'NONE',  ( -1.677790193777000782, -1.986822002266991793, 5.746814439485194548 ) ) ;
#3079 = CYLINDRICAL_SURFACE ( 'NONE', #2114, 3.000000000000003109 ) ;
#3080 = CARTESIAN_POINT ( 'NONE',  ( 0.000000000000000000, 3.054126587736530229, -10.96874999999999822 ) ) ;
#3081 = CIRCLE ( 'NONE', #4604, 5.000000000000000000 ) ;
#3082 = DIRECTION ( 'NONE',  ( -0.000000000000000000, -0.000000000000000000, -1.000000000000000000 ) ) ;
#3083 = CARTESIAN_POINT ( 'NONE',  ( -1.662041016787803471, -1.662041016787812353, -0.1250000000000001110 ) ) ;
#3084 = CARTESIAN_POINT ( 'NONE',  ( 2.121320343559649491, -2.121320343559658372, -7.250000000000000000 ) ) ;
#3085 = CARTESIAN_POINT ( 'NONE',  ( 2.350480947161680323, 0.9736010864139177379, 7.437500000000001776 ) ) ;
#3086 = TOROIDAL_SURFACE ( 'NONE', #760, 4.700000000000001066, 0.2999999999999994893 ) ;
#3087 = CARTESIAN_POINT ( 'NONE',  ( 3.000000000000009326, -9.663995296166853972E-15, -2.249999999999998224 ) ) ;
#3088 = CARTESIAN_POINT ( 'NONE',  ( 0.000000000000000000, 2.350480947161671441, 5.500000000000000000 ) ) ;
#3089 = VECTOR ( 'NONE', #823, 1000.000000000000000 ) ;
#3090 = CARTESIAN_POINT ( 'NONE',  ( 0.000000000000000000, 3.054126587736530674, -3.906250000000001776 ) ) ;
#3091 = CARTESIAN_POINT ( 'NONE',  ( -0.9736010864139263976, 2.350480947161671441, -12.43750000000000000 ) ) ;
#3092 = CARTESIAN_POINT ( 'NONE',  ( 0.9736010864139258425, -2.350480947161690537, -5.937500000000000000 ) ) ;
#3093 = CARTESIAN_POINT ( 'NONE',  ( -1.662041016787803249, 1.662041016787794367, 0.7500000000000006661 ) ) ;
#3094 = ORIENTED_EDGE ( 'NONE', *, *, #429, .T. ) ;
#3095 = CARTESIAN_POINT ( 'NONE',  ( -2.853999006098971503, -4.968020732128231866E-14, 6.459293713130719539 ) ) ;
#3096 = EDGE_CURVE ( 'NONE', #4421, #2581, #1384, .T. ) ;
#3097 = CARTESIAN_POINT ( 'NONE',  ( -2.878508968398391083E-16, -2.350480947161689649, -10.87500000000000000 ) ) ;
#3098 = APPROVAL_STATUS ( 'not_yet_approved' ) ;
#3099 = CARTESIAN_POINT ( 'NONE',  ( -2.350480947161680323, -8.968978788130623169E-15, 3.875000000000001776 ) ) ;
#3100 = CARTESIAN_POINT ( 'NONE',  ( 0.000000000000000000, -2.818925648462311528E-15, -13.00000000000000178 ) ) ;
#3101 = CARTESIAN_POINT ( 'NONE',  ( 0.000000000000000000, 2.350480947161671441, -11.37500000000000000 ) ) ;
#3102 = DIRECTION ( 'NONE',  ( -0.7071067811865484609, 8.659560562354943952E-17, 0.7071067811865465735 ) ) ;
#3103 = ORIENTED_EDGE ( 'NONE', *, *, #665, .F. ) ;
#3104 = CARTESIAN_POINT ( 'NONE',  ( -2.159593620790638546, -2.159593620790646984, -4.593749999999997335 ) ) ;
#3105 = ORIENTED_EDGE ( 'NONE', *, *, #18, .F. ) ;
#3106 = CARTESIAN_POINT ( 'NONE',  ( -2.220951936193649168, -1.322318191732480663, 5.704052196894553006 ) ) ;
#3107 = CARTESIAN_POINT ( 'NONE',  ( 2.436913217598396297, 1.235567432283977141, 6.108119708756061250 ) ) ;
#3108 = CARTESIAN_POINT ( 'NONE',  ( -3.000000000000008438, 1.242640687119280329, -3.812499999999999556 ) ) ;
#3109 = CARTESIAN_POINT ( 'NONE',  ( 1.662041016787803249, -1.662041016787812797, -5.750000000000000000 ) ) ;
#3110 = DIRECTION ( 'NONE',  ( -0.000000000000000000, -0.000000000000000000, -1.000000000000000000 ) ) ;
#3111 = CARTESIAN_POINT ( 'NONE',  ( 0.9736010864139259535, -2.350480947161690537, 0.06250000000000005551 ) ) ;
#3112 = CARTESIAN_POINT ( 'NONE',  ( -2.350480947161680323, -8.968978788130623169E-15, 6.875000000000000888 ) ) ;
#3113 = CARTESIAN_POINT ( 'NONE',  ( 2.402847806557667276, 1.962557990636107839E-13, 5.219765979631124431 ) ) ;
#3114 = CARTESIAN_POINT ( 'NONE',  ( 1.662041016787803693, 1.662041016787793923, 7.375000000000001776 ) ) ;
#3115 = DIRECTION ( 'NONE',  ( -1.000000000000000000, 0.000000000000000000, 0.000000000000000000 ) ) ;
#3116 = CARTESIAN_POINT ( 'NONE',  ( 2.159593620790638990, 2.159593620790628776, -1.031250000000000888 ) ) ;
#3117 = CARTESIAN_POINT ( 'NONE',  ( 2.350480947161680323, -0.9736010864139368337, -11.81249999999999822 ) ) ;
#3118 = CARTESIAN_POINT ( 'NONE',  ( -2.878508968398391083E-16, -2.350480947161689649, -4.000000000000000000 ) ) ;
#3119 = CARTESIAN_POINT ( 'NONE',  ( -1.662041016787803471, -1.662041016787812353, 0.000000000000000000 ) ) ;
#3120 =( BOUNDED_CURVE ( )  B_SPLINE_CURVE ( 2, ( #5052, #4630, #4289, #794, #376, #2092, #3794, #1674, #1248 ),
 .UNSPECIFIED., .F., .T. ) 
 B_SPLINE_CURVE_WITH_KNOTS ( ( 3, 2, 2, 2, 3 ),
 ( 0.9166666666666666297, 0.9226190476190476719, 0.9285714285714286031, 0.9345238095238095344, 0.9404761904761904656 ),
 .UNSPECIFIED. ) 
 CURVE ( )  GEOMETRIC_REPRESENTATION_ITEM ( )  RATIONAL_B_SPLINE_CURVE ( ( 1.000000000000000000, 0.9238795325112867385, 1.000000000000000000, 0.9238795325112867385, 1.000000000000000000, 0.9238795325112867385, 1.000000000000000000, 0.9238795325112867385, 1.000000000000000000 ) ) 
 REPRESENTATION_ITEM ( '' )  );
#3121 = ORIENTED_EDGE ( 'NONE', *, *, #4565, .T. ) ;
#3122 = CARTESIAN_POINT ( 'NONE',  ( -2.121320343559649046, -2.121320343559657928, -4.624999999999999112 ) ) ;
#3123 = CARTESIAN_POINT ( 'NONE',  ( -0.9736010864139266197, -2.350480947161689649, -9.937499999999998224 ) ) ;
#3124 = EDGE_CURVE ( 'NONE', #2187, #4419, #689, .T. ) ;
#3125 = CARTESIAN_POINT ( 'NONE',  ( 1.662041016787803693, 1.662041016787793923, 1.500000000000001332 ) ) ;
#3126 = DIRECTION ( 'NONE',  ( -0.000000000000000000, -0.000000000000000000, -1.000000000000000000 ) ) ;
#3127 = CARTESIAN_POINT ( 'NONE',  ( 1.242640687119288767, -3.000000000000019540, 4.687500000000000000 ) ) ;
#3128 = CYLINDRICAL_SURFACE ( 'NONE', #752, 3.000000000000003109 ) ;
#3129 = ORIENTED_EDGE ( 'NONE', *, *, #3221, .F. ) ;
#3130 = CARTESIAN_POINT ( 'NONE',  ( 3.054126587736538223, -1.265060653844747973, 0.7187500000000023315 ) ) ;
#3131 = ORIENTED_EDGE ( 'NONE', *, *, #5394, .T. ) ;
#3132 = CARTESIAN_POINT ( 'NONE',  ( 0.7403050257642224130, 2.355333740611714077, 5.386628011483807654 ) ) ;
#3133 = CARTESIAN_POINT ( 'NONE',  ( 1.265060653844739091, 3.054126587736529341, -11.03124999999999645 ) ) ;
#3134 = CARTESIAN_POINT ( 'NONE',  ( 2.350480947161680323, -9.544680581810301090E-15, -2.624999999999998668 ) ) ;
#3135 = CARTESIAN_POINT ( 'NONE',  ( -4.700000000000000178, -2.818925648462311528E-15, 7.000000000000002665 ) ) ;
#3136 = CARTESIAN_POINT ( 'NONE',  ( 2.350480947161680323, -0.9736010864139368337, 5.187500000000000888 ) ) ;
#3137 = CYLINDRICAL_SURFACE ( 'NONE', #4763, 3.000000000000003109 ) ;
#3138 = PLANE ( 'NONE',  #2636 ) ;
#3139 = CARTESIAN_POINT ( 'NONE',  ( -1.242640687119289655, -3.000000000000019096, -9.437500000000000000 ) ) ;
#3140 = CARTESIAN_POINT ( 'NONE',  ( -0.9736010864139263976, 2.350480947161671441, 6.562500000000000888 ) ) ;
#3141 = CARTESIAN_POINT ( 'NONE',  ( 0.000000000000000000, 0.000000000000000000, 13.00000000000000178 ) ) ;
#3142 = ORIENTED_EDGE ( 'NONE', *, *, #2412, .T. ) ;
#3143 = CARTESIAN_POINT ( 'NONE',  ( 2.159593620790638546, -2.159593620790647872, -3.281250000000001332 ) ) ;
#3144 = CARTESIAN_POINT ( 'NONE',  ( -2.350480947161680323, -8.968978788130623169E-15, -6.249999999999999112 ) ) ;
#3145 = CARTESIAN_POINT ( 'NONE',  ( 1.662041016787803249, -1.662041016787812797, -3.875000000000000000 ) ) ;
#3146 = CARTESIAN_POINT ( 'NONE',  ( -2.350480947161680323, -8.968978788130623169E-15, 0.8750000000000007772 ) ) ;
#3147 = CARTESIAN_POINT ( 'NONE',  ( -2.350480947161680323, -8.968978788130623169E-15, -1.124999999999999334 ) ) ;
#3148 = EDGE_CURVE ( 'NONE', #275, #1210, #2602, .T. ) ;
#3149 = VERTEX_POINT ( 'NONE', #4306 ) ;
#3150 = CARTESIAN_POINT ( 'NONE',  ( -2.999999999999991118, -1.242640687119315634, -4.687499999999997335 ) ) ;
#3151 = EDGE_CURVE ( 'NONE', #2470, #1852, #3936, .T. ) ;
#3152 =( BOUNDED_CURVE ( )  B_SPLINE_CURVE ( 2, ( #4172, #337, #2050, #1208, #3783, #2912, #3916, #420, #1793 ),
 .UNSPECIFIED., .F., .F. ) 
 B_SPLINE_CURVE_WITH_KNOTS ( ( 3, 2, 2, 2, 3 ),
 ( 0.6071428571428570953, 0.6130952380952381375, 0.6190476190476190688, 0.6250000000000000000, 0.6309523809523809312 ),
 .UNSPECIFIED. ) 
 CURVE ( )  GEOMETRIC_REPRESENTATION_ITEM ( )  RATIONAL_B_SPLINE_CURVE ( ( 1.000000000000000000, 0.9238795325112867385, 1.000000000000000000, 0.9238795325112867385, 1.000000000000000000, 0.9238795325112867385, 1.000000000000000000, 0.9238795325112867385, 1.000000000000000000 ) ) 
 REPRESENTATION_ITEM ( '' )  );
#3153 = CARTESIAN_POINT ( 'NONE',  ( 0.9736010864139259535, -2.350480947161690537, -7.812500000000000000 ) ) ;
#3154 = VECTOR ( 'NONE', #1943, 1000.000000000000000 ) ;
#3155 = CARTESIAN_POINT ( 'NONE',  ( -2.878508968398391083E-16, -2.350480947161689649, 4.125000000000001776 ) ) ;
#3156 = CARTESIAN_POINT ( 'NONE',  ( 2.350480947161679435, -0.9736010864139368337, -11.81250000000000000 ) ) ;
#3157 = CARTESIAN_POINT ( 'NONE',  ( -2.367841633418349190, -1.427696401314680896, 6.197696542065679992 ) ) ;
#3158 = DIRECTION ( 'NONE',  ( -0.000000000000000000, -0.000000000000000000, -1.000000000000000000 ) ) ;
#3159 = ORIENTED_EDGE ( 'NONE', *, *, #3161, .T. ) ;
#3160 = CARTESIAN_POINT ( 'NONE',  ( -2.159593620790638102, 2.159593620790629220, 0.1562500000000018874 ) ) ;
#3161 = EDGE_CURVE ( 'NONE', #4235, #3557, #1187, .T. ) ;
#3162 = ORIENTED_EDGE ( 'NONE', *, *, #4790, .T. ) ;
#3163 = CARTESIAN_POINT ( 'NONE',  ( -1.299951640234366712, 2.146588416641881381, 5.498465232657480328 ) ) ;
#3164 = CARTESIAN_POINT ( 'NONE',  ( -3.054126587736539111, -1.265060653844746197, -12.65624999999999645 ) ) ;
#3165 = CARTESIAN_POINT ( 'NONE',  ( -0.9736010864139266197, -2.350480947161689649, -3.937500000000000000 ) ) ;
#3166 = DIRECTION ( 'NONE',  ( -0.000000000000000000, -0.000000000000000000, -1.000000000000000000 ) ) ;
#3167 = CARTESIAN_POINT ( 'NONE',  ( 0.000000000000000000, 2.350480947161671441, 6.500000000000000888 ) ) ;
#3168 = CARTESIAN_POINT ( 'NONE',  ( 3.000000000000009326, -9.663995296166853972E-15, -8.249999999999998224 ) ) ;
#3169 = DIRECTION ( 'NONE',  ( 1.000000000000000000, 0.000000000000000000, 0.000000000000000000 ) ) ;
#3170 = EDGE_LOOP ( 'NONE', ( #4862, #85 ) ) ;
#3171 = CARTESIAN_POINT ( 'NONE',  ( -2.499999999999998224, 0.9735299394903579318, 12.70202970276390353 ) ) ;
#3172 = CARTESIAN_POINT ( 'NONE',  ( -2.878508968398391083E-16, -2.350480947161689649, 6.000000000000000000 ) ) ;
#3173 = CARTESIAN_POINT ( 'NONE',  ( 3.000000000000009326, -9.663995296166853972E-15, -7.249999999999999112 ) ) ;
#3174 = ORIENTED_EDGE ( 'NONE', *, *, #2522, .F. ) ;
#3175 = CARTESIAN_POINT ( 'NONE',  ( -1.265060653844737759, -3.054126587736549769, -3.468750000000002220 ) ) ;
#3176 = CARTESIAN_POINT ( 'NONE',  ( -2.350480947161680767, 0.9736010864139172938, -5.312499999999999112 ) ) ;
#3177 = CARTESIAN_POINT ( 'NONE',  ( 2.350480947161680323, -9.544680581810301090E-15, -3.750000000000000000 ) ) ;
#3178 = AXIS2_PLACEMENT_3D ( 'NONE', #763, #1527, #2001 ) ;
#3179 = CARTESIAN_POINT ( 'NONE',  ( 0.000000000000000000, 2.350480947161671441, -2.375000000000000444 ) ) ;
#3180 = CARTESIAN_POINT ( 'NONE',  ( -1.662041016787803249, 1.662041016787794367, 3.750000000000001776 ) ) ;
#3181 = CARTESIAN_POINT ( 'NONE',  ( 0.000000000000000000, 2.350480947161671441, -5.500000000000000000 ) ) ;
#3182 = ORIENTED_EDGE ( 'NONE', *, *, #995, .T. ) ;
#3183 = CARTESIAN_POINT ( 'NONE',  ( 1.662041016787803249, -1.662041016787812797, -12.75000000000000000 ) ) ;
#3184 = CARTESIAN_POINT ( 'NONE',  ( 2.350480947161680323, -0.9736010864139368337, -10.68749999999999822 ) ) ;
#3185 =( BOUNDED_CURVE ( )  B_SPLINE_CURVE ( 2, ( #4563, #2020, #2438, #1123, #1914, #3618, #700, #1547, #3646 ),
 .UNSPECIFIED., .F., .F. ) 
 B_SPLINE_CURVE_WITH_KNOTS ( ( 3, 2, 2, 2, 3 ),
 ( 0.5119047619047618625, 0.5178571428571427937, 0.5238095238095239470, 0.5297619047619048782, 0.5357142857142858094 ),
 .UNSPECIFIED. ) 
 CURVE ( )  GEOMETRIC_REPRESENTATION_ITEM ( )  RATIONAL_B_SPLINE_CURVE ( ( 1.000000000000000000, 0.9238795325112866275, 1.000000000000000000, 0.9238795325112866275, 1.000000000000000000, 0.9238795325112866275, 1.000000000000000000, 0.9238795325112851842, 1.000000000000001332 ) ) 
 REPRESENTATION_ITEM ( '' )  );
#3186 = CARTESIAN_POINT ( 'NONE',  ( -1.662041016787803249, 1.662041016787794367, -12.37500000000000000 ) ) ;
#3187 = CARTESIAN_POINT ( 'NONE',  ( 1.662041016787803693, 1.662041016787793923, -12.49999999999999822 ) ) ;
#3188 = CARTESIAN_POINT ( 'NONE',  ( 2.047990124462040207, 1.179673592031207141, -12.64951905283832723 ) ) ;
#3189 = ORIENTED_EDGE ( 'NONE', *, *, #4386, .T. ) ;
#3190 = CARTESIAN_POINT ( 'NONE',  ( 1.265060653844739091, 3.054126587736529341, 0.9687500000000025535 ) ) ;
#3191 = EDGE_LOOP ( 'NONE', ( #2743, #2283, #1373, #3992 ) ) ;
#3192 = CARTESIAN_POINT ( 'NONE',  ( -1.662041016787803471, -1.662041016787812353, -13.12500000000000000 ) ) ;
#3193 = CARTESIAN_POINT ( 'NONE',  ( -3.054126587736539111, 1.265060653844728433, -9.781249999999998224 ) ) ;
#3194 = CARTESIAN_POINT ( 'NONE',  ( -2.350480947161680323, -8.968978788130623169E-15, -4.125000000000000000 ) ) ;
#3195 = CARTESIAN_POINT ( 'NONE',  ( -2.121320343559649491, 2.121320343559640165, 0.2500000000000001110 ) ) ;
#3196 = CARTESIAN_POINT ( 'NONE',  ( 0.9736010864139259535, -2.350480947161690537, 7.062500000000000888 ) ) ;
#3197 = CARTESIAN_POINT ( 'NONE',  ( 2.121320343559649046, 2.121320343559639277, 4.875000000000002665 ) ) ;
#3198 = ORIENTED_EDGE ( 'NONE', *, *, #995, .F. ) ;
#3199 = B_SPLINE_CURVE_WITH_KNOTS ( 'NONE', 3,
 ( #4556, #2794, #4916, #5002 ),
 .UNSPECIFIED., .F., .F.,
 ( 4, 4 ),
 ( 0.001481395807469138362, 0.001853231528586655021 ),
 .UNSPECIFIED. ) ;
#3200 = CARTESIAN_POINT ( 'NONE',  ( 3.000000000000003109, -2.451531608718105295E-15, -13.00000000000000178 ) ) ;
#3201 = EDGE_CURVE ( 'NONE', #1970, #4383, #3763, .T. ) ;
#3202 = CARTESIAN_POINT ( 'NONE',  ( -3.740226349862381542E-16, -3.054126587736548881, -11.40625000000000178 ) ) ;
#3203 = CARTESIAN_POINT ( 'NONE',  ( 3.000000000000008438, 1.242640687119280773, -11.18750000000000178 ) ) ;
#3204 = ORIENTED_EDGE ( 'NONE', *, *, #1837, .T. ) ;
#3205 = CARTESIAN_POINT ( 'NONE',  ( -2.159593620790638546, 2.159593620790629220, 2.218749999999998668 ) ) ;
#3206 = CARTESIAN_POINT ( 'NONE',  ( 1.662041016787803249, -1.662041016787812797, -6.875000000000000000 ) ) ;
#3207 = CARTESIAN_POINT ( 'NONE',  ( -1.662041016787803471, -1.662041016787812353, -1.124999999999999334 ) ) ;
#3208 = CARTESIAN_POINT ( 'NONE',  ( -1.662041016787803249, 1.662041016787794367, -0.2500000000000002220 ) ) ;
#3209 = CARTESIAN_POINT ( 'NONE',  ( 0.9736010864139279519, 2.350480947161670997, 4.562500000000002665 ) ) ;
#3210 = CARTESIAN_POINT ( 'NONE',  ( -2.878508968398391083E-16, -2.350480947161689649, -4.000000000000000000 ) ) ;
#3211 = ORIENTED_EDGE ( 'NONE', *, *, #1585, .F. ) ;
#3212 = CARTESIAN_POINT ( 'NONE',  ( 1.662041016787803693, 1.662041016787793923, -12.49999999999999822 ) ) ;
#3213 = CARTESIAN_POINT ( 'NONE',  ( 0.9736010864139259535, -2.350480947161690537, -8.812500000000000000 ) ) ;
#3214 = CARTESIAN_POINT ( 'NONE',  ( 0.000000000000000000, 3.000000000000000444, -2.875000000000000888 ) ) ;
#3215 = CARTESIAN_POINT ( 'NONE',  ( -0.9736010864139266197, -2.350480947161689649, -10.06250000000000000 ) ) ;
#3216 = CARTESIAN_POINT ( 'NONE',  ( -2.643605501806157942, -0.7381966069260345042, 6.141860702146337836 ) ) ;
#3217 = CARTESIAN_POINT ( 'NONE',  ( 3.000000000000017319, 1.242640687119271670, -11.06250000000000178 ) ) ;
#3218 = CARTESIAN_POINT ( 'NONE',  ( 3.054126587736538223, -1.265060653844747973, 1.718750000000003553 ) ) ;
#3219 = ORIENTED_EDGE ( 'NONE', *, *, #1596, .T. ) ;
#3220 = CARTESIAN_POINT ( 'NONE',  ( -0.9736010864139266197, -2.350480947161689649, -12.06250000000000000 ) ) ;
#3221 = EDGE_CURVE ( 'NONE', #2189, #1742, #4695, .T. ) ;
#3222 =( BOUNDED_SURFACE ( )  B_SPLINE_SURFACE ( 1, 2, ( 
 ( #605, #4129, #2318, #4077, #5315, #1481, #3687, #1088, #4551, #215, #3183, #4884, #1056, #2765, #3212, #242, #1957, #5368, #1536, #3241, #4939, #742, #15, #2956, #1166, #3352, #5111, #1279, #3408, #2098, #3830, #436, #855, #4665, #3741, #2899, #3770, #410, #2542, #1648, #5537, #4690, #1195, #3324, #4216, #3854, #3799, #4999, #2568, #2456, #773, #352, #1704, #2981, #825, #4188, #4270, #5481, #381, #2486, #5511, #2873, #4246, #5085, #5057, #2151, #2067, #1253, #1730, #4635, #4160, #1226, #4579, #2928, #799, #324, #2127, #2037, #5452, #1680, #1619, #5028, #2514, #3382, #4608, #3436, #883, #3008, #4716, #1307, #5139, #3250, #2467, #1206, #5463, #2048, #3364, #4140, #1176, #1630, #4562, #5493, #5011, #4199, #3751, #5435, #2496, #4950, #2882, #1149, #1992, #3696, #5068, #1122, #2829, #809, #724, #1659, #2019, #2855, #4589, #1235, #277, #2939, #4647, #2910, #1546, #4087, #1966, #3723, #305, #3334, #4534, #363, #253, #2437, #782, #699, #4170, #4618, #2409, #1602, #4111, #3671, #335, #5406, #753, #1573, #3308, #5039, #2079, #3281, #4981, #5379, #3781, #836, #2576, #4304, #4751, #391, #465, #3914, #4673, #2183, #2550, #918, #3889, #2963, #2990, #3071, #49, #1369, #1766, #2158, #22, #418, #78, #4252, #4777, #2626, #3472, #2209, #3041, #1344, #5121, #1713, #1791, #3861, #2133, #5174, #4333, #442, #496, #3497, #4699, #5201, #2525, #3837, #5543, #1738, #4229, #5152, #2106, #3813, #5520, #3416, #1287, #1688, #3390, #5094, #865, #1263, #4277, #3448, #1320, #3017, #4726, #891, #2600, #5258, #3713, #3551, #2739, #5426, #580, #104, #4828, #716, #999, #2709, #4972, #2320, #2846, #2656, #3580, #1487, #4022, #1426, #3125, #2293, #3524, #1139, #4415, #3995, #3967, #3269, #2683, #4443, #549, #2236, #188, #4552, #1904, #1848, #4387, #3299, #2428, #1593, #159, #4130, #2011, #608, #1875, #3607, #2264, #5317, #295, #949, #4362, #523, #133, #5287, #3939, #1817, #5233, #1399, #3099, #4804, #976, #1455, #3155, #4856, #1029, #3410, #2100, #3832, #438, #858, #2958, #3742, #2900, #3772, #1281, #743, #2984, #5453, #2457, #17, #4667, #1167, #3354, #5113, #4692, #2570, #3802, #5539, #2153, #4272, #828, #1620, #4609, #5483, #3856, #1706, #2544, #3325, #1650, #1732, #4248, #5000, #1256, #4639, #2516, #774, #2874, #1196, #4580, #4162, #412, #327, #2038, #5029, #2069, #4190, #2488, #801, #353 ),
 ( #5060, #5514, #1228, #2930, #4219, #383, #1682, #3384, #5087, #2129, #2619, #5251, #2202, #4352, #910, #3932, #5142, #3091, #3517, #3907, #571, #485, #5222, #2285, #3062, #2594, #1784, #3117, #3490, #5193, #1839, #4796, #1419, #1310, #516, #3958, #968, #67, #1362, #4769, #460, #3544, #938, #2646, #4323, #125, #5169, #1388, #3033, #4718, #2676, #4821, #4379, #2227, #1338, #153, #992, #3989, #97, #2703, #4408, #543, #1810, #2256, #4744, #3438, #3011, #885, #4297, #2177, #3880, #41, #1759, #3466, #684, #2393, #5362, #1050, #3680, #627, #2786, #4878, #2365, #3570, #1529, #1951, #2340, #4545, #4463, #3656, #709, #1507, #1020, #208, #1556, #1924, #3627, #263, #3233, #5388, #5278, #4489, #4096, #4933, #4042, #5338, #3206, #4436, #1976, #4907, #1079, #2759, #3261, #3599, #1105, #1476, #3144, #2812, #4963, #4517, #654, #5309, #4123, #1132, #2420, #4069, #2839, #1867, #1448, #236, #4847, #3176, #2731, #600, #2312, #4014, #180, #1895, #3764, #5079, #1586, #2119, #4573, #3292, #848, #3793, #2003, #4182, #403, #3824, #4240, #2921, #4659, #1273, #1698, #5505, #736, #3735, #4600, #5530, #2536, #1673, #2449, #765, #2562, #3375, #4684, #2091, #5475, #3346, #5446, #3402, #2031, #287, #5105, #1247, #2974, #820, #3705, #2893, #5022, #5417, #1641, #1160, #5051, #2950, #4993, #2867, #4152, #2480, #317, #346, #1613, #3318, #1189, #2060, #4629, #1218, #793, #2508, #4210, #375, #3509, #60, #477, #5133, #3429, #3483, #1777, #1723, #877, #2668, #2220, #5186, #3083, #1299, #960, #3111, #4372, #1356, #430, #3052, #4788, #3002, #2638, #1380, #90, #3925, #3536, #4315, #4761, #1803, #4737, #116, #930, #536, #5212, #4345, #2248, #4710, #508, #1331, #2170, #3872, #5245, #2588, #4288, #985, #902, #1829, #2193, #3027, #3950, #1411, #453, #4815, #4264, #2144, #34, #3848, #9, #3901, #1751, #3459, #5162, #2611, #5381, #1040, #4925, #3563, #2778, #5354, #5271, #1467, #4840, #255, #4480, #1011, #4896, #1439, #619, #1915, #645, #2723, #1860, #2696, #4400, #4427, #2750, #2358, #1098, #562, #4061, #1069, #1499, #4870, #4509, #4454, #1968, #3136, #2386, #5298, #2304, #4006, #676, #170, #228, #3673, #1944, #2331, #1522, #3647, #1548, #4033, #3225, #2277, #591, #2804, #1886, #4089, #3167, #3591, #199, #3980, #3252, #4952, #145, #3619, #5330, #3196, #5465, #3725, #4564, #726, #393, #279, #3697 ) ),
 .UNSPECIFIED., .F., .F., .F. ) 
 B_SPLINE_SURFACE_WITH_KNOTS ( ( 2, 2 ),
 ( 3, 2, 2, 2, 2, 2, 2, 2, 2, 2, 2, 2, 2, 2, 2, 2, 2, 2, 2, 2, 2, 2, 2, 2, 2, 2, 2, 2, 2, 2, 2, 2, 2, 2, 2, 2, 2, 2, 2, 2, 2, 2, 2, 2, 2, 2, 2, 2, 2, 2, 2, 2, 2, 2, 2, 2, 2, 2, 2, 2, 2, 2, 2, 2, 2, 2, 2, 2, 2, 2, 2, 2, 2, 2, 2, 2, 2, 2, 2, 2, 2, 2, 2, 2, 2, 2, 2, 2, 2, 2, 2, 2, 2, 2, 2, 2, 2, 2, 2, 2, 2, 2, 2, 2, 2, 2, 2, 2, 2, 2, 2, 2, 2, 2, 2, 2, 2, 2, 2, 2, 2, 2, 2, 2, 2, 2, 2, 2, 2, 2, 2, 2, 2, 2, 2, 2, 2, 2, 2, 2, 2, 2, 2, 2, 2, 2, 2, 2, 2, 2, 2, 2, 2, 2, 2, 2, 2, 2, 2, 2, 2, 2, 2, 2, 2, 2, 2, 2, 3 ),
 ( 0.000000000000000000, 1.000000000000000000 ),
 ( 0.000000000000000000, 0.005952380952380952051, 0.01190476190476190410, 0.01785714285714285615, 0.02380952380952380820, 0.02976190476190476025, 0.03571428571428571230, 0.04166666666666666435, 0.04761904761904761640, 0.05357142857142856845, 0.05952380952380952051, 0.06547619047619047949, 0.07142857142857142461, 0.07738095238095238360, 0.08333333333333332871, 0.08928571428571428770, 0.09523809523809523281, 0.1011904761904761918, 0.1071428571428571369, 0.1130952380952380959, 0.1190476190476190410, 0.1250000000000000000, 0.1309523809523809590, 0.1369047619047619180, 0.1428571428571428492, 0.1488095238095238082, 0.1547619047619047672, 0.1607142857142857262, 0.1666666666666666574, 0.1726190476190476164, 0.1785714285714285754, 0.1845238095238095344, 0.1904761904761904656, 0.1964285714285714246, 0.2023809523809523836, 0.2083333333333333426, 0.2142857142857142738, 0.2202380952380952328, 0.2261904761904761918, 0.2321428571428571508, 0.2380952380952380820, 0.2440476190476190410, 0.2500000000000000000, 0.2559523809523809312, 0.2619047619047619180, 0.2678571428571428492, 0.2738095238095238360, 0.2797619047619047672, 0.2857142857142856984, 0.2916666666666666852, 0.2976190476190476164, 0.3035714285714285476, 0.3095238095238095344, 0.3154761904761904656, 0.3214285714285714524, 0.3273809523809523836, 0.3333333333333333148, 0.3392857142857143016, 0.3452380952380952328, 0.3511904761904761640, 0.3571428571428571508, 0.3630952380952380820, 0.3690476190476190688, 0.3750000000000000000, 0.3809523809523809312, 0.3869047619047619180, 0.3928571428571428492, 0.3988095238095238360, 0.4047619047619047672, 0.4107142857142856984, 0.4166666666666666852, 0.4226190476190476164, 0.4285714285714285476, 0.4345238095238095344, 0.4404761904761904656, 0.4464285714285714524, 0.4523809523809523836, 0.4583333333333333148, 0.4642857142857143016, 0.4702380952380952328, 0.4761904761904761640, 0.4821428571428571508, 0.4880952380952380820, 0.4940476190476190688, 0.5000000000000000000, 0.5059523809523809312, 0.5119047619047618625, 0.5178571428571429047, 0.5238095238095238360, 0.5297619047619047672, 0.5357142857142856984, 0.5416666666666666297, 0.5476190476190476719, 0.5535714285714286031, 0.5595238095238095344, 0.5654761904761904656, 0.5714285714285713969, 0.5773809523809523281, 0.5833333333333333703, 0.5892857142857143016, 0.5952380952380952328, 0.6011904761904761640, 0.6071428571428570953, 0.6130952380952381375, 0.6190476190476190688, 0.6250000000000000000, 0.6309523809523809312, 0.6369047619047618625, 0.6428571428571429047, 0.6488095238095238360, 0.6547619047619047672, 0.6607142857142856984, 0.6666666666666666297, 0.6726190476190476719, 0.6785714285714286031, 0.6845238095238095344, 0.6904761904761904656, 0.6964285714285713969, 0.7023809523809523281, 0.7083333333333333703, 0.7142857142857143016, 0.7202380952380952328, 0.7261904761904761640, 0.7321428571428570953, 0.7380952380952381375, 0.7440476190476190688, 0.7500000000000000000, 0.7559523809523809312, 0.7619047619047618625, 0.7678571428571429047, 0.7738095238095238360, 0.7797619047619047672, 0.7857142857142856984, 0.7916666666666666297, 0.7976190476190476719, 0.8035714285714286031, 0.8095238095238095344, 0.8154761904761904656, 0.8214285714285713969, 0.8273809523809523281, 0.8333333333333333703, 0.8392857142857143016, 0.8452380952380952328, 0.8511904761904761640, 0.8571428571428570953, 0.8630952380952381375, 0.8690476190476190688, 0.8750000000000000000, 0.8809523809523809312, 0.8869047619047618625, 0.8928571428571429047, 0.8988095238095238360, 0.9047619047619047672, 0.9107142857142856984, 0.9166666666666666297, 0.9226190476190476719, 0.9285714285714286031, 0.9345238095238095344, 0.9404761904761904656, 0.9464285714285713969, 0.9523809523809523281, 0.9583333333333333703, 0.9642857142857143016, 0.9702380952380952328, 0.9761904761904761640, 0.9821428571428570953, 0.9880952380952381375, 0.9940476190476190688, 1.000000000000000000 ),
 .UNSPECIFIED. ) 
 GEOMETRIC_REPRESENTATION_ITEM ( )  RATIONAL_B_SPLINE_SURFACE ( (
 ( 1.000000000000000000, 0.9238795325112867385, 1.000000000000000000, 0.9238795325112867385, 1.000000000000000000, 0.9238795325112867385, 1.000000000000000000, 0.9238795325112867385, 1.000000000000000000, 0.9238795325112867385, 1.000000000000000000, 0.9238795325112867385, 1.000000000000000000, 0.9238795325112867385, 1.000000000000000000, 0.9238795325112867385, 1.000000000000000000, 0.9238795325112867385, 1.000000000000000000, 0.9238795325112867385, 1.000000000000000000, 0.9238795325112867385, 1.000000000000000000, 0.9238795325112867385, 1.000000000000000000, 0.9238795325112867385, 1.000000000000000000, 0.9238795325112867385, 1.000000000000000000, 0.9238795325112867385, 1.000000000000000000, 0.9238795325112867385, 1.000000000000000000, 0.9238795325112867385, 1.000000000000000000, 0.9238795325112867385, 1.000000000000000000, 0.9238795325112867385, 1.000000000000000000, 0.9238795325112867385, 1.000000000000000000, 0.9238795325112867385, 1.000000000000000000, 0.9238795325112867385, 1.000000000000000000, 0.9238795325112867385, 1.000000000000000000, 0.9238795325112867385, 1.000000000000000000, 0.9238795325112867385, 1.000000000000000000, 0.9238795325112867385, 1.000000000000000000, 0.9238795325112867385, 1.000000000000000000, 0.9238795325112867385, 1.000000000000000000, 0.9238795325112867385, 1.000000000000000000, 0.9238795325112867385, 1.000000000000000000, 0.9238795325112867385, 1.000000000000000000, 0.9238795325112867385, 1.000000000000000000, 0.9238795325112867385, 1.000000000000000000, 0.9238795325112867385, 1.000000000000000000, 0.9238795325112867385, 1.000000000000000000, 0.9238795325112867385, 1.000000000000000000, 0.9238795325112867385, 1.000000000000000000, 0.9238795325112867385, 1.000000000000000000, 0.9238795325112867385, 1.000000000000000000, 0.9238795325112867385, 1.000000000000000000, 0.9238795325112867385, 1.000000000000000000, 0.9238795325112867385, 1.000000000000000000, 0.9238795325112867385, 1.000000000000000000, 0.9238795325112867385, 1.000000000000000000, 0.9238795325112867385, 1.000000000000000000, 0.9238795325112867385, 1.000000000000000000, 0.9238795325112867385, 1.000000000000000000, 0.9238795325112867385, 1.000000000000000000, 0.9238795325112867385, 1.000000000000000000, 0.9238795325112867385, 1.000000000000000000, 0.9238795325112867385, 1.000000000000000000, 0.9238795325112867385, 1.000000000000000000, 0.9238795325112867385, 1.000000000000000000, 0.9238795325112867385, 1.000000000000000000, 0.9238795325112867385, 1.000000000000000000, 0.9238795325112867385, 1.000000000000000000, 0.9238795325112867385, 1.000000000000000000, 0.9238795325112867385, 1.000000000000000000, 0.9238795325112867385, 1.000000000000000000, 0.9238795325112867385, 1.000000000000000000, 0.9238795325112867385, 1.000000000000000000, 0.9238795325112867385, 1.000000000000000000, 0.9238795325112867385, 1.000000000000000000, 0.9238795325112867385, 1.000000000000000000, 0.9238795325112867385, 1.000000000000000000, 0.9238795325112867385, 1.000000000000000000, 0.9238795325112867385, 1.000000000000000000, 0.9238795325112867385, 1.000000000000000000, 0.9238795325112867385, 1.000000000000000000, 0.9238795325112867385, 1.000000000000000000, 0.9238795325112867385, 1.000000000000000000, 0.9238795325112867385, 1.000000000000000000, 0.9238795325112867385, 1.000000000000000000, 0.9238795325112867385, 1.000000000000000000, 0.9238795325112867385, 1.000000000000000000, 0.9238795325112867385, 1.000000000000000000, 0.9238795325112867385, 1.000000000000000000, 0.9238795325112867385, 1.000000000000000000, 0.9238795325112867385, 1.000000000000000000, 0.9238795325112867385, 1.000000000000000000, 0.9238795325112867385, 1.000000000000000000, 0.9238795325112867385, 1.000000000000000000, 0.9238795325112867385, 1.000000000000000000, 0.9238795325112867385, 1.000000000000000000, 0.9238795325112867385, 1.000000000000000000, 0.9238795325112867385, 1.000000000000000000, 0.9238795325112867385, 1.000000000000000000, 0.9238795325112867385, 1.000000000000000000, 0.9238795325112867385, 1.000000000000000000, 0.9238795325112867385, 1.000000000000000000, 0.9238795325112867385, 1.000000000000000000, 0.9238795325112867385, 1.000000000000000000, 0.9238795325112867385, 1.000000000000000000, 0.9238795325112867385, 1.000000000000000000, 0.9238795325112867385, 1.000000000000000000, 0.9238795325112867385, 1.000000000000000000, 0.9238795325112867385, 1.000000000000000000, 0.9238795325112867385, 1.000000000000000000, 0.9238795325112867385, 1.000000000000000000, 0.9238795325112867385, 1.000000000000000000, 0.9238795325112867385, 1.000000000000000000, 0.9238795325112867385, 1.000000000000000000, 0.9238795325112867385, 1.000000000000000000, 0.9238795325112867385, 1.000000000000000000, 0.9238795325112867385, 1.000000000000000000, 0.9238795325112867385, 1.000000000000000000, 0.9238795325112867385, 1.000000000000000000, 0.9238795325112867385, 1.000000000000000000, 0.9238795325112867385, 1.000000000000000000, 0.9238795325112867385, 1.000000000000000000, 0.9238795325112867385, 1.000000000000000000, 0.9238795325112867385, 1.000000000000000000, 0.9238795325112867385, 1.000000000000000000, 0.9238795325112867385, 1.000000000000000000, 0.9238795325112867385, 1.000000000000000000, 0.9238795325112867385, 1.000000000000000000, 0.9238795325112867385, 1.000000000000000000, 0.9238795325112867385, 1.000000000000000000, 0.9238795325112867385, 1.000000000000000000, 0.9238795325112867385, 1.000000000000000000, 0.9238795325112867385, 1.000000000000000000, 0.9238795325112867385, 1.000000000000000000, 0.9238795325112867385, 1.000000000000000000, 0.9238795325112867385, 1.000000000000000000, 0.9238795325112867385, 1.000000000000000000, 0.9238795325112867385, 1.000000000000000000, 0.9238795325112867385, 1.000000000000000000, 0.9238795325112867385, 1.000000000000000000, 0.9238795325112867385, 1.000000000000000000, 0.9238795325112867385, 1.000000000000000000, 0.9238795325112867385, 1.000000000000000000, 0.9238795325112867385, 1.000000000000000000, 0.9238795325112867385, 1.000000000000000000, 0.9238795325112867385, 1.000000000000000000, 0.9238795325112867385, 1.000000000000000000, 0.9238795325112867385, 1.000000000000000000, 0.9238795325112867385, 1.000000000000000000, 0.9238795325112867385, 1.000000000000000000, 0.9238795325112867385, 1.000000000000000000, 0.9238795325112867385, 1.000000000000000000, 0.9238795325112867385, 1.000000000000000000, 0.9238795325112867385, 1.000000000000000000, 0.9238795325112867385, 1.000000000000000000, 0.9238795325112867385, 1.000000000000000000, 0.9238795325112867385, 1.000000000000000000, 0.9238795325112867385, 1.000000000000000000, 0.9238795325112867385, 1.000000000000000000, 0.9238795325112867385, 1.000000000000000000, 0.9238795325112867385, 1.000000000000000000, 0.9238795325112867385, 1.000000000000000000, 0.9238795325112867385, 1.000000000000000000, 0.9238795325112867385, 1.000000000000000000, 0.9238795325112867385, 1.000000000000000000, 0.9238795325112867385, 1.000000000000000000, 0.9238795325112867385, 1.000000000000000000, 0.9238795325112867385, 1.000000000000000000, 0.9238795325112867385, 1.000000000000000000, 0.9238795325112867385, 1.000000000000000000, 0.9238795325112867385, 1.000000000000000000, 0.9238795325112867385, 1.000000000000000000, 0.9238795325112867385, 1.000000000000000000, 0.9238795325112867385, 1.000000000000000000, 0.9238795325112867385, 1.000000000000000000, 0.9238795325112867385, 1.000000000000000000, 0.9238795325112867385, 1.000000000000000000, 0.9238795325112867385, 1.000000000000000000, 0.9238795325112867385, 1.000000000000000000, 0.9238795325112867385, 1.000000000000000000),
 ( 1.000000000000000000, 0.9238795325112867385, 1.000000000000000000, 0.9238795325112867385, 1.000000000000000000, 0.9238795325112867385, 1.000000000000000000, 0.9238795325112867385, 1.000000000000000000, 0.9238795325112867385, 1.000000000000000000, 0.9238795325112867385, 1.000000000000000000, 0.9238795325112867385, 1.000000000000000000, 0.9238795325112867385, 1.000000000000000000, 0.9238795325112867385, 1.000000000000000000, 0.9238795325112867385, 1.000000000000000000, 0.9238795325112867385, 1.000000000000000000, 0.9238795325112867385, 1.000000000000000000, 0.9238795325112867385, 1.000000000000000000, 0.9238795325112867385, 1.000000000000000000, 0.9238795325112867385, 1.000000000000000000, 0.9238795325112867385, 1.000000000000000000, 0.9238795325112867385, 1.000000000000000000, 0.9238795325112867385, 1.000000000000000000, 0.9238795325112867385, 1.000000000000000000, 0.9238795325112867385, 1.000000000000000000, 0.9238795325112867385, 1.000000000000000000, 0.9238795325112867385, 1.000000000000000000, 0.9238795325112867385, 1.000000000000000000, 0.9238795325112867385, 1.000000000000000000, 0.9238795325112867385, 1.000000000000000000, 0.9238795325112867385, 1.000000000000000000, 0.9238795325112867385, 1.000000000000000000, 0.9238795325112867385, 1.000000000000000000, 0.9238795325112867385, 1.000000000000000000, 0.9238795325112867385, 1.000000000000000000, 0.9238795325112867385, 1.000000000000000000, 0.9238795325112867385, 1.000000000000000000, 0.9238795325112867385, 1.000000000000000000, 0.9238795325112867385, 1.000000000000000000, 0.9238795325112867385, 1.000000000000000000, 0.9238795325112867385, 1.000000000000000000, 0.9238795325112867385, 1.000000000000000000, 0.9238795325112867385, 1.000000000000000000, 0.9238795325112867385, 1.000000000000000000, 0.9238795325112867385, 1.000000000000000000, 0.9238795325112867385, 1.000000000000000000, 0.9238795325112867385, 1.000000000000000000, 0.9238795325112867385, 1.000000000000000000, 0.9238795325112867385, 1.000000000000000000, 0.9238795325112867385, 1.000000000000000000, 0.9238795325112867385, 1.000000000000000000, 0.9238795325112867385, 1.000000000000000000, 0.9238795325112867385, 1.000000000000000000, 0.9238795325112867385, 1.000000000000000000, 0.9238795325112867385, 1.000000000000000000, 0.9238795325112867385, 1.000000000000000000, 0.9238795325112867385, 1.000000000000000000, 0.9238795325112867385, 1.000000000000000000, 0.9238795325112867385, 1.000000000000000000, 0.9238795325112867385, 1.000000000000000000, 0.9238795325112867385, 1.000000000000000000, 0.9238795325112867385, 1.000000000000000000, 0.9238795325112867385, 1.000000000000000000, 0.9238795325112867385, 1.000000000000000000, 0.9238795325112867385, 1.000000000000000000, 0.9238795325112867385, 1.000000000000000000, 0.9238795325112867385, 1.000000000000000000, 0.9238795325112867385, 1.000000000000000000, 0.9238795325112867385, 1.000000000000000000, 0.9238795325112867385, 1.000000000000000000, 0.9238795325112867385, 1.000000000000000000, 0.9238795325112867385, 1.000000000000000000, 0.9238795325112867385, 1.000000000000000000, 0.9238795325112867385, 1.000000000000000000, 0.9238795325112867385, 1.000000000000000000, 0.9238795325112867385, 1.000000000000000000, 0.9238795325112867385, 1.000000000000000000, 0.9238795325112867385, 1.000000000000000000, 0.9238795325112867385, 1.000000000000000000, 0.9238795325112867385, 1.000000000000000000, 0.9238795325112867385, 1.000000000000000000, 0.9238795325112867385, 1.000000000000000000, 0.9238795325112867385, 1.000000000000000000, 0.9238795325112867385, 1.000000000000000000, 0.9238795325112867385, 1.000000000000000000, 0.9238795325112867385, 1.000000000000000000, 0.9238795325112867385, 1.000000000000000000, 0.9238795325112867385, 1.000000000000000000, 0.9238795325112867385, 1.000000000000000000, 0.9238795325112867385, 1.000000000000000000, 0.9238795325112867385, 1.000000000000000000, 0.9238795325112867385, 1.000000000000000000, 0.9238795325112867385, 1.000000000000000000, 0.9238795325112867385, 1.000000000000000000, 0.9238795325112867385, 1.000000000000000000, 0.9238795325112867385, 1.000000000000000000, 0.9238795325112867385, 1.000000000000000000, 0.9238795325112867385, 1.000000000000000000, 0.9238795325112867385, 1.000000000000000000, 0.9238795325112867385, 1.000000000000000000, 0.9238795325112867385, 1.000000000000000000, 0.9238795325112867385, 1.000000000000000000, 0.9238795325112867385, 1.000000000000000000, 0.9238795325112867385, 1.000000000000000000, 0.9238795325112867385, 1.000000000000000000, 0.9238795325112867385, 1.000000000000000000, 0.9238795325112867385, 1.000000000000000000, 0.9238795325112867385, 1.000000000000000000, 0.9238795325112867385, 1.000000000000000000, 0.9238795325112867385, 1.000000000000000000, 0.9238795325112867385, 1.000000000000000000, 0.9238795325112867385, 1.000000000000000000, 0.9238795325112867385, 1.000000000000000000, 0.9238795325112867385, 1.000000000000000000, 0.9238795325112867385, 1.000000000000000000, 0.9238795325112867385, 1.000000000000000000, 0.9238795325112867385, 1.000000000000000000, 0.9238795325112867385, 1.000000000000000000, 0.9238795325112867385, 1.000000000000000000, 0.9238795325112867385, 1.000000000000000000, 0.9238795325112867385, 1.000000000000000000, 0.9238795325112867385, 1.000000000000000000, 0.9238795325112867385, 1.000000000000000000, 0.9238795325112867385, 1.000000000000000000, 0.9238795325112867385, 1.000000000000000000, 0.9238795325112867385, 1.000000000000000000, 0.9238795325112867385, 1.000000000000000000, 0.9238795325112867385, 1.000000000000000000, 0.9238795325112867385, 1.000000000000000000, 0.9238795325112867385, 1.000000000000000000, 0.9238795325112867385, 1.000000000000000000, 0.9238795325112867385, 1.000000000000000000, 0.9238795325112867385, 1.000000000000000000, 0.9238795325112867385, 1.000000000000000000, 0.9238795325112867385, 1.000000000000000000, 0.9238795325112867385, 1.000000000000000000, 0.9238795325112867385, 1.000000000000000000, 0.9238795325112867385, 1.000000000000000000, 0.9238795325112867385, 1.000000000000000000, 0.9238795325112867385, 1.000000000000000000, 0.9238795325112867385, 1.000000000000000000, 0.9238795325112867385, 1.000000000000000000, 0.9238795325112867385, 1.000000000000000000, 0.9238795325112867385, 1.000000000000000000, 0.9238795325112867385, 1.000000000000000000, 0.9238795325112867385, 1.000000000000000000, 0.9238795325112867385, 1.000000000000000000, 0.9238795325112867385, 1.000000000000000000, 0.9238795325112867385, 1.000000000000000000, 0.9238795325112867385, 1.000000000000000000, 0.9238795325112867385, 1.000000000000000000, 0.9238795325112867385, 1.000000000000000000, 0.9238795325112867385, 1.000000000000000000, 0.9238795325112867385, 1.000000000000000000, 0.9238795325112867385, 1.000000000000000000, 0.9238795325112867385, 1.000000000000000000, 0.9238795325112867385, 1.000000000000000000, 0.9238795325112867385, 1.000000000000000000, 0.9238795325112867385, 1.000000000000000000, 0.9238795325112867385, 1.000000000000000000, 0.9238795325112867385, 1.000000000000000000, 0.9238795325112867385, 1.000000000000000000, 0.9238795325112867385, 1.000000000000000000, 0.9238795325112867385, 1.000000000000000000, 0.9238795325112867385, 1.000000000000000000, 0.9238795325112867385, 1.000000000000000000, 0.9238795325112867385, 1.000000000000000000, 0.9238795325112867385, 1.000000000000000000, 0.9238795325112867385, 1.000000000000000000, 0.9238795325112867385, 1.000000000000000000, 0.9238795325112867385, 1.000000000000000000, 0.9238795325112867385, 1.000000000000000000, 0.9238795325112867385, 1.000000000000000000) ) ) 
 REPRESENTATION_ITEM ( '' )  SURFACE ( )  );
#3223 = CARTESIAN_POINT ( 'NONE',  ( 0.9736010864139279519, 2.350480947161670997, -3.437499999999999556 ) ) ;
#3224 = CARTESIAN_POINT ( 'NONE',  ( 0.4082017376316880997, -2.651075962842797562, 12.68945282103388195 ) ) ;
#3225 = CARTESIAN_POINT ( 'NONE',  ( 1.662041016787803249, -1.662041016787812797, 6.125000000000000000 ) ) ;
#3226 = CARTESIAN_POINT ( 'NONE',  ( 1.242640687119290765, 2.999999999999999112, -9.062500000000001776 ) ) ;
#3227 = EDGE_LOOP ( 'NONE', ( #250, #815, #4645, #3075, #5314 ) ) ;
#3228 = CARTESIAN_POINT ( 'NONE',  ( -4.700000000000000178, -2.818925648462311528E-15, 13.00000000000000178 ) ) ;
#3229 = CARTESIAN_POINT ( 'NONE',  ( -2.159593620790638546, 2.159593620790629220, -10.78125000000000178 ) ) ;
#3230 = CARTESIAN_POINT ( 'NONE',  ( 0.2152631903711070549, -2.377226809964799514, 5.155460678966091947 ) ) ;
#3231 = ORIENTED_EDGE ( 'NONE', *, *, #5256, .T. ) ;
#3232 = CARTESIAN_POINT ( 'NONE',  ( -1.265060653844737759, -3.054126587736549769, 0.5312499999999986677 ) ) ;
#3233 = CARTESIAN_POINT ( 'NONE',  ( -1.662041016787803249, 1.662041016787794367, -7.375000000000000000 ) ) ;
#3234 = CARTESIAN_POINT ( 'NONE',  ( -2.350480947161680323, 0.9736010864139172938, -1.312499999999999334 ) ) ;
#3235 = EDGE_CURVE ( 'NONE', #5262, #3788, #1623, .T. ) ;
#3236 = CARTESIAN_POINT ( 'NONE',  ( -1.662041016787803471, -1.662041016787812353, -2.000000000000000000 ) ) ;
#3237 = CARTESIAN_POINT ( 'NONE',  ( 2.350480947161679435, 0.9736010864139177379, 3.437500000000001776 ) ) ;
#3238 = CARTESIAN_POINT ( 'NONE',  ( 0.000000000000000000, 2.350480947161671441, -0.4999999999999987232 ) ) ;
#3239 = EDGE_CURVE ( 'NONE', #671, #3642, #3809, .T. ) ;
#3240 = CARTESIAN_POINT ( 'NONE',  ( 2.321204953832814777, -0.3698219102109516765, -12.64951905283832012 ) ) ;
#3241 = CARTESIAN_POINT ( 'NONE',  ( -2.350480947161680767, 0.9736010864139172938, -12.18750000000000000 ) ) ;
#3242 = CARTESIAN_POINT ( 'NONE',  ( 1.662041016787803249, -1.662041016787812797, -6.750000000000000000 ) ) ;
#3243 = CARTESIAN_POINT ( 'NONE',  ( 0.000000000000000000, -2.818925648462311528E-15, -13.00000000000000178 ) ) ;
#3244 = CARTESIAN_POINT ( 'NONE',  ( -2.350480947161680323, -8.968978788130623169E-15, -11.25000000000000000 ) ) ;
#3245 = CARTESIAN_POINT ( 'NONE',  ( -0.9736010864139263976, 2.350480947161671441, -7.312500000000000000 ) ) ;
#3246 = CARTESIAN_POINT ( 'NONE',  ( 1.242640687119294318, 2.999999999999999556, -11.93749999999999822 ) ) ;
#3247 = CARTESIAN_POINT ( 'NONE',  ( 3.054126587736539555, -9.673938189029898993E-15, -0.2187499999999967248 ) ) ;
#3248 = ORIENTED_EDGE ( 'NONE', *, *, #3745, .T. ) ;
#3249 = DIRECTION ( 'NONE',  ( -0.000000000000000000, -0.000000000000000000, -1.000000000000000000 ) ) ;
#3250 = CARTESIAN_POINT ( 'NONE',  ( 2.350480947161680323, -0.9736010864139368337, -7.687500000000000000 ) ) ;
#3251 = CARTESIAN_POINT ( 'NONE',  ( -2.999999999999991562, 1.242640687119297871, 0.3124999999999988898 ) ) ;
#3252 = CARTESIAN_POINT ( 'NONE',  ( -2.350480947161680323, -8.968978788130623169E-15, 6.750000000000000888 ) ) ;
#3253 = DIRECTION ( 'NONE',  ( 0.3420201433256694901, -4.188538737677001009E-17, 0.9396926207859082059 ) ) ;
#3254 = ORIENTED_EDGE ( 'NONE', *, *, #2412, .F. ) ;
#3255 = DIRECTION ( 'NONE',  ( -1.000000000000000000, 0.000000000000000000, 0.000000000000000000 ) ) ;
#3256 =( BOUNDED_CURVE ( )  B_SPLINE_CURVE ( 2, ( #2167, #1695, #87, #1271, #1799, #3023, #900, #1296, #957 ),
 .UNSPECIFIED., .F., .F. ) 
 B_SPLINE_CURVE_WITH_KNOTS ( ( 3, 2, 2, 2, 3 ),
 ( 0.7261904761904762751, 0.7321428571428573173, 0.7380952380952381375, 0.7440476190476190688, 0.7500000000000000000 ),
 .UNSPECIFIED. ) 
 CURVE ( )  GEOMETRIC_REPRESENTATION_ITEM ( )  RATIONAL_B_SPLINE_CURVE ( ( 0.9999999999999985567, 0.9238795325112880708, 1.000000000000000000, 0.9238795325112866275, 1.000000000000000000, 0.9238795325112866275, 1.000000000000000000, 0.9238795325112866275, 1.000000000000000000 ) ) 
 REPRESENTATION_ITEM ( '' )  );
#3257 = CARTESIAN_POINT ( 'NONE',  ( -3.054126587736539999, -8.925892919057422291E-15, -9.656250000000001776 ) ) ;
#3258 = CARTESIAN_POINT ( 'NONE',  ( 1.499085940355929125, 2.078877459386784921, 5.644329630747353832 ) ) ;
#3259 = CARTESIAN_POINT ( 'NONE',  ( 2.455361430769191333, -0.3802355074477310470, 5.424589017256696621 ) ) ;
#3260 = CARTESIAN_POINT ( 'NONE',  ( 3.054126587736539111, 1.265060653844729099, 2.906249999999999112 ) ) ;
#3261 = CARTESIAN_POINT ( 'NONE',  ( 0.000000000000000000, 2.350480947161671441, -6.500000000000000000 ) ) ;
#3262 = CARTESIAN_POINT ( 'NONE',  ( -0.9736010864139263976, 2.350480947161671441, 1.562499999999999556 ) ) ;
#3263 = CARTESIAN_POINT ( 'NONE',  ( 2.350480947161680323, 0.9736010864139177379, -1.562499999999999556 ) ) ;
#3264 = CARTESIAN_POINT ( 'NONE',  ( 0.000000000000000000, 2.350480947161671441, 4.625000000000002665 ) ) ;
#3265 = CARTESIAN_POINT ( 'NONE',  ( -2.350480947161680767, 0.9736010864139172938, -0.3125000000000002776 ) ) ;
#3266 = CARTESIAN_POINT ( 'NONE',  ( 0.000000000000000000, -2.818925648462311528E-15, -13.00000000000000178 ) ) ;
#3267 = CARTESIAN_POINT ( 'NONE',  ( 0.2881559538171752366, -2.943385906799056873, 6.678330986001141056 ) ) ;
#3268 = VECTOR ( 'NONE', #4875, 1000.000000000000000 ) ;
#3269 = CARTESIAN_POINT ( 'NONE',  ( -2.350480947161680767, -0.9736010864139355014, 1.937500000000000000 ) ) ;
#3270 = CARTESIAN_POINT ( 'NONE',  ( -1.662041016787803471, -1.662041016787812353, -6.999999999999999112 ) ) ;
#3271 = AXIS2_PLACEMENT_3D ( 'NONE', #1632, #3366, #2499 ) ;
#3272 = B_SPLINE_CURVE_WITH_KNOTS ( 'NONE', 3,
 ( #4370, #873, #4682, #844, #3505, #4260, #426, #3845 ),
 .UNSPECIFIED., .F., .F.,
 ( 4, 2, 2, 4 ),
 ( 2.380744723798179477E-07, 0.001457970791046069199, 0.002186837149332914159, 0.002915703507619759119 ),
 .UNSPECIFIED. ) ;
#3273 = ADVANCED_FACE ( 'NONE', ( #1510 ), #4784, .T. ) ;
#3274 = CYLINDRICAL_SURFACE ( 'NONE', #3812, 3.000000000000003109 ) ;
#3275 = AXIS2_PLACEMENT_3D ( 'NONE', #3512, #1442, #1383 ) ;
#3276 = CARTESIAN_POINT ( 'NONE',  ( 0.000000000000000000, 2.350480947161671441, -11.50000000000000000 ) ) ;
#3277 = CARTESIAN_POINT ( 'NONE',  ( 0.9736010864139258425, -2.350480947161690537, -6.812500000000000000 ) ) ;
#3278 = CARTESIAN_POINT ( 'NONE',  ( 3.054126587736538223, -1.265060653844747973, 2.718750000000002220 ) ) ;
#3279 = ORIENTED_EDGE ( 'NONE', *, *, #559, .T. ) ;
#3280 = CARTESIAN_POINT ( 'NONE',  ( 0.000000000000000000, 2.350480947161671441, -10.49999999999999822 ) ) ;
#3281 = CARTESIAN_POINT ( 'NONE',  ( -0.9736010864139266197, -2.350480947161689649, -3.937500000000000000 ) ) ;
#3282 = CARTESIAN_POINT ( 'NONE',  ( -3.000000000000009770, -8.929207216678438350E-15, 6.375000000000000888 ) ) ;
#3283 = FACE_OUTER_BOUND ( 'NONE', #3170, .T. ) ;
#3284 = CARTESIAN_POINT ( 'NONE',  ( 3.000000000000009326, -9.663995296166853972E-15, 1.750000000000001554 ) ) ;
#3285 = EDGE_LOOP ( 'NONE', ( #2243, #469, #3420, #1471 ) ) ;
#3286 = CARTESIAN_POINT ( 'NONE',  ( -2.159593620790638546, -2.159593620790646984, -7.593749999999997335 ) ) ;
#3287 = CARTESIAN_POINT ( 'NONE',  ( 5.000000000000000000, -2.206602248888634604E-15, 7.300000000000000711 ) ) ;
#3288 = CARTESIAN_POINT ( 'NONE',  ( -3.054126587736539555, -1.265060653844746641, -12.59375000000000000 ) ) ;
#3289 = CARTESIAN_POINT ( 'NONE',  ( 2.499999999999997780, -1.443375672974062329, 12.82552006691257240 ) ) ;
#3290 = DIRECTION ( 'NONE',  ( -0.000000000000000000, -0.000000000000000000, -1.000000000000000000 ) ) ;
#3291 = CARTESIAN_POINT ( 'NONE',  ( -3.740226349862381542E-16, -3.054126587736548881, 0.5937499999999987788 ) ) ;
#3292 = CARTESIAN_POINT ( 'NONE',  ( 0.9736010864139278409, 2.350480947161670997, -4.562500000000000000 ) ) ;
#3293 = CARTESIAN_POINT ( 'NONE',  ( -2.878508968398391083E-16, -2.350480947161689649, 1.000000000000000888 ) ) ;
#3294 = CARTESIAN_POINT ( 'NONE',  ( -2.350480947161680767, 0.9736010864139172938, 2.812500000000001332 ) ) ;
#3295 = CARTESIAN_POINT ( 'NONE',  ( -0.9736010864139263976, 2.350480947161671441, 3.687500000000001776 ) ) ;
#3296 = CARTESIAN_POINT ( 'NONE',  ( 0.000000000000000000, 2.350480947161671441, -2.500000000000000444 ) ) ;
#3297 = CARTESIAN_POINT ( 'NONE',  ( -3.188959454956771911, 3.905348989123498551E-16, 13.00000000000000178 ) ) ;
#3298 = FACE_OUTER_BOUND ( 'NONE', #2464, .T. ) ;
#3299 = CARTESIAN_POINT ( 'NONE',  ( 0.9736010864139278409, 2.350480947161670997, 2.562500000000000444 ) ) ;
#3300 = CARTESIAN_POINT ( 'NONE',  ( -2.350480947161680323, -8.968978788130623169E-15, -6.124999999999999112 ) ) ;
#3301 = CARTESIAN_POINT ( 'NONE',  ( -1.677479968722701331, -1.918257834445868726, 12.60254230335127268 ) ) ;
#3302 = CARTESIAN_POINT ( 'NONE',  ( 2.350480947161679435, -0.9736010864139368337, -9.812500000000000000 ) ) ;
#3303 = CARTESIAN_POINT ( 'NONE',  ( 0.9736010864139258425, -2.350480947161690537, -8.812500000000000000 ) ) ;
#3304 = EDGE_CURVE ( 'NONE', #2213, #4226, #4328, .T. ) ;
#3305 = CARTESIAN_POINT ( 'NONE',  ( 3.054126587736538223, -1.265060653844747973, 5.718750000000001776 ) ) ;
#3306 = VERTEX_POINT ( 'NONE', #796 ) ;
#3307 = CARTESIAN_POINT ( 'NONE',  ( 0.9736010864139259535, -2.350480947161690537, -8.937500000000001776 ) ) ;
#3308 = CARTESIAN_POINT ( 'NONE',  ( -2.350480947161680323, -8.968978788130623169E-15, -4.125000000000000000 ) ) ;
#3309 = CARTESIAN_POINT ( 'NONE',  ( -2.272835903346210884, -1.393123239858760076, -12.34034737858128494 ) ) ;
#3310 = CARTESIAN_POINT ( 'NONE',  ( 3.000000000000003109, -2.451531608718105295E-15, -13.00000000000000178 ) ) ;
#3311 = DIRECTION ( 'NONE',  ( -0.000000000000000000, -0.000000000000000000, -1.000000000000000000 ) ) ;
#3312 = ORIENTED_EDGE ( 'NONE', *, *, #1241, .T. ) ;
#3313 = CARTESIAN_POINT ( 'NONE',  ( -2.159593620790638546, -2.159593620790646984, -6.593749999999997335 ) ) ;
#3314 = CARTESIAN_POINT ( 'NONE',  ( 1.242640687119288767, -3.000000000000019540, -11.31249999999999822 ) ) ;
#3315 = CARTESIAN_POINT ( 'NONE',  ( -3.740226349862381542E-16, -3.054126587736548881, -9.406250000000001776 ) ) ;
#3316 = CARTESIAN_POINT ( 'NONE',  ( -0.9302218647432950460, 2.465779012373816137, 5.843620271873526839 ) ) ;
#3317 = CARTESIAN_POINT ( 'NONE',  ( 3.054126587736539999, -9.673938189029898993E-15, 1.843749999999998224 ) ) ;
#3318 = CARTESIAN_POINT ( 'NONE',  ( -0.9736010864139263976, 2.350480947161671441, -1.437499999999999778 ) ) ;
#3319 = CARTESIAN_POINT ( 'NONE',  ( -2.350480947161680323, -0.9736010864139353904, -1.187499999999999334 ) ) ;
#3320 = CARTESIAN_POINT ( 'NONE',  ( 0.000000000000000000, 2.350480947161671441, 2.625000000000000444 ) ) ;
#3321 = CARTESIAN_POINT ( 'NONE',  ( -3.000000000000009770, -8.929207216678438350E-15, -7.625000000000000000 ) ) ;
#3322 = CARTESIAN_POINT ( 'NONE',  ( -0.9736010864139263976, 2.350480947161671441, -1.437499999999999778 ) ) ;
#3323 = VERTEX_POINT ( 'NONE', #3321 ) ;
#3324 = CARTESIAN_POINT ( 'NONE',  ( 2.350480947161680323, -0.9736010864139368337, -10.68749999999999822 ) ) ;
#3325 = CARTESIAN_POINT ( 'NONE',  ( 2.350480947161680323, -0.9736010864139368337, 6.312500000000000888 ) ) ;
#3326 = CARTESIAN_POINT ( 'NONE',  ( -0.9736010864139266197, -2.350480947161689649, -4.937500000000000888 ) ) ;
#3327 = FACE_OUTER_BOUND ( 'NONE', #2162, .T. ) ;
#3328 = B_SPLINE_CURVE_WITH_KNOTS ( 'NONE', 3,
 ( #278, #3224, #4895, #4141, #306, #3724, #2803, #4088 ),
 .UNSPECIFIED., .F., .F.,
 ( 4, 2, 2, 4 ),
 ( 2.380744723798915602E-07, 0.001457970791046070283, 0.002186837149332915460, 0.002915703507619759986 ),
 .UNSPECIFIED. ) ;
#3329 = CARTESIAN_POINT ( 'NONE',  ( 1.662041016787803249, -1.662041016787812797, -7.875000000000000000 ) ) ;
#3330 = CARTESIAN_POINT ( 'NONE',  ( 2.350480947161679435, -0.9736010864139368337, -9.687500000000000000 ) ) ;
#3331 = CARTESIAN_POINT ( 'NONE',  ( 3.054126587736538667, 1.265060653844728877, 5.843750000000001776 ) ) ;
#3332 = ORIENTED_EDGE ( 'NONE', *, *, #5503, .F. ) ;
#3333 = CARTESIAN_POINT ( 'NONE',  ( -2.350480947161680767, -0.9736010864139355014, -9.187500000000000000 ) ) ;
#3334 = CARTESIAN_POINT ( 'NONE',  ( -2.350480947161680767, 0.9736010864139172938, -5.187500000000000888 ) ) ;
#3335 = CARTESIAN_POINT ( 'NONE',  ( -3.000000000000009326, -8.929207216678438350E-15, -7.749999999999999112 ) ) ;
#3336 = CYLINDRICAL_SURFACE ( 'NONE', #767, 5.000000000000000000 ) ;
#3337 = EDGE_CURVE ( 'NONE', #275, #4168, #2192, .T. ) ;
#3338 = CARTESIAN_POINT ( 'NONE',  ( 3.000000000000009770, -9.663995296166853972E-15, -0.1250000000000001943 ) ) ;
#3339 = ORIENTED_EDGE ( 'NONE', *, *, #5358, .T. ) ;
#3340 = CARTESIAN_POINT ( 'NONE',  ( -3.054126587736539111, -1.265060653844746197, -5.656249999999996447 ) ) ;
#3341 = ORIENTED_EDGE ( 'NONE', *, *, #905, .T. ) ;
#3342 = CARTESIAN_POINT ( 'NONE',  ( 0.000000000000000000, -2.818925648462311528E-15, -13.00000000000000178 ) ) ;
#3343 = CARTESIAN_POINT ( 'NONE',  ( -2.367361979387417659, 1.304350046393890183, 5.985499218499782614 ) ) ;
#3344 = CARTESIAN_POINT ( 'NONE',  ( -3.000000000000009770, 1.242640687119280551, -3.687500000000000444 ) ) ;
#3345 = CARTESIAN_POINT ( 'NONE',  ( 3.054126587736539999, -9.673938189029898993E-15, 4.843749999999997335 ) ) ;
#3346 = CARTESIAN_POINT ( 'NONE',  ( 0.9736010864139259535, -2.350480947161690537, -2.937499999999999112 ) ) ;
#3347 = CARTESIAN_POINT ( 'NONE',  ( 2.350480947161679435, -0.9736010864139368337, 4.187500000000001776 ) ) ;
#3348 = CARTESIAN_POINT ( 'NONE',  ( -1.662041016787803471, -1.662041016787812353, 4.999999999999999112 ) ) ;
#3349 = LINE ( 'NONE', #2483, #2909 ) ;
#3350 = CARTESIAN_POINT ( 'NONE',  ( -0.9736010864139263976, 2.350480947161671441, 1.562499999999999556 ) ) ;
#3351 = CARTESIAN_POINT ( 'NONE',  ( 2.121320343559649935, 2.121320343559639721, -12.00000000000000000 ) ) ;
#3352 = CARTESIAN_POINT ( 'NONE',  ( 0.9736010864139259535, -2.350480947161690537, -11.81249999999999822 ) ) ;
#3353 = CARTESIAN_POINT ( 'NONE',  ( 3.054126587736539111, 1.265060653844729099, -5.093750000000001776 ) ) ;
#3354 = CARTESIAN_POINT ( 'NONE',  ( 2.350480947161680323, -9.544680581810301090E-15, 5.375000000000000000 ) ) ;
#3355 = CARTESIAN_POINT ( 'NONE',  ( 2.350480947161680323, 0.9736010864139177379, -3.562500000000000000 ) ) ;
#3356 = CONICAL_SURFACE ( 'NONE', #4506, 2.000000000000000888, 0.7853981633974496113 ) ;
#3357 = CARTESIAN_POINT ( 'NONE',  ( 0.000000000000000000, 3.000000000000000444, 2.125000000000000000 ) ) ;
#3358 = CARTESIAN_POINT ( 'NONE',  ( -0.9736010864139266197, -2.350480947161689649, -7.937500000000000000 ) ) ;
#3359 = AXIS2_PLACEMENT_3D ( 'NONE', #4689, #4715, #3434 ) ;
#3360 = CARTESIAN_POINT ( 'NONE',  ( -1.265060653844737537, -3.054126587736549325, 2.468750000000002220 ) ) ;
#3361 = VERTEX_POINT ( 'NONE', #1192 ) ;
#3362 = CARTESIAN_POINT ( 'NONE',  ( -0.9736010864139266197, -2.350480947161689649, -8.062500000000000000 ) ) ;
#3363 = AXIS2_PLACEMENT_3D ( 'NONE', #3790, #4626, #2028 ) ;
#3364 = CARTESIAN_POINT ( 'NONE',  ( 0.000000000000000000, 2.350480947161671441, -7.375000000000000000 ) ) ;
#3365 = LINE ( 'NONE', #2107, #2801 ) ;
#3366 = DIRECTION ( 'NONE',  ( -0.000000000000000000, -0.000000000000000000, -1.000000000000000000 ) ) ;
#3367 = CARTESIAN_POINT ( 'NONE',  ( 2.224126867661905482, 1.399044376609155815, -12.37833033993150345 ) ) ;
#3368 = ORIENTED_EDGE ( 'NONE', *, *, #2854, .F. ) ;
#3369 = CARTESIAN_POINT ( 'NONE',  ( 3.054126587736538223, -1.265060653844747973, -8.281249999999996447 ) ) ;
#3370 = ORIENTED_EDGE ( 'NONE', *, *, #2452, .F. ) ;
#3371 = DIRECTION ( 'NONE',  ( -0.000000000000000000, -0.000000000000000000, -1.000000000000000000 ) ) ;
#3372 = CARTESIAN_POINT ( 'NONE',  ( -2.718713188295808880, -1.793953466262787439E-11, 6.087598983544083353 ) ) ;
#3373 = CARTESIAN_POINT ( 'NONE',  ( 1.242640687119288767, -3.000000000000019540, -0.3125000000000003886 ) ) ;
#3374 = CARTESIAN_POINT ( 'NONE',  ( 0.000000000000000000, 3.054126587736530674, 5.093749999999997335 ) ) ;
#3375 = CARTESIAN_POINT ( 'NONE',  ( -2.350480947161680767, -0.9736010864139355014, -3.187499999999999556 ) ) ;
#3376 = CARTESIAN_POINT ( 'NONE',  ( 0.000000000000000000, 2.350480947161671441, 2.500000000000000444 ) ) ;
#3377 = CARTESIAN_POINT ( 'NONE',  ( 1.662041016787803693, 1.662041016787793923, 1.500000000000001332 ) ) ;
#3378 = EDGE_CURVE ( 'NONE', #4383, #1225, #769, .T. ) ;
#3379 = CARTESIAN_POINT ( 'NONE',  ( -2.121320343559649491, -2.121320343559658372, 1.499999999999999556 ) ) ;
#3380 = CARTESIAN_POINT ( 'NONE',  ( 2.350480947161680323, 0.9736010864139177379, 3.312500000000001776 ) ) ;
#3381 = DIRECTION ( 'NONE',  ( -1.000000000000000000, 0.000000000000000000, 0.000000000000000000 ) ) ;
#3382 = CARTESIAN_POINT ( 'NONE',  ( -2.350480947161680767, 0.9736010864139172938, -8.187500000000000000 ) ) ;
#3383 = CARTESIAN_POINT ( 'NONE',  ( 1.265060653844739313, 3.054126587736530229, -7.968750000000000888 ) ) ;
#3384 = CARTESIAN_POINT ( 'NONE',  ( -0.9736010864139266197, -2.350480947161689649, -13.06250000000000000 ) ) ;
#3385 = CARTESIAN_POINT ( 'NONE',  ( 3.000000000000009326, 1.242640687119280996, 1.937500000000000000 ) ) ;
#3386 = CARTESIAN_POINT ( 'NONE',  ( -2.350480947161680323, 0.9736010864139172938, -6.187499999999999112 ) ) ;
#3387 = CARTESIAN_POINT ( 'NONE',  ( 1.265060653844739091, 3.054126587736529341, 6.968750000000002665 ) ) ;
#3388 = B_SPLINE_CURVE_WITH_KNOTS ( 'NONE', 3,
 ( #4668, #829, #2545, #4249, #414, #3412 ),
 .UNSPECIFIED., .F., .F.,
 ( 4, 2, 4 ),
 ( 0.002521782284825484135, 0.003251599283304294936, 0.003981416281783106172 ),
 .UNSPECIFIED. ) ;
#3389 = CARTESIAN_POINT ( 'NONE',  ( -2.878508968398391083E-16, -2.350480947161689649, -11.00000000000000000 ) ) ;
#3390 = CARTESIAN_POINT ( 'NONE',  ( 0.000000000000000000, 2.350480947161671441, -0.3749999999999986122 ) ) ;
#3391 = CARTESIAN_POINT ( 'NONE',  ( -0.5976810075930882871, -2.699532671702657094, -12.25912833651739220 ) ) ;
#3392 = CARTESIAN_POINT ( 'NONE',  ( 3.000000000000017319, 1.242640687119271670, -6.062499999999999112 ) ) ;
#3393 = CARTESIAN_POINT ( 'NONE',  ( 2.057778491510196872, 1.712851843862301271, -12.32840869995224153 ) ) ;
#3394 = ORIENTED_EDGE ( 'NONE', *, *, #4802, .F. ) ;
#3395 = CARTESIAN_POINT ( 'NONE',  ( 3.054126587736538667, 1.265060653844728877, -8.156249999999996447 ) ) ;
#3396 = EDGE_CURVE ( 'NONE', #4593, #3306, #2565, .T. ) ;
#3397 = ORIENTED_EDGE ( 'NONE', *, *, #1413, .F. ) ;
#3398 = CARTESIAN_POINT ( 'NONE',  ( 0.000000000000000000, 2.999999999999999556, 1.755052266710910303E-15 ) ) ;
#3399 = DIRECTION ( 'NONE',  ( -0.000000000000000000, -0.000000000000000000, -1.000000000000000000 ) ) ;
#3400 = CARTESIAN_POINT ( 'NONE',  ( 2.999999999999990674, -1.242640687119317633, -3.312500000000000888 ) ) ;
#3401 = CARTESIAN_POINT ( 'NONE',  ( -3.054126587736539555, -1.265060653844746641, 6.406249999999998224 ) ) ;
#3402 = CARTESIAN_POINT ( 'NONE',  ( 2.350480947161680323, -0.9736010864139368337, -2.812499999999999112 ) ) ;
#3403 = CARTESIAN_POINT ( 'NONE',  ( -2.878508968398391083E-16, -2.350480947161689649, 3.000000000000000888 ) ) ;
#3404 = CARTESIAN_POINT ( 'NONE',  ( -0.9736010864139263976, 2.350480947161671441, 3.687500000000002220 ) ) ;
#3405 = DIRECTION ( 'NONE',  ( 0.8660254037844397068, 0.000000000000000000, 0.4999999999999979461 ) ) ;
#3406 = CARTESIAN_POINT ( 'NONE',  ( 1.662041016787803249, -1.662041016787812797, 3.125000000000000888 ) ) ;
#3407 = CARTESIAN_POINT ( 'NONE',  ( -3.000000000000009770, -8.929207216678438350E-15, 2.375000000000000444 ) ) ;
#3408 = CARTESIAN_POINT ( 'NONE',  ( 2.350480947161680323, -9.544680581810301090E-15, -11.62500000000000000 ) ) ;
#3409 = CARTESIAN_POINT ( 'NONE',  ( 2.159593620790638546, -2.159593620790647872, -7.281250000000001776 ) ) ;
#3410 = CARTESIAN_POINT ( 'NONE',  ( 2.350480947161680323, -0.9736010864139368337, 4.312500000000001776 ) ) ;
#3411 = EDGE_CURVE ( 'NONE', #4889, #2254, #3349, .T. ) ;
#3412 = CARTESIAN_POINT ( 'NONE',  ( 2.499999999999997780, -2.006270497203338274E-24, 12.60222907321997177 ) ) ;
#3413 = CARTESIAN_POINT ( 'NONE',  ( -1.265060653844737315, 3.054126587736530674, 7.093750000000002665 ) ) ;
#3414 = CARTESIAN_POINT ( 'NONE',  ( -2.350480947161680767, -0.9736010864139355014, -6.187500000000000000 ) ) ;
#3415 = APPROVAL_ROLE ( '' ) ;
#3416 = CARTESIAN_POINT ( 'NONE',  ( 2.350480947161680323, 0.9736010864139177379, -0.5624999999999987788 ) ) ;
#3417 = CARTESIAN_POINT ( 'NONE',  ( 1.807709620543970219, -2.187925451240658514, -12.16765718840530042 ) ) ;
#3418 = CARTESIAN_POINT ( 'NONE',  ( -1.242640687119289655, -3.000000000000018652, -1.562499999999999334 ) ) ;
#3419 = FACE_OUTER_BOUND ( 'NONE', #230, .T. ) ;
#3420 = ORIENTED_EDGE ( 'NONE', *, *, #4158, .T. ) ;
#3421 = CARTESIAN_POINT ( 'NONE',  ( -2.159593620790638546, -2.159593620790646984, -3.593749999999997780 ) ) ;
#3422 = ORIENTED_EDGE ( 'NONE', *, *, #462, .F. ) ;
#3423 = FACE_OUTER_BOUND ( 'NONE', #5433, .T. ) ;
#3424 = CARTESIAN_POINT ( 'NONE',  ( -3.000000000000009770, -8.929207216678438350E-15, 3.375000000000001332 ) ) ;
#3425 = FACE_OUTER_BOUND ( 'NONE', #4947, .T. ) ;
#3426 = EDGE_CURVE ( 'NONE', #1392, #2240, #4267, .T. ) ;
#3427 = MANIFOLD_SOLID_BREP ( 'Boss-Extrude1', #3804 ) ;
#3428 = CARTESIAN_POINT ( 'NONE',  ( 2.159593620790638990, 2.159593620790628776, 4.968749999999997335 ) ) ;
#3429 = CARTESIAN_POINT ( 'NONE',  ( 1.662041016787803693, 1.662041016787793923, -0.6249999999999987788 ) ) ;
#3430 = CARTESIAN_POINT ( 'NONE',  ( 0.5686945971820410728, -2.350480947161690093, 5.036507161731704763 ) ) ;
#3431 = CARTESIAN_POINT ( 'NONE',  ( -3.000000000000009770, -8.929207216678438350E-15, -7.625000000000000000 ) ) ;
#3432 = LINE ( 'NONE', #2064, #5232 ) ;
#3433 = CARTESIAN_POINT ( 'NONE',  ( 0.9736010864139259535, -2.350480947161690537, 3.062500000000001776 ) ) ;
#3434 = DIRECTION ( 'NONE',  ( -1.000000000000000000, 0.000000000000000000, 0.000000000000000000 ) ) ;
#3435 = VECTOR ( 'NONE', #3890, 1000.000000000000000 ) ;
#3436 = CARTESIAN_POINT ( 'NONE',  ( -2.350480947161680767, -0.9736010864139355014, -8.062500000000000000 ) ) ;
#3437 = CARTESIAN_POINT ( 'NONE',  ( -3.054126587736539555, 1.265060653844728655, -7.718750000000001776 ) ) ;
#3438 = CARTESIAN_POINT ( 'NONE',  ( -0.9736010864139263976, 2.350480947161671441, -9.437500000000000000 ) ) ;
#3439 = CARTESIAN_POINT ( 'NONE',  ( 2.350480947161679435, -0.9736010864139368337, -7.812500000000000000 ) ) ;
#3440 =( BOUNDED_CURVE ( )  B_SPLINE_CURVE ( 2, ( #455, #480, #432, #1301, #2146, #1725, #2250, #3461, #3431 ),
 .UNSPECIFIED., .F., .F. ) 
 B_SPLINE_CURVE_WITH_KNOTS ( ( 3, 2, 2, 2, 3 ),
 ( 0.2738095238095237804, 0.2797619047619047117, 0.2857142857142856984, 0.2916666666666666852, 0.2976190476190476164 ),
 .UNSPECIFIED. ) 
 CURVE ( )  GEOMETRIC_REPRESENTATION_ITEM ( )  RATIONAL_B_SPLINE_CURVE ( ( 1.000000000000000666, 0.9238795325112860723, 1.000000000000000000, 0.9238795325112867385, 1.000000000000000000, 0.9238795325112867385, 1.000000000000000000, 0.9238795325112867385, 1.000000000000000000 ) ) 
 REPRESENTATION_ITEM ( '' )  );
#3441 = CARTESIAN_POINT ( 'NONE',  ( -3.673940397442071701E-16, -3.000000000000018652, 3.625000000000001332 ) ) ;
#3442 = CARTESIAN_POINT ( 'NONE',  ( -2.159593620790638102, 2.159593620790629220, 7.156250000000002665 ) ) ;
#3443 = EDGE_CURVE ( 'NONE', #3047, #4035, #1308, .T. ) ;
#3444 = VECTOR ( 'NONE', #3253, 999.9999999999998863 ) ;
#3445 = CARTESIAN_POINT ( 'NONE',  ( -2.350480947161680323, -8.968978788130623169E-15, -4.250000000000000000 ) ) ;
#3446 = PERSON_AND_ORGANIZATION ( #519, #830 ) ;
#3447 = B_SPLINE_CURVE_WITH_KNOTS ( 'NONE', 3,
 ( #4706, #2607, #56, #3479, #5181, #1351, #2216, #3921, #5208, #1376, #956, #1064, #4922, #3132, #4085, #672, #5325, #3670, #195, #251, #4836, #4948, #3163, #2800, #5351, #2746, #4892, #1965, #4505, #697 ),
 .UNSPECIFIED., .F., .F.,
 ( 4, 2, 2, 2, 2, 2, 2, 2, 2, 2, 2, 2, 2, 2, 4 ),
 ( 0.002596187101940755117, 0.003081449964898640148, 0.003566712827856525613, 0.004051975690814410211, 0.004537238553772295242, 0.005022501416730180274, 0.005507764279688064438, 0.005993027142645948602, 0.006478290005603834500, 0.006963552868561717797, 0.007448815731519603696, 0.007934078594477488727, 0.008419341457435374626, 0.009389867183351142954, 0.01036039290926691302 ),
 .UNSPECIFIED. ) ;
#3448 = CARTESIAN_POINT ( 'NONE',  ( -2.350480947161680767, -0.9736010864139355014, -0.06250000000000005551 ) ) ;
#3449 = CARTESIAN_POINT ( 'NONE',  ( 2.499999999999997780, -2.006270497203338274E-24, 12.60222907321997177 ) ) ;
#3450 = CARTESIAN_POINT ( 'NONE',  ( -2.121320343559649046, -2.121320343559657928, -0.6249999999999987788 ) ) ;
#3451 = CARTESIAN_POINT ( 'NONE',  ( -3.673940397442070715E-16, -3.000000000000017764, 6.500000000000000888 ) ) ;
#3452 = VERTEX_POINT ( 'NONE', #4185 ) ;
#3453 = CARTESIAN_POINT ( 'NONE',  ( 0.000000000000000000, 3.054126587736530229, -3.968749999999996447 ) ) ;
#3454 = ORIENTED_EDGE ( 'NONE', *, *, #2506, .F. ) ;
#3455 = CARTESIAN_POINT ( 'NONE',  ( -1.923077136528762887, -1.741409115111722805, 5.730005809570907438 ) ) ;
#3456 = AXIS2_PLACEMENT_3D ( 'NONE', #3703, #5414, #1582 ) ;
#3457 = CARTESIAN_POINT ( 'NONE',  ( 3.000000000000009770, -9.663995296166853972E-15, -0.1250000000000001943 ) ) ;
#3458 = CARTESIAN_POINT ( 'NONE',  ( 2.159593620790638990, 2.159593620790628776, 3.968750000000000000 ) ) ;
#3459 = CARTESIAN_POINT ( 'NONE',  ( -0.9736010864139266197, -2.350480947161689649, 2.937500000000001776 ) ) ;
#3460 = CARTESIAN_POINT ( 'NONE',  ( 1.662041016787803249, -1.662041016787812797, 2.125000000000000000 ) ) ;
#3461 = CARTESIAN_POINT ( 'NONE',  ( -3.000000000000009770, 1.242640687119280551, -7.687500000000000000 ) ) ;
#3462 = FACE_OUTER_BOUND ( 'NONE', #4872, .T. ) ;
#3463 = CARTESIAN_POINT ( 'NONE',  ( 0.9736010864139259535, -2.350480947161690537, 2.062500000000000000 ) ) ;
#3464 = CARTESIAN_POINT ( 'NONE',  ( -2.999999999999991562, 1.242640687119297871, -1.687500000000001110 ) ) ;
#3465 = CARTESIAN_POINT ( 'NONE',  ( 3.054126587736539111, 1.265060653844729099, -8.093750000000001776 ) ) ;
#3466 = CARTESIAN_POINT ( 'NONE',  ( 0.9736010864139259535, -2.350480947161690537, -8.937500000000001776 ) ) ;
#3467 = CARTESIAN_POINT ( 'NONE',  ( 1.662041016787803249, -1.662041016787812797, -9.875000000000000000 ) ) ;
#3468 = CARTESIAN_POINT ( 'NONE',  ( 3.000000000000009770, -9.663995296166853972E-15, -8.125000000000000000 ) ) ;
#3469 = CARTESIAN_POINT ( 'NONE',  ( 3.054126587736539555, -9.673938189029898993E-15, 6.781250000000002665 ) ) ;
#3470 = CARTESIAN_POINT ( 'NONE',  ( -2.350480947161680767, 0.9736010864139172938, -6.312500000000000000 ) ) ;
#3471 = EDGE_CURVE ( 'NONE', #4912, #4, #4524, .T. ) ;
#3472 = CARTESIAN_POINT ( 'NONE',  ( -2.350480947161680323, -8.968978788130623169E-15, -2.125000000000000000 ) ) ;
#3473 = CARTESIAN_POINT ( 'NONE',  ( 2.121320343559648602, -2.121320343559657928, -5.375000000000000000 ) ) ;
#3474 = CARTESIAN_POINT ( 'NONE',  ( -0.2809336263487097196, -2.819027582938355536, 6.384927111702685565 ) ) ;
#3475 = CARTESIAN_POINT ( 'NONE',  ( -3.000000000000027089, -1.242640687119280773, -1.562500000000000666 ) ) ;
#3476 = ORIENTED_EDGE ( 'NONE', *, *, #47, .T. ) ;
#3477 = CARTESIAN_POINT ( 'NONE',  ( 2.159593620790638546, 2.159593620790628776, -3.093749999999997335 ) ) ;
#3478 = ORIENTED_EDGE ( 'NONE', *, *, #4051, .F. ) ;
#3479 = CARTESIAN_POINT ( 'NONE',  ( 2.334027602301238957, 0.6432614580860528397, 5.254725341425459995 ) ) ;
#3480 = CARTESIAN_POINT ( 'NONE',  ( 1.242640687119291210, 2.999999999999999556, 3.062500000000000888 ) ) ;
#3481 = CARTESIAN_POINT ( 'NONE',  ( -3.000000000000009770, -1.242640687119298315, -0.5625000000000005551 ) ) ;
#3482 = CARTESIAN_POINT ( 'NONE',  ( -3.000000000000009326, -8.929207216678438350E-15, 4.250000000000001776 ) ) ;
#3483 = CARTESIAN_POINT ( 'NONE',  ( 0.9736010864139278409, 2.350480947161670997, -0.5624999999999987788 ) ) ;
#3484 = CARTESIAN_POINT ( 'NONE',  ( -2.121320343559649046, -2.121320343559657928, -9.625000000000000000 ) ) ;
#3485 = CARTESIAN_POINT ( 'NONE',  ( 0.000000000000000000, 2.350480947161671441, 7.625000000000001776 ) ) ;
#3486 = CARTESIAN_POINT ( 'NONE',  ( -2.499999999999997780, -1.443375672974062995, 12.82552006691257240 ) ) ;
#3487 = CARTESIAN_POINT ( 'NONE',  ( -1.662041016787803249, 1.662041016787794367, 6.625000000000000888 ) ) ;
#3488 = CARTESIAN_POINT ( 'NONE',  ( -3.000000000000008438, 1.242640687119280329, -0.8124999999999991118 ) ) ;
#3489 = CARTESIAN_POINT ( 'NONE',  ( 3.054126587736539999, -9.673938189029898993E-15, -4.156250000000001776 ) ) ;
#3490 = CARTESIAN_POINT ( 'NONE',  ( 2.350480947161680323, -9.544680581810301090E-15, -11.75000000000000000 ) ) ;
#3491 = CARTESIAN_POINT ( 'NONE',  ( 2.350480947161680323, -9.544680581810301090E-15, -7.750000000000000000 ) ) ;
#3492 = CARTESIAN_POINT ( 'NONE',  ( 1.662041016787803249, -1.662041016787812797, -1.749999999999999778 ) ) ;
#3493 = CARTESIAN_POINT ( 'NONE',  ( -0.9935459423029934234, -2.744231704568484975, 6.620372172442939629 ) ) ;
#3494 = CARTESIAN_POINT ( 'NONE',  ( 2.350480947161680323, -0.9736010864139368337, -12.68749999999999822 ) ) ;
#3495 = CARTESIAN_POINT ( 'NONE',  ( 1.662041016787803249, -1.662041016787812797, -6.875000000000000000 ) ) ;
#3496 = APPROVAL_STATUS ( 'not_yet_approved' ) ;
#3497 = CARTESIAN_POINT ( 'NONE',  ( -0.9736010864139263976, 2.350480947161671441, -1.312499999999999556 ) ) ;
#3498 = CARTESIAN_POINT ( 'NONE',  ( 0.000000000000000000, -2.818925648462311528E-15, -13.00000000000000178 ) ) ;
#3499 = CARTESIAN_POINT ( 'NONE',  ( -2.295644853936795737, 1.561360171563938248, 12.75740168489076432 ) ) ;
#3500 = CARTESIAN_POINT ( 'NONE',  ( 3.000000000000009326, -9.663995296166853972E-15, 6.750000000000000000 ) ) ;
#3501 = ORIENTED_EDGE ( 'NONE', *, *, #2347, .T. ) ;
#3502 = CARTESIAN_POINT ( 'NONE',  ( -2.159593620790638102, 2.159593620790629220, -4.843749999999997335 ) ) ;
#3503 = VERTEX_POINT ( 'NONE', #1727 ) ;
#3504 = CARTESIAN_POINT ( 'NONE',  ( 2.949114434572658094, 2.482927081533379168E-11, 6.720621205103923579 ) ) ;
#3505 = CARTESIAN_POINT ( 'NONE',  ( 0.8275106219414277708, 2.408987865612968626, 12.62338383629734651 ) ) ;
#3506 = CARTESIAN_POINT ( 'NONE',  ( 3.000000000000008438, 1.242640687119280773, -4.187499999999998224 ) ) ;
#3507 = CARTESIAN_POINT ( 'NONE',  ( -2.121320343559649491, -2.121320343559658372, -10.50000000000000178 ) ) ;
#3508 = EDGE_CURVE ( 'NONE', #4084, #4825, #456, .T. ) ;
#3509 = CARTESIAN_POINT ( 'NONE',  ( 1.662041016787803249, -1.662041016787812797, -0.8749999999999990008 ) ) ;
#3510 = CARTESIAN_POINT ( 'NONE',  ( -3.000000000000009326, -8.929207216678438350E-15, -8.749999999999998224 ) ) ;
#3511 = CARTESIAN_POINT ( 'NONE',  ( -2.350480947161680767, 0.9736010864139172938, 5.812500000000000000 ) ) ;
#3512 = CARTESIAN_POINT ( 'NONE',  ( 0.000000000000000000, -2.602085213965210642E-15, 12.70000000000000107 ) ) ;
#3513 = EDGE_CURVE ( 'NONE', #1939, #4560, #3432, .T. ) ;
#3514 = CARTESIAN_POINT ( 'NONE',  ( -0.9736010864139263976, 2.350480947161671441, 4.562500000000000000 ) ) ;
#3515 = CARTESIAN_POINT ( 'NONE',  ( 3.000000000000009326, -9.663995296166853972E-15, 5.750000000000000000 ) ) ;
#3516 = CARTESIAN_POINT ( 'NONE',  ( 3.054126587736538667, -1.265060653844748195, -3.218750000000001776 ) ) ;
#3517 = CARTESIAN_POINT ( 'NONE',  ( -1.662041016787803249, 1.662041016787794367, -12.37500000000000000 ) ) ;
#3518 = CARTESIAN_POINT ( 'NONE',  ( 0.9736010864139258425, -2.350480947161690537, -2.937499999999999112 ) ) ;
#3519 = CARTESIAN_POINT ( 'NONE',  ( -2.350480947161680323, 0.9736010864139172938, -0.1875000000000001665 ) ) ;
#3520 = AXIS2_PLACEMENT_3D ( 'NONE', #404, #592, #1804 ) ;
#3521 = CARTESIAN_POINT ( 'NONE',  ( 2.121320343559648602, -2.121320343559657928, -4.374999999999999112 ) ) ;
#3522 = CARTESIAN_POINT ( 'NONE',  ( -1.662041016787803249, 1.662041016787794367, -9.250000000000000000 ) ) ;
#3523 = CARTESIAN_POINT ( 'NONE',  ( -2.350480947161680767, 0.9736010864139172938, -7.312500000000000000 ) ) ;
#3524 = CARTESIAN_POINT ( 'NONE',  ( 0.000000000000000000, 2.350480947161671441, 1.624999999999999778 ) ) ;
#3525 = CARTESIAN_POINT ( 'NONE',  ( 2.499999999999998224, 0.4911236299850884057, 12.62373350669433059 ) ) ;
#3526 = CIRCLE ( 'NONE', #4065, 2.000000000000000888 ) ;
#3527 = DIRECTION ( 'NONE',  ( -0.000000000000000000, -0.000000000000000000, -1.000000000000000000 ) ) ;
#3528 = ORIENTED_EDGE ( 'NONE', *, *, #3337, .T. ) ;
#3529 = CARTESIAN_POINT ( 'NONE',  ( 3.054126587736539555, -9.673938189029898993E-15, -3.218749999999997780 ) ) ;
#3530 = ORIENTED_EDGE ( 'NONE', *, *, #1938, .T. ) ;
#3531 = CARTESIAN_POINT ( 'NONE',  ( 2.121320343559648602, -2.121320343559657928, 5.624999999999999112 ) ) ;
#3532 = CARTESIAN_POINT ( 'NONE',  ( -3.000000000000018208, 1.242640687119271448, -8.687499999999996447 ) ) ;
#3533 = CARTESIAN_POINT ( 'NONE',  ( 2.159593620790638102, -2.159593620790647428, -11.34374999999999822 ) ) ;
#3534 = CARTESIAN_POINT ( 'NONE',  ( 2.350480947161680323, -9.544680581810301090E-15, -5.625000000000000000 ) ) ;
#3535 = CARTESIAN_POINT ( 'NONE',  ( 3.000000000000008438, 1.242640687119280773, -6.187499999999999112 ) ) ;
#3536 = CARTESIAN_POINT ( 'NONE',  ( -2.350480947161680323, -8.968978788130623169E-15, 0.7500000000000006661 ) ) ;
#3537 = CARTESIAN_POINT ( 'NONE',  ( 0.9736010864139278409, 2.350480947161670997, 7.562500000000001776 ) ) ;
#3538 = AXIS2_PLACEMENT_3D ( 'NONE', #3805, #1230, #1258 ) ;
#3539 = DIRECTION ( 'NONE',  ( -0.000000000000000000, -0.000000000000000000, 1.000000000000000000 ) ) ;
#3540 = CARTESIAN_POINT ( 'NONE',  ( 2.350480947161680323, -0.9736010864139368337, 4.187500000000002665 ) ) ;
#3541 = CARTESIAN_POINT ( 'NONE',  ( 3.000000000000009770, -9.663995296166853972E-15, -11.12500000000000178 ) ) ;
#3542 = AXIS2_PLACEMENT_3D ( 'NONE', #4484, #2861, #259 ) ;
#3543 = CARTESIAN_POINT ( 'NONE',  ( 3.054126587736539999, -9.673938189029898993E-15, -1.156250000000001110 ) ) ;
#3544 = CARTESIAN_POINT ( 'NONE',  ( 0.9736010864139259535, -2.350480947161690537, -10.93749999999999822 ) ) ;
#3545 = CARTESIAN_POINT ( 'NONE',  ( -0.9736010864139263976, 2.350480947161671441, -5.437500000000000000 ) ) ;
#3546 = ADVANCED_FACE ( 'NONE', ( #880 ), #4213, .T. ) ;
#3547 = CARTESIAN_POINT ( 'NONE',  ( -0.9736010864139266197, -2.350480947161689649, 2.062500000000000000 ) ) ;
#3548 = ORIENTED_EDGE ( 'NONE', *, *, #4354, .F. ) ;
#3549 = CARTESIAN_POINT ( 'NONE',  ( 1.242640687119288767, -3.000000000000019540, -4.437499999999998224 ) ) ;
#3550 = CARTESIAN_POINT ( 'NONE',  ( 2.350480947161680323, -9.544680581810301090E-15, -8.625000000000000000 ) ) ;
#3551 = CARTESIAN_POINT ( 'NONE',  ( 2.350480947161680323, 0.9736010864139177379, 0.4375000000000003331 ) ) ;
#3552 = DIRECTION ( 'NONE',  ( -1.000000000000000000, 0.000000000000000000, 0.000000000000000000 ) ) ;
#3553 = CARTESIAN_POINT ( 'NONE',  ( -2.350480947161680323, 0.9736010864139172938, -11.18750000000000000 ) ) ;
#3554 = CARTESIAN_POINT ( 'NONE',  ( 2.160134809679410850, 0.9581618117216146313, -12.64951905283832723 ) ) ;
#3555 = ORIENTED_EDGE ( 'NONE', *, *, #2519, .F. ) ;
#3556 = CARTESIAN_POINT ( 'NONE',  ( 0.000000000000000000, 3.054126587736530229, 1.031250000000002665 ) ) ;
#3557 = VERTEX_POINT ( 'NONE', #2511 ) ;
#3558 = CARTESIAN_POINT ( 'NONE',  ( 2.038075248092423131, -1.732936578235729108, 5.952971886106834809 ) ) ;
#3559 = CARTESIAN_POINT ( 'NONE',  ( 0.1231951186518114028, 2.779978426341869646, 6.247123135085939971 ) ) ;
#3560 = CARTESIAN_POINT ( 'NONE',  ( 3.054126587736538667, 1.265060653844728877, -12.15624999999999645 ) ) ;
#3561 = CARTESIAN_POINT ( 'NONE',  ( -1.662041016787803471, -1.662041016787812353, -2.000000000000000000 ) ) ;
#3562 = LINE ( 'NONE', #1354, #4679 ) ;
#3563 = CARTESIAN_POINT ( 'NONE',  ( 2.350480947161680323, 0.9736010864139177379, 3.312500000000001776 ) ) ;
#3564 = EDGE_CURVE ( 'NONE', #4891, #2215, #1250, .T. ) ;
#3565 = CARTESIAN_POINT ( 'NONE',  ( 1.242640687119290765, 2.999999999999999112, 4.937500000000002665 ) ) ;
#3566 = CARTESIAN_POINT ( 'NONE',  ( 2.121320343559649491, -2.121320343559658372, 2.750000000000000888 ) ) ;
#3567 = CARTESIAN_POINT ( 'NONE',  ( -1.662041016787803471, -1.662041016787812353, 5.875000000000000000 ) ) ;
#3568 = CARTESIAN_POINT ( 'NONE',  ( -2.121320343559649046, -2.121320343559657928, 3.375000000000001332 ) ) ;
#3569 = CARTESIAN_POINT ( 'NONE',  ( -3.054126587736539555, 1.265060653844728655, -4.718750000000002665 ) ) ;
#3570 = CARTESIAN_POINT ( 'NONE',  ( -2.350480947161680767, 0.9736010864139172938, -8.312500000000000000 ) ) ;
#3571 = CARTESIAN_POINT ( 'NONE',  ( -2.350480947161680323, -8.968978788130623169E-15, -5.249999999999999112 ) ) ;
#3572 = CARTESIAN_POINT ( 'NONE',  ( 2.350480947161680323, -9.544680581810301090E-15, -1.624999999999999778 ) ) ;
#3573 = CARTESIAN_POINT ( 'NONE',  ( -1.662041016787803471, -1.662041016787812353, 1.000000000000000888 ) ) ;
#3574 = ORIENTED_EDGE ( 'NONE', *, *, #4224, .F. ) ;
#3575 = CARTESIAN_POINT ( 'NONE',  ( -2.506235418815959459, -1.428996135506026111, 6.527878865875036851 ) ) ;
#3576 = EDGE_CURVE ( 'NONE', #1981, #922, #378, .T. ) ;
#3577 = CARTESIAN_POINT ( 'NONE',  ( -2.350480947161680323, -8.968978788130623169E-15, -9.125000000000000000 ) ) ;
#3578 = CC_DESIGN_APPROVAL ( #3055, ( #489 ) ) ;
#3579 =( BOUNDED_CURVE ( )  B_SPLINE_CURVE ( 2, ( #4739, #2172, #3005, #510, #5164, #2641, #879, #5188, #3054 ),
 .UNSPECIFIED., .F., .F. ) 
 B_SPLINE_CURVE_WITH_KNOTS ( ( 3, 2, 2, 2, 3 ),
 ( 0.2261904761904762196, 0.2321428571428571508, 0.2380952380952381930, 0.2440476190476191243, 0.2500000000000000555 ),
 .UNSPECIFIED. ) 
 CURVE ( )  GEOMETRIC_REPRESENTATION_ITEM ( )  RATIONAL_B_SPLINE_CURVE ( ( 0.9999999999999993339, 0.9238795325112872936, 1.000000000000000000, 0.9238795325112866275, 1.000000000000000000, 0.9238795325112866275, 1.000000000000000000, 0.9238795325112859613, 1.000000000000000666 ) ) 
 REPRESENTATION_ITEM ( '' )  );
#3580 = CARTESIAN_POINT ( 'NONE',  ( 1.662041016787803249, -1.662041016787812797, 1.250000000000001110 ) ) ;
#3581 = CARTESIAN_POINT ( 'NONE',  ( -3.673940397442071701E-16, -3.000000000000018652, -6.375000000000000888 ) ) ;
#3582 = CARTESIAN_POINT ( 'NONE',  ( -2.709180125933974725, -0.3729256274387353631, 6.114293012070076472 ) ) ;
#3583 = DIRECTION ( 'NONE',  ( -1.000000000000000000, 0.000000000000000000, 0.000000000000000000 ) ) ;
#3584 = EDGE_LOOP ( 'NONE', ( #1291, #2054, #3920, #3974 ) ) ;
#3585 = CARTESIAN_POINT ( 'NONE',  ( 2.159593620790638102, -2.159593620790647428, -1.343749999999997780 ) ) ;
#3586 = ORIENTED_EDGE ( 'NONE', *, *, #1254, .T. ) ;
#3587 = CARTESIAN_POINT ( 'NONE',  ( -1.662041016787803249, 1.662041016787794367, -12.37500000000000000 ) ) ;
#3588 = CARTESIAN_POINT ( 'NONE',  ( -3.054126587736539555, -8.925892919057422291E-15, -12.71874999999999822 ) ) ;
#3589 = CARTESIAN_POINT ( 'NONE',  ( 2.350480947161679435, 0.9736010864139177379, -5.562500000000000000 ) ) ;
#3590 = DIRECTION ( 'NONE',  ( -0.000000000000000000, -0.000000000000000000, 1.000000000000000000 ) ) ;
#3591 = CARTESIAN_POINT ( 'NONE',  ( -0.9736010864139263976, 2.350480947161671441, 6.562500000000000888 ) ) ;
#3592 = CARTESIAN_POINT ( 'NONE',  ( -3.000000000000009770, -8.929207216678438350E-15, -4.625000000000000888 ) ) ;
#3593 = ORIENTED_EDGE ( 'NONE', *, *, #1672, .T. ) ;
#3594 = CARTESIAN_POINT ( 'NONE',  ( -3.000000000000027089, -1.242640687119280773, -11.68750000000000000 ) ) ;
#3595 = CARTESIAN_POINT ( 'NONE',  ( -1.662041016787803249, 1.662041016787794367, 5.625000000000000000 ) ) ;
#3596 = CARTESIAN_POINT ( 'NONE',  ( -1.242640687119289211, 3.000000000000000000, -6.937499999999999112 ) ) ;
#3597 = ADVANCED_BREP_SHAPE_REPRESENTATION ( '91292A137_18-8 Stainless Steel Socket Head Screw', ( #3427, #118 ), #4941 ) ;
#3598 = CARTESIAN_POINT ( 'NONE',  ( -3.054126587736539555, 1.265060653844728655, -2.718750000000002220 ) ) ;
#3599 = CARTESIAN_POINT ( 'NONE',  ( -0.9736010864139263976, 2.350480947161671441, -6.437500000000000000 ) ) ;
#3600 = CARTESIAN_POINT ( 'NONE',  ( -2.350480947161680323, -0.9736010864139353904, -4.187500000000000000 ) ) ;
#3601 = CARTESIAN_POINT ( 'NONE',  ( 1.662041016787803249, -1.662041016787812797, 1.250000000000001110 ) ) ;
#3602 = CARTESIAN_POINT ( 'NONE',  ( 0.000000000000000000, 2.350480947161671441, -1.374999999999999556 ) ) ;
#3603 = ORIENTED_EDGE ( 'NONE', *, *, #635, .T. ) ;
#3604 = CARTESIAN_POINT ( 'NONE',  ( 3.000000000000026645, 1.242640687119263232, -5.187500000000000888 ) ) ;
#3605 = CARTESIAN_POINT ( 'NONE',  ( 1.662041016787803693, 1.662041016787793923, -9.500000000000000000 ) ) ;
#3606 = AXIS2_PLACEMENT_3D ( 'NONE', #3498, #3862, #1792 ) ;
#3607 = CARTESIAN_POINT ( 'NONE',  ( -0.9736010864139266197, -2.350480947161689649, 3.062500000000001776 ) ) ;
#3608 = DIRECTION ( 'NONE',  ( -1.000000000000000000, 0.000000000000000000, 0.000000000000000000 ) ) ;
#3609 = CARTESIAN_POINT ( 'NONE',  ( 2.350480947161680323, -9.544680581810301090E-15, -10.62499999999999822 ) ) ;
#3610 = ADVANCED_FACE ( 'NONE', ( #2539 ), #407, .F. ) ;
#3611 = VERTEX_POINT ( 'NONE', #1415 ) ;
#3612 = CARTESIAN_POINT ( 'NONE',  ( -3.054126587736539111, -1.265060653844746197, -0.6562499999999972244 ) ) ;
#3613 = ORIENTED_EDGE ( 'NONE', *, *, #3096, .F. ) ;
#3614 = CARTESIAN_POINT ( 'NONE',  ( 2.999999999999990674, -1.242640687119317633, -10.31250000000000178 ) ) ;
#3615 = CARTESIAN_POINT ( 'NONE',  ( 2.159593620790638546, 2.159593620790628776, -10.09374999999999822 ) ) ;
#3616 =( BOUNDED_CURVE ( )  B_SPLINE_CURVE ( 2, ( #1709, #2571, #5540, #2934, #3774, #887, #3858, #4720, #385 ),
 .UNSPECIFIED., .F., .F. ) 
 B_SPLINE_CURVE_WITH_KNOTS ( ( 3, 2, 2, 2, 3 ),
 ( 0.08333333333333339810, 0.08928571428571435709, 0.09523809523809531608, 0.1011904761904762612, 0.1071428571428572202 ),
 .UNSPECIFIED. ) 
 CURVE ( )  GEOMETRIC_REPRESENTATION_ITEM ( )  RATIONAL_B_SPLINE_CURVE ( ( 0.9999999999999996669, 0.9238795325112869605, 1.000000000000000000, 0.9238795325112866275, 1.000000000000000000, 0.9238795325112866275, 1.000000000000000000, 0.9238795325112850731, 1.000000000000001554 ) ) 
 REPRESENTATION_ITEM ( '' )  );
#3617 = CARTESIAN_POINT ( 'NONE',  ( -1.662041016787803471, -1.662041016787812353, -4.999999999999999112 ) ) ;
#3618 = CARTESIAN_POINT ( 'NONE',  ( 1.242640687119290765, 2.999999999999999112, -3.062499999999998668 ) ) ;
#3619 = CARTESIAN_POINT ( 'NONE',  ( -0.9736010864139266197, -2.350480947161689649, 6.937500000000000888 ) ) ;
#3620 = DIRECTION ( 'NONE',  ( 0.000000000000000000, 0.000000000000000000, 1.000000000000000000 ) ) ;
#3621 = CARTESIAN_POINT ( 'NONE',  ( 0.000000000000000000, -9.107298248878237246E-15, 7.000000000000002665 ) ) ;
#3622 = VERTEX_POINT ( 'NONE', #3486 ) ;
#3623 = CARTESIAN_POINT ( 'NONE',  ( 2.942183035955127313, 0.3443656929324406812, 6.743288345196318367 ) ) ;
#3624 = CARTESIAN_POINT ( 'NONE',  ( 3.054126587736539111, 1.265060653844729099, -11.09375000000000178 ) ) ;
#3625 = CARTESIAN_POINT ( 'NONE',  ( -2.499999999999997780, 1.443375672974062551, 10.00000000000000178 ) ) ;
#3626 = CARTESIAN_POINT ( 'NONE',  ( 1.265060653844739313, 3.054126587736530229, 1.031249999999999334 ) ) ;
#3627 = CARTESIAN_POINT ( 'NONE',  ( 0.000000000000000000, 2.350480947161671441, -7.500000000000000000 ) ) ;
#3628 = CARTESIAN_POINT ( 'NONE',  ( -1.662041016787803471, -1.662041016787812353, -2.125000000000000000 ) ) ;
#3629 = VECTOR ( 'NONE', #2927, 1000.000000000000000 ) ;
#3630 = CARTESIAN_POINT ( 'NONE',  ( 2.350480947161680323, 0.9736010864139177379, -0.5624999999999987788 ) ) ;
#3631 = CARTESIAN_POINT ( 'NONE',  ( 1.662041016787803693, 1.662041016787793923, 3.500000000000001332 ) ) ;
#3632 = CARTESIAN_POINT ( 'NONE',  ( 2.350480947161680323, -0.9736010864139368337, -0.8124999999999990008 ) ) ;
#3633 = ORIENTED_EDGE ( 'NONE', *, *, #5047, .T. ) ;
#3634 = VECTOR ( 'NONE', #1157, 1000.000000000000000 ) ;
#3635 = CARTESIAN_POINT ( 'NONE',  ( -1.242640687119289211, 3.000000000000000000, -4.937500000000000000 ) ) ;
#3636 = EDGE_CURVE ( 'NONE', #1870, #625, #864, .T. ) ;
#3637 = CARTESIAN_POINT ( 'NONE',  ( -1.662041016787803471, -1.662041016787812353, -8.000000000000000000 ) ) ;
#3638 = CARTESIAN_POINT ( 'NONE',  ( 0.9736010864139258425, -2.350480947161690537, -11.93750000000000000 ) ) ;
#3639 = DIRECTION ( 'NONE',  ( 1.000000000000000000, 0.000000000000000000, 0.000000000000000000 ) ) ;
#3640 = CARTESIAN_POINT ( 'NONE',  ( 3.000000000000009770, -9.663995296166853972E-15, -4.125000000000000000 ) ) ;
#3641 = CARTESIAN_POINT ( 'NONE',  ( 2.159593620790638102, -2.159593620790647428, -0.3437499999999968359 ) ) ;
#3642 = VERTEX_POINT ( 'NONE', #3113 ) ;
#3643 = CARTESIAN_POINT ( 'NONE',  ( -2.350480947161680767, -0.9736010864139355014, -12.18750000000000000 ) ) ;
#3644 = EDGE_CURVE ( 'NONE', #5383, #4440, #579, .T. ) ;
#3645 = CARTESIAN_POINT ( 'NONE',  ( 0.9736010864139258425, -2.350480947161690537, -3.812500000000000000 ) ) ;
#3646 = CARTESIAN_POINT ( 'NONE',  ( 3.000000000000009326, -9.663995296166853972E-15, -3.249999999999999556 ) ) ;
#3647 = CARTESIAN_POINT ( 'NONE',  ( -0.9736010864139266197, -2.350480947161689649, 5.937500000000000000 ) ) ;
#3648 = ADVANCED_FACE ( 'NONE', ( #3953, #3462 ), #2280, .T. ) ;
#3649 = CARTESIAN_POINT ( 'NONE',  ( -2.121320343559648602, 2.121320343559640165, -8.875000000000000000 ) ) ;
#3650 = VERTEX_POINT ( 'NONE', #1780 ) ;
#3651 = CARTESIAN_POINT ( 'NONE',  ( 2.513096110014406026, 1.632030734781765524, 6.837508436623870978 ) ) ;
#3652 =( BOUNDED_CURVE ( )  B_SPLINE_CURVE ( 2, ( #4707, #2971, #2665, #4342, #5102, #2141, #2559, #4312, #927 ),
 .UNSPECIFIED., .F., .F. ) 
 B_SPLINE_CURVE_WITH_KNOTS ( ( 3, 2, 2, 2, 3 ),
 ( 0.4166666666666666297, 0.4226190476190475609, 0.4285714285714284921, 0.4345238095238095344, 0.4404761904761904656 ),
 .UNSPECIFIED. ) 
 CURVE ( )  GEOMETRIC_REPRESENTATION_ITEM ( )  RATIONAL_B_SPLINE_CURVE ( ( 1.000000000000000666, 0.9238795325112860723, 1.000000000000000000, 0.9238795325112867385, 1.000000000000000000, 0.9238795325112867385, 1.000000000000000000, 0.9238795325112867385, 1.000000000000000000 ) ) 
 REPRESENTATION_ITEM ( '' )  );
#3653 = CARTESIAN_POINT ( 'NONE',  ( -1.265060653844737759, -3.054126587736549769, -12.46875000000000178 ) ) ;
#3654 = CARTESIAN_POINT ( 'NONE',  ( 1.141127535745563248, -2.155212719086121886, 5.237039123392110085 ) ) ;
#3655 = CARTESIAN_POINT ( 'NONE',  ( 2.159593620790638990, 2.159593620790628776, -0.03125000000000176248 ) ) ;
#3656 = CARTESIAN_POINT ( 'NONE',  ( 0.9736010864139259535, -2.350480947161690537, -7.937500000000000888 ) ) ;
#3657 = CARTESIAN_POINT ( 'NONE',  ( 0.000000000000000000, 2.350480947161671441, 1.499999999999999556 ) ) ;
#3658 = CARTESIAN_POINT ( 'NONE',  ( 2.350480947161680323, -9.544680581810301090E-15, -0.6249999999999987788 ) ) ;
#3659 = CARTESIAN_POINT ( 'NONE',  ( -0.7184349058615949746, -2.237992843824517575, 5.075889215912897434 ) ) ;
#3660 = CARTESIAN_POINT ( 'NONE',  ( 1.662041016787803693, 1.662041016787793923, -2.624999999999998668 ) ) ;
#3661 = DIRECTION ( 'NONE',  ( -1.000000000000000000, 0.000000000000000000, 0.000000000000000000 ) ) ;
#3662 = CARTESIAN_POINT ( 'NONE',  ( -3.000000000000009770, -1.242640687119298315, -3.562499999999999556 ) ) ;
#3663 = CARTESIAN_POINT ( 'NONE',  ( -2.350480947161680323, -8.968978788130623169E-15, -3.124999999999999112 ) ) ;
#3664 = CARTESIAN_POINT ( 'NONE',  ( 3.000000000000009326, -9.663995296166853972E-15, -7.249999999999999112 ) ) ;
#3665 = CARTESIAN_POINT ( 'NONE',  ( 1.662041016787803693, 1.662041016787793923, -12.62499999999999822 ) ) ;
#3666 = CARTESIAN_POINT ( 'NONE',  ( 1.662041016787803249, -1.662041016787812797, -9.750000000000000000 ) ) ;
#3667 = CARTESIAN_POINT ( 'NONE',  ( 0.000000000000000000, 3.000000000000000444, -11.87500000000000000 ) ) ;
#3668 = CARTESIAN_POINT ( 'NONE',  ( -2.159593620790638546, -2.159593620790646984, -0.5937499999999971134 ) ) ;
#3669 = VERTEX_POINT ( 'NONE', #2251 ) ;
#3670 = CARTESIAN_POINT ( 'NONE',  ( -0.2229764760024222081, 2.477526033406478145, 5.437661218739160418 ) ) ;
#3671 = CARTESIAN_POINT ( 'NONE',  ( 0.9736010864139278409, 2.350480947161670997, -4.437500000000000000 ) ) ;
#3672 = CARTESIAN_POINT ( 'NONE',  ( 0.000000000000000000, 3.000000000000000444, 6.125000000000000000 ) ) ;
#3673 = CARTESIAN_POINT ( 'NONE',  ( -2.350480947161680767, 0.9736010864139172938, 5.687500000000000000 ) ) ;
#3674 = CARTESIAN_POINT ( 'NONE',  ( 0.000000000000000000, 2.999999999999999556, -8.999999999999998224 ) ) ;
#3675 = ORIENTED_EDGE ( 'NONE', *, *, #2117, .F. ) ;
#3676 = CARTESIAN_POINT ( 'NONE',  ( -1.429523027326967011, 2.063354798660145484, -12.49315779403125859 ) ) ;
#3677 = CARTESIAN_POINT ( 'NONE',  ( -2.159593620790638546, -2.159593620790647428, -10.53125000000000178 ) ) ;
#3678 = CARTESIAN_POINT ( 'NONE',  ( 2.483032629396092261, -0.1889346797262648758, 5.440071969762666271 ) ) ;
#3679 = CARTESIAN_POINT ( 'NONE',  ( 2.159593620790638990, 2.159593620790628776, 2.968749999999999112 ) ) ;
#3680 = CARTESIAN_POINT ( 'NONE',  ( 1.662041016787803693, 1.662041016787793923, -8.625000000000000000 ) ) ;
#3681 = CARTESIAN_POINT ( 'NONE',  ( 1.662041016787803693, 1.662041016787793923, 0.3750000000000003331 ) ) ;
#3682 = CARTESIAN_POINT ( 'NONE',  ( -2.878508968398391083E-16, -2.350480947161689649, 0.1250000000000001110 ) ) ;
#3683 = EDGE_CURVE ( 'NONE', #1742, #2780, #4434, .T. ) ;
#3684 = CARTESIAN_POINT ( 'NONE',  ( 1.774049607503820569, -1.583310087738446059, 5.123728274512578729 ) ) ;
#3685 = CARTESIAN_POINT ( 'NONE',  ( -2.350480947161680767, -0.9736010864139355014, -3.187499999999999556 ) ) ;
#3686 = CYLINDRICAL_SURFACE ( 'NONE', #4332, 3.000000000000003109 ) ;
#3687 = CARTESIAN_POINT ( 'NONE',  ( -1.662041016787803471, -1.662041016787812353, -13.00000000000000000 ) ) ;
#3688 = CARTESIAN_POINT ( 'NONE',  ( -2.350480947161680767, 0.9736010864139172938, -4.187500000000000000 ) ) ;
#3689 = CARTESIAN_POINT ( 'NONE',  ( 3.000000000000009770, -9.663995296166853972E-15, -5.124999999999999112 ) ) ;
#3690 = CARTESIAN_POINT ( 'NONE',  ( -1.662041016787803471, -1.662041016787812353, -11.12500000000000000 ) ) ;
#3691 = CARTESIAN_POINT ( 'NONE',  ( -1.662041016787803471, -1.662041016787812353, -6.999999999999999112 ) ) ;
#3692 = CARTESIAN_POINT ( 'NONE',  ( 2.159593620790638102, -2.159593620790647428, 3.656250000000003109 ) ) ;
#3693 = ORIENTED_EDGE ( 'NONE', *, *, #5459, .F. ) ;
#3694 = CARTESIAN_POINT ( 'NONE',  ( -0.9736010864139263976, 2.350480947161671441, -13.43749999999999822 ) ) ;
#3695 = AXIS2_PLACEMENT_3D ( 'NONE', #3100, #1739, #2184 ) ;
#3696 = CARTESIAN_POINT ( 'NONE',  ( 0.9736010864139278409, 2.350480947161670997, -6.437500000000000000 ) ) ;
#3697 = CARTESIAN_POINT ( 'NONE',  ( 0.000000000000000000, 2.350480947161671441, 7.500000000000001776 ) ) ;
#3698 = DIRECTION ( 'NONE',  ( -1.000000000000000000, 0.000000000000000000, 0.000000000000000000 ) ) ;
#3699 = VERTEX_POINT ( 'NONE', #2614 ) ;
#3700 = CARTESIAN_POINT ( 'NONE',  ( -2.159593620790638102, 2.159593620790629220, -6.843749999999997335 ) ) ;
#3701 = FACE_OUTER_BOUND ( 'NONE', #4810, .T. ) ;
#3702 = CARTESIAN_POINT ( 'NONE',  ( -2.159593620790638546, 2.159593620790629220, -12.78125000000000178 ) ) ;
#3703 = CARTESIAN_POINT ( 'NONE',  ( 0.000000000000000000, -2.818925648462311528E-15, -13.00000000000000178 ) ) ;
#3704 = CARTESIAN_POINT ( 'NONE',  ( -1.265060653844737759, -3.054126587736549769, -0.4687500000000021094 ) ) ;
#3705 = CARTESIAN_POINT ( 'NONE',  ( -1.662041016787803249, 1.662041016787794367, -2.375000000000000444 ) ) ;
#3706 = CARTESIAN_POINT ( 'NONE',  ( 0.000000000000000000, 2.350480947161671441, 0.5000000000000004441 ) ) ;
#3707 = CARTESIAN_POINT ( 'NONE',  ( 0.9736010864139259535, -2.350480947161690537, 3.187500000000001332 ) ) ;
#3708 = VECTOR ( 'NONE', #4842, 1000.000000000000000 ) ;
#3709 = CARTESIAN_POINT ( 'NONE',  ( 0.000000000000000000, 2.350480947161671441, 2.625000000000000444 ) ) ;
#3710 = CARTESIAN_POINT ( 'NONE',  ( 2.350480947161680323, -0.9736010864139368337, -1.812500000000000000 ) ) ;
#3711 = ORIENTED_EDGE ( 'NONE', *, *, #5323, .F. ) ;
#3712 = CARTESIAN_POINT ( 'NONE',  ( -2.121320343559648602, 2.121320343559640165, -4.874999999999998224 ) ) ;
#3713 = CARTESIAN_POINT ( 'NONE',  ( 2.350480947161680323, -9.544680581810301090E-15, 0.3750000000000003331 ) ) ;
#3714 = CARTESIAN_POINT ( 'NONE',  ( -0.9736010864139263976, 2.350480947161671441, -5.312499999999999112 ) ) ;
#3715 = VECTOR ( 'NONE', #4687, 1000.000000000000000 ) ;
#3716 = CARTESIAN_POINT ( 'NONE',  ( -3.000000000000009770, 1.242640687119280551, -2.687500000000000444 ) ) ;
#3717 = VECTOR ( 'NONE', #5412, 1000.000000000000000 ) ;
#3718 = CARTESIAN_POINT ( 'NONE',  ( -2.350480947161680323, -8.968978788130623169E-15, -6.249999999999999112 ) ) ;
#3719 = CARTESIAN_POINT ( 'NONE',  ( -0.9736010864139266197, -2.350480947161689649, -6.937499999999999112 ) ) ;
#3720 = CARTESIAN_POINT ( 'NONE',  ( 3.054126587736538667, 1.265060653844728877, 4.843750000000004441 ) ) ;
#3721 = ORIENTED_EDGE ( 'NONE', *, *, #2854, .T. ) ;
#3722 = CARTESIAN_POINT ( 'NONE',  ( 0.000000000000000000, 2.350480947161671441, -9.500000000000000000 ) ) ;
#3723 = CARTESIAN_POINT ( 'NONE',  ( -0.9736010864139263976, 2.350480947161671441, -5.312499999999999112 ) ) ;
#3724 = CARTESIAN_POINT ( 'NONE',  ( 2.089581540030386542, -1.680330881317909641, 12.70119088076187452 ) ) ;
#3725 = CARTESIAN_POINT ( 'NONE',  ( 2.350480947161680323, -0.9736010864139368337, 7.187500000000000888 ) ) ;
#3726 = CARTESIAN_POINT ( 'NONE',  ( 0.000000000000000000, 2.999999999999999556, -11.99999999999999645 ) ) ;
#3727 = ORIENTED_EDGE ( 'NONE', *, *, #1424, .F. ) ;
#3728 = CARTESIAN_POINT ( 'NONE',  ( 2.159593620790638102, -2.159593620790647428, -9.343749999999998224 ) ) ;
#3729 = CARTESIAN_POINT ( 'NONE',  ( -3.000000000000009770, -8.929207216678438350E-15, -8.624999999999998224 ) ) ;
#3730 = CARTESIAN_POINT ( 'NONE',  ( 3.054126587736539999, -9.673938189029898993E-15, -11.15625000000000355 ) ) ;
#3731 = CARTESIAN_POINT ( 'NONE',  ( -1.810793244709001604, 1.953751763263174901, 5.921996129005540510 ) ) ;
#3732 = CARTESIAN_POINT ( 'NONE',  ( 1.074489722339423636, -2.090510109891138502, 5.075889215912897434 ) ) ;
#3733 = CARTESIAN_POINT ( 'NONE',  ( -3.054126587736539555, 1.265060653844728655, 1.281249999999997558 ) ) ;
#3734 = EDGE_CURVE ( 'NONE', #1852, #2215, #2047, .T. ) ;
#3735 = CARTESIAN_POINT ( 'NONE',  ( 2.350480947161680323, 0.9736010864139177379, -3.687499999999999556 ) ) ;
#3736 = CARTESIAN_POINT ( 'NONE',  ( 1.662041016787803249, -1.662041016787812797, -1.875000000000000000 ) ) ;
#3737 = CARTESIAN_POINT ( 'NONE',  ( -2.350480947161680767, 0.9736010864139172938, 4.812500000000000000 ) ) ;
#3738 = CARTESIAN_POINT ( 'NONE',  ( 2.364424078531955686, -0.4349527524062329342, 5.196492069525358914 ) ) ;
#3739 = CARTESIAN_POINT ( 'NONE',  ( -1.662041016787803471, -1.662041016787812353, -2.125000000000000000 ) ) ;
#3740 = DIRECTION ( 'NONE',  ( -0.000000000000000000, -0.000000000000000000, -1.000000000000000000 ) ) ;
#3741 = CARTESIAN_POINT ( 'NONE',  ( -1.662041016787803249, 1.662041016787794367, -11.25000000000000000 ) ) ;
#3742 = CARTESIAN_POINT ( 'NONE',  ( -0.9736010864139263976, 2.350480947161671441, 4.687500000000000000 ) ) ;
#3743 = CARTESIAN_POINT ( 'NONE',  ( -2.878508968398391083E-16, -2.350480947161689649, -5.875000000000000000 ) ) ;
#3744 = CARTESIAN_POINT ( 'NONE',  ( 1.242640687119291210, 2.999999999999999556, 2.062500000000000000 ) ) ;
#3745 = EDGE_CURVE ( 'NONE', #1591, #4235, #2671, .T. ) ;
#3746 = CARTESIAN_POINT ( 'NONE',  ( 1.662041016787803693, 1.662041016787793923, -8.625000000000000000 ) ) ;
#3747 = CARTESIAN_POINT ( 'NONE',  ( 2.350480947161680323, -9.544680581810301090E-15, -9.625000000000000000 ) ) ;
#3748 = CARTESIAN_POINT ( 'NONE',  ( 2.159593620790638546, 2.159593620790628776, 4.906250000000004441 ) ) ;
#3749 = ORIENTED_EDGE ( 'NONE', *, *, #3056, .F. ) ;
#3750 = CARTESIAN_POINT ( 'NONE',  ( 0.9736010864139278409, 2.350480947161670997, -8.562500000000001776 ) ) ;
#3751 = CARTESIAN_POINT ( 'NONE',  ( -2.878508968398391083E-16, -2.350480947161689649, -6.874999999999999112 ) ) ;
#3752 = FACE_OUTER_BOUND ( 'NONE', #2353, .T. ) ;
#3753 = CARTESIAN_POINT ( 'NONE',  ( -1.242640687119289655, -3.000000000000018652, 0.4375000000000003886 ) ) ;
#3754 = LINE ( 'NONE', #5097, #846 ) ;
#3755 = ORIENTED_EDGE ( 'NONE', *, *, #2230, .T. ) ;
#3756 = CARTESIAN_POINT ( 'NONE',  ( 0.000000000000000000, 3.054126587736530229, -7.968749999999996447 ) ) ;
#3757 = EDGE_LOOP ( 'NONE', ( #1137, #1518, #3785, #1627, #1535 ) ) ;
#3758 = CARTESIAN_POINT ( 'NONE',  ( 2.121320343559649491, -2.121320343559658372, -11.25000000000000000 ) ) ;
#3759 = CARTESIAN_POINT ( 'NONE',  ( -2.159593620790638546, 2.159593620790629220, -8.781250000000000000 ) ) ;
#3760 = FACE_OUTER_BOUND ( 'NONE', #1095, .T. ) ;
#3761 = DIRECTION ( 'NONE',  ( -0.000000000000000000, -0.000000000000000000, -1.000000000000000000 ) ) ;
#3762 = CARTESIAN_POINT ( 'NONE',  ( 3.054126587736538667, -1.265060653844748195, 5.781249999999997335 ) ) ;
#3763 =( BOUNDED_CURVE ( )  B_SPLINE_CURVE ( 2, ( #610, #4081, #5260, #247, #2295, #3127, #4830, #5347, #2711 ),
 .UNSPECIFIED., .F., .F. ) 
 B_SPLINE_CURVE_WITH_KNOTS ( ( 3, 2, 2, 2, 3 ),
 ( 0.8690476190476189577, 0.8749999999999998890, 0.8809523809523808202, 0.8869047619047617514, 0.8928571428571427937 ),
 .UNSPECIFIED. ) 
 CURVE ( )  GEOMETRIC_REPRESENTATION_ITEM ( )  RATIONAL_B_SPLINE_CURVE ( ( 1.000000000000001332, 0.9238795325112852952, 1.000000000000000000, 0.9238795325112867385, 1.000000000000000000, 0.9238795325112867385, 1.000000000000000000, 0.9238795325112881818, 0.9999999999999985567 ) ) 
 REPRESENTATION_ITEM ( '' )  );
#3764 = CARTESIAN_POINT ( 'NONE',  ( 1.662041016787803249, -1.662041016787812797, -4.874999999999999112 ) ) ;
#3765 = CARTESIAN_POINT ( 'NONE',  ( 1.662041016787803249, -1.662041016787812797, 1.125000000000000888 ) ) ;
#3766 = CARTESIAN_POINT ( 'NONE',  ( 1.662041016787803249, -1.662041016787812797, 4.250000000000001776 ) ) ;
#3767 = CARTESIAN_POINT ( 'NONE',  ( -3.673940397442071701E-16, -3.000000000000018652, 0.6250000000000005551 ) ) ;
#3768 = CARTESIAN_POINT ( 'NONE',  ( -2.878508968398391083E-16, -2.350480947161689649, 2.000000000000000000 ) ) ;
#3769 = CARTESIAN_POINT ( 'NONE',  ( 2.361014727865729856, -0.2482879471550532013, -12.62932713323112743 ) ) ;
#3770 = CARTESIAN_POINT ( 'NONE',  ( -2.350480947161680323, -8.968978788130623169E-15, -11.12500000000000000 ) ) ;
#3771 = CARTESIAN_POINT ( 'NONE',  ( 3.054126587736538667, -1.265060653844748195, -5.218750000000000888 ) ) ;
#3772 = CARTESIAN_POINT ( 'NONE',  ( -2.350480947161680767, 0.9736010864139172938, 4.812500000000000000 ) ) ;
#3773 = CARTESIAN_POINT ( 'NONE',  ( 1.662041016787803693, 1.662041016787793923, -3.499999999999999556 ) ) ;
#3774 = CARTESIAN_POINT ( 'NONE',  ( 0.000000000000000000, 2.999999999999999556, 5.999999999999999112 ) ) ;
#3775 = CARTESIAN_POINT ( 'NONE',  ( 0.9736010864139258425, -2.350480947161690537, -7.937500000000000000 ) ) ;
#3776 = CARTESIAN_POINT ( 'NONE',  ( -2.350480947161680323, -0.9736010864139353904, -10.06250000000000000 ) ) ;
#3777 = CARTESIAN_POINT ( 'NONE',  ( -3.054126587736539111, 1.265060653844728433, 3.218750000000002665 ) ) ;
#3778 = ORIENTED_EDGE ( 'NONE', *, *, #5303, .F. ) ;
#3779 = CARTESIAN_POINT ( 'NONE',  ( -2.350480947161680323, -8.968978788130623169E-15, -8.250000000000000000 ) ) ;
#3780 = EDGE_CURVE ( 'NONE', #1939, #4889, #481, .T. ) ;
#3781 = CARTESIAN_POINT ( 'NONE',  ( 1.662041016787803249, -1.662041016787812797, -3.750000000000000000 ) ) ;
#3782 = CARTESIAN_POINT ( 'NONE',  ( -2.121320343559649046, -2.121320343559657928, -6.624999999999999112 ) ) ;
#3783 = CARTESIAN_POINT ( 'NONE',  ( 0.000000000000000000, 3.000000000000000444, -0.8749999999999991118 ) ) ;
#3784 = CARTESIAN_POINT ( 'NONE',  ( 2.418990881959584005, 0.7126547491180712512, -12.48440029783531102 ) ) ;
#3785 = ORIENTED_EDGE ( 'NONE', *, *, #4975, .T. ) ;
#3786 = CARTESIAN_POINT ( 'NONE',  ( -1.265060653844737537, -3.054126587736549325, -8.531249999999998224 ) ) ;
#3787 = VECTOR ( 'NONE', #524, 1000.000000000000000 ) ;
#3788 = VERTEX_POINT ( 'NONE', #539 ) ;
#3789 = CARTESIAN_POINT ( 'NONE',  ( 3.000000000000009770, -9.663995296166853972E-15, 0.8750000000000007772 ) ) ;
#3790 = CARTESIAN_POINT ( 'NONE',  ( -8.513826854085000040E-19, 2.886751345948126879, 10.00000000000000178 ) ) ;
#3791 = CARTESIAN_POINT ( 'NONE',  ( -3.000000000000009326, -8.929207216678438350E-15, 2.250000000000000444 ) ) ;
#3792 = CARTESIAN_POINT ( 'NONE',  ( 3.054126587736539111, 1.265060653844729099, 6.906249999999998224 ) ) ;
#3793 = CARTESIAN_POINT ( 'NONE',  ( -0.9736010864139263976, 2.350480947161671441, -4.437500000000000888 ) ) ;
#3794 = CARTESIAN_POINT ( 'NONE',  ( 2.121320343559649491, -2.121320343559658372, 5.750000000000000000 ) ) ;
#3795 = CARTESIAN_POINT ( 'NONE',  ( 1.662041016787803693, 1.662041016787793923, 4.500000000000002665 ) ) ;
#3796 = CARTESIAN_POINT ( 'NONE',  ( 0.000000000000000000, -2.818925648462311528E-15, -13.00000000000000178 ) ) ;
#3797 = CARTESIAN_POINT ( 'NONE',  ( 2.350480947161680323, -9.544680581810301090E-15, 2.250000000000000444 ) ) ;
#3798 = CYLINDRICAL_SURFACE ( 'NONE', #225, 3.000000000000003109 ) ;
#3799 = CARTESIAN_POINT ( 'NONE',  ( 1.662041016787803693, 1.662041016787793923, -10.49999999999999822 ) ) ;
#3800 =( BOUNDED_CURVE ( )  B_SPLINE_CURVE ( 2, ( #2253, #2783, #2756, #3596, #1921, #1047, #4460, #2700, #3173 ),
 .UNSPECIFIED., .F., .F. ) 
 B_SPLINE_CURVE_WITH_KNOTS ( ( 3, 2, 2, 2, 3 ),
 ( 0.7023809523809522171, 0.7083333333333332593, 0.7142857142857143016, 0.7202380952380953438, 0.7261904761904762751 ),
 .UNSPECIFIED. ) 
 CURVE ( )  GEOMETRIC_REPRESENTATION_ITEM ( )  RATIONAL_B_SPLINE_CURVE ( ( 1.000000000000001332, 0.9238795325112851842, 1.000000000000000000, 0.9238795325112866275, 1.000000000000000000, 0.9238795325112866275, 1.000000000000000000, 0.9238795325112851842, 1.000000000000001332 ) ) 
 REPRESENTATION_ITEM ( '' )  );
#3801 = CARTESIAN_POINT ( 'NONE',  ( -3.054126587736539555, 1.265060653844728655, -8.718750000000000000 ) ) ;
#3802 = CARTESIAN_POINT ( 'NONE',  ( 0.000000000000000000, 2.350480947161671441, 5.625000000000000000 ) ) ;
#3803 = CARTESIAN_POINT ( 'NONE',  ( 1.662041016787803249, -1.662041016787812797, -2.749999999999999112 ) ) ;
#3804 = CLOSED_SHELL ( 'NONE', ( #1801, #5003, #698, #5286, #2498, #1483, #2164, #3546, #2640, #5378, #1654, #2738, #4721, #2008, #5428, #3857, #2242, #326, #2931, #731, #1873, #5140, #252, #4465, #2549, #1764, #1903, #4640, #5148, #4139, #526, #1707, #4086, #356, #84, #2314, #2379, #4382, #365, #70, #2822, #1284, #1496, #3882, #771, #2979, #2719, #4554, #1005, #2179, #4831, #4553, #3610, #513, #1355, #598, #3025, #3819, #4192, #3273, #3648, #826, #5496, #2889, #4393, #1113, #4291, #5088 ) ) ;
#3805 = CARTESIAN_POINT ( 'NONE',  ( 0.000000000000000000, -2.818925648462311528E-15, -13.00000000000000178 ) ) ;
#3806 = EDGE_CURVE ( 'NONE', #258, #5293, #75, .T. ) ;
#3807 = CARTESIAN_POINT ( 'NONE',  ( -0.9736010864139266197, -2.350480947161689649, -5.937499999999999112 ) ) ;
#3808 = VECTOR ( 'NONE', #427, 1000.000000000000000 ) ;
#3809 = B_SPLINE_CURVE_WITH_KNOTS ( 'NONE', 3,
 ( #4156, #4936, #4521, #3684, #321, #4910, #2034, #3738, #1479, #631 ),
 .UNSPECIFIED., .F., .F.,
 ( 4, 2, 2, 2, 4 ),
 ( 3.440117283805664070E-17, 0.0006490467754852145832, 0.001298093550970394906, 0.001947140326455575011, 0.002596187101940755117 ),
 .UNSPECIFIED. ) ;
#3810 = CARTESIAN_POINT ( 'NONE',  ( 3.054126587736538223, -1.265060653844747973, 4.718750000000004441 ) ) ;
#3811 = CARTESIAN_POINT ( 'NONE',  ( 0.9736010864139259535, -2.350480947161690537, -9.937499999999998224 ) ) ;
#3812 = AXIS2_PLACEMENT_3D ( 'NONE', #3243, #298, #982 ) ;
#3813 = CARTESIAN_POINT ( 'NONE',  ( 2.350480947161680323, -0.9736010864139368337, -0.6874999999999987788 ) ) ;
#3814 = CARTESIAN_POINT ( 'NONE',  ( -2.598710045420903114, -0.3603010448715915359, -12.38276567359073432 ) ) ;
#3815 = CARTESIAN_POINT ( 'NONE',  ( -2.121320343559649491, 2.121320343559640165, 4.249999999999998224 ) ) ;
#3816 = EDGE_LOOP ( 'NONE', ( #422, #4921, #5155, #5461 ) ) ;
#3817 = CARTESIAN_POINT ( 'NONE',  ( 3.054126587736538667, 1.265060653844728877, -7.156249999999999112 ) ) ;
#3818 = ORIENTED_EDGE ( 'NONE', *, *, #4802, .T. ) ;
#3819 = ADVANCED_FACE ( 'NONE', ( #511 ), #413, .T. ) ;
#3820 = CARTESIAN_POINT ( 'NONE',  ( 0.2516125560021982843, 2.590046555872024925, 5.752398814429178664 ) ) ;
#3821 = CARTESIAN_POINT ( 'NONE',  ( 3.000000000000008882, -1.242640687119300091, -0.1875000000000002498 ) ) ;
#3822 = CARTESIAN_POINT ( 'NONE',  ( -3.740226349862381542E-16, -3.054126587736548881, 5.593749999999998224 ) ) ;
#3823 = EDGE_CURVE ( 'NONE', #4028, #703, #606, .T. ) ;
#3824 = CARTESIAN_POINT ( 'NONE',  ( -2.350480947161680767, -0.9736010864139355014, -4.187500000000000000 ) ) ;
#3825 = CARTESIAN_POINT ( 'NONE',  ( -2.350480947161680323, -8.968978788130623169E-15, 2.750000000000000888 ) ) ;
#3826 = CARTESIAN_POINT ( 'NONE',  ( -2.350480947161680323, -8.968978788130623169E-15, 2.875000000000000888 ) ) ;
#3827 = CARTESIAN_POINT ( 'NONE',  ( 3.188959454956771911, 0.000000000000000000, 13.00000000000000178 ) ) ;
#3828 = CARTESIAN_POINT ( 'NONE',  ( -2.350480947161680767, -0.9736010864139355014, 2.812500000000001332 ) ) ;
#3829 = DIRECTION ( 'NONE',  ( -1.000000000000000000, 0.000000000000000000, 0.000000000000000000 ) ) ;
#3830 = CARTESIAN_POINT ( 'NONE',  ( 1.662041016787803693, 1.662041016787793923, -11.50000000000000000 ) ) ;
#3831 = CARTESIAN_POINT ( 'NONE',  ( 2.159593620790638546, -2.159593620790647872, -6.281250000000001776 ) ) ;
#3832 = CARTESIAN_POINT ( 'NONE',  ( 2.350480947161680323, 0.9736010864139177379, 4.437500000000001776 ) ) ;
#3833 =( BOUNDED_CURVE ( )  B_SPLINE_CURVE ( 2, ( #776, #2130, #2490, #2518, #3441, #1313, #355, #3013, #5144 ),
 .UNSPECIFIED., .F., .F. ) 
 B_SPLINE_CURVE_WITH_KNOTS ( ( 3, 2, 2, 2, 3 ),
 ( 0.8214285714285713969, 0.8273809523809523281, 0.8333333333333333703, 0.8392857142857143016, 0.8452380952380952328 ),
 .UNSPECIFIED. ) 
 CURVE ( )  GEOMETRIC_REPRESENTATION_ITEM ( )  RATIONAL_B_SPLINE_CURVE ( ( 1.000000000000000000, 0.9238795325112867385, 1.000000000000000000, 0.9238795325112867385, 1.000000000000000000, 0.9238795325112867385, 1.000000000000000000, 0.9238795325112867385, 1.000000000000000000 ) ) 
 REPRESENTATION_ITEM ( '' )  );
#3834 = CARTESIAN_POINT ( 'NONE',  ( 0.000000000000000000, 2.350480947161671441, -12.37500000000000000 ) ) ;
#3835 = CARTESIAN_POINT ( 'NONE',  ( -2.878508968398391083E-16, -2.350480947161689649, -12.00000000000000000 ) ) ;
#3836 = COORDINATED_UNIVERSAL_TIME_OFFSET ( 6, 0, .BEHIND. ) ;
#3837 = CARTESIAN_POINT ( 'NONE',  ( -2.350480947161680767, -0.9736010864139355014, -1.062499999999999334 ) ) ;
#3838 = CARTESIAN_POINT ( 'NONE',  ( -0.2384398528780117266, -2.767496364011585719, -12.24616011685241546 ) ) ;
#3839 = CARTESIAN_POINT ( 'NONE',  ( 3.000000000000009326, -9.663995296166853972E-15, -10.25000000000000000 ) ) ;
#3840 = CARTESIAN_POINT ( 'NONE',  ( 2.121320343559649491, -2.121320343559658372, -1.249999999999999334 ) ) ;
#3841 = ORIENTED_EDGE ( 'NONE', *, *, #975, .F. ) ;
#3842 = CARTESIAN_POINT ( 'NONE',  ( 0.000000000000000000, 3.054126587736530229, -1.968749999999998224 ) ) ;
#3843 = ORIENTED_EDGE ( 'NONE', *, *, #2068, .F. ) ;
#3844 = DIRECTION ( 'NONE',  ( -0.000000000000000000, -0.000000000000000000, -1.000000000000000000 ) ) ;
#3845 = CARTESIAN_POINT ( 'NONE',  ( -7.135301363302722722E-18, 2.886751345948126879, 12.82552006691257240 ) ) ;
#3846 = CARTESIAN_POINT ( 'NONE',  ( -2.121320343559649046, -2.121320343559657928, 2.375000000000000000 ) ) ;
#3847 = CARTESIAN_POINT ( 'NONE',  ( -3.054126587736539555, -1.265060653844746641, 5.406249999999998224 ) ) ;
#3848 = CARTESIAN_POINT ( 'NONE',  ( -2.350480947161680767, 0.9736010864139172938, 2.687500000000000888 ) ) ;
#3849 = CARTESIAN_POINT ( 'NONE',  ( -2.350480947161680323, -0.9736010864139353904, 4.812500000000000000 ) ) ;
#3850 = CARTESIAN_POINT ( 'NONE',  ( 1.662041016787803249, -1.662041016787812797, 6.250000000000000000 ) ) ;
#3851 = DIRECTION ( 'NONE',  ( -0.000000000000000000, -0.000000000000000000, -1.000000000000000000 ) ) ;
#3852 = CARTESIAN_POINT ( 'NONE',  ( -2.350480947161680767, 0.9736010864139172938, 1.687499999999999778 ) ) ;
#3853 = CARTESIAN_POINT ( 'NONE',  ( 0.000000000000000000, 3.000000000000000444, -1.875000000000000000 ) ) ;
#3854 = CARTESIAN_POINT ( 'NONE',  ( 2.350480947161680323, 0.9736010864139177379, -10.56249999999999822 ) ) ;
#3855 = CARTESIAN_POINT ( 'NONE',  ( 2.159593620790638990, 2.159593620790628776, -7.031250000000001776 ) ) ;
#3856 = CARTESIAN_POINT ( 'NONE',  ( -2.878508968398391083E-16, -2.350480947161689649, 6.125000000000000000 ) ) ;
#3857 = ADVANCED_FACE ( 'NONE', ( #1580 ), #2754, .T. ) ;
#3858 = CARTESIAN_POINT ( 'NONE',  ( 2.121320343559649046, 2.121320343559639277, 5.875000000000000000 ) ) ;
#3859 = CARTESIAN_POINT ( 'NONE',  ( 1.662041016787803249, -1.662041016787812797, -12.75000000000000000 ) ) ;
#3860 = CARTESIAN_POINT ( 'NONE',  ( 0.9736010864139278409, 2.350480947161670997, -4.562500000000000000 ) ) ;
#3861 = CARTESIAN_POINT ( 'NONE',  ( 2.350480947161680323, -0.9736010864139368337, -1.687499999999999778 ) ) ;
#3862 = DIRECTION ( 'NONE',  ( -0.000000000000000000, -0.000000000000000000, -1.000000000000000000 ) ) ;
#3863 = CARTESIAN_POINT ( 'NONE',  ( 0.000000000000000000, 2.999999999999999556, -10.00000000000000000 ) ) ;
#3864 = DIRECTION ( 'NONE',  ( -0.000000000000000000, -0.000000000000000000, 1.000000000000000000 ) ) ;
#3865 = EDGE_LOOP ( 'NONE', ( #55, #4780, #980, #110, #5264, #2052, #3818 ) ) ;
#3866 = CARTESIAN_POINT ( 'NONE',  ( 1.265060653844739091, 3.054126587736529341, -4.031249999999996447 ) ) ;
#3867 = ORIENTED_EDGE ( 'NONE', *, *, #4217, .T. ) ;
#3868 = CARTESIAN_POINT ( 'NONE',  ( 1.662921105055823690, -2.084382399949761044, 5.928653041294383641 ) ) ;
#3869 = CARTESIAN_POINT ( 'NONE',  ( 1.242640687119288767, -3.000000000000019540, -5.312499999999999112 ) ) ;
#3870 = DIRECTION ( 'NONE',  ( -1.000000000000000000, -1.224646799147356905E-16, 0.000000000000000000 ) ) ;
#3871 = CARTESIAN_POINT ( 'NONE',  ( 1.265060653844739313, 3.054126587736530229, 4.031250000000000000 ) ) ;
#3872 = CARTESIAN_POINT ( 'NONE',  ( -2.350480947161680767, 0.9736010864139172938, 1.687499999999999778 ) ) ;
#3873 = CARTESIAN_POINT ( 'NONE',  ( 1.662041016787803693, 1.662041016787793923, 3.375000000000001332 ) ) ;
#3874 = CARTESIAN_POINT ( 'NONE',  ( 1.662041016787803693, 1.662041016787793923, 5.500000000000000000 ) ) ;
#3875 = CARTESIAN_POINT ( 'NONE',  ( -2.603765877364847992, 1.180177426856284791E-11, -12.39623412263516222 ) ) ;
#3876 = CARTESIAN_POINT ( 'NONE',  ( -1.662041016787803471, -1.662041016787812353, 0.8750000000000007772 ) ) ;
#3877 = CARTESIAN_POINT ( 'NONE',  ( 2.372975601305318261, 1.825032393669123065, -12.01264320098290561 ) ) ;
#3878 = CONICAL_SURFACE ( 'NONE', #3695, 2.000000000000000888, 0.7853981633974496113 ) ;
#3879 = CARTESIAN_POINT ( 'NONE',  ( 1.265060653844736649, -3.054126587736549769, -5.343750000000000888 ) ) ;
#3880 = CARTESIAN_POINT ( 'NONE',  ( -1.662041016787803471, -1.662041016787812353, -9.125000000000000000 ) ) ;
#3881 = CARTESIAN_POINT ( 'NONE',  ( 2.350480947161679435, 0.9736010864139177379, -7.687500000000000000 ) ) ;
#3882 = ADVANCED_FACE ( 'NONE', ( #3701 ), #2291, .T. ) ;
#3883 = CARTESIAN_POINT ( 'NONE',  ( 1.242640687119288767, -3.000000000000019540, -8.312500000000000000 ) ) ;
#3884 = CARTESIAN_POINT ( 'NONE',  ( -1.662041016787803471, -1.662041016787812353, -13.00000000000000000 ) ) ;
#3885 = AXIS2_PLACEMENT_3D ( 'NONE', #552, #1936, #1002 ) ;
#3886 = CARTESIAN_POINT ( 'NONE',  ( -2.878508968398391083E-16, -2.350480947161689649, -6.000000000000000000 ) ) ;
#3887 = APPLICATION_PROTOCOL_DEFINITION ( 'international standard', 'config_control_design', 1994, #1318 ) ;
#3888 = AXIS2_PLACEMENT_3D ( 'NONE', #285, #3290, #1611 ) ;
#3889 = CARTESIAN_POINT ( 'NONE',  ( -1.662041016787803471, -1.662041016787812353, -2.999999999999999112 ) ) ;
#3890 = DIRECTION ( 'NONE',  ( -0.000000000000000000, -0.000000000000000000, -1.000000000000000000 ) ) ;
#3891 = CARTESIAN_POINT ( 'NONE',  ( -1.242640687119289211, 3.000000000000000000, -9.937499999999998224 ) ) ;
#3892 = CARTESIAN_POINT ( 'NONE',  ( -3.000000000000009326, -8.929207216678438350E-15, 1.250000000000001110 ) ) ;
#3893 = VERTEX_POINT ( 'NONE', #3287 ) ;
#3894 = CARTESIAN_POINT ( 'NONE',  ( -3.740226349862381049E-16, -3.054126587736548437, -4.468749999999997335 ) ) ;
#3895 = ORIENTED_EDGE ( 'NONE', *, *, #5503, .T. ) ;
#3896 = CARTESIAN_POINT ( 'NONE',  ( -3.673940397442070715E-16, -3.000000000000017764, 5.500000000000000000 ) ) ;
#3897 = VECTOR ( 'NONE', #2081, 1000.000000000000000 ) ;
#3898 = CARTESIAN_POINT ( 'NONE',  ( -1.242640687119289655, -3.000000000000019096, -5.437500000000000000 ) ) ;
#3899 = CARTESIAN_POINT ( 'NONE',  ( 1.242640687119288767, -3.000000000000019540, -3.437499999999999112 ) ) ;
#3900 = CARTESIAN_POINT ( 'NONE',  ( -2.499999999999997780, -1.443375672974062995, 12.82552006691257240 ) ) ;
#3901 = CARTESIAN_POINT ( 'NONE',  ( -2.350480947161680767, -0.9736010864139355014, 2.812500000000001332 ) ) ;
#3902 = CARTESIAN_POINT ( 'NONE',  ( -1.662041016787803249, 1.662041016787794367, 3.625000000000001332 ) ) ;
#3903 = CARTESIAN_POINT ( 'NONE',  ( -0.9736010864139263976, 2.350480947161671441, 5.687500000000000000 ) ) ;
#3904 = CARTESIAN_POINT ( 'NONE',  ( 0.000000000000000000, -9.107298248878237246E-15, 6.860428147091738538 ) ) ;
#3905 = CARTESIAN_POINT ( 'NONE',  ( -0.9736010864139266197, -2.350480947161689649, 5.937500000000000000 ) ) ;
#3906 = CARTESIAN_POINT ( 'NONE',  ( 2.159593620790638546, -2.159593620790647872, -2.281250000000002220 ) ) ;
#3907 = CARTESIAN_POINT ( 'NONE',  ( -2.350480947161680767, 0.9736010864139172938, -12.31250000000000000 ) ) ;
#3908 = CARTESIAN_POINT ( 'NONE',  ( 1.662041016787803693, 1.662041016787793923, -9.625000000000000000 ) ) ;
#3909 = CARTESIAN_POINT ( 'NONE',  ( 0.9736010864139258425, -2.350480947161690537, 1.187500000000001110 ) ) ;
#3910 = CARTESIAN_POINT ( 'NONE',  ( -2.121320343559649491, -2.121320343559658372, -8.499999999999998224 ) ) ;
#3911 = CARTESIAN_POINT ( 'NONE',  ( 1.662041016787803249, -1.662041016787812797, -11.75000000000000000 ) ) ;
#3912 = CARTESIAN_POINT ( 'NONE',  ( -0.9736010864139266197, -2.350480947161689649, -4.062500000000000000 ) ) ;
#3913 = EDGE_CURVE ( 'NONE', #192, #3306, #1446, .T. ) ;
#3914 = CARTESIAN_POINT ( 'NONE',  ( -0.9736010864139263976, 2.350480947161671441, -3.312499999999999556 ) ) ;
#3915 = FACE_OUTER_BOUND ( 'NONE', #2579, .T. ) ;
#3916 = CARTESIAN_POINT ( 'NONE',  ( -2.121320343559649491, 2.121320343559640165, -0.7500000000000006661 ) ) ;
#3917 = LINE ( 'NONE', #1372, #220 ) ;
#3918 = ORIENTED_EDGE ( 'NONE', *, *, #1045, .F. ) ;
#3919 = CARTESIAN_POINT ( 'NONE',  ( 1.265060653844736427, -3.054126587736549769, -2.406249999999996891 ) ) ;
#3920 = ORIENTED_EDGE ( 'NONE', *, *, #3644, .T. ) ;
#3921 = CARTESIAN_POINT ( 'NONE',  ( 1.911729855521356658, 1.517221656819861542, 5.308564842342644141 ) ) ;
#3922 = FACE_OUTER_BOUND ( 'NONE', #1460, .T. ) ;
#3923 = CARTESIAN_POINT ( 'NONE',  ( -2.159593620790638546, -2.159593620790646984, -12.59374999999999645 ) ) ;
#3924 = DIRECTION ( 'NONE',  ( -0.4999999999999999445, -0.8660254037844387076, 0.000000000000000000 ) ) ;
#3925 = CARTESIAN_POINT ( 'NONE',  ( -2.350480947161680767, 0.9736010864139172938, 0.6875000000000005551 ) ) ;
#3926 = CARTESIAN_POINT ( 'NONE',  ( 2.350480947161680323, -0.9736010864139368337, 6.312500000000000888 ) ) ;
#3927 = CARTESIAN_POINT ( 'NONE',  ( 3.000000000000009770, -9.663995296166853972E-15, 2.875000000000000888 ) ) ;
#3928 = CARTESIAN_POINT ( 'NONE',  ( -3.054126587736539999, -8.925892919057422291E-15, -13.65625000000000178 ) ) ;
#3929 = CARTESIAN_POINT ( 'NONE',  ( 3.000000000000009770, -9.663995296166853972E-15, -6.125000000000000000 ) ) ;
#3930 = B_SPLINE_CURVE_WITH_KNOTS ( 'NONE', 3,
 ( #2385, #1967, #5380, #1207, #1264, #2911, #1603, #364, #3417, #754, #4590, #4648, #1236, #2883, #2049, #3838, #3391, #810, #4253, #2468, #2134, #5545, #2526, #3309, #4230, #419, #4171, #3814, #2551, #2964 ),
 .UNSPECIFIED., .F., .F.,
 ( 4, 2, 2, 2, 2, 2, 2, 2, 2, 2, 2, 2, 2, 2, 4 ),
 ( 0.002322354287317751620, 0.003406548956036132766, 0.003948646290395324207, 0.004490743624754515648, 0.005032840959113707956, 0.005574938293472900264, 0.006117035627832093439, 0.006659132962191285747, 0.007743327630909669496, 0.008285424965268860936, 0.008827522299628055846, 0.009369619633987247287, 0.009911716968346438728, 0.01045381430270563190, 0.01099591163706482508 ),
 .UNSPECIFIED. ) ;
#3931 = CARTESIAN_POINT ( 'NONE',  ( 1.265060653844736649, -3.054126587736549769, -4.343750000000001776 ) ) ;
#3932 = CARTESIAN_POINT ( 'NONE',  ( 0.9736010864139278409, 2.350480947161670997, -12.56250000000000000 ) ) ;
#3933 = CARTESIAN_POINT ( 'NONE',  ( 1.662041016787803249, -1.662041016787812797, -5.875000000000000000 ) ) ;
#3934 = CARTESIAN_POINT ( 'NONE',  ( -2.350480947161680323, -8.968978788130623169E-15, 1.875000000000000000 ) ) ;
#3935 = CARTESIAN_POINT ( 'NONE',  ( -3.000000000000009770, -8.929207216678438350E-15, -9.625000000000000000 ) ) ;
#3936 =( BOUNDED_CURVE ( )  B_SPLINE_CURVE ( 2, ( #467, #4335, #838, #3073, #1715, #3418, #106, #4753, #1265 ),
 .UNSPECIFIED., .F., .F. ) 
 B_SPLINE_CURVE_WITH_KNOTS ( ( 3, 2, 2, 2, 3 ),
 ( 0.4404761904761905211, 0.4464285714285714524, 0.4523809523809523836, 0.4583333333333334259, 0.4642857142857143571 ),
 .UNSPECIFIED. ) 
 CURVE ( )  GEOMETRIC_REPRESENTATION_ITEM ( )  RATIONAL_B_SPLINE_CURVE ( ( 0.9999999999999993339, 0.9238795325112872936, 1.000000000000000000, 0.9238795325112866275, 1.000000000000000000, 0.9238795325112866275, 1.000000000000000000, 0.9238795325112859613, 1.000000000000000666 ) ) 
 REPRESENTATION_ITEM ( '' )  );
#3937 = CARTESIAN_POINT ( 'NONE',  ( 0.9736010864139278409, 2.350480947161670997, -11.43750000000000000 ) ) ;
#3938 = CARTESIAN_POINT ( 'NONE',  ( -1.662041016787803471, -1.662041016787812353, -6.124999999999999112 ) ) ;
#3939 = CARTESIAN_POINT ( 'NONE',  ( 0.000000000000000000, 2.350480947161671441, 3.625000000000001332 ) ) ;
#3940 = CARTESIAN_POINT ( 'NONE',  ( 2.499999999999997335, 0.9735299394903589310, 12.70202970276390175 ) ) ;
#3941 = CARTESIAN_POINT ( 'NONE',  ( 1.242640687119288767, -3.000000000000019540, -0.4374999999999986122 ) ) ;
#3942 = FACE_OUTER_BOUND ( 'NONE', #223, .T. ) ;
#3943 = ORIENTED_EDGE ( 'NONE', *, *, #3683, .T. ) ;
#3944 = CARTESIAN_POINT ( 'NONE',  ( -2.159593620790638102, 2.159593620790629220, -3.843749999999998224 ) ) ;
#3945 = ORIENTED_EDGE ( 'NONE', *, *, #4262, .T. ) ;
#3946 = CARTESIAN_POINT ( 'NONE',  ( -1.544971457060138276, -2.095475960123732051, 5.755399742602214985 ) ) ;
#3947 = CYLINDRICAL_SURFACE ( 'NONE', #1572, 3.000000000000003109 ) ;
#3948 = CARTESIAN_POINT ( 'NONE',  ( -3.054126587736539111, -1.265060653844746197, -11.65624999999999645 ) ) ;
#3949 = CARTESIAN_POINT ( 'NONE',  ( -2.499999999999997335, -0.9683555231423677245, 12.70094155335969432 ) ) ;
#3950 = CARTESIAN_POINT ( 'NONE',  ( 2.350480947161680323, -9.544680581810301090E-15, 2.250000000000000444 ) ) ;
#3951 = DIRECTION ( 'NONE',  ( -1.000000000000000000, 0.000000000000000000, 0.000000000000000000 ) ) ;
#3952 = CARTESIAN_POINT ( 'NONE',  ( -3.000000000000009770, -8.929207216678438350E-15, -5.625000000000000000 ) ) ;
#3953 = FACE_BOUND ( 'NONE', #3962, .T. ) ;
#3954 = CARTESIAN_POINT ( 'NONE',  ( 2.350480947161680323, -0.9736010864139368337, 5.187500000000000888 ) ) ;
#3955 = CARTESIAN_POINT ( 'NONE',  ( -3.000000000000017764, -1.242640687119289211, 3.312500000000000444 ) ) ;
#3956 = ORIENTED_EDGE ( 'NONE', *, *, #3161, .F. ) ;
#3957 = CARTESIAN_POINT ( 'NONE',  ( 3.054126587736538667, -1.265060653844748195, -2.218750000000002220 ) ) ;
#3958 = CARTESIAN_POINT ( 'NONE',  ( -2.350480947161680767, 0.9736010864139172938, -11.31249999999999822 ) ) ;
#3959 = CARTESIAN_POINT ( 'NONE',  ( 2.350480947161679435, 0.9736010864139177379, -4.687500000000000000 ) ) ;
#3960 = CARTESIAN_POINT ( 'NONE',  ( -2.350480947161680323, -0.9736010864139353904, 1.937500000000000000 ) ) ;
#3961 = APPROVAL_PERSON_ORGANIZATION ( #3016, #3055, #5231 ) ;
#3962 = EDGE_LOOP ( 'NONE', ( #1823, #722 ) ) ;
#3963 = CARTESIAN_POINT ( 'NONE',  ( 3.000000000000009326, -9.663995296166853972E-15, -4.249999999999998224 ) ) ;
#3964 = CARTESIAN_POINT ( 'NONE',  ( 1.662041016787803249, -1.662041016787812797, -8.750000000000000000 ) ) ;
#3965 = EDGE_CURVE ( 'NONE', #502, #192, #1127, .T. ) ;
#3966 =( BOUNDED_CURVE ( )  B_SPLINE_CURVE ( 2, ( #4377, #95, #4819, #965, #4433, #597, #177, #3203, #1808 ),
 .UNSPECIFIED., .F., .F. ) 
 B_SPLINE_CURVE_WITH_KNOTS ( ( 3, 2, 2, 2, 3 ),
 ( 0.8928571428571430157, 0.8988095238095239470, 0.9047619047619048782, 0.9107142857142856984, 0.9166666666666666297 ),
 .UNSPECIFIED. ) 
 CURVE ( )  GEOMETRIC_REPRESENTATION_ITEM ( )  RATIONAL_B_SPLINE_CURVE ( ( 0.9999999999999985567, 0.9238795325112880708, 1.000000000000000000, 0.9238795325112866275, 1.000000000000000000, 0.9238795325112866275, 1.000000000000000000, 0.9238795325112866275, 1.000000000000000000 ) ) 
 REPRESENTATION_ITEM ( '' )  );
#3967 = CARTESIAN_POINT ( 'NONE',  ( -2.350480947161680323, -8.968978788130623169E-15, 1.875000000000000000 ) ) ;
#3968 = DIRECTION ( 'NONE',  ( -0.000000000000000000, -0.000000000000000000, -1.000000000000000000 ) ) ;
#3969 = CARTESIAN_POINT ( 'NONE',  ( 2.350480947161680323, -9.544680581810301090E-15, -11.62500000000000000 ) ) ;
#3970 = CIRCLE ( 'NONE', #4155, 0.2999999999999999334 ) ;
#3971 = DIRECTION ( 'NONE',  ( -0.000000000000000000, -0.000000000000000000, -1.000000000000000000 ) ) ;
#3972 = ORIENTED_EDGE ( 'NONE', *, *, #4904, .F. ) ;
#3973 = CARTESIAN_POINT ( 'NONE',  ( 3.054126587736538223, -1.265060653844747973, -0.2812499999999967804 ) ) ;
#3974 = ORIENTED_EDGE ( 'NONE', *, *, #1532, .F. ) ;
#3975 = CARTESIAN_POINT ( 'NONE',  ( -1.242640687119289655, -3.000000000000018652, 5.437500000000000000 ) ) ;
#3976 = CARTESIAN_POINT ( 'NONE',  ( -0.4104184599696112379, -2.649796137604278456, 12.70119088076187630 ) ) ;
#3977 = FACE_OUTER_BOUND ( 'NONE', #4586, .T. ) ;
#3978 = CARTESIAN_POINT ( 'NONE',  ( -2.350480947161680323, -0.9736010864139353904, -2.062500000000000000 ) ) ;
#3979 = LINE ( 'NONE', #2219, #3065 ) ;
#3980 = CARTESIAN_POINT ( 'NONE',  ( -2.350480947161680767, 0.9736010864139172938, 6.687500000000000888 ) ) ;
#3981 = CARTESIAN_POINT ( 'NONE',  ( -3.000000000000009770, -1.242640687119298315, -7.562500000000000000 ) ) ;
#3982 = DIRECTION ( 'NONE',  ( 0.5000000000000001110, 0.8660254037844387076, 0.000000000000000000 ) ) ;
#3983 = CARTESIAN_POINT ( 'NONE',  ( 1.242640687119288767, -3.000000000000019540, 2.687500000000000444 ) ) ;
#3984 = CARTESIAN_POINT ( 'NONE',  ( 2.350480947161680323, -9.544680581810301090E-15, 4.250000000000001776 ) ) ;
#3985 = DIRECTION ( 'NONE',  ( 0.000000000000000000, -1.000000000000000000, 0.000000000000000000 ) ) ;
#3986 = EDGE_CURVE ( 'NONE', #2581, #1239, #4103, .T. ) ;
#3987 = VECTOR ( 'NONE', #4092, 999.9999999999998863 ) ;
#3988 = CARTESIAN_POINT ( 'NONE',  ( 2.159593620790638546, -2.159593620790647872, -4.281250000000001776 ) ) ;
#3989 = CARTESIAN_POINT ( 'NONE',  ( 0.9736010864139259535, -2.350480947161690537, -9.937499999999998224 ) ) ;
#3990 = CARTESIAN_POINT ( 'NONE',  ( 2.350480947161680323, -9.544680581810301090E-15, -2.749999999999999112 ) ) ;
#3991 = CARTESIAN_POINT ( 'NONE',  ( 1.662041016787803249, -1.662041016787812797, 0.2500000000000002220 ) ) ;
#3992 = ORIENTED_EDGE ( 'NONE', *, *, #3913, .F. ) ;
#3993 = DIRECTION ( 'NONE',  ( -0.000000000000000000, -0.000000000000000000, -1.000000000000000000 ) ) ;
#3994 = CARTESIAN_POINT ( 'NONE',  ( 0.000000000000000000, 2.350480947161671441, -7.375000000000000000 ) ) ;
#3995 = CARTESIAN_POINT ( 'NONE',  ( -2.350480947161680767, 0.9736010864139172938, 1.812500000000000000 ) ) ;
#3996 = CARTESIAN_POINT ( 'NONE',  ( 2.350480947161679435, -0.9736010864139368337, -10.81250000000000000 ) ) ;
#3997 = CARTESIAN_POINT ( 'NONE',  ( -2.350480947161680323, -8.968978788130623169E-15, -11.12500000000000000 ) ) ;
#3998 = CARTESIAN_POINT ( 'NONE',  ( 0.000000000000000000, -2.818925648462311528E-15, -13.00000000000000178 ) ) ;
#3999 = ORIENTED_EDGE ( 'NONE', *, *, #1390, .F. ) ;
#4000 = CARTESIAN_POINT ( 'NONE',  ( 1.265060653844739091, 3.054126587736529341, -1.031249999999997558 ) ) ;
#4001 = ORIENTED_EDGE ( 'NONE', *, *, #256, .F. ) ;
#4002 = CARTESIAN_POINT ( 'NONE',  ( 0.000000000000000000, -2.818925648462311528E-15, -13.00000000000000178 ) ) ;
#4003 = CARTESIAN_POINT ( 'NONE',  ( -3.054126587736539111, 1.265060653844728433, -10.78124999999999645 ) ) ;
#4004 = CARTESIAN_POINT ( 'NONE',  ( 0.000000000000000000, 2.350480947161671441, -3.374999999999999556 ) ) ;
#4005 = CARTESIAN_POINT ( 'NONE',  ( 3.000000000000009770, -9.663995296166853972E-15, -10.12500000000000178 ) ) ;
#4006 = CARTESIAN_POINT ( 'NONE',  ( 0.9736010864139278409, 2.350480947161670997, 5.437499999999999112 ) ) ;
#4007 = DIRECTION ( 'NONE',  ( -0.000000000000000000, -0.000000000000000000, -1.000000000000000000 ) ) ;
#4008 = CARTESIAN_POINT ( 'NONE',  ( -3.000000000000009326, -8.929207216678438350E-15, 5.249999999999998224 ) ) ;
#4009 = ORIENTED_EDGE ( 'NONE', *, *, #2572, .T. ) ;
#4010 = CARTESIAN_POINT ( 'NONE',  ( -1.086483746305806575, 2.245219548264520970, -12.50908342568880371 ) ) ;
#4011 = CARTESIAN_POINT ( 'NONE',  ( 1.662041016787803693, 1.662041016787793923, 5.375000000000000000 ) ) ;
#4012 = CARTESIAN_POINT ( 'NONE',  ( 2.121320343559648602, -2.121320343559657928, 3.625000000000001332 ) ) ;
#4013 = CARTESIAN_POINT ( 'NONE',  ( -3.054126587736539555, 1.265060653844728655, -3.718750000000002220 ) ) ;
#4014 = CARTESIAN_POINT ( 'NONE',  ( -0.9736010864139266197, -2.350480947161689649, -5.062500000000000888 ) ) ;
#4015 = CARTESIAN_POINT ( 'NONE',  ( 2.350480947161679435, -0.9736010864139368337, -3.812500000000000000 ) ) ;
#4016 = CARTESIAN_POINT ( 'NONE',  ( -0.9736010864139266197, -2.350480947161689649, 1.062500000000000888 ) ) ;
#4017 = CARTESIAN_POINT ( 'NONE',  ( 0.9736010864139258425, -2.350480947161690537, -0.8124999999999990008 ) ) ;
#4018 = ORIENTED_EDGE ( 'NONE', *, *, #3823, .F. ) ;
#4019 = CARTESIAN_POINT ( 'NONE',  ( -3.673940397442071701E-16, -3.000000000000018652, -3.374999999999999556 ) ) ;
#4020 = EDGE_CURVE ( 'NONE', #2780, #4235, #1305, .T. ) ;
#4021 = CARTESIAN_POINT ( 'NONE',  ( 1.662041016787803249, -1.662041016787812797, -9.750000000000000000 ) ) ;
#4022 = CARTESIAN_POINT ( 'NONE',  ( 2.350480947161680323, -9.544680581810301090E-15, 1.375000000000001332 ) ) ;
#4023 = CARTESIAN_POINT ( 'NONE',  ( -2.553231539738448852, -1.976403029381110082E-11, 5.632941890798614182 ) ) ;
#4024 = CARTESIAN_POINT ( 'NONE',  ( 0.9736010864139258425, -2.350480947161690537, -10.81250000000000000 ) ) ;
#4025 = CARTESIAN_POINT ( 'NONE',  ( 3.000000000000009770, -9.663995296166853972E-15, 5.875000000000000000 ) ) ;
#4026 = ORIENTED_EDGE ( 'NONE', *, *, #2147, .F. ) ;
#4027 = CARTESIAN_POINT ( 'NONE',  ( -1.265060653844737315, 3.054126587736530674, 1.093750000000003109 ) ) ;
#4028 = VERTEX_POINT ( 'NONE', #1502 ) ;
#4029 = CARTESIAN_POINT ( 'NONE',  ( -0.9736010864139263976, 2.350480947161671441, -12.43750000000000000 ) ) ;
#4030 = CARTESIAN_POINT ( 'NONE',  ( 1.265060653844736427, -3.054126587736549769, -10.40624999999999645 ) ) ;
#4031 = CARTESIAN_POINT ( 'NONE',  ( 1.662041016787803249, -1.662041016787812797, -2.749999999999999112 ) ) ;
#4032 = CARTESIAN_POINT ( 'NONE',  ( -3.050799999999992185, -9.107298248878237246E-15, 7.000000000000002665 ) ) ;
#4033 = CARTESIAN_POINT ( 'NONE',  ( 0.9736010864139259535, -2.350480947161690537, 6.062500000000000000 ) ) ;
#4034 = DIRECTION ( 'NONE',  ( -0.8660254037844385966, 0.5000000000000000000, 0.000000000000000000 ) ) ;
#4035 = VERTEX_POINT ( 'NONE', #3228 ) ;
#4036 = CARTESIAN_POINT ( 'NONE',  ( 3.000000000000007994, -1.242640687119299869, -11.31249999999999822 ) ) ;
#4037 = CARTESIAN_POINT ( 'NONE',  ( 2.159593620790638990, 2.159593620790628776, -11.03125000000000355 ) ) ;
#4038 = FACE_OUTER_BOUND ( 'NONE', #4429, .T. ) ;
#4039 = ORIENTED_EDGE ( 'NONE', *, *, #3780, .F. ) ;
#4040 = CARTESIAN_POINT ( 'NONE',  ( 3.054126587736538667, -1.265060653844748195, 1.781249999999998224 ) ) ;
#4041 = EDGE_CURVE ( 'NONE', #4281, #2271, #680, .T. ) ;
#4042 = CARTESIAN_POINT ( 'NONE',  ( -2.878508968398391083E-16, -2.350480947161689649, -6.999999999999999112 ) ) ;
#4043 = CARTESIAN_POINT ( 'NONE',  ( -0.9736010864139263976, 2.350480947161671441, -2.437500000000000444 ) ) ;
#4044 = CARTESIAN_POINT ( 'NONE',  ( -0.9736010864139263976, 2.350480947161671441, -2.312500000000000888 ) ) ;
#4045 = CARTESIAN_POINT ( 'NONE',  ( -1.662041016787803249, 1.662041016787794367, 2.750000000000000888 ) ) ;
#4046 = CARTESIAN_POINT ( 'NONE',  ( 0.9736010864139259535, -2.350480947161690537, -3.937500000000000000 ) ) ;
#4047 = ORIENTED_EDGE ( 'NONE', *, *, #1458, .T. ) ;
#4048 = CARTESIAN_POINT ( 'NONE',  ( 1.242640687119288767, -3.000000000000019540, -3.312500000000000000 ) ) ;
#4049 = AXIS2_PLACEMENT_3D ( 'NONE', #507, #3590, #4760 ) ;
#4050 = CARTESIAN_POINT ( 'NONE',  ( -1.662041016787803471, -1.662041016787812353, -9.000000000000000000 ) ) ;
#4051 = EDGE_CURVE ( 'NONE', #3077, #361, #4512, .T. ) ;
#4052 = EDGE_CURVE ( 'NONE', #2213, #1550, #2026, .T. ) ;
#4053 = CARTESIAN_POINT ( 'NONE',  ( 2.350480947161680323, -9.544680581810301090E-15, -10.75000000000000000 ) ) ;
#4054 = CARTESIAN_POINT ( 'NONE',  ( -2.350480947161680323, -0.9736010864139353904, -12.06250000000000000 ) ) ;
#4055 = CYLINDRICAL_SURFACE ( 'NONE', #3885, 3.000000000000003109 ) ;
#4056 = CARTESIAN_POINT ( 'NONE',  ( 3.054126587736538667, 1.265060653844728877, 1.843750000000003775 ) ) ;
#4057 = ORIENTED_EDGE ( 'NONE', *, *, #2792, .F. ) ;
#4058 = CARTESIAN_POINT ( 'NONE',  ( 2.350480947161680323, -0.9736010864139368337, -12.81249999999999822 ) ) ;
#4059 = CARTESIAN_POINT ( 'NONE',  ( -2.350480947161680323, 0.9736010864139172938, -4.187500000000000000 ) ) ;
#4060 = CARTESIAN_POINT ( 'NONE',  ( 3.000000000000009770, -9.663995296166853972E-15, -5.124999999999999112 ) ) ;
#4061 = CARTESIAN_POINT ( 'NONE',  ( -2.350480947161680323, -8.968978788130623169E-15, 4.749999999999999112 ) ) ;
#4062 = CARTESIAN_POINT ( 'NONE',  ( -2.121320343559648602, 2.121320343559640165, 1.125000000000000888 ) ) ;
#4063 = ORIENTED_EDGE ( 'NONE', *, *, #1667, .F. ) ;
#4064 = CARTESIAN_POINT ( 'NONE',  ( -1.741381275184076927, 1.829125027057024289, -12.47786507830931413 ) ) ;
#4065 = AXIS2_PLACEMENT_3D ( 'NONE', #1060, #3158, #2351 ) ;
#4066 = CARTESIAN_POINT ( 'NONE',  ( 2.159593620790638546, -2.159593620790647872, -13.28125000000000178 ) ) ;
#4067 = CARTESIAN_POINT ( 'NONE',  ( 1.749636399293228672, -1.699254026768151071, 5.298924871251144531 ) ) ;
#4068 = CARTESIAN_POINT ( 'NONE',  ( 3.054126587736538667, -1.265060653844748195, 2.781249999999999112 ) ) ;
#4069 = CARTESIAN_POINT ( 'NONE',  ( 2.350480947161680323, 0.9736010864139177379, -5.687500000000000000 ) ) ;
#4070 = CARTESIAN_POINT ( 'NONE',  ( 2.350480947161679435, -0.9736010864139368337, -0.8124999999999990008 ) ) ;
#4071 = VECTOR ( 'NONE', #567, 1000.000000000000000 ) ;
#4072 = CARTESIAN_POINT ( 'NONE',  ( 0.9736010864139259535, -2.350480947161690537, -0.8124999999999990008 ) ) ;
#4073 = CARTESIAN_POINT ( 'NONE',  ( -1.662041016787803471, -1.662041016787812353, 4.000000000000001776 ) ) ;
#4074 = CARTESIAN_POINT ( 'NONE',  ( -1.662041016787803249, 1.662041016787794367, -1.374999999999999556 ) ) ;
#4075 = VERTEX_POINT ( 'NONE', #3729 ) ;
#4076 = VECTOR ( 'NONE', #6, 1000.000000000000000 ) ;
#4077 = CARTESIAN_POINT ( 'NONE',  ( -2.350480947161680767, 0.9736010864139172938, -13.18749999999999822 ) ) ;
#4078 = CARTESIAN_POINT ( 'NONE',  ( 1.662041016787803693, 1.662041016787793923, -10.49999999999999822 ) ) ;
#4079 = CARTESIAN_POINT ( 'NONE',  ( 3.000000000000009770, -9.663995296166853972E-15, -9.125000000000000000 ) ) ;
#4080 = CARTESIAN_POINT ( 'NONE',  ( 0.000000000000000000, 2.350480947161671441, -10.49999999999999822 ) ) ;
#4081 = CARTESIAN_POINT ( 'NONE',  ( -3.000000000000027089, -1.242640687119280773, 4.437499999999997335 ) ) ;
#4082 = CARTESIAN_POINT ( 'NONE',  ( 0.000000000000000000, -2.818925648462311528E-15, -13.00000000000000178 ) ) ;
#4083 = CARTESIAN_POINT ( 'NONE',  ( -2.159593620790638102, 2.159593620790629220, -0.8437499999999973355 ) ) ;
#4084 = VERTEX_POINT ( 'NONE', #2474 ) ;
#4085 = CARTESIAN_POINT ( 'NONE',  ( 0.5828564951799130034, 2.402415090764021155, 5.395555540950716100 ) ) ;
#4086 = ADVANCED_FACE ( 'NONE', ( #3423 ), #4595, .T. ) ;
#4087 = CARTESIAN_POINT ( 'NONE',  ( 0.9736010864139278409, 2.350480947161670997, -5.437499999999999112 ) ) ;
#4088 = CARTESIAN_POINT ( 'NONE',  ( 2.499999999999997780, -1.443375672974062329, 12.82552006691257240 ) ) ;
#4089 = CARTESIAN_POINT ( 'NONE',  ( 0.9736010864139278409, 2.350480947161670997, 6.437500000000000888 ) ) ;
#4090 = CARTESIAN_POINT ( 'NONE',  ( 1.242640687119290765, 2.999999999999999112, 0.9375000000000008882 ) ) ;
#4091 = ORIENTED_EDGE ( 'NONE', *, *, #2982, .F. ) ;
#4092 = DIRECTION ( 'NONE',  ( -0.3420201433256694901, 0.000000000000000000, 0.9396926207859082059 ) ) ;
#4093 = CARTESIAN_POINT ( 'NONE',  ( 0.000000000000000000, 3.054126587736530674, -9.906250000000001776 ) ) ;
#4094 = CARTESIAN_POINT ( 'NONE',  ( -3.000000000000009770, -8.929207216678438350E-15, 5.375000000000000000 ) ) ;
#4095 = CARTESIAN_POINT ( 'NONE',  ( 0.000000000000000000, 3.054126587736530674, 0.09374999999999834854 ) ) ;
#4096 = CARTESIAN_POINT ( 'NONE',  ( -1.662041016787803471, -1.662041016787812353, -7.124999999999999112 ) ) ;
#4097 = CARTESIAN_POINT ( 'NONE',  ( -1.662041016787803249, 1.662041016787794367, -1.374999999999999556 ) ) ;
#4098 = CARTESIAN_POINT ( 'NONE',  ( -1.662041016787803249, 1.662041016787794367, -1.249999999999999334 ) ) ;
#4099 = CARTESIAN_POINT ( 'NONE',  ( 1.662041016787803249, -1.662041016787812797, 3.250000000000001332 ) ) ;
#4100 = CARTESIAN_POINT ( 'NONE',  ( 0.9736010864139259535, -2.350480947161690537, -2.937499999999999112 ) ) ;
#4101 = FACE_OUTER_BOUND ( 'NONE', #4457, .T. ) ;
#4102 = CARTESIAN_POINT ( 'NONE',  ( 1.356588038176361977, -2.628470244902458841, 6.728849907341132308 ) ) ;
#4103 = B_SPLINE_CURVE_WITH_KNOTS ( 'NONE', 3,
 ( #1919, #1472, #3171, #1044, #2335, #1971 ),
 .UNSPECIFIED., .F., .F.,
 ( 4, 2, 4 ),
 ( 0.007794699347447133983, 0.008525605880317900509, 0.009256512413188667035 ),
 .UNSPECIFIED. ) ;
#4104 = CARTESIAN_POINT ( 'NONE',  ( 1.662041016787803693, 1.662041016787793923, -5.500000000000000000 ) ) ;
#4105 = CARTESIAN_POINT ( 'NONE',  ( -0.4240885404451980034, 2.759393439359865141, 6.272187560074732993 ) ) ;
#4106 = CARTESIAN_POINT ( 'NONE',  ( -2.121320343559649491, -2.121320343559658372, -6.500000000000000000 ) ) ;
#4107 = CARTESIAN_POINT ( 'NONE',  ( 2.350480947161679435, -0.9736010864139368337, -8.687500000000000000 ) ) ;
#4108 = LOCAL_TIME ( 11, 36, 48.00000000000000000, #4276 ) ;
#4109 = CARTESIAN_POINT ( 'NONE',  ( -1.265060653844737315, 3.054126587736530674, 4.093750000000003553 ) ) ;
#4110 = EDGE_LOOP ( 'NONE', ( #2907, #2085, #2826, #1910 ) ) ;
#4111 = CARTESIAN_POINT ( 'NONE',  ( 1.662041016787803693, 1.662041016787793923, -4.499999999999999112 ) ) ;
#4112 = DIRECTION ( 'NONE',  ( -1.000000000000000000, 0.000000000000000000, 0.000000000000000000 ) ) ;
#4113 = CARTESIAN_POINT ( 'NONE',  ( -2.121320343559649491, 2.121320343559640165, -5.750000000000000000 ) ) ;
#4114 = EDGE_LOOP ( 'NONE', ( #612, #2745, #1881, #1946 ) ) ;
#4115 =( BOUNDED_CURVE ( )  B_SPLINE_CURVE ( 2, ( #4363, #609, #4106, #1539, #3581, #272, #1030, #5288, #2849 ),
 .UNSPECIFIED., .F., .F. ) 
 B_SPLINE_CURVE_WITH_KNOTS ( ( 3, 2, 2, 2, 3 ),
 ( 0.3452380952380952328, 0.3511904761904761640, 0.3571428571428570953, 0.3630952380952380265, 0.3690476190476190133 ),
 .UNSPECIFIED. ) 
 CURVE ( )  GEOMETRIC_REPRESENTATION_ITEM ( )  RATIONAL_B_SPLINE_CURVE ( ( 1.000000000000000000, 0.9238795325112867385, 1.000000000000000000, 0.9238795325112867385, 1.000000000000000000, 0.9238795325112867385, 1.000000000000000000, 0.9238795325112874046, 0.9999999999999993339 ) ) 
 REPRESENTATION_ITEM ( '' )  );
#4116 = CARTESIAN_POINT ( 'NONE',  ( -1.265060653844737537, -3.054126587736549325, -9.531249999999998224 ) ) ;
#4117 = CARTESIAN_POINT ( 'NONE',  ( -1.318742734599081645, 2.129723159341551764, -12.49839836009487648 ) ) ;
#4118 = EDGE_CURVE ( 'NONE', #4593, #502, #4693, .T. ) ;
#4119 = CARTESIAN_POINT ( 'NONE',  ( -2.159593620790638546, -2.159593620790647428, -12.53125000000000178 ) ) ;
#4120 = CARTESIAN_POINT ( 'NONE',  ( -1.242640687119289433, 3.000000000000000888, -11.81250000000000000 ) ) ;
#4121 = CYLINDRICAL_SURFACE ( 'NONE', #3888, 3.000000000000003109 ) ;
#4122 = CARTESIAN_POINT ( 'NONE',  ( -3.054126587736539999, -8.925892919057422291E-15, 1.343749999999997780 ) ) ;
#4123 = CARTESIAN_POINT ( 'NONE',  ( 1.662041016787803249, -1.662041016787812797, -5.875000000000000000 ) ) ;
#4124 = CARTESIAN_POINT ( 'NONE',  ( 1.662041016787803693, 1.662041016787793923, -0.6249999999999987788 ) ) ;
#4125 = CARTESIAN_POINT ( 'NONE',  ( -2.350480947161680767, -0.9736010864139355014, -2.062500000000000000 ) ) ;
#4126 = CARTESIAN_POINT ( 'NONE',  ( -1.662041016787803471, -1.662041016787812353, 3.000000000000000888 ) ) ;
#4127 = CARTESIAN_POINT ( 'NONE',  ( -0.9736010864139266197, -2.350480947161689649, -0.06250000000000005551 ) ) ;
#4128 = LINE ( 'NONE', #5336, #4071 ) ;
#4129 = CARTESIAN_POINT ( 'NONE',  ( -0.9736010864139263976, 2.350480947161671441, -13.31250000000000000 ) ) ;
#4130 = CARTESIAN_POINT ( 'NONE',  ( -2.350480947161680767, 0.9736010864139172938, 2.812500000000001332 ) ) ;
#4131 = CARTESIAN_POINT ( 'NONE',  ( 0.9736010864139259535, -2.350480947161690537, -3.812500000000000000 ) ) ;
#4132 = CARTESIAN_POINT ( 'NONE',  ( -1.242640687119289433, 3.000000000000000888, -8.812500000000000000 ) ) ;
#4133 = CARTESIAN_POINT ( 'NONE',  ( 1.662041016787803693, 1.662041016787793923, -7.625000000000000000 ) ) ;
#4134 = CARTESIAN_POINT ( 'NONE',  ( 2.350480947161679435, -0.9736010864139368337, -6.687500000000000888 ) ) ;
#4135 = CARTESIAN_POINT ( 'NONE',  ( -2.159593620790638546, -2.159593620790646984, 5.406250000000001776 ) ) ;
#4136 = ORIENTED_EDGE ( 'NONE', *, *, #1629, .F. ) ;
#4137 = CARTESIAN_POINT ( 'NONE',  ( -0.9736010864139266197, -2.350480947161689649, -9.062499999999998224 ) ) ;
#4138 = VECTOR ( 'NONE', #5202, 1000.000000000000000 ) ;
#4139 = ADVANCED_FACE ( 'NONE', ( #843 ), #4206, .T. ) ;
#4140 = CARTESIAN_POINT ( 'NONE',  ( -0.9736010864139263976, 2.350480947161671441, -7.312500000000000000 ) ) ;
#4141 = CARTESIAN_POINT ( 'NONE',  ( 1.460160544691357920, -2.043727262410499179, 12.60207377321806987 ) ) ;
#4142 = CARTESIAN_POINT ( 'NONE',  ( -2.121320343559649491, 2.121320343559640165, 1.249999999999999112 ) ) ;
#4143 = CARTESIAN_POINT ( 'NONE',  ( 0.1793296858502118896, 2.978659428829137035, -12.02134057117088162 ) ) ;
#4144 = ORIENTED_EDGE ( 'NONE', *, *, #2206, .F. ) ;
#4145 = CARTESIAN_POINT ( 'NONE',  ( -3.054126587736539555, -8.925892919057422291E-15, -5.718749999999997335 ) ) ;
#4146 = CARTESIAN_POINT ( 'NONE',  ( -4.999999999999999112, -2.602085213965210642E-15, 12.70000000000000284 ) ) ;
#4147 = CARTESIAN_POINT ( 'NONE',  ( -3.054126587736539555, -1.265060653844746641, -11.59375000000000178 ) ) ;
#4148 = CARTESIAN_POINT ( 'NONE',  ( -2.694118702422869660, 0.3384034558790837699, 6.063305502090566179 ) ) ;
#4149 = CARTESIAN_POINT ( 'NONE',  ( 2.288785368597380465, -0.9223399791385422652, 5.377483029091665756 ) ) ;
#4150 = CARTESIAN_POINT ( 'NONE',  ( 3.054126587736539111, 1.265060653844729099, 0.9062499999999992228 ) ) ;
#4151 =( BOUNDED_CURVE ( )  B_SPLINE_CURVE ( 2, ( #474, #2583, #450, #3898, #57, #3869, #1747, #1774, #3689 ),
 .UNSPECIFIED., .F., .F. ) 
 B_SPLINE_CURVE_WITH_KNOTS ( ( 3, 2, 2, 2, 3 ),
 ( 0.3928571428571428492, 0.3988095238095238360, 0.4047619047619047672, 0.4107142857142856429, 0.4166666666666666297 ),
 .UNSPECIFIED. ) 
 CURVE ( )  GEOMETRIC_REPRESENTATION_ITEM ( )  RATIONAL_B_SPLINE_CURVE ( ( 1.000000000000000000, 0.9238795325112867385, 1.000000000000000000, 0.9238795325112867385, 1.000000000000000000, 0.9238795325112867385, 1.000000000000000000, 0.9238795325112874046, 0.9999999999999993339 ) ) 
 REPRESENTATION_ITEM ( '' )  );
#4152 = CARTESIAN_POINT ( 'NONE',  ( 2.350480947161680323, -9.544680581810301090E-15, -1.749999999999999778 ) ) ;
#4153 = CARTESIAN_POINT ( 'NONE',  ( -2.350480947161680323, -0.9736010864139353904, 0.8125000000000006661 ) ) ;
#4154 = CARTESIAN_POINT ( 'NONE',  ( -1.662041016787803249, 1.662041016787794367, 4.749999999999999112 ) ) ;
#4155 = AXIS2_PLACEMENT_3D ( 'NONE', #4336, #527, #2629 ) ;
#4156 = CARTESIAN_POINT ( 'NONE',  ( 1.074489722339423636, -2.090510109891138502, 5.075889215912897434 ) ) ;
#4157 = CARTESIAN_POINT ( 'NONE',  ( -0.9736010864139266197, -2.350480947161689649, -3.062499999999999112 ) ) ;
#4158 = EDGE_CURVE ( 'NONE', #82, #1852, #2997, .T. ) ;
#4159 = ORIENTED_EDGE ( 'NONE', *, *, #2572, .F. ) ;
#4160 = CARTESIAN_POINT ( 'NONE',  ( -1.662041016787803471, -1.662041016787812353, -9.000000000000000000 ) ) ;
#4161 = AXIS2_PLACEMENT_3D ( 'NONE', #3141, #5306, #1864 ) ;
#4162 = CARTESIAN_POINT ( 'NONE',  ( -0.9736010864139266197, -2.350480947161689649, 7.062500000000000888 ) ) ;
#4163 = CARTESIAN_POINT ( 'NONE',  ( -0.9736010864139263976, 2.350480947161671441, -4.312500000000000888 ) ) ;
#4164 = AXIS2_PLACEMENT_3D ( 'NONE', #4612, #4222, #2959 ) ;
#4165 = CARTESIAN_POINT ( 'NONE',  ( -0.9736010864139263976, 2.350480947161671441, -8.437500000000000000 ) ) ;
#4166 = CARTESIAN_POINT ( 'NONE',  ( 2.350480947161679435, 0.9736010864139177379, -6.562500000000000000 ) ) ;
#4167 = CARTESIAN_POINT ( 'NONE',  ( 3.054126587736539555, -9.673938189029898993E-15, 4.781250000000004441 ) ) ;
#4168 = VERTEX_POINT ( 'NONE', #1183 ) ;
#4169 = CARTESIAN_POINT ( 'NONE',  ( 1.662041016787803693, 1.662041016787793923, -8.625000000000000000 ) ) ;
#4170 = CARTESIAN_POINT ( 'NONE',  ( 1.662041016787803249, -1.662041016787812797, -4.749999999999999112 ) ) ;
#4171 = CARTESIAN_POINT ( 'NONE',  ( -2.537550546400191287, -0.7198008102495760951, -12.36863519097033048 ) ) ;
#4172 = CARTESIAN_POINT ( 'NONE',  ( 3.000000000000009770, -9.663995296166853972E-15, -1.124999999999999556 ) ) ;
#4173 = CARTESIAN_POINT ( 'NONE',  ( 2.442100681442289645, 0.3563049650225393883, -12.53836291271692005 ) ) ;
#4174 = VERTEX_POINT ( 'NONE', #4146 ) ;
#4175 = CARTESIAN_POINT ( 'NONE',  ( -3.740226349862381049E-16, -3.054126587736548437, -8.468749999999996447 ) ) ;
#4176 = ORIENTED_EDGE ( 'NONE', *, *, #479, .F. ) ;
#4177 = DIRECTION ( 'NONE',  ( -0.000000000000000000, -0.000000000000000000, -1.000000000000000000 ) ) ;
#4178 = CARTESIAN_POINT ( 'NONE',  ( 1.265060653844739313, 3.054126587736530229, -8.968750000000000000 ) ) ;
#4179 = CARTESIAN_POINT ( 'NONE',  ( 0.000000000000000000, -2.818925648462311528E-15, 13.00000000000000178 ) ) ;
#4180 = CARTESIAN_POINT ( 'NONE',  ( 0.000000000000000000, -2.602085213965210642E-15, 7.300000000000000711 ) ) ;
#4181 = CARTESIAN_POINT ( 'NONE',  ( 3.054126587736539111, 1.265060653844729099, 5.906249999999998224 ) ) ;
#4182 = CARTESIAN_POINT ( 'NONE',  ( -2.350480947161680767, 0.9736010864139172938, -4.312500000000000888 ) ) ;
#4183 = CARTESIAN_POINT ( 'NONE',  ( -1.662041016787803471, -1.662041016787812353, 0.8750000000000007772 ) ) ;
#4184 = CARTESIAN_POINT ( 'NONE',  ( -0.9736010864139266197, -2.350480947161689649, 4.062500000000001776 ) ) ;
#4185 = CARTESIAN_POINT ( 'NONE',  ( -3.000000000000009326, -8.929207216678438350E-15, -3.749999999999999556 ) ) ;
#4186 = CARTESIAN_POINT ( 'NONE',  ( 0.9736010864139278409, 2.350480947161670997, 2.437500000000000444 ) ) ;
#4187 = CYLINDRICAL_SURFACE ( 'NONE', #5512, 3.000000000000003109 ) ;
#4188 = CARTESIAN_POINT ( 'NONE',  ( -0.9736010864139266197, -2.350480947161689649, -9.937499999999998224 ) ) ;
#4189 =( BOUNDED_CURVE ( )  B_SPLINE_CURVE ( 2, ( #5255, #157, #3910, #1394, #1423, #3883, #575, #4747, #3468 ),
 .UNSPECIFIED., .F., .F. ) 
 B_SPLINE_CURVE_WITH_KNOTS ( ( 3, 2, 2, 2, 3 ),
 ( 0.2500000000000000555, 0.2559523809523809312, 0.2619047619047619180, 0.2678571428571427937, 0.2738095238095237804 ),
 .UNSPECIFIED. ) 
 CURVE ( )  GEOMETRIC_REPRESENTATION_ITEM ( )  RATIONAL_B_SPLINE_CURVE ( ( 0.9999999999999993339, 0.9238795325112874046, 1.000000000000000000, 0.9238795325112867385, 1.000000000000000000, 0.9238795325112867385, 1.000000000000000000, 0.9238795325112874046, 0.9999999999999993339 ) ) 
 REPRESENTATION_ITEM ( '' )  );
#4190 = CARTESIAN_POINT ( 'NONE',  ( 2.350480947161680323, 0.9736010864139177379, 7.437500000000001776 ) ) ;
#4191 = CARTESIAN_POINT ( 'NONE',  ( -0.9736010864139266197, -2.350480947161689649, -5.937499999999999112 ) ) ;
#4192 = ADVANCED_FACE ( 'NONE', ( #2086 ), #1694, .T. ) ;
#4193 = CARTESIAN_POINT ( 'NONE',  ( -2.999999999999991562, 1.242640687119297871, 2.312499999999999112 ) ) ;
#4194 = CARTESIAN_POINT ( 'NONE',  ( 0.000000000000000000, 2.350480947161671441, -8.500000000000000000 ) ) ;
#4195 = CARTESIAN_POINT ( 'NONE',  ( -0.9736010864139263976, 2.350480947161671441, -8.312500000000000000 ) ) ;
#4196 = CARTESIAN_POINT ( 'NONE',  ( -3.054126587736539111, 1.265060653844728433, 4.218750000000003553 ) ) ;
#4197 = ORIENTED_EDGE ( 'NONE', *, *, #5010, .T. ) ;
#4198 = CARTESIAN_POINT ( 'NONE',  ( 2.350480947161680323, -9.544680581810301090E-15, -11.75000000000000000 ) ) ;
#4199 = CARTESIAN_POINT ( 'NONE',  ( -0.9736010864139266197, -2.350480947161689649, -6.937499999999999112 ) ) ;
#4200 = CARTESIAN_POINT ( 'NONE',  ( -3.673940397442070715E-16, -3.000000000000017764, -6.499999999999999112 ) ) ;
#4201 = FACE_BOUND ( 'NONE', #955, .T. ) ;
#4202 = CARTESIAN_POINT ( 'NONE',  ( -3.000000000000009326, -8.929207216678438350E-15, -8.749999999999998224 ) ) ;
#4203 = ORIENTED_EDGE ( 'NONE', *, *, #490, .T. ) ;
#4204 = CARTESIAN_POINT ( 'NONE',  ( -2.159593620790638102, 2.159593620790629220, -8.843749999999998224 ) ) ;
#4205 = ORIENTED_EDGE ( 'NONE', *, *, #4657, .F. ) ;
#4206 = CYLINDRICAL_SURFACE ( 'NONE', #1312, 3.000000000000003109 ) ;
#4207 = CARTESIAN_POINT ( 'NONE',  ( -1.244153151533182067, 2.334233546618782906, 5.870307270697985302 ) ) ;
#4208 = CARTESIAN_POINT ( 'NONE',  ( 0.000000000000000000, 0.000000000000000000, 10.00000000000000178 ) ) ;
#4209 = CARTESIAN_POINT ( 'NONE',  ( 0.000000000000000000, 3.054126587736530674, 6.093749999999998224 ) ) ;
#4210 = CARTESIAN_POINT ( 'NONE',  ( -2.878508968398391083E-16, -2.350480947161689649, -0.9999999999999991118 ) ) ;
#4211 = CARTESIAN_POINT ( 'NONE',  ( 0.9736010864139279519, 2.350480947161670997, 3.437500000000001776 ) ) ;
#4212 = CARTESIAN_POINT ( 'NONE',  ( 1.662041016787803249, -1.662041016787812797, 5.249999999999999112 ) ) ;
#4213 = CYLINDRICAL_SURFACE ( 'NONE', #856, 3.000000000000003109 ) ;
#4214 = CARTESIAN_POINT ( 'NONE',  ( -0.9736010864139266197, -2.350480947161689649, 0.9375000000000007772 ) ) ;
#4215 = CARTESIAN_POINT ( 'NONE',  ( -3.000000000000003109, -2.818925648462311528E-15, -13.00000000000000178 ) ) ;
#4216 = CARTESIAN_POINT ( 'NONE',  ( 2.350480947161680323, -9.544680581810301090E-15, -10.62499999999999822 ) ) ;
#4217 = EDGE_CURVE ( 'NONE', #4168, #361, #2140, .T. ) ;
#4218 = CARTESIAN_POINT ( 'NONE',  ( 1.265060653844739313, 3.054126587736530229, -5.968750000000001776 ) ) ;
#4219 = CARTESIAN_POINT ( 'NONE',  ( -2.350480947161680323, -8.968978788130623169E-15, -13.25000000000000000 ) ) ;
#4220 = CARTESIAN_POINT ( 'NONE',  ( -1.662041016787803471, -1.662041016787812353, -2.999999999999999112 ) ) ;
#4221 =( BOUNDED_CURVE ( )  B_SPLINE_CURVE ( 2, ( #1090, #2013, #4499, #1114, #3214, #692, #1825, #3716, #271 ),
 .UNSPECIFIED., .F., .F. ) 
 B_SPLINE_CURVE_WITH_KNOTS ( ( 3, 2, 2, 2, 3 ),
 ( 0.5119047619047618625, 0.5178571428571429047, 0.5238095238095238360, 0.5297619047619047672, 0.5357142857142856984 ),
 .UNSPECIFIED. ) 
 CURVE ( )  GEOMETRIC_REPRESENTATION_ITEM ( )  RATIONAL_B_SPLINE_CURVE ( ( 1.000000000000000000, 0.9238795325112867385, 1.000000000000000000, 0.9238795325112867385, 1.000000000000000000, 0.9238795325112867385, 1.000000000000000000, 0.9238795325112867385, 1.000000000000000000 ) ) 
 REPRESENTATION_ITEM ( '' )  );
#4222 = DIRECTION ( 'NONE',  ( -0.000000000000000000, -0.000000000000000000, -1.000000000000000000 ) ) ;
#4223 = CARTESIAN_POINT ( 'NONE',  ( -1.662041016787803249, 1.662041016787794367, -8.250000000000000000 ) ) ;
#4224 = EDGE_CURVE ( 'NONE', #1550, #996, #2555, .T. ) ;
#4225 = CARTESIAN_POINT ( 'NONE',  ( -1.265060653844737315, 3.054126587736530674, 3.093750000000002665 ) ) ;
#4226 = VERTEX_POINT ( 'NONE', #3789 ) ;
#4227 = CARTESIAN_POINT ( 'NONE',  ( 2.350480947161680323, -0.9736010864139368337, -11.81249999999999822 ) ) ;
#4228 = EDGE_CURVE ( 'NONE', #4808, #4532, #4864, .T. ) ;
#4229 = CARTESIAN_POINT ( 'NONE',  ( -2.878508968398391083E-16, -2.350480947161689649, -0.8749999999999990008 ) ) ;
#4230 = CARTESIAN_POINT ( 'NONE',  ( -2.357013499546813939, -1.230022948704189378, -12.34744222634413724 ) ) ;
#4231 = DIRECTION ( 'NONE',  ( -1.000000000000000000, 0.000000000000000000, 0.000000000000000000 ) ) ;
#4232 = CARTESIAN_POINT ( 'NONE',  ( -2.999999999999991562, 1.242640687119297871, 4.312499999999996447 ) ) ;
#4233 = ORIENTED_EDGE ( 'NONE', *, *, #4118, .T. ) ;
#4234 = CARTESIAN_POINT ( 'NONE',  ( 3.054126587736538223, -1.265060653844747973, -7.281249999999999112 ) ) ;
#4235 = VERTEX_POINT ( 'NONE', #3504 ) ;
#4236 = CARTESIAN_POINT ( 'NONE',  ( -2.121320343559648602, 2.121320343559640165, 2.125000000000000000 ) ) ;
#4237 = CARTESIAN_POINT ( 'NONE',  ( -2.171256200103280687, 1.593690289038520946, 5.958911362107206955 ) ) ;
#4238 = CARTESIAN_POINT ( 'NONE',  ( 2.121320343559649491, -2.121320343559658372, -0.2500000000000003331 ) ) ;
#4239 = CARTESIAN_POINT ( 'NONE',  ( -1.265060653844737759, -3.054126587736549769, 3.531249999999999556 ) ) ;
#4240 = CARTESIAN_POINT ( 'NONE',  ( -1.662041016787803471, -1.662041016787812353, -4.125000000000000000 ) ) ;
#4241 = CARTESIAN_POINT ( 'NONE',  ( 2.350480947161679435, 0.9736010864139177379, 2.312500000000000888 ) ) ;
#4242 = CARTESIAN_POINT ( 'NONE',  ( 0.9736010864139278409, 2.350480947161670997, 3.562500000000002220 ) ) ;
#4243 = CARTESIAN_POINT ( 'NONE',  ( -3.000000000000003109, -2.818925648462311528E-15, -13.00000000000000178 ) ) ;
#4244 = CARTESIAN_POINT ( 'NONE',  ( -2.350480947161680767, 0.9736010864139172938, 0.6875000000000005551 ) ) ;
#4245 = CARTESIAN_POINT ( 'NONE',  ( -2.121320343559648602, 2.121320343559640165, -0.8749999999999988898 ) ) ;
#4246 = CARTESIAN_POINT ( 'NONE',  ( 1.662041016787803693, 1.662041016787793923, -9.500000000000000000 ) ) ;
#4247 = CARTESIAN_POINT ( 'NONE',  ( -3.054126587736539555, -1.265060653844746641, -8.593750000000000000 ) ) ;
#4248 = CARTESIAN_POINT ( 'NONE',  ( 1.662041016787803693, 1.662041016787793923, 6.500000000000000888 ) ) ;
#4249 = CARTESIAN_POINT ( 'NONE',  ( 2.499999999999997335, -0.4861076100947510636, 12.62317301532468683 ) ) ;
#4250 = CARTESIAN_POINT ( 'NONE',  ( 3.054126587736538667, 1.265060653844728877, 7.843750000000003553 ) ) ;
#4251 = CARTESIAN_POINT ( 'NONE',  ( -0.9736010864139266197, -2.350480947161689649, -10.06250000000000000 ) ) ;
#4252 = CARTESIAN_POINT ( 'NONE',  ( -0.9736010864139263976, 2.350480947161671441, -2.312500000000000888 ) ) ;
#4253 = CARTESIAN_POINT ( 'NONE',  ( -1.262397539270685431, -2.408513833198194565, -12.28668097560781192 ) ) ;
#4254 = CARTESIAN_POINT ( 'NONE',  ( -1.242640687119289655, -3.000000000000018652, -0.5624999999999988898 ) ) ;
#4255 = DIRECTION ( 'NONE',  ( -1.000000000000000000, 0.000000000000000000, 0.000000000000000000 ) ) ;
#4256 = EDGE_LOOP ( 'NONE', ( #1348, #1744, #3574, #780 ) ) ;
#4257 = CARTESIAN_POINT ( 'NONE',  ( 3.054126587736539555, -9.673938189029898993E-15, -2.218749999999996891 ) ) ;
#4258 = EDGE_LOOP ( 'NONE', ( #4063, #3129, #641, #2269, #1636 ) ) ;
#4259 = CARTESIAN_POINT ( 'NONE',  ( 2.121320343559649046, 2.121320343559639277, 1.875000000000001776 ) ) ;
#4260 = CARTESIAN_POINT ( 'NONE',  ( 0.4104184599696112379, 2.649796137604281121, 12.70119088076186920 ) ) ;
#4261 = CARTESIAN_POINT ( 'NONE',  ( 2.999999999999999112, -1.242640687119309195, 2.687500000000000000 ) ) ;
#4262 = EDGE_CURVE ( 'NONE', #446, #1293, #2617, .T. ) ;
#4263 = CARTESIAN_POINT ( 'NONE',  ( -3.054126587736539999, -8.925892919057422291E-15, 3.343749999999999556 ) ) ;
#4264 = CARTESIAN_POINT ( 'NONE',  ( 0.000000000000000000, 2.350480947161671441, 2.500000000000000444 ) ) ;
#4265 = CARTESIAN_POINT ( 'NONE',  ( 1.662041016787803693, 1.662041016787793923, 2.375000000000000444 ) ) ;
#4266 = CARTESIAN_POINT ( 'NONE',  ( -0.9736010864139263976, 2.350480947161671441, 1.687499999999999778 ) ) ;
#4267 = LINE ( 'NONE', #12, #1395 ) ;
#4268 = CARTESIAN_POINT ( 'NONE',  ( -0.9736010864139266197, -2.350480947161689649, 3.937500000000001776 ) ) ;
#4269 = CARTESIAN_POINT ( 'NONE',  ( 3.000000000000009326, -9.663995296166853972E-15, 1.750000000000001554 ) ) ;
#4270 = CARTESIAN_POINT ( 'NONE',  ( -2.878508968398391083E-16, -2.350480947161689649, -9.875000000000000000 ) ) ;
#4271 = CARTESIAN_POINT ( 'NONE',  ( 2.159593620790638990, 2.159593620790628776, -5.031250000000000888 ) ) ;
#4272 = CARTESIAN_POINT ( 'NONE',  ( -2.350480947161680767, 0.9736010864139172938, 5.812500000000000000 ) ) ;
#4273 = CARTESIAN_POINT ( 'NONE',  ( -3.000000000000009770, -8.929207216678438350E-15, 6.375000000000000888 ) ) ;
#4274 = CARTESIAN_POINT ( 'NONE',  ( -1.662041016787803249, 1.662041016787794367, -11.25000000000000000 ) ) ;
#4275 = CARTESIAN_POINT ( 'NONE',  ( 2.350480947161680323, -9.544680581810301090E-15, -4.749999999999999112 ) ) ;
#4276 = COORDINATED_UNIVERSAL_TIME_OFFSET ( 6, 0, .BEHIND. ) ;
#4277 = CARTESIAN_POINT ( 'NONE',  ( -2.350480947161680323, -8.968978788130623169E-15, -0.1250000000000001110 ) ) ;
#4278 = CARTESIAN_POINT ( 'NONE',  ( -2.499999999999997780, 1.443375672974062551, 10.00000000000000178 ) ) ;
#4279 = CARTESIAN_POINT ( 'NONE',  ( 2.949114434572658094, 2.482927081533379168E-11, 6.720621205103923579 ) ) ;
#4280 = LINE ( 'NONE', #445, #43 ) ;
#4281 = VERTEX_POINT ( 'NONE', #4311 ) ;
#4282 = CARTESIAN_POINT ( 'NONE',  ( -3.740226349862381049E-16, -3.054126587736548437, -2.468749999999996891 ) ) ;
#4283 = ORIENTED_EDGE ( 'NONE', *, *, #77, .F. ) ;
#4284 = CARTESIAN_POINT ( 'NONE',  ( 1.242640687119290765, 2.999999999999999112, -8.062499999999998224 ) ) ;
#4285 = DIRECTION ( 'NONE',  ( -1.000000000000000000, 0.000000000000000000, 0.000000000000000000 ) ) ;
#4286 = CARTESIAN_POINT ( 'NONE',  ( -3.000000000000009326, -8.929207216678438350E-15, -2.749999999999999112 ) ) ;
#4287 = CARTESIAN_POINT ( 'NONE',  ( 3.054126587736538667, -1.265060653844748195, 6.781249999999999112 ) ) ;
#4288 = CARTESIAN_POINT ( 'NONE',  ( -1.662041016787803471, -1.662041016787812353, 1.875000000000000000 ) ) ;
#4289 = CARTESIAN_POINT ( 'NONE',  ( -2.121320343559649491, -2.121320343559658372, 5.500000000000000000 ) ) ;
#4290 = CARTESIAN_POINT ( 'NONE',  ( 0.9736010864139278409, 2.350480947161670997, 6.562500000000000888 ) ) ;
#4291 = ADVANCED_FACE ( 'NONE', ( #2272 ), #1734, .T. ) ;
#4292 = PRODUCT_DEFINITION_FORMATION_WITH_SPECIFIED_SOURCE ( 'ANY', '', #4299, .NOT_KNOWN. ) ;
#4293 = CARTESIAN_POINT ( 'NONE',  ( 1.242640687119288767, -3.000000000000019540, 1.687499999999999778 ) ) ;
#4294 = CARTESIAN_POINT ( 'NONE',  ( 1.662041016787803249, -1.662041016787812797, 0.1250000000000001110 ) ) ;
#4295 = CARTESIAN_POINT ( 'NONE',  ( 2.121320343559649935, 2.121320343559639721, -12.00000000000000000 ) ) ;
#4296 = CARTESIAN_POINT ( 'NONE',  ( 0.000000000000000000, 3.054126587736530674, -6.906250000000001776 ) ) ;
#4297 = CARTESIAN_POINT ( 'NONE',  ( -2.350480947161680323, -8.968978788130623169E-15, -9.250000000000000000 ) ) ;
#4298 = CARTESIAN_POINT ( 'NONE',  ( -2.350480947161680323, -0.9736010864139353904, -9.187500000000000000 ) ) ;
#4299 = PRODUCT ( '91292A137_18-8 Stainless Steel Socket Head Screw', '91292A137_18-8 Stainless Steel Socket Head Screw', '', ( #200 ) ) ;
#4300 = CARTESIAN_POINT ( 'NONE',  ( 3.000000000000009770, -9.663995296166853972E-15, -10.12500000000000178 ) ) ;
#4301 = CARTESIAN_POINT ( 'NONE',  ( -2.350480947161680323, -8.968978788130623169E-15, -13.12500000000000000 ) ) ;
#4302 = CARTESIAN_POINT ( 'NONE',  ( 2.350480947161680323, -0.9736010864139368337, -6.812500000000000000 ) ) ;
#4303 = DATE_AND_TIME ( #495, #4108 ) ;
#4304 = CARTESIAN_POINT ( 'NONE',  ( 2.350480947161680323, 0.9736010864139177379, -3.562500000000000000 ) ) ;
#4305 = CYLINDRICAL_SURFACE ( 'NONE', #3606, 3.000000000000003109 ) ;
#4306 = CARTESIAN_POINT ( 'NONE',  ( 3.000000000000009770, -9.663995296166853972E-15, -8.125000000000000000 ) ) ;
#4307 = CARTESIAN_POINT ( 'NONE',  ( 0.000000000000000000, -2.818925648462311528E-15, -13.00000000000000178 ) ) ;
#4308 = EDGE_LOOP ( 'NONE', ( #813, #3755, #4447, #871 ) ) ;
#4309 = CARTESIAN_POINT ( 'NONE',  ( 2.159593620790638546, 2.159593620790628776, -2.093749999999996447 ) ) ;
#4310 = ORIENTED_EDGE ( 'NONE', *, *, #2400, .F. ) ;
#4311 = CARTESIAN_POINT ( 'NONE',  ( -2.853999006098971503, -4.968020732128231866E-14, 6.459293713130719539 ) ) ;
#4312 = CARTESIAN_POINT ( 'NONE',  ( -3.000000000000009770, 1.242640687119280551, -4.687500000000000888 ) ) ;
#4313 = CARTESIAN_POINT ( 'NONE',  ( 1.242640687119290765, 2.999999999999999112, 3.937500000000001776 ) ) ;
#4314 = CARTESIAN_POINT ( 'NONE',  ( -1.242640687119289655, -3.000000000000018652, 4.437500000000001776 ) ) ;
#4315 = CARTESIAN_POINT ( 'NONE',  ( -2.350480947161680767, -0.9736010864139355014, 0.8125000000000007772 ) ) ;
#4316 = CARTESIAN_POINT ( 'NONE',  ( 0.9736010864139279519, 2.350480947161670997, 2.437500000000000444 ) ) ;
#4317 = CARTESIAN_POINT ( 'NONE',  ( 0.000000000000000000, 2.350480947161671441, 6.625000000000000888 ) ) ;
#4318 = CARTESIAN_POINT ( 'NONE',  ( -3.000000000000009326, -8.929207216678438350E-15, -1.749999999999999778 ) ) ;
#4319 = CARTESIAN_POINT ( 'NONE',  ( 0.9736010864139259535, -2.350480947161690537, 6.062500000000000000 ) ) ;
#4320 = CARTESIAN_POINT ( 'NONE',  ( 2.664822680495505303, 1.319532734754105041, -12.03265356926078411 ) ) ;
#4321 = AXIS2_PLACEMENT_3D ( 'NONE', #4002, #3249, #276 ) ;
#4322 = CARTESIAN_POINT ( 'NONE',  ( 2.159593620790638546, -2.159593620790647872, -5.281250000000000888 ) ) ;
#4323 = CARTESIAN_POINT ( 'NONE',  ( 2.350480947161680323, -9.544680581810301090E-15, -10.75000000000000000 ) ) ;
#4324 = CARTESIAN_POINT ( 'NONE',  ( 2.350480947161680323, -9.544680581810301090E-15, -6.750000000000000000 ) ) ;
#4325 = EDGE_CURVE ( 'NONE', #5276, #1591, #4960, .T. ) ;
#4326 = CARTESIAN_POINT ( 'NONE',  ( 0.9736010864139279519, 2.350480947161670997, -1.437499999999999334 ) ) ;
#4327 = CARTESIAN_POINT ( 'NONE',  ( -2.725153263623849131, -0.9173290244490319711, 6.501761391172114379 ) ) ;
#4328 =( BOUNDED_CURVE ( )  B_SPLINE_CURVE ( 2, ( #1135, #852, #4662, #5534, #3767, #4605, #5449, #1616, #5478 ),
 .UNSPECIFIED., .F., .F. ) 
 B_SPLINE_CURVE_WITH_KNOTS ( ( 3, 2, 2, 2, 3 ),
 ( 0.6785714285714284921, 0.6845238095238094234, 0.6904761904761904656, 0.6964285714285713969, 0.7023809523809523281 ),
 .UNSPECIFIED. ) 
 CURVE ( )  GEOMETRIC_REPRESENTATION_ITEM ( )  RATIONAL_B_SPLINE_CURVE ( ( 1.000000000000001332, 0.9238795325112852952, 1.000000000000000000, 0.9238795325112867385, 1.000000000000000000, 0.9238795325112867385, 1.000000000000000000, 0.9238795325112867385, 1.000000000000000000 ) ) 
 REPRESENTATION_ITEM ( '' )  );
#4329 = CARTESIAN_POINT ( 'NONE',  ( -1.662041016787803471, -1.662041016787812353, -12.00000000000000000 ) ) ;
#4330 = AXIS2_PLACEMENT_3D ( 'NONE', #2440, #3311, #5042 ) ;
#4331 = CARTESIAN_POINT ( 'NONE',  ( -0.9736010864139263976, 2.350480947161671441, -4.437500000000000888 ) ) ;
#4332 = AXIS2_PLACEMENT_3D ( 'NONE', #2036, #3740, #2513 ) ;
#4333 = CARTESIAN_POINT ( 'NONE',  ( 1.662041016787803693, 1.662041016787793923, -1.499999999999999556 ) ) ;
#4334 = LINE ( 'NONE', #497, #2097 ) ;
#4335 = CARTESIAN_POINT ( 'NONE',  ( 2.999999999999999112, -1.242640687119309195, -1.312500000000000000 ) ) ;
#4336 = CARTESIAN_POINT ( 'NONE',  ( -4.700000000000000178, -2.602085213965210642E-15, 12.70000000000000107 ) ) ;
#4337 = ORIENTED_EDGE ( 'NONE', *, *, #1065, .F. ) ;
#4338 = CARTESIAN_POINT ( 'NONE',  ( 1.265060653844739091, 3.054126587736529341, -5.031249999999997335 ) ) ;
#4339 = ORIENTED_EDGE ( 'NONE', *, *, #3471, .T. ) ;
#4340 = CARTESIAN_POINT ( 'NONE',  ( -2.121320343559649046, -2.121320343559657928, 5.375000000000000000 ) ) ;
#4341 = VECTOR ( 'NONE', #1907, 1000.000000000000000 ) ;
#4342 = CARTESIAN_POINT ( 'NONE',  ( 1.242640687119291210, 2.999999999999999556, -4.937500000000000000 ) ) ;
#4343 = CARTESIAN_POINT ( 'NONE',  ( 2.121320343559649046, 2.121320343559639277, -4.124999999999998224 ) ) ;
#4344 = CARTESIAN_POINT ( 'NONE',  ( -2.499999999999997780, -1.443375672974062995, 10.00000000000000178 ) ) ;
#4345 = CARTESIAN_POINT ( 'NONE',  ( 2.350480947161680323, 0.9736010864139177379, 1.312500000000001110 ) ) ;
#4346 = CARTESIAN_POINT ( 'NONE',  ( 3.000000000000026645, -1.242640687119282328, -8.312499999999998224 ) ) ;
#4347 = CARTESIAN_POINT ( 'NONE',  ( -1.242640687119324516, 2.999999999999964917, -11.93749999999999467 ) ) ;
#4348 = CARTESIAN_POINT ( 'NONE',  ( -2.159890518116926141E-16, -2.886751345948125991, 10.00000000000000178 ) ) ;
#4349 = CARTESIAN_POINT ( 'NONE',  ( -0.9736010864139266197, -2.350480947161689649, 4.937500000000000888 ) ) ;
#4350 = CARTESIAN_POINT ( 'NONE',  ( 0.000000000000000000, -2.818925648462311528E-15, -13.00000000000000178 ) ) ;
#4351 = CARTESIAN_POINT ( 'NONE',  ( -1.265060653844737759, -3.054126587736549769, -1.468750000000001332 ) ) ;
#4352 = CARTESIAN_POINT ( 'NONE',  ( 2.350480947161680323, 0.9736010864139177379, -12.68749999999999822 ) ) ;
#4353 = CARTESIAN_POINT ( 'NONE',  ( 2.350480947161680323, -9.544680581810301090E-15, -4.749999999999999112 ) ) ;
#4354 = EDGE_CURVE ( 'NONE', #3642, #5276, #3447, .T. ) ;
#4355 = CARTESIAN_POINT ( 'NONE',  ( 0.000000000000000000, 2.350480947161671441, 1.624999999999999778 ) ) ;
#4356 = CARTESIAN_POINT ( 'NONE',  ( 2.884316498626858571, -1.358324188492449736, 6.804271496263937458 ) ) ;
#4357 = CARTESIAN_POINT ( 'NONE',  ( 1.265060653844739091, 3.054126587736529341, 7.968750000000003553 ) ) ;
#4358 = EDGE_CURVE ( 'NONE', #258, #3077, #5377, .T. ) ;
#4359 = CARTESIAN_POINT ( 'NONE',  ( -2.878508968398391083E-16, -2.350480947161689649, -6.999999999999999112 ) ) ;
#4360 = COORDINATED_UNIVERSAL_TIME_OFFSET ( 6, 0, .BEHIND. ) ;
#4361 =( BOUNDED_CURVE ( )  B_SPLINE_CURVE ( 2, ( #4008, #5300, #4402, #201, #4510, #3565, #3197, #1470, #2306 ),
 .UNSPECIFIED., .F., .F. ) 
 B_SPLINE_CURVE_WITH_KNOTS ( ( 3, 2, 2, 2, 3 ),
 ( 0.1309523809523810978, 0.1369047619047620012, 0.1428571428571429880, 0.1488095238095238915, 0.1547619047619047672 ),
 .UNSPECIFIED. ) 
 CURVE ( )  GEOMETRIC_REPRESENTATION_ITEM ( )  RATIONAL_B_SPLINE_CURVE ( ( 0.9999999999999978906, 0.9238795325112887369, 1.000000000000000000, 0.9238795325112866275, 1.000000000000000000, 0.9238795325112866275, 1.000000000000000000, 0.9238795325112866275, 1.000000000000000000 ) ) 
 REPRESENTATION_ITEM ( '' )  );
#4362 = CARTESIAN_POINT ( 'NONE',  ( 2.350480947161680323, -9.544680581810301090E-15, 3.375000000000001332 ) ) ;
#4363 = CARTESIAN_POINT ( 'NONE',  ( -3.000000000000009770, -8.929207216678438350E-15, -6.625000000000000000 ) ) ;
#4364 = CARTESIAN_POINT ( 'NONE',  ( 3.000000000000026645, 1.242640687119263232, -10.18750000000000178 ) ) ;
#4365 = CYLINDRICAL_SURFACE ( 'NONE', #1205, 3.000000000000003109 ) ;
#4366 = ORIENTED_EDGE ( 'NONE', *, *, #2427, .T. ) ;
#4367 = CARTESIAN_POINT ( 'NONE',  ( 3.054126587736538667, 1.265060653844728877, -4.156249999999996447 ) ) ;
#4368 = EDGE_LOOP ( 'NONE', ( #5307, #4159, #2066, #4176 ) ) ;
#4369 = CARTESIAN_POINT ( 'NONE',  ( 2.999999999999991118, 1.242640687119298537, -8.187499999999998224 ) ) ;
#4370 = CARTESIAN_POINT ( 'NONE',  ( 2.499999999999997780, 1.443375672974063439, 12.82552006691257240 ) ) ;
#4371 = CARTESIAN_POINT ( 'NONE',  ( 3.054126587736539555, -9.673938189029898993E-15, -11.21874999999999822 ) ) ;
#4372 = CARTESIAN_POINT ( 'NONE',  ( 1.662041016787803249, -1.662041016787812797, 0.1250000000000001110 ) ) ;
#4373 =( LENGTH_UNIT ( ) NAMED_UNIT ( * ) SI_UNIT ( .MILLI., .METRE. ) );
#4374 = CARTESIAN_POINT ( 'NONE',  ( 0.9736010864139259535, -2.350480947161690537, 6.187500000000000888 ) ) ;
#4375 = CARTESIAN_POINT ( 'NONE',  ( -3.000000000000009770, -8.929207216678438350E-15, 2.375000000000000444 ) ) ;
#4376 = CARTESIAN_POINT ( 'NONE',  ( 0.9736010864139278409, 2.350480947161670997, 5.437499999999999112 ) ) ;
#4377 = CARTESIAN_POINT ( 'NONE',  ( -3.000000000000009326, -8.929207216678438350E-15, -10.75000000000000000 ) ) ;
#4378 = CARTESIAN_POINT ( 'NONE',  ( 1.265060653844736649, -3.054126587736549769, -1.343750000000001110 ) ) ;
#4379 = CARTESIAN_POINT ( 'NONE',  ( -2.350480947161680323, -8.968978788130623169E-15, -10.24999999999999822 ) ) ;
#4380 = CARTESIAN_POINT ( 'NONE',  ( 1.662041016787803693, 1.662041016787793923, -4.624999999999999112 ) ) ;
#4381 = CARTESIAN_POINT ( 'NONE',  ( -0.9736010864139266197, -2.350480947161689649, 1.062500000000000888 ) ) ;
#4382 = ADVANCED_FACE ( 'NONE', ( #5294 ), #2383, .T. ) ;
#4383 = VERTEX_POINT ( 'NONE', #1545 ) ;
#4384 = CARTESIAN_POINT ( 'NONE',  ( -2.121320343559649491, 2.121320343559640165, -9.750000000000000000 ) ) ;
#4385 = CARTESIAN_POINT ( 'NONE',  ( 2.350480947161680323, -0.9736010864139368337, -9.687500000000000000 ) ) ;
#4386 = EDGE_CURVE ( 'NONE', #4419, #895, #4900, .T. ) ;
#4387 = CARTESIAN_POINT ( 'NONE',  ( 1.662041016787803693, 1.662041016787793923, 2.500000000000000444 ) ) ;
#4388 = PLANE ( 'NONE',  #1917 ) ;
#4389 = CARTESIAN_POINT ( 'NONE',  ( -0.8217035983019864709, -2.696110471428745825, 6.345048389072557526 ) ) ;
#4390 = CARTESIAN_POINT ( 'NONE',  ( -3.000000000000005329, 1.242640687119284770, -10.68750000000000000 ) ) ;
#4391 = ORIENTED_EDGE ( 'NONE', *, *, #2506, .T. ) ;
#4392 = CARTESIAN_POINT ( 'NONE',  ( 3.054126587736538667, 1.265060653844728877, -0.1562499999999966693 ) ) ;
#4393 = ADVANCED_FACE ( 'NONE', ( #4477 ), #2403, .T. ) ;
#4394 = EDGE_LOOP ( 'NONE', ( #5500, #3142, #1544, #5343 ) ) ;
#4395 = CARTESIAN_POINT ( 'NONE',  ( 3.000000000000009326, -9.663995296166853972E-15, 5.750000000000000000 ) ) ;
#4396 = CARTESIAN_POINT ( 'NONE',  ( 2.034856532772311599, 1.842277247400259776, 6.143172600853428200 ) ) ;
#4397 = CARTESIAN_POINT ( 'NONE',  ( 1.242640687119290765, 2.999999999999999112, -4.062499999999998224 ) ) ;
#4398 =( BOUNDED_CURVE ( )  B_SPLINE_CURVE ( 2, ( #3963, #4826, #3521, #3549, #129, #4773, #3122, #3150, #3036 ),
 .UNSPECIFIED., .F., .F. ) 
 B_SPLINE_CURVE_WITH_KNOTS ( ( 3, 2, 2, 2, 3 ),
 ( 0.5833333333333332593, 0.5892857142857143016, 0.5952380952380951218, 0.6011904761904760530, 0.6071428571428570953 ),
 .UNSPECIFIED. ) 
 CURVE ( )  GEOMETRIC_REPRESENTATION_ITEM ( )  RATIONAL_B_SPLINE_CURVE ( ( 1.000000000000000000, 0.9238795325112866275, 1.000000000000000000, 0.9238795325112866275, 1.000000000000000000, 0.9238795325112866275, 1.000000000000000000, 0.9238795325112880708, 0.9999999999999985567 ) ) 
 REPRESENTATION_ITEM ( '' )  );
#4399 = CARTESIAN_POINT ( 'NONE',  ( 0.000000000000000000, 2.350480947161671441, -2.375000000000000444 ) ) ;
#4400 = CARTESIAN_POINT ( 'NONE',  ( 1.662041016787803693, 1.662041016787793923, 4.375000000000001776 ) ) ;
#4401 = CARTESIAN_POINT ( 'NONE',  ( 3.000000000000009326, -9.663995296166853972E-15, -9.250000000000000000 ) ) ;
#4402 = CARTESIAN_POINT ( 'NONE',  ( -2.121320343559648602, 2.121320343559640165, 5.124999999999999112 ) ) ;
#4403 = CARTESIAN_POINT ( 'NONE',  ( -3.000000000000027089, -1.242640687119280773, 2.437499999999998668 ) ) ;
#4404 = CARTESIAN_POINT ( 'NONE',  ( -2.878508968398391083E-16, -2.350480947161689649, 4.000000000000001776 ) ) ;
#4405 = DIRECTION ( 'NONE',  ( 1.000000000000000000, -0.000000000000000000, 0.000000000000000000 ) ) ;
#4406 = ORIENTED_EDGE ( 'NONE', *, *, #4940, .F. ) ;
#4407 = CARTESIAN_POINT ( 'NONE',  ( 0.000000000000000000, 3.054126587736530674, -0.9062500000000007772 ) ) ;
#4408 = CARTESIAN_POINT ( 'NONE',  ( 2.350480947161680323, -9.544680581810301090E-15, -9.750000000000000000 ) ) ;
#4409 = CARTESIAN_POINT ( 'NONE',  ( -2.878508968398391083E-16, -2.350480947161689649, -2.999999999999999112 ) ) ;
#4410 = CARTESIAN_POINT ( 'NONE',  ( -0.9736010864139263976, 2.350480947161671441, -0.3125000000000002776 ) ) ;
#4411 = VECTOR ( 'NONE', #1911, 1000.000000000000000 ) ;
#4412 = EDGE_LOOP ( 'NONE', ( #3749, #206, #2630, #5350 ) ) ;
#4413 = CARTESIAN_POINT ( 'NONE',  ( 2.312698411087291905, 1.910870497797884981, 6.860428147096565787 ) ) ;
#4414 = CARTESIAN_POINT ( 'NONE',  ( 1.662041016787803693, 1.662041016787793923, -7.500000000000000000 ) ) ;
#4415 = CARTESIAN_POINT ( 'NONE',  ( -1.662041016787803249, 1.662041016787794367, 1.749999999999999778 ) ) ;
#4416 = DIRECTION ( 'NONE',  ( -1.000000000000000000, 0.000000000000000000, 0.000000000000000000 ) ) ;
#4417 = CARTESIAN_POINT ( 'NONE',  ( -0.9736010864139263976, 2.350480947161671441, -12.31250000000000000 ) ) ;
#4418 = CARTESIAN_POINT ( 'NONE',  ( 2.310850612387377989, 0.4941921697672266856, -12.64951905283832367 ) ) ;
#4419 = VERTEX_POINT ( 'NONE', #3001 ) ;
#4420 = CARTESIAN_POINT ( 'NONE',  ( 3.054126587736538223, -1.265060653844747973, -1.281249999999997558 ) ) ;
#4421 = VERTEX_POINT ( 'NONE', #452 ) ;
#4422 = CARTESIAN_POINT ( 'NONE',  ( -2.350480947161680767, -0.9736010864139355014, -13.18749999999999822 ) ) ;
#4423 = CARTESIAN_POINT ( 'NONE',  ( -3.054126587736539555, -8.925892919057422291E-15, -11.71874999999999822 ) ) ;
#4424 = CONICAL_SURFACE ( 'NONE', #1668, 3.188959454956771911, 1.047197551196600074 ) ;
#4425 = CARTESIAN_POINT ( 'NONE',  ( -2.350480947161680323, 0.9736010864139172938, -5.187500000000000000 ) ) ;
#4426 = CARTESIAN_POINT ( 'NONE',  ( 2.121320343559649046, 2.121320343559639277, -6.124999999999999112 ) ) ;
#4427 = CARTESIAN_POINT ( 'NONE',  ( 0.9736010864139278409, 2.350480947161670997, 4.437500000000001776 ) ) ;
#4428 = DIRECTION ( 'NONE',  ( -1.000000000000000000, 0.000000000000000000, 0.000000000000000000 ) ) ;
#4429 = EDGE_LOOP ( 'NONE', ( #4476, #3972, #3094, #395 ) ) ;
#4430 = CIRCLE ( 'NONE', #4611, 0.2999999999999990452 ) ;
#4431 = EDGE_CURVE ( 'NONE', #1239, #3622, #4854, .T. ) ;
#4432 = CARTESIAN_POINT ( 'NONE',  ( 0.9736010864139278409, 2.350480947161670997, 7.437500000000001776 ) ) ;
#4433 = CARTESIAN_POINT ( 'NONE',  ( 0.000000000000000000, 2.999999999999999556, -11.00000000000000000 ) ) ;
#4434 = CIRCLE ( 'NONE', #2025, 3.000000000000003109 ) ;
#4435 = CARTESIAN_POINT ( 'NONE',  ( 3.054126587736539111, 1.265060653844729099, -3.093750000000001776 ) ) ;
#4436 = CARTESIAN_POINT ( 'NONE',  ( 2.350480947161680323, -0.9736010864139368337, -6.812500000000000000 ) ) ;
#4437 = CARTESIAN_POINT ( 'NONE',  ( -0.9736010864139266197, -2.350480947161689649, -3.062499999999999112 ) ) ;
#4438 = CARTESIAN_POINT ( 'NONE',  ( -1.662041016787803471, -1.662041016787812353, 1.000000000000000888 ) ) ;
#4439 = CARTESIAN_POINT ( 'NONE',  ( 1.662041016787803249, -1.662041016787812797, -0.7499999999999988898 ) ) ;
#4440 = VERTEX_POINT ( 'NONE', #3135 ) ;
#4441 = CARTESIAN_POINT ( 'NONE',  ( 2.574672280420079673, -1.509574909583661695, 6.802283632257479340 ) ) ;
#4442 = CARTESIAN_POINT ( 'NONE',  ( -1.662041016787803249, 1.662041016787794367, -7.249999999999999112 ) ) ;
#4443 = CARTESIAN_POINT ( 'NONE',  ( -0.9736010864139266197, -2.350480947161689649, 2.062500000000000000 ) ) ;
#4444 = CARTESIAN_POINT ( 'NONE',  ( -0.9736010864139266197, -2.350480947161689649, -12.06250000000000000 ) ) ;
#4445 = CARTESIAN_POINT ( 'NONE',  ( -1.662041016787803471, -1.662041016787812353, -11.00000000000000000 ) ) ;
#4446 = CARTESIAN_POINT ( 'NONE',  ( 3.000000000000009326, -9.663995296166853972E-15, 6.750000000000000000 ) ) ;
#4447 = ORIENTED_EDGE ( 'NONE', *, *, #2040, .F. ) ;
#4448 = CARTESIAN_POINT ( 'NONE',  ( -3.054126587736539111, 1.265060653844728433, -0.7812499999999974465 ) ) ;
#4449 = ORIENTED_EDGE ( 'NONE', *, *, #578, .F. ) ;
#4450 = CARTESIAN_POINT ( 'NONE',  ( -1.242640687119289655, -3.000000000000018652, -10.56249999999999822 ) ) ;
#4451 = CARTESIAN_POINT ( 'NONE',  ( -3.054126587736539111, -1.265060653844746197, -10.65624999999999822 ) ) ;
#4452 = CARTESIAN_POINT ( 'NONE',  ( 2.350480947161679435, 0.9736010864139177379, -3.562499999999999556 ) ) ;
#4453 = CARTESIAN_POINT ( 'NONE',  ( -3.000000000000003109, -2.818925648462311528E-15, -13.00000000000000178 ) ) ;
#4454 = CARTESIAN_POINT ( 'NONE',  ( 0.9736010864139259535, -2.350480947161690537, 5.062500000000000888 ) ) ;
#4455 = CARTESIAN_POINT ( 'NONE',  ( -2.121320343559649046, -2.121320343559657928, -8.624999999999996447 ) ) ;
#4456 = CARTESIAN_POINT ( 'NONE',  ( 0.000000000000000000, -2.818925648462311528E-15, 7.300000000000000711 ) ) ;
#4457 = EDGE_LOOP ( 'NONE', ( #1100, #1657, #3131, #4406 ) ) ;
#4458 = CARTESIAN_POINT ( 'NONE',  ( 2.675066970187201409, 1.331239021811206236, 6.814058258645689037 ) ) ;
#4459 = CARTESIAN_POINT ( 'NONE',  ( -3.054126587736539999, -8.925892919057422291E-15, -10.65625000000000178 ) ) ;
#4460 = CARTESIAN_POINT ( 'NONE',  ( 2.121320343559649046, 2.121320343559639277, -7.124999999999998224 ) ) ;
#4461 = CARTESIAN_POINT ( 'NONE',  ( -2.159593620790638546, 2.159593620790629220, -3.781250000000001776 ) ) ;
#4462 = CC_DESIGN_PERSON_AND_ORGANIZATION_ASSIGNMENT ( #103, #5199, ( #489 ) ) ;
#4463 = CARTESIAN_POINT ( 'NONE',  ( -2.878508968398391083E-16, -2.350480947161689649, -8.000000000000000000 ) ) ;
#4464 = CARTESIAN_POINT ( 'NONE',  ( 2.350480947161679435, 0.9736010864139177379, -3.687500000000000444 ) ) ;
#4465 = ADVANCED_FACE ( 'NONE', ( #1828 ), #5270, .T. ) ;
#4466 = CARTESIAN_POINT ( 'NONE',  ( 0.000000000000000000, 2.350480947161671441, -1.374999999999999556 ) ) ;
#4467 = CARTESIAN_POINT ( 'NONE',  ( -1.662041016787803249, 1.662041016787794367, 4.749999999999999112 ) ) ;
#4468 = CARTESIAN_POINT ( 'NONE',  ( -1.662041016787803471, -1.662041016787812353, -5.124999999999999112 ) ) ;
#4469 = ORIENTED_EDGE ( 'NONE', *, *, #5216, .T. ) ;
#4470 = CARTESIAN_POINT ( 'NONE',  ( -0.4555338830547273066, -2.892120452526393493, 6.645924742441298605 ) ) ;
#4471 = CARTESIAN_POINT ( 'NONE',  ( 0.9736010864139259535, -2.350480947161690537, -9.812500000000000000 ) ) ;
#4472 = CARTESIAN_POINT ( 'NONE',  ( -1.662041016787803249, 1.662041016787794367, -11.37500000000000000 ) ) ;
#4473 = CARTESIAN_POINT ( 'NONE',  ( 0.000000000000000000, 2.350480947161671441, -12.37500000000000000 ) ) ;
#4474 = LINE ( 'NONE', #191, #4341 ) ;
#4475 = CARTESIAN_POINT ( 'NONE',  ( -3.740226349862381049E-16, -3.054126587736548437, 0.5312500000000022204 ) ) ;
#4476 = ORIENTED_EDGE ( 'NONE', *, *, #3564, .F. ) ;
#4477 = FACE_OUTER_BOUND ( 'NONE', #2414, .T. ) ;
#4478 = CARTESIAN_POINT ( 'NONE',  ( -0.9736010864139263976, 2.350480947161671441, -2.312500000000000888 ) ) ;
#4479 = CARTESIAN_POINT ( 'NONE',  ( 0.000000000000000000, 3.000000000000000444, 0.1250000000000000278 ) ) ;
#4480 = CARTESIAN_POINT ( 'NONE',  ( -2.350480947161680323, -8.968978788130623169E-15, 3.750000000000001776 ) ) ;
#4481 = DIRECTION ( 'NONE',  ( 1.000000000000000000, 0.000000000000000000, 0.000000000000000000 ) ) ;
#4482 = CARTESIAN_POINT ( 'NONE',  ( -8.513826854085000040E-19, 2.886751345948126879, 10.00000000000000178 ) ) ;
#4483 = ORIENTED_EDGE ( 'NONE', *, *, #4386, .F. ) ;
#4484 = CARTESIAN_POINT ( 'NONE',  ( 0.000000000000000000, -2.818925648462311528E-15, -13.00000000000000178 ) ) ;
#4485 = CARTESIAN_POINT ( 'NONE',  ( 3.054126587736538667, -1.265060653844748195, -13.21875000000000178 ) ) ;
#4486 = CARTESIAN_POINT ( 'NONE',  ( 2.108742742392442970, -1.259025315811703738, 5.345407228949663470 ) ) ;
#4487 = ORIENTED_EDGE ( 'NONE', *, *, #219, .F. ) ;
#4488 = CARTESIAN_POINT ( 'NONE',  ( 1.265060653844736649, -3.054126587736549769, 2.656249999999998668 ) ) ;
#4489 = CARTESIAN_POINT ( 'NONE',  ( -2.350480947161680767, -0.9736010864139355014, -7.187499999999999112 ) ) ;
#4490 = CARTESIAN_POINT ( 'NONE',  ( 1.662041016787803693, 1.662041016787793923, -1.624999999999999778 ) ) ;
#4491 = CARTESIAN_POINT ( 'NONE',  ( -1.662041016787803249, 1.662041016787794367, -2.250000000000000444 ) ) ;
#4492 = CARTESIAN_POINT ( 'NONE',  ( -2.350480947161680323, 0.9736010864139172938, 2.812500000000001776 ) ) ;
#4493 = CARTESIAN_POINT ( 'NONE',  ( 2.350480947161680323, 0.9736010864139177379, -0.6874999999999987788 ) ) ;
#4494 = ORIENTED_EDGE ( 'NONE', *, *, #3304, .F. ) ;
#4495 = CARTESIAN_POINT ( 'NONE',  ( 0.6591928406313032340, -2.889066757977185596, 6.694766970525216188 ) ) ;
#4496 = EDGE_CURVE ( 'NONE', #2434, #368, #3562, .T. ) ;
#4497 = CARTESIAN_POINT ( 'NONE',  ( -1.662041016787803249, 1.662041016787794367, -10.24999999999999822 ) ) ;
#4498 = EDGE_CURVE ( 'NONE', #2771, #5469, #5484, .T. ) ;
#4499 = CARTESIAN_POINT ( 'NONE',  ( 2.121320343559649935, 2.121320343559639721, -2.999999999999999112 ) ) ;
#4500 = CARTESIAN_POINT ( 'NONE',  ( -0.9736010864139263976, 2.350480947161671441, -12.43750000000000000 ) ) ;
#4501 = CARTESIAN_POINT ( 'NONE',  ( 2.350480947161679435, 0.9736010864139177379, -12.56249999999999822 ) ) ;
#4502 = CARTESIAN_POINT ( 'NONE',  ( -1.242640687119289433, 3.000000000000000888, -10.81250000000000178 ) ) ;
#4503 = CARTESIAN_POINT ( 'NONE',  ( -2.159593620790638546, -2.159593620790646984, 2.406250000000002220 ) ) ;
#4504 = ORIENTED_EDGE ( 'NONE', *, *, #5323, .T. ) ;
#4505 = CARTESIAN_POINT ( 'NONE',  ( -2.547486815442715713, 0.3232011008013290221, 5.617158390508285137 ) ) ;
#4506 = AXIS2_PLACEMENT_3D ( 'NONE', #5124, #2161, #868 ) ;
#4507 = CARTESIAN_POINT ( 'NONE',  ( 2.350480947161679435, -0.9736010864139368337, -4.687500000000000000 ) ) ;
#4508 = LINE ( 'NONE', #254, #1469 ) ;
#4509 = CARTESIAN_POINT ( 'NONE',  ( -2.878508968398391083E-16, -2.350480947161689649, 4.999999999999999112 ) ) ;
#4510 = CARTESIAN_POINT ( 'NONE',  ( 0.000000000000000000, 2.999999999999999556, 5.000000000000002665 ) ) ;
#4511 = VERTEX_POINT ( 'NONE', #2276 ) ;
#4512 =( BOUNDED_CURVE ( )  B_SPLINE_CURVE ( 2, ( #5101, #1270, #4236, #5470, #2558, #1294, #4259, #398, #311 ),
 .UNSPECIFIED., .F., .F. ) 
 B_SPLINE_CURVE_WITH_KNOTS ( ( 3, 2, 2, 2, 3 ),
 ( 0.2738095238095238915, 0.2797619047619047672, 0.2857142857142856984, 0.2916666666666666297, 0.2976190476190476164 ),
 .UNSPECIFIED. ) 
 CURVE ( )  GEOMETRIC_REPRESENTATION_ITEM ( )  RATIONAL_B_SPLINE_CURVE ( ( 0.9999999999999993339, 0.9238795325112872936, 1.000000000000000000, 0.9238795325112866275, 1.000000000000000000, 0.9238795325112866275, 1.000000000000000000, 0.9238795325112872936, 0.9999999999999993339 ) ) 
 REPRESENTATION_ITEM ( '' )  );
#4513 = CARTESIAN_POINT ( 'NONE',  ( 2.312698411087291905, 1.910870497797884981, 6.860428147096565787 ) ) ;
#4514 = CARTESIAN_POINT ( 'NONE',  ( 2.159593620790638990, 2.159593620790628776, -10.03125000000000178 ) ) ;
#4515 = CARTESIAN_POINT ( 'NONE',  ( 2.121320343559649935, 2.121320343559639721, 4.999999999999999112 ) ) ;
#4516 = CARTESIAN_POINT ( 'NONE',  ( -1.265060653844737759, -3.054126587736549769, 2.531249999999999112 ) ) ;
#4517 = CARTESIAN_POINT ( 'NONE',  ( -0.9736010864139266197, -2.350480947161689649, -6.062499999999999112 ) ) ;
#4518 = CARTESIAN_POINT ( 'NONE',  ( -1.662041016787803249, 1.662041016787794367, 1.624999999999999778 ) ) ;
#4519 = VECTOR ( 'NONE', #3405, 1000.000000000000114 ) ;
#4520 = CARTESIAN_POINT ( 'NONE',  ( 1.662041016787803693, 1.662041016787793923, 0.5000000000000004441 ) ) ;
#4521 = CARTESIAN_POINT ( 'NONE',  ( 1.450525832018590089, -1.873529610004980528, 5.100489693805686287 ) ) ;
#4522 = CARTESIAN_POINT ( 'NONE',  ( -2.878508968398391083E-16, -2.350480947161689649, -2.999999999999999112 ) ) ;
#4523 = CARTESIAN_POINT ( 'NONE',  ( -3.000000000000009770, 1.242640687119280551, -6.687499999999999112 ) ) ;
#4524 = CIRCLE ( 'NONE', #2121, 3.000000000000004441 ) ;
#4525 = DIRECTION ( 'NONE',  ( -0.000000000000000000, -0.000000000000000000, 1.000000000000000000 ) ) ;
#4526 = CARTESIAN_POINT ( 'NONE',  ( -2.350480947161680767, -0.9736010864139355014, -6.062499999999999112 ) ) ;
#4527 = CARTESIAN_POINT ( 'NONE',  ( 2.703615272918686419, 9.060278387225671811E-12, 6.046117801964602023 ) ) ;
#4528 = CARTESIAN_POINT ( 'NONE',  ( -0.9736010864139263976, 2.350480947161671441, -10.43749999999999822 ) ) ;
#4529 = CARTESIAN_POINT ( 'NONE',  ( -0.9736010864139266197, -2.350480947161689649, -8.937500000000000000 ) ) ;
#4530 = EDGE_CURVE ( 'NONE', #3650, #3361, #1983, .T. ) ;
#4531 = CARTESIAN_POINT ( 'NONE',  ( -3.054126587736539555, -8.925892919057422291E-15, 3.281250000000003109 ) ) ;
#4532 = VERTEX_POINT ( 'NONE', #2247 ) ;
#4533 = CARTESIAN_POINT ( 'NONE',  ( -3.000000000000027089, -1.242640687119280773, -10.68750000000000000 ) ) ;
#4534 = CARTESIAN_POINT ( 'NONE',  ( -2.350480947161680323, -8.968978788130623169E-15, -5.124999999999999112 ) ) ;
#4535 = CARTESIAN_POINT ( 'NONE',  ( 2.121320343559649935, 2.121320343559639721, 6.000000000000000000 ) ) ;
#4536 = CYLINDRICAL_SURFACE ( 'NONE', #3271, 3.000000000000003109 ) ;
#4537 = CARTESIAN_POINT ( 'NONE',  ( 0.000000000000000000, -2.818925648462311528E-15, 7.000000000000002665 ) ) ;
#4538 = ORIENTED_EDGE ( 'NONE', *, *, #4790, .F. ) ;
#4539 = CARTESIAN_POINT ( 'NONE',  ( 1.902843343920554320, 1.379836182837401282, -12.64951905283832723 ) ) ;
#4540 = CARTESIAN_POINT ( 'NONE',  ( 1.265060653844739313, 3.054126587736530229, -11.96875000000000000 ) ) ;
#4541 = CARTESIAN_POINT ( 'NONE',  ( 2.497798233551052682, 0.3394929568701890998, 5.480640133763026611 ) ) ;
#4542 = CARTESIAN_POINT ( 'NONE',  ( 1.242640687119291210, 2.999999999999999556, 5.062499999999998224 ) ) ;
#4543 = CARTESIAN_POINT ( 'NONE',  ( 3.054126587736539111, 1.265060653844729099, -0.09375000000000183187 ) ) ;
#4544 =( BOUNDED_CURVE ( )  B_SPLINE_CURVE ( 2, ( #1696, #3400, #2560, #3899, #5103, #2972, #2116, #1245, #32 ),
 .UNSPECIFIED., .F., .F. ) 
 B_SPLINE_CURVE_WITH_KNOTS ( ( 3, 2, 2, 2, 3 ),
 ( 0.5357142857142858094, 0.5416666666666668517, 0.5476190476190476719, 0.5535714285714286031, 0.5595238095238095344 ),
 .UNSPECIFIED. ) 
 CURVE ( )  GEOMETRIC_REPRESENTATION_ITEM ( )  RATIONAL_B_SPLINE_CURVE ( ( 0.9999999999999985567, 0.9238795325112880708, 1.000000000000000000, 0.9238795325112866275, 1.000000000000000000, 0.9238795325112866275, 1.000000000000000000, 0.9238795325112866275, 1.000000000000000000 ) ) 
 REPRESENTATION_ITEM ( '' )  );
#4545 = CARTESIAN_POINT ( 'NONE',  ( -0.9736010864139266197, -2.350480947161689649, -8.062500000000000000 ) ) ;
#4546 = CARTESIAN_POINT ( 'NONE',  ( 0.9736010864139258425, -2.350480947161690537, -0.9374999999999993339 ) ) ;
#4547 = CARTESIAN_POINT ( 'NONE',  ( -1.662041016787803249, 1.662041016787794367, 0.7500000000000006661 ) ) ;
#4548 = CARTESIAN_POINT ( 'NONE',  ( 0.000000000000000000, 2.350480947161671441, 3.625000000000001332 ) ) ;
#4549 = CARTESIAN_POINT ( 'NONE',  ( -1.662041016787803249, 1.662041016787794367, -0.3750000000000003331 ) ) ;
#4550 = CARTESIAN_POINT ( 'NONE',  ( 3.000000000000003109, -2.451531608718105295E-15, -13.00000000000000178 ) ) ;
#4551 = CARTESIAN_POINT ( 'NONE',  ( -2.878508968398391083E-16, -2.350480947161689649, -12.87500000000000000 ) ) ;
#4552 = CARTESIAN_POINT ( 'NONE',  ( 2.350480947161680323, -0.9736010864139368337, 2.312500000000000888 ) ) ;
#4553 = ADVANCED_FACE ( 'NONE', ( #3026 ), #476, .F. ) ;
#4554 = ADVANCED_FACE ( 'NONE', ( #2610 ), #1554, .F. ) ;
#4555 = CARTESIAN_POINT ( 'NONE',  ( -2.350480947161680767, -0.9736010864139355014, -4.062500000000000000 ) ) ;
#4556 = CARTESIAN_POINT ( 'NONE',  ( 2.350480947161681211, 2.820370872843605993E-14, -12.64951905283832367 ) ) ;
#4557 = CARTESIAN_POINT ( 'NONE',  ( 0.9736010864139258425, -2.350480947161690537, -10.93750000000000000 ) ) ;
#4558 = CARTESIAN_POINT ( 'NONE',  ( 0.9736010864139279519, 2.350480947161670997, -9.437500000000000000 ) ) ;
#4559 = CARTESIAN_POINT ( 'NONE',  ( -3.740226349862381049E-16, -3.054126587736548437, 2.531250000000002220 ) ) ;
#4560 = VERTEX_POINT ( 'NONE', #561 ) ;
#4561 = CARTESIAN_POINT ( 'NONE',  ( 2.350480947161680323, 0.9736010864139177379, -10.68749999999999822 ) ) ;
#4562 = CARTESIAN_POINT ( 'NONE',  ( -2.350480947161680323, -8.968978788130623169E-15, -7.124999999999999112 ) ) ;
#4563 = CARTESIAN_POINT ( 'NONE',  ( -3.000000000000009326, -8.929207216678438350E-15, -2.749999999999999112 ) ) ;
#4564 = CARTESIAN_POINT ( 'NONE',  ( 2.350480947161680323, -9.544680581810301090E-15, 7.250000000000000888 ) ) ;
#4565 = EDGE_CURVE ( 'NONE', #1225, #4756, #2943, .T. ) ;
#4566 = VERTEX_POINT ( 'NONE', #4787 ) ;
#4567 = CARTESIAN_POINT ( 'NONE',  ( -3.054126587736539111, -1.265060653844746197, -7.656249999999998224 ) ) ;
#4568 = CARTESIAN_POINT ( 'NONE',  ( 1.242640687119288767, -3.000000000000019540, -11.43750000000000178 ) ) ;
#4569 = CARTESIAN_POINT ( 'NONE',  ( -3.054126587736539999, -8.925892919057422291E-15, -11.65625000000000178 ) ) ;
#4570 = CARTESIAN_POINT ( 'NONE',  ( -2.620816557954569248, 0.6734837230453141199, 6.037644281838455029 ) ) ;
#4571 = DIRECTION ( 'NONE',  ( -0.000000000000000000, -0.000000000000000000, 1.000000000000000000 ) ) ;
#4572 = CARTESIAN_POINT ( 'NONE',  ( -2.159593620790638546, -2.159593620790647428, 0.4687499999999986677 ) ) ;
#4573 = CARTESIAN_POINT ( 'NONE',  ( 1.662041016787803693, 1.662041016787793923, -4.624999999999999112 ) ) ;
#4574 = CARTESIAN_POINT ( 'NONE',  ( -2.350480947161680323, 0.9736010864139172938, -0.3125000000000002776 ) ) ;
#4575 = CARTESIAN_POINT ( 'NONE',  ( 2.350480947161680323, 0.9736010864139177379, 4.437500000000001776 ) ) ;
#4576 = CARTESIAN_POINT ( 'NONE',  ( -1.259913210696230079, -2.064168822879385523, 5.036507161731704763 ) ) ;
#4577 = CARTESIAN_POINT ( 'NONE',  ( -0.9736010864139263976, 2.350480947161671441, -3.437499999999999556 ) ) ;
#4578 = ORIENTED_EDGE ( 'NONE', *, *, #4498, .F. ) ;
#4579 = CARTESIAN_POINT ( 'NONE',  ( -2.878508968398391083E-16, -2.350480947161689649, -8.875000000000000000 ) ) ;
#4580 = CARTESIAN_POINT ( 'NONE',  ( -1.662041016787803471, -1.662041016787812353, 7.000000000000000888 ) ) ;
#4581 = CARTESIAN_POINT ( 'NONE',  ( 0.000000000000000000, 2.350480947161671441, -5.375000000000000000 ) ) ;
#4582 = CARTESIAN_POINT ( 'NONE',  ( -7.168795412839997168E-17, -2.886751345948125991, 12.82552006691257240 ) ) ;
#4583 = CARTESIAN_POINT ( 'NONE',  ( -1.662041016787803471, -1.662041016787812353, -9.125000000000000000 ) ) ;
#4584 = CARTESIAN_POINT ( 'NONE',  ( -2.350480947161680323, -8.968978788130623169E-15, -8.125000000000000000 ) ) ;
#4585 = CARTESIAN_POINT ( 'NONE',  ( -2.159593620790638102, 2.159593620790629220, 3.156250000000002665 ) ) ;
#4586 = EDGE_LOOP ( 'NONE', ( #1035, #2503, #3219, #2388, #3945, #3312, #3121, #3182, #472, #128, #586, #1071, #2017, #4833, #424, #1203, #2606, #5410, #786, #1403, #3204, #4876, #1181, #2083, #978, #3721, #4197, #2382, #2632, #4203, #546, #4899, #3895, #3586, #2764, #4852, #3189, #3603, #1003, #4705, #5283, #5045, #1430, #1233, #4144, #3956 ) ) ;
#4587 = CARTESIAN_POINT ( 'NONE',  ( 2.350480947161680323, -0.9736010864139368337, -8.812500000000000000 ) ) ;
#4588 = VECTOR ( 'NONE', #5012, 1000.000000000000000 ) ;
#4589 = CARTESIAN_POINT ( 'NONE',  ( -2.878508968398391083E-16, -2.350480947161689649, -5.875000000000000000 ) ) ;
#4590 = CARTESIAN_POINT ( 'NONE',  ( 1.348970961401979807, -2.474953022491205523, -12.18708933521920912 ) ) ;
#4591 = CARTESIAN_POINT ( 'NONE',  ( -1.242640687119289433, 3.000000000000000888, 1.187499999999999112 ) ) ;
#4592 = CARTESIAN_POINT ( 'NONE',  ( 2.999999999999999556, -1.242640687119309195, -4.187500000000000888 ) ) ;
#4593 = VERTEX_POINT ( 'NONE', #2637 ) ;
#4594 = CARTESIAN_POINT ( 'NONE',  ( -3.054126587736539555, -8.925892919057422291E-15, -8.718749999999996447 ) ) ;
#4595 = CYLINDRICAL_SURFACE ( 'NONE', #1126, 3.000000000000003109 ) ;
#4596 = CARTESIAN_POINT ( 'NONE',  ( 2.159593620790638990, 2.159593620790628776, -9.031250000000001776 ) ) ;
#4597 = CARTESIAN_POINT ( 'NONE',  ( -3.000000000000009770, -8.929207216678438350E-15, -11.62500000000000000 ) ) ;
#4598 = DIRECTION ( 'NONE',  ( -1.000000000000000000, 0.000000000000000000, 0.000000000000000000 ) ) ;
#4599 = CARTESIAN_POINT ( 'NONE',  ( 3.054126587736539999, -9.673938189029898993E-15, 5.843749999999998224 ) ) ;
#4600 = CARTESIAN_POINT ( 'NONE',  ( 1.662041016787803693, 1.662041016787793923, -3.624999999999999556 ) ) ;
#4601 = CARTESIAN_POINT ( 'NONE',  ( -1.662041016787803471, -1.662041016787812353, -0.1250000000000001110 ) ) ;
#4602 = CARTESIAN_POINT ( 'NONE',  ( -0.9736010864139263976, 2.350480947161671441, 4.687500000000000000 ) ) ;
#4603 = EDGE_CURVE ( 'NONE', #1480, #996, #3979, .T. ) ;
#4604 = AXIS2_PLACEMENT_3D ( 'NONE', #4456, #1500, #1945 ) ;
#4605 = CARTESIAN_POINT ( 'NONE',  ( 1.242640687119288767, -3.000000000000019540, 0.6875000000000005551 ) ) ;
#4606 = CARTESIAN_POINT ( 'NONE',  ( -1.662041016787803471, -1.662041016787812353, -1.124999999999999334 ) ) ;
#4607 = DIRECTION ( 'NONE',  ( -0.000000000000000000, -0.000000000000000000, -1.000000000000000000 ) ) ;
#4608 = CARTESIAN_POINT ( 'NONE',  ( -2.350480947161680323, -8.968978788130623169E-15, -8.125000000000000000 ) ) ;
#4609 = CARTESIAN_POINT ( 'NONE',  ( -1.662041016787803471, -1.662041016787812353, 6.000000000000000000 ) ) ;
#4610 = CARTESIAN_POINT ( 'NONE',  ( 1.662041016787803249, -1.662041016787812797, -5.750000000000000000 ) ) ;
#4611 = AXIS2_PLACEMENT_3D ( 'NONE', #2505, #451, #3870 ) ;
#4612 = CARTESIAN_POINT ( 'NONE',  ( 0.000000000000000000, -2.818925648462311528E-15, -13.00000000000000178 ) ) ;
#4613 = CARTESIAN_POINT ( 'NONE',  ( -2.350480947161680323, -0.9736010864139353904, -6.187499999999999112 ) ) ;
#4614 = CARTESIAN_POINT ( 'NONE',  ( 0.9736010864139279519, 2.350480947161670997, -10.43749999999999822 ) ) ;
#4615 = CARTESIAN_POINT ( 'NONE',  ( 1.265060653844736427, -3.054126587736549769, 5.593750000000000888 ) ) ;
#4616 = ORIENTED_EDGE ( 'NONE', *, *, #2206, .T. ) ;
#4617 = CARTESIAN_POINT ( 'NONE',  ( 1.662041016787803249, -1.662041016787812797, -11.87500000000000000 ) ) ;
#4618 = CARTESIAN_POINT ( 'NONE',  ( 2.350480947161680323, -0.9736010864139368337, -4.687500000000000000 ) ) ;
#4619 = CARTESIAN_POINT ( 'NONE',  ( 3.000000000000008882, -1.242640687119300091, -2.187500000000000444 ) ) ;
#4620 = CARTESIAN_POINT ( 'NONE',  ( 2.408493649053885743, -9.555337342262627476E-15, -12.59150635094611737 ) ) ;
#4621 = ORIENTED_EDGE ( 'NONE', *, *, #1444, .T. ) ;
#4622 = CARTESIAN_POINT ( 'NONE',  ( 2.159593620790638546, 2.159593620790628776, -7.093749999999997335 ) ) ;
#4623 = EDGE_CURVE ( 'NONE', #1480, #2213, #899, .T. ) ;
#4624 = ORIENTED_EDGE ( 'NONE', *, *, #4262, .F. ) ;
#4625 = CARTESIAN_POINT ( 'NONE',  ( 2.999999999999999556, 1.242640687119289877, -0.1874999999999977796 ) ) ;
#4626 = DIRECTION ( 'NONE',  ( -0.5000000000000003331, 0.8660254037844384856, 0.000000000000000000 ) ) ;
#4627 = CARTESIAN_POINT ( 'NONE',  ( 1.074489722339423636, -2.090510109891138502, 5.075889215912897434 ) ) ;
#4628 = CARTESIAN_POINT ( 'NONE',  ( 2.159593620790638546, -2.159593620790647872, 5.718749999999998224 ) ) ;
#4629 = CARTESIAN_POINT ( 'NONE',  ( -2.350480947161680323, -8.968978788130623169E-15, -1.249999999999999334 ) ) ;
#4630 = CARTESIAN_POINT ( 'NONE',  ( -3.000000000000009770, -1.242640687119298315, 5.437499999999999112 ) ) ;
#4631 = CARTESIAN_POINT ( 'NONE',  ( 1.662041016787803693, 1.662041016787793923, 3.500000000000001332 ) ) ;
#4632 = DIRECTION ( 'NONE',  ( -1.000000000000000000, 0.000000000000000000, 0.000000000000000000 ) ) ;
#4633 = CARTESIAN_POINT ( 'NONE',  ( -0.9736010864139266197, -2.350480947161689649, 2.937500000000001776 ) ) ;
#4634 = LINE ( 'NONE', #4215, #1485 ) ;
#4635 = CARTESIAN_POINT ( 'NONE',  ( -2.350480947161680767, -0.9736010864139355014, -9.062499999999998224 ) ) ;
#4636 = EDGE_CURVE ( 'NONE', #1964, #4860, #2373, .T. ) ;
#4637 = CARTESIAN_POINT ( 'NONE',  ( 3.054126587736539111, 1.265060653844729099, -7.093750000000001776 ) ) ;
#4638 = B_SPLINE_CURVE_WITH_KNOTS ( 'NONE', 3,
 ( #1216, #3678, #3259, #234, #4149, #4486, #2363, #4067, #5360, #3654, #1949, #3230, #4930, #2391, #5386, #1130 ),
 .UNSPECIFIED., .F., .F.,
 ( 4, 2, 2, 2, 2, 2, 2, 4 ),
 ( 0.01915777841569717838, 0.01972741940907732361, 0.02029706040245746884, 0.02086670139583761754, 0.02143634238921776278, 0.02257562437597805671, 0.02314526536935820195, 0.02371490636273834718 ),
 .UNSPECIFIED. ) ;
#4639 = CARTESIAN_POINT ( 'NONE',  ( -0.9736010864139263976, 2.350480947161671441, 6.687500000000000888 ) ) ;
#4640 = ADVANCED_FACE ( 'NONE', ( #725 ), #2330, .T. ) ;
#4641 = CARTESIAN_POINT ( 'NONE',  ( -0.9736010864139263976, 2.350480947161671441, -3.312499999999999556 ) ) ;
#4642 = CARTESIAN_POINT ( 'NONE',  ( -2.830440717499328684, 0.3649157471839409861, 6.443007333118283775 ) ) ;
#4643 = CARTESIAN_POINT ( 'NONE',  ( 1.662041016787803693, 1.662041016787793923, -9.500000000000000000 ) ) ;
#4644 = CARTESIAN_POINT ( 'NONE',  ( -3.054126587736539111, -1.265060653844746197, 6.343750000000002665 ) ) ;
#4645 = ORIENTED_EDGE ( 'NONE', *, *, #243, .T. ) ;
#4646 = CARTESIAN_POINT ( 'NONE',  ( -1.662041016787803249, 1.662041016787794367, -11.37500000000000000 ) ) ;
#4647 = CARTESIAN_POINT ( 'NONE',  ( 2.350480947161680323, -9.544680581810301090E-15, -5.625000000000000000 ) ) ;
#4648 = CARTESIAN_POINT ( 'NONE',  ( 1.015617255921507756, -2.615122982661306938, -12.20041111683120860 ) ) ;
#4649 = CARTESIAN_POINT ( 'NONE',  ( 0.000000000000000000, -2.818925648462311528E-15, -13.00000000000000178 ) ) ;
#4650 = CARTESIAN_POINT ( 'NONE',  ( 2.121320343559649935, 2.121320343559639721, 4.000000000000001776 ) ) ;
#4651 = ORIENTED_EDGE ( 'NONE', *, *, #1081, .T. ) ;
#4652 = CARTESIAN_POINT ( 'NONE',  ( 1.265060653844739091, 3.054126587736529341, -7.031249999999998224 ) ) ;
#4653 = ORIENTED_EDGE ( 'NONE', *, *, #2821, .F. ) ;
#4654 = CARTESIAN_POINT ( 'NONE',  ( -3.000000000000009770, -1.242640687119298315, -11.56250000000000000 ) ) ;
#4655 = CARTESIAN_POINT ( 'NONE',  ( 3.000000000000009326, -9.663995296166853972E-15, -2.249999999999998224 ) ) ;
#4656 = CARTESIAN_POINT ( 'NONE',  ( 3.000000000000003109, -2.451531608718105295E-15, -13.00000000000000178 ) ) ;
#4657 = EDGE_CURVE ( 'NONE', #5276, #3557, #4869, .T. ) ;
#4658 = CARTESIAN_POINT ( 'NONE',  ( 1.265060653844739313, 3.054126587736530229, 6.031249999999998224 ) ) ;
#4659 = CARTESIAN_POINT ( 'NONE',  ( -2.878508968398391083E-16, -2.350480947161689649, -4.000000000000000000 ) ) ;
#4660 = CARTESIAN_POINT ( 'NONE',  ( -2.350480947161680323, -8.968978788130623169E-15, 4.749999999999999112 ) ) ;
#4661 = CARTESIAN_POINT ( 'NONE',  ( 2.350480947161680323, -9.544680581810301090E-15, 2.375000000000000444 ) ) ;
#4662 = CARTESIAN_POINT ( 'NONE',  ( -2.121320343559649491, -2.121320343559658372, 0.5000000000000003331 ) ) ;
#4663 = CARTESIAN_POINT ( 'NONE',  ( 0.000000000000000000, 2.350480947161671441, 2.500000000000000444 ) ) ;
#4664 = CARTESIAN_POINT ( 'NONE',  ( 3.000000000000009326, 1.242640687119280996, -2.062500000000000000 ) ) ;
#4665 = CARTESIAN_POINT ( 'NONE',  ( -0.9736010864139263976, 2.350480947161671441, -11.31249999999999822 ) ) ;
#4666 = CARTESIAN_POINT ( 'NONE',  ( -3.740226349862381542E-16, -3.054126587736548881, -6.406250000000001776 ) ) ;
#4667 = CARTESIAN_POINT ( 'NONE',  ( 1.662041016787803249, -1.662041016787812797, 5.249999999999999112 ) ) ;
#4668 = CARTESIAN_POINT ( 'NONE',  ( 2.499999999999997780, -1.443375672974062329, 12.82552006691257240 ) ) ;
#4669 = CARTESIAN_POINT ( 'NONE',  ( 0.9736010864139258425, -2.350480947161690537, -5.812500000000000000 ) ) ;
#4670 = CARTESIAN_POINT ( 'NONE',  ( -2.878508968398391083E-16, -2.350480947161689649, -11.87500000000000000 ) ) ;
#4671 = EDGE_CURVE ( 'NONE', #528, #4174, #4851, .T. ) ;
#4672 = CARTESIAN_POINT ( 'NONE',  ( -2.878508968398391083E-16, -2.350480947161689649, -10.00000000000000000 ) ) ;
#4673 = CARTESIAN_POINT ( 'NONE',  ( -1.662041016787803249, 1.662041016787794367, -3.249999999999999556 ) ) ;
#4674 = DIRECTION ( 'NONE',  ( -0.000000000000000000, 0.000000000000000000, 1.000000000000000000 ) ) ;
#4675 = CARTESIAN_POINT ( 'NONE',  ( 0.8262281297569193939, -2.739389613650765831, 6.462622335220980396 ) ) ;
#4676 = DIRECTION ( 'NONE',  ( -1.000000000000000000, 0.000000000000000000, 0.000000000000000000 ) ) ;
#4677 = EDGE_LOOP ( 'NONE', ( #4905, #3530 ) ) ;
#4678 = CARTESIAN_POINT ( 'NONE',  ( -1.265060653844737537, -3.054126587736549325, -7.531249999999998224 ) ) ;
#4679 = VECTOR ( 'NONE', #4839, 1000.000000000000000 ) ;
#4680 = VERTEX_POINT ( 'NONE', #4982 ) ;
#4681 = DIRECTION ( 'NONE',  ( -0.000000000000000000, -0.000000000000000000, -1.000000000000000000 ) ) ;
#4682 = CARTESIAN_POINT ( 'NONE',  ( 1.677479968722701997, 1.918257834445869614, 12.60254230335127801 ) ) ;
#4683 = CARTESIAN_POINT ( 'NONE',  ( 3.054126587736539111, 1.265060653844729099, 4.906249999999997335 ) ) ;
#4684 = CARTESIAN_POINT ( 'NONE',  ( -1.662041016787803471, -1.662041016787812353, -3.124999999999999112 ) ) ;
#4685 = CARTESIAN_POINT ( 'NONE',  ( -2.878508968398391083E-16, -2.350480947161689649, 4.000000000000001776 ) ) ;
#4686 = CARTESIAN_POINT ( 'NONE',  ( -2.350480947161680767, -0.9736010864139355014, 1.937500000000000000 ) ) ;
#4687 = DIRECTION ( 'NONE',  ( -0.000000000000000000, -0.000000000000000000, -1.000000000000000000 ) ) ;
#4688 = CARTESIAN_POINT ( 'NONE',  ( -2.350480947161680323, -8.968978788130623169E-15, 3.750000000000001776 ) ) ;
#4689 = CARTESIAN_POINT ( 'NONE',  ( 0.000000000000000000, -9.107298248878237246E-15, 7.000000000000002665 ) ) ;
#4690 = CARTESIAN_POINT ( 'NONE',  ( 0.9736010864139259535, -2.350480947161690537, -10.81250000000000000 ) ) ;
#4691 = CARTESIAN_POINT ( 'NONE',  ( -2.159593620790638546, -2.159593620790647428, -5.531250000000001776 ) ) ;
#4692 = CARTESIAN_POINT ( 'NONE',  ( 1.662041016787803693, 1.662041016787793923, 5.500000000000000000 ) ) ;
#4693 =( BOUNDED_CURVE ( )  B_SPLINE_CURVE ( 2, ( #1608, #4654, #5526, #2970, #425, #3314, #3758, #5017, #1720 ),
 .UNSPECIFIED., .F., .F. ) 
 B_SPLINE_CURVE_WITH_KNOTS ( ( 3, 2, 2, 2, 3 ),
 ( 0.1071428571428571369, 0.1130952380952380820, 0.1190476190476190133, 0.1249999999999999584, 0.1309523809523809035 ),
 .UNSPECIFIED. ) 
 CURVE ( )  GEOMETRIC_REPRESENTATION_ITEM ( )  RATIONAL_B_SPLINE_CURVE ( ( 1.000000000000000000, 0.9238795325112867385, 1.000000000000000000, 0.9238795325112867385, 1.000000000000000000, 0.9238795325112867385, 1.000000000000000000, 0.9238795325112874046, 0.9999999999999993339 ) ) 
 REPRESENTATION_ITEM ( '' )  );
#4694 = CARTESIAN_POINT ( 'NONE',  ( -1.764279755233904901, 2.219017594837739527, 6.341672536833214302 ) ) ;
#4695 = CIRCLE ( 'NONE', #1675, 3.000000000000003109 ) ;
#4696 = CARTESIAN_POINT ( 'NONE',  ( -2.350480947161680767, -0.9736010864139355014, -11.06250000000000000 ) ) ;
#4697 = CARTESIAN_POINT ( 'NONE',  ( -1.662041016787803249, 1.662041016787794367, -5.375000000000000000 ) ) ;
#4698 = PERSON_AND_ORGANIZATION_ROLE ( 'design_supplier' ) ;
#4699 = CARTESIAN_POINT ( 'NONE',  ( -1.662041016787803249, 1.662041016787794367, -1.249999999999999334 ) ) ;
#4700 = CARTESIAN_POINT ( 'NONE',  ( 3.050799999999992185, -9.480913494362109549E-15, 7.000000000000002665 ) ) ;
#4701 = CARTESIAN_POINT ( 'NONE',  ( 2.121320343559649046, 2.121320343559639277, -10.12499999999999822 ) ) ;
#4702 = DIRECTION ( 'NONE',  ( -1.000000000000000000, 0.000000000000000000, 0.000000000000000000 ) ) ;
#4703 = ORIENTED_EDGE ( 'NONE', *, *, #3056, .T. ) ;
#4704 = CARTESIAN_POINT ( 'NONE',  ( 3.054126587736538223, -1.265060653844747973, -3.281249999999997335 ) ) ;
#4705 = ORIENTED_EDGE ( 'NONE', *, *, #1168, .T. ) ;
#4706 = CARTESIAN_POINT ( 'NONE',  ( 2.402847806557667276, 1.962557990636107839E-13, 5.219765979631124431 ) ) ;
#4707 = CARTESIAN_POINT ( 'NONE',  ( 3.000000000000009770, -9.663995296166853972E-15, -5.124999999999999112 ) ) ;
#4708 = CARTESIAN_POINT ( 'NONE',  ( -3.000000000000017764, 1.242640687119271448, 4.187500000000001776 ) ) ;
#4709 = CARTESIAN_POINT ( 'NONE',  ( -3.740226349862381542E-16, -3.054126587736548881, 4.593749999999997335 ) ) ;
#4710 = CARTESIAN_POINT ( 'NONE',  ( 0.9736010864139278409, 2.350480947161670997, 1.437500000000001110 ) ) ;
#4711 = CARTESIAN_POINT ( 'NONE',  ( 2.350480947161679435, 0.9736010864139177379, 4.312500000000001776 ) ) ;
#4712 = CARTESIAN_POINT ( 'NONE',  ( -0.9736010864139266197, -2.350480947161689649, 6.062500000000000000 ) ) ;
#4713 = DIRECTION ( 'NONE',  ( -0.000000000000000000, -0.000000000000000000, 1.000000000000000000 ) ) ;
#4714 = CARTESIAN_POINT ( 'NONE',  ( 2.350480947161680323, -0.9736010864139368337, 0.1875000000000001665 ) ) ;
#4715 = DIRECTION ( 'NONE',  ( 0.000000000000000000, 0.000000000000000000, -1.000000000000000000 ) ) ;
#4716 = CARTESIAN_POINT ( 'NONE',  ( -2.878508968398391083E-16, -2.350480947161689649, -7.875000000000000000 ) ) ;
#4717 = CARTESIAN_POINT ( 'NONE',  ( -2.159593620790638546, 2.159593620790629220, -4.781250000000002665 ) ) ;
#4718 = CARTESIAN_POINT ( 'NONE',  ( -0.9736010864139263976, 2.350480947161671441, -10.43749999999999822 ) ) ;
#4719 = CARTESIAN_POINT ( 'NONE',  ( 2.350480947161679435, 0.9736010864139177379, -8.687500000000000000 ) ) ;
#4720 = CARTESIAN_POINT ( 'NONE',  ( 3.000000000000028866, 1.242640687119261012, 5.812499999999999112 ) ) ;
#4721 = ADVANCED_FACE ( 'NONE', ( #198 ), #4924, .T. ) ;
#4722 =( BOUNDED_CURVE ( )  B_SPLINE_CURVE ( 2, ( #1566, #1959, #2848 ),
 .UNSPECIFIED., .F., .F. ) 
 B_SPLINE_CURVE_WITH_KNOTS ( ( 3, 3 ),
 ( 0.05430277181134401943, 0.05952380952380961765 ),
 .UNSPECIFIED. ) 
 CURVE ( )  GEOMETRIC_REPRESENTATION_ITEM ( )  RATIONAL_B_SPLINE_CURVE ( ( 0.9835930411997340084, 0.9332321243165537794, 1.000000000000001110 ) ) 
 REPRESENTATION_ITEM ( '' )  );
#4723 = CARTESIAN_POINT ( 'NONE',  ( -2.350480947161680767, 0.9736010864139172938, -12.18750000000000000 ) ) ;
#4724 = CARTESIAN_POINT ( 'NONE',  ( 0.000000000000000000, 2.350480947161671441, -7.500000000000000000 ) ) ;
#4725 = PERSON_AND_ORGANIZATION_ROLE ( 'classification_officer' ) ;
#4726 = CARTESIAN_POINT ( 'NONE',  ( -2.878508968398391083E-16, -2.350480947161689649, 0.1250000000000001110 ) ) ;
#4727 = CARTESIAN_POINT ( 'NONE',  ( -2.499999999999997780, 1.443375672974062551, 10.00000000000000178 ) ) ;
#4728 = CARTESIAN_POINT ( 'NONE',  ( -3.673940397442070715E-16, -3.000000000000017764, -0.4999999999999987232 ) ) ;
#4729 = CARTESIAN_POINT ( 'NONE',  ( 2.999999999999994671, -1.242640687119313414, 6.687500000000000000 ) ) ;
#4730 = ORIENTED_EDGE ( 'NONE', *, *, #1138, .T. ) ;
#4731 = CARTESIAN_POINT ( 'NONE',  ( -3.054126587736539555, -8.925892919057422291E-15, -4.718749999999997335 ) ) ;
#4732 = VERTEX_POINT ( 'NONE', #4060 ) ;
#4733 = CARTESIAN_POINT ( 'NONE',  ( 1.376236940796249364, -2.276579236778171644, 5.911536293336669523 ) ) ;
#4734 = CARTESIAN_POINT ( 'NONE',  ( -1.242640687119289433, 3.000000000000000888, 3.187500000000001332 ) ) ;
#4735 = CARTESIAN_POINT ( 'NONE',  ( -3.673940397442071701E-16, -3.000000000000018652, -0.3750000000000004441 ) ) ;
#4736 = EDGE_CURVE ( 'NONE', #3323, #4808, #1150, .T. ) ;
#4737 = CARTESIAN_POINT ( 'NONE',  ( -2.878508968398391083E-16, -2.350480947161689649, 1.000000000000000888 ) ) ;
#4738 = CARTESIAN_POINT ( 'NONE',  ( -2.878508968398391083E-16, -2.350480947161689649, 4.999999999999999112 ) ) ;
#4739 = CARTESIAN_POINT ( 'NONE',  ( -3.000000000000009326, -8.929207216678438350E-15, 3.250000000000001332 ) ) ;
#4740 = CARTESIAN_POINT ( 'NONE',  ( -3.000000000000000888, 1.242640687119289433, -1.812500000000000888 ) ) ;
#4741 = CARTESIAN_POINT ( 'NONE',  ( -2.878508968398391083E-16, -2.350480947161689649, 1.000000000000000888 ) ) ;
#4742 = CARTESIAN_POINT ( 'NONE',  ( 2.920753175473606245, 1.661623361693057468E-11, -12.07924682452640042 ) ) ;
#4743 = CARTESIAN_POINT ( 'NONE',  ( -3.054126587736539555, -1.265060653844746641, -6.593750000000000888 ) ) ;
#4744 = CARTESIAN_POINT ( 'NONE',  ( 0.000000000000000000, 2.350480947161671441, -9.500000000000000000 ) ) ;
#4745 = CARTESIAN_POINT ( 'NONE',  ( -0.9736010864139266197, -2.350480947161689649, -7.062499999999999112 ) ) ;
#4746 = CARTESIAN_POINT ( 'NONE',  ( -1.662041016787803249, 1.662041016787794367, -1.249999999999999334 ) ) ;
#4747 = CARTESIAN_POINT ( 'NONE',  ( 2.999999999999999556, -1.242640687119309195, -8.187500000000001776 ) ) ;
#4748 = CARTESIAN_POINT ( 'NONE',  ( 0.000000000000000000, 2.350480947161671441, -13.37500000000000000 ) ) ;
#4749 = CARTESIAN_POINT ( 'NONE',  ( -2.350480947161680767, 0.9736010864139172938, -5.312499999999999112 ) ) ;
#4750 = PERSON_AND_ORGANIZATION ( #519, #830 ) ;
#4751 = CARTESIAN_POINT ( 'NONE',  ( 1.662041016787803693, 1.662041016787793923, -3.499999999999999556 ) ) ;
#4752 = FACE_OUTER_BOUND ( 'NONE', #4258, .T. ) ;
#4753 = CARTESIAN_POINT ( 'NONE',  ( -3.000000000000017764, -1.242640687119289211, -1.687500000000000444 ) ) ;
#4754 = ORIENTED_EDGE ( 'NONE', *, *, #1065, .T. ) ;
#4755 = CARTESIAN_POINT ( 'NONE',  ( -3.054126587736539555, -8.925892919057422291E-15, -1.718749999999998002 ) ) ;
#4756 = VERTEX_POINT ( 'NONE', #2856 ) ;
#4757 = CARTESIAN_POINT ( 'NONE',  ( 2.149429054981015330, -1.597910133078126238, 5.961471613977121109 ) ) ;
#4758 = CARTESIAN_POINT ( 'NONE',  ( 3.000000000000026645, 1.242640687119263010, 2.937499999999999112 ) ) ;
#4759 = CARTESIAN_POINT ( 'NONE',  ( -1.265060653844737315, 3.054126587736530674, -11.90624999999999645 ) ) ;
#4760 = DIRECTION ( 'NONE',  ( 1.000000000000000000, 0.000000000000000000, 0.000000000000000000 ) ) ;
#4761 = CARTESIAN_POINT ( 'NONE',  ( -1.662041016787803471, -1.662041016787812353, 0.8750000000000007772 ) ) ;
#4762 = DIRECTION ( 'NONE',  ( -0.000000000000000000, -0.000000000000000000, -1.000000000000000000 ) ) ;
#4763 = AXIS2_PLACEMENT_3D ( 'NONE', #1468, #4007, #4428 ) ;
#4764 = CARTESIAN_POINT ( 'NONE',  ( -2.999999999999991118, 1.242640687119297871, -11.81250000000000000 ) ) ;
#4765 = CARTESIAN_POINT ( 'NONE',  ( -2.121320343559649491, -2.121320343559658372, 2.500000000000000444 ) ) ;
#4766 = CARTESIAN_POINT ( 'NONE',  ( -0.9736010864139266197, -2.350480947161689649, 6.937500000000000888 ) ) ;
#4767 = CYLINDRICAL_SURFACE ( 'NONE', #1393, 3.000000000000003109 ) ;
#4768 = CARTESIAN_POINT ( 'NONE',  ( -3.054126587736539555, 1.265060653844728655, -1.718750000000001332 ) ) ;
#4769 = CARTESIAN_POINT ( 'NONE',  ( -0.9736010864139266197, -2.350480947161689649, -11.06250000000000000 ) ) ;
#4770 = CARTESIAN_POINT ( 'NONE',  ( 2.350480947161679435, -0.9736010864139368337, -5.812500000000000000 ) ) ;
#4771 = EDGE_CURVE ( 'NONE', #1048, #368, #3185, .T. ) ;
#4772 = CARTESIAN_POINT ( 'NONE',  ( -0.9736010864139263976, 2.350480947161671441, 0.6875000000000006661 ) ) ;
#4773 = CARTESIAN_POINT ( 'NONE',  ( -1.242640687119289655, -3.000000000000018652, -4.562499999999999112 ) ) ;
#4774 = CARTESIAN_POINT ( 'NONE',  ( -1.265060653844737537, -3.054126587736549325, 7.468750000000002665 ) ) ;
#4775 = CARTESIAN_POINT ( 'NONE',  ( -0.9736010864139266197, -2.350480947161689649, -6.062499999999999112 ) ) ;
#4776 = APPROVAL_DATE_TIME ( #4303, #76 ) ;
#4777 = CARTESIAN_POINT ( 'NONE',  ( -1.662041016787803249, 1.662041016787794367, -2.250000000000000444 ) ) ;
#4778 = CARTESIAN_POINT ( 'NONE',  ( -3.000000000000008438, -1.242640687119298093, -0.6874999999999988898 ) ) ;
#4779 = CARTESIAN_POINT ( 'NONE',  ( -2.121320343559649491, -2.121320343559658372, -1.499999999999999556 ) ) ;
#4780 = ORIENTED_EDGE ( 'NONE', *, *, #172, .F. ) ;
#4781 = CARTESIAN_POINT ( 'NONE',  ( 0.000000000000000000, 3.054126587736530229, -4.968749999999997335 ) ) ;
#4782 = ORIENTED_EDGE ( 'NONE', *, *, #3239, .F. ) ;
#4783 = CARTESIAN_POINT ( 'NONE',  ( 3.000000000000009326, -9.663995296166853972E-15, -8.249999999999998224 ) ) ;
#4784 = TOROIDAL_SURFACE ( 'NONE', #1486, 4.700000000000001066, 0.2999999999999994893 ) ;
#4785 = CARTESIAN_POINT ( 'NONE',  ( -3.000000000000009770, 1.242640687119280551, 3.312500000000001776 ) ) ;
#4786 = CARTESIAN_POINT ( 'NONE',  ( -2.159593620790638102, 2.159593620790629220, -10.84374999999999822 ) ) ;
#4787 = CARTESIAN_POINT ( 'NONE',  ( 3.000000000000009770, -9.663995296166853972E-15, -7.125000000000000000 ) ) ;
#4788 = CARTESIAN_POINT ( 'NONE',  ( 1.662041016787803693, 1.662041016787793923, 0.3750000000000003331 ) ) ;
#4789 = FACE_OUTER_BOUND ( 'NONE', #5043, .T. ) ;
#4790 = EDGE_CURVE ( 'NONE', #4560, #2254, #3328, .T. ) ;
#4791 = CARTESIAN_POINT ( 'NONE',  ( 1.662041016787803693, 1.662041016787793923, 7.500000000000001776 ) ) ;
#4792 = DIRECTION ( 'NONE',  ( -0.000000000000000000, 0.000000000000000000, -1.000000000000000000 ) ) ;
#4793 = CARTESIAN_POINT ( 'NONE',  ( 0.000000000000000000, 2.350480947161671441, 6.500000000000000888 ) ) ;
#4794 = FACE_OUTER_BOUND ( 'NONE', #1043, .T. ) ;
#4795 = CARTESIAN_POINT ( 'NONE',  ( -3.740226349862381542E-16, -3.054126587736548881, -1.406250000000001332 ) ) ;
#4796 = CARTESIAN_POINT ( 'NONE',  ( 0.9736010864139278409, 2.350480947161670997, -11.56249999999999822 ) ) ;
#4797 = CARTESIAN_POINT ( 'NONE',  ( 2.350480947161679435, 0.9736010864139177379, -5.687500000000000000 ) ) ;
#4798 = CARTESIAN_POINT ( 'NONE',  ( 1.662041016787803693, 1.662041016787793923, 1.500000000000001332 ) ) ;
#4799 = ORIENTED_EDGE ( 'NONE', *, *, #635, .F. ) ;
#4800 = EDGE_CURVE ( 'NONE', #4889, #1981, #4508, .T. ) ;
#4801 = CARTESIAN_POINT ( 'NONE',  ( -2.856943013331031622, -0.1851425026619513692, 6.467382306523403734 ) ) ;
#4802 = EDGE_CURVE ( 'NONE', #3503, #4028, #3930, .T. ) ;
#4803 = CARTESIAN_POINT ( 'NONE',  ( -0.9736010864139266197, -2.350480947161689649, -7.937500000000000888 ) ) ;
#4804 = CARTESIAN_POINT ( 'NONE',  ( -2.350480947161680767, -0.9736010864139355014, 3.937500000000001776 ) ) ;
#4805 = FACE_OUTER_BOUND ( 'NONE', #4677, .T. ) ;
#4806 = CARTESIAN_POINT ( 'NONE',  ( -1.331866161225629952, -2.466938987744662803, 6.303834723583268129 ) ) ;
#4807 = DIRECTION ( 'NONE',  ( -1.000000000000000000, 0.000000000000000000, 0.000000000000000000 ) ) ;
#4808 = VERTEX_POINT ( 'NONE', #3335 ) ;
#4809 = CARTESIAN_POINT ( 'NONE',  ( 2.159593620790638102, -2.159593620790647428, -4.343749999999997335 ) ) ;
#4810 = EDGE_LOOP ( 'NONE', ( #4001, #5376, #2076, #4616 ) ) ;
#4811 = CARTESIAN_POINT ( 'NONE',  ( -1.259697868677027488, -2.285666379115399049, 5.772909947885317195 ) ) ;
#4812 = CARTESIAN_POINT ( 'NONE',  ( 2.121320343559649935, 2.121320343559639721, -9.000000000000000000 ) ) ;
#4813 = CARTESIAN_POINT ( 'NONE',  ( -1.662041016787803249, 1.662041016787794367, -3.249999999999999556 ) ) ;
#4814 = CARTESIAN_POINT ( 'NONE',  ( -3.673940397442070715E-16, -3.000000000000017764, 4.500000000000002665 ) ) ;
#4815 = CARTESIAN_POINT ( 'NONE',  ( 0.9736010864139278409, 2.350480947161670997, 2.437500000000000444 ) ) ;
#4816 = CARTESIAN_POINT ( 'NONE',  ( 1.662041016787803249, -1.662041016787812797, 7.250000000000000888 ) ) ;
#4817 = CARTESIAN_POINT ( 'NONE',  ( -1.242640687119289211, 3.000000000000000000, -1.937500000000000000 ) ) ;
#4818 = CARTESIAN_POINT ( 'NONE',  ( 0.000000000000000000, 3.054126587736530674, -13.90625000000000178 ) ) ;
#4819 = CARTESIAN_POINT ( 'NONE',  ( -2.121320343559648602, 2.121320343559640165, -10.87499999999999822 ) ) ;
#4820 = CARTESIAN_POINT ( 'NONE',  ( -2.159593620790638546, -2.159593620790647428, -3.531250000000001332 ) ) ;
#4821 = CARTESIAN_POINT ( 'NONE',  ( -2.350480947161680767, 0.9736010864139172938, -10.31249999999999822 ) ) ;
#4822 = CARTESIAN_POINT ( 'NONE',  ( 1.662041016787803693, 1.662041016787793923, -5.625000000000000000 ) ) ;
#4823 = LOCAL_TIME ( 11, 36, 48.00000000000000000, #5120 ) ;
#4824 = CARTESIAN_POINT ( 'NONE',  ( 2.350480947161680323, -9.544680581810301090E-15, 0.3750000000000003331 ) ) ;
#4825 = VERTEX_POINT ( 'NONE', #5095 ) ;
#4826 = CARTESIAN_POINT ( 'NONE',  ( 3.000000000000007994, -1.242640687119299869, -4.312499999999997335 ) ) ;
#4827 = CARTESIAN_POINT ( 'NONE',  ( -2.350480947161680767, 0.9736010864139172938, -8.187500000000000000 ) ) ;
#4828 = CARTESIAN_POINT ( 'NONE',  ( -1.662041016787803249, 1.662041016787794367, 0.7500000000000006661 ) ) ;
#4829 = CARTESIAN_POINT ( 'NONE',  ( 0.000000000000000000, -2.818925648462311528E-15, 7.300000000000000711 ) ) ;
#4830 = CARTESIAN_POINT ( 'NONE',  ( 2.121320343559649491, -2.121320343559658372, 4.749999999999999112 ) ) ;
#4831 = ADVANCED_FACE ( 'NONE', ( #3752 ), #1631, .F. ) ;
#4832 = CARTESIAN_POINT ( 'NONE',  ( -3.000000000000009326, -8.929207216678438350E-15, -2.749999999999999112 ) ) ;
#4833 = ORIENTED_EDGE ( 'NONE', *, *, #1319, .T. ) ;
#4834 = CARTESIAN_POINT ( 'NONE',  ( 2.159593620790638546, 2.159593620790628776, 0.9062500000000025535 ) ) ;
#4835 = VERTEX_POINT ( 'NONE', #4700 ) ;
#4836 = CARTESIAN_POINT ( 'NONE',  ( -0.8581587588534593802, 2.348132858534799805, 5.472290995037698558 ) ) ;
#4837 = CARTESIAN_POINT ( 'NONE',  ( 2.499999999999997780, 1.443375672974063439, 10.00000000000000178 ) ) ;
#4838 = CARTESIAN_POINT ( 'NONE',  ( -2.350480947161680323, -8.968978788130623169E-15, -2.125000000000000000 ) ) ;
#4839 = DIRECTION ( 'NONE',  ( -0.000000000000000000, -0.000000000000000000, -1.000000000000000000 ) ) ;
#4840 = CARTESIAN_POINT ( 'NONE',  ( -1.662041016787803249, 1.662041016787794367, 3.625000000000001332 ) ) ;
#4841 = DIRECTION ( 'NONE',  ( -0.000000000000000000, -0.000000000000000000, -1.000000000000000000 ) ) ;
#4842 = DIRECTION ( 'NONE',  ( -0.000000000000000000, -0.000000000000000000, -1.000000000000000000 ) ) ;
#4843 = CARTESIAN_POINT ( 'NONE',  ( 2.999999999999990674, -1.242640687119317855, 2.812499999999999556 ) ) ;
#4844 = CARTESIAN_POINT ( 'NONE',  ( -2.350480947161680767, 0.9736010864139172938, 4.687500000000000000 ) ) ;
#4845 = CYLINDRICAL_SURFACE ( 'NONE', #942, 3.000000000000003109 ) ;
#4846 = CARTESIAN_POINT ( 'NONE',  ( -3.054126587736539555, -1.265060653844746641, -3.593750000000001776 ) ) ;
#4847 = CARTESIAN_POINT ( 'NONE',  ( -1.662041016787803249, 1.662041016787794367, -5.375000000000000000 ) ) ;
#4848 = CARTESIAN_POINT ( 'NONE',  ( -2.878508968398391083E-16, -2.350480947161689649, -6.000000000000000000 ) ) ;
#4849 = CARTESIAN_POINT ( 'NONE',  ( -2.350480947161680767, -0.9736010864139355014, 0.9375000000000007772 ) ) ;
#4850 = CARTESIAN_POINT ( 'NONE',  ( -2.350480947161680323, -0.9736010864139353904, -1.062499999999999112 ) ) ;
#4851 = CIRCLE ( 'NONE', #5313, 5.000000000000000000 ) ;
#4852 = ORIENTED_EDGE ( 'NONE', *, *, #3124, .T. ) ;
#4853 = CARTESIAN_POINT ( 'NONE',  ( -2.590764747067697549, -1.261829654262690559, 6.519131818854175364 ) ) ;
#4854 = B_SPLINE_CURVE_WITH_KNOTS ( 'NONE', 3,
 ( #5185, #1438, #984, #3949, #1859, #3900 ),
 .UNSPECIFIED., .F., .F.,
 ( 4, 2, 4 ),
 ( 0.009256512413188667035, 0.009987041127512988337, 0.01071756984183731137 ),
 .UNSPECIFIED. ) ;
#4855 = CARTESIAN_POINT ( 'NONE',  ( 2.350480947161680323, 0.9736010864139177379, -7.562500000000000000 ) ) ;
#4856 = CARTESIAN_POINT ( 'NONE',  ( 0.9736010864139259535, -2.350480947161690537, 4.187500000000002665 ) ) ;
#4857 = CARTESIAN_POINT ( 'NONE',  ( -2.350480947161680323, -0.9736010864139353904, -11.18750000000000000 ) ) ;
#4858 = CARTESIAN_POINT ( 'NONE',  ( -2.878508968398391083E-16, -2.350480947161689649, -11.87500000000000000 ) ) ;
#4859 = CARTESIAN_POINT ( 'NONE',  ( -3.000000000000009770, -8.929207216678438350E-15, 4.374999999999999112 ) ) ;
#4860 = VERTEX_POINT ( 'NONE', #5436 ) ;
#4861 = CARTESIAN_POINT ( 'NONE',  ( -3.054126587736539555, -8.925892919057422291E-15, 0.2812500000000019984 ) ) ;
#4862 = ORIENTED_EDGE ( 'NONE', *, *, #2235, .F. ) ;
#4863 = CARTESIAN_POINT ( 'NONE',  ( 0.9736010864139278409, 2.350480947161670997, -12.56250000000000000 ) ) ;
#4864 =( BOUNDED_CURVE ( )  B_SPLINE_CURVE ( 2, ( #1666, #1243, #2946, #2532, #2663, #4284, #872, #4369, #4783 ),
 .UNSPECIFIED., .F., .F. ) 
 B_SPLINE_CURVE_WITH_KNOTS ( ( 3, 2, 2, 2, 3 ),
 ( 0.7500000000000000000, 0.7559523809523809312, 0.7619047619047618625, 0.7678571428571426827, 0.7738095238095237249 ),
 .UNSPECIFIED. ) 
 CURVE ( )  GEOMETRIC_REPRESENTATION_ITEM ( )  RATIONAL_B_SPLINE_CURVE ( ( 1.000000000000000000, 0.9238795325112866275, 1.000000000000000000, 0.9238795325112866275, 1.000000000000000000, 0.9238795325112866275, 1.000000000000000000, 0.9238795325112880708, 0.9999999999999985567 ) ) 
 REPRESENTATION_ITEM ( '' )  );
#4865 = CARTESIAN_POINT ( 'NONE',  ( 0.000000000000000000, 3.054126587736530229, -11.96874999999999645 ) ) ;
#4866 = EDGE_CURVE ( 'NONE', #4226, #3699, #5122, .T. ) ;
#4867 = AXIS2_PLACEMENT_3D ( 'NONE', #624, #4405, #2673 ) ;
#4868 = CARTESIAN_POINT ( 'NONE',  ( 2.350480947161679435, 0.9736010864139177379, -2.562499999999998668 ) ) ;
#4869 = LINE ( 'NONE', #4032, #1282 ) ;
#4870 = CARTESIAN_POINT ( 'NONE',  ( -0.9736010864139266197, -2.350480947161689649, 4.937500000000000888 ) ) ;
#4871 = CARTESIAN_POINT ( 'NONE',  ( -3.673940397442070715E-16, -3.000000000000017764, -8.499999999999998224 ) ) ;
#4872 = EDGE_LOOP ( 'NONE', ( #2688, #553 ) ) ;
#4873 = CARTESIAN_POINT ( 'NONE',  ( 0.4445914852241930060, 2.400510326092376356, -12.57263600136047899 ) ) ;
#4874 = CARTESIAN_POINT ( 'NONE',  ( 1.265060653844736649, -3.054126587736549769, -13.34375000000000178 ) ) ;
#4875 = DIRECTION ( 'NONE',  ( -0.000000000000000000, -0.000000000000000000, -1.000000000000000000 ) ) ;
#4876 = ORIENTED_EDGE ( 'NONE', *, *, #4771, .T. ) ;
#4877 = CARTESIAN_POINT ( 'NONE',  ( 3.054126587736539999, -9.673938189029898993E-15, -2.156250000000001776 ) ) ;
#4878 = CARTESIAN_POINT ( 'NONE',  ( -0.9736010864139263976, 2.350480947161671441, -8.437500000000000000 ) ) ;
#4879 = CARTESIAN_POINT ( 'NONE',  ( -2.350480947161680323, -0.9736010864139353904, -3.187499999999999556 ) ) ;
#4880 = CARTESIAN_POINT ( 'NONE',  ( 0.9736010864139278409, 2.350480947161670997, -1.437499999999999778 ) ) ;
#4881 = CARTESIAN_POINT ( 'NONE',  ( 2.350480947161680323, -9.544680581810301090E-15, 2.375000000000000444 ) ) ;
#4882 = CARTESIAN_POINT ( 'NONE',  ( 0.000000000000000000, 2.350480947161671441, -6.500000000000000000 ) ) ;
#4883 = EDGE_LOOP ( 'NONE', ( #2345, #3867, #3478, #5072 ) ) ;
#4884 = CARTESIAN_POINT ( 'NONE',  ( 2.350480947161680323, -0.9736010864139368337, -12.68749999999999822 ) ) ;
#4885 = CARTESIAN_POINT ( 'NONE',  ( 0.9736010864139259535, -2.350480947161690537, -10.81250000000000000 ) ) ;
#4886 = CARTESIAN_POINT ( 'NONE',  ( -2.878508968398391083E-16, -2.350480947161689649, -12.00000000000000000 ) ) ;
#4887 = CARTESIAN_POINT ( 'NONE',  ( -0.9736010864139266197, -2.350480947161689649, -10.93750000000000000 ) ) ;
#4888 = CARTESIAN_POINT ( 'NONE',  ( 0.000000000000000000, -2.818925648462311528E-15, 7.000000000000002665 ) ) ;
#4889 = VERTEX_POINT ( 'NONE', #5069 ) ;
#4890 = CARTESIAN_POINT ( 'NONE',  ( 1.265060653844739091, 3.054126587736529341, 1.968750000000003553 ) ) ;
#4891 = VERTEX_POINT ( 'NONE', #443 ) ;
#4892 = CARTESIAN_POINT ( 'NONE',  ( -2.225753226175575694, 1.242785076387720400, 5.565516770956139503 ) ) ;
#4893 = CARTESIAN_POINT ( 'NONE',  ( -3.054126587736539111, -1.265060653844746197, -9.656249999999998224 ) ) ;
#4894 = CARTESIAN_POINT ( 'NONE',  ( 2.350480947161679435, -0.9736010864139368337, -3.687500000000000444 ) ) ;
#4895 = CARTESIAN_POINT ( 'NONE',  ( 0.8225200312772963374, -2.411869184476319372, 12.60254230335127268 ) ) ;
#4896 = CARTESIAN_POINT ( 'NONE',  ( -1.662041016787803471, -1.662041016787812353, 3.875000000000001776 ) ) ;
#4897 = APPLICATION_PROTOCOL_DEFINITION ( 'international standard', 'config_control_design', 1994, #1506 ) ;
#4898 = CARTESIAN_POINT ( 'NONE',  ( -3.000000000000009326, -8.929207216678438350E-15, 1.250000000000001110 ) ) ;
#4899 = ORIENTED_EDGE ( 'NONE', *, *, #4228, .T. ) ;
#4900 =( BOUNDED_CURVE ( )  B_SPLINE_CURVE ( 2, ( #1121, #3614, #2827, #1007, #2327, #4450, #2774, #4533, #2408 ),
 .UNSPECIFIED., .F., .F. ) 
 B_SPLINE_CURVE_WITH_KNOTS ( ( 3, 2, 2, 2, 3 ),
 ( 0.8690476190476191798, 0.8750000000000001110, 0.8809523809523810423, 0.8869047619047619735, 0.8928571428571430157 ),
 .UNSPECIFIED. ) 
 CURVE ( )  GEOMETRIC_REPRESENTATION_ITEM ( )  RATIONAL_B_SPLINE_CURVE ( ( 0.9999999999999985567, 0.9238795325112880708, 1.000000000000000000, 0.9238795325112866275, 1.000000000000000000, 0.9238795325112866275, 1.000000000000000000, 0.9238795325112851842, 1.000000000000001332 ) ) 
 REPRESENTATION_ITEM ( '' )  );
#4901 = CARTESIAN_POINT ( 'NONE',  ( -0.3342383673876163086, 2.439210560835245900, -12.54139917400061854 ) ) ;
#4902 = CARTESIAN_POINT ( 'NONE',  ( -2.159593620790638546, -2.159593620790647428, -11.53125000000000178 ) ) ;
#4903 = CARTESIAN_POINT ( 'NONE',  ( 1.242640687119288767, -3.000000000000019540, 3.562500000000001332 ) ) ;
#4904 = EDGE_CURVE ( 'NONE', #3669, #4891, #5266, .T. ) ;
#4905 = ORIENTED_EDGE ( 'NONE', *, *, #172, .T. ) ;
#4906 = CARTESIAN_POINT ( 'NONE',  ( -3.054126587736539555, 1.265060653844728655, 2.281249999999998668 ) ) ;
#4907 = CARTESIAN_POINT ( 'NONE',  ( 2.350480947161680323, 0.9736010864139177379, -6.687500000000000888 ) ) ;
#4908 = CARTESIAN_POINT ( 'NONE',  ( 2.350480947161679435, 0.9736010864139177379, 1.312500000000001110 ) ) ;
#4909 = CARTESIAN_POINT ( 'NONE',  ( -0.9736010864139266197, -2.350480947161689649, 0.06250000000000005551 ) ) ;
#4910 = CARTESIAN_POINT ( 'NONE',  ( 2.147865254141957614, -1.050057245250273885, 5.159742711011646499 ) ) ;
#4911 = CARTESIAN_POINT ( 'NONE',  ( 1.662041016787803249, -1.662041016787812797, -0.8749999999999990008 ) ) ;
#4912 = VERTEX_POINT ( 'NONE', #1177 ) ;
#4913 = CARTESIAN_POINT ( 'NONE',  ( 3.000000000000009326, -9.663995296166853972E-15, -5.249999999999998224 ) ) ;
#4914 = CARTESIAN_POINT ( 'NONE',  ( 1.662041016787803249, -1.662041016787812797, -7.750000000000000000 ) ) ;
#4915 = B_SPLINE_CURVE_WITH_KNOTS ( 'NONE', 3,
 ( #3095, #4801, #71, #1872, #4327, #4853, #3575, #2180, #5171, #913, #2623, #3066, #1787, #3493, #972, #4470, #2819, #3267, #4495, #1982, #4102, #185, #715, #294, #4970, #634, #4441, #2346, #269, #2010, #2399, #2791 ),
 .UNSPECIFIED., .F., .F.,
 ( 4, 2, 2, 2, 2, 2, 2, 2, 2, 2, 2, 2, 2, 2, 2, 4 ),
 ( 0.02730773563872051363, 0.02786391161302267244, 0.02842008758732483126, 0.02897626356162699007, 0.02953243953592914889, 0.03008861551023130770, 0.03064479148453346999, 0.03120096745883562880, 0.03175714343313779109, 0.03286949538174210872, 0.03342567135604426753, 0.03398184733034642635, 0.03453802330464858517, 0.03509419927895074398, 0.03565037525325290280, 0.03620655122755506161 ),
 .UNSPECIFIED. ) ;
#4916 = CARTESIAN_POINT ( 'NONE',  ( 2.340734066410712799, -0.2472464986191465208, -12.64951905283832545 ) ) ;
#4917 = CYLINDRICAL_SURFACE ( 'NONE', #2355, 3.000000000000003109 ) ;
#4918 = CARTESIAN_POINT ( 'NONE',  ( -0.9736010864139263976, 2.350480947161671441, -11.31249999999999822 ) ) ;
#4919 = LINE ( 'NONE', #5236, #130 ) ;
#4920 = CARTESIAN_POINT ( 'NONE',  ( -1.265060653844737537, -3.054126587736549325, -1.531249999999998002 ) ) ;
#4921 = ORIENTED_EDGE ( 'NONE', *, *, #975, .T. ) ;
#4922 = CARTESIAN_POINT ( 'NONE',  ( 1.040987416582771052, 2.231605919615877731, 5.368800448610477893 ) ) ;
#4923 = CARTESIAN_POINT ( 'NONE',  ( -0.9736010864139263976, 2.350480947161671441, -3.312499999999999556 ) ) ;
#4924 = CYLINDRICAL_SURFACE ( 'NONE', #5127, 3.000000000000003109 ) ;
#4925 = CARTESIAN_POINT ( 'NONE',  ( 2.350480947161680323, -9.544680581810301090E-15, 3.250000000000001332 ) ) ;
#4926 = DIRECTION ( 'NONE',  ( 0.000000000000000000, 0.000000000000000000, 1.000000000000000000 ) ) ;
#4927 = ORIENTED_EDGE ( 'NONE', *, *, #2430, .T. ) ;
#4928 = CARTESIAN_POINT ( 'NONE',  ( -0.9640682489057095239, 2.294506685487052167, -12.51456713894838124 ) ) ;
#4929 = CARTESIAN_POINT ( 'NONE',  ( 0.000000000000000000, 3.054126587736530674, -11.90625000000000178 ) ) ;
#4930 = CARTESIAN_POINT ( 'NONE',  ( 0.02165451137773949722, -2.381227224206613702, 5.140091592874850512 ) ) ;
#4931 = CARTESIAN_POINT ( 'NONE',  ( -3.054126587736539555, -1.265060653844746641, 1.406249999999997558 ) ) ;
#4932 =( BOUNDED_CURVE ( )  B_SPLINE_CURVE ( 2, ( #5437, #755, #5408, #1994, #1604, #4591, #4142, #1575, #2857 ),
 .UNSPECIFIED., .F., .F. ) 
 B_SPLINE_CURVE_WITH_KNOTS ( ( 3, 2, 2, 2, 3 ),
 ( 0.7023809523809523281, 0.7083333333333333703, 0.7142857142857143016, 0.7202380952380952328, 0.7261904761904761640 ),
 .UNSPECIFIED. ) 
 CURVE ( )  GEOMETRIC_REPRESENTATION_ITEM ( )  RATIONAL_B_SPLINE_CURVE ( ( 1.000000000000000000, 0.9238795325112867385, 1.000000000000000000, 0.9238795325112867385, 1.000000000000000000, 0.9238795325112867385, 1.000000000000000000, 0.9238795325112867385, 1.000000000000000000 ) ) 
 REPRESENTATION_ITEM ( '' )  );
#4933 = CARTESIAN_POINT ( 'NONE',  ( -0.9736010864139266197, -2.350480947161689649, -7.062499999999999112 ) ) ;
#4934 = CARTESIAN_POINT ( 'NONE',  ( 2.350480947161679435, -0.9736010864139368337, -1.812500000000000000 ) ) ;
#4935 = CARTESIAN_POINT ( 'NONE',  ( -2.350480947161680767, 0.9736010864139172938, -1.187499999999999334 ) ) ;
#4936 = CARTESIAN_POINT ( 'NONE',  ( 1.271404688415363582, -1.994428827196039533, 5.088424751195816498 ) ) ;
#4937 = CARTESIAN_POINT ( 'NONE',  ( -2.350480947161680767, 0.9736010864139172938, -2.312500000000000888 ) ) ;
#4938 = CARTESIAN_POINT ( 'NONE',  ( 3.000000000000009770, -9.663995296166853972E-15, -7.125000000000000000 ) ) ;
#4939 = CARTESIAN_POINT ( 'NONE',  ( -2.350480947161680323, -8.968978788130623169E-15, -12.12500000000000000 ) ) ;
#4940 = EDGE_CURVE ( 'NONE', #5469, #2557, #504, .T. ) ;
#4941 =( GEOMETRIC_REPRESENTATION_CONTEXT ( 3 ) GLOBAL_UNCERTAINTY_ASSIGNED_CONTEXT ( ( #1352 ) ) GLOBAL_UNIT_ASSIGNED_CONTEXT ( ( #4373, #2249, #1412 ) ) REPRESENTATION_CONTEXT ( 'NONE', 'WORKASPACE' ) );
#4942 = CARTESIAN_POINT ( 'NONE',  ( 2.350480947161680323, -9.544680581810301090E-15, -6.625000000000000000 ) ) ;
#4943 = CARTESIAN_POINT ( 'NONE',  ( -0.2400384637215535744, 2.778323765118405397, 6.263552224424218551 ) ) ;
#4944 = CARTESIAN_POINT ( 'NONE',  ( 1.793612187603607078, 1.530469845971991205, -12.63694468509623192 ) ) ;
#4945 = CARTESIAN_POINT ( 'NONE',  ( 1.662041016787803249, -1.662041016787812797, -8.750000000000000000 ) ) ;
#4946 = CARTESIAN_POINT ( 'NONE',  ( -1.265060653844737315, 3.054126587736530674, 5.093750000000001776 ) ) ;
#4947 = EDGE_LOOP ( 'NONE', ( #840, #3279, #3341, #2137, #5367, #4651 ) ) ;
#4948 = CARTESIAN_POINT ( 'NONE',  ( -1.157727287604762845, 2.222996300830784033, 5.489823644054838248 ) ) ;
#4949 = VECTOR ( 'NONE', #1769, 1000.000000000000000 ) ;
#4950 = CARTESIAN_POINT ( 'NONE',  ( 2.350480947161680323, -0.9736010864139368337, -6.687500000000000888 ) ) ;
#4951 = CARTESIAN_POINT ( 'NONE',  ( 0.000000000000000000, -2.818925648462311528E-15, -13.00000000000000178 ) ) ;
#4952 = CARTESIAN_POINT ( 'NONE',  ( -2.350480947161680767, -0.9736010864139355014, 6.812500000000001776 ) ) ;
#4953 = LINE ( 'NONE', #2725, #3708 ) ;
#4954 = EDGE_LOOP ( 'NONE', ( #5301, #2753, #1165, #1326 ) ) ;
#4955 = CARTESIAN_POINT ( 'NONE',  ( -3.673940397442070715E-16, -3.000000000000017764, -11.50000000000000000 ) ) ;
#4956 = CONICAL_SURFACE ( 'NONE', #2196, 3.050799999999992185, 0.3490658503988666728 ) ;
#4957 = CARTESIAN_POINT ( 'NONE',  ( -3.054126587736539555, -1.265060653844746641, -9.593750000000001776 ) ) ;
#4958 = CARTESIAN_POINT ( 'NONE',  ( 2.168630120793804572, 1.311214627168485913, 5.564929398022752771 ) ) ;
#4959 = CARTESIAN_POINT ( 'NONE',  ( -2.121320343559649491, 2.121320343559640165, 5.249999999999999112 ) ) ;
#4960 = B_SPLINE_CURVE_WITH_KNOTS ( 'NONE', 3,
 ( #473, #926, #1824, #531, #140, #503, #3106, #2582, #3455, #3078, #3946, #4811, #556, #5158, #2190, #449, #1855, #981, #2166, #1327, #4733, #3868, #3048, #3558, #4757, #2633, #2691, #111, #5265, #898, #1798, #1433 ),
 .UNSPECIFIED., .F., .F.,
 ( 4, 2, 2, 2, 2, 2, 2, 2, 2, 2, 2, 2, 2, 2, 2, 4 ),
 ( 0.01036039290926691302, 0.01087519489746211279, 0.01138999688565731083, 0.01190479887385251061, 0.01241960086204771038, 0.01293440285024291016, 0.01344920483843810993, 0.01396400682663330971, 0.01447880881482850948, 0.01550841279121890903, 0.01602321477941410707, 0.01653801676760930511, 0.01705281875580450662, 0.01756762074399970813, 0.01808242273219490964, 0.01859722472039011115 ),
 .UNSPECIFIED. ) ;
#4961 = CARTESIAN_POINT ( 'NONE',  ( 0.000000000000000000, 3.054126587736530674, 3.093749999999999112 ) ) ;
#4962 = EDGE_CURVE ( 'NONE', #139, #1293, #3365, .T. ) ;
#4963 = CARTESIAN_POINT ( 'NONE',  ( -1.662041016787803471, -1.662041016787812353, -6.124999999999999112 ) ) ;
#4964 = CARTESIAN_POINT ( 'NONE',  ( -0.9736010864139263976, 2.350480947161671441, -0.4375000000000003886 ) ) ;
#4965 = CARTESIAN_POINT ( 'NONE',  ( -2.350480947161680767, -0.9736010864139355014, -0.06250000000000005551 ) ) ;
#4966 = CARTESIAN_POINT ( 'NONE',  ( -2.350480947161680323, 0.9736010864139172938, 4.812500000000000000 ) ) ;
#4967 = CARTESIAN_POINT ( 'NONE',  ( -2.350480947161680323, -8.968978788130623169E-15, -0.2500000000000002220 ) ) ;
#4968 = CARTESIAN_POINT ( 'NONE',  ( 2.408493649053885743, -9.555337342262627476E-15, -12.59150635094611737 ) ) ;
#4969 = AXIS2_PLACEMENT_3D ( 'NONE', #1637, #4177, #2888 ) ;
#4970 = CARTESIAN_POINT ( 'NONE',  ( 2.240467936918828507, -1.958243194992703495, 6.777578058252478499 ) ) ;
#4971 =( BOUNDED_CURVE ( )  B_SPLINE_CURVE ( 2, ( #1111, #5344, #3712, #3635, #690, #1592, #661, #3604, #4913 ),
 .UNSPECIFIED., .F., .F. ) 
 B_SPLINE_CURVE_WITH_KNOTS ( ( 3, 2, 2, 2, 3 ),
 ( 0.6071428571428570953, 0.6130952380952380265, 0.6190476190476190688, 0.6250000000000000000, 0.6309523809523810423 ),
 .UNSPECIFIED. ) 
 CURVE ( )  GEOMETRIC_REPRESENTATION_ITEM ( )  RATIONAL_B_SPLINE_CURVE ( ( 1.000000000000001332, 0.9238795325112851842, 1.000000000000000000, 0.9238795325112866275, 1.000000000000000000, 0.9238795325112866275, 1.000000000000000000, 0.9238795325112851842, 1.000000000000001332 ) ) 
 REPRESENTATION_ITEM ( '' )  );
#4972 = CARTESIAN_POINT ( 'NONE',  ( -1.662041016787803471, -1.662041016787812353, 1.000000000000000888 ) ) ;
#4973 = CARTESIAN_POINT ( 'NONE',  ( -1.662041016787803471, -1.662041016787812353, -4.000000000000000000 ) ) ;
#4974 = CARTESIAN_POINT ( 'NONE',  ( -2.091798262368309125, -1.679051056079391202, 12.68945282103388195 ) ) ;
#4975 = EDGE_CURVE ( 'NONE', #4084, #922, #660, .T. ) ;
#4976 = CARTESIAN_POINT ( 'NONE',  ( 0.000000000000000000, -2.818925648462311528E-15, -13.00000000000000178 ) ) ;
#4977 = CARTESIAN_POINT ( 'NONE',  ( 1.662041016787803249, -1.662041016787812797, -6.750000000000000000 ) ) ;
#4978 = CARTESIAN_POINT ( 'NONE',  ( -3.054126587736539555, -8.925892919057422291E-15, 5.281250000000000888 ) ) ;
#4979 = EDGE_LOOP ( 'NONE', ( #2916, #1996, #1174, #4483 ) ) ;
#4980 = CARTESIAN_POINT ( 'NONE',  ( 0.9736010864139278409, 2.350480947161670997, -9.562500000000000000 ) ) ;
#4981 = CARTESIAN_POINT ( 'NONE',  ( -2.878508968398391083E-16, -2.350480947161689649, -3.875000000000000000 ) ) ;
#4982 = CARTESIAN_POINT ( 'NONE',  ( -2.000000000000000888, -2.517278137946670492E-15, -13.00000000000000178 ) ) ;
#4983 = CARTESIAN_POINT ( 'NONE',  ( 0.000000000000000000, 4.699999999999997513, 13.00000000000000178 ) ) ;
#4984 = CARTESIAN_POINT ( 'NONE',  ( 3.000000000000016875, -1.242640687119290988, 1.687500000000002220 ) ) ;
#4985 = ORIENTED_EDGE ( 'NONE', *, *, #1045, .T. ) ;
#4986 = CARTESIAN_POINT ( 'NONE',  ( -3.054126587736539555, -8.925892919057422291E-15, -6.718749999999997335 ) ) ;
#4987 = CARTESIAN_POINT ( 'NONE',  ( 3.000000000000009326, -9.663995296166853972E-15, -11.24999999999999822 ) ) ;
#4988 = EDGE_CURVE ( 'NONE', #3893, #5383, #2708, .T. ) ;
#4989 = CARTESIAN_POINT ( 'NONE',  ( 2.159593620790638546, -2.159593620790647872, -12.28125000000000178 ) ) ;
#4990 = CARTESIAN_POINT ( 'NONE',  ( 2.248627756594226756, 1.157487965985246170, 5.550847703493695384 ) ) ;
#4991 = CARTESIAN_POINT ( 'NONE',  ( 3.000000000000026645, 1.242640687119263010, 4.937499999999997335 ) ) ;
#4992 = CARTESIAN_POINT ( 'NONE',  ( 2.159593620790638546, -2.159593620790647872, -0.2812500000000019984 ) ) ;
#4993 = CARTESIAN_POINT ( 'NONE',  ( 1.662041016787803249, -1.662041016787812797, -1.875000000000000000 ) ) ;
#4994 = CARTESIAN_POINT ( 'NONE',  ( 2.350480947161680323, -9.544680581810301090E-15, -1.749999999999999778 ) ) ;
#4995 = CARTESIAN_POINT ( 'NONE',  ( -1.662041016787803471, -1.662041016787812353, 3.000000000000000888 ) ) ;
#4996 = CARTESIAN_POINT ( 'NONE',  ( 1.662041016787803249, -1.662041016787812797, 4.250000000000001776 ) ) ;
#4997 = CARTESIAN_POINT ( 'NONE',  ( -1.662041016787803249, 1.662041016787794367, -2.375000000000000444 ) ) ;
#4998 = CARTESIAN_POINT ( 'NONE',  ( -1.242640687119289433, 3.000000000000000888, -6.812499999999999112 ) ) ;
#4999 = CARTESIAN_POINT ( 'NONE',  ( 0.9736010864139278409, 2.350480947161670997, -10.43749999999999822 ) ) ;
#5000 = CARTESIAN_POINT ( 'NONE',  ( 0.9736010864139278409, 2.350480947161670997, 6.562500000000000888 ) ) ;
#5001 = CARTESIAN_POINT ( 'NONE',  ( -2.350480947161680767, 0.9736010864139172938, -6.187500000000000000 ) ) ;
#5002 = CARTESIAN_POINT ( 'NONE',  ( 2.321204953832814777, -0.3698219102109516765, -12.64951905283832012 ) ) ;
#5003 = ADVANCED_FACE ( 'NONE', ( #1427 ), #3878, .T. ) ;
#5004 = CARTESIAN_POINT ( 'NONE',  ( 0.9736010864139279519, 2.350480947161670997, -8.562500000000000000 ) ) ;
#5005 = CARTESIAN_POINT ( 'NONE',  ( -1.662041016787803249, 1.662041016787794367, -7.249999999999999112 ) ) ;
#5006 = LOCAL_TIME ( 11, 36, 48.00000000000000000, #4360 ) ;
#5007 = CARTESIAN_POINT ( 'NONE',  ( -3.740226349862381049E-16, -3.054126587736548437, 4.531250000000004441 ) ) ;
#5008 = ORIENTED_EDGE ( 'NONE', *, *, #1168, .F. ) ;
#5009 = CARTESIAN_POINT ( 'NONE',  ( 2.350480947161680323, -0.9736010864139368337, -9.812500000000000000 ) ) ;
#5010 = EDGE_CURVE ( 'NONE', #5525, #2771, #5089, .T. ) ;
#5011 = CARTESIAN_POINT ( 'NONE',  ( -1.662041016787803471, -1.662041016787812353, -6.999999999999999112 ) ) ;
#5012 = DIRECTION ( 'NONE',  ( -0.000000000000000000, -0.000000000000000000, -1.000000000000000000 ) ) ;
#5013 = CARTESIAN_POINT ( 'NONE',  ( 2.999999999999999112, -1.242640687119309195, 0.6875000000000000000 ) ) ;
#5014 = CARTESIAN_POINT ( 'NONE',  ( 2.291524884296637588, 1.231515726138630473, -12.40452296991182379 ) ) ;
#5015 = ORIENTED_EDGE ( 'NONE', *, *, #3564, .T. ) ;
#5016 = CARTESIAN_POINT ( 'NONE',  ( 1.265060653844739091, 3.054126587736529341, -9.031249999999998224 ) ) ;
#5017 = CARTESIAN_POINT ( 'NONE',  ( 2.999999999999999556, -1.242640687119309195, -11.18749999999999822 ) ) ;
#5018 = CARTESIAN_POINT ( 'NONE',  ( 3.054126587736539999, -9.673938189029898993E-15, -9.156250000000001776 ) ) ;
#5019 = DIRECTION ( 'NONE',  ( -0.000000000000000000, -0.000000000000000000, -1.000000000000000000 ) ) ;
#5020 = CARTESIAN_POINT ( 'NONE',  ( -3.000000000000009770, 1.242640687119280551, 5.312499999999998224 ) ) ;
#5021 = CARTESIAN_POINT ( 'NONE',  ( -3.054126587736539555, -1.265060653844746641, -0.5937500000000022204 ) ) ;
#5022 = CARTESIAN_POINT ( 'NONE',  ( -2.350480947161680323, -8.968978788130623169E-15, -2.250000000000000444 ) ) ;
#5023 = CARTESIAN_POINT ( 'NONE',  ( 1.662041016787803249, -1.662041016787812797, -0.8749999999999990008 ) ) ;
#5024 = CARTESIAN_POINT ( 'NONE',  ( -2.350480947161680323, -8.968978788130623169E-15, 3.875000000000001776 ) ) ;
#5025 = CARTESIAN_POINT ( 'NONE',  ( -3.000000000000009770, -1.242640687119298315, 1.437499999999999334 ) ) ;
#5026 = CARTESIAN_POINT ( 'NONE',  ( 1.662041016787803249, -1.662041016787812797, -1.875000000000000000 ) ) ;
#5027 = DIRECTION ( 'NONE',  ( -0.000000000000000000, -0.000000000000000000, -1.000000000000000000 ) ) ;
#5028 = CARTESIAN_POINT ( 'NONE',  ( -0.9736010864139263976, 2.350480947161671441, -8.312500000000000000 ) ) ;
#5029 = CARTESIAN_POINT ( 'NONE',  ( 2.350480947161680323, -0.9736010864139368337, 7.312500000000001776 ) ) ;
#5030 = CARTESIAN_POINT ( 'NONE',  ( 1.662041016787803693, 1.662041016787793923, -6.500000000000000000 ) ) ;
#5031 = CARTESIAN_POINT ( 'NONE',  ( -2.470683961592142541, 1.390534948221751055, 6.391476132367234442 ) ) ;
#5032 = CARTESIAN_POINT ( 'NONE',  ( 2.350480947161680323, -9.544680581810301090E-15, -9.750000000000000000 ) ) ;
#5033 = EDGE_CURVE ( 'NONE', #4511, #5036, #4334, .T. ) ;
#5034 = CARTESIAN_POINT ( 'NONE',  ( 0.000000000000000000, 2.350480947161671441, -9.375000000000000000 ) ) ;
#5035 = CARTESIAN_POINT ( 'NONE',  ( 2.159593620790638546, 2.159593620790628776, 5.906250000000001776 ) ) ;
#5036 = VERTEX_POINT ( 'NONE', #4727 ) ;
#5037 = CARTESIAN_POINT ( 'NONE',  ( -1.662041016787803471, -1.662041016787812353, -9.125000000000000000 ) ) ;
#5038 = AXIS2_PLACEMENT_3D ( 'NONE', #2321, #2349, #3608 ) ;
#5039 = CARTESIAN_POINT ( 'NONE',  ( -2.350480947161680767, -0.9736010864139355014, -4.062500000000000000 ) ) ;
#5040 = CARTESIAN_POINT ( 'NONE',  ( 3.000000000000007994, -1.242640687119299869, -6.312499999999998224 ) ) ;
#5041 = CARTESIAN_POINT ( 'NONE',  ( 4.700000000000000178, -2.008131516378744542E-15, 13.00000000000000178 ) ) ;
#5042 = DIRECTION ( 'NONE',  ( -1.000000000000000000, 0.000000000000000000, 0.000000000000000000 ) ) ;
#5043 = EDGE_LOOP ( 'NONE', ( #5180, #5100, #3368, #5356 ) ) ;
#5044 = CARTESIAN_POINT ( 'NONE',  ( -3.740226349862381049E-16, -3.054126587736548437, -6.468749999999997335 ) ) ;
#5045 = ORIENTED_EDGE ( 'NONE', *, *, #3, .F. ) ;
#5046 = CARTESIAN_POINT ( 'NONE',  ( -1.242640687119289211, 3.000000000000000000, 0.06250000000000008327 ) ) ;
#5047 = EDGE_CURVE ( 'NONE', #528, #3893, #1400, .T. ) ;
#5048 = CARTESIAN_POINT ( 'NONE',  ( -3.000000000000009326, -8.929207216678438350E-15, -0.7499999999999988898 ) ) ;
#5049 = CARTESIAN_POINT ( 'NONE',  ( 0.000000000000000000, -9.107298248878237246E-15, 7.000000000000002665 ) ) ;
#5050 = CARTESIAN_POINT ( 'NONE',  ( -2.159593620790638546, -2.159593620790647428, 3.468749999999999556 ) ) ;
#5051 = CARTESIAN_POINT ( 'NONE',  ( -2.878508968398391083E-16, -2.350480947161689649, -2.000000000000000000 ) ) ;
#5052 = CARTESIAN_POINT ( 'NONE',  ( -3.000000000000009770, -8.929207216678438350E-15, 5.375000000000000000 ) ) ;
#5053 = CARTESIAN_POINT ( 'NONE',  ( 0.000000000000000000, 2.350480947161671441, 4.625000000000002665 ) ) ;
#5054 = DIRECTION ( 'NONE',  ( -0.000000000000000000, -0.000000000000000000, 1.000000000000000000 ) ) ;
#5055 = CARTESIAN_POINT ( 'NONE',  ( -1.662041016787803471, -1.662041016787812353, 1.875000000000000000 ) ) ;
#5056 = DIRECTION ( 'NONE',  ( -0.000000000000000000, -0.000000000000000000, -1.000000000000000000 ) ) ;
#5057 = CARTESIAN_POINT ( 'NONE',  ( 0.000000000000000000, 2.350480947161671441, -9.375000000000000000 ) ) ;
#5058 = VECTOR ( 'NONE', #5110, 1000.000000000000000 ) ;
#5059 = CARTESIAN_POINT ( 'NONE',  ( -3.054126587736539999, -8.925892919057422291E-15, -6.656250000000001776 ) ) ;
#5060 = CARTESIAN_POINT ( 'NONE',  ( 0.000000000000000000, 2.350480947161671441, -13.50000000000000000 ) ) ;
#5061 = CARTESIAN_POINT ( 'NONE',  ( -2.878508968398391083E-16, -2.350480947161689649, -4.874999999999999112 ) ) ;
#5062 = CIRCLE ( 'NONE', #2736, 4.700000000000000178 ) ;
#5063 = CARTESIAN_POINT ( 'NONE',  ( -0.9527715743020012118, 2.634319836487865718, 6.298189552341257880 ) ) ;
#5064 = CARTESIAN_POINT ( 'NONE',  ( 1.662041016787803249, -1.662041016787812797, -7.750000000000000000 ) ) ;
#5065 = CARTESIAN_POINT ( 'NONE',  ( -3.054126587736539111, 1.265060653844728433, 6.218750000000001776 ) ) ;
#5066 = ORIENTED_EDGE ( 'NONE', *, *, #4671, .F. ) ;
#5067 = CARTESIAN_POINT ( 'NONE',  ( 0.9736010864139278409, 2.350480947161670997, -10.56249999999999822 ) ) ;
#5068 = CARTESIAN_POINT ( 'NONE',  ( 0.000000000000000000, 2.350480947161671441, -6.375000000000000000 ) ) ;
#5069 = CARTESIAN_POINT ( 'NONE',  ( 2.499999999999997780, -1.443375672974062329, 10.00000000000000178 ) ) ;
#5070 = CARTESIAN_POINT ( 'NONE',  ( -3.673940397442070715E-16, -3.000000000000017764, 0.5000000000000004441 ) ) ;
#5071 = CARTESIAN_POINT ( 'NONE',  ( 2.434562618139089807, 0.1758710095337199519, -12.56543738186092085 ) ) ;
#5072 = ORIENTED_EDGE ( 'NONE', *, *, #4358, .F. ) ;
#5073 = CARTESIAN_POINT ( 'NONE',  ( 1.265060653844736427, -3.054126587736549769, -8.406249999999998224 ) ) ;
#5074 = ORIENTED_EDGE ( 'NONE', *, *, #5184, .T. ) ;
#5075 = CARTESIAN_POINT ( 'NONE',  ( -3.000000000000009326, -8.929207216678438350E-15, 0.2500000000000002220 ) ) ;
#5076 = CARTESIAN_POINT ( 'NONE',  ( 0.5847148103291780474, 2.525880331002239743, 5.726064179828908252 ) ) ;
#5077 = CARTESIAN_POINT ( 'NONE',  ( 1.242640687119288767, -3.000000000000019540, 2.562500000000000444 ) ) ;
#5078 = CARTESIAN_POINT ( 'NONE',  ( -2.159593620790638546, 2.159593620790629220, 6.218749999999998224 ) ) ;
#5079 = CARTESIAN_POINT ( 'NONE',  ( 2.350480947161680323, -0.9736010864139368337, -4.812500000000000000 ) ) ;
#5080 = CARTESIAN_POINT ( 'NONE',  ( 1.662041016787803249, -1.662041016787812797, 4.125000000000001776 ) ) ;
#5081 = CARTESIAN_POINT ( 'NONE',  ( 2.350480947161680323, -9.544680581810301090E-15, 1.375000000000001332 ) ) ;
#5082 = CARTESIAN_POINT ( 'NONE',  ( 3.000000000000003109, -2.451531608718105295E-15, -13.00000000000000178 ) ) ;
#5083 = CARTESIAN_POINT ( 'NONE',  ( 1.662041016787803693, 1.662041016787793923, 1.375000000000001332 ) ) ;
#5084 = DIRECTION ( 'NONE',  ( -0.000000000000000000, -0.000000000000000000, -1.000000000000000000 ) ) ;
#5085 = CARTESIAN_POINT ( 'NONE',  ( 0.9736010864139278409, 2.350480947161670997, -9.437500000000000000 ) ) ;
#5086 = CARTESIAN_POINT ( 'NONE',  ( 0.000000000000000000, 3.054126587736530674, -7.906250000000001776 ) ) ;
#5087 = CARTESIAN_POINT ( 'NONE',  ( -2.878508968398391083E-16, -2.350480947161689649, -13.00000000000000000 ) ) ;
#5088 = ADVANCED_FACE ( 'NONE', ( #4805 ), #4388, .T. ) ;
#5089 =( BOUNDED_CURVE ( )  B_SPLINE_CURVE ( 2, ( #2265, #5234, #3473, #950, #2710, #134, #3072, #2684, #2657 ),
 .UNSPECIFIED., .F., .F. ) 
 B_SPLINE_CURVE_WITH_KNOTS ( ( 3, 2, 2, 2, 3 ),
 ( 0.6309523809523810423, 0.6369047619047619735, 0.6428571428571427937, 0.6488095238095238360, 0.6547619047619047672 ),
 .UNSPECIFIED. ) 
 CURVE ( )  GEOMETRIC_REPRESENTATION_ITEM ( )  RATIONAL_B_SPLINE_CURVE ( ( 0.9999999999999985567, 0.9238795325112880708, 1.000000000000000000, 0.9238795325112866275, 1.000000000000000000, 0.9238795325112866275, 1.000000000000000000, 0.9238795325112866275, 1.000000000000000000 ) ) 
 REPRESENTATION_ITEM ( '' )  );
#5090 = CYLINDRICAL_SURFACE ( 'NONE', #4164, 3.000000000000003109 ) ;
#5091 = CARTESIAN_POINT ( 'NONE',  ( -1.662041016787803249, 1.662041016787794367, -6.249999999999999112 ) ) ;
#5092 = CARTESIAN_POINT ( 'NONE',  ( 0.000000000000000000, 3.054126587736530229, 7.031250000000002665 ) ) ;
#5093 = CARTESIAN_POINT ( 'NONE',  ( 2.350480947161680323, -0.9736010864139368337, -10.81250000000000000 ) ) ;
#5094 = CARTESIAN_POINT ( 'NONE',  ( -0.9736010864139263976, 2.350480947161671441, -0.3125000000000002776 ) ) ;
#5095 = CARTESIAN_POINT ( 'NONE',  ( 3.188959454956771911, 0.000000000000000000, 13.00000000000000178 ) ) ;
#5096 = CARTESIAN_POINT ( 'NONE',  ( -7.135301363302722722E-18, 2.886751345948126879, 12.82552006691257240 ) ) ;
#5097 = CARTESIAN_POINT ( 'NONE',  ( -3.188959454956771911, 3.905348989123498551E-16, 13.00000000000000178 ) ) ;
#5098 = ORIENTED_EDGE ( 'NONE', *, *, #2235, .T. ) ;
#5099 = CARTESIAN_POINT ( 'NONE',  ( -3.054126587736539111, 1.265060653844728433, -8.781249999999998224 ) ) ;
#5100 = ORIENTED_EDGE ( 'NONE', *, *, #290, .T. ) ;
#5101 = CARTESIAN_POINT ( 'NONE',  ( -3.000000000000009326, -8.929207216678438350E-15, 2.250000000000000444 ) ) ;
#5102 = CARTESIAN_POINT ( 'NONE',  ( 0.000000000000000000, 3.000000000000000444, -4.875000000000000000 ) ) ;
#5103 = CARTESIAN_POINT ( 'NONE',  ( -3.673940397442070715E-16, -3.000000000000017764, -3.499999999999999556 ) ) ;
#5104 = CARTESIAN_POINT ( 'NONE',  ( -3.740226349862381542E-16, -3.054126587736548881, 6.593749999999999112 ) ) ;
#5105 = CARTESIAN_POINT ( 'NONE',  ( 1.662041016787803693, 1.662041016787793923, -2.624999999999998668 ) ) ;
#5106 = CARTESIAN_POINT ( 'NONE',  ( -0.9736010864139266197, -2.350480947161689649, 2.937500000000001776 ) ) ;
#5107 = CARTESIAN_POINT ( 'NONE',  ( 0.9736010864139278409, 2.350480947161670997, 2.562500000000000444 ) ) ;
#5108 = CARTESIAN_POINT ( 'NONE',  ( 0.000000000000000000, -2.818925648462311528E-15, -12.00000000000000000 ) ) ;
#5109 = CARTESIAN_POINT ( 'NONE',  ( 0.000000000000000000, 2.350480947161671441, 3.500000000000001332 ) ) ;
#5110 = DIRECTION ( 'NONE',  ( -0.000000000000000000, -0.000000000000000000, -1.000000000000000000 ) ) ;
#5111 = CARTESIAN_POINT ( 'NONE',  ( 1.662041016787803249, -1.662041016787812797, -11.75000000000000000 ) ) ;
#5112 = CARTESIAN_POINT ( 'NONE',  ( -1.265060653844737537, 3.054126587736531118, -5.843750000000001776 ) ) ;
#5113 = CARTESIAN_POINT ( 'NONE',  ( 2.350480947161680323, 0.9736010864139177379, 5.437499999999999112 ) ) ;
#5114 = CC_DESIGN_PERSON_AND_ORGANIZATION_ASSIGNMENT ( #2989, #4698, ( #4292 ) ) ;
#5115 = EDGE_CURVE ( 'NONE', #1493, #1452, #2210, .T. ) ;
#5116 = CARTESIAN_POINT ( 'NONE',  ( -2.558884256669009094, 1.228116570582854505, 6.400252543355846591 ) ) ;
#5117 =( BOUNDED_CURVE ( )  B_SPLINE_CURVE ( 2, ( #4938, #714, #2818, #741, #2898, #4998, #2872, #4523, #2398 ),
 .UNSPECIFIED., .F., .F. ) 
 B_SPLINE_CURVE_WITH_KNOTS ( ( 3, 2, 2, 2, 3 ),
 ( 0.3214285714285713969, 0.3273809523809523281, 0.3333333333333332593, 0.3392857142857143016, 0.3452380952380952328 ),
 .UNSPECIFIED. ) 
 CURVE ( )  GEOMETRIC_REPRESENTATION_ITEM ( )  RATIONAL_B_SPLINE_CURVE ( ( 1.000000000000000666, 0.9238795325112860723, 1.000000000000000000, 0.9238795325112867385, 1.000000000000000000, 0.9238795325112867385, 1.000000000000000000, 0.9238795325112867385, 1.000000000000000000 ) ) 
 REPRESENTATION_ITEM ( '' )  );
#5118 = CARTESIAN_POINT ( 'NONE',  ( -3.740226349862381049E-16, -3.054126587736548437, 7.531250000000003553 ) ) ;
#5119 = CARTESIAN_POINT ( 'NONE',  ( 2.350480947161680323, -9.544680581810301090E-15, -5.750000000000000000 ) ) ;
#5120 = COORDINATED_UNIVERSAL_TIME_OFFSET ( 6, 0, .BEHIND. ) ;
#5121 = CARTESIAN_POINT ( 'NONE',  ( -2.878508968398391083E-16, -2.350480947161689649, -1.875000000000000000 ) ) ;
#5122 = LINE ( 'NONE', #837, #4588 ) ;
#5123 = CARTESIAN_POINT ( 'NONE',  ( 0.4612017646178288022, -2.814054115553854984, 6.435969993543601220 ) ) ;
#5124 = CARTESIAN_POINT ( 'NONE',  ( 0.000000000000000000, -2.818925648462311528E-15, -13.00000000000000178 ) ) ;
#5125 = ORIENTED_EDGE ( 'NONE', *, *, #18, .T. ) ;
#5126 = CARTESIAN_POINT ( 'NONE',  ( 2.159593620790638102, -2.159593620790647428, -3.343749999999997780 ) ) ;
#5127 = AXIS2_PLACEMENT_3D ( 'NONE', #4951, #1039, #4112 ) ;
#5128 = EDGE_LOOP ( 'NONE', ( #1908, #4047, #1324, #1797, #2662, #4538, #3454 ) ) ;
#5129 = DIRECTION ( 'NONE',  ( -1.000000000000000000, 0.000000000000000000, 0.000000000000000000 ) ) ;
#5130 = CARTESIAN_POINT ( 'NONE',  ( -2.121320343559649491, 2.121320343559640165, 3.250000000000000888 ) ) ;
#5131 = CARTESIAN_POINT ( 'NONE',  ( -0.7184349058615949746, -2.237992843824517575, 5.075889215912897434 ) ) ;
#5132 = CARTESIAN_POINT ( 'NONE',  ( 0.000000000000000000, 3.054126587736530674, 7.093749999999999112 ) ) ;
#5133 = CARTESIAN_POINT ( 'NONE',  ( 2.350480947161680323, 0.9736010864139177379, -0.6874999999999987788 ) ) ;
#5134 = CARTESIAN_POINT ( 'NONE',  ( -2.350480947161680323, 0.9736010864139172938, 3.687500000000001776 ) ) ;
#5135 = CARTESIAN_POINT ( 'NONE',  ( -1.662041016787803249, 1.662041016787794367, 6.750000000000000888 ) ) ;
#5136 = CARTESIAN_POINT ( 'NONE',  ( 3.000000000000009770, -9.663995296166853972E-15, 1.874999999999999778 ) ) ;
#5137 = CARTESIAN_POINT ( 'NONE',  ( -1.662041016787803471, -1.662041016787812353, 3.875000000000001776 ) ) ;
#5138 = FACE_OUTER_BOUND ( 'NONE', #4954, .T. ) ;
#5139 = CARTESIAN_POINT ( 'NONE',  ( 1.662041016787803249, -1.662041016787812797, -7.750000000000000000 ) ) ;
#5140 = ADVANCED_FACE ( 'NONE', ( #4752 ), #2601, .T. ) ;
#5141 = CARTESIAN_POINT ( 'NONE',  ( -3.740226349862381542E-16, -3.054126587736548881, -7.406250000000001776 ) ) ;
#5142 = CARTESIAN_POINT ( 'NONE',  ( 0.000000000000000000, 2.350480947161671441, -12.50000000000000000 ) ) ;
#5143 = CARTESIAN_POINT ( 'NONE',  ( 0.000000000000000000, 2.350480947161671441, -7.500000000000000000 ) ) ;
#5144 = CARTESIAN_POINT ( 'NONE',  ( 3.000000000000009770, -9.663995296166853972E-15, 3.875000000000001776 ) ) ;
#5145 = CIRCLE ( 'NONE', #1933, 0.2999999999999999334 ) ;
#5146 = CARTESIAN_POINT ( 'NONE',  ( -0.9736010864139263976, 2.350480947161671441, -12.31250000000000000 ) ) ;
#5147 = CARTESIAN_POINT ( 'NONE',  ( -0.9736010864139263976, 2.350480947161671441, -7.437500000000000000 ) ) ;
#5148 = ADVANCED_FACE ( 'NONE', ( #3915 ), #4305, .T. ) ;
#5149 = DATE_AND_TIME ( #1790, #1342 ) ;
#5150 = VECTOR ( 'NONE', #3057, 1000.000000000000000 ) ;
#5151 =( BOUNDED_CURVE ( )  B_SPLINE_CURVE ( 2, ( #904, #4764, #932, #4347, #229 ),
 .UNSPECIFIED., .F., .F. ) 
 B_SPLINE_CURVE_WITH_KNOTS ( ( 3, 2, 3 ),
 ( 0.9404761904761905766, 0.9464285714285712858, 0.9523809523809521060 ),
 .UNSPECIFIED. ) 
 CURVE ( )  GEOMETRIC_REPRESENTATION_ITEM ( )  RATIONAL_B_SPLINE_CURVE ( ( 0.9999999999999985567, 0.9238795325112880708, 1.000000000000000000, 0.9238795325112895140, 0.9999999999999971134 ) ) 
 REPRESENTATION_ITEM ( '' )  );
#5152 = CARTESIAN_POINT ( 'NONE',  ( 0.9736010864139259535, -2.350480947161690537, -0.8124999999999990008 ) ) ;
#5153 = DIRECTION ( 'NONE',  ( 0.000000000000000000, 0.000000000000000000, -1.000000000000000000 ) ) ;
#5154 = CARTESIAN_POINT ( 'NONE',  ( -3.000000000000009326, -8.929207216678438350E-15, -0.7499999999999988898 ) ) ;
#5155 = ORIENTED_EDGE ( 'NONE', *, *, #1085, .F. ) ;
#5156 = CARTESIAN_POINT ( 'NONE',  ( 2.159593620790638102, -2.159593620790647428, -5.343749999999998224 ) ) ;
#5157 = ORIENTED_EDGE ( 'NONE', *, *, #5390, .T. ) ;
#5158 = CARTESIAN_POINT ( 'NONE',  ( -0.7870908903007257651, -2.498543256009507108, 5.799716028615884866 ) ) ;
#5159 = CARTESIAN_POINT ( 'NONE',  ( -3.050799999999992185, -9.107298248878237246E-15, 7.000000000000002665 ) ) ;
#5160 = CARTESIAN_POINT ( 'NONE',  ( 3.000000000000009326, -9.663995296166853972E-15, 3.750000000000001776 ) ) ;
#5161 = CARTESIAN_POINT ( 'NONE',  ( 1.265060653844736649, -3.054126587736549769, 4.656249999999996447 ) ) ;
#5162 = CARTESIAN_POINT ( 'NONE',  ( -2.878508968398391083E-16, -2.350480947161689649, 3.000000000000000888 ) ) ;
#5163 = CARTESIAN_POINT ( 'NONE',  ( -0.9736010864139263976, 2.350480947161671441, 4.562500000000000000 ) ) ;
#5164 = CARTESIAN_POINT ( 'NONE',  ( 0.000000000000000000, 2.999999999999999556, 3.000000000000000888 ) ) ;
#5165 = CARTESIAN_POINT ( 'NONE',  ( -2.544448166300662617, 0.5190311091143557931, -12.41601360262141540 ) ) ;
#5166 = CARTESIAN_POINT ( 'NONE',  ( -0.9736010864139263976, 2.350480947161671441, 2.562500000000000444 ) ) ;
#5167 = CARTESIAN_POINT ( 'NONE',  ( 2.800914631928524745, 0.9577754358046806082, -12.04616269164464271 ) ) ;
#5168 = CARTESIAN_POINT ( 'NONE',  ( -1.265060653844737537, 3.054126587736531118, -6.843750000000000888 ) ) ;
#5169 = CARTESIAN_POINT ( 'NONE',  ( 1.662041016787803693, 1.662041016787793923, -10.62499999999999822 ) ) ;
#5170 = CARTESIAN_POINT ( 'NONE',  ( 1.662041016787803249, -1.662041016787812797, -8.875000000000001776 ) ) ;
#5171 = CARTESIAN_POINT ( 'NONE',  ( -2.192007571771126262, -1.889773794813012886, 6.553334450707652081 ) ) ;
#5172 = CARTESIAN_POINT ( 'NONE',  ( -3.054126587736539111, 1.265060653844728433, 7.218750000000002665 ) ) ;
#5173 = CARTESIAN_POINT ( 'NONE',  ( -0.9736010864139263976, 2.350480947161671441, -6.437500000000000000 ) ) ;
#5174 = CARTESIAN_POINT ( 'NONE',  ( 2.350480947161680323, 0.9736010864139177379, -1.562499999999999556 ) ) ;
#5175 = CARTESIAN_POINT ( 'NONE',  ( 5.000000000000000000, -2.206602248888634604E-15, -13.00000000000000178 ) ) ;
#5176 = CARTESIAN_POINT ( 'NONE',  ( -0.6447293177171145029, -2.748791875214949609, 6.358491538739949434 ) ) ;
#5177 = CARTESIAN_POINT ( 'NONE',  ( 3.000000000000008882, -1.242640687119300091, -1.187499999999999334 ) ) ;
#5178 = ORIENTED_EDGE ( 'NONE', *, *, #3636, .T. ) ;
#5179 = CARTESIAN_POINT ( 'NONE',  ( -3.054126587736539111, -1.265060653844746197, -2.656249999999996891 ) ) ;
#5180 = ORIENTED_EDGE ( 'NONE', *, *, #2372, .F. ) ;
#5181 = CARTESIAN_POINT ( 'NONE',  ( 2.288193633020985107, 0.8007993821128632783, 5.263847648174136751 ) ) ;
#5182 = FACE_OUTER_BOUND ( 'NONE', #2969, .T. ) ;
#5183 = CARTESIAN_POINT ( 'NONE',  ( 3.000000000000017319, 1.242640687119272114, 3.812500000000001332 ) ) ;
#5184 = EDGE_CURVE ( 'NONE', #2271, #4835, #1197, .T. ) ;
#5185 = CARTESIAN_POINT ( 'NONE',  ( -2.499999999999997780, 3.061616977806225934E-16, 12.60222907321997177 ) ) ;
#5186 = CARTESIAN_POINT ( 'NONE',  ( -2.350480947161680767, -0.9736010864139355014, -0.1875000000000001665 ) ) ;
#5187 = CARTESIAN_POINT ( 'NONE',  ( -3.000000000000008438, -1.242640687119298093, -9.687500000000001776 ) ) ;
#5188 = CARTESIAN_POINT ( 'NONE',  ( 3.000000000000017319, 1.242640687119272114, 2.812500000000000000 ) ) ;
#5189 = CARTESIAN_POINT ( 'NONE',  ( -4.700000000000001066, -2.602085213965210642E-15, 7.300000000000000711 ) ) ;
#5190 = CARTESIAN_POINT ( 'NONE',  ( -2.350480947161680767, -0.9736010864139355014, 6.812500000000001776 ) ) ;
#5191 = CARTESIAN_POINT ( 'NONE',  ( 1.242640687119291210, 2.999999999999999556, -1.937500000000000222 ) ) ;
#5192 = CARTESIAN_POINT ( 'NONE',  ( -3.054126587736539999, -8.925892919057422291E-15, -2.656250000000002220 ) ) ;
#5193 = CARTESIAN_POINT ( 'NONE',  ( 2.350480947161680323, 0.9736010864139177379, -11.68750000000000000 ) ) ;
#5194 = CARTESIAN_POINT ( 'NONE',  ( -2.350480947161680323, -0.9736010864139353904, -7.187499999999999112 ) ) ;
#5195 = CARTESIAN_POINT ( 'NONE',  ( -1.662041016787803249, 1.662041016787794367, -0.2500000000000002220 ) ) ;
#5196 = CARTESIAN_POINT ( 'NONE',  ( -1.242640687119289433, 3.000000000000000888, -9.812500000000000000 ) ) ;
#5197 = CARTESIAN_POINT ( 'NONE',  ( -1.662041016787803249, 1.662041016787794367, -13.25000000000000000 ) ) ;
#5198 = CARTESIAN_POINT ( 'NONE',  ( -0.9736010864139266197, -2.350480947161689649, -5.062500000000000888 ) ) ;
#5199 = PERSON_AND_ORGANIZATION_ROLE ( 'creator' ) ;
#5200 = EDGE_CURVE ( 'NONE', #1691, #3503, #3018, .T. ) ;
#5201 = CARTESIAN_POINT ( 'NONE',  ( -2.350480947161680767, 0.9736010864139172938, -1.187499999999999334 ) ) ;
#5202 = DIRECTION ( 'NONE',  ( -0.000000000000000000, -0.000000000000000000, -1.000000000000000000 ) ) ;
#5203 = CARTESIAN_POINT ( 'NONE',  ( -3.000000000000008438, 1.242640687119280329, -9.812499999999998224 ) ) ;
#5204 = CARTESIAN_POINT ( 'NONE',  ( -3.000000000000017764, -1.242640687119289211, 1.312500000000000444 ) ) ;
#5205 = ORIENTED_EDGE ( 'NONE', *, *, #2926, .F. ) ;
#5206 = CARTESIAN_POINT ( 'NONE',  ( 2.159593620790638102, -2.159593620790647428, -2.343749999999996891 ) ) ;
#5207 = ORIENTED_EDGE ( 'NONE', *, *, #2821, .T. ) ;
#5208 = CARTESIAN_POINT ( 'NONE',  ( 1.809364572359680290, 1.642352253700025022, 5.316978086054267472 ) ) ;
#5209 = CARTESIAN_POINT ( 'NONE',  ( -3.000000000000003109, -2.818925648462311528E-15, -13.00000000000000178 ) ) ;
#5210 = CARTESIAN_POINT ( 'NONE',  ( -3.740226349862381049E-16, -3.054126587736548437, -11.46874999999999822 ) ) ;
#5211 = CARTESIAN_POINT ( 'NONE',  ( 1.242640687119288767, -3.000000000000019540, -10.31249999999999822 ) ) ;
#5212 = CARTESIAN_POINT ( 'NONE',  ( 2.350480947161680323, -9.544680581810301090E-15, 1.250000000000001110 ) ) ;
#5213 = CARTESIAN_POINT ( 'NONE',  ( -1.242640687119289655, -3.000000000000018652, -9.562500000000001776 ) ) ;
#5214 = AXIS2_PLACEMENT_3D ( 'NONE', #986, #4841, #3951 ) ;
#5215 = CARTESIAN_POINT ( 'NONE',  ( 0.9736010864139259535, -2.350480947161690537, 7.187500000000000888 ) ) ;
#5216 = EDGE_CURVE ( 'NONE', #1970, #4756, #105, .T. ) ;
#5217 = CARTESIAN_POINT ( 'NONE',  ( 0.000000000000000000, 2.999999999999999556, -2.000000000000000000 ) ) ;
#5218 = CARTESIAN_POINT ( 'NONE',  ( -1.662041016787803471, -1.662041016787812353, 4.874999999999999112 ) ) ;
#5219 = CARTESIAN_POINT ( 'NONE',  ( 3.000000000000009770, -9.663995296166853972E-15, -9.125000000000000000 ) ) ;
#5220 = EDGE_CURVE ( 'NONE', #1634, #2470, #50, .T. ) ;
#5221 = CARTESIAN_POINT ( 'NONE',  ( -1.265060653844737759, -3.054126587736549769, -4.468750000000002665 ) ) ;
#5222 = CARTESIAN_POINT ( 'NONE',  ( -1.662041016787803471, -1.662041016787812353, -12.12500000000000000 ) ) ;
#5223 = CARTESIAN_POINT ( 'NONE',  ( 1.662041016787803249, -1.662041016787812797, -2.874999999999999112 ) ) ;
#5224 = CARTESIAN_POINT ( 'NONE',  ( 2.350480947161680323, -9.544680581810301090E-15, 1.375000000000001332 ) ) ;
#5225 = ORIENTED_EDGE ( 'NONE', *, *, #663, .T. ) ;
#5226 = CYLINDRICAL_SURFACE ( 'NONE', #945, 3.000000000000003109 ) ;
#5227 = CONICAL_SURFACE ( 'NONE', #1931, 3.050799999999992185, 0.3490658503988666728 ) ;
#5228 = CARTESIAN_POINT ( 'NONE',  ( -0.9736010864139266197, -2.350480947161689649, -8.937500000000000000 ) ) ;
#5229 = CIRCLE ( 'NONE', #4161, 3.188959454956771911 ) ;
#5230 = CARTESIAN_POINT ( 'NONE',  ( 1.662041016787803693, 1.662041016787793923, -6.625000000000000000 ) ) ;
#5231 = APPROVAL_ROLE ( '' ) ;
#5232 = VECTOR ( 'NONE', #4713, 1000.000000000000000 ) ;
#5233 = CARTESIAN_POINT ( 'NONE',  ( -1.662041016787803249, 1.662041016787794367, 3.750000000000001776 ) ) ;
#5234 = CARTESIAN_POINT ( 'NONE',  ( 2.999999999999990674, -1.242640687119317633, -5.312500000000000000 ) ) ;
#5235 = CARTESIAN_POINT ( 'NONE',  ( 1.662041016787803693, 1.662041016787793923, -11.50000000000000000 ) ) ;
#5236 = CARTESIAN_POINT ( 'NONE',  ( 3.000000000000003109, -2.451531608718105295E-15, -13.00000000000000178 ) ) ;
#5237 = ORIENTED_EDGE ( 'NONE', *, *, #4623, .T. ) ;
#5238 = CARTESIAN_POINT ( 'NONE',  ( 1.265060653844739091, 3.054126587736529341, -3.031249999999997780 ) ) ;
#5239 = EDGE_LOOP ( 'NONE', ( #2773, #2110, #4799, #1854 ) ) ;
#5240 = CARTESIAN_POINT ( 'NONE',  ( 2.999999999999988454, -1.242640687119320075, 5.687499999999999112 ) ) ;
#5241 = CARTESIAN_POINT ( 'NONE',  ( -2.499999999999997780, -1.443375672974062995, 12.82552006691257240 ) ) ;
#5242 = CARTESIAN_POINT ( 'NONE',  ( 2.159593620790638102, -2.159593620790647428, -12.34374999999999645 ) ) ;
#5243 = CARTESIAN_POINT ( 'NONE',  ( 1.662041016787803693, 1.662041016787793923, -4.499999999999999112 ) ) ;
#5244 = CARTESIAN_POINT ( 'NONE',  ( -1.242640687119289655, -3.000000000000019096, -10.43750000000000000 ) ) ;
#5245 = CARTESIAN_POINT ( 'NONE',  ( -2.350480947161680323, -8.968978788130623169E-15, 1.749999999999999778 ) ) ;
#5246 = CARTESIAN_POINT ( 'NONE',  ( 2.350480947161680323, -9.544680581810301090E-15, 5.375000000000000000 ) ) ;
#5247 = DIRECTION ( 'NONE',  ( 0.3420201433256694901, -4.188538737677001009E-17, 0.9396926207859082059 ) ) ;
#5248 = CARTESIAN_POINT ( 'NONE',  ( -2.350480947161680767, -0.9736010864139355014, 4.812500000000000000 ) ) ;
#5249 = LINE ( 'NONE', #3625, #1117 ) ;
#5250 = CARTESIAN_POINT ( 'NONE',  ( -3.054126587736539999, -8.925892919057422291E-15, -3.656250000000001332 ) ) ;
#5251 = CARTESIAN_POINT ( 'NONE',  ( 2.350480947161680323, -0.9736010864139368337, -12.81249999999999822 ) ) ;
#5252 = CARTESIAN_POINT ( 'NONE',  ( -1.662041016787803249, 1.662041016787794367, -5.375000000000000000 ) ) ;
#5253 = CARTESIAN_POINT ( 'NONE',  ( -2.878508968398391083E-16, -2.350480947161689649, 2.125000000000000000 ) ) ;
#5254 = VERTEX_POINT ( 'NONE', #1767 ) ;
#5255 = CARTESIAN_POINT ( 'NONE',  ( -3.000000000000009770, -8.929207216678438350E-15, -8.624999999999998224 ) ) ;
#5256 = EDGE_CURVE ( 'NONE', #1212, #500, #4115, .T. ) ;
#5257 = CARTESIAN_POINT ( 'NONE',  ( 2.350480947161680323, 0.9736010864139177379, -10.56249999999999822 ) ) ;
#5258 = CARTESIAN_POINT ( 'NONE',  ( 2.350480947161680323, -0.9736010864139368337, 0.3125000000000002776 ) ) ;
#5259 = CARTESIAN_POINT ( 'NONE',  ( 0.000000000000000000, -9.107298248878237246E-15, 7.000000000000002665 ) ) ;
#5260 = CARTESIAN_POINT ( 'NONE',  ( -2.121320343559649491, -2.121320343559658372, 4.499999999999998224 ) ) ;
#5261 = CARTESIAN_POINT ( 'NONE',  ( 2.121320343559649935, 2.121320343559639721, -11.00000000000000178 ) ) ;
#5262 = VERTEX_POINT ( 'NONE', #1960 ) ;
#5263 = CARTESIAN_POINT ( 'NONE',  ( -3.054126587736539111, -1.265060653844746197, 1.343750000000003331 ) ) ;
#5264 = ORIENTED_EDGE ( 'NONE', *, *, #3, .T. ) ;
#5265 = CARTESIAN_POINT ( 'NONE',  ( 2.610138822026860872, -0.6791141727849113741, 6.013104672029290221 ) ) ;
#5266 =( BOUNDED_CURVE ( )  B_SPLINE_CURVE ( 2, ( #1288, #2991, #866, #2577, #2159, #392, #1689, #4619, #336 ),
 .UNSPECIFIED., .F., .F. ) 
 B_SPLINE_CURVE_WITH_KNOTS ( ( 3, 2, 2, 2, 3 ),
 ( 0.5357142857142856984, 0.5416666666666666297, 0.5476190476190476719, 0.5535714285714286031, 0.5595238095238095344 ),
 .UNSPECIFIED. ) 
 CURVE ( )  GEOMETRIC_REPRESENTATION_ITEM ( )  RATIONAL_B_SPLINE_CURVE ( ( 1.000000000000000000, 0.9238795325112867385, 1.000000000000000000, 0.9238795325112867385, 1.000000000000000000, 0.9238795325112867385, 1.000000000000000000, 0.9238795325112867385, 1.000000000000000000 ) ) 
 REPRESENTATION_ITEM ( '' )  );
#5267 = CARTESIAN_POINT ( 'NONE',  ( -2.121320343559649491, 2.121320343559640165, -8.749999999999998224 ) ) ;
#5268 = CARTESIAN_POINT ( 'NONE',  ( -2.159593620790638102, 2.159593620790629220, -11.84374999999999645 ) ) ;
#5269 = CARTESIAN_POINT ( 'NONE',  ( -2.350480947161680323, -0.9736010864139353904, -3.062499999999999112 ) ) ;
#5270 = CYLINDRICAL_SURFACE ( 'NONE', #471, 3.000000000000003109 ) ;
#5271 = CARTESIAN_POINT ( 'NONE',  ( 0.000000000000000000, 2.350480947161671441, 3.500000000000001332 ) ) ;
#5272 = CARTESIAN_POINT ( 'NONE',  ( -3.000000000000003109, -2.818925648462311528E-15, -13.00000000000000178 ) ) ;
#5273 = CARTESIAN_POINT ( 'NONE',  ( -3.000000000000009326, -8.929207216678438350E-15, 5.249999999999998224 ) ) ;
#5274 = CARTESIAN_POINT ( 'NONE',  ( -2.350480947161680323, -8.968978788130623169E-15, 6.750000000000000888 ) ) ;
#5275 = DIRECTION ( 'NONE',  ( -0.000000000000000000, -0.000000000000000000, 1.000000000000000000 ) ) ;
#5276 = VERTEX_POINT ( 'NONE', #4023 ) ;
#5277 = CARTESIAN_POINT ( 'NONE',  ( 3.054126587736539111, 1.265060653844729099, -4.093750000000001776 ) ) ;
#5278 = CARTESIAN_POINT ( 'NONE',  ( -2.350480947161680323, -8.968978788130623169E-15, -7.249999999999999112 ) ) ;
#5279 = CARTESIAN_POINT ( 'NONE',  ( -2.350480947161680323, 0.9736010864139172938, -2.312500000000000888 ) ) ;
#5280 = CC_DESIGN_SECURITY_CLASSIFICATION ( #5544, ( #4292 ) ) ;
#5281 = CARTESIAN_POINT ( 'NONE',  ( 1.662041016787803249, -1.662041016787812797, -0.7499999999999988898 ) ) ;
#5282 = CARTESIAN_POINT ( 'NONE',  ( 0.000000000000000000, 2.350480947161671441, -0.3749999999999986122 ) ) ;
#5283 = ORIENTED_EDGE ( 'NONE', *, *, #1444, .F. ) ;
#5284 = CARTESIAN_POINT ( 'NONE',  ( 0.000000000000000000, 3.000000000000000444, -9.875000000000000000 ) ) ;
#5285 = CARTESIAN_POINT ( 'NONE',  ( 2.350480947161680323, -9.544680581810301090E-15, -9.625000000000000000 ) ) ;
#5286 = ADVANCED_FACE ( 'NONE', ( #666 ), #4917, .T. ) ;
#5287 = CARTESIAN_POINT ( 'NONE',  ( 0.9736010864139278409, 2.350480947161670997, 3.562500000000002220 ) ) ;
#5288 = CARTESIAN_POINT ( 'NONE',  ( 2.999999999999999556, -1.242640687119309195, -6.187500000000000888 ) ) ;
#5289 = CARTESIAN_POINT ( 'NONE',  ( -2.723439536761683488, -0.1848070821260953678, 6.100584519233977154 ) ) ;
#5290 = CARTESIAN_POINT ( 'NONE',  ( 1.242640687119288767, -3.000000000000019540, -2.437499999999998224 ) ) ;
#5291 = ORIENTED_EDGE ( 'NONE', *, *, #4325, .F. ) ;
#5292 = CARTESIAN_POINT ( 'NONE',  ( -3.054126587736539555, -8.925892919057422291E-15, -0.7187499999999971134 ) ) ;
#5293 = VERTEX_POINT ( 'NONE', #1905 ) ;
#5294 = FACE_OUTER_BOUND ( 'NONE', #842, .T. ) ;
#5295 = CARTESIAN_POINT ( 'NONE',  ( 3.000000000000009326, -9.663995296166853972E-15, -4.249999999999998224 ) ) ;
#5296 = CARTESIAN_POINT ( 'NONE',  ( 2.350480947161679435, 0.9736010864139177379, -4.562500000000000000 ) ) ;
#5297 = CARTESIAN_POINT ( 'NONE',  ( 3.000000000000007994, -1.242640687119299869, 4.687500000000003553 ) ) ;
#5298 = CARTESIAN_POINT ( 'NONE',  ( 2.350480947161680323, 0.9736010864139177379, 5.312499999999999112 ) ) ;
#5299 = CARTESIAN_POINT ( 'NONE',  ( -3.673940397442071701E-16, -3.000000000000018652, -7.375000000000000000 ) ) ;
#5300 = CARTESIAN_POINT ( 'NONE',  ( -2.999999999999982236, 1.242640687119306975, 5.187499999999997335 ) ) ;
#5301 = ORIENTED_EDGE ( 'NONE', *, *, #290, .F. ) ;
#5302 =( BOUNDED_CURVE ( )  B_SPLINE_CURVE ( 2, ( #2478, #4991, #4515, #4542, #1583, #2029, #4959, #5020, #4094 ),
 .UNSPECIFIED., .F., .F. ) 
 B_SPLINE_CURVE_WITH_KNOTS ( ( 3, 2, 2, 2, 3 ),
 ( 0.8928571428571427937, 0.8988095238095237249, 0.9047619047619046562, 0.9107142857142856984, 0.9166666666666666297 ),
 .UNSPECIFIED. ) 
 CURVE ( )  GEOMETRIC_REPRESENTATION_ITEM ( )  RATIONAL_B_SPLINE_CURVE ( ( 1.000000000000001332, 0.9238795325112852952, 1.000000000000000000, 0.9238795325112867385, 1.000000000000000000, 0.9238795325112867385, 1.000000000000000000, 0.9238795325112867385, 1.000000000000000000 ) ) 
 REPRESENTATION_ITEM ( '' )  );
#5303 = EDGE_CURVE ( 'NONE', #4174, #528, #1647, .T. ) ;
#5304 = CARTESIAN_POINT ( 'NONE',  ( -1.242640687119289655, -3.000000000000018652, -11.56249999999999822 ) ) ;
#5305 = CARTESIAN_POINT ( 'NONE',  ( -2.350480947161680323, -8.968978788130623169E-15, 5.750000000000000000 ) ) ;
#5306 = DIRECTION ( 'NONE',  ( 0.000000000000000000, 0.000000000000000000, 1.000000000000000000 ) ) ;
#5307 = ORIENTED_EDGE ( 'NONE', *, *, #1816, .F. ) ;
#5308 = CARTESIAN_POINT ( 'NONE',  ( -3.054126587736539555, -1.265060653844746641, -2.593750000000002220 ) ) ;
#5309 = CARTESIAN_POINT ( 'NONE',  ( 0.9736010864139259535, -2.350480947161690537, -5.937500000000000000 ) ) ;
#5310 = CARTESIAN_POINT ( 'NONE',  ( 0.9736010864139258425, -2.350480947161690537, -4.937500000000000000 ) ) ;
#5311 = CARTESIAN_POINT ( 'NONE',  ( 2.350480947161680323, -0.9736010864139368337, 1.312500000000001110 ) ) ;
#5312 = CARTESIAN_POINT ( 'NONE',  ( 2.350480947161679435, -0.9736010864139368337, 1.312500000000001110 ) ) ;
#5313 = AXIS2_PLACEMENT_3D ( 'NONE', #1521, #2410, #644 ) ;
#5314 = ORIENTED_EDGE ( 'NONE', *, *, #2811, .T. ) ;
#5315 = CARTESIAN_POINT ( 'NONE',  ( -2.350480947161680323, -8.968978788130623169E-15, -13.12500000000000000 ) ) ;
#5316 = CARTESIAN_POINT ( 'NONE',  ( -2.350480947161680767, -0.9736010864139355014, -9.062499999999998224 ) ) ;
#5317 = CARTESIAN_POINT ( 'NONE',  ( 0.9736010864139259535, -2.350480947161690537, 3.187500000000001332 ) ) ;
#5318 = CARTESIAN_POINT ( 'NONE',  ( -2.350480947161680323, 0.9736010864139172938, -12.31250000000000000 ) ) ;
#5319 = CARTESIAN_POINT ( 'NONE',  ( -2.047705342841920739, -1.879674418516764423, 6.237584771755915192 ) ) ;
#5320 = CYLINDRICAL_SURFACE ( 'NONE', #231, 3.000000000000003109 ) ;
#5321 = ORIENTED_EDGE ( 'NONE', *, *, #1436, .F. ) ;
#5322 = CARTESIAN_POINT ( 'NONE',  ( 1.265060653844736427, -3.054126587736549769, -1.406249999999997558 ) ) ;
#5323 = EDGE_CURVE ( 'NONE', #703, #671, #1087, .T. ) ;
#5324 = ORIENTED_EDGE ( 'NONE', *, *, #1832, .T. ) ;
#5325 = CARTESIAN_POINT ( 'NONE',  ( 0.1042403860094813506, 2.479315747585620233, 5.421048053801678535 ) ) ;
#5326 = CARTESIAN_POINT ( 'NONE',  ( -1.265060653844737315, 3.054126587736530674, -9.906249999999998224 ) ) ;
#5327 = VECTOR ( 'NONE', #58, 1000.000000000000227 ) ;
#5328 = CARTESIAN_POINT ( 'NONE',  ( 0.9736010864139279519, 2.350480947161670997, -5.437500000000000000 ) ) ;
#5329 = DIRECTION ( 'NONE',  ( -1.000000000000000000, 0.000000000000000000, 0.000000000000000000 ) ) ;
#5330 = CARTESIAN_POINT ( 'NONE',  ( -2.878508968398391083E-16, -2.350480947161689649, 7.000000000000000888 ) ) ;
#5331 = DIRECTION ( 'NONE',  ( -0.000000000000000000, -0.000000000000000000, 1.000000000000000000 ) ) ;
#5332 = EDGE_LOOP ( 'NONE', ( #1055, #241, #26, #4985 ) ) ;
#5333 = AXIS2_PLACEMENT_3D ( 'NONE', #4983, #1151, #366 ) ;
#5334 = CARTESIAN_POINT ( 'NONE',  ( 2.949114434572658094, 2.482927081533379168E-11, 6.720621205103923579 ) ) ;
#5335 = CARTESIAN_POINT ( 'NONE',  ( -3.740226349862381542E-16, -3.054126587736548881, -10.40625000000000178 ) ) ;
#5336 = CARTESIAN_POINT ( 'NONE',  ( 3.000000000000003109, -2.451531608718105295E-15, -13.00000000000000178 ) ) ;
#5337 = CARTESIAN_POINT ( 'NONE',  ( -1.265060653844737537, 3.054126587736531118, 2.156249999999998224 ) ) ;
#5338 = CARTESIAN_POINT ( 'NONE',  ( 0.9736010864139259535, -2.350480947161690537, -6.937500000000000000 ) ) ;
#5339 = CARTESIAN_POINT ( 'NONE',  ( -0.9736010864139266197, -2.350480947161689649, -2.062500000000000000 ) ) ;
#5340 = CARTESIAN_POINT ( 'NONE',  ( -2.350480947161680323, -8.968978788130623169E-15, -0.1250000000000001110 ) ) ;
#5341 = CARTESIAN_POINT ( 'NONE',  ( 0.9736010864139258425, -2.350480947161690537, 4.187500000000001776 ) ) ;
#5342 = CARTESIAN_POINT ( 'NONE',  ( 0.9736010864139278409, 2.350480947161670997, -2.562499999999998668 ) ) ;
#5343 = ORIENTED_EDGE ( 'NONE', *, *, #1081, .F. ) ;
#5344 = CARTESIAN_POINT ( 'NONE',  ( -3.000000000000027089, 1.242640687119262788, -4.812499999999999112 ) ) ;
#5345 = CARTESIAN_POINT ( 'NONE',  ( -2.878508968398391083E-16, -2.350480947161689649, -7.875000000000000000 ) ) ;
#5346 = CARTESIAN_POINT ( 'NONE',  ( -2.350480947161680323, -0.9736010864139353904, -10.18750000000000000 ) ) ;
#5347 = CARTESIAN_POINT ( 'NONE',  ( 2.999999999999990674, -1.242640687119317855, 4.812499999999997335 ) ) ;
#5348 = DIRECTION ( 'NONE',  ( -0.000000000000000000, -0.000000000000000000, -1.000000000000000000 ) ) ;
#5349 = CARTESIAN_POINT ( 'NONE',  ( -2.159593620790638102, 2.159593620790629220, 2.156250000000001776 ) ) ;
#5350 = ORIENTED_EDGE ( 'NONE', *, *, #3426, .F. ) ;
#5351 = CARTESIAN_POINT ( 'NONE',  ( -1.696779797310095983, 1.861413420788923911, 5.523831021263156948 ) ) ;
#5352 = CARTESIAN_POINT ( 'NONE',  ( -2.350480947161680323, -0.9736010864139353904, -4.062500000000000000 ) ) ;
#5353 = CARTESIAN_POINT ( 'NONE',  ( 1.242640687119291210, 2.999999999999999556, 0.06249999999999995837 ) ) ;
#5354 = CARTESIAN_POINT ( 'NONE',  ( 0.9736010864139278409, 2.350480947161670997, 3.437500000000001776 ) ) ;
#5355 = CARTESIAN_POINT ( 'NONE',  ( -3.000000000000009326, -8.929207216678438350E-15, -8.749999999999998224 ) ) ;
#5356 = ORIENTED_EDGE ( 'NONE', *, *, #5115, .F. ) ;
#5357 = CARTESIAN_POINT ( 'NONE',  ( 2.743810820426867192, 1.172087075046101878, 6.802046993898247962 ) ) ;
#5358 = EDGE_CURVE ( 'NONE', #139, #1964, #3120, .T. ) ;
#5359 = CARTESIAN_POINT ( 'NONE',  ( 3.054126587736538667, -1.265060653844748195, -10.21875000000000178 ) ) ;
#5360 = CARTESIAN_POINT ( 'NONE',  ( 1.605710481222679897, -1.828687563371889313, 5.284017303974724911 ) ) ;
#5361 = CARTESIAN_POINT ( 'NONE',  ( 2.159593620790638546, -2.159593620790647872, 0.7187499999999988898 ) ) ;
#5362 = CARTESIAN_POINT ( 'NONE',  ( 2.350480947161680323, -9.544680581810301090E-15, -8.750000000000000000 ) ) ;
#5363 = CARTESIAN_POINT ( 'NONE',  ( -0.9736010864139266197, -2.350480947161689649, -1.062499999999999112 ) ) ;
#5364 = CARTESIAN_POINT ( 'NONE',  ( -2.878508968398391083E-16, -2.350480947161689649, -1.875000000000000000 ) ) ;
#5365 = CARTESIAN_POINT ( 'NONE',  ( 2.350480947161680323, -9.544680581810301090E-15, 4.375000000000001776 ) ) ;
#5366 = CARTESIAN_POINT ( 'NONE',  ( 1.662041016787803693, 1.662041016787793923, -1.624999999999999778 ) ) ;
#5367 = ORIENTED_EDGE ( 'NONE', *, *, #4800, .T. ) ;
#5368 = CARTESIAN_POINT ( 'NONE',  ( -0.9736010864139263976, 2.350480947161671441, -12.31250000000000000 ) ) ;
#5369 =( BOUNDED_CURVE ( )  B_SPLINE_CURVE ( 2, ( #5415, #344, #315, #2058, #650, #2865, #5473, #3344, #1553 ),
 .UNSPECIFIED., .F., .F. ) 
 B_SPLINE_CURVE_WITH_KNOTS ( ( 3, 2, 2, 2, 3 ),
 ( 0.4642857142857142461, 0.4702380952380951773, 0.4761904761904761640, 0.4821428571428571508, 0.4880952380952380820 ),
 .UNSPECIFIED. ) 
 CURVE ( )  GEOMETRIC_REPRESENTATION_ITEM ( )  RATIONAL_B_SPLINE_CURVE ( ( 1.000000000000000666, 0.9238795325112860723, 1.000000000000000000, 0.9238795325112867385, 1.000000000000000000, 0.9238795325112867385, 1.000000000000000000, 0.9238795325112867385, 1.000000000000000000 ) ) 
 REPRESENTATION_ITEM ( '' )  );
#5370 = CARTESIAN_POINT ( 'NONE',  ( -2.350480947161680767, -0.9736010864139355014, -3.062499999999999112 ) ) ;
#5371 = CARTESIAN_POINT ( 'NONE',  ( 1.340064611558539731, 2.433700474236768052, 6.186072249997563333 ) ) ;
#5372 = CARTESIAN_POINT ( 'NONE',  ( -0.9736010864139263976, 2.350480947161671441, -11.43750000000000000 ) ) ;
#5373 = CARTESIAN_POINT ( 'NONE',  ( -2.350480947161680323, -0.9736010864139353904, -8.062500000000000000 ) ) ;
#5374 = CARTESIAN_POINT ( 'NONE',  ( 2.121320343559649935, 2.121320343559639721, -12.00000000000000000 ) ) ;
#5375 = CARTESIAN_POINT ( 'NONE',  ( -3.740226349862381049E-16, -3.054126587736548437, -0.4687499999999969469 ) ) ;
#5376 = ORIENTED_EDGE ( 'NONE', *, *, #4354, .T. ) ;
#5377 = LINE ( 'NONE', #1096, #4411 ) ;
#5378 = ADVANCED_FACE ( 'NONE', ( #821 ), #2537, .T. ) ;
#5379 = CARTESIAN_POINT ( 'NONE',  ( 0.9736010864139259535, -2.350480947161690537, -3.812500000000000000 ) ) ;
#5380 = CARTESIAN_POINT ( 'NONE',  ( 2.827632865252626360, -0.7217704023534607938, -12.10396597644531091 ) ) ;
#5381 = CARTESIAN_POINT ( 'NONE',  ( 1.662041016787803249, -1.662041016787812797, 3.125000000000000888 ) ) ;
#5382 = LINE ( 'NONE', #147, #3444 ) ;
#5383 = VERTEX_POINT ( 'NONE', #171 ) ;
#5384 = CARTESIAN_POINT ( 'NONE',  ( -0.5904478719713511792, 2.401107793464534179, -12.53074871658789391 ) ) ;
#5385 = CARTESIAN_POINT ( 'NONE',  ( -2.159593620790638546, 2.159593620790629220, -9.781250000000001776 ) ) ;
#5386 = CARTESIAN_POINT ( 'NONE',  ( -0.5379261969528548182, -2.302358785243721062, 5.092682521965369524 ) ) ;
#5387 = CARTESIAN_POINT ( 'NONE',  ( 1.265060653844739313, 3.054126587736530229, 3.031249999999999556 ) ) ;
#5388 = CARTESIAN_POINT ( 'NONE',  ( -2.350480947161680767, 0.9736010864139172938, -7.312500000000000000 ) ) ;
#5389 = CARTESIAN_POINT ( 'NONE',  ( -2.350480947161680323, -8.968978788130623169E-15, 1.749999999999999778 ) ) ;
#5390 = EDGE_CURVE ( 'NONE', #3323, #4566, #293, .T. ) ;
#5391 = CARTESIAN_POINT ( 'NONE',  ( -2.350480947161680767, -0.9736010864139355014, -1.062499999999999334 ) ) ;
#5392 = CARTESIAN_POINT ( 'NONE',  ( 1.662041016787803693, 1.662041016787793923, 2.500000000000000444 ) ) ;
#5393 = CARTESIAN_POINT ( 'NONE',  ( 1.662041016787803693, 1.662041016787793923, -0.6249999999999987788 ) ) ;
#5394 = EDGE_CURVE ( 'NONE', #1212, #2557, #961, .T. ) ;
#5395 = CARTESIAN_POINT ( 'NONE',  ( -3.000000000000009770, -8.929207216678438350E-15, 5.375000000000000000 ) ) ;
#5396 = CARTESIAN_POINT ( 'NONE',  ( 3.000000000000008882, -1.242640687119300091, -3.187499999999999556 ) ) ;
#5397 = VECTOR ( 'NONE', #1345, 1000.000000000000000 ) ;
#5398 = CARTESIAN_POINT ( 'NONE',  ( 1.662041016787803693, 1.662041016787793923, -4.499999999999999112 ) ) ;
#5399 = CARTESIAN_POINT ( 'NONE',  ( 3.000000000000009770, -9.663995296166853972E-15, -3.124999999999999112 ) ) ;
#5400 = CARTESIAN_POINT ( 'NONE',  ( -2.350480947161680323, 0.9736010864139172938, -10.31249999999999822 ) ) ;
#5401 = B_SPLINE_CURVE_WITH_KNOTS ( 'NONE', 3,
 ( #4620, #5071, #4173, #3784, #367, #5014, #3367, #3393, #1576, #2051, #394, #1690, #1633, #2832, #2109, #280, #4143, #3726 ),
 .UNSPECIFIED., .F., .F.,
 ( 4, 2, 2, 2, 2, 2, 2, 2, 4 ),
 ( 0.0003831023336064446260, 0.0009221763653031481113, 0.001461250396999851705, 0.002000324428696554756, 0.002539398460393258675, 0.003078472492089963028, 0.003617546523786667381, 0.004156620555483371733, 0.004695694587180075652 ),
 .UNSPECIFIED. ) ;
#5402 = CARTESIAN_POINT ( 'NONE',  ( 0.9736010864139279519, 2.350480947161670997, -7.437500000000000000 ) ) ;
#5403 = CARTESIAN_POINT ( 'NONE',  ( -1.265060653844737537, -3.054126587736549325, 4.468750000000003553 ) ) ;
#5404 = ORIENTED_EDGE ( 'NONE', *, *, #944, .F. ) ;
#5405 = CARTESIAN_POINT ( 'NONE',  ( -2.350480947161680323, -8.968978788130623169E-15, -13.25000000000000000 ) ) ;
#5406 = CARTESIAN_POINT ( 'NONE',  ( -0.9736010864139263976, 2.350480947161671441, -4.312500000000000888 ) ) ;
#5407 = CARTESIAN_POINT ( 'NONE',  ( 1.242640687119291210, 2.999999999999999556, 6.062499999999999112 ) ) ;
#5408 = CARTESIAN_POINT ( 'NONE',  ( 2.121320343559649935, 2.121320343559639721, 1.000000000000000666 ) ) ;
#5409 = DIRECTION ( 'NONE',  ( -1.000000000000000000, 0.000000000000000000, 0.000000000000000000 ) ) ;
#5410 = ORIENTED_EDGE ( 'NONE', *, *, #186, .T. ) ;
#5411 = CARTESIAN_POINT ( 'NONE',  ( 3.054126587736538223, -1.265060653844747973, -9.281249999999998224 ) ) ;
#5412 = DIRECTION ( 'NONE',  ( -0.000000000000000000, -0.000000000000000000, -1.000000000000000000 ) ) ;
#5413 = CARTESIAN_POINT ( 'NONE',  ( -3.054126587736539555, 1.265060653844728655, -12.71875000000000178 ) ) ;
#5414 = DIRECTION ( 'NONE',  ( -0.000000000000000000, -0.000000000000000000, -1.000000000000000000 ) ) ;
#5415 = CARTESIAN_POINT ( 'NONE',  ( 3.000000000000009770, -9.663995296166853972E-15, -4.125000000000000000 ) ) ;
#5416 = CARTESIAN_POINT ( 'NONE',  ( -3.054126587736539999, -8.925892919057422291E-15, 0.3437499999999985567 ) ) ;
#5417 = CARTESIAN_POINT ( 'NONE',  ( -2.350480947161680767, -0.9736010864139355014, -2.187500000000000444 ) ) ;
#5418 = CARTESIAN_POINT ( 'NONE',  ( -0.9736010864139263976, 2.350480947161671441, -1.437499999999999334 ) ) ;
#5419 = AXIS2_PLACEMENT_3D ( 'NONE', #2124, #1701, #1276 ) ;
#5420 = CARTESIAN_POINT ( 'NONE',  ( -1.662041016787803249, 1.662041016787794367, 3.750000000000001776 ) ) ;
#5421 = CARTESIAN_POINT ( 'NONE',  ( 0.9736010864139279519, 2.350480947161670997, 3.562500000000001776 ) ) ;
#5422 = CARTESIAN_POINT ( 'NONE',  ( 2.350480947161680323, 0.9736010864139177379, -3.687499999999999556 ) ) ;
#5423 = EDGE_LOOP ( 'NONE', ( #2690, #2326, #807 ) ) ;
#5424 = VECTOR ( 'NONE', #4681, 1000.000000000000000 ) ;
#5425 = CARTESIAN_POINT ( 'NONE',  ( -3.000000000000009770, -8.929207216678438350E-15, -3.624999999999999556 ) ) ;
#5426 = CARTESIAN_POINT ( 'NONE',  ( 0.9736010864139278409, 2.350480947161670997, 0.5625000000000004441 ) ) ;
#5427 = CARTESIAN_POINT ( 'NONE',  ( 0.9736010864139259535, -2.350480947161690537, -6.812500000000000000 ) ) ;
#5428 = ADVANCED_FACE ( 'NONE', ( #4789 ), #3137, .T. ) ;
#5429 = CARTESIAN_POINT ( 'NONE',  ( 1.242640687119291210, 2.999999999999999556, -8.937500000000000000 ) ) ;
#5430 = CARTESIAN_POINT ( 'NONE',  ( -0.9736010864139266197, -2.350480947161689649, -9.062500000000000000 ) ) ;
#5431 = CARTESIAN_POINT ( 'NONE',  ( 2.350480947161680323, -9.544680581810301090E-15, -6.625000000000000000 ) ) ;
#5432 = CARTESIAN_POINT ( 'NONE',  ( 1.265060653844736427, -3.054126587736549769, 3.593750000000003109 ) ) ;
#5433 = EDGE_LOOP ( 'NONE', ( #3841, #3727, #2726, #584 ) ) ;
#5434 = CARTESIAN_POINT ( 'NONE',  ( -0.9736010864139266197, -2.350480947161689649, -11.06250000000000000 ) ) ;
#5435 = CARTESIAN_POINT ( 'NONE',  ( 0.9736010864139259535, -2.350480947161690537, -6.812500000000000000 ) ) ;
#5436 = CARTESIAN_POINT ( 'NONE',  ( -3.000000000000009770, -8.929207216678438350E-15, 6.375000000000000888 ) ) ;
#5437 = CARTESIAN_POINT ( 'NONE',  ( 3.000000000000009770, -9.663995296166853972E-15, 0.8750000000000007772 ) ) ;
#5438 = DIRECTION ( 'NONE',  ( -0.8660254037844397068, 1.060575238724908147E-16, 0.4999999999999979461 ) ) ;
#5439 = VERTEX_POINT ( 'NONE', #563 ) ;
#5440 = CARTESIAN_POINT ( 'NONE',  ( 2.159593620790638102, -2.159593620790647428, -8.343749999999996447 ) ) ;
#5441 = CARTESIAN_POINT ( 'NONE',  ( 0.000000000000000000, -2.818925648462311528E-15, -13.00000000000000178 ) ) ;
#5442 = CARTESIAN_POINT ( 'NONE',  ( 1.265060653844739313, 3.054126587736530229, -10.96875000000000355 ) ) ;
#5443 = CARTESIAN_POINT ( 'NONE',  ( 1.066365179472627878, 2.347006935420431706, 5.684990614797902353 ) ) ;
#5444 = FACE_OUTER_BOUND ( 'NONE', #5423, .T. ) ;
#5445 = CARTESIAN_POINT ( 'NONE',  ( -2.159593620790638546, -2.159593620790647428, 1.468749999999997780 ) ) ;
#5446 = CARTESIAN_POINT ( 'NONE',  ( 1.662041016787803249, -1.662041016787812797, -2.874999999999999112 ) ) ;
#5447 = CARTESIAN_POINT ( 'NONE',  ( 0.9736010864139258425, -2.350480947161690537, 0.06250000000000005551 ) ) ;
#5448 = CARTESIAN_POINT ( 'NONE',  ( 0.000000000000000000, 2.350480947161671441, 1.624999999999999778 ) ) ;
#5449 = CARTESIAN_POINT ( 'NONE',  ( 2.121320343559649491, -2.121320343559658372, 0.7500000000000005551 ) ) ;
#5450 = CARTESIAN_POINT ( 'NONE',  ( 0.9736010864139278409, 2.350480947161670997, -1.562499999999999556 ) ) ;
#5451 = LINE ( 'NONE', #4550, #1302 ) ;
#5452 = CARTESIAN_POINT ( 'NONE',  ( 1.662041016787803693, 1.662041016787793923, -8.500000000000000000 ) ) ;
#5453 = CARTESIAN_POINT ( 'NONE',  ( -0.9736010864139266197, -2.350480947161689649, 5.062500000000000888 ) ) ;
#5454 = CARTESIAN_POINT ( 'NONE',  ( -2.350480947161680323, -8.968978788130623169E-15, -5.124999999999999112 ) ) ;
#5455 = CC_DESIGN_APPROVAL ( #76, ( #5544 ) ) ;
#5456 = CARTESIAN_POINT ( 'NONE',  ( -1.242640687119289433, 3.000000000000000888, 2.187500000000000444 ) ) ;
#5457 = CARTESIAN_POINT ( 'NONE',  ( 0.9736010864139279519, 2.350480947161670997, -7.562500000000000000 ) ) ;
#5458 = CARTESIAN_POINT ( 'NONE',  ( -2.350480947161680323, 0.9736010864139172938, -10.18749999999999822 ) ) ;
#5459 = EDGE_CURVE ( 'NONE', #4860, #2485, #1381, .T. ) ;
#5460 = CARTESIAN_POINT ( 'NONE',  ( -3.740226349862381049E-16, -3.054126587736548437, 5.531250000000001776 ) ) ;
#5461 = ORIENTED_EDGE ( 'NONE', *, *, #47, .F. ) ;
#5462 = CARTESIAN_POINT ( 'NONE',  ( -0.9736010864139263976, 2.350480947161671441, -10.43749999999999822 ) ) ;
#5463 = CARTESIAN_POINT ( 'NONE',  ( 1.662041016787803693, 1.662041016787793923, -7.500000000000000000 ) ) ;
#5464 = CARTESIAN_POINT ( 'NONE',  ( 3.000000000000009326, -9.663995296166853972E-15, -6.249999999999999112 ) ) ;
#5465 = CARTESIAN_POINT ( 'NONE',  ( 1.662041016787803249, -1.662041016787812797, 7.125000000000000888 ) ) ;
#5466 = CARTESIAN_POINT ( 'NONE',  ( 0.000000000000000000, 3.000000000000000444, 4.125000000000001776 ) ) ;
#5467 = ORIENTED_EDGE ( 'NONE', *, *, #2982, .T. ) ;
#5468 = CARTESIAN_POINT ( 'NONE',  ( 1.265060653844739091, 3.054126587736529341, -6.031249999999997335 ) ) ;
#5469 = VERTEX_POINT ( 'NONE', #1887 ) ;
#5470 = CARTESIAN_POINT ( 'NONE',  ( -1.242640687119289211, 3.000000000000000000, 2.062500000000000000 ) ) ;
#5471 = CARTESIAN_POINT ( 'NONE',  ( 2.159593620790638546, -2.159593620790647872, -9.281250000000001776 ) ) ;
#5472 = CARTESIAN_POINT ( 'NONE',  ( 1.981153425812717472, 1.596043868290303536, 5.592087575307573388 ) ) ;
#5473 = CARTESIAN_POINT ( 'NONE',  ( -2.121320343559649491, 2.121320343559640165, -3.750000000000000000 ) ) ;
#5474 = CARTESIAN_POINT ( 'NONE',  ( -1.265060653844737759, -3.054126587736549769, 4.531249999999996447 ) ) ;
#5475 = CARTESIAN_POINT ( 'NONE',  ( -2.878508968398391083E-16, -2.350480947161689649, -2.999999999999999112 ) ) ;
#5476 = CARTESIAN_POINT ( 'NONE',  ( 2.350480947161679435, -0.9736010864139368337, 1.187500000000001110 ) ) ;
#5477 = CARTESIAN_POINT ( 'NONE',  ( -0.9736010864139263976, 2.350480947161671441, 2.687500000000000888 ) ) ;
#5478 = CARTESIAN_POINT ( 'NONE',  ( 3.000000000000009770, -9.663995296166853972E-15, 0.8750000000000007772 ) ) ;
#5479 = CARTESIAN_POINT ( 'NONE',  ( -1.662041016787803471, -1.662041016787812353, 2.875000000000000888 ) ) ;
#5480 = ORIENTED_EDGE ( 'NONE', *, *, #490, .F. ) ;
#5481 = CARTESIAN_POINT ( 'NONE',  ( 0.9736010864139259535, -2.350480947161690537, -9.812500000000000000 ) ) ;
#5482 = CARTESIAN_POINT ( 'NONE',  ( 3.054126587736538667, -1.265060653844748195, -6.218750000000001776 ) ) ;
#5483 = CARTESIAN_POINT ( 'NONE',  ( -0.9736010864139266197, -2.350480947161689649, 6.062500000000000000 ) ) ;
#5484 =( BOUNDED_CURVE ( )  B_SPLINE_CURVE ( 2, ( #2695, #115, #1010, #1776, #2722, #1885, #4426, #3535, #901 ),
 .UNSPECIFIED., .F., .F. ) 
 B_SPLINE_CURVE_WITH_KNOTS ( ( 3, 2, 2, 2, 3 ),
 ( 0.6547619047619047672, 0.6607142857142856984, 0.6666666666666667407, 0.6726190476190476719, 0.6785714285714286031 ),
 .UNSPECIFIED. ) 
 CURVE ( )  GEOMETRIC_REPRESENTATION_ITEM ( )  RATIONAL_B_SPLINE_CURVE ( ( 1.000000000000000000, 0.9238795325112866275, 1.000000000000000000, 0.9238795325112866275, 1.000000000000000000, 0.9238795325112866275, 1.000000000000000000, 0.9238795325112866275, 1.000000000000000000 ) ) 
 REPRESENTATION_ITEM ( '' )  );
#5485 = CARTESIAN_POINT ( 'NONE',  ( 0.9736010864139278409, 2.350480947161670997, -3.437499999999999556 ) ) ;
#5486 = CARTESIAN_POINT ( 'NONE',  ( 2.121320343559649935, 2.121320343559639721, 2.000000000000000000 ) ) ;
#5487 = VECTOR ( 'NONE', #1830, 1000.000000000000000 ) ;
#5488 = CARTESIAN_POINT ( 'NONE',  ( -2.350480947161680323, -8.968978788130623169E-15, -9.250000000000000000 ) ) ;
#5489 = CARTESIAN_POINT ( 'NONE',  ( -0.9736010864139266197, -2.350480947161689649, -9.937499999999998224 ) ) ;
#5490 = CARTESIAN_POINT ( 'NONE',  ( -3.054126587736539111, 1.265060653844728433, 5.218750000000000888 ) ) ;
#5491 = VERTEX_POINT ( 'NONE', #2669 ) ;
#5492 = CARTESIAN_POINT ( 'NONE',  ( -2.350480947161680767, -0.9736010864139355014, -8.187500000000000000 ) ) ;
#5493 = CARTESIAN_POINT ( 'NONE',  ( -2.350480947161680767, -0.9736010864139355014, -7.062499999999999112 ) ) ;
#5494 = CARTESIAN_POINT ( 'NONE',  ( -2.999999999999991118, -1.242640687119315634, -6.687499999999998224 ) ) ;
#5495 = CARTESIAN_POINT ( 'NONE',  ( -2.121320343559649046, -2.121320343559657928, 0.3750000000000003331 ) ) ;
#5496 = ADVANCED_FACE ( 'NONE', ( #1012 ), #3053, .T. ) ;
#5497 = FACE_OUTER_BOUND ( 'NONE', #1646, .T. ) ;
#5498 = ORIENTED_EDGE ( 'NONE', *, *, #2586, .F. ) ;
#5499 = CARTESIAN_POINT ( 'NONE',  ( 2.159593620790638546, 2.159593620790628776, -9.093749999999998224 ) ) ;
#5500 = ORIENTED_EDGE ( 'NONE', *, *, #3576, .T. ) ;
#5501 = CARTESIAN_POINT ( 'NONE',  ( 0.07998806965622924647, 2.605728969810896078, 5.765102826301061079 ) ) ;
#5502 = CARTESIAN_POINT ( 'NONE',  ( 2.499999999999997780, 1.443375672974063439, 12.82552006691257240 ) ) ;
#5503 = EDGE_CURVE ( 'NONE', #4532, #1512, #1262, .T. ) ;
#5504 = CARTESIAN_POINT ( 'NONE',  ( 2.159593620790638990, 2.159593620790628776, 6.968749999999999112 ) ) ;
#5505 = CARTESIAN_POINT ( 'NONE',  ( 2.350480947161680323, -0.9736010864139368337, -3.812500000000000000 ) ) ;
#5506 = CARTESIAN_POINT ( 'NONE',  ( 0.9736010864139258425, -2.350480947161690537, 2.062500000000000000 ) ) ;
#5507 = CARTESIAN_POINT ( 'NONE',  ( -2.878508968398391083E-16, -2.350480947161689649, 3.125000000000000888 ) ) ;
#5508 = DIRECTION ( 'NONE',  ( -0.000000000000000000, -0.000000000000000000, 1.000000000000000000 ) ) ;
#5509 = CARTESIAN_POINT ( 'NONE',  ( -0.9736010864139266197, -2.350480947161689649, 1.937500000000000000 ) ) ;
#5510 = CARTESIAN_POINT ( 'NONE',  ( -3.000000000000009326, -8.929207216678438350E-15, -0.7499999999999988898 ) ) ;
#5511 = CARTESIAN_POINT ( 'NONE',  ( 2.350480947161680323, -9.544680581810301090E-15, -9.625000000000000000 ) ) ;
#5512 = AXIS2_PLACEMENT_3D ( 'NONE', #3266, #4607, #3661 ) ;
#5513 = CARTESIAN_POINT ( 'NONE',  ( -2.159593620790638546, 2.159593620790629220, -7.781250000000001776 ) ) ;
#5514 = CARTESIAN_POINT ( 'NONE',  ( -0.9736010864139263976, 2.350480947161671441, -13.43749999999999822 ) ) ;
#5515 = CARTESIAN_POINT ( 'NONE',  ( 2.350480947161680323, -0.9736010864139368337, -2.687499999999999112 ) ) ;
#5516 = AXIS2_PLACEMENT_3D ( 'NONE', #4208, #2609, #400 ) ;
#5517 = CARTESIAN_POINT ( 'NONE',  ( -2.878508968398391083E-16, -2.350480947161689649, -5.875000000000000000 ) ) ;
#5518 = CARTESIAN_POINT ( 'NONE',  ( 1.265060653844739091, 3.054126587736529341, 4.968750000000004441 ) ) ;
#5519 = CARTESIAN_POINT ( 'NONE',  ( -2.350480947161680323, -8.968978788130623169E-15, -10.24999999999999822 ) ) ;
#5520 = CARTESIAN_POINT ( 'NONE',  ( 2.350480947161680323, -9.544680581810301090E-15, -0.6249999999999987788 ) ) ;
#5521 = DIRECTION ( 'NONE',  ( -0.000000000000000000, -0.000000000000000000, -1.000000000000000000 ) ) ;
#5522 = CARTESIAN_POINT ( 'NONE',  ( -3.000000000000009326, -8.929207216678438350E-15, -4.749999999999999112 ) ) ;
#5523 = ORIENTED_EDGE ( 'NONE', *, *, #429, .F. ) ;
#5524 = CARTESIAN_POINT ( 'NONE',  ( -1.265060653844737315, 3.054126587736530674, -6.906249999999998224 ) ) ;
#5525 = VERTEX_POINT ( 'NONE', #2278 ) ;
#5526 = CARTESIAN_POINT ( 'NONE',  ( -2.121320343559649491, -2.121320343559658372, -11.50000000000000000 ) ) ;
#5527 = CARTESIAN_POINT ( 'NONE',  ( -2.568225376950880712, 0.8367698174117560450, 6.024581763340226104 ) ) ;
#5528 = LINE ( 'NONE', #1670, #5327 ) ;
#5529 = CARTESIAN_POINT ( 'NONE',  ( -2.159593620790638546, -2.159593620790647428, 6.468749999999999112 ) ) ;
#5530 = CARTESIAN_POINT ( 'NONE',  ( 0.9736010864139278409, 2.350480947161670997, -3.562500000000000000 ) ) ;
#5531 = CARTESIAN_POINT ( 'NONE',  ( 2.350480947161679435, 0.9736010864139177379, 3.312500000000001776 ) ) ;
#5532 = CARTESIAN_POINT ( 'NONE',  ( 2.350480947161680323, -9.544680581810301090E-15, 3.375000000000001332 ) ) ;
#5533 = EDGE_CURVE ( 'NONE', #5491, #2187, #2766, .T. ) ;
#5534 = CARTESIAN_POINT ( 'NONE',  ( -1.242640687119289655, -3.000000000000019096, 0.5625000000000004441 ) ) ;
#5535 = CARTESIAN_POINT ( 'NONE',  ( -0.9736010864139263976, 2.350480947161671441, 3.562500000000002220 ) ) ;
#5536 = DIRECTION ( 'NONE',  ( 0.3420201433256694901, -4.188538737677001009E-17, 0.9396926207859082059 ) ) ;
#5537 = CARTESIAN_POINT ( 'NONE',  ( -2.878508968398391083E-16, -2.350480947161689649, -10.87500000000000000 ) ) ;
#5538 = CARTESIAN_POINT ( 'NONE',  ( -2.159593620790638546, -2.159593620790647428, -7.531250000000001776 ) ) ;
#5539 = CARTESIAN_POINT ( 'NONE',  ( -0.9736010864139263976, 2.350480947161671441, 5.687500000000000000 ) ) ;
#5540 = CARTESIAN_POINT ( 'NONE',  ( -2.121320343559648602, 2.121320343559640165, 6.125000000000000000 ) ) ;
#5541 = CARTESIAN_POINT ( 'NONE',  ( -1.265060653844737537, -3.054126587736549325, 6.468750000000002665 ) ) ;
#5542 = CARTESIAN_POINT ( 'NONE',  ( -2.878508968398391083E-16, -2.350480947161689649, -8.000000000000000000 ) ) ;
#5543 = CARTESIAN_POINT ( 'NONE',  ( -1.662041016787803471, -1.662041016787812353, -0.9999999999999991118 ) ) ;
#5544 = SECURITY_CLASSIFICATION ( '', '', #74 ) ;
#5545 = CARTESIAN_POINT ( 'NONE',  ( -1.960369620093280529, -1.836031708935208284, -12.32017845191212757 ) ) ;
#5546 = CARTESIAN_POINT ( 'NONE',  ( -3.000000000000012879, -1.242640687119293652, 6.312499999999999112 ) ) ;
ENDSEC;
END-ISO-10303-21;
