ISO-10303-21;
HEADER;
FILE_DESCRIPTION (( 'STEP AP203' ),
    '1' );
FILE_NAME ('91828A251_Corrosion-Resistant 18-8 Stainless Steel Hex Nut.STEP',
    '2026-01-08T04:08:29',
    ( 'McMaster Carr Supply' ),
    ( 'McMaster Carr Supply' ),
    'SwSTEP 2.0',
    'SolidWorks 2024',
    '' );
FILE_SCHEMA (( 'CONFIG_CONTROL_DESIGN' ));
ENDSEC;

DATA;
#1 = AXIS2_PLACEMENT_3D ( 'NONE', #890, #2478, #911 ) ;
#2 = CYLINDRICAL_SURFACE ( 'NONE', #953, 2.999999999999999112 ) ;
#3 = CARTESIAN_POINT ( 'NONE',  ( -0.9736010864138852083, 2.350480947161687872, -0.9375000000000073275 ) ) ;
#4 = CARTESIAN_POINT ( 'NONE',  ( 3.282664145728524506E-14, 2.350480947161672329, 1.999999999999986233 ) ) ;
#5 = ORIENTED_EDGE ( 'NONE', *, *, #2225, .F. ) ;
#6 = ORIENTED_EDGE ( 'NONE', *, *, #137, .F. ) ;
#7 = CARTESIAN_POINT ( 'NONE',  ( -2.999999999999978684, 1.242640687119328069, 1.812499999999988010 ) ) ;
#8 = CARTESIAN_POINT ( 'NONE',  ( 2.473385162298348483, -0.8904657944539130510, -2.022669806952352545 ) ) ;
#9 = CARTESIAN_POINT ( 'NONE',  ( -2.119722140140279265, 1.521197386037384414, 2.003927464812548909 ) ) ;
#10 = CARTESIAN_POINT ( 'NONE',  ( 0.9736010864139555965, 2.350480947161659451, 0.9374999999999886757 ) ) ;
#11 = EDGE_CURVE ( 'NONE', #1649, #463, #1434, .T. ) ;
#12 = CARTESIAN_POINT ( 'NONE',  ( 2.999999999999973355, -1.242640687119337173, 1.187499999999989342 ) ) ;
#13 = CARTESIAN_POINT ( 'NONE',  ( -2.499999999999991118, 4.330127018922199866, 2.500000000000000000 ) ) ;
#14 = CARTESIAN_POINT ( 'NONE',  ( 1.242640687119329401, 2.999999999999983125, -3.437499999999999556 ) ) ;
#15 = EDGE_LOOP ( 'NONE', ( #1714, #660, #1196, #1483 ) ) ;
#16 = AXIS2_PLACEMENT_3D ( 'NONE', #1213, #2199, #428 ) ;
#17 = ORIENTED_EDGE ( 'NONE', *, *, #255, .F. ) ;
#18 = CARTESIAN_POINT ( 'NONE',  ( -3.000000000000000888, 4.116113104471943586E-14, 1.874999999999988676 ) ) ;
#19 = CARTESIAN_POINT ( 'NONE',  ( 2.999999999999999112, -4.318365520522230670E-14, -1.750000000000004219 ) ) ;
#20 = DIRECTION ( 'NONE',  ( 0.000000000000000000, 0.000000000000000000, -1.000000000000000000 ) ) ;
#21 = CARTESIAN_POINT ( 'NONE',  ( 2.350480947161672329, 0.000000000000000000, 1.750480947161676015 ) ) ;
#22 = DIRECTION ( 'NONE',  ( 0.000000000000000000, 0.000000000000000000, -1.000000000000000000 ) ) ;
#23 = CARTESIAN_POINT ( 'NONE',  ( -5.000000000000006217, -0.4637686117031609156, 2.499999999999997335 ) ) ;
#24 = CARTESIAN_POINT ( 'NONE',  ( -3.541729952884381463E-14, -2.350480947161674106, 0.6249999999999892308 ) ) ;
#25 = ORIENTED_EDGE ( 'NONE', *, *, #1691, .T. ) ;
#26 = EDGE_CURVE ( 'NONE', #657, #676, #77, .T. ) ;
#27 = ORIENTED_EDGE ( 'NONE', *, *, #204, .T. ) ;
#28 = LINE ( 'NONE', #41, #627 ) ;
#29 = CARTESIAN_POINT ( 'NONE',  ( -3.000000000000018208, -1.242640687119240361, 1.812499999999987788 ) ) ;
#30 = CARTESIAN_POINT ( 'NONE',  ( -4.875000000000025757, -2.958920129596796400, 2.094293635091727612 ) ) ;
#31 = CARTESIAN_POINT ( 'NONE',  ( 2.350480947161659895, -0.9736010864139595933, -0.1875000000000088263 ) ) ;
#32 = FACE_OUTER_BOUND ( 'NONE', #705, .T. ) ;
#33 = DIRECTION ( 'NONE',  ( -0.7071067811865487940, 8.659560562354948882E-17, 0.7071067811865463515 ) ) ;
#34 = CARTESIAN_POINT ( 'NONE',  ( -2.904903810567666333, -3.182276523477951206E-14, -2.304903810567665357 ) ) ;
#35 = ORIENTED_EDGE ( 'NONE', *, *, #72, .T. ) ;
#36 = AXIS2_PLACEMENT_3D ( 'NONE', #1304, #2105, #1121 ) ;
#37 = CARTESIAN_POINT ( 'NONE',  ( 2.350480947161660339, -0.9736010864139578169, 0.8124999999999894529 ) ) ;
#38 = CYLINDRICAL_SURFACE ( 'NONE', #1281, 0.2500000000000000000 ) ;
#39 = VERTEX_POINT ( 'NONE', #129 ) ;
#40 = EDGE_CURVE ( 'NONE', #1810, #582, #1896, .T. ) ;
#41 = CARTESIAN_POINT ( 'NONE',  ( 3.099999999999999201, 3.796405077356793932E-16, -2.500000000000000000 ) ) ;
#42 = CARTESIAN_POINT ( 'NONE',  ( 4.874999999999997335, 2.958920129596831483, 2.500000000000000000 ) ) ;
#43 = CARTESIAN_POINT ( 'NONE',  ( -2.515876119516549547, 0.8041308456947328098, 2.036191192741090283 ) ) ;
#44 = CARTESIAN_POINT ( 'NONE',  ( 0.000000000000000000, 0.000000000000000000, -2.500000000000000000 ) ) ;
#45 = CARTESIAN_POINT ( 'NONE',  ( 0.9024808040856039382, -5.252455156718943030, -2.343552472763189343 ) ) ;
#46 = DIRECTION ( 'NONE',  ( 1.000000000000000000, 0.000000000000000000, 0.000000000000000000 ) ) ;
#47 = CARTESIAN_POINT ( 'NONE',  ( -1.939661757939758147, 2.290323442462547376, -2.392112740064788134 ) ) ;
#48 = VERTEX_POINT ( 'NONE', #2554 ) ;
#49 =( BOUNDED_CURVE ( )  B_SPLINE_CURVE ( 2, ( #2566, #2149, #2551, #336, #2316, #151, #2358, #784, #1964 ),
 .UNSPECIFIED., .F., .F. ) 
 B_SPLINE_CURVE_WITH_KNOTS ( ( 3, 2, 2, 2, 3 ),
 ( 0.3214285714285713969, 0.3392857142857142461, 0.3571428571428570953, 0.3750000000000000000, 0.3928571428571428492 ),
 .UNSPECIFIED. ) 
 CURVE ( )  GEOMETRIC_REPRESENTATION_ITEM ( )  RATIONAL_B_SPLINE_CURVE ( ( 1.000000000000000222, 0.9238795325112865164, 1.000000000000000000, 0.9238795325112867385, 1.000000000000000000, 0.9238795325112867385, 1.000000000000000000, 0.9238795325112867385, 1.000000000000000000 ) ) 
 REPRESENTATION_ITEM ( '' )  );
#50 = CARTESIAN_POINT ( 'NONE',  ( -0.9736010864139567067, -2.350480947161660339, -1.437500000000006439 ) ) ;
#51 = FACE_OUTER_BOUND ( 'NONE', #2182, .T. ) ;
#52 = EDGE_LOOP ( 'NONE', ( #2529, #2179, #2168, #364 ) ) ;
#53 = AXIS2_PLACEMENT_3D ( 'NONE', #693, #1072, #2056 ) ;
#54 = CYLINDRICAL_SURFACE ( 'NONE', #2491, 2.999999999999999112 ) ;
#55 = CARTESIAN_POINT ( 'NONE',  ( -5.659725153970538187E-14, -3.000000000000000888, 1.124999999999990674 ) ) ;
#56 = ADVANCED_FACE ( 'NONE', ( #2124 ), #785, .F. ) ;
#57 = CARTESIAN_POINT ( 'NONE',  ( 0.000000000000000000, 0.000000000000000000, 2.500000000000000000 ) ) ;
#58 = CARTESIAN_POINT ( 'NONE',  ( -0.1737734053173056181, 2.419302111109200126, -1.822517916027830198 ) ) ;
#59 = CARTESIAN_POINT ( 'NONE',  ( -4.874999999999997335, 2.958920129596844362, 2.500000000000000000 ) ) ;
#60 = CARTESIAN_POINT ( 'NONE',  ( -5.000000000000010658, -2.294323821374935513, 2.218704048307382326 ) ) ;
#61 = DIRECTION ( 'NONE',  ( 0.000000000000000000, 0.000000000000000000, -1.000000000000000000 ) ) ;
#62 = ORIENTED_EDGE ( 'NONE', *, *, #1229, .T. ) ;
#63 = CARTESIAN_POINT ( 'NONE',  ( 0.9736010864139580390, 2.350480947161660339, -0.9375000000000073275 ) ) ;
#64 = CARTESIAN_POINT ( 'NONE',  ( 2.350480947161692757, 0.9736010864138843202, 0.9374999999999882316 ) ) ;
#65 =( BOUNDED_CURVE ( )  B_SPLINE_CURVE ( 2, ( #614, #1414, #1804, #10, #822, #260, #664, #2236, #2214 ),
 .UNSPECIFIED., .F., .F. ) 
 B_SPLINE_CURVE_WITH_KNOTS ( ( 3, 2, 2, 2, 3 ),
 ( 0.6785714285714284921, 0.6964285714285712858, 0.7142857142857141906, 0.7321428571428570953, 0.7500000000000000000 ),
 .UNSPECIFIED. ) 
 CURVE ( )  GEOMETRIC_REPRESENTATION_ITEM ( )  RATIONAL_B_SPLINE_CURVE ( ( 1.000000000000000444, 0.9238795325112862944, 1.000000000000000000, 0.9238795325112867385, 1.000000000000000000, 0.9238795325112867385, 1.000000000000000000, 0.9238795325112867385, 1.000000000000000000 ) ) 
 REPRESENTATION_ITEM ( '' )  );
#66 = VERTEX_POINT ( 'NONE', #338 ) ;
#67 = CC_DESIGN_PERSON_AND_ORGANIZATION_ASSIGNMENT ( #1264, #1671, ( #2573 ) ) ;
#68 = CARTESIAN_POINT ( 'NONE',  ( 2.121320343559672139, 2.121320343559612187, -2.625000000000002220 ) ) ;
#69 = CARTESIAN_POINT ( 'NONE',  ( 5.000000000000000888, -1.201851678989727383E-14, -2.500000000000000000 ) ) ;
#70 = DATE_AND_TIME ( #2496, #926 ) ;
#71 = CARTESIAN_POINT ( 'NONE',  ( -1.662041016787820791, -1.662041016787774161, -2.625000000000003997 ) ) ;
#72 = EDGE_CURVE ( 'NONE', #1149, #1649, #2117, .T. ) ;
#73 = CARTESIAN_POINT ( 'NONE',  ( 2.350480947161672329, -3.916081608995464711E-14, -0.2500000000000088818 ) ) ;
#74 = DIRECTION ( 'NONE',  ( 0.000000000000000000, 0.000000000000000000, 1.000000000000000000 ) ) ;
#75 = CARTESIAN_POINT ( 'NONE',  ( 2.645096189434297695, 1.480220682778019602E-11, 2.045096189434301159 ) ) ;
#76 = ORIENTED_EDGE ( 'NONE', *, *, #538, .F. ) ;
#77 =( BOUNDED_CURVE ( )  B_SPLINE_CURVE ( 2, ( #2106, #324, #759, #964, #2539, #1107, #1727, #2513, #1753 ),
 .UNSPECIFIED., .F., .F. ) 
 B_SPLINE_CURVE_WITH_KNOTS ( ( 3, 2, 2, 2, 3 ),
 ( 0.6785714285714284921, 0.6964285714285712858, 0.7142857142857141906, 0.7321428571428570953, 0.7500000000000000000 ),
 .UNSPECIFIED. ) 
 CURVE ( )  GEOMETRIC_REPRESENTATION_ITEM ( )  RATIONAL_B_SPLINE_CURVE ( ( 1.000000000000000444, 0.9238795325112862944, 1.000000000000000000, 0.9238795325112867385, 1.000000000000000000, 0.9238795325112867385, 1.000000000000000000, 0.9238795325112867385, 1.000000000000000000 ) ) 
 REPRESENTATION_ITEM ( '' )  );
#78 = AXIS2_PLACEMENT_3D ( 'NONE', #1037, #2409, #274 ) ;
#79 = CARTESIAN_POINT ( 'NONE',  ( -1.662041016787775494, 1.662041016787822123, 0.2499999999999906741 ) ) ;
#80 = DIRECTION ( 'NONE',  ( 0.000000000000000000, 0.000000000000000000, -1.000000000000000000 ) ) ;
#81 = EDGE_LOOP ( 'NONE', ( #1195, #1820, #1418, #27 ) ) ;
#82 = CIRCLE ( 'NONE', #909, 5.000000000000000888 ) ;
#83 = CONICAL_SURFACE ( 'NONE', #2375, 5.000000000000000888, 1.047197551196600074 ) ;
#84 = CARTESIAN_POINT ( 'NONE',  ( 4.189777606611758764E-14, 2.999999999999999112, -2.500000000000002665 ) ) ;
#85 = CARTESIAN_POINT ( 'NONE',  ( -3.000000000000019540, -1.242640687119241250, 0.9374999999999905631 ) ) ;
#86 = CARTESIAN_POINT ( 'NONE',  ( 3.512944863200395043E-14, 2.350480947161672329, -9.540979117872439019E-15 ) ) ;
#87 = CARTESIAN_POINT ( 'NONE',  ( 2.902683166119373048, -4.097637784565026919, 2.500000000000011546 ) ) ;
#88 = CARTESIAN_POINT ( 'NONE',  ( -2.667163336986822397, -1.335381366844111548E-14, 2.067163336986825861 ) ) ;
#89 = EDGE_CURVE ( 'NONE', #2365, #1746, #2411, .T. ) ;
#90 = CARTESIAN_POINT ( 'NONE',  ( 2.240896617072987596, -1.068471542914108285, 1.877260413899989988 ) ) ;
#91 = ORIENTED_EDGE ( 'NONE', *, *, #1535, .T. ) ;
#92 = LINE ( 'NONE', #2125, #1364 ) ;
#93 = CARTESIAN_POINT ( 'NONE',  ( -5.000000000000010658, -2.294323821375003458, -2.218704048307365451 ) ) ;
#94 = EDGE_CURVE ( 'NONE', #1079, #807, #1943, .T. ) ;
#95 = ORIENTED_EDGE ( 'NONE', *, *, #1199, .F. ) ;
#96 = B_SPLINE_CURVE_WITH_KNOTS ( 'NONE', 3,
 ( #1427, #1011, #1990, #1402, #2447, #418 ),
 .UNSPECIFIED., .F., .F.,
 ( 4, 2, 4 ),
 ( 1.005022409220481470E-16, 0.0001318968453401071306, 0.0002637936906801137556 ),
 .UNSPECIFIED. ) ;
#97 = CARTESIAN_POINT ( 'NONE',  ( -1.242640687119243026, 3.000000000000016431, -0.4375000000000068834 ) ) ;
#98 = CARTESIAN_POINT ( 'NONE',  ( -4.446953434432703206E-14, -2.999999999999999112, -7.806255641895631925E-15 ) ) ;
#99 = CARTESIAN_POINT ( 'NONE',  ( -2.350480947161685208, -0.9736010864138902043, -2.687500000000003997 ) ) ;
#100 = FACE_OUTER_BOUND ( 'NONE', #635, .T. ) ;
#101 = CARTESIAN_POINT ( 'NONE',  ( -0.5128066470263390464, -5.477433636193354438, 2.218623693880404701 ) ) ;
#102 = VERTEX_POINT ( 'NONE', #1320 ) ;
#103 = CC_DESIGN_PERSON_AND_ORGANIZATION_ASSIGNMENT ( #714, #1931, ( #510 ) ) ;
#104 = CARTESIAN_POINT ( 'NONE',  ( 3.000000000000000888, -4.924751380291150053E-14, -1.625000000000003553 ) ) ;
#105 = FACE_OUTER_BOUND ( 'NONE', #1835, .T. ) ;
#106 = VERTEX_POINT ( 'NONE', #2095 ) ;
#107 = EDGE_CURVE ( 'NONE', #2073, #1269, #92, .T. ) ;
#108 = CARTESIAN_POINT ( 'NONE',  ( -2.121320343559671695, -2.121320343559612631, 0.8749999999999903411 ) ) ;
#109 = DIRECTION ( 'NONE',  ( -0.000000000000000000, -0.000000000000000000, 1.000000000000000000 ) ) ;
#110 = APPROVAL_STATUS ( 'not_yet_approved' ) ;
#111 = DIRECTION ( 'NONE',  ( 1.000000000000000000, 0.000000000000000000, 0.000000000000000000 ) ) ;
#112 = CARTESIAN_POINT ( 'NONE',  ( -0.3628326624784583010, -2.813373702031207291, 2.213373702031198320 ) ) ;
#113 = CARTESIAN_POINT ( 'NONE',  ( 2.197796273272453996E-13, -3.000000000000000888, 2.400000000000003020 ) ) ;
#114 = CARTESIAN_POINT ( 'NONE',  ( -4.944334498037796344, 2.905737115812995874, 2.075769044246405404 ) ) ;
#115 = CARTESIAN_POINT ( 'NONE',  ( -2.350480947161674106, 3.297056690570518662E-14, 2.374999999999985789 ) ) ;
#116 = FACE_OUTER_BOUND ( 'NONE', #1860, .T. ) ;
#117 = ORIENTED_EDGE ( 'NONE', *, *, #2081, .F. ) ;
#118 = AXIS2_PLACEMENT_3D ( 'NONE', #1223, #2197, #2187 ) ;
#119 = EDGE_CURVE ( 'NONE', #1396, #2560, #1923, .T. ) ;
#120 = CONICAL_SURFACE ( 'NONE', #587, 5.000000000000000888, 1.047197551196600074 ) ;
#121 = CARTESIAN_POINT ( 'NONE',  ( -2.121320343559612631, 2.121320343559671695, -2.375000000000003109 ) ) ;
#122 = CARTESIAN_POINT ( 'NONE',  ( 4.999999999999987566, -0.9239451285083678522, 2.462168926618068188 ) ) ;
#123 = DATE_AND_TIME ( #739, #1971 ) ;
#124 = ADVANCED_FACE ( 'NONE', ( #291 ), #315, .T. ) ;
#125 = CARTESIAN_POINT ( 'NONE',  ( 3.282664145728524506E-14, 2.350480947161672329, -4.000000000000000888 ) ) ;
#126 = CARTESIAN_POINT ( 'NONE',  ( -2.121320343559613519, 2.121320343559672583, -1.250000000000004663 ) ) ;
#127 = DIRECTION ( 'NONE',  ( -5.180255494991589472E-14, 0.7071067811865487940, -0.7071067811865463515 ) ) ;
#128 = CARTESIAN_POINT ( 'NONE',  ( -3.426589594148443986E-14, -2.350480947161672329, -1.500000000000006439 ) ) ;
#129 = CARTESIAN_POINT ( 'NONE',  ( 3.000000000000000888, -5.071708996188832231E-14, 0.3749999999999916733 ) ) ;
#130 = CARTESIAN_POINT ( 'NONE',  ( -1.662041016787775494, 1.662041016787822123, 2.249999999999986233 ) ) ;
#131 = CARTESIAN_POINT ( 'NONE',  ( -5.000000000000011546, -2.742413778650787393, -2.094293635091705852 ) ) ;
#132 = ORIENTED_EDGE ( 'NONE', *, *, #1229, .F. ) ;
#133 = ORIENTED_EDGE ( 'NONE', *, *, #2030, .F. ) ;
#134 = CARTESIAN_POINT ( 'NONE',  ( 3.000000000000015987, 1.242640687119243914, 3.312499999999984901 ) ) ;
#135 = CARTESIAN_POINT ( 'NONE',  ( -5.000000000000011546, -2.742413778650695022, 2.500000000000000000 ) ) ;
#136 = CARTESIAN_POINT ( 'NONE',  ( 2.350480947161658563, -0.9736010864139572618, -2.312500000000004441 ) ) ;
#137 = EDGE_CURVE ( 'NONE', #2129, #1730, #1394, .T. ) ;
#138 = CARTESIAN_POINT ( 'NONE',  ( 1.242640687119329401, 2.999999999999983125, 0.5624999999999917843 ) ) ;
#139 = CC_DESIGN_APPROVAL ( #1288, ( #2573 ) ) ;
#140 = CARTESIAN_POINT ( 'NONE',  ( -5.000000000000001776, 0.9335570432874895630, 2.461162168316521459 ) ) ;
#141 = ORIENTED_EDGE ( 'NONE', *, *, #1472, .T. ) ;
#142 = CARTESIAN_POINT ( 'NONE',  ( -2.350480947161672329, 2.878508968398380730E-16, -2.500000000000000000 ) ) ;
#143 = DIRECTION ( 'NONE',  ( -0.000000000000000000, -0.000000000000000000, 1.000000000000000000 ) ) ;
#144 = ORIENTED_EDGE ( 'NONE', *, *, #558, .T. ) ;
#145 = ORIENTED_EDGE ( 'NONE', *, *, #2577, .T. ) ;
#146 = CARTESIAN_POINT ( 'NONE',  ( -2.350480947161674106, 3.297056690570518662E-14, -3.625000000000001332 ) ) ;
#147 = CARTESIAN_POINT ( 'NONE',  ( 4.912177767335817791, -2.937455535617621294, 2.082374515002244575 ) ) ;
#148 = PERSON_AND_ORGANIZATION_ROLE ( 'design_supplier' ) ;
#149 = CARTESIAN_POINT ( 'NONE',  ( 1.662041016787774161, -1.662041016787821013, -0.3750000000000085487 ) ) ;
#150 = CARTESIAN_POINT ( 'NONE',  ( 2.121320343559673027, 2.121320343559613519, 1.499999999999989120 ) ) ;
#151 = CARTESIAN_POINT ( 'NONE',  ( 0.9736010864138862075, -2.350480947161689649, -1.312500000000006439 ) ) ;
#152 = CARTESIAN_POINT ( 'NONE',  ( -0.4840841738682538087, 2.844878459527140802, -2.279292016067866911 ) ) ;
#153 = EDGE_CURVE ( 'NONE', #1522, #777, #2091, .T. ) ;
#154 = ORIENTED_EDGE ( 'NONE', *, *, #26, .F. ) ;
#155 = CARTESIAN_POINT ( 'NONE',  ( 0.08782223266265315464, -5.722798502227617767, -2.082374514998840631 ) ) ;
#156 = CARTESIAN_POINT ( 'NONE',  ( 2.121320343559613963, -2.121320343559670807, -1.875000000000003997 ) ) ;
#157 = CARTESIAN_POINT ( 'NONE',  ( 2.121320343559673027, 2.121320343559613519, -1.500000000000003997 ) ) ;
#158 = ORIENTED_EDGE ( 'NONE', *, *, #94, .T. ) ;
#159 = EDGE_LOOP ( 'NONE', ( #2169, #352, #2518, #2256 ) ) ;
#160 = CARTESIAN_POINT ( 'NONE',  ( -2.121320343559612631, 2.121320343559671695, 2.624999999999986677 ) ) ;
#161 = CARTESIAN_POINT ( 'NONE',  ( 4.999999999999990230, -1.201851678989724858E-14, 2.500000000000000000 ) ) ;
#162 = AXIS2_PLACEMENT_3D ( 'NONE', #616, #978, #2139 ) ;
#163 = SECURITY_CLASSIFICATION_LEVEL ( 'unclassified' ) ;
#164 = CARTESIAN_POINT ( 'NONE',  ( -0.9736010864138903154, 2.350480947161685208, -0.9375000000000073275 ) ) ;
#165 = CARTESIAN_POINT ( 'NONE',  ( -1.242640687119243914, 3.000000000000018652, 0.6874999999999911182 ) ) ;
#166 = CARTESIAN_POINT ( 'NONE',  ( -4.434358713526469963E-14, -2.350480947161672329, 1.499999999999987566 ) ) ;
#167 = CARTESIAN_POINT ( 'NONE',  ( -2.121320343559612631, 2.121320343559672139, 0.6249999999999910072 ) ) ;
#168 = EDGE_LOOP ( 'NONE', ( #2572, #876, #1562, #25 ) ) ;
#169 = EDGE_CURVE ( 'NONE', #1543, #1664, #870, .T. ) ;
#170 = CARTESIAN_POINT ( 'NONE',  ( -2.999999999999999112, 3.969155488574258884E-14, 0.7499999999999902300 ) ) ;
#171 = CARTESIAN_POINT ( 'NONE',  ( -2.121320343559673915, -2.121320343559609967, -2.125000000000003553 ) ) ;
#172 = CARTESIAN_POINT ( 'NONE',  ( 1.242640687119243026, -3.000000000000019096, -2.812500000000001332 ) ) ;
#173 = ORIENTED_EDGE ( 'NONE', *, *, #591, .F. ) ;
#174 = EDGE_CURVE ( 'NONE', #2084, #2543, #723, .T. ) ;
#175 = ORIENTED_EDGE ( 'NONE', *, *, #1873, .T. ) ;
#176 = CARTESIAN_POINT ( 'NONE',  ( 3.282664145728527030E-14, 2.350480947161674106, -3.875000000000000888 ) ) ;
#177 = DIRECTION ( 'NONE',  ( -1.000000000000000000, 0.000000000000000000, 0.000000000000000000 ) ) ;
#178 = SHAPE_DEFINITION_REPRESENTATION ( #390, #818 ) ;
#179 = CARTESIAN_POINT ( 'NONE',  ( -0.9736010864139561516, -2.350480947161659007, -1.562500000000006661 ) ) ;
#180 = CARTESIAN_POINT ( 'NONE',  ( 2.121320343559613519, -2.121320343559673027, 2.249999999999988010 ) ) ;
#181 = PLANE ( 'NONE',  #2347 ) ;
#182 = CARTESIAN_POINT ( 'NONE',  ( 4.874999999991249666, -2.958920129601875448, -2.094293635094537365 ) ) ;
#183 = VECTOR ( 'NONE', #288, 1000.000000000000000 ) ;
#184 = CARTESIAN_POINT ( 'NONE',  ( -1.662041016787776160, 1.662041016787821235, -1.750000000000005551 ) ) ;
#185 = DIRECTION ( 'NONE',  ( 1.000000000000000000, 0.000000000000000000, 0.000000000000000000 ) ) ;
#186 = CARTESIAN_POINT ( 'NONE',  ( -1.242640687119243914, 3.000000000000018652, -3.312500000000000444 ) ) ;
#187 = EDGE_LOOP ( 'NONE', ( #1549, #1305, #509, #329 ) ) ;
#188 = ORIENTED_EDGE ( 'NONE', *, *, #1131, .F. ) ;
#189 = ADVANCED_FACE ( 'NONE', ( #1349, #593 ), #366, .F. ) ;
#190 = B_SPLINE_CURVE_WITH_KNOTS ( 'NONE', 3,
 ( #783, #1001, #1568, #1616, #8, #404, #2002, #1187, #625, #2211, #2394, #437, #1412, #1777, #588, #2370, #2188, #1988, #1212, #2011, #1423, #2222, #1224, #230, #207, #219, #1812, #2023, #975, #1374, #284, #2445 ),
 .UNSPECIFIED., .F., .F.,
 ( 4, 2, 2, 2, 2, 2, 2, 2, 2, 2, 2, 2, 2, 2, 2, 4 ),
 ( 0.005793158022524292836, 0.006331190948912135928, 0.006869223875299979021, 0.007407256801687822113, 0.007945289728075665206, 0.008483322654463507431, 0.009021355580851351391, 0.009559388507239193616, 0.01009742143362703584, 0.01117348728640272376, 0.01171152021279056772, 0.01224955313917840995, 0.01278758606556625217, 0.01332561899195409440, 0.01386365191834193662, 0.01440168484472977885 ),
 .UNSPECIFIED. ) ;
#191 = CARTESIAN_POINT ( 'NONE',  ( 2.121320343559612631, -2.121320343559672139, 1.124999999999989786 ) ) ;
#192 = CARTESIAN_POINT ( 'NONE',  ( 0.000000000000000000, 0.000000000000000000, 2.500000000000000000 ) ) ;
#193 = CARTESIAN_POINT ( 'NONE',  ( 2.350480947161684764, 0.9736010864138906484, 0.8124999999999885647 ) ) ;
#194 = CARTESIAN_POINT ( 'NONE',  ( 0.000000000000000000, 0.000000000000000000, 10.98528137423856776 ) ) ;
#195 = CARTESIAN_POINT ( 'NONE',  ( -1.782709015994450530, 1.879600284112465491, 1.985330040136186858 ) ) ;
#196 = DIRECTION ( 'NONE',  ( 0.000000000000000000, 0.000000000000000000, -1.000000000000000000 ) ) ;
#197 = CARTESIAN_POINT ( 'NONE',  ( -2.350480947161657230, 0.9736010864139611476, -1.687500000000005773 ) ) ;
#198 = CARTESIAN_POINT ( 'NONE',  ( -4.520432242381546820E-14, -3.000000000000000888, 0.1249999999999923117 ) ) ;
#199 = CARTESIAN_POINT ( 'NONE',  ( 4.189777606611761289E-14, 3.000000000000000888, -3.375000000000000000 ) ) ;
#200 = VERTEX_POINT ( 'NONE', #787 ) ;
#201 = APPLICATION_CONTEXT ( 'configuration controlled 3d designs of mechanical parts and assemblies' ) ;
#202 = ORIENTED_EDGE ( 'NONE', *, *, #875, .T. ) ;
#203 = CARTESIAN_POINT ( 'NONE',  ( -2.350480947161674106, 3.167378296773295691E-14, 1.374999999999988232 ) ) ;
#204 = EDGE_CURVE ( 'NONE', #1746, #1269, #615, .T. ) ;
#205 = AXIS2_PLACEMENT_3D ( 'NONE', #834, #1607, #2203 ) ;
#206 = CARTESIAN_POINT ( 'NONE',  ( 4.630650454304809084E-14, 3.000000000000000888, 1.624999999999989342 ) ) ;
#207 = CARTESIAN_POINT ( 'NONE',  ( -2.307668024368345616, -1.667398004423300106, -2.241339914576184089 ) ) ;
#208 = ADVANCED_FACE ( 'NONE', ( #1954 ), #2, .F. ) ;
#209 = CARTESIAN_POINT ( 'NONE',  ( 2.246089892904527208, 0.8197772825524087814, 1.785385896017045670 ) ) ;
#210 = AXIS2_PLACEMENT_3D ( 'NONE', #1581, #799, #2565 ) ;
#211 = CARTESIAN_POINT ( 'NONE',  ( -3.484159773516414302E-14, -2.350480947161674106, -0.3750000000000081601 ) ) ;
#212 = AXIS2_PLACEMENT_3D ( 'NONE', #1940, #775, #949 ) ;
#213 = CARTESIAN_POINT ( 'NONE',  ( -2.667163336986822397, -1.335381366844111548E-14, 2.067163336986825861 ) ) ;
#214 = CARTESIAN_POINT ( 'NONE',  ( -4.875000000000025757, -2.958920129596796400, 2.094293635091727612 ) ) ;
#215 = CARTESIAN_POINT ( 'NONE',  ( -2.121320343559613519, 2.121320343559672583, -4.249999999999997335 ) ) ;
#216 = ORIENTED_EDGE ( 'NONE', *, *, #858, .F. ) ;
#217 = ORIENTED_EDGE ( 'NONE', *, *, #1790, .T. ) ;
#218 = DIRECTION ( 'NONE',  ( 0.000000000000000000, 0.000000000000000000, -1.000000000000000000 ) ) ;
#219 = CARTESIAN_POINT ( 'NONE',  ( -2.510366071253548270, -1.370041613883554055, -2.254227834247035211 ) ) ;
#220 = CARTESIAN_POINT ( 'NONE',  ( -2.999999999999999112, 0.000000000000000000, 10.98528137423856776 ) ) ;
#221 = CARTESIAN_POINT ( 'NONE',  ( 2.499999999999990674, -4.330127018922199866, 2.500000000000000000 ) ) ;
#222 = EDGE_CURVE ( 'NONE', #1622, #657, #1407, .T. ) ;
#223 = B_SPLINE_CURVE_WITH_KNOTS ( 'NONE', 3,
 ( #1237, #450, #1838, #1655, #1627, #1682 ),
 .UNSPECIFIED., .F., .F.,
 ( 4, 2, 4 ),
 ( 0.01594668675114453704, 0.01733316058920762737, 0.01871963442727071422 ),
 .UNSPECIFIED. ) ;
#224 = DIRECTION ( 'NONE',  ( 1.000000000000000000, 0.000000000000000000, 0.000000000000000000 ) ) ;
#225 = CARTESIAN_POINT ( 'NONE',  ( 2.628963015762329380, 0.8962876370916332824, 2.168482444415479993 ) ) ;
#226 = VERTEX_POINT ( 'NONE', #1939 ) ;
#227 = AXIS2_PLACEMENT_3D ( 'NONE', #1204, #2003, #2420 ) ;
#228 = VERTEX_POINT ( 'NONE', #2556 ) ;
#229 = DIRECTION ( 'NONE',  ( 1.000000000000000000, 0.000000000000000000, 0.000000000000000000 ) ) ;
#230 = CARTESIAN_POINT ( 'NONE',  ( -2.193360390609050636, -1.805240050214381720, -2.235036765592947727 ) ) ;
#231 = FACE_OUTER_BOUND ( 'NONE', #1534, .T. ) ;
#232 = CARTESIAN_POINT ( 'NONE',  ( -5.000000000000010658, -2.785358687118349330, -2.082370150261919406 ) ) ;
#233 = CARTESIAN_POINT ( 'NONE',  ( 4.999999999999997335, 2.742413778650720335, -2.094293635091732053 ) ) ;
#234 = LINE ( 'NONE', #2388, #710 ) ;
#235 = EDGE_CURVE ( 'NONE', #1040, #939, #1165, .T. ) ;
#236 = CARTESIAN_POINT ( 'NONE',  ( 1.242640687119326515, 2.999999999999984013, -0.4375000000000064393 ) ) ;
#237 = VERTEX_POINT ( 'NONE', #213 ) ;
#238 =( BOUNDED_CURVE ( )  B_SPLINE_CURVE ( 2, ( #1449, #297, #2459, #882, #98, #1463, #1670, #465, #844 ),
 .UNSPECIFIED., .F., .F. ) 
 B_SPLINE_CURVE_WITH_KNOTS ( ( 3, 2, 2, 2, 3 ),
 ( 0.4642857142857142461, 0.4821428571428570953, 0.5000000000000000000, 0.5178571428571429047, 0.5357142857142856984 ),
 .UNSPECIFIED. ) 
 CURVE ( )  GEOMETRIC_REPRESENTATION_ITEM ( )  RATIONAL_B_SPLINE_CURVE ( ( 1.000000000000000222, 0.9238795325112865164, 1.000000000000000000, 0.9238795325112867385, 1.000000000000000000, 0.9238795325112867385, 1.000000000000000000, 0.9238795325112867385, 1.000000000000000000 ) ) 
 REPRESENTATION_ITEM ( '' )  );
#239 = CARTESIAN_POINT ( 'NONE',  ( -2.350480947161674106, 3.297056690570518662E-14, -0.6250000000000078826 ) ) ;
#240 = ORIENTED_EDGE ( 'NONE', *, *, #2563, .F. ) ;
#241 = CARTESIAN_POINT ( 'NONE',  ( -5.000000000000011546, -2.886751345948101566, 2.500000000000000000 ) ) ;
#242 = LINE ( 'NONE', #1538, #1200 ) ;
#243 = CARTESIAN_POINT ( 'NONE',  ( -5.000000000000011546, -2.785342966609243298, 2.082374514999379755 ) ) ;
#244 = DIRECTION ( 'NONE',  ( -1.000000000000000000, 0.000000000000000000, 0.000000000000000000 ) ) ;
#245 = VECTOR ( 'NONE', #721, 1000.000000000000000 ) ;
#246 = CARTESIAN_POINT ( 'NONE',  ( -3.484159773516411147E-14, -2.350480947161672329, -0.5000000000000082157 ) ) ;
#247 = VECTOR ( 'NONE', #218, 1000.000000000000000 ) ;
#248 = CARTESIAN_POINT ( 'NONE',  ( 1.662041016787775050, -1.662041016787822345, 0.7499999999999893419 ) ) ;
#249 = VERTEX_POINT ( 'NONE', #774 ) ;
#250 = EDGE_CURVE ( 'NONE', #293, #1040, #1362, .T. ) ;
#251 = CARTESIAN_POINT ( 'NONE',  ( -3.311449235412511557E-14, -2.350480947161674106, 1.624999999999987566 ) ) ;
#252 = CARTESIAN_POINT ( 'NONE',  ( 3.000000000000000888, -5.071708996188832231E-14, 0.3749999999999916733 ) ) ;
#253 = VECTOR ( 'NONE', #1014, 1000.000000000000000 ) ;
#254 = ORIENTED_EDGE ( 'NONE', *, *, #2480, .F. ) ;
#255 = EDGE_CURVE ( 'NONE', #1895, #1925, #1529, .T. ) ;
#256 = B_SPLINE_CURVE_WITH_KNOTS ( 'NONE', 3,
 ( #34, #1621, #2424, #643, #1830, #1599, #2042, #862, #47, #1635 ),
 .UNSPECIFIED., .F., .F.,
 ( 4, 2, 2, 2, 4 ),
 ( 0.01440168484472977885, 0.01509845972974702306, 0.01579523461476426555, 0.01649200949978150976, 0.01718878438479875398 ),
 .UNSPECIFIED. ) ;
#257 = CARTESIAN_POINT ( 'NONE',  ( -4.999999999999997335, 2.742413778650735434, 2.094293635091727168 ) ) ;
#258 = CARTESIAN_POINT ( 'NONE',  ( 4.999999999999987566, -0.9239451285083956078, -2.462168926618066411 ) ) ;
#259 = PERSON_AND_ORGANIZATION ( #313, #1425 ) ;
#260 = CARTESIAN_POINT ( 'NONE',  ( -0.9736010864138839871, 2.350480947161688317, 1.062499999999988010 ) ) ;
#261 = CARTESIAN_POINT ( 'NONE',  ( 2.197796273272453744E-13, -3.000000000000000888, 2.125000000000001776 ) ) ;
#262 = CARTESIAN_POINT ( 'NONE',  ( 4.999999999999997335, 2.742413778650720335, 2.094293635091732053 ) ) ;
#263 = CARTESIAN_POINT ( 'NONE',  ( 2.675115935435227410, 0.2224197648479655787, 2.075115935436416592 ) ) ;
#264 = ORIENTED_EDGE ( 'NONE', *, *, #2431, .T. ) ;
#265 = CARTESIAN_POINT ( 'NONE',  ( 2.350480947161660339, -0.9736010864139578169, -2.187500000000004885 ) ) ;
#266 = CARTESIAN_POINT ( 'NONE',  ( -2.999999999999999112, 3.969155488574258884E-14, 0.7499999999999902300 ) ) ;
#267 = VERTEX_POINT ( 'NONE', #1004 ) ;
#268 = CONICAL_SURFACE ( 'NONE', #1717, 3.099999999999999201, 0.7853981633974500554 ) ;
#269 = EDGE_CURVE ( 'NONE', #1444, #342, #2401, .T. ) ;
#270 = CARTESIAN_POINT ( 'NONE',  ( -3.000000000000016431, -1.242640687119242804, 0.8124999999999905631 ) ) ;
#271 = CARTESIAN_POINT ( 'NONE',  ( 2.121320343559612631, -2.121320343559673471, 1.249999999999989786 ) ) ;
#272 =( LENGTH_UNIT ( ) NAMED_UNIT ( * ) SI_UNIT ( .MILLI., .METRE. ) );
#273 = CARTESIAN_POINT ( 'NONE',  ( 2.350480947161684764, 0.9736010864138906484, -3.187500000000002665 ) ) ;
#274 = DIRECTION ( 'NONE',  ( -1.000000000000000000, 0.000000000000000000, 0.000000000000000000 ) ) ;
#275 = DIRECTION ( 'NONE',  ( 1.000000000000000000, 0.000000000000000000, 0.000000000000000000 ) ) ;
#276 = CARTESIAN_POINT ( 'NONE',  ( -2.350480947161674106, 3.109808117405327899E-14, 0.3749999999999898970 ) ) ;
#277 = ORIENTED_EDGE ( 'NONE', *, *, #40, .T. ) ;
#278 = CARTESIAN_POINT ( 'NONE',  ( 2.350480947161660339, -0.9736010864139578169, -1.187500000000006661 ) ) ;
#279 = DIRECTION ( 'NONE',  ( 1.000000000000000000, -2.664535259100375697E-15, 0.000000000000000000 ) ) ;
#280 = B_SPLINE_CURVE_WITH_KNOTS ( 'NONE', 3,
 ( #1545, #1981, #383, #550, #2126, #2321 ),
 .UNSPECIFIED., .F., .F.,
 ( 4, 2, 4 ),
 ( 1.013066153947027023E-16, 0.0001318968453401077811, 0.0002637936906801142435 ),
 .UNSPECIFIED. ) ;
#281 = VERTEX_POINT ( 'NONE', #1227 ) ;
#282 = ADVANCED_FACE ( 'NONE', ( #1452 ), #994, .F. ) ;
#283 = CARTESIAN_POINT ( 'NONE',  ( 1.242640687119328735, 2.999999999999980904, -1.562500000000004663 ) ) ;
#284 = CARTESIAN_POINT ( 'NONE',  ( -2.899013071857180268, -0.1788850132314651897, -2.299013071857185064 ) ) ;
#285 = FACE_OUTER_BOUND ( 'NONE', #302, .T. ) ;
#286 = CARTESIAN_POINT ( 'NONE',  ( 1.996197150138860454, 1.557815404769304912, -1.920589675990114431 ) ) ;
#287 = ADVANCED_FACE ( 'NONE', ( #1049 ), #1013, .F. ) ;
#288 = DIRECTION ( 'NONE',  ( -0.000000000000000000, -0.000000000000000000, 1.000000000000000000 ) ) ;
#289 = CARTESIAN_POINT ( 'NONE',  ( 2.623081526974899713, -0.1631091764241822673, 2.023081526973984356 ) ) ;
#290 = ORIENTED_EDGE ( 'NONE', *, *, #1148, .F. ) ;
#291 = FACE_OUTER_BOUND ( 'NONE', #1168, .T. ) ;
#292 = CARTESIAN_POINT ( 'NONE',  ( -5.000000000000000888, 1.201851678989730854E-14, -2.500000000000000000 ) ) ;
#293 = VERTEX_POINT ( 'NONE', #1440 ) ;
#294 = AXIS2_PLACEMENT_3D ( 'NONE', #2227, #2422, #1403 ) ;
#295 = VECTOR ( 'NONE', #2115, 1000.000000000000000 ) ;
#296 = CARTESIAN_POINT ( 'NONE',  ( 3.000000000000015987, 1.242640687119243914, -2.687500000000002220 ) ) ;
#297 = CARTESIAN_POINT ( 'NONE',  ( -3.000000000000019984, -1.242640687119238807, -0.1875000000000077716 ) ) ;
#298 = CARTESIAN_POINT ( 'NONE',  ( -1.662041016787774161, 1.662041016787820791, -2.875000000000003553 ) ) ;
#299 = CARTESIAN_POINT ( 'NONE',  ( -2.121320343559612631, 2.121320343559671695, -0.3750000000000072720 ) ) ;
#300 = CARTESIAN_POINT ( 'NONE',  ( -0.1250000000003905765, -5.701333908247313786, 2.094293635091864392 ) ) ;
#301 = EDGE_CURVE ( 'NONE', #1444, #633, #906, .T. ) ;
#302 = EDGE_LOOP ( 'NONE', ( #1030, #1293, #924, #670 ) ) ;
#303 = CARTESIAN_POINT ( 'NONE',  ( -3.305114237282273049, 3.865294097298879183, 2.461540575954403565 ) ) ;
#304 = CARTESIAN_POINT ( 'NONE',  ( 0.000000000000000000, 0.000000000000000000, -2.500000000000000000 ) ) ;
#305 = ORIENTED_EDGE ( 'NONE', *, *, #745, .T. ) ;
#306 = CARTESIAN_POINT ( 'NONE',  ( 4.189777606611758764E-14, 2.999999999999999112, 0.4999999999999908962 ) ) ;
#307 = FACE_OUTER_BOUND ( 'NONE', #1426, .T. ) ;
#308 = CARTESIAN_POINT ( 'NONE',  ( 2.350480947161686096, 0.9736010864138889831, -0.1875000000000092981 ) ) ;
#309 = CARTESIAN_POINT ( 'NONE',  ( 3.282664145728524506E-14, 2.350480947161672329, -3.000000000000003109 ) ) ;
#310 = CARTESIAN_POINT ( 'NONE',  ( 2.097316833882060472, 4.562616253278521050, -2.500000000000002220 ) ) ;
#311 = CARTESIAN_POINT ( 'NONE',  ( -3.000000000000000888, 3.895676680625419688E-14, -1.125000000000004885 ) ) ;
#312 = ORIENTED_EDGE ( 'NONE', *, *, #2164, .F. ) ;
#313 = PERSON ( 'UNSPECIFIED', 'UNSPECIFIED', 'UNSPECIFIED', ('UNSPECIFIED'), ('UNSPECIFIED'), ('UNSPECIFIED') ) ;
#314 = EDGE_CURVE ( 'NONE', #1098, #1649, #2438, .T. ) ;
#315 = CYLINDRICAL_SURFACE ( 'NONE', #2369, 0.2500000000000002220 ) ;
#316 = CARTESIAN_POINT ( 'NONE',  ( 5.000000000000000888, -1.201851678989727383E-14, -2.500000000000000000 ) ) ;
#317 = VERTEX_POINT ( 'NONE', #2015 ) ;
#318 =( BOUNDED_CURVE ( )  B_SPLINE_CURVE ( 2, ( #1146, #1950, #932, #976, #2523 ),
 .UNSPECIFIED., .F., .T. ) 
 B_SPLINE_CURVE_WITH_KNOTS ( ( 3, 2, 3 ),
 ( 0.8214285714285713969, 0.8392857142857143016, 0.8429912644623551721 ),
 .UNSPECIFIED. ) 
 CURVE ( )  GEOMETRIC_REPRESENTATION_ITEM ( )  RATIONAL_B_SPLINE_CURVE ( ( 1.000000000000000000, 0.9238795325112867385, 1.000000000000000000, 0.9842041801420677860, 0.9749639670273874126 ) ) 
 REPRESENTATION_ITEM ( '' )  );
#319 = CARTESIAN_POINT ( 'NONE',  ( 1.242640687119242804, -3.000000000000018208, -0.9375000000000062172 ) ) ;
#320 = CARTESIAN_POINT ( 'NONE',  ( -3.000000000000019984, -1.242640687119239695, -1.187500000000005773 ) ) ;
#321 = CARTESIAN_POINT ( 'NONE',  ( 2.264614485920637410, 1.156756573506545038, -1.940065490170949758 ) ) ;
#322 = CARTESIAN_POINT ( 'NONE',  ( -4.226517010586181833E-14, -3.000000000000000888, 1.124999999999990674 ) ) ;
#323 = CARTESIAN_POINT ( 'NONE',  ( 4.999999999999992895, 1.848661140044566054, -2.319546572516465677 ) ) ;
#324 = CARTESIAN_POINT ( 'NONE',  ( 3.000000000000023093, 1.242640687119235032, 1.312499999999988898 ) ) ;
#325 = DIRECTION ( 'NONE',  ( -1.000000000000000000, 0.000000000000000000, 0.000000000000000000 ) ) ;
#326 = CARTESIAN_POINT ( 'NONE',  ( -2.350480947161674106, 3.109808117405327899E-14, 0.3749999999999898970 ) ) ;
#327 = ORIENTED_EDGE ( 'NONE', *, *, #1379, .F. ) ;
#328 = AXIS2_PLACEMENT_3D ( 'NONE', #1642, #1263, #2247 ) ;
#329 = ORIENTED_EDGE ( 'NONE', *, *, #1058, .F. ) ;
#330 = EDGE_CURVE ( 'NONE', #106, #1444, #2215, .T. ) ;
#331 = CARTESIAN_POINT ( 'NONE',  ( 2.121320343559672139, 2.121320343559612187, 2.374999999999986677 ) ) ;
#332 = CARTESIAN_POINT ( 'NONE',  ( 4.999999999999993783, 0.9335570433344900776, 2.461162168310316201 ) ) ;
#333 = CARTESIAN_POINT ( 'NONE',  ( -2.350480947161659007, 0.9736010864139559295, 1.187499999999988010 ) ) ;
#334 =( BOUNDED_CURVE ( )  B_SPLINE_CURVE ( 2, ( #1802, #29, #1764, #1387, #1020, #1594, #2406, #830, #2198 ),
 .UNSPECIFIED., .F., .F. ) 
 B_SPLINE_CURVE_WITH_KNOTS ( ( 3, 2, 2, 2, 3 ),
 ( 0.7500000000000000000, 0.7678571428571429047, 0.7857142857142856984, 0.8035714285714286031, 0.8214285714285713969 ),
 .UNSPECIFIED. ) 
 CURVE ( )  GEOMETRIC_REPRESENTATION_ITEM ( )  RATIONAL_B_SPLINE_CURVE ( ( 1.000000000000000000, 0.9238795325112867385, 1.000000000000000000, 0.9238795325112867385, 1.000000000000000000, 0.9238795325112867385, 1.000000000000000000, 0.9238795325112867385, 1.000000000000000000 ) ) 
 REPRESENTATION_ITEM ( '' )  );
#335 = CARTESIAN_POINT ( 'NONE',  ( 2.121320343559673027, 2.121320343559613519, 0.4999999999999917843 ) ) ;
#336 = CARTESIAN_POINT ( 'NONE',  ( -0.9736010864139589271, -2.350480947161659895, -1.437500000000006439 ) ) ;
#337 = CARTESIAN_POINT ( 'NONE',  ( -0.9736010864139581500, -2.350480947161658118, -1.562500000000006217 ) ) ;
#338 = CARTESIAN_POINT ( 'NONE',  ( 4.999999999999990230, -1.201851678989724858E-14, 2.500000000000000000 ) ) ;
#339 = CARTESIAN_POINT ( 'NONE',  ( 2.121320343559613519, -2.121320343559673027, 0.2499999999999924227 ) ) ;
#340 = ORIENTED_EDGE ( 'NONE', *, *, #119, .F. ) ;
#341 = PRODUCT_RELATED_PRODUCT_CATEGORY ( 'detail', '', ( #1332 ) ) ;
#342 = VERTEX_POINT ( 'NONE', #1815 ) ;
#343 = CARTESIAN_POINT ( 'NONE',  ( 2.350480947161660339, -0.9736010864139578169, -3.187500000000002220 ) ) ;
#344 = CARTESIAN_POINT ( 'NONE',  ( 0.5128066470263428211, 5.477433636193374866, 2.218623693880393155 ) ) ;
#345 = ADVANCED_FACE ( 'NONE', ( #32 ), #1993, .F. ) ;
#346 = APPROVAL_STATUS ( 'not_yet_approved' ) ;
#347 = CARTESIAN_POINT ( 'NONE',  ( -2.350480947161685208, -0.9736010864138902043, -0.6875000000000078826 ) ) ;
#348 = CARTESIAN_POINT ( 'NONE',  ( -3.000000000000000888, 4.208147308598971561E-14, -1.125000000000004885 ) ) ;
#349 = EDGE_CURVE ( 'NONE', #2379, #819, #1205, .T. ) ;
#350 = DIRECTION ( 'NONE',  ( 0.000000000000000000, 0.000000000000000000, 1.000000000000000000 ) ) ;
#351 = CARTESIAN_POINT ( 'NONE',  ( 1.242640687119325626, 2.999999999999982236, 0.4374999999999908962 ) ) ;
#352 = ORIENTED_EDGE ( 'NONE', *, *, #119, .T. ) ;
#353 = CARTESIAN_POINT ( 'NONE',  ( 4.944627966067979941, 2.905387286969255634, 2.075725291386873561 ) ) ;
#354 = DIRECTION ( 'NONE',  ( -1.000000000000000000, 0.000000000000000000, 0.000000000000000000 ) ) ;
#355 = CARTESIAN_POINT ( 'NONE',  ( -1.242640687119328069, -2.999999999999984457, -2.937500000000001776 ) ) ;
#356 = ORIENTED_EDGE ( 'NONE', *, *, #1726, .F. ) ;
#357 = ORIENTED_EDGE ( 'NONE', *, *, #668, .F. ) ;
#358 = CARTESIAN_POINT ( 'NONE',  ( 1.662041016787775494, -1.662041016787822345, -3.250000000000002220 ) ) ;
#359 = DIRECTION ( 'NONE',  ( 0.000000000000000000, 0.000000000000000000, -1.000000000000000000 ) ) ;
#360 = CARTESIAN_POINT ( 'NONE',  ( 2.350480947161684764, 0.9736010864138906484, -1.187500000000007105 ) ) ;
#361 = CARTESIAN_POINT ( 'NONE',  ( -1.242640687119328069, -2.999999999999984457, 0.06249999999999224926 ) ) ;
#362 = CARTESIAN_POINT ( 'NONE',  ( -1.662041016787824121, -1.662041016787771053, 0.3749999999999898970 ) ) ;
#363 = CARTESIAN_POINT ( 'NONE',  ( -2.999999999999999112, 4.355104924496651845E-14, -1.250000000000005551 ) ) ;
#364 = ORIENTED_EDGE ( 'NONE', *, *, #1311, .F. ) ;
#365 = ADVANCED_FACE ( 'NONE', ( #2026 ), #2535, .T. ) ;
#366 = PLANE ( 'NONE',  #1693 ) ;
#367 = CYLINDRICAL_SURFACE ( 'NONE', #956, 2.350480947161672329 ) ;
#368 = CARTESIAN_POINT ( 'NONE',  ( -3.000000000000000888, 4.208147308598971561E-14, -3.125000000000000444 ) ) ;
#369 = ORIENTED_EDGE ( 'NONE', *, *, #1044, .F. ) ;
#370 = ORIENTED_EDGE ( 'NONE', *, *, #1456, .F. ) ;
#371 = CARTESIAN_POINT ( 'NONE',  ( -1.242640687119243026, 3.000000000000016431, 2.562499999999986677 ) ) ;
#372 = CARTESIAN_POINT ( 'NONE',  ( -0.9736010864138845422, 2.350480947161690537, 1.187499999999988010 ) ) ;
#373 = AXIS2_PLACEMENT_3D ( 'NONE', #856, #2022, #229 ) ;
#374 = CARTESIAN_POINT ( 'NONE',  ( 2.350480947161658563, -0.9736010864139572618, -0.3125000000000089928 ) ) ;
#375 = AXIS2_PLACEMENT_3D ( 'NONE', #1103, #895, #884 ) ;
#376 = CARTESIAN_POINT ( 'NONE',  ( -1.242640687119328069, -2.999999999999984457, 2.062499999999988010 ) ) ;
#377 = CARTESIAN_POINT ( 'NONE',  ( 9.188193489042729045E-14, -3.000000000000000888, 2.124999999999995115 ) ) ;
#378 = AXIS2_PLACEMENT_3D ( 'NONE', #780, #1762, #2381 ) ;
#379 = CARTESIAN_POINT ( 'NONE',  ( 4.988609408031171810, -2.829050722205858293, -2.075769044245872941 ) ) ;
#380 = CARTESIAN_POINT ( 'NONE',  ( -4.226517010586179309E-14, -2.999999999999999112, -3.000000000000001776 ) ) ;
#381 = B_SPLINE_CURVE_WITH_KNOTS ( 'NONE', 3,
 ( #849, #1242, #432, #1219, #1430, #1051 ),
 .UNSPECIFIED., .F., .F.,
 ( 4, 2, 4 ),
 ( 4.360004960050770242E-16, 0.0001318968453402459356, 0.0002637936906800558592 ),
 .UNSPECIFIED. ) ;
#382 = DIRECTION ( 'NONE',  ( -1.000000000000000000, 0.000000000000000000, 0.000000000000000000 ) ) ;
#383 = CARTESIAN_POINT ( 'NONE',  ( 0.04427490999448525227, 5.734787838015003913, 2.075769044246407624 ) ) ;
#384 = EDGE_CURVE ( 'NONE', #1079, #1052, #847, .T. ) ;
#385 = CARTESIAN_POINT ( 'NONE',  ( 2.350480947161684764, 0.9736010864138906484, 2.812499999999984013 ) ) ;
#386 = VERTEX_POINT ( 'NONE', #233 ) ;
#387 = VERTEX_POINT ( 'NONE', #654 ) ;
#388 = CARTESIAN_POINT ( 'NONE',  ( -3.000000000000016431, -1.242640687119242804, 2.812499999999985789 ) ) ;
#389 = CYLINDRICAL_SURFACE ( 'NONE', #2537, 0.2500000000000002220 ) ;
#390 = PRODUCT_DEFINITION_SHAPE ( 'NONE', 'NONE',  #2573 ) ;
#391 = CARTESIAN_POINT ( 'NONE',  ( -3.311449235412509033E-14, -2.350480947161672329, 1.499999999999987566 ) ) ;
#392 = CARTESIAN_POINT ( 'NONE',  ( 3.000000000000016431, 1.242640687119243248, -1.687500000000004219 ) ) ;
#393 = CARTESIAN_POINT ( 'NONE',  ( 0.6818089985886912618, 2.391033568824257660, 1.880963491041392377 ) ) ;
#394 = CARTESIAN_POINT ( 'NONE',  ( -5.000000000000003553, 0.4639686512353304315, 2.499999999999997780 ) ) ;
#395 = CARTESIAN_POINT ( 'NONE',  ( -1.753773599912955783, 2.433984009856323016, -2.399999999993959854 ) ) ;
#396 = DIRECTION ( 'NONE',  ( 0.000000000000000000, 0.000000000000000000, -1.000000000000000000 ) ) ;
#397 = CARTESIAN_POINT ( 'NONE',  ( -1.242640687119328069, -2.999999999999984457, -1.937500000000002887 ) ) ;
#398 = VERTEX_POINT ( 'NONE', #1660 ) ;
#399 = ADVANCED_FACE ( 'NONE', ( #1415, #441 ), #1633, .T. ) ;
#400 = VERTEX_POINT ( 'NONE', #1253 ) ;
#401 = CARTESIAN_POINT ( 'NONE',  ( -3.000000000000000888, 4.042634296523102497E-14, 0.8749999999999912292 ) ) ;
#402 = CARTESIAN_POINT ( 'NONE',  ( 1.662041016787821013, 1.662041016787773939, 1.874999999999986011 ) ) ;
#403 = CARTESIAN_POINT ( 'NONE',  ( 3.000000000000000888, -5.145187804137673320E-14, 1.374999999999990008 ) ) ;
#404 = CARTESIAN_POINT ( 'NONE',  ( 2.342065929331846430, -1.224562993541060019, -2.036789860155092224 ) ) ;
#405 = CARTESIAN_POINT ( 'NONE',  ( -0.4577540047929522515, 2.490138894456433327, 1.926589647607194866 ) ) ;
#406 =( BOUNDED_CURVE ( )  B_SPLINE_CURVE ( 2, ( #2293, #1675, #704, #2475, #1663 ),
 .UNSPECIFIED., .F., .T. ) 
 B_SPLINE_CURVE_WITH_KNOTS ( ( 3, 2, 3 ),
 ( 0.8928571428571427937, 0.9107142857142865866, 0.9285714285714304905 ),
 .UNSPECIFIED. ) 
 CURVE ( )  GEOMETRIC_REPRESENTATION_ITEM ( )  RATIONAL_B_SPLINE_CURVE ( ( 1.000000000000000444, 0.9238795325112862944, 1.000000000000000000, 0.9238795325112787449, 1.000000000000007994 ) ) 
 REPRESENTATION_ITEM ( '' )  );
#407 = CARTESIAN_POINT ( 'NONE',  ( 4.999999999999998224, 2.785342966609269943, 2.082374514999405513 ) ) ;
#408 = CARTESIAN_POINT ( 'NONE',  ( 2.999999999999982236, -1.242640687119331178, -1.687500000000003997 ) ) ;
#409 = CARTESIAN_POINT ( 'NONE',  ( 3.000000000000000888, -4.244886712573392105E-14, -1.625000000000003553 ) ) ;
#410 = ORIENTED_EDGE ( 'NONE', *, *, #89, .F. ) ;
#411 = B_SPLINE_CURVE_WITH_KNOTS ( 'NONE', 3,
 ( #1330, #562, #2161, #2135 ),
 .UNSPECIFIED., .F., .F.,
 ( 4, 4 ),
 ( 0.0001489213604350445150, 0.002921158011986696012 ),
 .UNSPECIFIED. ) ;
#412 = ORIENTED_EDGE ( 'NONE', *, *, #1456, .T. ) ;
#413 = EDGE_CURVE ( 'NONE', #1396, #1983, #1672, .T. ) ;
#414 = DIRECTION ( 'NONE',  ( 0.000000000000000000, 0.000000000000000000, -1.000000000000000000 ) ) ;
#415 = DIRECTION ( 'NONE',  ( -0.000000000000000000, -0.000000000000000000, 1.000000000000000000 ) ) ;
#416 = CYLINDRICAL_SURFACE ( 'NONE', #227, 2.999999999999999112 ) ;
#417 = AXIS2_PLACEMENT_3D ( 'NONE', #1596, #1606, #244 ) ;
#418 = CARTESIAN_POINT ( 'NONE',  ( 0.1249999999999782119, -5.701333908247543825, 2.094293635091736050 ) ) ;
#419 = VECTOR ( 'NONE', #556, 1000.000000000000000 ) ;
#420 = CARTESIAN_POINT ( 'NONE',  ( -2.350480947161672329, 3.052237938037358214E-14, -0.7500000000000079936 ) ) ;
#421 = LINE ( 'NONE', #2006, #253 ) ;
#422 = CARTESIAN_POINT ( 'NONE',  ( 2.350480947161674106, -3.973651788363435027E-14, 0.8749999999999886757 ) ) ;
#423 = ORIENTED_EDGE ( 'NONE', *, *, #2480, .T. ) ;
#424 = ORIENTED_EDGE ( 'NONE', *, *, #2111, .F. ) ;
#425 = EDGE_CURVE ( 'NONE', #463, #2029, #665, .T. ) ;
#426 = CARTESIAN_POINT ( 'NONE',  ( 9.814638822943567301E-15, 5.773502691896259087, 2.500000000000000000 ) ) ;
#427 = FACE_OUTER_BOUND ( 'NONE', #1639, .T. ) ;
#428 = DIRECTION ( 'NONE',  ( -1.000000000000000000, 0.000000000000000000, 0.000000000000000000 ) ) ;
#429 = CARTESIAN_POINT ( 'NONE',  ( -1.656738425831113526, 1.667326744026102814, -1.750480947161676237 ) ) ;
#430 = CARTESIAN_POINT ( 'NONE',  ( -0.1250000000087377883, -5.701333908242493642, -2.094293635094540473 ) ) ;
#431 = CARTESIAN_POINT ( 'NONE',  ( -3.308491562883436377, -3.863344197453881357, 2.500000000000012879 ) ) ;
#432 = CARTESIAN_POINT ( 'NONE',  ( 4.944334498038253756, 2.905737115812391025, -2.075769044246353445 ) ) ;
#433 = VERTEX_POINT ( 'NONE', #2055 ) ;
#434 = CARTESIAN_POINT ( 'NONE',  ( 1.662041016787822345, 1.662041016787775050, -9.107298248878237246E-15 ) ) ;
#435 = ORIENTED_EDGE ( 'NONE', *, *, #1131, .T. ) ;
#436 = FACE_OUTER_BOUND ( 'NONE', #1085, .T. ) ;
#437 = CARTESIAN_POINT ( 'NONE',  ( 1.253101135828118551, -2.395636896143036765, -2.097555963742845364 ) ) ;
#438 = FACE_OUTER_BOUND ( 'NONE', #15, .T. ) ;
#439 = CARTESIAN_POINT ( 'NONE',  ( 0.7868629184244170238, 2.336057262340516694, -1.862033382782056545 ) ) ;
#440 = EDGE_CURVE ( 'NONE', #267, #1810, #871, .T. ) ;
#441 = FACE_OUTER_BOUND ( 'NONE', #2244, .T. ) ;
#442 = CARTESIAN_POINT ( 'NONE',  ( -4.988609408031210002, 2.829050722205810331, -2.075769044245867612 ) ) ;
#443 = CARTESIAN_POINT ( 'NONE',  ( -1.242640687119236809, 3.000000000000020872, -0.3125000000000063283 ) ) ;
#444 = EDGE_CURVE ( 'NONE', #2425, #1098, #1493, .T. ) ;
#445 = ORIENTED_EDGE ( 'NONE', *, *, #2017, .T. ) ;
#446 = CARTESIAN_POINT ( 'NONE',  ( 1.662041016787775494, -1.662041016787822345, -0.2500000000000084377 ) ) ;
#447 = CARTESIAN_POINT ( 'NONE',  ( 1.242640687119327181, 2.999999999999984013, 0.5624999999999917843 ) ) ;
#448 = ORIENTED_EDGE ( 'NONE', *, *, #440, .F. ) ;
#449 = CARTESIAN_POINT ( 'NONE',  ( 0.000000000000000000, 0.000000000000000000, 10.98528137423856776 ) ) ;
#450 = CARTESIAN_POINT ( 'NONE',  ( -4.999999999999998224, 2.298266298013523112, -2.217609435183979905 ) ) ;
#451 = CALENDAR_DATE ( 2026, 7, 1 ) ;
#452 = DIRECTION ( 'NONE',  ( 1.000000000000000000, 8.881784197001252323E-16, 0.000000000000000000 ) ) ;
#453 = CC_DESIGN_PERSON_AND_ORGANIZATION_ASSIGNMENT ( #259, #1251, ( #1332 ) ) ;
#454 = CARTESIAN_POINT ( 'NONE',  ( 0.9736010864138848753, -2.350480947161687872, -0.4375000000000086042 ) ) ;
#455 = CARTESIAN_POINT ( 'NONE',  ( 2.350480947161672329, -3.858511429627497550E-14, -1.250000000000006661 ) ) ;
#456 = VECTOR ( 'NONE', #808, 1000.000000000000000 ) ;
#457 = CARTESIAN_POINT ( 'NONE',  ( -2.121320343559613519, 2.121320343559673027, -0.2500000000000062728 ) ) ;
#458 = ORIENTED_EDGE ( 'NONE', *, *, #675, .F. ) ;
#459 = CIRCLE ( 'NONE', #378, 2.999999999999999112 ) ;
#460 = ADVANCED_FACE ( 'NONE', ( #2393 ), #2414, .T. ) ;
#461 = CARTESIAN_POINT ( 'NONE',  ( -1.662041016787775494, 1.662041016787822123, -0.7500000000000075495 ) ) ;
#462 = FACE_OUTER_BOUND ( 'NONE', #1718, .T. ) ;
#463 = VERTEX_POINT ( 'NONE', #257 ) ;
#464 = CARTESIAN_POINT ( 'NONE',  ( 3.000000000000015987, 1.242640687119243914, 0.3124999999999911737 ) ) ;
#465 = CARTESIAN_POINT ( 'NONE',  ( 2.999999999999980460, -1.242640687119330734, 0.1874999999999915068 ) ) ;
#466 = MECHANICAL_CONTEXT ( 'NONE', #201, 'mechanical' ) ;
#467 = CARTESIAN_POINT ( 'NONE',  ( 0.9018731728920670321, 2.299501231149580160, -1.867094183119598627 ) ) ;
#468 = DIRECTION ( 'NONE',  ( 0.000000000000000000, 0.000000000000000000, -1.000000000000000000 ) ) ;
#469 = CYLINDRICAL_SURFACE ( 'NONE', #2434, 2.350480947161672329 ) ;
#470 = CARTESIAN_POINT ( 'NONE',  ( -2.999999999999999112, 0.000000000000000000, 10.98528137423856776 ) ) ;
#471 = VERTEX_POINT ( 'NONE', #1791 ) ;
#472 = CARTESIAN_POINT ( 'NONE',  ( 3.282664145728527030E-14, 2.350480947161674106, -0.8750000000000073275 ) ) ;
#473 = CARTESIAN_POINT ( 'NONE',  ( -0.9736010864138859855, 2.350480947161689649, -0.8125000000000073275 ) ) ;
#474 = ORIENTED_EDGE ( 'NONE', *, *, #475, .F. ) ;
#475 = EDGE_CURVE ( 'NONE', #518, #748, #2262, .T. ) ;
#476 = CARTESIAN_POINT ( 'NONE',  ( 2.999999999999999112, -4.244886712573389581E-14, -0.7500000000000063283 ) ) ;
#477 = CARTESIAN_POINT ( 'NONE',  ( -0.04427490999035383484, 5.734787838016020878, -2.075769044245846739 ) ) ;
#478 = CARTESIAN_POINT ( 'NONE',  ( -2.350480947161674106, 3.052237938037360107E-14, -0.6250000000000078826 ) ) ;
#479 = CARTESIAN_POINT ( 'NONE',  ( 2.535410447083192853, 0.4821684825559397480, -1.969477310684260685 ) ) ;
#480 = DIRECTION ( 'NONE',  ( 0.000000000000000000, 0.000000000000000000, -1.000000000000000000 ) ) ;
#481 = DIRECTION ( 'NONE',  ( -0.000000000000000000, -0.000000000000000000, 1.000000000000000000 ) ) ;
#482 = CARTESIAN_POINT ( 'NONE',  ( -0.9038161757890356141, -5.251684179506503902, 2.320626431801112943 ) ) ;
#483 = ORIENTED_EDGE ( 'NONE', *, *, #11, .F. ) ;
#484 =( BOUNDED_CURVE ( )  B_SPLINE_CURVE ( 2, ( #1233, #64, #865, #1651, #1355, #372, #1495, #2309, #1458 ),
 .UNSPECIFIED., .F., .F. ) 
 B_SPLINE_CURVE_WITH_KNOTS ( ( 3, 2, 2, 2, 3 ),
 ( 0.6785714285714284921, 0.6964285714285712858, 0.7142857142857141906, 0.7321428571428570953, 0.7500000000000000000 ),
 .UNSPECIFIED. ) 
 CURVE ( )  GEOMETRIC_REPRESENTATION_ITEM ( )  RATIONAL_B_SPLINE_CURVE ( ( 1.000000000000000444, 0.9238795325112862944, 1.000000000000000000, 0.9238795325112867385, 1.000000000000000000, 0.9238795325112867385, 1.000000000000000000, 0.9238795325112867385, 1.000000000000000000 ) ) 
 REPRESENTATION_ITEM ( '' )  );
#485 = CARTESIAN_POINT ( 'NONE',  ( -1.662041016787775494, 1.662041016787822123, 1.249999999999988010 ) ) ;
#486 = CARTESIAN_POINT ( 'NONE',  ( -2.350480947161674106, 3.052237938037360107E-14, -0.6250000000000078826 ) ) ;
#487 = ORIENTED_EDGE ( 'NONE', *, *, #749, .T. ) ;
#488 = CARTESIAN_POINT ( 'NONE',  ( 2.999999999999999112, -4.244886712573389581E-14, -1.750000000000004219 ) ) ;
#489 = CARTESIAN_POINT ( 'NONE',  ( -2.350480947161674106, 3.412197049306454247E-14, -1.625000000000005773 ) ) ;
#490 = EDGE_CURVE ( 'NONE', #387, #2425, #1198, .T. ) ;
#491 = CARTESIAN_POINT ( 'NONE',  ( 0.9736010864139573728, 2.350480947161658563, -3.062500000000002665 ) ) ;
#492 = CARTESIAN_POINT ( 'NONE',  ( 1.242640687119325182, 2.999999999999982236, -0.5625000000000072164 ) ) ;
#493 = CARTESIAN_POINT ( 'NONE',  ( -2.350480947161672329, 3.412197049306451722E-14, -1.750000000000005995 ) ) ;
#494 = ORIENTED_EDGE ( 'NONE', *, *, #1325, .T. ) ;
#495 = CARTESIAN_POINT ( 'NONE',  ( 1.662041016787775494, -1.662041016787822345, 2.749999999999984901 ) ) ;
#496 = CARTESIAN_POINT ( 'NONE',  ( 0.000000000000000000, 0.000000000000000000, -2.500000000000000000 ) ) ;
#497 = ORIENTED_EDGE ( 'NONE', *, *, #621, .F. ) ;
#498 = VECTOR ( 'NONE', #1936, 1000.000000000000000 ) ;
#499 = CARTESIAN_POINT ( 'NONE',  ( -2.121320343559612631, 2.121320343559671695, -1.375000000000005107 ) ) ;
#500 = CARTESIAN_POINT ( 'NONE',  ( -0.1250000000087377883, -5.701333908242493642, -2.094293635094540473 ) ) ;
#501 = CARTESIAN_POINT ( 'NONE',  ( 1.662041016787823677, 1.662041016787771497, -0.1250000000000092149 ) ) ;
#502 = CARTESIAN_POINT ( 'NONE',  ( 2.420417160973497239, 0.8268308554266313726, -1.954882338575230527 ) ) ;
#503 = ADVANCED_FACE ( 'NONE', ( #2432 ), #54, .F. ) ;
#504 = CARTESIAN_POINT ( 'NONE',  ( -1.659199162729726229, -2.213250746549600745, 2.160319865692959418 ) ) ;
#505 = CARTESIAN_POINT ( 'NONE',  ( 0.4809813935148274933, 2.961191803831908942, -2.399999999994368860 ) ) ;
#506 = VERTEX_POINT ( 'NONE', #1436 ) ;
#507 = DIRECTION ( 'NONE',  ( -0.000000000000000000, -0.000000000000000000, -1.000000000000000000 ) ) ;
#508 = CARTESIAN_POINT ( 'NONE',  ( 2.350480947161687872, 0.9736010864138904264, -1.062500000000007105 ) ) ;
#509 = ORIENTED_EDGE ( 'NONE', *, *, #2285, .F. ) ;
#510 = PRODUCT_DEFINITION_FORMATION_WITH_SPECIFIED_SOURCE ( 'ANY', '', #1332, .NOT_KNOWN. ) ;
#511 = CARTESIAN_POINT ( 'NONE',  ( 1.242640687119242804, -3.000000000000018208, 1.062499999999989564 ) ) ;
#512 = CARTESIAN_POINT ( 'NONE',  ( 4.999999999999984013, -2.785358687118577148, 2.082370150261869668 ) ) ;
#513 = APPROVAL_DATE_TIME ( #123, #2107 ) ;
#514 = CARTESIAN_POINT ( 'NONE',  ( 2.587916512459885077, -3.661804138996746133E-14, -1.987916512459890761 ) ) ;
#515 = CARTESIAN_POINT ( 'NONE',  ( -1.242640687119328069, -2.999999999999984457, -0.9375000000000051070 ) ) ;
#516 = FACE_OUTER_BOUND ( 'NONE', #2452, .T. ) ;
#517 = CARTESIAN_POINT ( 'NONE',  ( 1.800919033872531827, -1.557759358256052939, 1.775479904555098631 ) ) ;
#518 = VERTEX_POINT ( 'NONE', #403 ) ;
#519 = CARTESIAN_POINT ( 'NONE',  ( -4.487193352973663174, 3.182820401651023090, 2.218623693880391379 ) ) ;
#520 = CARTESIAN_POINT ( 'NONE',  ( -1.656738425831113526, 1.667326744026102814, -1.750480947161676237 ) ) ;
#521 = EDGE_CURVE ( 'NONE', #1913, #1075, #751, .T. ) ;
#522 = ORIENTED_EDGE ( 'NONE', *, *, #440, .T. ) ;
#523 = B_SPLINE_CURVE_WITH_KNOTS ( 'NONE', 3,
 ( #161, #1890, #332, #1128, #2101, #713 ),
 .UNSPECIFIED., .F., .F.,
 ( 4, 2, 4 ),
 ( 0.008363737192522044742, 0.009751280766415470341, 0.01113882434030889768 ),
 .UNSPECIFIED. ) ;
#524 = ORIENTED_EDGE ( 'NONE', *, *, #1397, .F. ) ;
#525 = CARTESIAN_POINT ( 'NONE',  ( 4.189777606611758764E-14, 2.999999999999999112, 3.499999999999984901 ) ) ;
#526 = CARTESIAN_POINT ( 'NONE',  ( 0.000000000000000000, 0.000000000000000000, 10.98528137423856776 ) ) ;
#527 = CARTESIAN_POINT ( 'NONE',  ( 3.282664145728524506E-14, 2.350480947161672329, -2.000000000000005329 ) ) ;
#528 = B_SPLINE_CURVE_WITH_KNOTS ( 'NONE', 3,
 ( #88, #885, #2082, #1084, #1882, #896, #1489, #2292, #504, #1845, #1290, #861, #112, #2092 ),
 .UNSPECIFIED., .F., .F.,
 ( 4, 2, 2, 2, 2, 2, 4 ),
 ( 0.007851198146533150402, 0.008927128366710699453, 0.009465093476799473979, 0.01000305858688824850, 0.01054102369697702477, 0.01107898880706579929, 0.01215491902724335008 ),
 .UNSPECIFIED. ) ;
#529 = CARTESIAN_POINT ( 'NONE',  ( 1.242640687119329401, 2.999999999999983125, 1.562499999999989342 ) ) ;
#530 = CARTESIAN_POINT ( 'NONE',  ( 4.999999999999996447, 2.298266298006408803, -2.217609435185956102 ) ) ;
#531 = CARTESIAN_POINT ( 'NONE',  ( 2.476538879847649532, -0.6366118567618412882, 1.951891613227477285 ) ) ;
#532 = ORIENTED_EDGE ( 'NONE', *, *, #2225, .T. ) ;
#533 = APPROVAL ( #2533, 'UNSPECIFIED' ) ;
#534 = CARTESIAN_POINT ( 'NONE',  ( -3.000000000000000888, 3.895676680625419688E-14, -1.125000000000004885 ) ) ;
#535 = CARTESIAN_POINT ( 'NONE',  ( -2.121320343559676580, -2.121320343559609523, -6.938893903907228378E-15 ) ) ;
#536 = ORIENTED_EDGE ( 'NONE', *, *, #1473, .F. ) ;
#537 = VECTOR ( 'NONE', #1991, 1000.000000000000000 ) ;
#538 = EDGE_CURVE ( 'NONE', #582, #387, #795, .T. ) ;
#539 = CIRCLE ( 'NONE', #118, 3.099999999999999201 ) ;
#540 = ORIENTED_EDGE ( 'NONE', *, *, #828, .T. ) ;
#541 = CARTESIAN_POINT ( 'NONE',  ( -2.999999999999999112, 4.208147308598969036E-14, 2.749999999999985789 ) ) ;
#542 = CARTESIAN_POINT ( 'NONE',  ( -3.099999999999999201, 3.796405077356793932E-16, 2.500000000000000000 ) ) ;
#543 = PERSON_AND_ORGANIZATION ( #313, #1425 ) ;
#544 = CARTESIAN_POINT ( 'NONE',  ( 2.350480947161672329, -3.325841780254500665E-14, -2.250000000000004441 ) ) ;
#545 = CARTESIAN_POINT ( 'NONE',  ( 4.189777606611761289E-14, 3.000000000000000888, -1.375000000000004219 ) ) ;
#546 = CARTESIAN_POINT ( 'NONE',  ( -0.9736010864139641452, -2.350480947161655454, 1.437499999999987343 ) ) ;
#547 = FACE_OUTER_BOUND ( 'NONE', #2311, .T. ) ;
#548 = ORIENTED_EDGE ( 'NONE', *, *, #591, .T. ) ;
#549 = CARTESIAN_POINT ( 'NONE',  ( 2.350480947161674106, -3.916081608995467866E-14, -0.1250000000000087708 ) ) ;
#550 = CARTESIAN_POINT ( 'NONE',  ( -0.04382521531348788218, 5.734867074362538730, 2.075725291386839366 ) ) ;
#551 = CARTESIAN_POINT ( 'NONE',  ( 1.242640687119243026, -3.000000000000019096, -3.812499999999999112 ) ) ;
#552 = EDGE_LOOP ( 'NONE', ( #1460, #840, #2202, #1788, #2233, #1231 ) ) ;
#553 = ADVANCED_FACE ( 'NONE', ( #436 ), #649, .F. ) ;
#554 = VERTEX_POINT ( 'NONE', #1386 ) ;
#555 = CARTESIAN_POINT ( 'NONE',  ( 2.999999999999999112, -4.244886712573389581E-14, 1.249999999999988898 ) ) ;
#556 = DIRECTION ( 'NONE',  ( -0.000000000000000000, -0.000000000000000000, 1.000000000000000000 ) ) ;
#557 = APPROVAL_DATE_TIME ( #1947, #533 ) ;
#558 = EDGE_CURVE ( 'NONE', #1664, #1543, #539, .T. ) ;
#559 = CARTESIAN_POINT ( 'NONE',  ( -2.350480947161659007, 0.9736010864139559295, -0.8125000000000075495 ) ) ;
#560 = AXIS2_PLACEMENT_3D ( 'NONE', #1765, #350, #1105 ) ;
#561 = CARTESIAN_POINT ( 'NONE',  ( 2.999999999999983125, -1.242640687119329179, 1.312499999999990008 ) ) ;
#562 = CARTESIAN_POINT ( 'NONE',  ( 0.9024808040858576241, -5.252455156718796481, 2.343552472763239969 ) ) ;
#563 = CARTESIAN_POINT ( 'NONE',  ( -1.894221344756417791, 1.851592719331065284, -2.041698658256664078 ) ) ;
#564 = ORIENTED_EDGE ( 'NONE', *, *, #1628, .T. ) ;
#565 = CARTESIAN_POINT ( 'NONE',  ( 4.988609408032102621, 2.829050722202418822, 2.075769044246376982 ) ) ;
#566 = DIRECTION ( 'NONE',  ( 0.000000000000000000, 0.000000000000000000, -1.000000000000000000 ) ) ;
#567 = CARTESIAN_POINT ( 'NONE',  ( 3.000000000000000888, -4.244886712573392105E-14, -3.624999999999999112 ) ) ;
#568 = B_SPLINE_CURVE_WITH_KNOTS ( 'NONE', 3,
 ( #2482, #2063, #2471, #258, #2235, #69 ),
 .UNSPECIFIED., .F., .F.,
 ( 4, 2, 4 ),
 ( 0.005589846520475513260, 0.006976791856498779434, 0.008363737192522044742 ),
 .UNSPECIFIED. ) ;
#569 = ORIENTED_EDGE ( 'NONE', *, *, #2030, .T. ) ;
#570 = B_SPLINE_CURVE_WITH_KNOTS ( 'NONE', 3,
 ( #214, #814, #431, #1797 ),
 .UNSPECIFIED., .F., .F.,
 ( 4, 4 ),
 ( 0.0001489213604350441355, 0.002921158011986732007 ),
 .UNSPECIFIED. ) ;
#571 = ORIENTED_EDGE ( 'NONE', *, *, #2319, .T. ) ;
#572 = CARTESIAN_POINT ( 'NONE',  ( -1.242640687119243026, 3.000000000000016431, 1.562499999999988232 ) ) ;
#573 = CARTESIAN_POINT ( 'NONE',  ( 0.9038161757890409431, 5.251684179506520778, 2.320626431801103173 ) ) ;
#574 = CARTESIAN_POINT ( 'NONE',  ( 1.662041016787774161, -1.662041016787821013, -1.375000000000006439 ) ) ;
#575 = EDGE_CURVE ( 'NONE', #748, #676, #1000, .T. ) ;
#576 = CARTESIAN_POINT ( 'NONE',  ( -2.999999999999984457, 1.242640687119328069, 1.812499999999988676 ) ) ;
#577 = CARTESIAN_POINT ( 'NONE',  ( -2.499999999999991118, 4.330127018922199866, -2.500000000000000000 ) ) ;
#578 = CARTESIAN_POINT ( 'NONE',  ( -2.999999999999999112, 4.208147308598969036E-14, -3.250000000000001332 ) ) ;
#579 = CARTESIAN_POINT ( 'NONE',  ( 0.000000000000000000, 0.000000000000000000, -2.500000000000000000 ) ) ;
#580 = CARTESIAN_POINT ( 'NONE',  ( 2.999999999999980904, -1.242640687119329179, -1.812500000000004219 ) ) ;
#581 = CARTESIAN_POINT ( 'NONE',  ( -2.999999999999984457, 1.242640687119328069, -3.187500000000000000 ) ) ;
#582 = VERTEX_POINT ( 'NONE', #1811 ) ;
#583 = ORIENTED_EDGE ( 'NONE', *, *, #1028, .F. ) ;
#584 = CARTESIAN_POINT ( 'NONE',  ( 2.121320343559672139, 2.121320343559612187, 3.374999999999984901 ) ) ;
#585 = VECTOR ( 'NONE', #468, 1000.000000000000000 ) ;
#586 = CARTESIAN_POINT ( 'NONE',  ( 1.662041016787821013, 1.662041016787773939, -1.125000000000007105 ) ) ;
#587 = AXIS2_PLACEMENT_3D ( 'NONE', #1498, #1915, #2341 ) ;
#588 = CARTESIAN_POINT ( 'NONE',  ( 0.5868440183430637669, -2.667071981317264751, -2.124983144333600915 ) ) ;
#589 = CARTESIAN_POINT ( 'NONE',  ( 4.999999999999997335, 2.742413778650720335, -2.094293635091732053 ) ) ;
#590 = CARTESIAN_POINT ( 'NONE',  ( -2.379394173290590775, 0.2018394344276319141, -1.780025028576730728 ) ) ;
#591 = EDGE_CURVE ( 'NONE', #471, #2209, #28, .T. ) ;
#592 =( BOUNDED_CURVE ( )  B_SPLINE_CURVE ( 2, ( #1005, #655, #1024, #2041, #1992, #642, #804, #408, #1429 ),
 .UNSPECIFIED., .F., .F. ) 
 B_SPLINE_CURVE_WITH_KNOTS ( ( 3, 2, 2, 2, 3 ),
 ( 0.3214285714285713969, 0.3392857142857142461, 0.3571428571428570953, 0.3750000000000000000, 0.3928571428571428492 ),
 .UNSPECIFIED. ) 
 CURVE ( )  GEOMETRIC_REPRESENTATION_ITEM ( )  RATIONAL_B_SPLINE_CURVE ( ( 1.000000000000000222, 0.9238795325112865164, 1.000000000000000000, 0.9238795325112867385, 1.000000000000000000, 0.9238795325112867385, 1.000000000000000000, 0.9238795325112867385, 1.000000000000000000 ) ) 
 REPRESENTATION_ITEM ( '' )  );
#593 = FACE_OUTER_BOUND ( 'NONE', #859, .T. ) ;
#594 = CARTESIAN_POINT ( 'NONE',  ( -0.1249999999999906741, 5.701333908247555371, 2.500000000000000000 ) ) ;
#595 = CARTESIAN_POINT ( 'NONE',  ( -2.121320343559613519, 2.121320343559672583, -2.250000000000002220 ) ) ;
#596 = ORIENTED_EDGE ( 'NONE', *, *, #2049, .F. ) ;
#597 = ORIENTED_EDGE ( 'NONE', *, *, #2132, .F. ) ;
#598 = CARTESIAN_POINT ( 'NONE',  ( 3.000000000000025757, 1.242640687119235254, 0.4374999999999912847 ) ) ;
#599 = CARTESIAN_POINT ( 'NONE',  ( 0.9736010864139573728, 2.350480947161658563, 1.937499999999986011 ) ) ;
#600 = DIRECTION ( 'NONE',  ( 1.000000000000000000, 0.000000000000000000, 0.000000000000000000 ) ) ;
#601 = DIRECTION ( 'NONE',  ( 1.000000000000000000, 0.000000000000000000, 0.000000000000000000 ) ) ;
#602 = CARTESIAN_POINT ( 'NONE',  ( 0.5215795442876646204, 2.438060970630719915, 1.887839205927899222 ) ) ;
#603 = CARTESIAN_POINT ( 'NONE',  ( -1.242640687119235920, 3.000000000000019096, 0.5624999999999910072 ) ) ;
#604 = VECTOR ( 'NONE', #1059, 1000.000000000000000 ) ;
#605 = CARTESIAN_POINT ( 'NONE',  ( -2.350480947161655454, 0.9736010864139611476, -0.8125000000000077716 ) ) ;
#606 = CARTESIAN_POINT ( 'NONE',  ( -2.121320343559613519, 2.121320343559672583, -3.250000000000000444 ) ) ;
#607 = ORIENTED_EDGE ( 'NONE', *, *, #2374, .T. ) ;
#608 =( BOUNDED_CURVE ( )  B_SPLINE_CURVE ( 2, ( #1038, #1585, #1193 ),
 .UNSPECIFIED., .F., .F. ) 
 B_SPLINE_CURVE_WITH_KNOTS ( ( 3, 3 ),
 ( 0.3213542761687697147, 0.3214285714285075590 ),
 .UNSPECIFIED. ) 
 CURVE ( )  GEOMETRIC_REPRESENTATION_ITEM ( )  RATIONAL_B_SPLINE_CURVE ( ( 0.9993692316281213017, 0.9996832981648648975, 0.9999999999997276623 ) ) 
 REPRESENTATION_ITEM ( '' )  );
#609 = ADVANCED_FACE ( 'NONE', ( #624 ), #1626, .F. ) ;
#610 = ORIENTED_EDGE ( 'NONE', *, *, #1248, .F. ) ;
#611 = CARTESIAN_POINT ( 'NONE',  ( 1.242640687119327847, 2.999999999999984013, 1.562499999999989342 ) ) ;
#612 = CARTESIAN_POINT ( 'NONE',  ( 4.189777606611761289E-14, 3.000000000000000888, 2.624999999999987566 ) ) ;
#613 = DIRECTION ( 'NONE',  ( 0.000000000000000000, 0.000000000000000000, -1.000000000000000000 ) ) ;
#614 = CARTESIAN_POINT ( 'NONE',  ( 2.350480947161672329, -3.973651788363433134E-14, 0.7499999999999885647 ) ) ;
#615 =( BOUNDED_CURVE ( )  B_SPLINE_CURVE ( 2, ( #1150, #2176, #184, #197, #989 ),
 .UNSPECIFIED., .F., .F. ) 
 B_SPLINE_CURVE_WITH_KNOTS ( ( 3, 2, 3 ),
 ( 0.3034971333116202041, 0.3035714285714285476, 0.3214285714285713969 ),
 .UNSPECIFIED. ) 
 CURVE ( )  GEOMETRIC_REPRESENTATION_ITEM ( )  RATIONAL_B_SPLINE_CURVE ( ( 0.9993692316280653465, 0.9996832981651068151, 1.000000000000000000, 0.9238795325112869605, 0.9999999999999997780 ) ) 
 REPRESENTATION_ITEM ( '' )  );
#616 = CARTESIAN_POINT ( 'NONE',  ( 0.000000000000000000, 0.000000000000000000, 2.400000000000000799 ) ) ;
#617 = CARTESIAN_POINT ( 'NONE',  ( 3.000000000000000888, -5.071708996188832231E-14, 0.3749999999999916733 ) ) ;
#618 = CARTESIAN_POINT ( 'NONE',  ( 2.350480947161672329, 0.000000000000000000, -2.500000000000000000 ) ) ;
#619 = ORIENTED_EDGE ( 'NONE', *, *, #1292, .F. ) ;
#620 = ORIENTED_EDGE ( 'NONE', *, *, #1099, .T. ) ;
#621 = EDGE_CURVE ( 'NONE', #518, #657, #2036, .T. ) ;
#622 = B_SPLINE_CURVE_WITH_KNOTS ( 'NONE', 3,
 ( #292, #1078, #900, #1876, #93, #131 ),
 .UNSPECIFIED., .F., .F.,
 ( 4, 2, 4 ),
 ( 0.01871963442727071422, 0.02010551048878760766, 0.02149138655030450457 ),
 .UNSPECIFIED. ) ;
#623 = AXIS2_PLACEMENT_3D ( 'NONE', #1096, #507, #325 ) ;
#624 = FACE_OUTER_BOUND ( 'NONE', #1995, .T. ) ;
#625 = CARTESIAN_POINT ( 'NONE',  ( 1.947275092154979959, -1.826838681434299838, -2.064052123276232997 ) ) ;
#626 = CARTESIAN_POINT ( 'NONE',  ( -4.988609408032113279, -2.829050722202400614, 2.075769044246377426 ) ) ;
#627 = VECTOR ( 'NONE', #843, 1000.000000000000000 ) ;
#628 = CARTESIAN_POINT ( 'NONE',  ( 0.9736010864138856524, -2.350480947161689649, -0.3125000000000085487 ) ) ;
#629 = CIRCLE ( 'NONE', #2079, 5.000000000000000888 ) ;
#630 = CARTESIAN_POINT ( 'NONE',  ( 1.691508437116421737, -4.796909840390550350, -2.500000000000011546 ) ) ;
#631 = CARTESIAN_POINT ( 'NONE',  ( 4.874999999999982236, -2.958920129596834148, 2.500000000000000000 ) ) ;
#632 = CARTESIAN_POINT ( 'NONE',  ( 0.9736010864138849863, -2.350480947161690537, 0.6874999999999893419 ) ) ;
#633 = VERTEX_POINT ( 'NONE', #1009 ) ;
#634 = CARTESIAN_POINT ( 'NONE',  ( 0.9736010864139580390, 2.350480947161660339, 0.06249999999999051453 ) ) ;
#635 = EDGE_LOOP ( 'NONE', ( #445, #1420, #1636, #1652 ) ) ;
#636 = DIRECTION ( 'NONE',  ( 1.000000000000000000, 0.000000000000000000, 0.000000000000000000 ) ) ;
#637 = DIRECTION ( 'NONE',  ( -1.000000000000000000, 0.000000000000000000, 0.000000000000000000 ) ) ;
#638 = ADVANCED_FACE ( 'NONE', ( #1801 ), #820, .F. ) ;
#639 = LINE ( 'NONE', #220, #1385 ) ;
#640 = CARTESIAN_POINT ( 'NONE',  ( -0.2956709925109526349, 2.402391901940864827, -1.817486469162775453 ) ) ;
#641 = CARTESIAN_POINT ( 'NONE',  ( -2.350480947161688317, -0.9736010864138868737, -0.6875000000000081046 ) ) ;
#642 = CARTESIAN_POINT ( 'NONE',  ( 1.242640687119237697, -3.000000000000020872, -1.812500000000003553 ) ) ;
#643 = CARTESIAN_POINT ( 'NONE',  ( -2.797732851254435715, 0.9230615768383724218, -2.336869368414582038 ) ) ;
#644 = ORIENTED_EDGE ( 'NONE', *, *, #950, .T. ) ;
#645 = VECTOR ( 'NONE', #481, 1000.000000000000000 ) ;
#646 = CARTESIAN_POINT ( 'NONE',  ( -3.311449235412511557E-14, -2.350480947161674106, -0.3750000000000081601 ) ) ;
#647 = FACE_OUTER_BOUND ( 'NONE', #1055, .T. ) ;
#648 = ORIENTED_EDGE ( 'NONE', *, *, #174, .T. ) ;
#649 = PLANE ( 'NONE',  #1953 ) ;
#650 = CARTESIAN_POINT ( 'NONE',  ( 0.08780861830289031500, 5.722806362482030451, -2.082370150261557029 ) ) ;
#651 = CARTESIAN_POINT ( 'NONE',  ( 2.125747813320659318, 1.125185211186397360, 1.799574295209527719 ) ) ;
#652 = CARTESIAN_POINT ( 'NONE',  ( 4.999999999999984013, -2.742413778650815814, -2.094293635091712069 ) ) ;
#653 = EDGE_CURVE ( 'NONE', #1730, #698, #1745, .T. ) ;
#654 = CARTESIAN_POINT ( 'NONE',  ( -5.000000000000000888, 1.201851678989730854E-14, -2.500000000000000000 ) ) ;
#655 = CARTESIAN_POINT ( 'NONE',  ( -3.000000000000022204, -1.242640687119240361, -2.062500000000002665 ) ) ;
#656 = LINE ( 'NONE', #1859, #954 ) ;
#657 = VERTEX_POINT ( 'NONE', #1609 ) ;
#658 = CARTESIAN_POINT ( 'NONE',  ( -1.662041016787775494, 1.662041016787822123, -1.750000000000005551 ) ) ;
#659 = CARTESIAN_POINT ( 'NONE',  ( -2.121320343559605526, 2.121320343559681021, 0.7499999999999911182 ) ) ;
#660 = ORIENTED_EDGE ( 'NONE', *, *, #621, .T. ) ;
#661 = CARTESIAN_POINT ( 'NONE',  ( -1.242640687119243026, 3.000000000000016431, -2.437500000000003109 ) ) ;
#662 = CARTESIAN_POINT ( 'NONE',  ( -3.000000000000000888, 4.042634296523102497E-14, 0.8749999999999912292 ) ) ;
#663 = DIRECTION ( 'NONE',  ( 0.000000000000000000, 0.000000000000000000, 1.000000000000000000 ) ) ;
#664 = CARTESIAN_POINT ( 'NONE',  ( -1.662041016787767944, 1.662041016787827452, 1.124999999999988010 ) ) ;
#665 = LINE ( 'NONE', #2250, #585 ) ;
#666 = CARTESIAN_POINT ( 'NONE',  ( 3.099999999999999201, 3.796405077356793932E-16, -2.500000000000000000 ) ) ;
#667 = VECTOR ( 'NONE', #1846, 1000.000000000000000 ) ;
#668 = EDGE_CURVE ( 'NONE', #1925, #939, #1834, .T. ) ;
#669 = CARTESIAN_POINT ( 'NONE',  ( 1.753773599790623638, 2.433984009946949634, 2.400000000000000355 ) ) ;
#670 = ORIENTED_EDGE ( 'NONE', *, *, #2577, .F. ) ;
#671 =( BOUNDED_CURVE ( )  B_SPLINE_CURVE ( 2, ( #2488, #508, #1482, #1704, #1716, #473, #1887, #708, #486 ),
 .UNSPECIFIED., .F., .F. ) 
 B_SPLINE_CURVE_WITH_KNOTS ( ( 3, 2, 2, 2, 3 ),
 ( 0.3928571428571428492, 0.4107142857142856984, 0.4285714285714284921, 0.4464285714285713969, 0.4642857142857142461 ),
 .UNSPECIFIED. ) 
 CURVE ( )  GEOMETRIC_REPRESENTATION_ITEM ( )  RATIONAL_B_SPLINE_CURVE ( ( 1.000000000000000000, 0.9238795325112867385, 1.000000000000000000, 0.9238795325112867385, 1.000000000000000000, 0.9238795325112867385, 1.000000000000000000, 0.9238795325112869605, 0.9999999999999997780 ) ) 
 REPRESENTATION_ITEM ( '' )  );
#672 = CONICAL_SURFACE ( 'NONE', #2122, 5.000000000000000888, 1.047197551196600074 ) ;
#673 = CARTESIAN_POINT ( 'NONE',  ( 2.350480947161674106, -3.325841780254503190E-14, -1.125000000000006661 ) ) ;
#674 = CARTESIAN_POINT ( 'NONE',  ( 0.000000000000000000, 0.000000000000000000, -2.500000000000000000 ) ) ;
#675 = EDGE_CURVE ( 'NONE', #342, #1757, #656, .T. ) ;
#676 = VERTEX_POINT ( 'NONE', #2229 ) ;
#677 = CARTESIAN_POINT ( 'NONE',  ( 2.121320343559612631, -2.121320343559672139, -1.875000000000003997 ) ) ;
#678 = LINE ( 'NONE', #42, #1488 ) ;
#679 = APPROVAL_DATE_TIME ( #70, #1288 ) ;
#680 = CARTESIAN_POINT ( 'NONE',  ( -4.434358713526473119E-14, -2.350480947161674106, 1.624999999999987566 ) ) ;
#681 = CARTESIAN_POINT ( 'NONE',  ( -4.096183824205319013, 3.408569858341134129, -2.320626431802338629 ) ) ;
#682 = FACE_OUTER_BOUND ( 'NONE', #1958, .T. ) ;
#683 = CARTESIAN_POINT ( 'NONE',  ( 2.999999999999982236, -1.242640687119331178, -0.6875000000000058842 ) ) ;
#684 = ORIENTED_EDGE ( 'NONE', *, *, #1421, .F. ) ;
#685 = ADVANCED_FACE ( 'NONE', ( #1442 ), #1417, .F. ) ;
#686 = CARTESIAN_POINT ( 'NONE',  ( 1.662041016787822345, 1.662041016787775050, 0.9999999999999887867 ) ) ;
#687 = AXIS2_PLACEMENT_3D ( 'NONE', #2395, #613, #1401 ) ;
#688 = ORIENTED_EDGE ( 'NONE', *, *, #2047, .T. ) ;
#689 = EDGE_CURVE ( 'NONE', #1140, #386, #381, .T. ) ;
#690 = CARTESIAN_POINT ( 'NONE',  ( 2.121320343559612631, -2.121320343559672139, 0.1249999999999918676 ) ) ;
#691 = CARTESIAN_POINT ( 'NONE',  ( -2.121320343559677468, -2.121320343559609078, 0.9999999999999904521 ) ) ;
#692 = CARTESIAN_POINT ( 'NONE',  ( -0.9736010864139561516, -2.350480947161659007, -3.562500000000002665 ) ) ;
#693 = CARTESIAN_POINT ( 'NONE',  ( -4.749999999999997335, 2.742413778650734102, 2.500000000000000000 ) ) ;
#694 = CARTESIAN_POINT ( 'NONE',  ( 0.2420563249814940698, 2.999999999999996891, -2.387174492971427142 ) ) ;
#695 = ORIENTED_EDGE ( 'NONE', *, *, #72, .F. ) ;
#696 = CARTESIAN_POINT ( 'NONE',  ( -0.9736010864138908705, 2.350480947161687428, 2.187499999999986233 ) ) ;
#697 = CARTESIAN_POINT ( 'NONE',  ( 2.350480947161672329, 0.003743545297770051270, 1.750240315653264211 ) ) ;
#698 = VERTEX_POINT ( 'NONE', #422 ) ;
#699 = EDGE_CURVE ( 'NONE', #1209, #506, #2385, .T. ) ;
#700 = CARTESIAN_POINT ( 'NONE',  ( 2.121320343559612631, -2.121320343559672139, -0.8750000000000059952 ) ) ;
#701 = CARTESIAN_POINT ( 'NONE',  ( 0.000000000000000000, 0.000000000000000000, 2.500000000000000000 ) ) ;
#702 = CARTESIAN_POINT ( 'NONE',  ( -2.499999999999991118, 4.330127018922199866, 2.500000000000000000 ) ) ;
#703 = LINE ( 'NONE', #1277, #183 ) ;
#704 = CARTESIAN_POINT ( 'NONE',  ( -2.121320343559677912, -2.121320343559608634, 1.999999999999988676 ) ) ;
#705 = EDGE_LOOP ( 'NONE', ( #2230, #132, #1874 ) ) ;
#706 = AXIS2_PLACEMENT_3D ( 'NONE', #1211, #1615, #636 ) ;
#707 = CARTESIAN_POINT ( 'NONE',  ( 1.662041016787822345, 1.662041016787775050, 2.999999999999984457 ) ) ;
#708 = CARTESIAN_POINT ( 'NONE',  ( -2.350480947161657230, 0.9736010864139615917, -0.6875000000000078826 ) ) ;
#709 = ORIENTED_EDGE ( 'NONE', *, *, #731, .T. ) ;
#710 = VECTOR ( 'NONE', #33, 1000.000000000000000 ) ;
#711 = CIRCLE ( 'NONE', #913, 5.000000000000000888 ) ;
#712 = CARTESIAN_POINT ( 'NONE',  ( -4.226517010586179309E-14, -2.999999999999999112, 0.9999999999999895639 ) ) ;
#713 = CARTESIAN_POINT ( 'NONE',  ( 4.999999999999997335, 2.742413778650720335, 2.094293635091732053 ) ) ;
#714 = PERSON_AND_ORGANIZATION ( #313, #1425 ) ;
#715 = FACE_OUTER_BOUND ( 'NONE', #982, .T. ) ;
#716 = EDGE_CURVE ( 'NONE', #1983, #2129, #1817, .T. ) ;
#717 = CARTESIAN_POINT ( 'NONE',  ( 1.242640687119329401, 2.999999999999983125, -1.437500000000004219 ) ) ;
#718 = CARTESIAN_POINT ( 'NONE',  ( -1.242640687119236809, 3.000000000000019096, -0.4375000000000068834 ) ) ;
#719 = DIRECTION ( 'NONE',  ( 1.000000000000000000, 0.000000000000000000, 0.000000000000000000 ) ) ;
#720 = ORIENTED_EDGE ( 'NONE', *, *, #425, .T. ) ;
#721 = DIRECTION ( 'NONE',  ( -0.000000000000000000, -0.000000000000000000, 1.000000000000000000 ) ) ;
#722 = CARTESIAN_POINT ( 'NONE',  ( 2.350480947161672329, -4.031221967731400295E-14, 1.749999999999986899 ) ) ;
#723 = B_SPLINE_CURVE_WITH_KNOTS ( 'NONE', 3,
 ( #1572, #407, #565, #353, #1754, #2376 ),
 .UNSPECIFIED., .F., .F.,
 ( 4, 2, 4 ),
 ( 1.371419323662773916E-18, 0.0001318968453400211533, 0.0002637936906800408972 ),
 .UNSPECIFIED. ) ;
#724 = ORIENTED_EDGE ( 'NONE', *, *, #1790, .F. ) ;
#725 = CARTESIAN_POINT ( 'NONE',  ( -1.662041016787822123, -1.662041016787775494, -2.500000000000003997 ) ) ;
#726 = CARTESIAN_POINT ( 'NONE',  ( 4.999999999999984013, -2.742413778650734102, 2.094293635091739603 ) ) ;
#727 = CARTESIAN_POINT ( 'NONE',  ( 1.667326744026257135, -1.656738425830957651, 1.750480947161675793 ) ) ;
#728 = CARTESIAN_POINT ( 'NONE',  ( -2.999999999999984457, 1.242640687119328069, -1.187500000000004441 ) ) ;
#729 = CARTESIAN_POINT ( 'NONE',  ( 2.999999999999999112, 3.673940397442058882E-16, 10.98528137423856776 ) ) ;
#730 = CARTESIAN_POINT ( 'NONE',  ( -1.242640687119326071, -2.999999999999984013, -0.9375000000000052180 ) ) ;
#731 = EDGE_CURVE ( 'NONE', #400, #1622, #2007, .T. ) ;
#732 = ORIENTED_EDGE ( 'NONE', *, *, #1311, .T. ) ;
#733 = CARTESIAN_POINT ( 'NONE',  ( 3.282664145728527030E-14, 2.350480947161674106, 3.124999999999984457 ) ) ;
#734 = CARTESIAN_POINT ( 'NONE',  ( -2.999999999999999112, 4.281626116547810125E-14, -2.250000000000003109 ) ) ;
#735 = ORIENTED_EDGE ( 'NONE', *, *, #2402, .F. ) ;
#736 = ORIENTED_EDGE ( 'NONE', *, *, #1012, .T. ) ;
#737 = CARTESIAN_POINT ( 'NONE',  ( -2.121320343559671695, -2.121320343559612631, 1.874999999999987788 ) ) ;
#738 = CARTESIAN_POINT ( 'NONE',  ( 2.097316833880614961, 4.562616253279352385, 2.500000000000002220 ) ) ;
#739 = CALENDAR_DATE ( 2026, 7, 1 ) ;
#740 = CARTESIAN_POINT ( 'NONE',  ( -0.9736010864138903154, 2.350480947161685208, -1.937500000000005107 ) ) ;
#741 = CARTESIAN_POINT ( 'NONE',  ( -4.226517010586181833E-14, -3.000000000000000888, 0.1249999999999923117 ) ) ;
#742 = CARTESIAN_POINT ( 'NONE',  ( 2.350480947161652345, -0.9736010864139639231, 0.6874999999999887867 ) ) ;
#743 = DIRECTION ( 'NONE',  ( 0.000000000000000000, 0.000000000000000000, -1.000000000000000000 ) ) ;
#744 = CARTESIAN_POINT ( 'NONE',  ( -1.242640687119243026, 3.000000000000016431, -3.437500000000000444 ) ) ;
#745 = EDGE_CURVE ( 'NONE', #433, #1522, #256, .T. ) ;
#746 = DIRECTION ( 'NONE',  ( -1.000000000000000000, 0.000000000000000000, 0.000000000000000000 ) ) ;
#747 = CARTESIAN_POINT ( 'NONE',  ( 0.000000000000000000, 0.000000000000000000, 2.500000000000000000 ) ) ;
#748 = VERTEX_POINT ( 'NONE', #1255 ) ;
#749 = EDGE_CURVE ( 'NONE', #939, #226, #1589, .T. ) ;
#750 = B_SPLINE_CURVE_WITH_KNOTS ( 'NONE', 3,
 ( #1569, #2344, #1919, #323, #530, #589 ),
 .UNSPECIFIED., .F., .F.,
 ( 4, 2, 4 ),
 ( 0.008363737192522044742, 0.009751280766415470341, 0.01113882434030889768 ),
 .UNSPECIFIED. ) ;
#751 = CIRCLE ( 'NONE', #1821, 5.000000000000000888 ) ;
#752 = EDGE_LOOP ( 'NONE', ( #610, #644, #1687, #1563 ) ) ;
#753 = CARTESIAN_POINT ( 'NONE',  ( 2.999999999999980904, -1.242640687119328069, 3.187499999999985345 ) ) ;
#754 = CYLINDRICAL_SURFACE ( 'NONE', #1657, 2.999999999999999112 ) ;
#755 = CARTESIAN_POINT ( 'NONE',  ( 0.9736010864139573728, 2.350480947161658563, -0.06250000000000960343 ) ) ;
#756 = CARTESIAN_POINT ( 'NONE',  ( 3.000000000000018652, 1.242640687119244580, 2.437499999999987566 ) ) ;
#757 = CARTESIAN_POINT ( 'NONE',  ( 2.350480947161672329, -3.973651788363433134E-14, 0.7499999999999885647 ) ) ;
#758 = CARTESIAN_POINT ( 'NONE',  ( 2.645096189434297695, 1.480220682778019602E-11, 2.045096189434301159 ) ) ;
#759 = CARTESIAN_POINT ( 'NONE',  ( 2.121320343559675692, 2.121320343559608190, 1.374999999999989120 ) ) ;
#760 = CARTESIAN_POINT ( 'NONE',  ( -2.999999999999999112, 4.281626116547810125E-14, -2.250000000000003109 ) ) ;
#761 = CARTESIAN_POINT ( 'NONE',  ( 0.000000000000000000, 0.000000000000000000, -2.500000000000000000 ) ) ;
#762 = CARTESIAN_POINT ( 'NONE',  ( -0.9736010864139561516, -2.350480947161659007, 2.437499999999984901 ) ) ;
#763 = ORIENTED_EDGE ( 'NONE', *, *, #699, .F. ) ;
#764 = ORIENTED_EDGE ( 'NONE', *, *, #269, .T. ) ;
#765 = EDGE_CURVE ( 'NONE', #1913, #1757, #1334, .T. ) ;
#766 = CARTESIAN_POINT ( 'NONE',  ( -2.121320343559671695, -2.121320343559612631, 2.874999999999986233 ) ) ;
#767 = CARTESIAN_POINT ( 'NONE',  ( 2.197796273272453744E-13, -3.000000000000000888, 2.125000000000001776 ) ) ;
#768 = APPROVAL_ROLE ( '' ) ;
#769 = CARTESIAN_POINT ( 'NONE',  ( -1.662041016787820791, -1.662041016787774161, -1.625000000000006217 ) ) ;
#770 = CARTESIAN_POINT ( 'NONE',  ( -1.242640687119243914, 3.000000000000018652, -0.3125000000000063838 ) ) ;
#771 = CARTESIAN_POINT ( 'NONE',  ( 2.350480947161672329, -4.031221967731400295E-14, 1.749999999999986899 ) ) ;
#772 = CARTESIAN_POINT ( 'NONE',  ( -0.1249999999996006111, 5.701333908247780968, -2.094293635091603711 ) ) ;
#773 = ORIENTED_EDGE ( 'NONE', *, *, #2563, .T. ) ;
#774 = CARTESIAN_POINT ( 'NONE',  ( 2.350480947161672329, -3.858511429627497550E-14, -1.250000000000006661 ) ) ;
#775 = DIRECTION ( 'NONE',  ( 1.000000000000000000, 7.325987577574843289E-14, 0.000000000000000000 ) ) ;
#776 = CARTESIAN_POINT ( 'NONE',  ( -2.999999999999984457, 1.242640687119328069, -2.187500000000002220 ) ) ;
#777 = VERTEX_POINT ( 'NONE', #1872 ) ;
#778 = EDGE_LOOP ( 'NONE', ( #340, #424, #145, #1909 ) ) ;
#779 = CARTESIAN_POINT ( 'NONE',  ( 4.189777606611758764E-14, 2.999999999999999112, 2.499999999999986677 ) ) ;
#780 = CARTESIAN_POINT ( 'NONE',  ( 0.000000000000000000, 0.000000000000000000, -2.400000000000000799 ) ) ;
#781 = EDGE_CURVE ( 'NONE', #748, #2379, #406, .T. ) ;
#782 = CARTESIAN_POINT ( 'NONE',  ( -2.350480947161685208, -0.9736010864138902043, 1.312499999999987343 ) ) ;
#783 = CARTESIAN_POINT ( 'NONE',  ( 2.587916512459885077, -3.661804138996746133E-14, -1.987916512459890761 ) ) ;
#784 = CARTESIAN_POINT ( 'NONE',  ( 2.350480947161659895, -0.9736010864139590382, -1.187500000000006661 ) ) ;
#785 =( BOUNDED_SURFACE ( )  B_SPLINE_SURFACE ( 1, 2, ( 
 ( #1122, #744, #1531, #2334, #578, #1360, #2165, #1558, #380, #2360, #1484, #1852, #1056, #296, #68, #2246, #84, #661, #121, #1654, #1273, #2100, #1298, #903, #2062, #867, #677, #892, #488, #1681, #2481, #283, #2286, #1497, #499, #1692, #1462, #2458, #1067, #1878, #2259, #319, #700, #914, #476, #1285, #1448, #2298, #1669, #97, #1262, #1866, #881, #2470, #2076, #1249, #1100, #1080, #690, #1474, #2273, #464, #1900, #2088, #306, #2444, #1089, #2050, #1889, #270, #108, #2493, #712, #511, #191, #1747, #555, #1115, #1537, #1761, #1973, #572, #1341, #2561, #1731, #1914, #737, #1354, #2312, #1524, #927, #2325, #1550, #1720, #331, #2157, #779, #371, #160, #2546, #541, #388, #766, #940, #2353, #2531, #1157, #753, #2144, #134, #584, #1959, #525 ),
 ( #176, #971, #1510, #2519, #146, #1326, #1564, #1371, #2366, #2130, #358, #343, #2170, #1313, #1127, #2114, #1171, #1707, #2505, #957, #1929, #2340, #725, #1141, #1945, #1665, #1029, #265, #864, #1041, #2059, #2071, #793, #1445, #658, #1832, #1221, #2020, #1470, #50, #1578, #2231, #1848, #278, #673, #2031, #1637, #63, #472, #852, #461, #1861, #239, #1773, #2426, #1245, #646, #2044, #446, #1819, #2441, #1650, #434, #634, #1432, #2453, #79, #2574, #1232, #1064, #2241, #1457, #878, #1053, #2254, #37, #2415, #2466, #686, #1258, #2268, #838, #485, #1270, #983, #1419, #2219, #1623, #251, #2477, #899, #1532, #1481, #2295, #1518, #1109, #2515, #696, #130, #2280, #115, #2308, #1123, #1282, #1886, #1505, #495, #889, #1677, #2487, #707, #922, #733 ) ),
 .UNSPECIFIED., .F., .F., .F. ) 
 B_SPLINE_SURFACE_WITH_KNOTS ( ( 2, 2 ),
 ( 3, 2, 2, 2, 2, 2, 2, 2, 2, 2, 2, 2, 2, 2, 2, 2, 2, 2, 2, 2, 2, 2, 2, 2, 2, 2, 2, 2, 2, 2, 2, 2, 2, 2, 2, 2, 2, 2, 2, 2, 2, 2, 2, 2, 2, 2, 2, 2, 2, 2, 2, 2, 2, 2, 2, 2, 3 ),
 ( 0.000000000000000000, 1.000000000000000000 ),
 ( 0.000000000000000000, 0.01785714285714285615, 0.03571428571428571230, 0.05357142857142856845, 0.07142857142857142461, 0.08928571428571428770, 0.1071428571428571369, 0.1250000000000000000, 0.1428571428571428492, 0.1607142857142857262, 0.1785714285714285754, 0.1964285714285714246, 0.2142857142857142738, 0.2321428571428571508, 0.2500000000000000000, 0.2678571428571428492, 0.2857142857142856984, 0.3035714285714285476, 0.3214285714285714524, 0.3392857142857143016, 0.3571428571428571508, 0.3750000000000000000, 0.3928571428571428492, 0.4107142857142856984, 0.4285714285714285476, 0.4464285714285714524, 0.4642857142857143016, 0.4821428571428571508, 0.5000000000000000000, 0.5178571428571429047, 0.5357142857142856984, 0.5535714285714286031, 0.5714285714285713969, 0.5892857142857143016, 0.6071428571428570953, 0.6250000000000000000, 0.6428571428571429047, 0.6607142857142856984, 0.6785714285714286031, 0.6964285714285713969, 0.7142857142857143016, 0.7321428571428570953, 0.7500000000000000000, 0.7678571428571429047, 0.7857142857142856984, 0.8035714285714286031, 0.8214285714285713969, 0.8392857142857143016, 0.8571428571428570953, 0.8750000000000000000, 0.8928571428571429047, 0.9107142857142856984, 0.9285714285714286031, 0.9464285714285713969, 0.9642857142857143016, 0.9821428571428570953, 1.000000000000000000 ),
 .UNSPECIFIED. ) 
 GEOMETRIC_REPRESENTATION_ITEM ( )  RATIONAL_B_SPLINE_SURFACE ( (
 ( 1.000000000000000000, 0.9238795325112867385, 1.000000000000000000, 0.9238795325112867385, 1.000000000000000000, 0.9238795325112867385, 1.000000000000000000, 0.9238795325112867385, 1.000000000000000000, 0.9238795325112867385, 1.000000000000000000, 0.9238795325112867385, 1.000000000000000000, 0.9238795325112867385, 1.000000000000000000, 0.9238795325112867385, 1.000000000000000000, 0.9238795325112867385, 1.000000000000000000, 0.9238795325112867385, 1.000000000000000000, 0.9238795325112867385, 1.000000000000000000, 0.9238795325112867385, 1.000000000000000000, 0.9238795325112867385, 1.000000000000000000, 0.9238795325112867385, 1.000000000000000000, 0.9238795325112867385, 1.000000000000000000, 0.9238795325112867385, 1.000000000000000000, 0.9238795325112867385, 1.000000000000000000, 0.9238795325112867385, 1.000000000000000000, 0.9238795325112867385, 1.000000000000000000, 0.9238795325112867385, 1.000000000000000000, 0.9238795325112867385, 1.000000000000000000, 0.9238795325112867385, 1.000000000000000000, 0.9238795325112867385, 1.000000000000000000, 0.9238795325112867385, 1.000000000000000000, 0.9238795325112867385, 1.000000000000000000, 0.9238795325112867385, 1.000000000000000000, 0.9238795325112867385, 1.000000000000000000, 0.9238795325112867385, 1.000000000000000000, 0.9238795325112867385, 1.000000000000000000, 0.9238795325112867385, 1.000000000000000000, 0.9238795325112867385, 1.000000000000000000, 0.9238795325112867385, 1.000000000000000000, 0.9238795325112867385, 1.000000000000000000, 0.9238795325112867385, 1.000000000000000000, 0.9238795325112867385, 1.000000000000000000, 0.9238795325112867385, 1.000000000000000000, 0.9238795325112867385, 1.000000000000000000, 0.9238795325112867385, 1.000000000000000000, 0.9238795325112867385, 1.000000000000000000, 0.9238795325112867385, 1.000000000000000000, 0.9238795325112867385, 1.000000000000000000, 0.9238795325112867385, 1.000000000000000000, 0.9238795325112867385, 1.000000000000000000, 0.9238795325112867385, 1.000000000000000000, 0.9238795325112867385, 1.000000000000000000, 0.9238795325112867385, 1.000000000000000000, 0.9238795325112867385, 1.000000000000000000, 0.9238795325112867385, 1.000000000000000000, 0.9238795325112867385, 1.000000000000000000, 0.9238795325112867385, 1.000000000000000000, 0.9238795325112867385, 1.000000000000000000, 0.9238795325112867385, 1.000000000000000000, 0.9238795325112867385, 1.000000000000000000, 0.9238795325112867385, 1.000000000000000000, 0.9238795325112867385, 1.000000000000000000, 0.9238795325112867385, 1.000000000000000000),
 ( 1.000000000000000000, 0.9238795325112867385, 1.000000000000000000, 0.9238795325112867385, 1.000000000000000000, 0.9238795325112867385, 1.000000000000000000, 0.9238795325112867385, 1.000000000000000000, 0.9238795325112867385, 1.000000000000000000, 0.9238795325112867385, 1.000000000000000000, 0.9238795325112867385, 1.000000000000000000, 0.9238795325112867385, 1.000000000000000000, 0.9238795325112867385, 1.000000000000000000, 0.9238795325112867385, 1.000000000000000000, 0.9238795325112867385, 1.000000000000000000, 0.9238795325112867385, 1.000000000000000000, 0.9238795325112867385, 1.000000000000000000, 0.9238795325112867385, 1.000000000000000000, 0.9238795325112867385, 1.000000000000000000, 0.9238795325112867385, 1.000000000000000000, 0.9238795325112867385, 1.000000000000000000, 0.9238795325112867385, 1.000000000000000000, 0.9238795325112867385, 1.000000000000000000, 0.9238795325112867385, 1.000000000000000000, 0.9238795325112867385, 1.000000000000000000, 0.9238795325112867385, 1.000000000000000000, 0.9238795325112867385, 1.000000000000000000, 0.9238795325112867385, 1.000000000000000000, 0.9238795325112867385, 1.000000000000000000, 0.9238795325112867385, 1.000000000000000000, 0.9238795325112867385, 1.000000000000000000, 0.9238795325112867385, 1.000000000000000000, 0.9238795325112867385, 1.000000000000000000, 0.9238795325112867385, 1.000000000000000000, 0.9238795325112867385, 1.000000000000000000, 0.9238795325112867385, 1.000000000000000000, 0.9238795325112867385, 1.000000000000000000, 0.9238795325112867385, 1.000000000000000000, 0.9238795325112867385, 1.000000000000000000, 0.9238795325112867385, 1.000000000000000000, 0.9238795325112867385, 1.000000000000000000, 0.9238795325112867385, 1.000000000000000000, 0.9238795325112867385, 1.000000000000000000, 0.9238795325112867385, 1.000000000000000000, 0.9238795325112867385, 1.000000000000000000, 0.9238795325112867385, 1.000000000000000000, 0.9238795325112867385, 1.000000000000000000, 0.9238795325112867385, 1.000000000000000000, 0.9238795325112867385, 1.000000000000000000, 0.9238795325112867385, 1.000000000000000000, 0.9238795325112867385, 1.000000000000000000, 0.9238795325112867385, 1.000000000000000000, 0.9238795325112867385, 1.000000000000000000, 0.9238795325112867385, 1.000000000000000000, 0.9238795325112867385, 1.000000000000000000, 0.9238795325112867385, 1.000000000000000000, 0.9238795325112867385, 1.000000000000000000, 0.9238795325112867385, 1.000000000000000000, 0.9238795325112867385, 1.000000000000000000, 0.9238795325112867385, 1.000000000000000000) ) ) 
 REPRESENTATION_ITEM ( '' )  SURFACE ( )  );
#786 = CARTESIAN_POINT ( 'NONE',  ( 4.999999999999984013, -2.742413778650723888, 2.500000000000000000 ) ) ;
#787 = CARTESIAN_POINT ( 'NONE',  ( -3.000000000000000888, 4.355104924496654370E-14, -2.125000000000002665 ) ) ;
#788 = CARTESIAN_POINT ( 'NONE',  ( 0.4809813935148274933, 2.961191803831908942, -2.399999999994368860 ) ) ;
#789 = CARTESIAN_POINT ( 'NONE',  ( 2.121320343559613519, -2.121320343559673027, -1.750000000000003331 ) ) ;
#790 = ORIENTED_EDGE ( 'NONE', *, *, #2417, .F. ) ;
#791 =( BOUNDED_CURVE ( )  B_SPLINE_CURVE ( 2, ( #734, #1336, #171, #2140, #966, #2557, #156, #580, #937 ),
 .UNSPECIFIED., .F., .F. ) 
 B_SPLINE_CURVE_WITH_KNOTS ( ( 3, 2, 2, 2, 3 ),
 ( 0.1785714285714285476, 0.1964285714285713969, 0.2142857142857142461, 0.2321428571428571508, 0.2500000000000000000 ),
 .UNSPECIFIED. ) 
 CURVE ( )  GEOMETRIC_REPRESENTATION_ITEM ( )  RATIONAL_B_SPLINE_CURVE ( ( 1.000000000000000222, 0.9238795325112866275, 1.000000000000000000, 0.9238795325112867385, 1.000000000000000000, 0.9238795325112867385, 1.000000000000000000, 0.9238795325112867385, 1.000000000000000000 ) ) 
 REPRESENTATION_ITEM ( '' )  );
#792 = ORIENTED_EDGE ( 'NONE', *, *, #2355, .T. ) ;
#793 = CARTESIAN_POINT ( 'NONE',  ( 3.282664145728527030E-14, 2.350480947161674106, -1.875000000000005107 ) ) ;
#794 = DIRECTION ( 'NONE',  ( 1.000000000000000000, 0.000000000000000000, 0.000000000000000000 ) ) ;
#795 = CIRCLE ( 'NONE', #1865, 5.000000000000000888 ) ;
#796 = CARTESIAN_POINT ( 'NONE',  ( 0.9736010864139573728, 2.350480947161658563, -1.062500000000007327 ) ) ;
#797 = VECTOR ( 'NONE', #2296, 1000.000000000000000 ) ;
#798 = EDGE_CURVE ( 'NONE', #1888, #200, #2186, .T. ) ;
#799 = DIRECTION ( 'NONE',  ( -0.000000000000000000, -0.000000000000000000, 1.000000000000000000 ) ) ;
#800 = DIRECTION ( 'NONE',  ( 0.000000000000000000, 0.000000000000000000, -1.000000000000000000 ) ) ;
#801 = CARTESIAN_POINT ( 'NONE',  ( -1.499016189926940745, 2.278196984456468677, -2.120351403916708843 ) ) ;
#802 = EDGE_CURVE ( 'NONE', #2073, #249, #1191, .T. ) ;
#803 = DIRECTION ( 'NONE',  ( 1.000000000000000000, 0.000000000000000000, 0.000000000000000000 ) ) ;
#804 = CARTESIAN_POINT ( 'NONE',  ( 2.121320343559614408, -2.121320343559672139, -1.750000000000003331 ) ) ;
#805 = CARTESIAN_POINT ( 'NONE',  ( 2.999999999999983125, -1.242640687119329179, -1.687500000000003997 ) ) ;
#806 = EDGE_LOOP ( 'NONE', ( #2392, #458, #1125, #1312 ) ) ;
#807 = VERTEX_POINT ( 'NONE', #311 ) ;
#808 = DIRECTION ( 'NONE',  ( 0.000000000000000000, 0.000000000000000000, -1.000000000000000000 ) ) ;
#809 = CARTESIAN_POINT ( 'NONE',  ( 3.000000000000000888, -4.998230188239991773E-14, -0.6250000000000057732 ) ) ;
#810 = CARTESIAN_POINT ( 'NONE',  ( -2.385172396103185211, 1.104301814699804485, 2.023313705224026204 ) ) ;
#811 = CC_DESIGN_APPROVAL ( #533, ( #2302 ) ) ;
#812 = CARTESIAN_POINT ( 'NONE',  ( 0.1884837048843272245, 2.432603540805659215, -1.836901610856500389 ) ) ;
#813 = DIRECTION ( 'NONE',  ( 0.000000000000000000, 0.000000000000000000, 1.000000000000000000 ) ) ;
#814 = CARTESIAN_POINT ( 'NONE',  ( -4.097519195914138379, -3.407798881125550849, 2.343552472763236860 ) ) ;
#815 = ADVANCED_FACE ( 'NONE', ( #2485 ), #1491, .F. ) ;
#816 = CARTESIAN_POINT ( 'NONE',  ( -3.000000000000000888, 4.208147308598971561E-14, -4.124999999999998224 ) ) ;
#817 = ORIENTED_EDGE ( 'NONE', *, *, #668, .T. ) ;
#818 = ADVANCED_BREP_SHAPE_REPRESENTATION ( '91828A251_Corrosion-Resistant 18-8 Stainless Steel Hex Nut', ( #1979, #2555 ), #1881 ) ;
#819 = VERTEX_POINT ( 'NONE', #113 ) ;
#820 = PLANE ( 'NONE',  #2075 ) ;
#821 = CARTESIAN_POINT ( 'NONE',  ( -5.000000000000011546, -2.742413778650707457, 2.094293635091733385 ) ) ;
#822 = CARTESIAN_POINT ( 'NONE',  ( 3.570515042568362835E-14, 2.350480947161672329, 0.9999999999999878986 ) ) ;
#823 = CARTESIAN_POINT ( 'NONE',  ( -0.08780861830288730352, -5.722806362482009135, -2.082370150261569020 ) ) ;
#824 = CARTESIAN_POINT ( 'NONE',  ( -4.944627966063700697, 2.905387286974870253, -2.075725291387371385 ) ) ;
#825 = CARTESIAN_POINT ( 'NONE',  ( 2.350480947161654566, -0.9736010864139647003, 0.8124999999999888978 ) ) ;
#826 = ORIENTED_EDGE ( 'NONE', *, *, #1361, .T. ) ;
#827 = ORIENTED_EDGE ( 'NONE', *, *, #169, .T. ) ;
#828 = EDGE_CURVE ( 'NONE', #819, #1895, #1786, .T. ) ;
#829 = DIRECTION ( 'NONE',  ( 0.4999999999999980016, -0.8660254037844398178, 0.000000000000000000 ) ) ;
#830 = CARTESIAN_POINT ( 'NONE',  ( 2.999999999999979572, -1.242640687119332066, 2.187499999999986677 ) ) ;
#831 = CARTESIAN_POINT ( 'NONE',  ( -0.7777640976597234301, 2.423289878632425065, 1.939798344809671837 ) ) ;
#832 = CARTESIAN_POINT ( 'NONE',  ( -0.6509923434815210186, 2.325032158640285562, -1.802268956430484348 ) ) ;
#833 = AXIS2_PLACEMENT_3D ( 'NONE', #1350, #396, #354 ) ;
#834 = CARTESIAN_POINT ( 'NONE',  ( -4.999999999999997335, 2.886751345948141534, 2.500000000000000000 ) ) ;
#835 = CARTESIAN_POINT ( 'NONE',  ( -2.350480947161672329, 3.052237938037358214E-14, -0.7500000000000079936 ) ) ;
#836 = CARTESIAN_POINT ( 'NONE',  ( -1.662041016787825232, -1.662041016787772385, 0.4999999999999900080 ) ) ;
#837 = ORIENTED_EDGE ( 'NONE', *, *, #2017, .F. ) ;
#838 = CARTESIAN_POINT ( 'NONE',  ( -0.9736010864138908705, 2.350480947161687428, 1.187499999999988010 ) ) ;
#839 = CARTESIAN_POINT ( 'NONE',  ( -4.750000000000011546, -2.742413778650695910, 2.500000000000000000 ) ) ;
#840 = ORIENTED_EDGE ( 'NONE', *, *, #902, .T. ) ;
#841 = B_SPLINE_CURVE_WITH_KNOTS ( 'NONE', 3,
 ( #1551, #738, #2131, #573, #344, #2089 ),
 .UNSPECIFIED., .F., .F.,
 ( 4, 2, 4 ),
 ( 0.002921158011986703818, 0.004301918286216057860, 0.005682678560445412336 ),
 .UNSPECIFIED. ) ;
#842 = ADVANCED_FACE ( 'NONE', ( #2305 ), #2372, .T. ) ;
#843 = DIRECTION ( 'NONE',  ( 0.7071067811865487940, 8.659560562354948882E-17, -0.7071067811865463515 ) ) ;
#844 = CARTESIAN_POINT ( 'NONE',  ( 2.999999999999999112, -4.998230188239988618E-14, 0.2499999999999915623 ) ) ;
#845 = DIRECTION ( 'NONE',  ( -0.000000000000000000, -0.000000000000000000, -1.000000000000000000 ) ) ;
#846 = CARTESIAN_POINT ( 'NONE',  ( 4.097519195914132162, 3.407798881125573498, 2.343552472763231531 ) ) ;
#847 = LINE ( 'NONE', #1805, #1197 ) ;
#848 = CARTESIAN_POINT ( 'NONE',  ( -5.000000000000000888, 1.201851678989730854E-14, 2.500000000000000000 ) ) ;
#849 = CARTESIAN_POINT ( 'NONE',  ( 4.875000000000387246, 2.958920129596606330, -2.094293635091605932 ) ) ;
#850 = ORIENTED_EDGE ( 'NONE', *, *, #1938, .T. ) ;
#851 = CC_DESIGN_APPROVAL ( #2107, ( #510 ) ) ;
#852 = CARTESIAN_POINT ( 'NONE',  ( -0.9736010864138908705, 2.350480947161687428, -0.8125000000000073275 ) ) ;
#853 = CYLINDRICAL_SURFACE ( 'NONE', #1238, 2.999999999999999112 ) ;
#854 = ORIENTED_EDGE ( 'NONE', *, *, #2128, .F. ) ;
#855 = EDGE_CURVE ( 'NONE', #807, #1209, #2112, .T. ) ;
#856 = CARTESIAN_POINT ( 'NONE',  ( 0.000000000000000000, 0.000000000000000000, 2.500000000000000000 ) ) ;
#857 = CARTESIAN_POINT ( 'NONE',  ( -1.242640687119337839, -2.999999999999979128, 1.062499999999990452 ) ) ;
#858 = EDGE_CURVE ( 'NONE', #807, #921, #2136, .T. ) ;
#859 = EDGE_LOOP ( 'NONE', ( #938, #1809, #2021, #1284, #1509, #1333 ) ) ;
#860 = DIRECTION ( 'NONE',  ( -0.000000000000000000, -0.000000000000000000, 1.000000000000000000 ) ) ;
#861 = CARTESIAN_POINT ( 'NONE',  ( -0.7147368375540661400, -2.731718527086357984, 2.200335394638792685 ) ) ;
#862 = CARTESIAN_POINT ( 'NONE',  ( -2.108573464730939762, 2.125046394148446094, -2.384662515044329023 ) ) ;
#863 = ORIENTED_EDGE ( 'NONE', *, *, #2257, .F. ) ;
#864 = CARTESIAN_POINT ( 'NONE',  ( 2.350480947161674106, -3.325841780254503190E-14, -2.125000000000004441 ) ) ;
#865 = CARTESIAN_POINT ( 'NONE',  ( 1.662041016787825454, 1.662041016787772163, 0.9999999999999887867 ) ) ;
#866 = ORIENTED_EDGE ( 'NONE', *, *, #902, .F. ) ;
#867 = CARTESIAN_POINT ( 'NONE',  ( 1.242640687119242804, -3.000000000000018208, -1.937500000000004219 ) ) ;
#868 = CARTESIAN_POINT ( 'NONE',  ( -5.000000000000011546, -2.742413778650787393, -2.094293635091705852 ) ) ;
#869 = CARTESIAN_POINT ( 'NONE',  ( -0.9736010864139561516, -2.350480947161659007, -2.562500000000003997 ) ) ;
#870 = CIRCLE ( 'NONE', #2074, 3.099999999999999201 ) ;
#871 = LINE ( 'NONE', #1266, #1739 ) ;
#872 = CARTESIAN_POINT ( 'NONE',  ( 3.000000000000017764, 1.242640687119242582, -0.6875000000000066613 ) ) ;
#873 = CIRCLE ( 'NONE', #328, 5.000000000000000888 ) ;
#874 = CARTESIAN_POINT ( 'NONE',  ( 2.121320343559613519, -2.121320343559672583, -0.7500000000000054401 ) ) ;
#875 = EDGE_CURVE ( 'NONE', #2310, #2425, #1554, .T. ) ;
#876 = ORIENTED_EDGE ( 'NONE', *, *, #1099, .F. ) ;
#877 = CIRCLE ( 'NONE', #1823, 5.000000000000000888 ) ;
#878 = CARTESIAN_POINT ( 'NONE',  ( -3.311449235412511557E-14, -2.350480947161674106, 0.6249999999999892308 ) ) ;
#879 = CARTESIAN_POINT ( 'NONE',  ( 2.350469022712048162, 0.007487071597257977107, 1.750480947161676015 ) ) ;
#880 = ORIENTED_EDGE ( 'NONE', *, *, #1680, .F. ) ;
#881 = CARTESIAN_POINT ( 'NONE',  ( -2.999999999999999112, 4.208147308598969036E-14, -0.2500000000000076050 ) ) ;
#882 = CARTESIAN_POINT ( 'NONE',  ( -1.242640687119325626, -2.999999999999982236, -0.06250000000000785483 ) ) ;
#883 = DIRECTION ( 'NONE',  ( -0.000000000000000000, -0.000000000000000000, 1.000000000000000000 ) ) ;
#884 = DIRECTION ( 'NONE',  ( 1.000000000000000000, 0.000000000000000000, 0.000000000000000000 ) ) ;
#885 = CARTESIAN_POINT ( 'NONE',  ( -2.680008496438993415, -0.3581471948498828883, 2.080008496438741084 ) ) ;
#886 = CARTESIAN_POINT ( 'NONE',  ( -2.097316833880605635, -4.562616253279339951, 2.500000000000013323 ) ) ;
#887 = EDGE_LOOP ( 'NONE', ( #1743, #1324, #695, #596, #1937, #202 ) ) ;
#888 = EDGE_CURVE ( 'NONE', #1575, #1622, #1843, .T. ) ;
#889 = CARTESIAN_POINT ( 'NONE',  ( 2.350480947161660339, -0.9736010864139578169, 2.812499999999984901 ) ) ;
#890 = CARTESIAN_POINT ( 'NONE',  ( 0.000000000000000000, 0.000000000000000000, -2.500000000000000000 ) ) ;
#891 = VERTEX_POINT ( 'NONE', #988 ) ;
#892 = CARTESIAN_POINT ( 'NONE',  ( 2.999999999999980904, -1.242640687119328069, -1.812500000000004219 ) ) ;
#893 = CARTESIAN_POINT ( 'NONE',  ( -0.08782223266265035133, 5.722798502227639084, -2.082374514998828641 ) ) ;
#894 = CARTESIAN_POINT ( 'NONE',  ( -0.9736010864138845422, 2.350480947161687872, 0.06249999999999051453 ) ) ;
#895 = DIRECTION ( 'NONE',  ( -0.000000000000000000, -0.000000000000000000, 1.000000000000000000 ) ) ;
#896 = CARTESIAN_POINT ( 'NONE',  ( -2.155743549416833549, -1.692337584622368940, 2.134765238387966058 ) ) ;
#897 = CARTESIAN_POINT ( 'NONE',  ( -3.000000000000000888, 4.355104924496654370E-14, -2.125000000000002665 ) ) ;
#898 = ORIENTED_EDGE ( 'NONE', *, *, #314, .F. ) ;
#899 = CARTESIAN_POINT ( 'NONE',  ( 1.662041016787775494, -1.662041016787822345, 1.749999999999986899 ) ) ;
#900 = CARTESIAN_POINT ( 'NONE',  ( -5.000000000000007994, -0.9239451284780942908, -2.462168926621246090 ) ) ;
#901 = ORIENTED_EDGE ( 'NONE', *, *, #798, .T. ) ;
#902 = EDGE_CURVE ( 'NONE', #891, #1008, #1780, .T. ) ;
#903 = CARTESIAN_POINT ( 'NONE',  ( -1.242640687119327181, -2.999999999999981792, -2.062500000000003553 ) ) ;
#904 = CARTESIAN_POINT ( 'NONE',  ( 0.000000000000000000, 0.000000000000000000, 2.500000000000000000 ) ) ;
#905 = APPROVAL_ROLE ( '' ) ;
#906 = B_SPLINE_CURVE_WITH_KNOTS ( 'NONE', 3,
 ( #1217, #45, #630, #2005 ),
 .UNSPECIFIED., .F., .F.,
 ( 4, 4 ),
 ( 0.0001489213604345988266, 0.002921158011986695578 ),
 .UNSPECIFIED. ) ;
#907 = CARTESIAN_POINT ( 'NONE',  ( -2.350480947161672329, 2.878508968398380730E-16, -2.500000000000000000 ) ) ;
#908 = CARTESIAN_POINT ( 'NONE',  ( 0.000000000000000000, 0.000000000000000000, 2.400000000000000799 ) ) ;
#909 = AXIS2_PLACEMENT_3D ( 'NONE', #44, #1022, #452 ) ;
#910 = CARTESIAN_POINT ( 'NONE',  ( 3.512944863200397567E-14, 2.350480947161674106, 0.1249999999999905631 ) ) ;
#911 = DIRECTION ( 'NONE',  ( 1.000000000000000000, 0.000000000000000000, 0.000000000000000000 ) ) ;
#912 = ORIENTED_EDGE ( 'NONE', *, *, #2319, .F. ) ;
#913 = AXIS2_PLACEMENT_3D ( 'NONE', #904, #2520, #1721 ) ;
#914 = CARTESIAN_POINT ( 'NONE',  ( 2.999999999999980904, -1.242640687119328069, -0.8125000000000062172 ) ) ;
#915 = DIRECTION ( 'NONE',  ( 0.000000000000000000, 0.000000000000000000, -1.000000000000000000 ) ) ;
#916 = EDGE_CURVE ( 'NONE', #1888, #2365, #1178, .T. ) ;
#917 = CALENDAR_DATE ( 2026, 7, 1 ) ;
#918 = CARTESIAN_POINT ( 'NONE',  ( 2.373254028332336230, 0.9403735575560772109, -1.949902991274673036 ) ) ;
#919 = CARTESIAN_POINT ( 'NONE',  ( -3.000000000000000888, 4.208147308598971561E-14, 0.8749999999999912292 ) ) ;
#920 = CARTESIAN_POINT ( 'NONE',  ( -3.000000000000000888, 3.895676680625419688E-14, -1.125000000000004885 ) ) ;
#921 = VERTEX_POINT ( 'NONE', #363 ) ;
#922 = CARTESIAN_POINT ( 'NONE',  ( 0.9736010864139580390, 2.350480947161660339, 3.062499999999984901 ) ) ;
#923 = DIRECTION ( 'NONE',  ( -0.000000000000000000, -0.000000000000000000, 1.000000000000000000 ) ) ;
#924 = ORIENTED_EDGE ( 'NONE', *, *, #2323, .T. ) ;
#925 = VERTEX_POINT ( 'NONE', #2538 ) ;
#926 = LOCAL_TIME ( 22, 8, 29.00000000000000000, #1694 ) ;
#927 = CARTESIAN_POINT ( 'NONE',  ( 2.121320343559612631, -2.121320343559672139, 2.124999999999987121 ) ) ;
#928 = CARTESIAN_POINT ( 'NONE',  ( -1.753773599912955783, 2.433984009856323016, -2.399999999993959854 ) ) ;
#929 = CARTESIAN_POINT ( 'NONE',  ( 3.282664145728524506E-14, 2.350480947161672329, 0.9999999999999878986 ) ) ;
#930 = ADVANCED_FACE ( 'NONE', ( #547 ), #1996, .T. ) ;
#931 = CARTESIAN_POINT ( 'NONE',  ( -2.121320343559672583, -2.121320343559613519, 0.9999999999999904521 ) ) ;
#932 = CARTESIAN_POINT ( 'NONE',  ( 2.121320343559669030, 2.121320343559615296, 2.374999999999986677 ) ) ;
#933 = CARTESIAN_POINT ( 'NONE',  ( -1.772015406206433719, 2.002539569242913320, -2.067074061468582524 ) ) ;
#934 = ORIENTED_EDGE ( 'NONE', *, *, #2064, .T. ) ;
#935 = EDGE_CURVE ( 'NONE', #1140, #281, #1521, .T. ) ;
#936 = CARTESIAN_POINT ( 'NONE',  ( -4.096183824210962499, 3.408569858337875402, 2.320626431801101397 ) ) ;
#937 = CARTESIAN_POINT ( 'NONE',  ( 2.999999999999999112, -4.318365520522230670E-14, -1.750000000000004219 ) ) ;
#938 = ORIENTED_EDGE ( 'NONE', *, *, #1822, .F. ) ;
#939 = VERTEX_POINT ( 'NONE', #758 ) ;
#940 = CARTESIAN_POINT ( 'NONE',  ( -1.242640687119327181, -2.999999999999981792, 2.937499999999984901 ) ) ;
#941 = LINE ( 'NONE', #1748, #419 ) ;
#942 = PERSON_AND_ORGANIZATION_ROLE ( 'classification_officer' ) ;
#943 = CARTESIAN_POINT ( 'NONE',  ( 2.350480947161672329, -3.325841780254500665E-14, -0.2500000000000088818 ) ) ;
#944 = CARTESIAN_POINT ( 'NONE',  ( -2.121320343559672583, -2.121320343559613519, 1.999999999999988676 ) ) ;
#945 = CARTESIAN_POINT ( 'NONE',  ( 0.9736010864138842091, -2.350480947161688317, 0.5624999999999892308 ) ) ;
#946 = CARTESIAN_POINT ( 'NONE',  ( 0.2844664029307072406, 2.968329880514823937, -2.375539053377976551 ) ) ;
#947 = CARTESIAN_POINT ( 'NONE',  ( -4.988453181381651724, 2.829479787393458956, 2.075725291386838922 ) ) ;
#948 = CARTESIAN_POINT ( 'NONE',  ( -0.04382521532089169586, -5.734867074361511996, -2.075725291387407356 ) ) ;
#949 = DIRECTION ( 'NONE',  ( 0.000000000000000000, -0.000000000000000000, 1.000000000000000000 ) ) ;
#950 = EDGE_CURVE ( 'NONE', #1008, #968, #2430, .T. ) ;
#951 = CARTESIAN_POINT ( 'NONE',  ( 3.000000000000018652, 1.242640687119244580, -2.562500000000000888 ) ) ;
#952 = ORIENTED_EDGE ( 'NONE', *, *, #1028, .T. ) ;
#953 = AXIS2_PLACEMENT_3D ( 'NONE', #1768, #2191, #382 ) ;
#954 = VECTOR ( 'NONE', #1015, 1000.000000000000000 ) ;
#955 = ORIENTED_EDGE ( 'NONE', *, *, #255, .T. ) ;
#956 = AXIS2_PLACEMENT_3D ( 'NONE', #1151, #2377, #1560 ) ;
#957 = CARTESIAN_POINT ( 'NONE',  ( -2.350480947161660339, 0.9736010864139565957, -2.687500000000003553 ) ) ;
#958 = CARTESIAN_POINT ( 'NONE',  ( 2.121320343559613075, -2.121320343559671251, -0.8750000000000059952 ) ) ;
#959 = COORDINATED_UNIVERSAL_TIME_OFFSET ( 6, 0, .BEHIND. ) ;
#960 = CARTESIAN_POINT ( 'NONE',  ( 2.350480947161658563, -0.9736010864139572618, 0.6874999999999893419 ) ) ;
#961 = CARTESIAN_POINT ( 'NONE',  ( -2.999999999999984457, 1.242640687119328069, 0.8124999999999911182 ) ) ;
#962 = CARTESIAN_POINT ( 'NONE',  ( -2.350480947161686096, -0.9736010864138887611, 0.3124999999999898970 ) ) ;
#963 = CARTESIAN_POINT ( 'NONE',  ( 2.121320343559675248, 2.121320343559608634, 0.3749999999999912292 ) ) ;
#964 = CARTESIAN_POINT ( 'NONE',  ( 1.242640687119326293, 2.999999999999982236, 1.437499999999989120 ) ) ;
#965 = DIRECTION ( 'NONE',  ( 0.000000000000000000, 0.000000000000000000, 1.000000000000000000 ) ) ;
#966 = CARTESIAN_POINT ( 'NONE',  ( -4.299995818535020397E-14, -2.999999999999999112, -2.000000000000003553 ) ) ;
#967 = CARTESIAN_POINT ( 'NONE',  ( 2.121320343559613519, -2.121320343559673027, -2.750000000000001776 ) ) ;
#968 = VERTEX_POINT ( 'NONE', #182 ) ;
#969 = EDGE_CURVE ( 'NONE', #463, #1570, #1370, .T. ) ;
#970 = ORIENTED_EDGE ( 'NONE', *, *, #781, .T. ) ;
#971 = CARTESIAN_POINT ( 'NONE',  ( -0.9736010864138908705, 2.350480947161687428, -3.812500000000000888 ) ) ;
#972 = FACE_OUTER_BOUND ( 'NONE', #1884, .T. ) ;
#973 = CARTESIAN_POINT ( 'NONE',  ( -1.662041016787820791, -1.662041016787774161, -0.6250000000000083267 ) ) ;
#974 = CONICAL_SURFACE ( 'NONE', #560, 5.000000000000000888, 1.047197551196600074 ) ;
#975 = CARTESIAN_POINT ( 'NONE',  ( -2.796790520679431236, -0.7112401622249480138, -2.280148324922494751 ) ) ;
#976 = CARTESIAN_POINT ( 'NONE',  ( 1.950160674685690987, 2.292480012433597558, 2.387174492975003837 ) ) ;
#977 = CARTESIAN_POINT ( 'NONE',  ( -2.999999999999999112, 0.000000000000000000, 10.98528137423856776 ) ) ;
#978 = DIRECTION ( 'NONE',  ( -0.000000000000000000, -0.000000000000000000, 1.000000000000000000 ) ) ;
#979 = DIRECTION ( 'NONE',  ( 1.000000000000000000, 0.000000000000000000, 0.000000000000000000 ) ) ;
#980 = CARTESIAN_POINT ( 'NONE',  ( -4.226517010586181833E-14, -3.000000000000000888, -1.875000000000003331 ) ) ;
#981 = ORIENTED_EDGE ( 'NONE', *, *, #2374, .F. ) ;
#982 = EDGE_LOOP ( 'NONE', ( #2413, #2033, #934, #1602, #2253, #1272, #773, #792, #620, #571, #2061, #264, #1877, #2324, #1340, #474, #619, #880, #837, #763, #1831, #1007, #2322 ) ) ;
#983 = CARTESIAN_POINT ( 'NONE',  ( -2.350480947161674106, 3.297056690570518662E-14, 1.374999999999988232 ) ) ;
#984 = CARTESIAN_POINT ( 'NONE',  ( 2.499999999999990674, -4.330127018922199866, -2.500000000000000000 ) ) ;
#985 = CARTESIAN_POINT ( 'NONE',  ( 2.350480947161684764, 0.9736010864138906484, -2.187500000000004885 ) ) ;
#986 = DIRECTION ( 'NONE',  ( 0.000000000000000000, 0.000000000000000000, -1.000000000000000000 ) ) ;
#987 = CARTESIAN_POINT ( 'NONE',  ( 0.000000000000000000, 0.000000000000000000, -2.500000000000000000 ) ) ;
#988 = CARTESIAN_POINT ( 'NONE',  ( 4.999999999999984013, -2.742413778650734102, 2.094293635091739603 ) ) ;
#989 = CARTESIAN_POINT ( 'NONE',  ( -2.350480947161674106, 3.412197049306454247E-14, -1.625000000000005773 ) ) ;
#990 = FACE_OUTER_BOUND ( 'NONE', #1382, .T. ) ;
#991 = CARTESIAN_POINT ( 'NONE',  ( -2.121320343559672583, -2.121320343559613519, -3.000000000000000888 ) ) ;
#992 = ORIENTED_EDGE ( 'NONE', *, *, #1778, .F. ) ;
#993 = EDGE_LOOP ( 'NONE', ( #2048, #2517 ) ) ;
#994 = CONICAL_SURFACE ( 'NONE', #78, 3.099999999999999201, 0.7853981633974500554 ) ;
#995 = CC_DESIGN_PERSON_AND_ORGANIZATION_ASSIGNMENT ( #1300, #942, ( #2302 ) ) ;
#996 = FACE_OUTER_BOUND ( 'NONE', #1376, .T. ) ;
#997 = AXIS2_PLACEMENT_3D ( 'NONE', #2500, #1094, #2069 ) ;
#998 = AXIS2_PLACEMENT_3D ( 'NONE', #1638, #1974, #2442 ) ;
#999 = EDGE_CURVE ( 'NONE', #1810, #2559, #1235, .T. ) ;
#1000 = LINE ( 'NONE', #1033, #456 ) ;
#1001 = CARTESIAN_POINT ( 'NONE',  ( 2.594610457017985983, -0.1810943138757920290, -1.994610457017990779 ) ) ;
#1002 = CARTESIAN_POINT ( 'NONE',  ( -1.239457450194602739, 2.245887718046347903, 1.959864374970794021 ) ) ;
#1003 = CARTESIAN_POINT ( 'NONE',  ( 4.875000000000012434, 2.958920129596822601, 2.094293635091726724 ) ) ;
#1004 = CARTESIAN_POINT ( 'NONE',  ( -4.875000000000025757, -2.958920129596796400, 2.094293635091727612 ) ) ;
#1005 = CARTESIAN_POINT ( 'NONE',  ( -3.000000000000000888, 4.355104924496654370E-14, -2.125000000000002665 ) ) ;
#1006 = CARTESIAN_POINT ( 'NONE',  ( -3.000000000000000888, 4.208147308598971561E-14, -2.125000000000002665 ) ) ;
#1007 = ORIENTED_EDGE ( 'NONE', *, *, #94, .F. ) ;
#1008 = VERTEX_POINT ( 'NONE', #652 ) ;
#1009 = CARTESIAN_POINT ( 'NONE',  ( 2.499999999999990674, -4.330127018922199866, -2.500000000000000000 ) ) ;
#1010 = CARTESIAN_POINT ( 'NONE',  ( -0.2924404901956924041, 2.508331656539489973, 1.919970019255561766 ) ) ;
#1011 = CARTESIAN_POINT ( 'NONE',  ( -0.08782223266417403529, -5.722798502226748241, 2.082374515002248572 ) ) ;
#1012 = EDGE_CURVE ( 'NONE', #1757, #106, #96, .T. ) ;
#1013 = PLANE ( 'NONE',  #205 ) ;
#1014 = DIRECTION ( 'NONE',  ( -0.7071067811865487940, 0.000000000000000000, -0.7071067811865463515 ) ) ;
#1015 = DIRECTION ( 'NONE',  ( -0.000000000000000000, -0.000000000000000000, 1.000000000000000000 ) ) ;
#1016 = EDGE_CURVE ( 'NONE', #1895, #1664, #1439, .T. ) ;
#1017 = ORIENTED_EDGE ( 'NONE', *, *, #1916, .T. ) ;
#1018 = EDGE_LOOP ( 'NONE', ( #901, #141, #1260, #1799 ) ) ;
#1019 = CARTESIAN_POINT ( 'NONE',  ( 2.121320343559670363, 2.121320343559616628, 1.499999999999989120 ) ) ;
#1020 = CARTESIAN_POINT ( 'NONE',  ( -5.659725153970534401E-14, -2.999999999999999112, 1.999999999999988010 ) ) ;
#1021 = CARTESIAN_POINT ( 'NONE',  ( -4.912191381696287884, -2.937447675362921284, 2.082370150261891428 ) ) ;
#1022 = DIRECTION ( 'NONE',  ( -0.000000000000000000, -0.000000000000000000, -1.000000000000000000 ) ) ;
#1023 = DIRECTION ( 'NONE',  ( -0.000000000000000000, -0.000000000000000000, 1.000000000000000000 ) ) ;
#1024 = CARTESIAN_POINT ( 'NONE',  ( -2.121320343559675692, -2.121320343559610855, -2.000000000000003109 ) ) ;
#1025 = B_SPLINE_CURVE_WITH_KNOTS ( 'NONE', 3,
 ( #1441, #1816, #2027, #13 ),
 .UNSPECIFIED., .F., .F.,
 ( 4, 4 ),
 ( 0.0001489213604350445963, 0.002921158011986711191 ),
 .UNSPECIFIED. ) ;
#1026 = CARTESIAN_POINT ( 'NONE',  ( 2.678202771753413369, 0.4461403533225517526, 2.105832271201910189 ) ) ;
#1027 = ORIENTED_EDGE ( 'NONE', *, *, #699, .T. ) ;
#1028 = EDGE_CURVE ( 'NONE', #1912, #2209, #1696, .T. ) ;
#1029 = CARTESIAN_POINT ( 'NONE',  ( 1.662041016787775494, -1.662041016787822345, -2.250000000000004441 ) ) ;
#1030 = ORIENTED_EDGE ( 'NONE', *, *, #802, .F. ) ;
#1031 =( BOUNDED_CURVE ( )  B_SPLINE_CURVE ( 2, ( #1133, #2331, #1541, #546, #166, #1556, #1935, #2371, #771 ),
 .UNSPECIFIED., .F., .T. ) 
 B_SPLINE_CURVE_WITH_KNOTS ( ( 3, 2, 2, 2, 3 ),
 ( 0.7500000000000000000, 0.7678571428571429047, 0.7857142857142856984, 0.8035714285714286031, 0.8214285714285713969 ),
 .UNSPECIFIED. ) 
 CURVE ( )  GEOMETRIC_REPRESENTATION_ITEM ( )  RATIONAL_B_SPLINE_CURVE ( ( 1.000000000000000000, 0.9238795325112867385, 1.000000000000000000, 0.9238795325112867385, 1.000000000000000000, 0.9238795325112867385, 1.000000000000000000, 0.9238795325112867385, 1.000000000000000000 ) ) 
 REPRESENTATION_ITEM ( '' )  );
#1032 = CIRCLE ( 'NONE', #1904, 2.350480947161672329 ) ;
#1033 = CARTESIAN_POINT ( 'NONE',  ( -2.999999999999999112, 0.000000000000000000, 10.98528137423856776 ) ) ;
#1034 = CARTESIAN_POINT ( 'NONE',  ( 1.242640687119246135, -3.000000000000017764, 1.187499999999990674 ) ) ;
#1035 = CARTESIAN_POINT ( 'NONE',  ( 2.345741657070822050, 0.3365484833772086626, 1.764122685373885169 ) ) ;
#1036 = CARTESIAN_POINT ( 'NONE',  ( -1.662041016787825010, -1.662041016787773051, -0.5000000000000082157 ) ) ;
#1037 = CARTESIAN_POINT ( 'NONE',  ( 0.000000000000000000, 0.000000000000000000, -2.500000000000000000 ) ) ;
#1038 = CARTESIAN_POINT ( 'NONE',  ( -2.350469022712050382, 0.007487071596374062638, -1.750480947161633827 ) ) ;
#1039 = DIRECTION ( 'NONE',  ( 1.000000000000000000, 0.000000000000000000, 0.000000000000000000 ) ) ;
#1040 = VERTEX_POINT ( 'NONE', #21 ) ;
#1041 = CARTESIAN_POINT ( 'NONE',  ( 2.350480947161686984, 0.9736010864138914256, -2.062500000000004441 ) ) ;
#1042 = DIRECTION ( 'NONE',  ( 0.000000000000000000, 0.000000000000000000, -1.000000000000000000 ) ) ;
#1043 = EDGE_LOOP ( 'NONE', ( #1847, #1381, #2352, #2337 ) ) ;
#1044 = EDGE_CURVE ( 'NONE', #2560, #2129, #1306, .T. ) ;
#1045 =( BOUNDED_CURVE ( )  B_SPLINE_CURVE ( 2, ( #1321, #2177, #535, #1180, #198, #2516, #339, #1391, #617 ),
 .UNSPECIFIED., .F., .T. ) 
 B_SPLINE_CURVE_WITH_KNOTS ( ( 3, 2, 2, 2, 3 ),
 ( 0.6071428571428570953, 0.6250000000000000000, 0.6428571428571427937, 0.6607142857142855874, 0.6785714285714284921 ),
 .UNSPECIFIED. ) 
 CURVE ( )  GEOMETRIC_REPRESENTATION_ITEM ( )  RATIONAL_B_SPLINE_CURVE ( ( 1.000000000000000000, 0.9238795325112867385, 1.000000000000000000, 0.9238795325112867385, 1.000000000000000000, 0.9238795325112867385, 1.000000000000000000, 0.9238795325112871826, 0.9999999999999995559 ) ) 
 REPRESENTATION_ITEM ( '' )  );
#1046 = DIRECTION ( 'NONE',  ( 1.000000000000000000, 0.000000000000000000, 0.000000000000000000 ) ) ;
#1047 = APPLICATION_PROTOCOL_DEFINITION ( 'international standard', 'config_control_design', 1994, #201 ) ;
#1048 = CARTESIAN_POINT ( 'NONE',  ( -0.9736010864139553744, -2.350480947161661227, -0.4375000000000082157 ) ) ;
#1049 = FACE_OUTER_BOUND ( 'NONE', #1625, .T. ) ;
#1050 = DIRECTION ( 'NONE',  ( -0.5000000000000012212, -0.8660254037844380415, 0.000000000000000000 ) ) ;
#1051 = CARTESIAN_POINT ( 'NONE',  ( 4.999999999999997335, 2.742413778650720335, -2.094293635091732053 ) ) ;
#1052 = VERTEX_POINT ( 'NONE', #1644 ) ;
#1053 = CARTESIAN_POINT ( 'NONE',  ( 0.9736010864138904264, -2.350480947161687872, 0.6874999999999893419 ) ) ;
#1054 = CARTESIAN_POINT ( 'NONE',  ( 4.557171646355967995E-14, 3.000000000000000888, 0.6249999999999910072 ) ) ;
#1055 = EDGE_LOOP ( 'NONE', ( #1243, #412, #1536, #1676 ) ) ;
#1056 = CARTESIAN_POINT ( 'NONE',  ( 2.999999999999999112, -4.244886712573389581E-14, -2.750000000000002220 ) ) ;
#1057 = DIRECTION ( 'NONE',  ( 0.000000000000000000, 0.000000000000000000, -1.000000000000000000 ) ) ;
#1058 = EDGE_CURVE ( 'NONE', #2425, #281, #82, .T. ) ;
#1059 = DIRECTION ( 'NONE',  ( -0.000000000000000000, -0.000000000000000000, 1.000000000000000000 ) ) ;
#1060 = DIRECTION ( 'NONE',  ( 0.000000000000000000, 0.000000000000000000, 1.000000000000000000 ) ) ;
#1061 = FACE_OUTER_BOUND ( 'NONE', #159, .T. ) ;
#1062 = CARTESIAN_POINT ( 'NONE',  ( 2.577306888298693810, 1.114827815857313498, 2.199325948854173429 ) ) ;
#1063 = ORIENTED_EDGE ( 'NONE', *, *, #716, .T. ) ;
#1064 = CARTESIAN_POINT ( 'NONE',  ( -2.350480947161687428, -0.9736010864138907595, 0.4374999999999900080 ) ) ;
#1065 = CARTESIAN_POINT ( 'NONE',  ( -0.1249999999999755751, 5.701333908247564253, 2.094293635091724060 ) ) ;
#1066 = ORIENTED_EDGE ( 'NONE', *, *, #2128, .T. ) ;
#1067 = CARTESIAN_POINT ( 'NONE',  ( -2.121320343559671695, -2.121320343559612631, -1.125000000000005773 ) ) ;
#1068 = CARTESIAN_POINT ( 'NONE',  ( 0.1250000000087416463, 5.701333908242514070, -2.094293635094528483 ) ) ;
#1069 =( NAMED_UNIT ( * ) PLANE_ANGLE_UNIT ( ) SI_UNIT ( $, .RADIAN. ) );
#1070 = CARTESIAN_POINT ( 'NONE',  ( 0.000000000000000000, 0.000000000000000000, 2.500000000000000000 ) ) ;
#1071 = EDGE_CURVE ( 'NONE', #2543, #925, #1108, .T. ) ;
#1072 = DIRECTION ( 'NONE',  ( 0.000000000000000000, 0.000000000000000000, -1.000000000000000000 ) ) ;
#1073 = AXIS2_PLACEMENT_3D ( 'NONE', #701, #2274, #2051 ) ;
#1074 = CARTESIAN_POINT ( 'NONE',  ( -1.694885762717721622, -4.794959940545500565, 2.461540575954414223 ) ) ;
#1075 = VERTEX_POINT ( 'NONE', #221 ) ;
#1076 = VECTOR ( 'NONE', #109, 1000.000000000000000 ) ;
#1077 = CARTESIAN_POINT ( 'NONE',  ( 1.662041016787825010, 1.662041016787772607, -9.107298248878237246E-15 ) ) ;
#1078 = CARTESIAN_POINT ( 'NONE',  ( -5.000000000000006217, -0.4637686117031748489, -2.499999999999997780 ) ) ;
#1079 = VERTEX_POINT ( 'NONE', #1239 ) ;
#1080 = CARTESIAN_POINT ( 'NONE',  ( 1.242640687119242804, -3.000000000000018208, 0.06249999999999181211 ) ) ;
#1081 = CARTESIAN_POINT ( 'NONE',  ( -1.694885762720592881, -4.794959940543842336, -2.461540575954694443 ) ) ;
#1082 = DIRECTION ( 'NONE',  ( -0.000000000000000000, -0.000000000000000000, 1.000000000000000000 ) ) ;
#1083 = CARTESIAN_POINT ( 'NONE',  ( -2.350480947161659007, 0.9736010864139559295, -2.812500000000003109 ) ) ;
#1084 = CARTESIAN_POINT ( 'NONE',  ( -2.429179263084494611, -1.224603425558157710, 2.114500616868476790 ) ) ;
#1085 = EDGE_LOOP ( 'NONE', ( #117, #522, #277, #1435, #2087, #2443 ) ) ;
#1086 = CARTESIAN_POINT ( 'NONE',  ( 1.242640687119325849, 2.999999999999984013, -1.437500000000004219 ) ) ;
#1087 = CYLINDRICAL_SURFACE ( 'NONE', #1699, 2.999999999999999112 ) ;
#1088 = ORIENTED_EDGE ( 'NONE', *, *, #1443, .T. ) ;
#1089 = CARTESIAN_POINT ( 'NONE',  ( -2.121320343559612631, 2.121320343559671695, 0.6249999999999910072 ) ) ;
#1090 = CARTESIAN_POINT ( 'NONE',  ( 4.999999999999990230, -1.201851678989724858E-14, 2.500000000000000000 ) ) ;
#1091 = APPLICATION_PROTOCOL_DEFINITION ( 'international standard', 'config_control_design', 1994, #1659 ) ;
#1092 = CARTESIAN_POINT ( 'NONE',  ( -1.662041016787825898, -1.662041016787772163, 1.499999999999987566 ) ) ;
#1093 = CARTESIAN_POINT ( 'NONE',  ( 2.500000000000006661, 4.330127018922190985, -2.500000000000000000 ) ) ;
#1094 = DIRECTION ( 'NONE',  ( -0.000000000000000000, -0.000000000000000000, 1.000000000000000000 ) ) ;
#1095 = CARTESIAN_POINT ( 'NONE',  ( -4.874999999999613642, 2.958920129597065518, 2.094293635091849737 ) ) ;
#1096 = CARTESIAN_POINT ( 'NONE',  ( 0.000000000000000000, 0.000000000000000000, -1.750480947161676015 ) ) ;
#1097 = LINE ( 'NONE', #2072, #2035 ) ;
#1098 = VERTEX_POINT ( 'NONE', #2421 ) ;
#1099 = EDGE_CURVE ( 'NONE', #2094, #228, #65, .T. ) ;
#1100 = CARTESIAN_POINT ( 'NONE',  ( -4.226517010586179309E-14, -2.999999999999999112, -7.806255641895631925E-15 ) ) ;
#1101 = CARTESIAN_POINT ( 'NONE',  ( 4.988453181381633961, -2.829479787393454071, 2.075725291386848692 ) ) ;
#1102 = B_SPLINE_CURVE_WITH_KNOTS ( 'NONE', 3,
 ( #2313, #1732, #2532, #122, #1901, #1090 ),
 .UNSPECIFIED., .F., .F.,
 ( 4, 2, 4 ),
 ( 0.005589846520475599129, 0.006976791856498821935, 0.008363737192522044742 ),
 .UNSPECIFIED. ) ;
#1103 = CARTESIAN_POINT ( 'NONE',  ( 0.000000000000000000, 0.000000000000000000, -2.500000000000000000 ) ) ;
#1104 = CARTESIAN_POINT ( 'NONE',  ( 2.121320343559613519, -2.121320343559673027, 1.249999999999989786 ) ) ;
#1105 = DIRECTION ( 'NONE',  ( 1.000000000000000000, 0.000000000000000000, 0.000000000000000000 ) ) ;
#1106 = CARTESIAN_POINT ( 'NONE',  ( 2.407950264370844806, -0.7850401462761523730, 1.927465643445708698 ) ) ;
#1107 = CARTESIAN_POINT ( 'NONE',  ( -1.242640687119235254, 3.000000000000019984, 1.562499999999988454 ) ) ;
#1108 = B_SPLINE_CURVE_WITH_KNOTS ( 'NONE', 3,
 ( #1003, #846, #2436, #1794 ),
 .UNSPECIFIED., .F., .F.,
 ( 4, 4 ),
 ( 0.0001489213604350440813, 0.002921158011986703818 ),
 .UNSPECIFIED. ) ;
#1109 = CARTESIAN_POINT ( 'NONE',  ( 0.9736010864139580390, 2.350480947161660339, 2.062499999999986233 ) ) ;
#1110 = DIRECTION ( 'NONE',  ( 0.000000000000000000, 0.000000000000000000, -1.000000000000000000 ) ) ;
#1111 = ORIENTED_EDGE ( 'NONE', *, *, #1552, .T. ) ;
#1112 = AXIS2_PLACEMENT_3D ( 'NONE', #304, #923, #2096 ) ;
#1113 = EDGE_CURVE ( 'NONE', #1746, #471, #2461, .T. ) ;
#1114 = ORIENTED_EDGE ( 'NONE', *, *, #2238, .T. ) ;
#1115 = CARTESIAN_POINT ( 'NONE',  ( 3.000000000000015987, 1.242640687119243914, 1.312499999999989120 ) ) ;
#1116 = LINE ( 'NONE', #135, #1076 ) ;
#1117 = EDGE_CURVE ( 'NONE', #66, #925, #2284, .T. ) ;
#1118 = CARTESIAN_POINT ( 'NONE',  ( -0.9736010864139561516, -2.350480947161659007, -0.5625000000000083267 ) ) ;
#1119 = CARTESIAN_POINT ( 'NONE',  ( -2.999999999999984457, 1.242640687119328069, -0.1875000000000071054 ) ) ;
#1120 = CARTESIAN_POINT ( 'NONE',  ( 0.000000000000000000, 0.000000000000000000, -0.5999999999999880984 ) ) ;
#1121 = DIRECTION ( 'NONE',  ( 1.000000000000000000, 0.000000000000000000, 0.000000000000000000 ) ) ;
#1122 = CARTESIAN_POINT ( 'NONE',  ( 4.189777606611758764E-14, 2.999999999999999112, -3.500000000000000444 ) ) ;
#1123 = CARTESIAN_POINT ( 'NONE',  ( -1.662041016787822123, -1.662041016787775494, 2.499999999999985789 ) ) ;
#1124 = DIRECTION ( 'NONE',  ( 0.000000000000000000, 0.000000000000000000, -1.000000000000000000 ) ) ;
#1125 = ORIENTED_EDGE ( 'NONE', *, *, #269, .F. ) ;
#1126 = EDGE_LOOP ( 'NONE', ( #1189, #158, #1957, #2545 ) ) ;
#1127 = CARTESIAN_POINT ( 'NONE',  ( 1.662041016787822345, 1.662041016787775050, -3.000000000000002665 ) ) ;
#1128 = CARTESIAN_POINT ( 'NONE',  ( 4.999999999999992895, 1.848661140044566054, 2.319546572516465677 ) ) ;
#1129 = APPROVAL_ROLE ( '' ) ;
#1130 = CARTESIAN_POINT ( 'NONE',  ( -3.311449235412509033E-14, -2.350480947161672329, -0.5000000000000082157 ) ) ;
#1131 = EDGE_CURVE ( 'NONE', #1611, #226, #1926, .T. ) ;
#1132 = CARTESIAN_POINT ( 'NONE',  ( -3.000000000000000888, 4.208147308598971561E-14, -0.1250000000000070499 ) ) ;
#1133 = CARTESIAN_POINT ( 'NONE',  ( -2.350480947161672329, 3.167378296773293167E-14, 1.249999999999988010 ) ) ;
#1134 = CARTESIAN_POINT ( 'NONE',  ( 4.483692838407123751E-14, 2.999999999999999112, 0.4999999999999908962 ) ) ;
#1135 = ORIENTED_EDGE ( 'NONE', *, *, #999, .T. ) ;
#1136 = CARTESIAN_POINT ( 'NONE',  ( -4.520432242381544295E-14, -2.999999999999999112, 0.9999999999999895639 ) ) ;
#1137 = DIRECTION ( 'NONE',  ( 1.000000000000000000, 0.000000000000000000, 0.000000000000000000 ) ) ;
#1138 = CARTESIAN_POINT ( 'NONE',  ( 2.350480947161658563, -0.9736010864139572618, 2.687499999999984901 ) ) ;
#1139 = ORIENTED_EDGE ( 'NONE', *, *, #250, .F. ) ;
#1140 = VERTEX_POINT ( 'NONE', #2080 ) ;
#1141 = CARTESIAN_POINT ( 'NONE',  ( -0.9736010864139567067, -2.350480947161660339, -2.437500000000003997 ) ) ;
#1142 = CARTESIAN_POINT ( 'NONE',  ( 0.1249999999996032340, -5.701333908247760540, -2.094293635091615702 ) ) ;
#1143 = CARTESIAN_POINT ( 'NONE',  ( 0.9736010864139573728, 2.350480947161658563, 0.9374999999999887867 ) ) ;
#1144 = CC_DESIGN_DATE_AND_TIME_ASSIGNMENT ( #1868, #2038, ( #2573 ) ) ;
#1145 = CARTESIAN_POINT ( 'NONE',  ( 2.121320343559613519, -2.121320343559673027, 0.2499999999999924227 ) ) ;
#1146 = CARTESIAN_POINT ( 'NONE',  ( 2.999999999999999112, -5.145187804137670165E-14, 2.249999999999987121 ) ) ;
#1147 = DIRECTION ( 'NONE',  ( 1.000000000000000000, 0.000000000000000000, 0.000000000000000000 ) ) ;
#1148 = EDGE_CURVE ( 'NONE', #1075, #317, #1398, .T. ) ;
#1149 = VERTEX_POINT ( 'NONE', #702 ) ;
#1150 = CARTESIAN_POINT ( 'NONE',  ( -1.656738425831113526, 1.667326744026102814, -1.750480947161676237 ) ) ;
#1151 = CARTESIAN_POINT ( 'NONE',  ( 0.000000000000000000, 0.000000000000000000, -2.500000000000000000 ) ) ;
#1152 = CARTESIAN_POINT ( 'NONE',  ( -3.000000000000018652, -1.242640687119243470, -3.062500000000001332 ) ) ;
#1153 = ORIENTED_EDGE ( 'NONE', *, *, #2402, .T. ) ;
#1154 = AXIS2_PLACEMENT_3D ( 'NONE', #1619, #860, #224 ) ;
#1155 = ORIENTED_EDGE ( 'NONE', *, *, #2514, .F. ) ;
#1156 = CONICAL_SURFACE ( 'NONE', #2332, 5.000000000000000888, 1.047197551196600074 ) ;
#1157 = CARTESIAN_POINT ( 'NONE',  ( 2.121320343559612631, -2.121320343559672139, 3.124999999999985345 ) ) ;
#1158 = CARTESIAN_POINT ( 'NONE',  ( -7.212728060499675062E-15, -5.773502691896237771, 2.500000000000000000 ) ) ;
#1159 = COORDINATED_UNIVERSAL_TIME_OFFSET ( 6, 0, .BEHIND. ) ;
#1160 = CARTESIAN_POINT ( 'NONE',  ( -0.9736010864139561516, -2.350480947161659007, 0.4374999999999891198 ) ) ;
#1161 = CARTESIAN_POINT ( 'NONE',  ( 1.242640687119243026, -3.000000000000019096, 0.1874999999999923672 ) ) ;
#1162 = FACE_OUTER_BOUND ( 'NONE', #552, .T. ) ;
#1163 = CARTESIAN_POINT ( 'NONE',  ( 4.912191381697248005, -2.937447675362492294, -2.082370150261548147 ) ) ;
#1164 = ADVANCED_FACE ( 'NONE', ( #2290 ), #1709, .F. ) ;
#1165 = LINE ( 'NONE', #1597, #537 ) ;
#1166 = DIRECTION ( 'NONE',  ( -0.000000000000000000, -0.000000000000000000, -1.000000000000000000 ) ) ;
#1167 = CARTESIAN_POINT ( 'NONE',  ( 1.662041016787774161, -1.662041016787821013, 2.624999999999984901 ) ) ;
#1168 = EDGE_LOOP ( 'NONE', ( #370, #854, #2297, #866 ) ) ;
#1169 = ADVANCED_FACE ( 'NONE', ( #715 ), #1643, .F. ) ;
#1170 = ORIENTED_EDGE ( 'NONE', *, *, #1443, .F. ) ;
#1171 = CARTESIAN_POINT ( 'NONE',  ( 3.282664145728527030E-14, 2.350480947161674106, -2.875000000000003109 ) ) ;
#1172 = DIRECTION ( 'NONE',  ( 1.000000000000000000, 0.000000000000000000, 0.000000000000000000 ) ) ;
#1173 = CARTESIAN_POINT ( 'NONE',  ( 0.9736010864138895382, -2.350480947161686096, 1.562499999999987566 ) ) ;
#1174 = APPROVAL_PERSON_ORGANIZATION ( #1733, #533, #768 ) ;
#1175 = CARTESIAN_POINT ( 'NONE',  ( 4.336735222509440942E-14, 2.999999999999999112, -1.500000000000004885 ) ) ;
#1176 = CARTESIAN_POINT ( 'NONE',  ( -2.304482757178473395, 1.250405097625043815, 2.016740050065509937 ) ) ;
#1177 = CARTESIAN_POINT ( 'NONE',  ( -4.875000000000400568, -2.958920129596580129, -2.094293635091606820 ) ) ;
#1178 = B_SPLINE_CURVE_WITH_KNOTS ( 'NONE', 3,
 ( #2150, #946, #1752, #1571, #152, #2333, #2345, #1766, #801, #933, #563, #1583, #1557, #2373, #2386, #2163, #590, #1737 ),
 .UNSPECIFIED., .F., .F.,
 ( 4, 2, 2, 2, 2, 2, 2, 2, 4 ),
 ( 0.000000000000000000, 0.0005862557908495778184, 0.001172511581699155637, 0.001758767372548733672, 0.002345023163398311274, 0.002931278954247888875, 0.003517534745097466477, 0.004103790535947044078, 0.004690046326796620813 ),
 .UNSPECIFIED. ) ;
#1179 = DIRECTION ( 'NONE',  ( 1.000000000000000000, 0.000000000000000000, -0.000000000000000000 ) ) ;
#1180 = CARTESIAN_POINT ( 'NONE',  ( -1.242640687119326737, -2.999999999999984013, 0.06249999999999224926 ) ) ;
#1181 = CARTESIAN_POINT ( 'NONE',  ( -0.9736010864138903154, 2.350480947161685208, 2.062499999999986233 ) ) ;
#1182 = ORIENTED_EDGE ( 'NONE', *, *, #475, .T. ) ;
#1183 = ORIENTED_EDGE ( 'NONE', *, *, #745, .F. ) ;
#1184 = EDGE_CURVE ( 'NONE', #1052, #921, #1289, .T. ) ;
#1185 = CARTESIAN_POINT ( 'NONE',  ( 2.350480947161658563, -0.9736010864139572618, 1.687499999999986677 ) ) ;
#1186 = DIRECTION ( 'NONE',  ( -0.000000000000000000, -0.000000000000000000, -1.000000000000000000 ) ) ;
#1187 = CARTESIAN_POINT ( 'NONE',  ( 2.061950113647404326, -1.686222190673840604, -2.057511112527659058 ) ) ;
#1188 = CARTESIAN_POINT ( 'NONE',  ( -2.499999999999991118, 4.330127018922199866, -2.500000000000000000 ) ) ;
#1189 = ORIENTED_EDGE ( 'NONE', *, *, #384, .F. ) ;
#1190 = CARTESIAN_POINT ( 'NONE',  ( -4.999999999999997335, 2.742413778650735434, 2.094293635091727168 ) ) ;
#1191 =( BOUNDED_CURVE ( )  B_SPLINE_CURVE ( 2, ( #493, #1291, #2123, #337, #128, #1279, #1883, #1686, #1894 ),
 .UNSPECIFIED., .F., .T. ) 
 B_SPLINE_CURVE_WITH_KNOTS ( ( 3, 2, 2, 2, 3 ),
 ( 0.3214285714285713969, 0.3392857142857142461, 0.3571428571428570953, 0.3750000000000000000, 0.3928571428571428492 ),
 .UNSPECIFIED. ) 
 CURVE ( )  GEOMETRIC_REPRESENTATION_ITEM ( )  RATIONAL_B_SPLINE_CURVE ( ( 1.000000000000000222, 0.9238795325112865164, 1.000000000000000000, 0.9238795325112867385, 1.000000000000000000, 0.9238795325112867385, 1.000000000000000000, 0.9238795325112867385, 1.000000000000000000 ) ) 
 REPRESENTATION_ITEM ( '' )  );
#1192 = CARTESIAN_POINT ( 'NONE',  ( -1.662041016787775494, 1.662041016787822345, 0.2499999999999906741 ) ) ;
#1193 = CARTESIAN_POINT ( 'NONE',  ( -2.350480947161672329, 3.412197049306451722E-14, -1.750000000000005995 ) ) ;
#1194 = CARTESIAN_POINT ( 'NONE',  ( 2.350480947161672329, -3.325841780254500665E-14, 2.749999999999984013 ) ) ;
#1195 = ORIENTED_EDGE ( 'NONE', *, *, #107, .F. ) ;
#1196 = ORIENTED_EDGE ( 'NONE', *, *, #222, .F. ) ;
#1197 = VECTOR ( 'NONE', #22, 1000.000000000000000 ) ;
#1198 = CIRCLE ( 'NONE', #706, 5.000000000000000888 ) ;
#1199 = EDGE_CURVE ( 'NONE', #1040, #2240, #1032, .T. ) ;
#1200 = VECTOR ( 'NONE', #359, 1000.000000000000000 ) ;
#1201 = CARTESIAN_POINT ( 'NONE',  ( -1.242640687119235254, 3.000000000000021760, 1.687499999999989786 ) ) ;
#1202 = CYLINDRICAL_SURFACE ( 'NONE', #2456, 2.999999999999999112 ) ;
#1203 = EDGE_CURVE ( 'NONE', #676, #554, #334, .T. ) ;
#1204 = CARTESIAN_POINT ( 'NONE',  ( 0.000000000000000000, 0.000000000000000000, 10.98528137423856776 ) ) ;
#1205 = LINE ( 'NONE', #261, #2327 ) ;
#1206 = CARTESIAN_POINT ( 'NONE',  ( -4.999999999999997335, 2.742413778650732326, -2.094293635091728056 ) ) ;
#1207 = CARTESIAN_POINT ( 'NONE',  ( 2.318326093839340629, 1.738876963343100490, 2.289441461538290312 ) ) ;
#1208 = ORIENTED_EDGE ( 'NONE', *, *, #174, .F. ) ;
#1209 = VERTEX_POINT ( 'NONE', #809 ) ;
#1210 =( BOUNDED_CURVE ( )  B_SPLINE_CURVE ( 2, ( #1858, #872, #1467, #492, #1661, #718, #299, #1303, #2265 ),
 .UNSPECIFIED., .F., .T. ) 
 B_SPLINE_CURVE_WITH_KNOTS ( ( 3, 2, 2, 2, 3 ),
 ( 0.3928571428571428492, 0.4107142857142856984, 0.4285714285714284921, 0.4464285714285713969, 0.4642857142857142461 ),
 .UNSPECIFIED. ) 
 CURVE ( )  GEOMETRIC_REPRESENTATION_ITEM ( )  RATIONAL_B_SPLINE_CURVE ( ( 1.000000000000000000, 0.9238795325112867385, 1.000000000000000000, 0.9238795325112867385, 1.000000000000000000, 0.9238795325112867385, 1.000000000000000000, 0.9238795325112869605, 0.9999999999999997780 ) ) 
 REPRESENTATION_ITEM ( '' )  );
#1211 = CARTESIAN_POINT ( 'NONE',  ( 0.000000000000000000, 0.000000000000000000, -2.500000000000000000 ) ) ;
#1212 = CARTESIAN_POINT ( 'NONE',  ( -0.8427405153085383294, -2.670613022425418759, -2.177022712045088682 ) ) ;
#1213 = CARTESIAN_POINT ( 'NONE',  ( 0.000000000000000000, 0.000000000000000000, -2.500000000000000000 ) ) ;
#1214 = AXIS2_PLACEMENT_3D ( 'NONE', #1685, #74, #275 ) ;
#1215 = CARTESIAN_POINT ( 'NONE',  ( -0.8785921407626746671, 2.237812746128002406, -1.791779239013587599 ) ) ;
#1216 = ADVANCED_FACE ( 'NONE', ( #427 ), #1202, .F. ) ;
#1217 = CARTESIAN_POINT ( 'NONE',  ( 0.1249999999996032340, -5.701333908247760540, -2.094293635091615702 ) ) ;
#1218 = CARTESIAN_POINT ( 'NONE',  ( -2.350480947161672329, 3.412197049306451722E-14, -1.750000000000005995 ) ) ;
#1219 = CARTESIAN_POINT ( 'NONE',  ( 4.988453181381763635, 2.829479787393051726, -2.075725291386897098 ) ) ;
#1220 = ORIENTED_EDGE ( 'NONE', *, *, #1520, .F. ) ;
#1221 = CARTESIAN_POINT ( 'NONE',  ( -2.350480947161674106, 3.297056690570518662E-14, -1.625000000000005773 ) ) ;
#1222 = ORIENTED_EDGE ( 'NONE', *, *, #2097, .T. ) ;
#1223 = CARTESIAN_POINT ( 'NONE',  ( 0.000000000000000000, 0.000000000000000000, 2.500000000000000000 ) ) ;
#1224 = CARTESIAN_POINT ( 'NONE',  ( -1.938893126848586723, -2.059306904634317537, -2.222722711335328949 ) ) ;
#1225 = CYLINDRICAL_SURFACE ( 'NONE', #687, 2.999999999999999112 ) ;
#1226 = CARTESIAN_POINT ( 'NONE',  ( 1.237862570043211319, 2.165012983448054040, -1.882231912247414041 ) ) ;
#1227 = CARTESIAN_POINT ( 'NONE',  ( 2.500000000000006661, 4.330127018922190985, -2.500000000000000000 ) ) ;
#1228 = CARTESIAN_POINT ( 'NONE',  ( -5.000000000000011546, -2.742413778650707457, 2.094293635091733385 ) ) ;
#1229 = EDGE_CURVE ( 'NONE', #226, #1040, #1490, .T. ) ;
#1230 = CARTESIAN_POINT ( 'NONE',  ( 1.919932016373909534, 2.279473358226233870, 2.371775929577359499 ) ) ;
#1231 = ORIENTED_EDGE ( 'NONE', *, *, #1515, .F. ) ;
#1232 = CARTESIAN_POINT ( 'NONE',  ( -2.350480947161674106, 3.297056690570518662E-14, 0.3749999999999898970 ) ) ;
#1233 = CARTESIAN_POINT ( 'NONE',  ( 2.350480947161674106, -3.973651788363435027E-14, 0.8749999999999886757 ) ) ;
#1234 = ORIENTED_EDGE ( 'NONE', *, *, #999, .F. ) ;
#1235 = B_SPLINE_CURVE_WITH_KNOTS ( 'NONE', 3,
 ( #1177, #2025, #2014, #1631, #232, #1618 ),
 .UNSPECIFIED., .F., .F.,
 ( 4, 2, 4 ),
 ( 4.357353363080936478E-16, 0.0001318968453401978512, 0.0002637936906799599615 ),
 .UNSPECIFIED. ) ;
#1236 = AXIS2_PLACEMENT_3D ( 'NONE', #1646, #1060, #2463 ) ;
#1237 = CARTESIAN_POINT ( 'NONE',  ( -4.999999999999997335, 2.742413778650732326, -2.094293635091728056 ) ) ;
#1238 = AXIS2_PLACEMENT_3D ( 'NONE', #2045, #1372, #1433 ) ;
#1239 = CARTESIAN_POINT ( 'NONE',  ( 3.000000000000000888, -4.924751380291150053E-14, -1.625000000000003553 ) ) ;
#1240 = CARTESIAN_POINT ( 'NONE',  ( 1.662041016787774161, -1.662041016787820791, -0.3750000000000085487 ) ) ;
#1241 = CARTESIAN_POINT ( 'NONE',  ( -4.912191381697276427, 2.937447675362494959, -2.082370150261533936 ) ) ;
#1242 = CARTESIAN_POINT ( 'NONE',  ( 4.912177767335882628, 2.937455535617588875, -2.082374514999297599 ) ) ;
#1243 = ORIENTED_EDGE ( 'NONE', *, *, #1148, .T. ) ;
#1244 = EDGE_CURVE ( 'NONE', #471, #433, #190, .T. ) ;
#1245 = CARTESIAN_POINT ( 'NONE',  ( -0.9736010864139567067, -2.350480947161660339, -0.4375000000000081601 ) ) ;
#1246 = CARTESIAN_POINT ( 'NONE',  ( 3.305114237279390021, -3.865294097300525422, -2.461540575954693555 ) ) ;
#1247 = ORIENTED_EDGE ( 'NONE', *, *, #765, .T. ) ;
#1248 = EDGE_CURVE ( 'NONE', #1008, #1729, #568, .T. ) ;
#1249 = CARTESIAN_POINT ( 'NONE',  ( -1.242640687119327181, -2.999999999999981792, -0.06250000000000786871 ) ) ;
#1250 = DIRECTION ( 'NONE',  ( -1.000000000000000000, 0.000000000000000000, 0.000000000000000000 ) ) ;
#1251 = PERSON_AND_ORGANIZATION_ROLE ( 'design_owner' ) ;
#1252 = CARTESIAN_POINT ( 'NONE',  ( 2.350480947161672329, -3.325841780254500665E-14, -3.250000000000002665 ) ) ;
#1253 = CARTESIAN_POINT ( 'NONE',  ( -3.000000000000000888, 4.042634296523102497E-14, 0.8749999999999912292 ) ) ;
#1254 = DIRECTION ( 'NONE',  ( 1.000000000000000000, 0.000000000000000000, 0.000000000000000000 ) ) ;
#1255 = CARTESIAN_POINT ( 'NONE',  ( -3.000000000000000888, 4.116113104471943586E-14, 1.874999999999988676 ) ) ;
#1256 = ORIENTED_EDGE ( 'NONE', *, *, #1397, .T. ) ;
#1257 = CIRCLE ( 'NONE', #16, 3.099999999999999201 ) ;
#1258 = CARTESIAN_POINT ( 'NONE',  ( 0.9736010864139580390, 2.350480947161660339, 1.062499999999988676 ) ) ;
#1259 = CYLINDRICAL_SURFACE ( 'NONE', #1, 2.350480947161672329 ) ;
#1260 = ORIENTED_EDGE ( 'NONE', *, *, #153, .F. ) ;
#1261 = EDGE_CURVE ( 'NONE', #2029, #387, #223, .T. ) ;
#1262 = CARTESIAN_POINT ( 'NONE',  ( -2.121320343559612631, 2.121320343559671695, -0.3750000000000072720 ) ) ;
#1263 = DIRECTION ( 'NONE',  ( 0.000000000000000000, 0.000000000000000000, 1.000000000000000000 ) ) ;
#1264 = PERSON_AND_ORGANIZATION ( #313, #1425 ) ;
#1265 = CARTESIAN_POINT ( 'NONE',  ( -2.350480947161674106, 3.167378296773295691E-14, 1.374999999999988232 ) ) ;
#1266 = CARTESIAN_POINT ( 'NONE',  ( -4.875000000000011546, -2.958920129596804838, 2.500000000000000000 ) ) ;
#1267 = CARTESIAN_POINT ( 'NONE',  ( 0.000000000000000000, 0.000000000000000000, 10.98528137423856776 ) ) ;
#1268 = CARTESIAN_POINT ( 'NONE',  ( -2.999999999999980016, 1.242640687119333398, -2.187500000000002665 ) ) ;
#1269 = VERTEX_POINT ( 'NONE', #489 ) ;
#1270 = CARTESIAN_POINT ( 'NONE',  ( -2.350480947161660339, 0.9736010864139565957, 1.312499999999988232 ) ) ;
#1271 = CARTESIAN_POINT ( 'NONE',  ( 4.999999999999997335, 2.742413778650721223, 2.500000000000000000 ) ) ;
#1272 = ORIENTED_EDGE ( 'NONE', *, *, #413, .T. ) ;
#1273 = CARTESIAN_POINT ( 'NONE',  ( -2.999999999999999112, 4.208147308598969036E-14, -2.250000000000003109 ) ) ;
#1274 = CYLINDRICAL_SURFACE ( 'NONE', #2329, 0.2500000000000000000 ) ;
#1275 =( NAMED_UNIT ( * ) SI_UNIT ( $, .STERADIAN. ) SOLID_ANGLE_UNIT ( ) );
#1276 = CARTESIAN_POINT ( 'NONE',  ( 4.487193352973647187, -3.182820401651012876, 2.218623693880401593 ) ) ;
#1277 = CARTESIAN_POINT ( 'NONE',  ( 2.350480947161672329, 0.000000000000000000, -2.500000000000000000 ) ) ;
#1278 = AXIS2_PLACEMENT_3D ( 'NONE', #1405, #2057, #1039 ) ;
#1279 = CARTESIAN_POINT ( 'NONE',  ( 0.9736010864138854304, -2.350480947161687872, -1.437500000000006439 ) ) ;
#1280 = ORIENTED_EDGE ( 'NONE', *, *, #1760, .F. ) ;
#1281 = AXIS2_PLACEMENT_3D ( 'NONE', #2575, #1042, #177 ) ;
#1282 = CARTESIAN_POINT ( 'NONE',  ( -0.9736010864139567067, -2.350480947161660339, 2.562499999999984901 ) ) ;
#1283 = FACE_OUTER_BOUND ( 'NONE', #2318, .T. ) ;
#1284 = ORIENTED_EDGE ( 'NONE', *, *, #538, .T. ) ;
#1285 = CARTESIAN_POINT ( 'NONE',  ( 3.000000000000015987, 1.242640687119243914, -0.6875000000000066613 ) ) ;
#1286 = CARTESIAN_POINT ( 'NONE',  ( -2.350480947161672329, 3.052237938037358214E-14, -0.7500000000000079936 ) ) ;
#1287 = CARTESIAN_POINT ( 'NONE',  ( 3.305114237282259282, -3.865294097298866749, 2.461540575954414223 ) ) ;
#1288 = APPROVAL ( #110, 'UNSPECIFIED' ) ;
#1289 =( BOUNDED_CURVE ( )  B_SPLINE_CURVE ( 2, ( #19, #392, #2173, #1400, #1175, #1976, #2419, #1604, #2578 ),
 .UNSPECIFIED., .F., .F. ) 
 B_SPLINE_CURVE_WITH_KNOTS ( ( 3, 2, 2, 2, 3 ),
 ( 0.2500000000000000000, 0.2678571428571428492, 0.2857142857142856984, 0.3035714285714284921, 0.3214285714285713969 ),
 .UNSPECIFIED. ) 
 CURVE ( )  GEOMETRIC_REPRESENTATION_ITEM ( )  RATIONAL_B_SPLINE_CURVE ( ( 1.000000000000000000, 0.9238795325112867385, 1.000000000000000000, 0.9238795325112867385, 1.000000000000000000, 0.9238795325112867385, 1.000000000000000000, 0.9238795325112869605, 0.9999999999999997780 ) ) 
 REPRESENTATION_ITEM ( '' )  );
#1290 = CARTESIAN_POINT ( 'NONE',  ( -1.210910203179606848, -2.509127366846399809, 2.180145594981100832 ) ) ;
#1291 = CARTESIAN_POINT ( 'NONE',  ( -2.350480947161688317, -0.9736010864138874288, -1.687500000000005995 ) ) ;
#1292 = EDGE_CURVE ( 'NONE', #400, #518, #1997, .T. ) ;
#1293 = ORIENTED_EDGE ( 'NONE', *, *, #107, .T. ) ;
#1294 = CARTESIAN_POINT ( 'NONE',  ( -2.121320343559613963, 2.121320343559672139, -1.250000000000004663 ) ) ;
#1295 = DIRECTION ( 'NONE',  ( -1.000000000000000000, 0.000000000000000000, 0.000000000000000000 ) ) ;
#1296 = VECTOR ( 'NONE', #127, 999.9999999999998863 ) ;
#1297 = ORIENTED_EDGE ( 'NONE', *, *, #153, .T. ) ;
#1298 = CARTESIAN_POINT ( 'NONE',  ( -2.121320343559671695, -2.121320343559612631, -2.125000000000003553 ) ) ;
#1299 = CARTESIAN_POINT ( 'NONE',  ( 1.242640687119236809, -3.000000000000019096, -0.9375000000000061062 ) ) ;
#1300 = PERSON_AND_ORGANIZATION ( #313, #1425 ) ;
#1301 = CARTESIAN_POINT ( 'NONE',  ( 0.9736010864138928689, -2.350480947161686540, 1.687499999999987566 ) ) ;
#1302 = CARTESIAN_POINT ( 'NONE',  ( 3.000000000000000888, -4.244886712573392105E-14, 0.3749999999999916733 ) ) ;
#1303 = CARTESIAN_POINT ( 'NONE',  ( -2.999999999999977351, 1.242640687119333398, -0.3125000000000074940 ) ) ;
#1304 = CARTESIAN_POINT ( 'NONE',  ( 0.000000000000000000, 0.000000000000000000, 2.500000000000000000 ) ) ;
#1305 = ORIENTED_EDGE ( 'NONE', *, *, #1379, .T. ) ;
#1306 =( BOUNDED_CURVE ( )  B_SPLINE_CURVE ( 2, ( #2396, #2408, #1036, #1048, #211, #628, #2039, #31, #1827 ),
 .UNSPECIFIED., .F., .F. ) 
 B_SPLINE_CURVE_WITH_KNOTS ( ( 3, 2, 2, 2, 3 ),
 ( 0.4642857142857142461, 0.4821428571428570953, 0.5000000000000000000, 0.5178571428571429047, 0.5357142857142856984 ),
 .UNSPECIFIED. ) 
 CURVE ( )  GEOMETRIC_REPRESENTATION_ITEM ( )  RATIONAL_B_SPLINE_CURVE ( ( 1.000000000000000222, 0.9238795325112865164, 1.000000000000000000, 0.9238795325112867385, 1.000000000000000000, 0.9238795325112867385, 1.000000000000000000, 0.9238795325112867385, 1.000000000000000000 ) ) 
 REPRESENTATION_ITEM ( '' )  );
#1307 = EDGE_CURVE ( 'NONE', #2543, #1140, #678, .T. ) ;
#1308 = CARTESIAN_POINT ( 'NONE',  ( -4.874999999999613642, 2.958920129597065518, 2.094293635091849737 ) ) ;
#1309 = LINE ( 'NONE', #1271, #797 ) ;
#1310 = ORIENTED_EDGE ( 'NONE', *, *, #2306, .F. ) ;
#1311 = EDGE_CURVE ( 'NONE', #1570, #1913, #873, .T. ) ;
#1312 = ORIENTED_EDGE ( 'NONE', *, *, #330, .F. ) ;
#1313 = CARTESIAN_POINT ( 'NONE',  ( 2.350480947161686984, 0.9736010864138914256, -3.062500000000002665 ) ) ;
#1314 = DIRECTION ( 'NONE',  ( -1.000000000000000000, 0.000000000000000000, 0.000000000000000000 ) ) ;
#1315 = CARTESIAN_POINT ( 'NONE',  ( 0.9736010864138895382, -2.350480947161686096, -1.437500000000006439 ) ) ;
#1316 = CARTESIAN_POINT ( 'NONE',  ( -4.226517010586181833E-14, -3.000000000000000888, -0.8750000000000051070 ) ) ;
#1317 = CARTESIAN_POINT ( 'NONE',  ( -3.541729952884379570E-14, -2.350480947161672329, 0.4999999999999891753 ) ) ;
#1318 = CARTESIAN_POINT ( 'NONE',  ( 4.336735222509444097E-14, 3.000000000000000888, -2.375000000000002220 ) ) ;
#1319 = CARTESIAN_POINT ( 'NONE',  ( -3.308491562883566051, -3.863344197453806306, -2.500000000000012879 ) ) ;
#1320 = CARTESIAN_POINT ( 'NONE',  ( -2.999999999999999112, 3.895676680625417795E-14, -0.2500000000000076050 ) ) ;
#1321 = CARTESIAN_POINT ( 'NONE',  ( -3.000000000000000888, 3.969155488574261408E-14, -0.1250000000000070499 ) ) ;
#1322 = ORIENTED_EDGE ( 'NONE', *, *, #2431, .F. ) ;
#1323 = AXIS2_PLACEMENT_3D ( 'NONE', #2349, #1967, #1755 ) ;
#1324 = ORIENTED_EDGE ( 'NONE', *, *, #314, .T. ) ;
#1325 = EDGE_CURVE ( 'NONE', #102, #1575, #238, .T. ) ;
#1326 = CARTESIAN_POINT ( 'NONE',  ( -2.350480947161687428, -0.9736010864138907595, -3.562500000000002220 ) ) ;
#1327 = CARTESIAN_POINT ( 'NONE',  ( 2.999999999999980460, -1.242640687119329845, -0.8125000000000064393 ) ) ;
#1328 = CARTESIAN_POINT ( 'NONE',  ( -2.350480947161672329, 3.297056690570516769E-14, -0.7500000000000079936 ) ) ;
#1329 = CARTESIAN_POINT ( 'NONE',  ( -3.000000000000018652, -1.242640687119243470, 1.937499999999988676 ) ) ;
#1330 = CARTESIAN_POINT ( 'NONE',  ( 0.1249999999999782119, -5.701333908247543825, 2.094293635091736050 ) ) ;
#1331 = CARTESIAN_POINT ( 'NONE',  ( 0.000000000000000000, 0.000000000000000000, 2.500000000000000000 ) ) ;
#1332 = PRODUCT ( '91828A251_Corrosion-Resistant 18-8 Stainless Steel Hex Nut', '91828A251_Corrosion-Resistant 18-8 Stainless Steel Hex Nut', '', ( #466 ) ) ;
#1333 = ORIENTED_EDGE ( 'NONE', *, *, #1058, .T. ) ;
#1334 = B_SPLINE_CURVE_WITH_KNOTS ( 'NONE', 3,
 ( #2317, #886, #1074, #482, #101, #300 ),
 .UNSPECIFIED., .F., .F.,
 ( 4, 2, 4 ),
 ( 0.002921158011986732007, 0.004301918286216082146, 0.005682678560445431418 ),
 .UNSPECIFIED. ) ;
#1335 = CARTESIAN_POINT ( 'NONE',  ( 2.350480947161687872, 0.9736010864138896492, -0.06250000000000915934 ) ) ;
#1336 = CARTESIAN_POINT ( 'NONE',  ( -3.000000000000017764, -1.242640687119241694, -2.187500000000003109 ) ) ;
#1337 = CARTESIAN_POINT ( 'NONE',  ( -1.662041016787774161, 1.662041016787820791, 2.124999999999986233 ) ) ;
#1338 = ORIENTED_EDGE ( 'NONE', *, *, #1016, .F. ) ;
#1339 = VECTOR ( 'NONE', #2579, 1000.000000000000000 ) ;
#1340 = ORIENTED_EDGE ( 'NONE', *, *, #781, .F. ) ;
#1341 = CARTESIAN_POINT ( 'NONE',  ( -2.121320343559612631, 2.121320343559671695, 1.624999999999988454 ) ) ;
#1342 = CARTESIAN_POINT ( 'NONE',  ( -2.999999999999999112, 4.355104924496651845E-14, -1.250000000000005551 ) ) ;
#1343 = ADVANCED_FACE ( 'NONE', ( #2433 ), #1274, .T. ) ;
#1344 = CARTESIAN_POINT ( 'NONE',  ( -3.311449235412509033E-14, -2.350480947161672329, 0.4999999999999891753 ) ) ;
#1345 = CARTESIAN_POINT ( 'NONE',  ( -1.242640687119328069, -2.999999999999984457, 1.062499999999990674 ) ) ;
#1346 = CARTESIAN_POINT ( 'NONE',  ( 4.999999999999984013, -2.886751345948131320, 2.500000000000000000 ) ) ;
#1347 = CARTESIAN_POINT ( 'NONE',  ( -2.999999999999999112, 3.969155488574258884E-14, 0.7499999999999902300 ) ) ;
#1348 = ORIENTED_EDGE ( 'NONE', *, *, #2132, .T. ) ;
#1349 = FACE_BOUND ( 'NONE', #1921, .T. ) ;
#1350 = CARTESIAN_POINT ( 'NONE',  ( 0.000000000000000000, 0.000000000000000000, 10.98528137423856776 ) ) ;
#1351 = CARTESIAN_POINT ( 'NONE',  ( 0.9736010864138895382, -2.350480947161686096, 2.562499999999984901 ) ) ;
#1352 = VERTEX_POINT ( 'NONE', #1475 ) ;
#1353 = ORIENTED_EDGE ( 'NONE', *, *, #855, .T. ) ;
#1354 = CARTESIAN_POINT ( 'NONE',  ( -1.242640687119327181, -2.999999999999981792, 1.937499999999987788 ) ) ;
#1355 = CARTESIAN_POINT ( 'NONE',  ( 3.570515042568365990E-14, 2.350480947161674106, 1.124999999999988010 ) ) ;
#1356 = CARTESIAN_POINT ( 'NONE',  ( -1.662041016787774161, 1.662041016787820791, 0.1249999999999905631 ) ) ;
#1357 = CARTESIAN_POINT ( 'NONE',  ( -2.121320343559613519, 2.121320343559672583, 0.7499999999999911182 ) ) ;
#1358 = CARTESIAN_POINT ( 'NONE',  ( -2.350469022712050382, 0.007487071596374062638, -1.750480947161633827 ) ) ;
#1359 = CARTESIAN_POINT ( 'NONE',  ( 2.999999999999999112, -4.998230188239988618E-14, 0.2499999999999915623 ) ) ;
#1360 = CARTESIAN_POINT ( 'NONE',  ( -3.000000000000016431, -1.242640687119242804, -3.187500000000001332 ) ) ;
#1361 = EDGE_CURVE ( 'NONE', #1149, #1570, #1653, .T. ) ;
#1362 = LINE ( 'NONE', #2397, #1783 ) ;
#1363 = CARTESIAN_POINT ( 'NONE',  ( 0.000000000000000000, 0.000000000000000000, -2.500000000000000000 ) ) ;
#1364 = VECTOR ( 'NONE', #2502, 1000.000000000000000 ) ;
#1365 = CARTESIAN_POINT ( 'NONE',  ( -2.121320343559672583, -2.121320343559613519, -2.000000000000003109 ) ) ;
#1366 = ORIENTED_EDGE ( 'NONE', *, *, #1361, .F. ) ;
#1367 = AXIS2_PLACEMENT_3D ( 'NONE', #1331, #743, #1147 ) ;
#1368 = VECTOR ( 'NONE', #1416, 1000.000000000000000 ) ;
#1369 = ORIENTED_EDGE ( 'NONE', *, *, #1244, .T. ) ;
#1370 = B_SPLINE_CURVE_WITH_KNOTS ( 'NONE', 3,
 ( #1190, #1377, #2175, #140, #394, #1725 ),
 .UNSPECIFIED., .F., .F.,
 ( 4, 2, 4 ),
 ( 0.01594668675114453704, 0.01733316058920762737, 0.01871963442727071422 ),
 .UNSPECIFIED. ) ;
#1371 = CARTESIAN_POINT ( 'NONE',  ( -0.9736010864139567067, -2.350480947161660339, -3.437500000000001776 ) ) ;
#1372 = DIRECTION ( 'NONE',  ( 0.000000000000000000, 0.000000000000000000, -1.000000000000000000 ) ) ;
#1373 = CARTESIAN_POINT ( 'NONE',  ( -1.662041016787774161, 1.662041016787820791, -0.8750000000000077716 ) ) ;
#1374 = CARTESIAN_POINT ( 'NONE',  ( -2.876218024197132017, -0.3584882842485702659, -2.292835730090751145 ) ) ;
#1375 = CARTESIAN_POINT ( 'NONE',  ( -0.1249999999996006111, 5.701333908247780968, -2.094293635091603711 ) ) ;
#1376 = EDGE_LOOP ( 'NONE', ( #981, #2486, #2338, #564, #1066, #290 ) ) ;
#1377 = CARTESIAN_POINT ( 'NONE',  ( -4.999999999999998224, 2.298266298013523112, 2.217609435183979905 ) ) ;
#1378 = CARTESIAN_POINT ( 'NONE',  ( -2.350480947161674106, 3.109808117405327899E-14, 0.3749999999999898970 ) ) ;
#1379 = EDGE_CURVE ( 'NONE', #2310, #48, #1706, .T. ) ;
#1380 = CARTESIAN_POINT ( 'NONE',  ( -3.000000000000018652, -1.242640687119243470, -2.062500000000002665 ) ) ;
#1381 = ORIENTED_EDGE ( 'NONE', *, *, #689, .T. ) ;
#1382 = EDGE_LOOP ( 'NONE', ( #2070, #569, #2479, #1800 ) ) ;
#1383 = CARTESIAN_POINT ( 'NONE',  ( 0.000000000000000000, 0.000000000000000000, -2.500000000000000000 ) ) ;
#1384 = CARTESIAN_POINT ( 'NONE',  ( 2.350480947161672329, -3.325841780254500665E-14, 1.749999999999986899 ) ) ;
#1385 = VECTOR ( 'NONE', #20, 1000.000000000000000 ) ;
#1386 = CARTESIAN_POINT ( 'NONE',  ( 2.999999999999999112, -5.145187804137670165E-14, 2.249999999999987121 ) ) ;
#1387 = CARTESIAN_POINT ( 'NONE',  ( -1.242640687119336951, -2.999999999999977796, 1.937499999999987788 ) ) ;
#1388 = CARTESIAN_POINT ( 'NONE',  ( 2.356691666403793128, 0.1731545194495106299, 1.757231265771739714 ) ) ;
#1389 = CARTESIAN_POINT ( 'NONE',  ( 2.500000000000006661, 4.330127018922190985, -2.500000000000000000 ) ) ;
#1390 = CARTESIAN_POINT ( 'NONE',  ( 2.121320343559612187, -2.121320343559672139, 1.124999999999989786 ) ) ;
#1391 = CARTESIAN_POINT ( 'NONE',  ( 2.999999999999975131, -1.242640687119337839, 0.3124999999999920619 ) ) ;
#1392 = CARTESIAN_POINT ( 'NONE',  ( -2.350480947161659007, 0.9736010864139559295, 2.187499999999985345 ) ) ;
#1393 = ORIENTED_EDGE ( 'NONE', *, *, #1520, .T. ) ;
#1394 =( BOUNDED_CURVE ( )  B_SPLINE_CURVE ( 2, ( #549, #1335, #1077, #1875, #910, #1703, #1192, #1796, #1378 ),
 .UNSPECIFIED., .F., .F. ) 
 B_SPLINE_CURVE_WITH_KNOTS ( ( 3, 2, 2, 2, 3 ),
 ( 0.5357142857142856984, 0.5535714285714286031, 0.5714285714285713969, 0.5892857142857143016, 0.6071428571428570953 ),
 .UNSPECIFIED. ) 
 CURVE ( )  GEOMETRIC_REPRESENTATION_ITEM ( )  RATIONAL_B_SPLINE_CURVE ( ( 1.000000000000000000, 0.9238795325112867385, 1.000000000000000000, 0.9238795325112867385, 1.000000000000000000, 0.9238795325112867385, 1.000000000000000000, 0.9238795325112867385, 1.000000000000000000 ) ) 
 REPRESENTATION_ITEM ( '' )  );
#1395 = EDGE_CURVE ( 'NONE', #582, #342, #2428, .T. ) ;
#1396 = VERTEX_POINT ( 'NONE', #1286 ) ;
#1397 = EDGE_CURVE ( 'NONE', #1895, #554, #242, .T. ) ;
#1398 = B_SPLINE_CURVE_WITH_KNOTS ( 'NONE', 3,
 ( #1903, #87, #1287, #1695, #1276, #2300 ),
 .UNSPECIFIED., .F., .F.,
 ( 4, 2, 4 ),
 ( 0.002921158011986696012, 0.004301918286216048319, 0.005682678560445401060 ),
 .UNSPECIFIED. ) ;
#1399 = CARTESIAN_POINT ( 'NONE',  ( 0.000000000000000000, 0.000000000000000000, -2.500000000000000000 ) ) ;
#1400 = CARTESIAN_POINT ( 'NONE',  ( 1.242640687119329401, 2.999999999999980904, -1.562500000000004663 ) ) ;
#1401 = DIRECTION ( 'NONE',  ( -1.000000000000000000, 0.000000000000000000, 0.000000000000000000 ) ) ;
#1402 = CARTESIAN_POINT ( 'NONE',  ( 0.04382521531349036631, -5.734867074362518302, 2.075725291386851357 ) ) ;
#1403 = DIRECTION ( 'NONE',  ( 1.000000000000000000, 0.000000000000000000, 0.000000000000000000 ) ) ;
#1404 = CARTESIAN_POINT ( 'NONE',  ( 3.455374683832427882E-14, 2.350480947161672329, -1.000000000000007327 ) ) ;
#1405 = CARTESIAN_POINT ( 'NONE',  ( 0.000000000000000000, 0.000000000000000000, -2.500000000000000000 ) ) ;
#1406 = ORIENTED_EDGE ( 'NONE', *, *, #2285, .T. ) ;
#1407 =( BOUNDED_CURVE ( )  B_SPLINE_CURVE ( 2, ( #170, #1544, #1559, #2348, #1136, #2152, #1390, #12, #2387 ),
 .UNSPECIFIED., .F., .F. ) 
 B_SPLINE_CURVE_WITH_KNOTS ( ( 3, 2, 2, 2, 3 ),
 ( 0.6071428571428570953, 0.6250000000000000000, 0.6428571428571427937, 0.6607142857142855874, 0.6785714285714284921 ),
 .UNSPECIFIED. ) 
 CURVE ( )  GEOMETRIC_REPRESENTATION_ITEM ( )  RATIONAL_B_SPLINE_CURVE ( ( 1.000000000000000000, 0.9238795325112867385, 1.000000000000000000, 0.9238795325112867385, 1.000000000000000000, 0.9238795325112867385, 1.000000000000000000, 0.9238795325112871826, 0.9999999999999995559 ) ) 
 REPRESENTATION_ITEM ( '' )  );
#1408 = ORIENTED_EDGE ( 'NONE', *, *, #2097, .F. ) ;
#1409 = ADVANCED_FACE ( 'NONE', ( #307 ), #120, .T. ) ;
#1410 = AXIS2_PLACEMENT_3D ( 'NONE', #1383, #2367, #1172 ) ;
#1411 = DIRECTION ( 'NONE',  ( -1.000000000000000000, 0.000000000000000000, 0.000000000000000000 ) ) ;
#1412 = CARTESIAN_POINT ( 'NONE',  ( 1.094780250103304375, -2.479406354083316000, -2.104406704781829340 ) ) ;
#1413 = CARTESIAN_POINT ( 'NONE',  ( 2.290869389361167130, 0.6589720292057933415, 1.778157682431123598 ) ) ;
#1414 = CARTESIAN_POINT ( 'NONE',  ( 2.350480947161690981, 0.9736010864138838761, 0.8124999999999881206 ) ) ;
#1415 = FACE_BOUND ( 'NONE', #993, .T. ) ;
#1416 = DIRECTION ( 'NONE',  ( -0.000000000000000000, -0.000000000000000000, 1.000000000000000000 ) ) ;
#1417 = CYLINDRICAL_SURFACE ( 'NONE', #1278, 2.350480947161672329 ) ;
#1418 = ORIENTED_EDGE ( 'NONE', *, *, #89, .T. ) ;
#1419 = CARTESIAN_POINT ( 'NONE',  ( -2.350480947161687428, -0.9736010864138907595, 1.437499999999987343 ) ) ;
#1420 = ORIENTED_EDGE ( 'NONE', *, *, #2417, .T. ) ;
#1421 = EDGE_CURVE ( 'NONE', #398, #2379, #1708, .T. ) ;
#1422 = DIRECTION ( 'NONE',  ( -1.000000000000000000, 0.000000000000000000, 0.000000000000000000 ) ) ;
#1423 = CARTESIAN_POINT ( 'NONE',  ( -1.500246351947245538, -2.375263265814686164, -2.203666833586043428 ) ) ;
#1424 = CARTESIAN_POINT ( 'NONE',  ( 2.050570862721971643, 1.270292036588607676, 1.806550333417384913 ) ) ;
#1425 = ORGANIZATION ( 'UNSPECIFIED', 'UNSPECIFIED', '' ) ;
#1426 = EDGE_LOOP ( 'NONE', ( #1247, #736, #607, #2155 ) ) ;
#1427 = CARTESIAN_POINT ( 'NONE',  ( -0.1250000000003905765, -5.701333908247313786, 2.094293635091864392 ) ) ;
#1428 = CARTESIAN_POINT ( 'NONE',  ( -0.9736010864139545973, -2.350480947161659451, -0.5625000000000083267 ) ) ;
#1429 = CARTESIAN_POINT ( 'NONE',  ( 3.000000000000000888, -4.924751380291150053E-14, -1.625000000000003553 ) ) ;
#1430 = CARTESIAN_POINT ( 'NONE',  ( 4.999999999999997335, 2.785358687118385745, -2.082370150261915409 ) ) ;
#1431 = ORIENTED_EDGE ( 'NONE', *, *, #653, .T. ) ;
#1432 = CARTESIAN_POINT ( 'NONE',  ( 3.282664145728527030E-14, 2.350480947161674106, 0.1249999999999905631 ) ) ;
#1433 = DIRECTION ( 'NONE',  ( -1.000000000000000000, 0.000000000000000000, 0.000000000000000000 ) ) ;
#1434 = B_SPLINE_CURVE_WITH_KNOTS ( 'NONE', 3,
 ( #1095, #2307, #114, #947, #1738, #2346 ),
 .UNSPECIFIED., .F., .F.,
 ( 4, 2, 4 ),
 ( 1.016748126079980824E-16, 0.0001318968453401162379, 0.0002637936906801308318 ),
 .UNSPECIFIED. ) ;
#1435 = ORIENTED_EDGE ( 'NONE', *, *, #1395, .T. ) ;
#1436 = CARTESIAN_POINT ( 'NONE',  ( -3.000000000000000888, 3.969155488574261408E-14, -0.1250000000000070499 ) ) ;
#1437 = CARTESIAN_POINT ( 'NONE',  ( -2.500000000000003997, -4.330127018922192761, -2.500000000000000000 ) ) ;
#1438 = CARTESIAN_POINT ( 'NONE',  ( -2.350480947161657674, 0.9736010864139592602, 0.1874999999999898137 ) ) ;
#1439 = LINE ( 'NONE', #2201, #2580 ) ;
#1440 = CARTESIAN_POINT ( 'NONE',  ( 2.350480947161672329, -4.031221967731400295E-14, 1.749999999999986899 ) ) ;
#1441 = CARTESIAN_POINT ( 'NONE',  ( -0.1249999999999755751, 5.701333908247564253, 2.094293635091724060 ) ) ;
#1442 = FACE_OUTER_BOUND ( 'NONE', #2501, .T. ) ;
#1443 = EDGE_CURVE ( 'NONE', #921, #2364, #2200, .T. ) ;
#1444 = VERTEX_POINT ( 'NONE', #1142 ) ;
#1445 = CARTESIAN_POINT ( 'NONE',  ( -0.9736010864138908705, 2.350480947161687428, -1.812500000000004885 ) ) ;
#1446 = CYLINDRICAL_SURFACE ( 'NONE', #1410, 2.350480947161672329 ) ;
#1447 = EDGE_LOOP ( 'NONE', ( #2151, #1114, #1431, #863 ) ) ;
#1448 = CARTESIAN_POINT ( 'NONE',  ( 2.121320343559672139, 2.121320343559612187, -0.6250000000000066613 ) ) ;
#1449 = CARTESIAN_POINT ( 'NONE',  ( -2.999999999999999112, 3.895676680625417795E-14, -0.2500000000000076050 ) ) ;
#1450 = CARTESIAN_POINT ( 'NONE',  ( 0.06784217999218093709, 2.434194188096638012, -1.832134260071255571 ) ) ;
#1451 = CC_DESIGN_DATE_AND_TIME_ASSIGNMENT ( #2116, #1961, ( #2302 ) ) ;
#1452 = FACE_OUTER_BOUND ( 'NONE', #2464, .T. ) ;
#1453 = DIRECTION ( 'NONE',  ( 0.8660254037844380415, -0.5000000000000012212, 0.000000000000000000 ) ) ;
#1454 = CARTESIAN_POINT ( 'NONE',  ( 3.000000000000019096, 1.242640687119242582, -0.5625000000000061062 ) ) ;
#1455 = ORIENTED_EDGE ( 'NONE', *, *, #11, .T. ) ;
#1456 = EDGE_CURVE ( 'NONE', #317, #891, #1702, .T. ) ;
#1457 = CARTESIAN_POINT ( 'NONE',  ( -0.9736010864139567067, -2.350480947161660339, 0.5624999999999892308 ) ) ;
#1458 = CARTESIAN_POINT ( 'NONE',  ( -2.350480947161674106, 3.167378296773295691E-14, 1.374999999999988232 ) ) ;
#1459 = B_SPLINE_CURVE_WITH_KNOTS ( 'NONE', 3,
 ( #848, #23, #2216, #1634, #60, #2474 ),
 .UNSPECIFIED., .F., .F.,
 ( 4, 2, 4 ),
 ( 0.01871963442727071422, 0.02010551048878756603, 0.02149138655030442130 ),
 .UNSPECIFIED. ) ;
#1460 = ORIENTED_EDGE ( 'NONE', *, *, #1486, .F. ) ;
#1461 =( BOUNDED_CURVE ( )  B_SPLINE_CURVE ( 2, ( #1514, #962, #362, #1736, #1317, #945, #1751, #742, #757 ),
 .UNSPECIFIED., .F., .T. ) 
 B_SPLINE_CURVE_WITH_KNOTS ( ( 3, 2, 2, 2, 3 ),
 ( 0.6071428571428570953, 0.6250000000000000000, 0.6428571428571427937, 0.6607142857142855874, 0.6785714285714284921 ),
 .UNSPECIFIED. ) 
 CURVE ( )  GEOMETRIC_REPRESENTATION_ITEM ( )  RATIONAL_B_SPLINE_CURVE ( ( 1.000000000000000000, 0.9238795325112867385, 1.000000000000000000, 0.9238795325112867385, 1.000000000000000000, 0.9238795325112867385, 1.000000000000000000, 0.9238795325112871826, 0.9999999999999995559 ) ) 
 REPRESENTATION_ITEM ( '' )  );
#1462 = CARTESIAN_POINT ( 'NONE',  ( -2.999999999999999112, 4.208147308598969036E-14, -1.250000000000005551 ) ) ;
#1463 = CARTESIAN_POINT ( 'NONE',  ( 1.242640687119236365, -3.000000000000019096, 0.06249999999999181211 ) ) ;
#1464 = CARTESIAN_POINT ( 'NONE',  ( 0.000000000000000000, 0.000000000000000000, -2.500000000000000000 ) ) ;
#1465 = CARTESIAN_POINT ( 'NONE',  ( -2.350480947161672329, 3.297056690570516769E-14, -3.750000000000001776 ) ) ;
#1466 = CARTESIAN_POINT ( 'NONE',  ( -2.499999999999991118, 4.330127018922199866, -2.500000000000000000 ) ) ;
#1467 = CARTESIAN_POINT ( 'NONE',  ( 2.121320343559674804, 2.121320343559609523, -0.6250000000000066613 ) ) ;
#1468 = CARTESIAN_POINT ( 'NONE',  ( 3.000000000000000888, -4.998230188239991773E-14, -0.6250000000000057732 ) ) ;
#1469 = ORIENTED_EDGE ( 'NONE', *, *, #2238, .F. ) ;
#1470 = CARTESIAN_POINT ( 'NONE',  ( -1.662041016787822123, -1.662041016787775494, -1.500000000000005995 ) ) ;
#1471 = EDGE_LOOP ( 'NONE', ( #483, #898, #133, #1944 ) ) ;
#1472 = EDGE_CURVE ( 'NONE', #200, #777, #1511, .T. ) ;
#1473 = EDGE_CURVE ( 'NONE', #48, #1759, #941, .T. ) ;
#1474 = CARTESIAN_POINT ( 'NONE',  ( 2.999999999999980904, -1.242640687119328069, 0.1874999999999915345 ) ) ;
#1475 = CARTESIAN_POINT ( 'NONE',  ( 2.350480947161674106, -3.858511429627500074E-14, -1.125000000000006661 ) ) ;
#1476 = CARTESIAN_POINT ( 'NONE',  ( 4.875000000000012434, 2.958920129596822601, 2.094293635091726724 ) ) ;
#1477 = CARTESIAN_POINT ( 'NONE',  ( 1.662041016787774605, -1.662041016787822789, 1.749999999999986899 ) ) ;
#1478 = DIRECTION ( 'NONE',  ( -0.000000000000000000, -0.000000000000000000, 1.000000000000000000 ) ) ;
#1479 = CARTESIAN_POINT ( 'NONE',  ( -1.242640687119243914, 3.000000000000018208, -2.312500000000002220 ) ) ;
#1480 = ORIENTED_EDGE ( 'NONE', *, *, #1261, .T. ) ;
#1481 = CARTESIAN_POINT ( 'NONE',  ( 2.350480947161674106, -3.325841780254503190E-14, 1.874999999999986899 ) ) ;
#1482 = CARTESIAN_POINT ( 'NONE',  ( 1.662041016787824788, 1.662041016787773273, -1.000000000000006883 ) ) ;
#1483 = ORIENTED_EDGE ( 'NONE', *, *, #731, .F. ) ;
#1484 = CARTESIAN_POINT ( 'NONE',  ( 2.121320343559612631, -2.121320343559672139, -2.875000000000001776 ) ) ;
#1485 = CARTESIAN_POINT ( 'NONE',  ( -0.1249999999996006111, 5.701333908247780968, -2.094293635091603711 ) ) ;
#1486 = EDGE_CURVE ( 'NONE', #891, #66, #1102, .T. ) ;
#1487 = CARTESIAN_POINT ( 'NONE',  ( -1.662041016787820791, -1.662041016787774161, -3.625000000000001776 ) ) ;
#1488 = VECTOR ( 'NONE', #1057, 1000.000000000000000 ) ;
#1489 = CARTESIAN_POINT ( 'NONE',  ( -2.045651850423497287, -1.833470096669418403, 2.141162871352013219 ) ) ;
#1490 = CIRCLE ( 'NONE', #210, 2.350480947161672329 ) ;
#1491 = CYLINDRICAL_SURFACE ( 'NONE', #997, 2.350480947161672329 ) ;
#1492 = ORIENTED_EDGE ( 'NONE', *, *, #1938, .F. ) ;
#1493 = B_SPLINE_CURVE_WITH_KNOTS ( 'NONE', 3,
 ( #1466, #2067, #2264, #681, #1987, #1593 ),
 .UNSPECIFIED., .F., .F.,
 ( 4, 2, 4 ),
 ( 0.002921158011986711191, 0.004301918286211113898, 0.005682678560435515738 ),
 .UNSPECIFIED. ) ;
#1494 = CARTESIAN_POINT ( 'NONE',  ( -1.242640687119237475, 3.000000000000020872, -1.312500000000003997 ) ) ;
#1495 = CARTESIAN_POINT ( 'NONE',  ( -1.662041016787769276, 1.662041016787828784, 1.249999999999988010 ) ) ;
#1496 = ORIENTED_EDGE ( 'NONE', *, *, #1515, .T. ) ;
#1497 = CARTESIAN_POINT ( 'NONE',  ( -1.242640687119243026, 3.000000000000016431, -1.437500000000004663 ) ) ;
#1498 = CARTESIAN_POINT ( 'NONE',  ( 0.000000000000000000, 0.000000000000000000, 2.500000000000000000 ) ) ;
#1499 = COORDINATED_UNIVERSAL_TIME_OFFSET ( 6, 0, .BEHIND. ) ;
#1500 = CARTESIAN_POINT ( 'NONE',  ( -0.9736010864138903154, 2.350480947161685208, -3.937500000000000888 ) ) ;
#1501 = ADVANCED_FACE ( 'NONE', ( #2547 ), #754, .F. ) ;
#1502 = CARTESIAN_POINT ( 'NONE',  ( 4.189777606611761289E-14, 3.000000000000000888, -0.3750000000000063838 ) ) ;
#1503 = CARTESIAN_POINT ( 'NONE',  ( 0.5128066470333459970, 5.477433636189333654, -2.218623693882302295 ) ) ;
#1504 = ORIENTED_EDGE ( 'NONE', *, *, #1307, .F. ) ;
#1505 = CARTESIAN_POINT ( 'NONE',  ( 0.9736010864138904264, -2.350480947161687872, 2.687499999999984901 ) ) ;
#1506 = FACE_OUTER_BOUND ( 'NONE', #2220, .T. ) ;
#1507 = AXIS2_PLACEMENT_3D ( 'NONE', #1267, #2068, #2277 ) ;
#1508 = ORIENTED_EDGE ( 'NONE', *, *, #689, .F. ) ;
#1509 = ORIENTED_EDGE ( 'NONE', *, *, #490, .T. ) ;
#1510 = CARTESIAN_POINT ( 'NONE',  ( -1.662041016787775494, 1.662041016787822123, -3.750000000000001332 ) ) ;
#1511 = LINE ( 'NONE', #2326, #295 ) ;
#1512 = CARTESIAN_POINT ( 'NONE',  ( -3.311449235412509033E-14, -2.350480947161672329, -3.500000000000002220 ) ) ;
#1513 = CARTESIAN_POINT ( 'NONE',  ( 3.000000000000018652, 1.242640687119244580, -0.5625000000000061062 ) ) ;
#1514 = CARTESIAN_POINT ( 'NONE',  ( -2.350480947161672329, 3.109808117405326006E-14, 0.2499999999999898137 ) ) ;
#1515 = EDGE_CURVE ( 'NONE', #66, #2084, #523, .T. ) ;
#1516 = CARTESIAN_POINT ( 'NONE',  ( -4.446953434432705731E-14, -3.000000000000000888, -0.8750000000000051070 ) ) ;
#1517 = CARTESIAN_POINT ( 'NONE',  ( -4.097519195914391510, -3.407798881125405188, -2.343552472763186234 ) ) ;
#1518 = CARTESIAN_POINT ( 'NONE',  ( 1.662041016787822345, 1.662041016787775050, 1.999999999999986233 ) ) ;
#1519 = PLANE ( 'NONE',  #212 ) ;
#1520 = EDGE_CURVE ( 'NONE', #2559, #2043, #1116, .T. ) ;
#1521 = B_SPLINE_CURVE_WITH_KNOTS ( 'NONE', 3,
 ( #1542, #1978, #1952, #1389 ),
 .UNSPECIFIED., .F., .F.,
 ( 4, 4 ),
 ( 0.0001489213604345988808, 0.002921158011986703818 ),
 .UNSPECIFIED. ) ;
#1522 = VERTEX_POINT ( 'NONE', #928 ) ;
#1523 = ORIENTED_EDGE ( 'NONE', *, *, #1184, .T. ) ;
#1524 = CARTESIAN_POINT ( 'NONE',  ( 1.242640687119242804, -3.000000000000018208, 2.062499999999988010 ) ) ;
#1525 = CARTESIAN_POINT ( 'NONE',  ( -4.373474626483862117E-14, -2.999999999999999112, -1.000000000000005995 ) ) ;
#1526 = CARTESIAN_POINT ( 'NONE',  ( -2.350480947161659007, 0.9736010864139559295, -1.812500000000005329 ) ) ;
#1527 = CARTESIAN_POINT ( 'NONE',  ( 4.189777606611761289E-14, 3.000000000000000888, 1.624999999999989342 ) ) ;
#1528 = FACE_OUTER_BOUND ( 'NONE', #187, .T. ) ;
#1529 = CIRCLE ( 'NONE', #162, 2.999999999999999112 ) ;
#1530 = CARTESIAN_POINT ( 'NONE',  ( 4.999999999999984013, -2.742413778650815814, -2.094293635091712069 ) ) ;
#1531 = CARTESIAN_POINT ( 'NONE',  ( -2.121320343559612631, 2.121320343559671695, -3.375000000000000888 ) ) ;
#1532 = CARTESIAN_POINT ( 'NONE',  ( 2.350480947161660339, -0.9736010864139578169, 1.812499999999986899 ) ) ;
#1533 = CARTESIAN_POINT ( 'NONE',  ( -2.500000000000003997, -4.330127018922192761, 2.500000000000000000 ) ) ;
#1534 = EDGE_LOOP ( 'NONE', ( #173, #2156, #410, #1927, #2054, #1183, #1348, #952 ) ) ;
#1535 = EDGE_CURVE ( 'NONE', #1075, #66, #711, .T. ) ;
#1536 = ORIENTED_EDGE ( 'NONE', *, *, #1486, .T. ) ;
#1537 = CARTESIAN_POINT ( 'NONE',  ( 2.121320343559672139, 2.121320343559612187, 1.374999999999989120 ) ) ;
#1538 = CARTESIAN_POINT ( 'NONE',  ( 2.999999999999999112, 3.673940397442058882E-16, 10.98528137423856776 ) ) ;
#1539 = CARTESIAN_POINT ( 'NONE',  ( 1.662041016787821013, 1.662041016787773939, 0.8749999999999886757 ) ) ;
#1540 = CARTESIAN_POINT ( 'NONE',  ( 2.121320343559613519, -2.121320343559673027, -0.7500000000000054401 ) ) ;
#1541 = CARTESIAN_POINT ( 'NONE',  ( -1.662041016787824566, -1.662041016787770831, 1.374999999999987343 ) ) ;
#1542 = CARTESIAN_POINT ( 'NONE',  ( 4.875000000000387246, 2.958920129596606330, -2.094293635091605932 ) ) ;
#1543 = VERTEX_POINT ( 'NONE', #542 ) ;
#1544 = CARTESIAN_POINT ( 'NONE',  ( -3.000000000000017764, -1.242640687119241250, 0.8124999999999904521 ) ) ;
#1545 = CARTESIAN_POINT ( 'NONE',  ( 0.1250000000003930190, 5.701333908247334215, 2.094293635091851957 ) ) ;
#1546 = CARTESIAN_POINT ( 'NONE',  ( -1.242640687119243914, 3.000000000000018652, -4.312499999999998224 ) ) ;
#1547 = ORIENTED_EDGE ( 'NONE', *, *, #1071, .F. ) ;
#1548 = AXIS2_PLACEMENT_3D ( 'NONE', #1464, #1082, #2261 ) ;
#1549 = ORIENTED_EDGE ( 'NONE', *, *, #875, .F. ) ;
#1550 = CARTESIAN_POINT ( 'NONE',  ( 2.999999999999999112, -4.244886712573389581E-14, 2.249999999999987121 ) ) ;
#1551 = CARTESIAN_POINT ( 'NONE',  ( 2.500000000000006661, 4.330127018922190985, 2.500000000000000000 ) ) ;
#1552 = EDGE_CURVE ( 'NONE', #925, #1759, #841, .T. ) ;
#1553 = CARTESIAN_POINT ( 'NONE',  ( -1.662041016787774161, 1.662041016787820791, 1.124999999999988010 ) ) ;
#1554 = B_SPLINE_CURVE_WITH_KNOTS ( 'NONE', 3,
 ( #772, #2567, #2581, #577 ),
 .UNSPECIFIED., .F., .F.,
 ( 4, 4 ),
 ( 0.0001489213604345987995, 0.002921158011986711191 ),
 .UNSPECIFIED. ) ;
#1555 = CARTESIAN_POINT ( 'NONE',  ( 3.000000000000018652, 1.242640687119244580, 1.437499999999989786 ) ) ;
#1556 = CARTESIAN_POINT ( 'NONE',  ( 0.9736010864138920917, -2.350480947161684764, 1.562499999999987566 ) ) ;
#1557 = CARTESIAN_POINT ( 'NONE',  ( -2.186174774065340998, 1.342957506008889190, -1.958584102491394141 ) ) ;
#1558 = CARTESIAN_POINT ( 'NONE',  ( -1.242640687119327181, -2.999999999999981792, -3.062500000000001776 ) ) ;
#1559 = CARTESIAN_POINT ( 'NONE',  ( -2.121320343559675692, -2.121320343559608190, 0.8749999999999903411 ) ) ;
#1560 = DIRECTION ( 'NONE',  ( 1.000000000000000000, 0.000000000000000000, 0.000000000000000000 ) ) ;
#1561 = CARTESIAN_POINT ( 'NONE',  ( -2.350480947161672329, 3.297056690570516769E-14, 2.249999999999985345 ) ) ;
#1562 = ORIENTED_EDGE ( 'NONE', *, *, #2257, .T. ) ;
#1563 = ORIENTED_EDGE ( 'NONE', *, *, #1836, .F. ) ;
#1564 = CARTESIAN_POINT ( 'NONE',  ( -1.662041016787822123, -1.662041016787775494, -3.500000000000001776 ) ) ;
#1565 = DIRECTION ( 'NONE',  ( 0.000000000000000000, 0.000000000000000000, -1.000000000000000000 ) ) ;
#1566 = CARTESIAN_POINT ( 'NONE',  ( -0.9736010864139561516, -2.350480947161659007, 1.437499999999987343 ) ) ;
#1567 = ADVANCED_FACE ( 'NONE', ( #2494 ), #38, .T. ) ;
#1568 = CARTESIAN_POINT ( 'NONE',  ( 2.582656385551748812, -0.3600947812482770960, -2.001462965295808250 ) ) ;
#1569 = CARTESIAN_POINT ( 'NONE',  ( 5.000000000000000888, -1.201851678989727383E-14, -2.500000000000000000 ) ) ;
#1570 = VERTEX_POINT ( 'NONE', #2032 ) ;
#1571 = CARTESIAN_POINT ( 'NONE',  ( -0.2930116295252096492, 2.896193901733598697, -2.304602121427647532 ) ) ;
#1572 = CARTESIAN_POINT ( 'NONE',  ( 4.999999999999997335, 2.742413778650720335, 2.094293635091732053 ) ) ;
#1573 = FACE_OUTER_BOUND ( 'NONE', #1942, .T. ) ;
#1574 = CARTESIAN_POINT ( 'NONE',  ( -3.000000000000018652, -1.242640687119243470, -4.062499999999998224 ) ) ;
#1575 = VERTEX_POINT ( 'NONE', #2562 ) ;
#1576 = AXIS2_PLACEMENT_3D ( 'NONE', #1158, #1789, #1624 ) ;
#1577 = ORIENTED_EDGE ( 'NONE', *, *, #1203, .T. ) ;
#1578 = CARTESIAN_POINT ( 'NONE',  ( -3.311449235412511557E-14, -2.350480947161674106, -1.375000000000006439 ) ) ;
#1579 = FACE_OUTER_BOUND ( 'NONE', #752, .T. ) ;
#1580 = CARTESIAN_POINT ( 'NONE',  ( -2.350480947161672329, 3.297056690570516769E-14, -1.750000000000005995 ) ) ;
#1581 = CARTESIAN_POINT ( 'NONE',  ( 0.000000000000000000, 0.000000000000000000, 1.750480947161676015 ) ) ;
#1582 = CARTESIAN_POINT ( 'NONE',  ( 1.764582930963423779, 1.674069382061551536, 1.826841641625525536 ) ) ;
#1583 = CARTESIAN_POINT ( 'NONE',  ( -2.103251122788882377, 1.518564376515387782, -1.986852286265820444 ) ) ;
#1584 = ADVANCED_FACE ( 'NONE', ( #647 ), #83, .T. ) ;
#1585 = CARTESIAN_POINT ( 'NONE',  ( -2.350480947161662115, 0.003743545297291268892, -1.750240315653248446 ) ) ;
#1586 = CARTESIAN_POINT ( 'NONE',  ( 2.121320343559673027, 2.121320343559613519, -2.500000000000001776 ) ) ;
#1587 = ADVANCED_FACE ( 'NONE', ( #462 ), #389, .T. ) ;
#1588 = ORIENTED_EDGE ( 'NONE', *, *, #250, .T. ) ;
#1589 = B_SPLINE_CURVE_WITH_KNOTS ( 'NONE', 3,
 ( #75, #289, #1908, #531, #1106, #90, #2093, #2083, #517, #2266 ),
 .UNSPECIFIED., .F., .F.,
 ( 4, 2, 2, 2, 4 ),
 ( 0.002705786490764902196, 0.003201851449804995250, 0.003697916408845088303, 0.004193981367885180923, 0.004690046326925274844 ),
 .UNSPECIFIED. ) ;
#1590 = ORIENTED_EDGE ( 'NONE', *, *, #935, .T. ) ;
#1591 = APPROVAL_PERSON_ORGANIZATION ( #1839, #2107, #1129 ) ;
#1592 = LOCAL_TIME ( 22, 8, 29.00000000000000000, #959 ) ;
#1593 = CARTESIAN_POINT ( 'NONE',  ( -4.874999999991264765, 2.958920129601885662, -2.094293635094527151 ) ) ;
#1594 = CARTESIAN_POINT ( 'NONE',  ( 1.242640687119245690, -3.000000000000015543, 2.062499999999988010 ) ) ;
#1595 = CARTESIAN_POINT ( 'NONE',  ( -2.566897312536868814, 0.6489439948691740900, 2.042552369103960430 ) ) ;
#1596 = CARTESIAN_POINT ( 'NONE',  ( 0.000000000000000000, 0.000000000000000000, -2.500000000000000000 ) ) ;
#1597 = CARTESIAN_POINT ( 'NONE',  ( 3.099999999999999201, 0.000000000000000000, 2.500000000000000000 ) ) ;
#1598 = CARTESIAN_POINT ( 'NONE',  ( 2.350480947161672329, -3.973651788363433134E-14, 0.7499999999999885647 ) ) ;
#1599 = CARTESIAN_POINT ( 'NONE',  ( -2.524311599696709152, 1.565939296695724181, -2.361357907205656304 ) ) ;
#1600 = ORIENTED_EDGE ( 'NONE', *, *, #888, .T. ) ;
#1601 = ADVANCED_FACE ( 'NONE', ( #51 ), #853, .F. ) ;
#1602 = ORIENTED_EDGE ( 'NONE', *, *, #802, .T. ) ;
#1603 = DIRECTION ( 'NONE',  ( 0.5000000000000006661, 0.8660254037844382635, -0.000000000000000000 ) ) ;
#1604 = CARTESIAN_POINT ( 'NONE',  ( -2.999999999999977796, 1.242640687119332732, -1.312500000000005551 ) ) ;
#1605 = CARTESIAN_POINT ( 'NONE',  ( 2.350469022712048162, 0.007487071597257977107, 1.750480947161676015 ) ) ;
#1606 = DIRECTION ( 'NONE',  ( 0.000000000000000000, 0.000000000000000000, -1.000000000000000000 ) ) ;
#1607 = DIRECTION ( 'NONE',  ( 1.000000000000000000, -2.403703357979461155E-15, 0.000000000000000000 ) ) ;
#1608 = CARTESIAN_POINT ( 'NONE',  ( -2.350480947161672329, 3.109808117405326006E-14, 0.2499999999999898137 ) ) ;
#1609 = CARTESIAN_POINT ( 'NONE',  ( 2.999999999999999112, -5.071708996188829707E-14, 1.249999999999988898 ) ) ;
#1610 = ORIENTED_EDGE ( 'NONE', *, *, #2306, .T. ) ;
#1611 = VERTEX_POINT ( 'NONE', #203 ) ;
#1612 = VECTOR ( 'NONE', #1023, 1000.000000000000000 ) ;
#1613 = ADVANCED_FACE ( 'NONE', ( #972 ), #1446, .F. ) ;
#1614 = VECTOR ( 'NONE', #196, 1000.000000000000000 ) ;
#1615 = DIRECTION ( 'NONE',  ( -0.000000000000000000, -0.000000000000000000, -1.000000000000000000 ) ) ;
#1616 = CARTESIAN_POINT ( 'NONE',  ( 2.522491903693810933, -0.7140254385009376925, -2.015458857164354800 ) ) ;
#1617 = CARTESIAN_POINT ( 'NONE',  ( -1.654400607413374802, 1.985376583750131596, 1.979168283089621561 ) ) ;
#1618 = CARTESIAN_POINT ( 'NONE',  ( -5.000000000000011546, -2.742413778650787393, -2.094293635091705852 ) ) ;
#1619 = CARTESIAN_POINT ( 'NONE',  ( 0.000000000000000000, 0.000000000000000000, 2.500000000000000000 ) ) ;
#1620 = CARTESIAN_POINT ( 'NONE',  ( -4.999999999999997335, 2.785342966610965476, -2.082374514998934334 ) ) ;
#1621 = CARTESIAN_POINT ( 'NONE',  ( -2.912532560754423017, 0.2316634882597764789, -2.312532560754422928 ) ) ;
#1622 = VERTEX_POINT ( 'NONE', #266 ) ;
#1623 = CARTESIAN_POINT ( 'NONE',  ( -0.9736010864139567067, -2.350480947161660339, 1.562499999999987566 ) ) ;
#1624 = DIRECTION ( 'NONE',  ( -0.8660254037844398178, -0.4999999999999979461, 0.000000000000000000 ) ) ;
#1625 = EDGE_LOOP ( 'NONE', ( #1679, #720, #1480, #217, #1393, #312 ) ) ;
#1626 = CYLINDRICAL_SURFACE ( 'NONE', #2119, 2.999999999999999112 ) ;
#1627 = CARTESIAN_POINT ( 'NONE',  ( -5.000000000000003553, 0.4639686512353304315, -2.499999999999997780 ) ) ;
#1628 = EDGE_CURVE ( 'NONE', #633, #968, #1767, .T. ) ;
#1629 = DIRECTION ( 'NONE',  ( -1.000000000000000000, 0.000000000000000000, 0.000000000000000000 ) ) ;
#1630 = LOCAL_TIME ( 22, 8, 29.00000000000000000, #2065 ) ;
#1631 = CARTESIAN_POINT ( 'NONE',  ( -4.988453181381752088, -2.829479787393086365, -2.075725291386893989 ) ) ;
#1632 = EDGE_LOOP ( 'NONE', ( #688, #2391, #2008, #1772 ) ) ;
#1633 = PLANE ( 'NONE',  #1236 ) ;
#1634 = CARTESIAN_POINT ( 'NONE',  ( -5.000000000000008882, -1.838139485056790701, 2.321645086322202900 ) ) ;
#1635 = CARTESIAN_POINT ( 'NONE',  ( -1.753773599912955783, 2.433984009856323016, -2.399999999993959854 ) ) ;
#1636 = ORIENTED_EDGE ( 'NONE', *, *, #1325, .F. ) ;
#1637 = CARTESIAN_POINT ( 'NONE',  ( 1.662041016787822345, 1.662041016787775050, -1.000000000000006883 ) ) ;
#1638 = CARTESIAN_POINT ( 'NONE',  ( 0.000000000000000000, 0.000000000000000000, -2.500000000000000000 ) ) ;
#1639 = EDGE_LOOP ( 'NONE', ( #1353, #2018, #1170, #216 ) ) ;
#1640 = CC_DESIGN_PERSON_AND_ORGANIZATION_ASSIGNMENT ( #543, #148, ( #510 ) ) ;
#1641 = CARTESIAN_POINT ( 'NONE',  ( 3.000000000000000888, -5.145187804137673320E-14, 1.374999999999990008 ) ) ;
#1642 = CARTESIAN_POINT ( 'NONE',  ( 0.000000000000000000, 0.000000000000000000, 2.500000000000000000 ) ) ;
#1643 =( BOUNDED_SURFACE ( )  B_SPLINE_SURFACE ( 1, 2, ( 
 ( #125, #1500, #2507, #1673, #1465, #2473, #1487, #692, #1512, #2090, #2314, #2263, #1252, #273, #1855, #491, #309, #2276, #298, #1083, #1880, #99, #71, #869, #2483, #1658, #2521, #136, #544, #985, #2548, #2133, #527, #740, #1776, #1526, #1580, #2356, #769, #179, #1975, #1315, #574, #1948, #2328, #360, #586, #796, #1962, #164, #1373, #559, #1328, #347, #973, #1118, #1130, #1932, #149, #374, #943, #1722, #2368, #755, #2172, #2576, #1356, #1734, #2118, #2159, #2342, #1160, #1344, #1763, #2146, #960, #2534, #193, #1539, #1143, #929, #1749, #1553, #333, #2564, #782, #1917, #1566, #391, #1173, #2185, #1185, #1384, #2382, #402, #599, #4, #1181, #1337, #1392, #1561, #1770, #2154, #762, #1742, #1351, #1167, #1138, #1194, #385, #2363, #2542, #1941 ),
 ( #2336, #1546, #215, #2350, #816, #1574, #2570, #1982, #1994, #551, #2378, #1968, #567, #2167, #2390, #14, #199, #186, #606, #581, #368, #1152, #991, #355, #1956, #172, #967, #2178, #1756, #951, #1586, #2558, #2193, #1798, #595, #776, #1006, #1380, #1365, #397, #980, #1784, #789, #805, #409, #2141, #157, #717, #545, #2550, #126, #728, #348, #1905, #2301, #515, #1316, #2120, #1540, #2148, #2315, #1513, #2498, #1723, #1502, #770, #2522, #1119, #1132, #1918, #2343, #361, #741, #1161, #1145, #2509, #1302, #2103, #335, #138, #1949, #165, #1357, #961, #919, #1934, #931, #1345, #322, #1711, #1104, #561, #1750, #1555, #150, #529, #1527, #2357, #2330, #576, #2160, #1329, #944, #376, #2134, #1963, #180, #1735, #2536, #756, #1697, #1792, #612 ) ),
 .UNSPECIFIED., .F., .F., .T. ) 
 B_SPLINE_SURFACE_WITH_KNOTS ( ( 2, 2 ),
 ( 3, 2, 2, 2, 2, 2, 2, 2, 2, 2, 2, 2, 2, 2, 2, 2, 2, 2, 2, 2, 2, 2, 2, 2, 2, 2, 2, 2, 2, 2, 2, 2, 2, 2, 2, 2, 2, 2, 2, 2, 2, 2, 2, 2, 2, 2, 2, 2, 2, 2, 2, 2, 2, 2, 2, 2, 3 ),
 ( 0.000000000000000000, 1.000000000000000000 ),
 ( 0.000000000000000000, 0.01785714285714285615, 0.03571428571428571230, 0.05357142857142856845, 0.07142857142857142461, 0.08928571428571428770, 0.1071428571428571369, 0.1250000000000000000, 0.1428571428571428492, 0.1607142857142857262, 0.1785714285714285754, 0.1964285714285714246, 0.2142857142857142738, 0.2321428571428571508, 0.2500000000000000000, 0.2678571428571428492, 0.2857142857142856984, 0.3035714285714285476, 0.3214285714285714524, 0.3392857142857143016, 0.3571428571428571508, 0.3750000000000000000, 0.3928571428571428492, 0.4107142857142856984, 0.4285714285714285476, 0.4464285714285714524, 0.4642857142857143016, 0.4821428571428571508, 0.5000000000000000000, 0.5178571428571429047, 0.5357142857142856984, 0.5535714285714286031, 0.5714285714285713969, 0.5892857142857143016, 0.6071428571428570953, 0.6250000000000000000, 0.6428571428571429047, 0.6607142857142856984, 0.6785714285714286031, 0.6964285714285713969, 0.7142857142857143016, 0.7321428571428570953, 0.7500000000000000000, 0.7678571428571429047, 0.7857142857142856984, 0.8035714285714286031, 0.8214285714285713969, 0.8392857142857143016, 0.8571428571428570953, 0.8750000000000000000, 0.8928571428571429047, 0.9107142857142856984, 0.9285714285714286031, 0.9464285714285713969, 0.9642857142857143016, 0.9821428571428570953, 1.000000000000000000 ),
 .UNSPECIFIED. ) 
 GEOMETRIC_REPRESENTATION_ITEM ( )  RATIONAL_B_SPLINE_SURFACE ( (
 ( 1.000000000000000000, 0.9238795325112867385, 1.000000000000000000, 0.9238795325112867385, 1.000000000000000000, 0.9238795325112867385, 1.000000000000000000, 0.9238795325112867385, 1.000000000000000000, 0.9238795325112867385, 1.000000000000000000, 0.9238795325112867385, 1.000000000000000000, 0.9238795325112867385, 1.000000000000000000, 0.9238795325112867385, 1.000000000000000000, 0.9238795325112867385, 1.000000000000000000, 0.9238795325112867385, 1.000000000000000000, 0.9238795325112867385, 1.000000000000000000, 0.9238795325112867385, 1.000000000000000000, 0.9238795325112867385, 1.000000000000000000, 0.9238795325112867385, 1.000000000000000000, 0.9238795325112867385, 1.000000000000000000, 0.9238795325112867385, 1.000000000000000000, 0.9238795325112867385, 1.000000000000000000, 0.9238795325112867385, 1.000000000000000000, 0.9238795325112867385, 1.000000000000000000, 0.9238795325112867385, 1.000000000000000000, 0.9238795325112867385, 1.000000000000000000, 0.9238795325112867385, 1.000000000000000000, 0.9238795325112867385, 1.000000000000000000, 0.9238795325112867385, 1.000000000000000000, 0.9238795325112867385, 1.000000000000000000, 0.9238795325112867385, 1.000000000000000000, 0.9238795325112867385, 1.000000000000000000, 0.9238795325112867385, 1.000000000000000000, 0.9238795325112867385, 1.000000000000000000, 0.9238795325112867385, 1.000000000000000000, 0.9238795325112867385, 1.000000000000000000, 0.9238795325112867385, 1.000000000000000000, 0.9238795325112867385, 1.000000000000000000, 0.9238795325112867385, 1.000000000000000000, 0.9238795325112867385, 1.000000000000000000, 0.9238795325112867385, 1.000000000000000000, 0.9238795325112867385, 1.000000000000000000, 0.9238795325112867385, 1.000000000000000000, 0.9238795325112867385, 1.000000000000000000, 0.9238795325112867385, 1.000000000000000000, 0.9238795325112867385, 1.000000000000000000, 0.9238795325112867385, 1.000000000000000000, 0.9238795325112867385, 1.000000000000000000, 0.9238795325112867385, 1.000000000000000000, 0.9238795325112867385, 1.000000000000000000, 0.9238795325112867385, 1.000000000000000000, 0.9238795325112867385, 1.000000000000000000, 0.9238795325112867385, 1.000000000000000000, 0.9238795325112867385, 1.000000000000000000, 0.9238795325112867385, 1.000000000000000000, 0.9238795325112867385, 1.000000000000000000, 0.9238795325112867385, 1.000000000000000000, 0.9238795325112867385, 1.000000000000000000, 0.9238795325112867385, 1.000000000000000000, 0.9238795325112867385, 1.000000000000000000, 0.9238795325112867385, 1.000000000000000000),
 ( 1.000000000000000000, 0.9238795325112867385, 1.000000000000000000, 0.9238795325112867385, 1.000000000000000000, 0.9238795325112867385, 1.000000000000000000, 0.9238795325112867385, 1.000000000000000000, 0.9238795325112867385, 1.000000000000000000, 0.9238795325112867385, 1.000000000000000000, 0.9238795325112867385, 1.000000000000000000, 0.9238795325112867385, 1.000000000000000000, 0.9238795325112867385, 1.000000000000000000, 0.9238795325112867385, 1.000000000000000000, 0.9238795325112867385, 1.000000000000000000, 0.9238795325112867385, 1.000000000000000000, 0.9238795325112867385, 1.000000000000000000, 0.9238795325112867385, 1.000000000000000000, 0.9238795325112867385, 1.000000000000000000, 0.9238795325112867385, 1.000000000000000000, 0.9238795325112867385, 1.000000000000000000, 0.9238795325112867385, 1.000000000000000000, 0.9238795325112867385, 1.000000000000000000, 0.9238795325112867385, 1.000000000000000000, 0.9238795325112867385, 1.000000000000000000, 0.9238795325112867385, 1.000000000000000000, 0.9238795325112867385, 1.000000000000000000, 0.9238795325112867385, 1.000000000000000000, 0.9238795325112867385, 1.000000000000000000, 0.9238795325112867385, 1.000000000000000000, 0.9238795325112867385, 1.000000000000000000, 0.9238795325112867385, 1.000000000000000000, 0.9238795325112867385, 1.000000000000000000, 0.9238795325112867385, 1.000000000000000000, 0.9238795325112867385, 1.000000000000000000, 0.9238795325112867385, 1.000000000000000000, 0.9238795325112867385, 1.000000000000000000, 0.9238795325112867385, 1.000000000000000000, 0.9238795325112867385, 1.000000000000000000, 0.9238795325112867385, 1.000000000000000000, 0.9238795325112867385, 1.000000000000000000, 0.9238795325112867385, 1.000000000000000000, 0.9238795325112867385, 1.000000000000000000, 0.9238795325112867385, 1.000000000000000000, 0.9238795325112867385, 1.000000000000000000, 0.9238795325112867385, 1.000000000000000000, 0.9238795325112867385, 1.000000000000000000, 0.9238795325112867385, 1.000000000000000000, 0.9238795325112867385, 1.000000000000000000, 0.9238795325112867385, 1.000000000000000000, 0.9238795325112867385, 1.000000000000000000, 0.9238795325112867385, 1.000000000000000000, 0.9238795325112867385, 1.000000000000000000, 0.9238795325112867385, 1.000000000000000000, 0.9238795325112867385, 1.000000000000000000, 0.9238795325112867385, 1.000000000000000000, 0.9238795325112867385, 1.000000000000000000, 0.9238795325112867385, 1.000000000000000000, 0.9238795325112867385, 1.000000000000000000, 0.9238795325112867385, 1.000000000000000000) ) ) 
 REPRESENTATION_ITEM ( '' )  SURFACE ( )  );
#1644 = CARTESIAN_POINT ( 'NONE',  ( 2.999999999999999112, -4.318365520522230670E-14, -1.750000000000004219 ) ) ;
#1645 = ADVANCED_FACE ( 'NONE', ( #1579 ), #1907, .T. ) ;
#1646 = CARTESIAN_POINT ( 'NONE',  ( 0.000000000000000000, 0.000000000000000000, 2.500000000000000000 ) ) ;
#1647 = CARTESIAN_POINT ( 'NONE',  ( 0.1250000000087416463, 5.701333908242514070, -2.094293635094528483 ) ) ;
#1648 = CARTESIAN_POINT ( 'NONE',  ( 4.483692838407126275E-14, 3.000000000000000888, -0.3750000000000063838 ) ) ;
#1649 = VERTEX_POINT ( 'NONE', #1833 ) ;
#1650 = CARTESIAN_POINT ( 'NONE',  ( 2.350480947161686984, 0.9736010864138914256, -0.06250000000000915934 ) ) ;
#1651 = CARTESIAN_POINT ( 'NONE',  ( 0.9736010864139561516, 2.350480947161661227, 1.062499999999988676 ) ) ;
#1652 = ORIENTED_EDGE ( 'NONE', *, *, #2508, .F. ) ;
#1653 = CIRCLE ( 'NONE', #1073, 5.000000000000000888 ) ;
#1654 = CARTESIAN_POINT ( 'NONE',  ( -2.999999999999981792, 1.242640687119326959, -2.312500000000002665 ) ) ;
#1655 = CARTESIAN_POINT ( 'NONE',  ( -5.000000000000001776, 0.9335570432874895630, -2.461162168316521459 ) ) ;
#1656 = CARTESIAN_POINT ( 'NONE',  ( 0.9736010864139549303, 2.350480947161659451, -0.06250000000000960343 ) ) ;
#1657 = AXIS2_PLACEMENT_3D ( 'NONE', #526, #915, #1314 ) ;
#1658 = CARTESIAN_POINT ( 'NONE',  ( 0.9736010864138895382, -2.350480947161686096, -2.437500000000004441 ) ) ;
#1659 = APPLICATION_CONTEXT ( 'configuration controlled 3d designs of mechanical parts and assemblies' ) ;
#1660 = CARTESIAN_POINT ( 'NONE',  ( 2.070072797822188578E-13, -2.825656986040720131, 2.225656986040722707 ) ) ;
#1661 = CARTESIAN_POINT ( 'NONE',  ( 4.410214030458282662E-14, 2.999999999999999112, -0.5000000000000069944 ) ) ;
#1662 = ADVANCED_FACE ( 'NONE', ( #996 ), #2454, .F. ) ;
#1663 = CARTESIAN_POINT ( 'NONE',  ( 9.188193489042729045E-14, -3.000000000000000888, 2.124999999999995115 ) ) ;
#1664 = VERTEX_POINT ( 'NONE', #1985 ) ;
#1665 = CARTESIAN_POINT ( 'NONE',  ( 0.9736010864138904264, -2.350480947161687872, -2.312500000000003997 ) ) ;
#1666 = CYLINDRICAL_SURFACE ( 'NONE', #2492, 0.2500000000000002220 ) ;
#1667 = EDGE_CURVE ( 'NONE', #1522, #1888, #459, .T. ) ;
#1668 = ORIENTED_EDGE ( 'NONE', *, *, #2049, .T. ) ;
#1669 = CARTESIAN_POINT ( 'NONE',  ( 4.189777606611758764E-14, 2.999999999999999112, -0.5000000000000069944 ) ) ;
#1670 = CARTESIAN_POINT ( 'NONE',  ( 2.121320343559612631, -2.121320343559671695, 0.1249999999999918676 ) ) ;
#1671 = PERSON_AND_ORGANIZATION_ROLE ( 'creator' ) ;
#1672 =( BOUNDED_CURVE ( )  B_SPLINE_CURVE ( 2, ( #420, #641, #1857, #1428, #246, #454, #1240, #2448, #73 ),
 .UNSPECIFIED., .F., .F. ) 
 B_SPLINE_CURVE_WITH_KNOTS ( ( 3, 2, 2, 2, 3 ),
 ( 0.4642857142857142461, 0.4821428571428570953, 0.5000000000000000000, 0.5178571428571429047, 0.5357142857142856984 ),
 .UNSPECIFIED. ) 
 CURVE ( )  GEOMETRIC_REPRESENTATION_ITEM ( )  RATIONAL_B_SPLINE_CURVE ( ( 1.000000000000000222, 0.9238795325112865164, 1.000000000000000000, 0.9238795325112867385, 1.000000000000000000, 0.9238795325112867385, 1.000000000000000000, 0.9238795325112867385, 1.000000000000000000 ) ) 
 REPRESENTATION_ITEM ( '' )  );
#1673 = CARTESIAN_POINT ( 'NONE',  ( -2.350480947161659007, 0.9736010864139559295, -3.812500000000001776 ) ) ;
#1674 = FACE_OUTER_BOUND ( 'NONE', #1471, .T. ) ;
#1675 = CARTESIAN_POINT ( 'NONE',  ( -3.000000000000025757, -1.242640687119234366, 1.937499999999988232 ) ) ;
#1676 = ORIENTED_EDGE ( 'NONE', *, *, #1535, .F. ) ;
#1677 = CARTESIAN_POINT ( 'NONE',  ( 2.350480947161674106, -3.325841780254503190E-14, 2.874999999999984457 ) ) ;
#1678 = CYLINDRICAL_SURFACE ( 'NONE', #1112, 2.350480947161672329 ) ;
#1679 = ORIENTED_EDGE ( 'NONE', *, *, #969, .F. ) ;
#1680 = EDGE_CURVE ( 'NONE', #39, #400, #2282, .T. ) ;
#1681 = CARTESIAN_POINT ( 'NONE',  ( 3.000000000000015987, 1.242640687119243914, -1.687500000000004219 ) ) ;
#1682 = CARTESIAN_POINT ( 'NONE',  ( -5.000000000000000888, 1.201851678989730854E-14, -2.500000000000000000 ) ) ;
#1683 = CARTESIAN_POINT ( 'NONE',  ( 2.350480947161672329, 0.000000000000000000, -2.500000000000000000 ) ) ;
#1684 = CARTESIAN_POINT ( 'NONE',  ( 1.451580229263188970, 2.040299878402397127, -1.892358769827523046 ) ) ;
#1685 = CARTESIAN_POINT ( 'NONE',  ( 0.000000000000000000, 0.000000000000000000, -2.500000000000000000 ) ) ;
#1686 = CARTESIAN_POINT ( 'NONE',  ( 2.350480947161658118, -0.9736010864139583720, -1.312500000000006883 ) ) ;
#1687 = ORIENTED_EDGE ( 'NONE', *, *, #1628, .F. ) ;
#1688 = CARTESIAN_POINT ( 'NONE',  ( 4.410214030458285186E-14, 3.000000000000000888, -1.375000000000004219 ) ) ;
#1689 = FACE_OUTER_BOUND ( 'NONE', #81, .T. ) ;
#1690 = ORIENTED_EDGE ( 'NONE', *, *, #575, .T. ) ;
#1691 = EDGE_CURVE ( 'NONE', #698, #1611, #484, .T. ) ;
#1692 = CARTESIAN_POINT ( 'NONE',  ( -2.999999999999981792, 1.242640687119326959, -1.312500000000005107 ) ) ;
#1693 = AXIS2_PLACEMENT_3D ( 'NONE', #579, #813, #1179 ) ;
#1694 = COORDINATED_UNIVERSAL_TIME_OFFSET ( 6, 0, .BEHIND. ) ;
#1695 = CARTESIAN_POINT ( 'NONE',  ( 4.096183824210948288, -3.408569858337863856, 2.320626431801112943 ) ) ;
#1696 = CIRCLE ( 'NONE', #417, 3.099999999999999201 ) ;
#1697 = CARTESIAN_POINT ( 'NONE',  ( 2.121320343559673027, 2.121320343559613519, 2.499999999999987566 ) ) ;
#1698 = CARTESIAN_POINT ( 'NONE',  ( 0.9038161757946855390, 5.251684179503262939, -2.320626431802339518 ) ) ;
#1699 = AXIS2_PLACEMENT_3D ( 'NONE', #1862, #80, #2109 ) ;
#1700 = DIRECTION ( 'NONE',  ( -0.000000000000000000, -0.000000000000000000, 1.000000000000000000 ) ) ;
#1701 = ORIENTED_EDGE ( 'NONE', *, *, #1775, .F. ) ;
#1702 = B_SPLINE_CURVE_WITH_KNOTS ( 'NONE', 3,
 ( #1946, #147, #2145, #1101, #512, #726 ),
 .UNSPECIFIED., .F., .F.,
 ( 4, 2, 4 ),
 ( 9.981539940999808810E-17, 0.0001318968453401113861, 0.0002637936906801229171 ),
 .UNSPECIFIED. ) ;
#1703 = CARTESIAN_POINT ( 'NONE',  ( -0.9736010864138852083, 2.350480947161689649, 0.1874999999999906186 ) ) ;
#1704 = CARTESIAN_POINT ( 'NONE',  ( 0.9736010864139551524, 2.350480947161661227, -0.9375000000000073275 ) ) ;
#1705 = ORIENTED_EDGE ( 'NONE', *, *, #888, .F. ) ;
#1706 = B_SPLINE_CURVE_WITH_KNOTS ( 'NONE', 3,
 ( #1485, #893, #477, #1853, #650, #1068 ),
 .UNSPECIFIED., .F., .F.,
 ( 4, 2, 4 ),
 ( 4.365806116929381257E-16, 0.0001318968453454084997, 0.0002637936906903803913 ),
 .UNSPECIFIED. ) ;
#1707 = CARTESIAN_POINT ( 'NONE',  ( -0.9736010864138908705, 2.350480947161687428, -2.812500000000003109 ) ) ;
#1708 = LINE ( 'NONE', #767, #2208 ) ;
#1709 = CYLINDRICAL_SURFACE ( 'NONE', #375, 2.350480947161672329 ) ;
#1710 = ADVANCED_FACE ( 'NONE', ( #116 ), #1087, .F. ) ;
#1711 = CARTESIAN_POINT ( 'NONE',  ( 1.242640687119243026, -3.000000000000019096, 1.187499999999990674 ) ) ;
#1712 = LINE ( 'NONE', #1120, #1296 ) ;
#1713 = CARTESIAN_POINT ( 'NONE',  ( -3.000000000000022204, -1.242640687119239917, -1.062500000000005107 ) ) ;
#1714 = ORIENTED_EDGE ( 'NONE', *, *, #1292, .T. ) ;
#1715 = CARTESIAN_POINT ( 'NONE',  ( -2.999999999999980016, 1.242640687119334286, -1.187500000000004663 ) ) ;
#1716 = CARTESIAN_POINT ( 'NONE',  ( 3.455374683832430406E-14, 2.350480947161674106, -0.8750000000000073275 ) ) ;
#1717 = AXIS2_PLACEMENT_3D ( 'NONE', #57, #883, #2288 ) ;
#1718 = EDGE_LOOP ( 'NONE', ( #1155, #1220, #1234, #448 ) ) ;
#1719 = ORIENTED_EDGE ( 'NONE', *, *, #222, .T. ) ;
#1720 = CARTESIAN_POINT ( 'NONE',  ( 3.000000000000015987, 1.242640687119243914, 2.312499999999987121 ) ) ;
#1721 = DIRECTION ( 'NONE',  ( 1.000000000000000000, 0.000000000000000000, 0.000000000000000000 ) ) ;
#1722 = CARTESIAN_POINT ( 'NONE',  ( 2.350480947161684764, 0.9736010864138906484, -0.1875000000000092981 ) ) ;
#1723 = CARTESIAN_POINT ( 'NONE',  ( 1.242640687119329401, 2.999999999999983125, -0.4375000000000064948 ) ) ;
#1724 = DIRECTION ( 'NONE',  ( -2.403703357979454450E-15, -1.000000000000000000, 0.000000000000000000 ) ) ;
#1725 = CARTESIAN_POINT ( 'NONE',  ( -5.000000000000000888, 1.201851678989730854E-14, 2.500000000000000000 ) ) ;
#1726 = EDGE_CURVE ( 'NONE', #293, #2240, #2468, .T. ) ;
#1727 = CARTESIAN_POINT ( 'NONE',  ( -2.121320343559604193, 2.121320343559680133, 1.624999999999988454 ) ) ;
#1728 = DIRECTION ( 'NONE',  ( 0.000000000000000000, 0.000000000000000000, 1.000000000000000000 ) ) ;
#1729 = VERTEX_POINT ( 'NONE', #316 ) ;
#1730 = VERTEX_POINT ( 'NONE', #326 ) ;
#1731 = CARTESIAN_POINT ( 'NONE',  ( -2.999999999999999112, 4.208147308598969036E-14, 1.749999999999988454 ) ) ;
#1732 = CARTESIAN_POINT ( 'NONE',  ( 4.999999999999984013, -2.294323821397029839, 2.218704048301261444 ) ) ;
#1733 = PERSON_AND_ORGANIZATION ( #313, #1425 ) ;
#1734 = CARTESIAN_POINT ( 'NONE',  ( -2.350480947161659007, 0.9736010864139559295, 0.1874999999999897582 ) ) ;
#1735 = CARTESIAN_POINT ( 'NONE',  ( 2.999999999999983125, -1.242640687119329179, 2.312499999999988898 ) ) ;
#1736 = CARTESIAN_POINT ( 'NONE',  ( -0.9736010864139551524, -2.350480947161659451, 0.4374999999999891198 ) ) ;
#1737 = CARTESIAN_POINT ( 'NONE',  ( -2.350469022712050382, 0.007487071596374062638, -1.750480947161633827 ) ) ;
#1738 = CARTESIAN_POINT ( 'NONE',  ( -4.999999999999998224, 2.785358687118584697, 2.082370150261860786 ) ) ;
#1739 = VECTOR ( 'NONE', #480, 1000.000000000000000 ) ;
#1740 = CARTESIAN_POINT ( 'NONE',  ( 0.000000000000000000, 0.000000000000000000, 2.500000000000000000 ) ) ;
#1741 = CARTESIAN_POINT ( 'NONE',  ( 0.000000000000000000, 0.000000000000000000, 2.500000000000000000 ) ) ;
#1742 = CARTESIAN_POINT ( 'NONE',  ( -3.311449235412509033E-14, -2.350480947161672329, 2.499999999999984901 ) ) ;
#1743 = ORIENTED_EDGE ( 'NONE', *, *, #444, .T. ) ;
#1744 = ADVANCED_FACE ( 'NONE', ( #105 ), #1666, .T. ) ;
#1745 =( BOUNDED_CURVE ( )  B_SPLINE_CURVE ( 2, ( #276, #1808, #836, #2450, #24, #632, #248, #825, #2205 ),
 .UNSPECIFIED., .F., .F. ) 
 B_SPLINE_CURVE_WITH_KNOTS ( ( 3, 2, 2, 2, 3 ),
 ( 0.6071428571428570953, 0.6250000000000000000, 0.6428571428571427937, 0.6607142857142855874, 0.6785714285714284921 ),
 .UNSPECIFIED. ) 
 CURVE ( )  GEOMETRIC_REPRESENTATION_ITEM ( )  RATIONAL_B_SPLINE_CURVE ( ( 1.000000000000000000, 0.9238795325112867385, 1.000000000000000000, 0.9238795325112867385, 1.000000000000000000, 0.9238795325112867385, 1.000000000000000000, 0.9238795325112871826, 0.9999999999999995559 ) ) 
 REPRESENTATION_ITEM ( '' )  );
#1746 = VERTEX_POINT ( 'NONE', #520 ) ;
#1747 = CARTESIAN_POINT ( 'NONE',  ( 2.999999999999980904, -1.242640687119328069, 1.187499999999989786 ) ) ;
#1748 = CARTESIAN_POINT ( 'NONE',  ( 0.1250000000000096589, 5.701333908247555371, 2.500000000000000000 ) ) ;
#1749 = CARTESIAN_POINT ( 'NONE',  ( -0.9736010864138903154, 2.350480947161685208, 1.062499999999988010 ) ) ;
#1750 = CARTESIAN_POINT ( 'NONE',  ( 3.000000000000000888, -4.244886712573392105E-14, 1.374999999999990008 ) ) ;
#1751 = CARTESIAN_POINT ( 'NONE',  ( 1.662041016787773939, -1.662041016787821013, 0.6249999999999892308 ) ) ;
#1752 = CARTESIAN_POINT ( 'NONE',  ( 0.09024047750450846228, 2.957096219789874691, -2.352199171668791333 ) ) ;
#1753 = CARTESIAN_POINT ( 'NONE',  ( -2.999999999999999112, 4.042634296523099973E-14, 1.749999999999988454 ) ) ;
#1754 = CARTESIAN_POINT ( 'NONE',  ( 4.912191381696274561, 2.937447675362947486, 2.082370150261889652 ) ) ;
#1755 = DIRECTION ( 'NONE',  ( 1.000000000000000000, 0.000000000000000000, 0.000000000000000000 ) ) ;
#1756 = CARTESIAN_POINT ( 'NONE',  ( 3.000000000000000888, -4.244886712573392105E-14, -2.625000000000001332 ) ) ;
#1757 = VERTEX_POINT ( 'NONE', #1898 ) ;
#1758 = APPROVAL_PERSON_ORGANIZATION ( #1891, #1288, #905 ) ;
#1759 = VERTEX_POINT ( 'NONE', #2269 ) ;
#1760 = EDGE_CURVE ( 'NONE', #1352, #2560, #671, .T. ) ;
#1761 = CARTESIAN_POINT ( 'NONE',  ( 1.242640687119328735, 2.999999999999980904, 1.437499999999989342 ) ) ;
#1762 = DIRECTION ( 'NONE',  ( -0.000000000000000000, -0.000000000000000000, -1.000000000000000000 ) ) ;
#1763 = CARTESIAN_POINT ( 'NONE',  ( 0.9736010864138895382, -2.350480947161686096, 0.5624999999999892308 ) ) ;
#1764 = CARTESIAN_POINT ( 'NONE',  ( -2.121320343559676136, -2.121320343559608190, 1.874999999999987788 ) ) ;
#1765 = CARTESIAN_POINT ( 'NONE',  ( 0.000000000000000000, 0.000000000000000000, -2.500000000000000000 ) ) ;
#1766 = CARTESIAN_POINT ( 'NONE',  ( -1.345476113406834040, 2.403537343082134292, -2.147772961700984862 ) ) ;
#1767 = B_SPLINE_CURVE_WITH_KNOTS ( 'NONE', 3,
 ( #984, #2232, #1246, #2158, #1774, #2242 ),
 .UNSPECIFIED., .F., .F.,
 ( 4, 2, 4 ),
 ( 0.002921158011986696012, 0.004301918286211094816, 0.005682678560435493187 ),
 .UNSPECIFIED. ) ;
#1768 = CARTESIAN_POINT ( 'NONE',  ( 0.000000000000000000, 0.000000000000000000, 10.98528137423856776 ) ) ;
#1769 = CARTESIAN_POINT ( 'NONE',  ( 2.350480947161672329, -3.916081608995464711E-14, -0.2500000000000088818 ) ) ;
#1770 = CARTESIAN_POINT ( 'NONE',  ( -2.350480947161685208, -0.9736010864138902043, 2.312499999999985345 ) ) ;
#1771 = EDGE_LOOP ( 'NONE', ( #497, #1182, #1690, #154 ) ) ;
#1772 = ORIENTED_EDGE ( 'NONE', *, *, #1472, .F. ) ;
#1773 = CARTESIAN_POINT ( 'NONE',  ( -2.350480947161687428, -0.9736010864138907595, -0.5625000000000078826 ) ) ;
#1774 = CARTESIAN_POINT ( 'NONE',  ( 4.487193352966646565, -3.182820401655056308, -2.218623693882311176 ) ) ;
#1775 = EDGE_CURVE ( 'NONE', #386, #2084, #1309, .T. ) ;
#1776 = CARTESIAN_POINT ( 'NONE',  ( -1.662041016787774161, 1.662041016787820791, -1.875000000000005551 ) ) ;
#1777 = CARTESIAN_POINT ( 'NONE',  ( 0.7623700773349141313, -2.615152586261526579, -2.118096235314330666 ) ) ;
#1778 = EDGE_CURVE ( 'NONE', #1209, #2364, #1097, .T. ) ;
#1779 = CARTESIAN_POINT ( 'NONE',  ( -0.9344062933640955304, 2.374598887635996469, 1.946463077205481396 ) ) ;
#1780 = LINE ( 'NONE', #786, #498 ) ;
#1781 = CARTESIAN_POINT ( 'NONE',  ( -1.950160674739793709, 2.292480012379486176, -2.387174492971167794 ) ) ;
#1782 = CARTESIAN_POINT ( 'NONE',  ( 0.9736010864139544863, 2.350480947161659451, -1.062500000000007550 ) ) ;
#1783 = VECTOR ( 'NONE', #1966, 1000.000000000000000 ) ;
#1784 = CARTESIAN_POINT ( 'NONE',  ( 1.242640687119243026, -3.000000000000019096, -1.812500000000003775 ) ) ;
#1785 = EDGE_LOOP ( 'NONE', ( #35, #1455, #2137, #1366 ) ) ;
#1786 = CIRCLE ( 'NONE', #2034, 2.999999999999999112 ) ;
#1787 = AXIS2_PLACEMENT_3D ( 'NONE', #747, #143, #1137 ) ;
#1788 = ORIENTED_EDGE ( 'NONE', *, *, #2339, .T. ) ;
#1789 = DIRECTION ( 'NONE',  ( -0.4999999999999979461, 0.8660254037844398178, 0.000000000000000000 ) ) ;
#1790 = EDGE_CURVE ( 'NONE', #387, #2559, #622, .T. ) ;
#1791 = CARTESIAN_POINT ( 'NONE',  ( 2.587916512459885077, -3.661804138996746133E-14, -1.987916512459890761 ) ) ;
#1792 = CARTESIAN_POINT ( 'NONE',  ( 1.242640687119329401, 2.999999999999983125, 2.562499999999987566 ) ) ;
#1793 = CARTESIAN_POINT ( 'NONE',  ( -1.383321605892481099, 2.167830002512709076, 1.966400800441269414 ) ) ;
#1794 = CARTESIAN_POINT ( 'NONE',  ( 2.500000000000006661, 4.330127018922190985, 2.500000000000000000 ) ) ;
#1795 = ADVANCED_FACE ( 'NONE', ( #1689 ), #1678, .F. ) ;
#1796 = CARTESIAN_POINT ( 'NONE',  ( -2.350480947161659451, 0.9736010864139600374, 0.3124999999999898970 ) ) ;
#1797 = CARTESIAN_POINT ( 'NONE',  ( -2.500000000000003997, -4.330127018922192761, 2.500000000000000000 ) ) ;
#1798 = CARTESIAN_POINT ( 'NONE',  ( -1.242640687119243914, 3.000000000000018652, -2.312500000000002220 ) ) ;
#1799 = ORIENTED_EDGE ( 'NONE', *, *, #1667, .T. ) ;
#1800 = ORIENTED_EDGE ( 'NONE', *, *, #490, .F. ) ;
#1801 = FACE_OUTER_BOUND ( 'NONE', #887, .T. ) ;
#1802 = CARTESIAN_POINT ( 'NONE',  ( -2.999999999999999112, 4.042634296523099973E-14, 1.749999999999988454 ) ) ;
#1803 = LINE ( 'NONE', #2024, #1339 ) ;
#1804 = CARTESIAN_POINT ( 'NONE',  ( 1.662041016787824343, 1.662041016787770831, 0.8749999999999886757 ) ) ;
#1805 = CARTESIAN_POINT ( 'NONE',  ( 2.999999999999999112, 3.673940397442058882E-16, 10.98528137423856776 ) ) ;
#1806 = DIRECTION ( 'NONE',  ( 0.000000000000000000, 0.000000000000000000, 1.000000000000000000 ) ) ;
#1807 = ADVANCED_FACE ( 'NONE', ( #1506 ), #1259, .F. ) ;
#1808 = CARTESIAN_POINT ( 'NONE',  ( -2.350480947161687872, -0.9736010864138894272, 0.4374999999999900080 ) ) ;
#1809 = ORIENTED_EDGE ( 'NONE', *, *, #1836, .T. ) ;
#1810 = VERTEX_POINT ( 'NONE', #2503 ) ;
#1811 = CARTESIAN_POINT ( 'NONE',  ( -2.500000000000003997, -4.330127018922192761, -2.500000000000000000 ) ) ;
#1812 = CARTESIAN_POINT ( 'NONE',  ( -2.598443576934740040, -1.210134783489077437, -2.260820218596476749 ) ) ;
#1813 = CARTESIAN_POINT ( 'NONE',  ( 1.417330773018494972, 2.020634140387215893, 1.846422980340801656 ) ) ;
#1814 = CARTESIAN_POINT ( 'NONE',  ( -1.490357013593976987, 1.846694872898307249, -1.760442652797078678 ) ) ;
#1815 = CARTESIAN_POINT ( 'NONE',  ( -0.1250000000087377883, -5.701333908242493642, -2.094293635094540473 ) ) ;
#1816 = CARTESIAN_POINT ( 'NONE',  ( -0.9024808040858592895, 5.252455156718814244, 2.343552472763229755 ) ) ;
#1817 = LINE ( 'NONE', #618, #667 ) ;
#1818 = EDGE_LOOP ( 'NONE', ( #1310, #2416, #684 ) ) ;
#1819 = CARTESIAN_POINT ( 'NONE',  ( 2.350480947161660339, -0.9736010864139578169, -0.1875000000000088540 ) ) ;
#1820 = ORIENTED_EDGE ( 'NONE', *, *, #2064, .F. ) ;
#1821 = AXIS2_PLACEMENT_3D ( 'NONE', #1824, #2210, #600 ) ;
#1822 = EDGE_CURVE ( 'NONE', #1729, #281, #1998, .T. ) ;
#1823 = AXIS2_PLACEMENT_3D ( 'NONE', #761, #1166, #979 ) ;
#1824 = CARTESIAN_POINT ( 'NONE',  ( 0.000000000000000000, 0.000000000000000000, 2.500000000000000000 ) ) ;
#1825 = CARTESIAN_POINT ( 'NONE',  ( 2.999999999999981348, -1.242640687119332954, 1.312499999999989786 ) ) ;
#1826 = FACE_OUTER_BOUND ( 'NONE', #2530, .T. ) ;
#1827 = CARTESIAN_POINT ( 'NONE',  ( 2.350480947161674106, -3.916081608995467866E-14, -0.1250000000000087708 ) ) ;
#1828 = DIRECTION ( 'NONE',  ( -1.452407158346695000E-28, 1.982541115402071618E-15, 1.000000000000000000 ) ) ;
#1829 = FACE_OUTER_BOUND ( 'NONE', #1899, .T. ) ;
#1830 = CARTESIAN_POINT ( 'NONE',  ( -2.724269201428924259, 1.142877804914937512, -2.345019198594735954 ) ) ;
#1831 = ORIENTED_EDGE ( 'NONE', *, *, #855, .F. ) ;
#1832 = CARTESIAN_POINT ( 'NONE',  ( -2.350480947161660339, 0.9736010864139565957, -1.687500000000005551 ) ) ;
#1833 = CARTESIAN_POINT ( 'NONE',  ( -4.874999999999613642, 2.958920129597065518, 2.094293635091849737 ) ) ;
#1834 = B_SPLINE_CURVE_WITH_KNOTS ( 'NONE', 3,
 ( #669, #1230, #2412, #1207, #2217, #1062, #225, #1026, #263, #2439 ),
 .UNSPECIFIED., .F., .F.,
 ( 4, 2, 2, 2, 4 ),
 ( 0.000000000000000000, 0.0006764466226912259827, 0.001352893245382451315, 0.002029339868073676539, 0.002705786490764902196 ),
 .UNSPECIFIED. ) ;
#1835 = EDGE_LOOP ( 'NONE', ( #1208, #1701, #1508, #1504 ) ) ;
#1836 = EDGE_CURVE ( 'NONE', #1729, #633, #629, .T. ) ;
#1837 = CARTESIAN_POINT ( 'NONE',  ( -2.121320343559604638, 2.121320343559681465, 1.749999999999989342 ) ) ;
#1838 = CARTESIAN_POINT ( 'NONE',  ( -4.999999999999999112, 1.848661140046615081, -2.319546572517207750 ) ) ;
#1839 = PERSON_AND_ORGANIZATION ( #313, #1425 ) ;
#1840 = VECTOR ( 'NONE', #800, 1000.000000000000000 ) ;
#1841 = CARTESIAN_POINT ( 'NONE',  ( -1.301313691227595104, 1.996485181193140113, -1.770706285758259613 ) ) ;
#1842 = VERTEX_POINT ( 'NONE', #1065 ) ;
#1843 =( BOUNDED_CURVE ( )  B_SPLINE_CURVE ( 2, ( #1359, #2359, #963, #351, #1134, #603, #167, #2524, #1347 ),
 .UNSPECIFIED., .F., .T. ) 
 B_SPLINE_CURVE_WITH_KNOTS ( ( 3, 2, 2, 2, 3 ),
 ( 0.5357142857142856984, 0.5535714285714286031, 0.5714285714285713969, 0.5892857142857143016, 0.6071428571428570953 ),
 .UNSPECIFIED. ) 
 CURVE ( )  GEOMETRIC_REPRESENTATION_ITEM ( )  RATIONAL_B_SPLINE_CURVE ( ( 1.000000000000000000, 0.9238795325112867385, 1.000000000000000000, 0.9238795325112867385, 1.000000000000000000, 0.9238795325112867385, 1.000000000000000000, 0.9238795325112867385, 1.000000000000000000 ) ) 
 REPRESENTATION_ITEM ( '' )  );
#1844 = CARTESIAN_POINT ( 'NONE',  ( 0.1249999999999933109, -5.701333908247534943, 2.500000000000000000 ) ) ;
#1845 = CARTESIAN_POINT ( 'NONE',  ( -1.366590080373668803, -2.420067621846288208, 2.173488917287804245 ) ) ;
#1846 = DIRECTION ( 'NONE',  ( -0.000000000000000000, -0.000000000000000000, 1.000000000000000000 ) ) ;
#1847 = ORIENTED_EDGE ( 'NONE', *, *, #935, .F. ) ;
#1848 = CARTESIAN_POINT ( 'NONE',  ( 1.662041016787775494, -1.662041016787822345, -1.250000000000006217 ) ) ;
#1849 = CARTESIAN_POINT ( 'NONE',  ( -1.242640687119235920, 3.000000000000021760, 0.6874999999999911182 ) ) ;
#1850 = ORIENTED_EDGE ( 'NONE', *, *, #575, .F. ) ;
#1851 = ADVANCED_FACE ( 'NONE', ( #1283 ), #2086, .F. ) ;
#1852 = CARTESIAN_POINT ( 'NONE',  ( 2.999999999999980904, -1.242640687119328069, -2.812500000000001776 ) ) ;
#1853 = CARTESIAN_POINT ( 'NONE',  ( 0.04382521532089486693, 5.734867074361531536, -2.075725291387395366 ) ) ;
#1854 = DIRECTION ( 'NONE',  ( 1.000000000000000000, 0.000000000000000000, 0.000000000000000000 ) ) ;
#1855 = CARTESIAN_POINT ( 'NONE',  ( 1.662041016787821013, 1.662041016787773939, -3.125000000000002665 ) ) ;
#1856 = ADVANCED_FACE ( 'NONE', ( #2569 ), #2289, .F. ) ;
#1857 = CARTESIAN_POINT ( 'NONE',  ( -1.662041016787823677, -1.662041016787771719, -0.6250000000000083267 ) ) ;
#1858 = CARTESIAN_POINT ( 'NONE',  ( 2.999999999999999112, -4.924751380291146898E-14, -0.7500000000000063283 ) ) ;
#1859 = CARTESIAN_POINT ( 'NONE',  ( -0.1250000000000061895, -5.701333908247535831, 2.500000000000000000 ) ) ;
#1860 = EDGE_LOOP ( 'NONE', ( #524, #955, #735 ) ) ;
#1861 = CARTESIAN_POINT ( 'NONE',  ( -2.350480947161660339, 0.9736010864139565957, -0.6875000000000075495 ) ) ;
#1862 = CARTESIAN_POINT ( 'NONE',  ( 0.000000000000000000, 0.000000000000000000, 10.98528137423856776 ) ) ;
#1863 = ORIENTED_EDGE ( 'NONE', *, *, #1307, .T. ) ;
#1864 = B_SPLINE_CURVE_WITH_KNOTS ( 'NONE', 3,
 ( #821, #243, #626, #2012, #1021, #30 ),
 .UNSPECIFIED., .F., .F.,
 ( 4, 2, 4 ),
 ( 5.850674789795191151E-18, 0.0001318968453400226712, 0.0002637936906800394878 ),
 .UNSPECIFIED. ) ;
#1865 = AXIS2_PLACEMENT_3D ( 'NONE', #1399, #1186, #1046 ) ;
#1866 = CARTESIAN_POINT ( 'NONE',  ( -2.999999999999981792, 1.242640687119326959, -0.3125000000000072164 ) ) ;
#1867 = CARTESIAN_POINT ( 'NONE',  ( -2.097316833882050258, -4.562616253278505063, -2.500000000000013323 ) ) ;
#1868 = DATE_AND_TIME ( #451, #1630 ) ;
#1869 = VECTOR ( 'NONE', #1124, 1000.000000000000000 ) ;
#1870 = CARTESIAN_POINT ( 'NONE',  ( -2.350480947161688317, -0.9736010864138889831, 1.437499999999987343 ) ) ;
#1871 = LINE ( 'NONE', #907, #645 ) ;
#1872 = CARTESIAN_POINT ( 'NONE',  ( -2.999999999999999112, 4.281626116547810125E-14, -2.250000000000003109 ) ) ;
#1873 = EDGE_CURVE ( 'NONE', #777, #1052, #791, .T. ) ;
#1874 = ORIENTED_EDGE ( 'NONE', *, *, #749, .F. ) ;
#1875 = CARTESIAN_POINT ( 'NONE',  ( 0.9736010864139558185, 2.350480947161661227, 0.06249999999999051453 ) ) ;
#1876 = CARTESIAN_POINT ( 'NONE',  ( -5.000000000000008882, -1.838139485056845546, -2.321645086322193130 ) ) ;
#1877 = ORIENTED_EDGE ( 'NONE', *, *, #2272, .T. ) ;
#1878 = CARTESIAN_POINT ( 'NONE',  ( -1.242640687119327181, -2.999999999999981792, -1.062500000000005773 ) ) ;
#1879 = CARTESIAN_POINT ( 'NONE',  ( 3.000000000000000888, -5.145187804137673320E-14, 1.374999999999990008 ) ) ;
#1880 = CARTESIAN_POINT ( 'NONE',  ( -2.350480947161672329, 3.297056690570516769E-14, -2.750000000000003553 ) ) ;
#1881 =( GEOMETRIC_REPRESENTATION_CONTEXT ( 3 ) GLOBAL_UNCERTAINTY_ASSIGNED_CONTEXT ( ( #2304 ) ) GLOBAL_UNIT_ASSIGNED_CONTEXT ( ( #272, #1069, #1275 ) ) REPRESENTATION_CONTEXT ( 'NONE', 'WORKASPACE' ) );
#1882 = CARTESIAN_POINT ( 'NONE',  ( -2.347649108480227120, -1.388143842248153570, 2.121415775150298888 ) ) ;
#1883 = CARTESIAN_POINT ( 'NONE',  ( 1.662041016787774605, -1.662041016787820347, -1.375000000000006439 ) ) ;
#1884 = EDGE_LOOP ( 'NONE', ( #356, #1588, #2351 ) ) ;
#1885 = ADVANCED_FACE ( 'NONE', ( #990 ), #672, .T. ) ;
#1886 = CARTESIAN_POINT ( 'NONE',  ( -3.311449235412511557E-14, -2.350480947161674106, 2.624999999999984901 ) ) ;
#1887 = CARTESIAN_POINT ( 'NONE',  ( -1.662041016787775716, 1.662041016787821901, -0.7500000000000075495 ) ) ;
#1888 = VERTEX_POINT ( 'NONE', #788 ) ;
#1889 = CARTESIAN_POINT ( 'NONE',  ( -2.999999999999999112, 4.208147308598969036E-14, 0.7499999999999902300 ) ) ;
#1890 = CARTESIAN_POINT ( 'NONE',  ( 4.999999999999992006, 0.4639686512922513995, 2.500000000000006217 ) ) ;
#1891 = PERSON_AND_ORGANIZATION ( #313, #1425 ) ;
#1892 = CARTESIAN_POINT ( 'NONE',  ( 1.827937910785139231, 1.738739132040341140, -1.911277415323422435 ) ) ;
#1893 = CARTESIAN_POINT ( 'NONE',  ( 1.694885762720601097, 4.794959940543858323, -2.461540575954684673 ) ) ;
#1894 = CARTESIAN_POINT ( 'NONE',  ( 2.350480947161672329, -3.858511429627497550E-14, -1.250000000000006661 ) ) ;
#1895 = VERTEX_POINT ( 'NONE', #2166 ) ;
#1896 = B_SPLINE_CURVE_WITH_KNOTS ( 'NONE', 3,
 ( #2294, #1517, #1319, #2525 ),
 .UNSPECIFIED., .F., .F.,
 ( 4, 4 ),
 ( 0.0001489213604345989350, 0.002921158011986732007 ),
 .UNSPECIFIED. ) ;
#1897 = CARTESIAN_POINT ( 'NONE',  ( 4.749999999999983125, -2.742413778650723444, 2.500000000000000000 ) ) ;
#1898 = CARTESIAN_POINT ( 'NONE',  ( -0.1250000000003905765, -5.701333908247313786, 2.094293635091864392 ) ) ;
#1899 = EDGE_LOOP ( 'NONE', ( #2279, #764, #1999, #2469 ) ) ;
#1900 = CARTESIAN_POINT ( 'NONE',  ( 2.121320343559672139, 2.121320343559612187, 0.3749999999999912292 ) ) ;
#1901 = CARTESIAN_POINT ( 'NONE',  ( 4.999999999999988454, -0.4637686117237810879, 2.500000000000006661 ) ) ;
#1902 = CALENDAR_DATE ( 2026, 7, 1 ) ;
#1903 = CARTESIAN_POINT ( 'NONE',  ( 2.499999999999990674, -4.330127018922199866, 2.500000000000000000 ) ) ;
#1904 = AXIS2_PLACEMENT_3D ( 'NONE', #2383, #415, #601 ) ;
#1905 = CARTESIAN_POINT ( 'NONE',  ( -3.000000000000018652, -1.242640687119243470, -1.062500000000004885 ) ) ;
#1906 = LINE ( 'NONE', #729, #1840 ) ;
#1907 = CONICAL_SURFACE ( 'NONE', #998, 5.000000000000000888, 1.047197551196600074 ) ;
#1908 = CARTESIAN_POINT ( 'NONE',  ( 2.584121157119289247, -0.3264883040175680096, 1.999597679146859042 ) ) ;
#1909 = ORIENTED_EDGE ( 'NONE', *, *, #1760, .T. ) ;
#1910 = CARTESIAN_POINT ( 'NONE',  ( 3.000000000000019096, 1.242640687119243026, -1.562500000000003997 ) ) ;
#1911 = DIRECTION ( 'NONE',  ( 0.000000000000000000, 0.000000000000000000, -1.000000000000000000 ) ) ;
#1912 = VERTEX_POINT ( 'NONE', #2527 ) ;
#1913 = VERTEX_POINT ( 'NONE', #1533 ) ;
#1914 = CARTESIAN_POINT ( 'NONE',  ( -3.000000000000016431, -1.242640687119242804, 1.812499999999987566 ) ) ;
#1915 = DIRECTION ( 'NONE',  ( 0.000000000000000000, 0.000000000000000000, -1.000000000000000000 ) ) ;
#1916 = EDGE_CURVE ( 'NONE', #925, #1149, #2457, .T. ) ;
#1917 = CARTESIAN_POINT ( 'NONE',  ( -1.662041016787820791, -1.662041016787774161, 1.374999999999987343 ) ) ;
#1918 = CARTESIAN_POINT ( 'NONE',  ( -3.000000000000018652, -1.242640687119243470, -0.06250000000000699441 ) ) ;
#1919 = CARTESIAN_POINT ( 'NONE',  ( 4.999999999999993783, 0.9335570433344900776, -2.461162168310316201 ) ) ;
#1920 = CARTESIAN_POINT ( 'NONE',  ( 1.242640687119236809, -3.000000000000020872, -0.8125000000000054401 ) ) ;
#1921 = EDGE_LOOP ( 'NONE', ( #583, #254 ) ) ;
#1922 = LOCAL_TIME ( 22, 8, 29.00000000000000000, #1499 ) ;
#1923 = LINE ( 'NONE', #142, #245 ) ;
#1924 = DIRECTION ( 'NONE',  ( 1.000000000000000000, 0.000000000000000000, 0.000000000000000000 ) ) ;
#1925 = VERTEX_POINT ( 'NONE', #2335 ) ;
#1926 =( BOUNDED_CURVE ( )  B_SPLINE_CURVE ( 2, ( #1265, #1870, #1092, #2066, #680, #1301, #1477, #2102, #727 ),
 .UNSPECIFIED., .F., .F. ) 
 B_SPLINE_CURVE_WITH_KNOTS ( ( 3, 2, 2, 2, 3 ),
 ( 0.7500000000000000000, 0.7678571428571429047, 0.7857142857142856984, 0.8035714285714286031, 0.8036457238312397777 ),
 .UNSPECIFIED. ) 
 CURVE ( )  GEOMETRIC_REPRESENTATION_ITEM ( )  RATIONAL_B_SPLINE_CURVE ( ( 1.000000000000000000, 0.9238795325112867385, 1.000000000000000000, 0.9238795325112867385, 1.000000000000000000, 0.9238795325112867385, 1.000000000000000000, 0.9996832981650948247, 0.9993692316280415877 ) ) 
 REPRESENTATION_ITEM ( '' )  );
#1927 = ORIENTED_EDGE ( 'NONE', *, *, #916, .F. ) ;
#1928 = CONICAL_SURFACE ( 'NONE', #2098, 5.000000000000000888, 1.047197551196600074 ) ;
#1929 = CARTESIAN_POINT ( 'NONE',  ( -2.350480947161674106, 3.297056690570518662E-14, -2.625000000000003553 ) ) ;
#1930 = DIRECTION ( 'NONE',  ( 6.344491349989047563E-14, -0.8660254037844403729, -0.4999999999999970579 ) ) ;
#1931 = PERSON_AND_ORGANIZATION_ROLE ( 'creator' ) ;
#1932 = CARTESIAN_POINT ( 'NONE',  ( 0.9736010864138895382, -2.350480947161686096, -0.4375000000000086597 ) ) ;
#1933 = ADVANCED_FACE ( 'NONE', ( #2541 ), #1519, .T. ) ;
#1934 = CARTESIAN_POINT ( 'NONE',  ( -3.000000000000018652, -1.242640687119243470, 0.9374999999999905631 ) ) ;
#1935 = CARTESIAN_POINT ( 'NONE',  ( 1.662041016787773273, -1.662041016787821679, 1.624999999999986677 ) ) ;
#1936 = DIRECTION ( 'NONE',  ( 0.000000000000000000, 0.000000000000000000, -1.000000000000000000 ) ) ;
#1937 = ORIENTED_EDGE ( 'NONE', *, *, #2000, .T. ) ;
#1938 = EDGE_CURVE ( 'NONE', #1759, #1842, #280, .T. ) ;
#1939 = CARTESIAN_POINT ( 'NONE',  ( 1.667326744026257135, -1.656738425830957651, 1.750480947161675793 ) ) ;
#1940 = CARTESIAN_POINT ( 'NONE',  ( 1.721959422023276250E-13, -2.350480947161672329, 2.499999999999998668 ) ) ;
#1941 = CARTESIAN_POINT ( 'NONE',  ( 3.282664145728524506E-14, 2.350480947161672329, 2.999999999999984457 ) ) ;
#1942 = EDGE_LOOP ( 'NONE', ( #1111, #850, #1668, #2571 ) ) ;
#1943 =( BOUNDED_CURVE ( )  B_SPLINE_CURVE ( 2, ( #104, #1910, #2085, #1086, #1688, #1494, #1294, #1715, #534 ),
 .UNSPECIFIED., .F., .T. ) 
 B_SPLINE_CURVE_WITH_KNOTS ( ( 3, 2, 2, 2, 3 ),
 ( 0.3928571428571428492, 0.4107142857142856984, 0.4285714285714284921, 0.4464285714285713969, 0.4642857142857142461 ),
 .UNSPECIFIED. ) 
 CURVE ( )  GEOMETRIC_REPRESENTATION_ITEM ( )  RATIONAL_B_SPLINE_CURVE ( ( 1.000000000000000000, 0.9238795325112867385, 1.000000000000000000, 0.9238795325112867385, 1.000000000000000000, 0.9238795325112867385, 1.000000000000000000, 0.9238795325112869605, 0.9999999999999997780 ) ) 
 REPRESENTATION_ITEM ( '' )  );
#1944 = ORIENTED_EDGE ( 'NONE', *, *, #425, .F. ) ;
#1945 = CARTESIAN_POINT ( 'NONE',  ( -3.311449235412511557E-14, -2.350480947161674106, -2.375000000000003997 ) ) ;
#1946 = CARTESIAN_POINT ( 'NONE',  ( 4.874999999999598543, -2.958920129597055748, 2.094293635091861283 ) ) ;
#1947 = DATE_AND_TIME ( #1902, #1592 ) ;
#1948 = CARTESIAN_POINT ( 'NONE',  ( 2.350480947161658563, -0.9736010864139572618, -1.312500000000006661 ) ) ;
#1949 = CARTESIAN_POINT ( 'NONE',  ( 4.189777606611761289E-14, 3.000000000000000888, 0.6249999999999910072 ) ) ;
#1950 = CARTESIAN_POINT ( 'NONE',  ( 3.000000000000022649, 1.242640687119229037, 2.312499999999987121 ) ) ;
#1951 = VECTOR ( 'NONE', #2040, 1000.000000000000000 ) ;
#1952 = CARTESIAN_POINT ( 'NONE',  ( 3.308491562883568271, 3.863344197453824513, -2.500000000000002220 ) ) ;
#1953 = AXIS2_PLACEMENT_3D ( 'NONE', #241, #1603, #2010 ) ;
#1954 = FACE_OUTER_BOUND ( 'NONE', #1126, .T. ) ;
#1955 = ADVANCED_FACE ( 'NONE', ( #1573 ), #1156, .T. ) ;
#1956 = CARTESIAN_POINT ( 'NONE',  ( -4.226517010586181833E-14, -3.000000000000000888, -2.875000000000000888 ) ) ;
#1957 = ORIENTED_EDGE ( 'NONE', *, *, #858, .T. ) ;
#1958 = EDGE_LOOP ( 'NONE', ( #2400, #1135, #724, #76 ) ) ;
#1959 = CARTESIAN_POINT ( 'NONE',  ( 1.242640687119328735, 2.999999999999980904, 3.437499999999984901 ) ) ;
#1960 = DIRECTION ( 'NONE',  ( -1.000000000000000000, 0.000000000000000000, 0.000000000000000000 ) ) ;
#1961 = DATE_TIME_ROLE ( 'classification_date' ) ;
#1962 = CARTESIAN_POINT ( 'NONE',  ( 3.282664145728524506E-14, 2.350480947161672329, -1.000000000000007327 ) ) ;
#1963 = CARTESIAN_POINT ( 'NONE',  ( 1.242640687119243026, -3.000000000000019096, 2.187499999999988898 ) ) ;
#1964 = CARTESIAN_POINT ( 'NONE',  ( 2.350480947161674106, -3.858511429627500074E-14, -1.125000000000006661 ) ) ;
#1965 = CARTESIAN_POINT ( 'NONE',  ( 4.874999999991249666, -2.958920129601875448, -2.094293635094537365 ) ) ;
#1966 = DIRECTION ( 'NONE',  ( -0.000000000000000000, -0.000000000000000000, 1.000000000000000000 ) ) ;
#1967 = DIRECTION ( 'NONE',  ( 0.000000000000000000, 0.000000000000000000, 1.000000000000000000 ) ) ;
#1968 = CARTESIAN_POINT ( 'NONE',  ( 2.999999999999983125, -1.242640687119329179, -3.687499999999999112 ) ) ;
#1969 = ORIENTED_EDGE ( 'NONE', *, *, #1691, .F. ) ;
#1970 = EDGE_CURVE ( 'NONE', #633, #582, #877, .T. ) ;
#1971 = LOCAL_TIME ( 22, 8, 29.00000000000000000, #1159 ) ;
#1972 = ORIENTED_EDGE ( 'NONE', *, *, #2000, .F. ) ;
#1973 = CARTESIAN_POINT ( 'NONE',  ( 4.189777606611758764E-14, 2.999999999999999112, 1.499999999999988232 ) ) ;
#1974 = DIRECTION ( 'NONE',  ( 0.000000000000000000, 0.000000000000000000, 1.000000000000000000 ) ) ;
#1975 = CARTESIAN_POINT ( 'NONE',  ( -3.311449235412509033E-14, -2.350480947161672329, -1.500000000000006439 ) ) ;
#1976 = CARTESIAN_POINT ( 'NONE',  ( -1.242640687119243026, 3.000000000000016431, -1.437500000000004663 ) ) ;
#1977 = CARTESIAN_POINT ( 'NONE',  ( -2.639879775748195989, 0.3282260010562090269, 2.055125315318448109 ) ) ;
#1978 = CARTESIAN_POINT ( 'NONE',  ( 4.097519195914385293, 3.407798881125427393, -2.343552472763180017 ) ) ;
#1979 = MANIFOLD_SOLID_BREP ( 'Cut-Extrude3', #2490 ) ;
#1980 = CARTESIAN_POINT ( 'NONE',  ( -2.999999999999979572, 1.242640687119330067, -2.312500000000003553 ) ) ;
#1981 = CARTESIAN_POINT ( 'NONE',  ( 0.08782223266417718555, 5.722798502226770445, 2.082374515002236137 ) ) ;
#1982 = CARTESIAN_POINT ( 'NONE',  ( -1.242640687119328069, -2.999999999999984457, -3.937499999999998224 ) ) ;
#1983 = VERTEX_POINT ( 'NONE', #1769 ) ;
#1984 = ORIENTED_EDGE ( 'NONE', *, *, #653, .F. ) ;
#1985 = CARTESIAN_POINT ( 'NONE',  ( 3.099999999999999201, 0.000000000000000000, 2.500000000000000000 ) ) ;
#1986 = ADVANCED_FACE ( 'NONE', ( #2153 ), #367, .F. ) ;
#1987 = CARTESIAN_POINT ( 'NONE',  ( -4.487193352966658999, 3.182820401655066522, -2.218623693882300962 ) ) ;
#1988 = CARTESIAN_POINT ( 'NONE',  ( -0.4859886291618387144, -2.744359975082667269, -2.163566883707029209 ) ) ;
#1989 = CARTESIAN_POINT ( 'NONE',  ( 0.03641761152663661183, 2.512330416390688104, 1.907215611389245780 ) ) ;
#1990 = CARTESIAN_POINT ( 'NONE',  ( -0.04427490999448285142, -5.734787838014982597, 2.075769044246419170 ) ) ;
#1991 = DIRECTION ( 'NONE',  ( 0.7071067811865487940, 0.000000000000000000, 0.7071067811865463515 ) ) ;
#1992 = CARTESIAN_POINT ( 'NONE',  ( -4.373474626483864642E-14, -3.000000000000000888, -1.875000000000003331 ) ) ;
#1993 = CONICAL_SURFACE ( 'NONE', #1154, 3.099999999999999201, 0.7853981633974500554 ) ;
#1994 = CARTESIAN_POINT ( 'NONE',  ( -4.226517010586181833E-14, -3.000000000000000888, -3.874999999999999112 ) ) ;
#1995 = EDGE_LOOP ( 'NONE', ( #790, #2403, #709, #1705 ) ) ;
#1996 = CONICAL_SURFACE ( 'NONE', #1367, 5.000000000000000888, 1.047197551196600074 ) ;
#1997 =( BOUNDED_CURVE ( )  B_SPLINE_CURVE ( 2, ( #662, #85, #691, #857, #55, #1034, #271, #1825, #1879 ),
 .UNSPECIFIED., .F., .F. ) 
 B_SPLINE_CURVE_WITH_KNOTS ( ( 3, 2, 2, 2, 3 ),
 ( 0.7500000000000000000, 0.7678571428571429047, 0.7857142857142856984, 0.8035714285714286031, 0.8214285714285713969 ),
 .UNSPECIFIED. ) 
 CURVE ( )  GEOMETRIC_REPRESENTATION_ITEM ( )  RATIONAL_B_SPLINE_CURVE ( ( 1.000000000000000000, 0.9238795325112867385, 1.000000000000000000, 0.9238795325112867385, 1.000000000000000000, 0.9238795325112867385, 1.000000000000000000, 0.9238795325112867385, 1.000000000000000000 ) ) 
 REPRESENTATION_ITEM ( '' )  );
#1998 = CIRCLE ( 'NONE', #2245, 5.000000000000000888 ) ;
#1999 = ORIENTED_EDGE ( 'NONE', *, *, #1395, .F. ) ;
#2000 = EDGE_CURVE ( 'NONE', #1842, #2310, #2362, .T. ) ;
#2001 = CARTESIAN_POINT ( 'NONE',  ( 2.999999999999999112, 3.673940397442058882E-16, 10.98528137423856776 ) ) ;
#2002 = CARTESIAN_POINT ( 'NONE',  ( 2.259916299067597834, -1.383779616762887743, -2.043756696875943302 ) ) ;
#2003 = DIRECTION ( 'NONE',  ( 0.000000000000000000, 0.000000000000000000, -1.000000000000000000 ) ) ;
#2004 = DIRECTION ( 'NONE',  ( 0.7071067811865487940, 0.000000000000000000, 0.7071067811865463515 ) ) ;
#2005 = CARTESIAN_POINT ( 'NONE',  ( 2.499999999999990674, -4.330127018922199866, -2.500000000000000000 ) ) ;
#2006 = CARTESIAN_POINT ( 'NONE',  ( -3.099999999999999201, 0.000000000000000000, -2.500000000000000000 ) ) ;
#2007 = LINE ( 'NONE', #470, #2207 ) ;
#2008 = ORIENTED_EDGE ( 'NONE', *, *, #1873, .F. ) ;
#2009 = EDGE_LOOP ( 'NONE', ( #2099, #2476, #1369, #305, #1297, #175, #1523, #1088, #532, #494, #1600, #1719, #2194, #1577, #1153, #817, #487, #188, #1969, #1984, #6, #369, #1280, #2058 ) ) ;
#2010 = DIRECTION ( 'NONE',  ( -0.8660254037844382635, 0.5000000000000006661, 0.000000000000000000 ) ) ;
#2011 = CARTESIAN_POINT ( 'NONE',  ( -1.342662230824568814, -2.460434029454305893, -2.197113671673077917 ) ) ;
#2012 = CARTESIAN_POINT ( 'NONE',  ( -4.944627966067992375, -2.905387286969232097, 2.075725291386875337 ) ) ;
#2013 =( BOUNDED_CURVE ( )  B_SPLINE_CURVE ( 2, ( #455, #2016, #2398, #1782, #1404, #3, #2204, #605, #835 ),
 .UNSPECIFIED., .F., .F. ) 
 B_SPLINE_CURVE_WITH_KNOTS ( ( 3, 2, 2, 2, 3 ),
 ( 0.3928571428571428492, 0.4107142857142856984, 0.4285714285714284921, 0.4464285714285713969, 0.4642857142857142461 ),
 .UNSPECIFIED. ) 
 CURVE ( )  GEOMETRIC_REPRESENTATION_ITEM ( )  RATIONAL_B_SPLINE_CURVE ( ( 1.000000000000000000, 0.9238795325112867385, 1.000000000000000000, 0.9238795325112867385, 1.000000000000000000, 0.9238795325112867385, 1.000000000000000000, 0.9238795325112869605, 0.9999999999999997780 ) ) 
 REPRESENTATION_ITEM ( '' )  );
#2014 = CARTESIAN_POINT ( 'NONE',  ( -4.944334498038243986, -2.905737115812388360, -2.075769044246359218 ) ) ;
#2015 = CARTESIAN_POINT ( 'NONE',  ( 4.874999999999598543, -2.958920129597055748, 2.094293635091861283 ) ) ;
#2016 = CARTESIAN_POINT ( 'NONE',  ( 2.350480947161686096, 0.9736010864138894272, -1.187500000000007105 ) ) ;
#2017 = EDGE_CURVE ( 'NONE', #506, #39, #1045, .T. ) ;
#2018 = ORIENTED_EDGE ( 'NONE', *, *, #1778, .T. ) ;
#2019 = B_SPLINE_CURVE_WITH_KNOTS ( 'NONE', 3,
 ( #1093, #310, #1893, #1698, #1503, #1647 ),
 .UNSPECIFIED., .F., .F.,
 ( 4, 2, 4 ),
 ( 0.002921158011986703818, 0.004301918286211103490, 0.005682678560435503595 ),
 .UNSPECIFIED. ) ;
#2020 = CARTESIAN_POINT ( 'NONE',  ( -2.350480947161687428, -0.9736010864138907595, -1.562500000000005773 ) ) ;
#2021 = ORIENTED_EDGE ( 'NONE', *, *, #1970, .T. ) ;
#2022 = DIRECTION ( 'NONE',  ( 0.000000000000000000, 0.000000000000000000, -1.000000000000000000 ) ) ;
#2023 = CARTESIAN_POINT ( 'NONE',  ( -2.741060378300612665, -0.8815026217461018332, -2.273745983214516819 ) ) ;
#2024 = CARTESIAN_POINT ( 'NONE',  ( -2.350480947161672329, 2.878508968398380730E-16, -2.500000000000000000 ) ) ;
#2025 = CARTESIAN_POINT ( 'NONE',  ( -4.912177767335881740, -2.937455535617570668, -2.082374514999302484 ) ) ;
#2026 = FACE_OUTER_BOUND ( 'NONE', #1043, .T. ) ;
#2027 = CARTESIAN_POINT ( 'NONE',  ( -1.691508437116557406, 4.796909840390489954, 2.500000000000002220 ) ) ;
#2028 = CARTESIAN_POINT ( 'NONE',  ( -3.000000000000000888, 3.969155488574261408E-14, -0.1250000000000070499 ) ) ;
#2029 = VERTEX_POINT ( 'NONE', #2237 ) ;
#2030 = EDGE_CURVE ( 'NONE', #2029, #1098, #2552, .T. ) ;
#2031 = CARTESIAN_POINT ( 'NONE',  ( 2.350480947161686984, 0.9736010864138914256, -1.062500000000007105 ) ) ;
#2032 = CARTESIAN_POINT ( 'NONE',  ( -5.000000000000000888, 1.201851678989730854E-14, 2.500000000000000000 ) ) ;
#2033 = ORIENTED_EDGE ( 'NONE', *, *, #916, .T. ) ;
#2034 = AXIS2_PLACEMENT_3D ( 'NONE', #908, #1700, #719 ) ;
#2035 = VECTOR ( 'NONE', #1911, 1000.000000000000000 ) ;
#2036 = LINE ( 'NONE', #2001, #247 ) ;
#2037 = CARTESIAN_POINT ( 'NONE',  ( 8.998878031629686802E-15, 5.484827557301445999, 2.500000000000000000 ) ) ;
#2038 = DATE_TIME_ROLE ( 'creation_date' ) ;
#2039 = CARTESIAN_POINT ( 'NONE',  ( 1.662041016787775494, -1.662041016787822123, -0.2500000000000084377 ) ) ;
#2040 = DIRECTION ( 'NONE',  ( 0.000000000000000000, 0.000000000000000000, -1.000000000000000000 ) ) ;
#2041 = CARTESIAN_POINT ( 'NONE',  ( -1.242640687119330734, -2.999999999999982236, -1.937500000000003109 ) ) ;
#2042 = CARTESIAN_POINT ( 'NONE',  ( -2.399704973854759782, 1.764141560565948952, -2.369357759267030961 ) ) ;
#2043 = VERTEX_POINT ( 'NONE', #1228 ) ;
#2044 = CARTESIAN_POINT ( 'NONE',  ( 0.9736010864138904264, -2.350480947161687872, -0.3125000000000086042 ) ) ;
#2045 = CARTESIAN_POINT ( 'NONE',  ( 0.000000000000000000, 0.000000000000000000, 10.98528137423856776 ) ) ;
#2046 = ORIENTED_EDGE ( 'NONE', *, *, #2465, .T. ) ;
#2047 = EDGE_CURVE ( 'NONE', #200, #1079, #592, .T. ) ;
#2048 = ORIENTED_EDGE ( 'NONE', *, *, #558, .F. ) ;
#2049 = EDGE_CURVE ( 'NONE', #1842, #1149, #1025, .T. ) ;
#2050 = CARTESIAN_POINT ( 'NONE',  ( -2.999999999999981792, 1.242640687119326959, 0.6874999999999903411 ) ) ;
#2051 = DIRECTION ( 'NONE',  ( 1.000000000000000000, 0.000000000000000000, 0.000000000000000000 ) ) ;
#2052 = CONICAL_SURFACE ( 'NONE', #1214, 5.000000000000000888, 1.047197551196600074 ) ;
#2053 = CARTESIAN_POINT ( 'NONE',  ( 2.202964229762462534, 1.260402952339564786, -1.935174965197955954 ) ) ;
#2054 = ORIENTED_EDGE ( 'NONE', *, *, #1667, .F. ) ;
#2055 = CARTESIAN_POINT ( 'NONE',  ( -2.904903810567666333, -3.182276523477951206E-14, -2.304903810567665357 ) ) ;
#2056 = DIRECTION ( 'NONE',  ( -1.000000000000000000, 0.000000000000000000, 0.000000000000000000 ) ) ;
#2057 = DIRECTION ( 'NONE',  ( -0.000000000000000000, -0.000000000000000000, 1.000000000000000000 ) ) ;
#2058 = ORIENTED_EDGE ( 'NONE', *, *, #2323, .F. ) ;
#2059 = CARTESIAN_POINT ( 'NONE',  ( 1.662041016787822345, 1.662041016787775050, -2.000000000000004885 ) ) ;
#2060 = DIRECTION ( 'NONE',  ( -0.000000000000000000, -0.000000000000000000, -1.000000000000000000 ) ) ;
#2061 = ORIENTED_EDGE ( 'NONE', *, *, #1726, .T. ) ;
#2062 = CARTESIAN_POINT ( 'NONE',  ( -4.226517010586179309E-14, -2.999999999999999112, -2.000000000000003553 ) ) ;
#2063 = CARTESIAN_POINT ( 'NONE',  ( 4.999999999999984013, -2.294323821397100005, -2.218704048301244569 ) ) ;
#2064 = EDGE_CURVE ( 'NONE', #2365, #2073, #608, .T. ) ;
#2065 = COORDINATED_UNIVERSAL_TIME_OFFSET ( 6, 0, .BEHIND. ) ;
#2066 = CARTESIAN_POINT ( 'NONE',  ( -0.9736010864139648113, -2.350480947161657230, 1.562499999999987566 ) ) ;
#2067 = CARTESIAN_POINT ( 'NONE',  ( -2.902683166117942193, 4.097637784565875130, -2.500000000000003109 ) ) ;
#2068 = DIRECTION ( 'NONE',  ( 0.000000000000000000, 0.000000000000000000, -1.000000000000000000 ) ) ;
#2069 = DIRECTION ( 'NONE',  ( 1.000000000000000000, 0.000000000000000000, 0.000000000000000000 ) ) ;
#2070 = ORIENTED_EDGE ( 'NONE', *, *, #1261, .F. ) ;
#2071 = CARTESIAN_POINT ( 'NONE',  ( 0.9736010864139580390, 2.350480947161660339, -1.937500000000004885 ) ) ;
#2072 = CARTESIAN_POINT ( 'NONE',  ( 2.999999999999999112, 3.673940397442058882E-16, 10.98528137423856776 ) ) ;
#2073 = VERTEX_POINT ( 'NONE', #1218 ) ;
#2074 = AXIS2_PLACEMENT_3D ( 'NONE', #1740, #965, #803 ) ;
#2075 = AXIS2_PLACEMENT_3D ( 'NONE', #426, #829, #2418 ) ;
#2076 = CARTESIAN_POINT ( 'NONE',  ( -2.121320343559671695, -2.121320343559612631, -0.1250000000000079103 ) ) ;
#2077 = CARTESIAN_POINT ( 'NONE',  ( -0.9038161757946795438, -5.251684179503246064, -2.320626431802350620 ) ) ;
#2078 = CARTESIAN_POINT ( 'NONE',  ( -2.350480947161672329, 3.109808117405326006E-14, 0.2499999999999898137 ) ) ;
#2079 = AXIS2_PLACEMENT_3D ( 'NONE', #496, #2060, #279 ) ;
#2080 = CARTESIAN_POINT ( 'NONE',  ( 4.875000000000387246, 2.958920129596606330, -2.094293635091605932 ) ) ;
#2081 = EDGE_CURVE ( 'NONE', #267, #1913, #570, .T. ) ;
#2082 = CARTESIAN_POINT ( 'NONE',  ( -2.619959676638863311, -0.7221183828205441912, 2.093962934708699652 ) ) ;
#2083 = CARTESIAN_POINT ( 'NONE',  ( 1.922369477505249558, -1.447110647207129785, 1.800702184603381051 ) ) ;
#2084 = VERTEX_POINT ( 'NONE', #262 ) ;
#2085 = CARTESIAN_POINT ( 'NONE',  ( 2.121320343559676136, 2.121320343559610855, -1.500000000000003997 ) ) ;
#2086 = CYLINDRICAL_SURFACE ( 'NONE', #833, 2.999999999999999112 ) ;
#2087 = ORIENTED_EDGE ( 'NONE', *, *, #675, .T. ) ;
#2088 = CARTESIAN_POINT ( 'NONE',  ( 1.242640687119328735, 2.999999999999980904, 0.4374999999999908962 ) ) ;
#2089 = CARTESIAN_POINT ( 'NONE',  ( 0.1250000000003930190, 5.701333908247334215, 2.094293635091851957 ) ) ;
#2090 = CARTESIAN_POINT ( 'NONE',  ( 0.9736010864138895382, -2.350480947161686096, -3.437500000000001776 ) ) ;
#2091 =( BOUNDED_CURVE ( )  B_SPLINE_CURVE ( 2, ( #395, #1781, #2540, #1980, #760 ),
 .UNSPECIFIED., .F., .F. ) 
 B_SPLINE_CURVE_WITH_KNOTS ( ( 3, 2, 3 ),
 ( 0.1570087355387989603, 0.1607142857142857262, 0.1785714285714285476 ),
 .UNSPECIFIED. ) 
 CURVE ( )  GEOMETRIC_REPRESENTATION_ITEM ( )  RATIONAL_B_SPLINE_CURVE ( ( 0.9749639670331433638, 0.9842041801469876283, 1.000000000000000000, 0.9238795325112868495, 0.9999999999999998890 ) ) 
 REPRESENTATION_ITEM ( '' )  );
#2092 = CARTESIAN_POINT ( 'NONE',  ( 2.070072797822188578E-13, -2.825656986040720131, 2.225656986040722707 ) ) ;
#2093 = CARTESIAN_POINT ( 'NONE',  ( 2.141917859141972080, -1.203340547167993879, 1.851444050682230280 ) ) ;
#2094 = VERTEX_POINT ( 'NONE', #1598 ) ;
#2095 = CARTESIAN_POINT ( 'NONE',  ( 0.1249999999999782119, -5.701333908247543825, 2.094293635091736050 ) ) ;
#2096 = DIRECTION ( 'NONE',  ( 1.000000000000000000, 0.000000000000000000, 0.000000000000000000 ) ) ;
#2097 = EDGE_CURVE ( 'NONE', #237, #1543, #234, .T. ) ;
#2098 = AXIS2_PLACEMENT_3D ( 'NONE', #2423, #1806, #46 ) ;
#2099 = ORIENTED_EDGE ( 'NONE', *, *, #204, .F. ) ;
#2100 = CARTESIAN_POINT ( 'NONE',  ( -3.000000000000016431, -1.242640687119242804, -2.187500000000003109 ) ) ;
#2101 = CARTESIAN_POINT ( 'NONE',  ( 4.999999999999996447, 2.298266298006408803, 2.217609435185956102 ) ) ;
#2102 = CARTESIAN_POINT ( 'NONE',  ( 1.664688103051204626, -1.659393930524392768, 1.750240315653052381 ) ) ;
#2103 = CARTESIAN_POINT ( 'NONE',  ( 3.000000000000018652, 1.242640687119244580, 0.4374999999999917288 ) ) ;
#2104 = PLANE ( 'NONE',  #2181 ) ;
#2105 = DIRECTION ( 'NONE',  ( 0.000000000000000000, 0.000000000000000000, -1.000000000000000000 ) ) ;
#2106 = CARTESIAN_POINT ( 'NONE',  ( 2.999999999999999112, -5.071708996188829707E-14, 1.249999999999988898 ) ) ;
#2107 = APPROVAL ( #346, 'UNSPECIFIED' ) ;
#2108 = CARTESIAN_POINT ( 'NONE',  ( -2.499999999999991118, 4.330127018922199866, 2.500000000000000000 ) ) ;
#2109 = DIRECTION ( 'NONE',  ( -1.000000000000000000, 0.000000000000000000, 0.000000000000000000 ) ) ;
#2110 = ORIENTED_EDGE ( 'NONE', *, *, #1117, .T. ) ;
#2111 = EDGE_CURVE ( 'NONE', #249, #1396, #2013, .T. ) ;
#2112 =( BOUNDED_CURVE ( )  B_SPLINE_CURVE ( 2, ( #920, #1713, #2512, #730, #1516, #1920, #874, #683, #1468 ),
 .UNSPECIFIED., .F., .F. ) 
 B_SPLINE_CURVE_WITH_KNOTS ( ( 3, 2, 2, 2, 3 ),
 ( 0.4642857142857142461, 0.4821428571428570953, 0.5000000000000000000, 0.5178571428571429047, 0.5357142857142856984 ),
 .UNSPECIFIED. ) 
 CURVE ( )  GEOMETRIC_REPRESENTATION_ITEM ( )  RATIONAL_B_SPLINE_CURVE ( ( 1.000000000000000222, 0.9238795325112865164, 1.000000000000000000, 0.9238795325112867385, 1.000000000000000000, 0.9238795325112867385, 1.000000000000000000, 0.9238795325112867385, 1.000000000000000000 ) ) 
 REPRESENTATION_ITEM ( '' )  );
#2113 = VERTEX_POINT ( 'NONE', #1608 ) ;
#2114 = CARTESIAN_POINT ( 'NONE',  ( 0.9736010864139580390, 2.350480947161660339, -2.937500000000002665 ) ) ;
#2115 = DIRECTION ( 'NONE',  ( 0.000000000000000000, 0.000000000000000000, -1.000000000000000000 ) ) ;
#2116 = DATE_AND_TIME ( #917, #1922 ) ;
#2117 = B_SPLINE_CURVE_WITH_KNOTS ( 'NONE', 3,
 ( #2108, #2320, #303, #936, #519, #1308 ),
 .UNSPECIFIED., .F., .F.,
 ( 4, 2, 4 ),
 ( 0.002921158011986711191, 0.004301918286216067401, 0.005682678560445423611 ),
 .UNSPECIFIED. ) ;
#2118 = CARTESIAN_POINT ( 'NONE',  ( -2.350480947161672329, 3.297056690570516769E-14, 0.2499999999999898137 ) ) ;
#2119 = AXIS2_PLACEMENT_3D ( 'NONE', #449, #414, #1411 ) ;
#2120 = CARTESIAN_POINT ( 'NONE',  ( 1.242640687119243026, -3.000000000000019096, -0.8125000000000055511 ) ) ;
#2121 = CARTESIAN_POINT ( 'NONE',  ( 2.999999999999999112, -4.924751380291146898E-14, -0.7500000000000063283 ) ) ;
#2122 = AXIS2_PLACEMENT_3D ( 'NONE', #1363, #1728, #1924 ) ;
#2123 = CARTESIAN_POINT ( 'NONE',  ( -1.662041016787823233, -1.662041016787771941, -1.625000000000006217 ) ) ;
#2124 = FACE_OUTER_BOUND ( 'NONE', #2009, .T. ) ;
#2125 = CARTESIAN_POINT ( 'NONE',  ( -2.350480947161672329, 2.878508968398380730E-16, -2.500000000000000000 ) ) ;
#2126 = CARTESIAN_POINT ( 'NONE',  ( -0.08780861830361384734, 5.722806362481487774, 2.082370150261857678 ) ) ;
#2127 = ORIENTED_EDGE ( 'NONE', *, *, #828, .F. ) ;
#2128 = EDGE_CURVE ( 'NONE', #968, #317, #2410, .T. ) ;
#2129 = VERTEX_POINT ( 'NONE', #2192 ) ;
#2130 = CARTESIAN_POINT ( 'NONE',  ( 0.9736010864138904264, -2.350480947161687872, -3.312500000000001776 ) ) ;
#2131 = CARTESIAN_POINT ( 'NONE',  ( 1.694885762717730060, 4.794959940545516552, 2.461540575954404453 ) ) ;
#2132 = EDGE_CURVE ( 'NONE', #433, #1912, #421, .T. ) ;
#2133 = CARTESIAN_POINT ( 'NONE',  ( 0.9736010864139573728, 2.350480947161658563, -2.062500000000005329 ) ) ;
#2134 = CARTESIAN_POINT ( 'NONE',  ( -4.226517010586181833E-14, -3.000000000000000888, 2.124999999999988010 ) ) ;
#2135 = CARTESIAN_POINT ( 'NONE',  ( 2.499999999999990674, -4.330127018922199866, 2.500000000000000000 ) ) ;
#2136 = LINE ( 'NONE', #977, #1614 ) ;
#2137 = ORIENTED_EDGE ( 'NONE', *, *, #969, .T. ) ;
#2138 = AXIS2_PLACEMENT_3D ( 'NONE', #987, #845, #1629 ) ;
#2139 = DIRECTION ( 'NONE',  ( 1.000000000000000000, 0.000000000000000000, 0.000000000000000000 ) ) ;
#2140 = CARTESIAN_POINT ( 'NONE',  ( -1.242640687119328957, -2.999999999999980904, -2.062500000000003553 ) ) ;
#2141 = CARTESIAN_POINT ( 'NONE',  ( 3.000000000000018652, 1.242640687119244580, -1.562500000000003997 ) ) ;
#2142 = EDGE_LOOP ( 'NONE', ( #1408, #1322, #95, #2267, #357, #17, #2380, #144 ) ) ;
#2143 = ORIENTED_EDGE ( 'NONE', *, *, #1473, .T. ) ;
#2144 = CARTESIAN_POINT ( 'NONE',  ( 2.999999999999999112, -4.244886712573389581E-14, 3.249999999999984457 ) ) ;
#2145 = CARTESIAN_POINT ( 'NONE',  ( 4.944334498037778580, -2.905737115812986548, 2.075769044246416506 ) ) ;
#2146 = CARTESIAN_POINT ( 'NONE',  ( 1.662041016787774161, -1.662041016787821013, 0.6249999999999892308 ) ) ;
#2147 = ADVANCED_FACE ( 'NONE', ( #1829 ), #1928, .T. ) ;
#2148 = CARTESIAN_POINT ( 'NONE',  ( 2.999999999999983125, -1.242640687119329179, -0.6875000000000059952 ) ) ;
#2149 = CARTESIAN_POINT ( 'NONE',  ( -2.350480947161690093, -0.9736010864138879839, -1.562500000000005995 ) ) ;
#2150 = CARTESIAN_POINT ( 'NONE',  ( 0.4809813935148274933, 2.961191803831908942, -2.399999999994368860 ) ) ;
#2151 = ORIENTED_EDGE ( 'NONE', *, *, #2355, .F. ) ;
#2152 = CARTESIAN_POINT ( 'NONE',  ( 1.242640687119235476, -3.000000000000019984, 1.062499999999989564 ) ) ;
#2153 = FACE_OUTER_BOUND ( 'NONE', #778, .T. ) ;
#2154 = CARTESIAN_POINT ( 'NONE',  ( -1.662041016787820791, -1.662041016787774161, 2.374999999999985789 ) ) ;
#2155 = ORIENTED_EDGE ( 'NONE', *, *, #521, .F. ) ;
#2156 = ORIENTED_EDGE ( 'NONE', *, *, #1113, .F. ) ;
#2157 = CARTESIAN_POINT ( 'NONE',  ( 1.242640687119328735, 2.999999999999980904, 2.437499999999986677 ) ) ;
#2158 = CARTESIAN_POINT ( 'NONE',  ( 4.096183824205305690, -3.408569858341122139, -2.320626431802350176 ) ) ;
#2159 = CARTESIAN_POINT ( 'NONE',  ( -2.350480947161685208, -0.9736010864138902043, 0.3124999999999898415 ) ) ;
#2160 = CARTESIAN_POINT ( 'NONE',  ( -3.000000000000000888, 4.208147308598971561E-14, 1.874999999999988676 ) ) ;
#2161 = CARTESIAN_POINT ( 'NONE',  ( 1.691508437116551633, -4.796909840390474855, 2.500000000000011546 ) ) ;
#2162 = AXIS2_PLACEMENT_3D ( 'NONE', #1070, #2497, #111 ) ;
#2163 = CARTESIAN_POINT ( 'NONE',  ( -2.384892698150337775, 0.3957279701548204187, -1.809875015972675527 ) ) ;
#2164 = EDGE_CURVE ( 'NONE', #1570, #2043, #1459, .T. ) ;
#2165 = CARTESIAN_POINT ( 'NONE',  ( -2.121320343559671695, -2.121320343559612631, -3.125000000000001332 ) ) ;
#2166 = CARTESIAN_POINT ( 'NONE',  ( 2.999999999999999112, 3.673940397442058882E-16, 2.400000000000000799 ) ) ;
#2167 = CARTESIAN_POINT ( 'NONE',  ( 3.000000000000018652, 1.242640687119244580, -3.562500000000000000 ) ) ;
#2168 = ORIENTED_EDGE ( 'NONE', *, *, #2081, .T. ) ;
#2169 = ORIENTED_EDGE ( 'NONE', *, *, #413, .F. ) ;
#2170 = CARTESIAN_POINT ( 'NONE',  ( 2.350480947161674106, -3.325841780254503190E-14, -3.125000000000002220 ) ) ;
#2171 = CARTESIAN_POINT ( 'NONE',  ( 2.121320343559677024, 2.121320343559609078, 0.4999999999999917843 ) ) ;
#2172 = CARTESIAN_POINT ( 'NONE',  ( 3.282664145728524506E-14, 2.350480947161672329, -9.540979117872439019E-15 ) ) ;
#2173 = CARTESIAN_POINT ( 'NONE',  ( 2.121320343559673915, 2.121320343559609523, -1.625000000000004441 ) ) ;
#2174 = CARTESIAN_POINT ( 'NONE',  ( 1.870033280350231530, 1.545223792537370189, 1.820277427206968612 ) ) ;
#2175 = CARTESIAN_POINT ( 'NONE',  ( -4.999999999999999112, 1.848661140046615081, 2.319546572517207750 ) ) ;
#2176 = CARTESIAN_POINT ( 'NONE',  ( -1.659393930524446947, 1.664688103051150447, -1.750240315653061929 ) ) ;
#2177 = CARTESIAN_POINT ( 'NONE',  ( -3.000000000000019096, -1.242640687119242138, -0.06250000000000699441 ) ) ;
#2178 = CARTESIAN_POINT ( 'NONE',  ( 2.999999999999983125, -1.242640687119329179, -2.687500000000001332 ) ) ;
#2179 = ORIENTED_EDGE ( 'NONE', *, *, #2514, .T. ) ;
#2180 = ADVANCED_FACE ( 'NONE', ( #1061 ), #469, .F. ) ;
#2181 = AXIS2_PLACEMENT_3D ( 'NONE', #2449, #1050, #1453 ) ;
#2182 = EDGE_LOOP ( 'NONE', ( #540, #1256, #2206, #1850, #970, #2218 ) ) ;
#2183 = CARTESIAN_POINT ( 'NONE',  ( -2.999999999999986233, 1.242640687119321852, 0.8124999999999912292 ) ) ;
#2184 = DESIGN_CONTEXT ( 'detailed design', #1659, 'design' ) ;
#2185 = CARTESIAN_POINT ( 'NONE',  ( 1.662041016787774161, -1.662041016787821013, 1.624999999999986677 ) ) ;
#2186 =( BOUNDED_CURVE ( )  B_SPLINE_CURVE ( 2, ( #505, #694, #1318, #1479, #2278, #1268, #897 ),
 .UNSPECIFIED., .F., .T. ) 
 B_SPLINE_CURVE_WITH_KNOTS ( ( 3, 2, 2, 3 ),
 ( 0.2820087355387209116, 0.2857142857142856984, 0.3035714285714284921, 0.3214285714285713969 ),
 .UNSPECIFIED. ) 
 CURVE ( )  GEOMETRIC_REPRESENTATION_ITEM ( )  RATIONAL_B_SPLINE_CURVE ( ( 0.9749639670327543417, 0.9842041801466550055, 1.000000000000000000, 0.9238795325112867385, 1.000000000000000000, 0.9238795325112869605, 0.9999999999999997780 ) ) 
 REPRESENTATION_ITEM ( '' )  );
#2187 = DIRECTION ( 'NONE',  ( 1.000000000000000000, 0.000000000000000000, 0.000000000000000000 ) ) ;
#2188 = CARTESIAN_POINT ( 'NONE',  ( 0.05597670592045336097, -2.749759494022560258, -2.144396471289431005 ) ) ;
#2189 = CARTESIAN_POINT ( 'NONE',  ( 1.136675468398051114, 2.206524823776938149, 1.860463806423289457 ) ) ;
#2190 = CARTESIAN_POINT ( 'NONE',  ( 4.999999999999984013, -2.785342966610941939, -2.082374514998921899 ) ) ;
#2191 = DIRECTION ( 'NONE',  ( 0.000000000000000000, 0.000000000000000000, -1.000000000000000000 ) ) ;
#2192 = CARTESIAN_POINT ( 'NONE',  ( 2.350480947161674106, -3.916081608995467866E-14, -0.1250000000000087708 ) ) ;
#2193 = CARTESIAN_POINT ( 'NONE',  ( 4.189777606611761289E-14, 3.000000000000000888, -2.375000000000002220 ) ) ;
#2194 = ORIENTED_EDGE ( 'NONE', *, *, #26, .T. ) ;
#2195 = ORIENTED_EDGE ( 'NONE', *, *, #1071, .T. ) ;
#2196 = ADVANCED_FACE ( 'NONE', ( #1674 ), #2499, .T. ) ;
#2197 = DIRECTION ( 'NONE',  ( 0.000000000000000000, 0.000000000000000000, 1.000000000000000000 ) ) ;
#2198 = CARTESIAN_POINT ( 'NONE',  ( 2.999999999999999112, -5.145187804137670165E-14, 2.249999999999987121 ) ) ;
#2199 = DIRECTION ( 'NONE',  ( 0.000000000000000000, 0.000000000000000000, -1.000000000000000000 ) ) ;
#2200 =( BOUNDED_CURVE ( )  B_SPLINE_CURVE ( 2, ( #1342, #320, #2299, #2506, #1525, #1299, #958, #1327, #2354 ),
 .UNSPECIFIED., .F., .F. ) 
 B_SPLINE_CURVE_WITH_KNOTS ( ( 3, 2, 2, 2, 3 ),
 ( 0.3214285714285713969, 0.3392857142857142461, 0.3571428571428570953, 0.3750000000000000000, 0.3928571428571428492 ),
 .UNSPECIFIED. ) 
 CURVE ( )  GEOMETRIC_REPRESENTATION_ITEM ( )  RATIONAL_B_SPLINE_CURVE ( ( 1.000000000000000222, 0.9238795325112865164, 1.000000000000000000, 0.9238795325112867385, 1.000000000000000000, 0.9238795325112867385, 1.000000000000000000, 0.9238795325112867385, 1.000000000000000000 ) ) 
 REPRESENTATION_ITEM ( '' )  );
#2201 = CARTESIAN_POINT ( 'NONE',  ( 3.099999999999999201, 0.000000000000000000, 2.500000000000000000 ) ) ;
#2202 = ORIENTED_EDGE ( 'NONE', *, *, #1248, .T. ) ;
#2203 = DIRECTION ( 'NONE',  ( 2.403703357979461155E-15, 1.000000000000000000, 0.000000000000000000 ) ) ;
#2204 = CARTESIAN_POINT ( 'NONE',  ( -1.662041016787774383, 1.662041016787820569, -0.8750000000000077716 ) ) ;
#2205 = CARTESIAN_POINT ( 'NONE',  ( 2.350480947161674106, -3.973651788363435027E-14, 0.8749999999999886757 ) ) ;
#2206 = ORIENTED_EDGE ( 'NONE', *, *, #1203, .F. ) ;
#2207 = VECTOR ( 'NONE', #61, 1000.000000000000000 ) ;
#2208 = VECTOR ( 'NONE', #1930, 1000.000000000000000 ) ;
#2209 = VERTEX_POINT ( 'NONE', #666 ) ;
#2210 = DIRECTION ( 'NONE',  ( 0.000000000000000000, 0.000000000000000000, 1.000000000000000000 ) ) ;
#2211 = CARTESIAN_POINT ( 'NONE',  ( 1.694224735666280290, -2.080450901673674302, -2.077055709588257582 ) ) ;
#2212 = ADVANCED_FACE ( 'NONE', ( #682 ), #2052, .T. ) ;
#2213 = CARTESIAN_POINT ( 'NONE',  ( -2.661305040475681061, 0.1633403205245367862, 2.061305040475600592 ) ) ;
#2214 = CARTESIAN_POINT ( 'NONE',  ( -2.350480947161672329, 3.167378296773293167E-14, 1.249999999999988010 ) ) ;
#2215 = LINE ( 'NONE', #1844, #1951 ) ;
#2216 = CARTESIAN_POINT ( 'NONE',  ( -5.000000000000007994, -0.9239451284780668683, 2.462168926621249199 ) ) ;
#2217 = CARTESIAN_POINT ( 'NONE',  ( 2.423009465094047687, 1.534743360316152438, 2.259595419358670032 ) ) ;
#2218 = ORIENTED_EDGE ( 'NONE', *, *, #349, .T. ) ;
#2219 = CARTESIAN_POINT ( 'NONE',  ( -1.662041016787822123, -1.662041016787775494, 1.499999999999987566 ) ) ;
#2220 = EDGE_LOOP ( 'NONE', ( #1469, #240, #1063, #2283 ) ) ;
#2221 = CARTESIAN_POINT ( 'NONE',  ( 0.000000000000000000, 0.000000000000000000, 10.98528137423856776 ) ) ;
#2222 = CARTESIAN_POINT ( 'NONE',  ( -1.797775015353271222, -2.175489945809268022, -2.216502179199653089 ) ) ;
#2223 = CARTESIAN_POINT ( 'NONE',  ( -2.667163336986822397, -1.335381366844111548E-14, 2.067163336986825861 ) ) ;
#2224 = CARTESIAN_POINT ( 'NONE',  ( 0.4294256763518236597, 2.411837448850719490, -1.846787620214884962 ) ) ;
#2225 = EDGE_CURVE ( 'NONE', #2364, #102, #1210, .T. ) ;
#2226 = EDGE_LOOP ( 'NONE', ( #1492, #536, #327, #1972 ) ) ;
#2227 = CARTESIAN_POINT ( 'NONE',  ( 0.000000000000000000, 0.000000000000000000, -2.500000000000000000 ) ) ;
#2228 = CARTESIAN_POINT ( 'NONE',  ( -4.874999999991264765, 2.958920129601885662, -2.094293635094527151 ) ) ;
#2229 = CARTESIAN_POINT ( 'NONE',  ( -2.999999999999999112, 4.042634296523099973E-14, 1.749999999999988454 ) ) ;
#2230 = ORIENTED_EDGE ( 'NONE', *, *, #235, .F. ) ;
#2231 = CARTESIAN_POINT ( 'NONE',  ( 0.9736010864138904264, -2.350480947161687872, -1.312500000000006217 ) ) ;
#2232 = CARTESIAN_POINT ( 'NONE',  ( 2.902683166117928426, -4.097637784565861807, -2.500000000000011546 ) ) ;
#2233 = ORIENTED_EDGE ( 'NONE', *, *, #1775, .T. ) ;
#2234 = CARTESIAN_POINT ( 'NONE',  ( 3.000000000000023981, 1.242640687119229925, 1.437499999999990008 ) ) ;
#2235 = CARTESIAN_POINT ( 'NONE',  ( 4.999999999999988454, -0.4637686117237954653, -2.500000000000006217 ) ) ;
#2236 = CARTESIAN_POINT ( 'NONE',  ( -2.350480947161661227, 0.9736010864139514887, 1.187499999999988010 ) ) ;
#2237 = CARTESIAN_POINT ( 'NONE',  ( -4.999999999999997335, 2.742413778650732326, -2.094293635091728056 ) ) ;
#2238 = EDGE_CURVE ( 'NONE', #2113, #1730, #1871, .T. ) ;
#2239 = CARTESIAN_POINT ( 'NONE',  ( 3.000000000000000888, -4.998230188239991773E-14, -0.6250000000000057732 ) ) ;
#2240 = VERTEX_POINT ( 'NONE', #2303 ) ;
#2241 = CARTESIAN_POINT ( 'NONE',  ( -1.662041016787822123, -1.662041016787775494, 0.4999999999999900080 ) ) ;
#2242 = CARTESIAN_POINT ( 'NONE',  ( 4.874999999991249666, -2.958920129601875448, -2.094293635094537365 ) ) ;
#2243 = ADVANCED_FACE ( 'NONE', ( #100 ), #2484, .F. ) ;
#2244 = EDGE_LOOP ( 'NONE', ( #91, #2110, #1017, #826, #732, #2504 ) ) ;
#2245 = AXIS2_PLACEMENT_3D ( 'NONE', #674, #2255, #2281 ) ;
#2246 = CARTESIAN_POINT ( 'NONE',  ( 1.242640687119328735, 2.999999999999980904, -2.562500000000001776 ) ) ;
#2247 = DIRECTION ( 'NONE',  ( 1.000000000000000000, 0.000000000000000000, 0.000000000000000000 ) ) ;
#2248 = CARTESIAN_POINT ( 'NONE',  ( 0.000000000000000000, 0.000000000000000000, 0.000000000000000000 ) ) ;
#2249 = CARTESIAN_POINT ( 'NONE',  ( 0.5507018555184333142, 2.392312420742789048, -1.851881490757589788 ) ) ;
#2250 = CARTESIAN_POINT ( 'NONE',  ( -4.999999999999997335, 2.742413778650734546, 2.500000000000000000 ) ) ;
#2251 = CARTESIAN_POINT ( 'NONE',  ( 0.000000000000000000, 0.000000000000000000, -2.500000000000000000 ) ) ;
#2252 = CARTESIAN_POINT ( 'NONE',  ( -2.999999999999981792, 1.242640687119331844, -0.1875000000000071054 ) ) ;
#2253 = ORIENTED_EDGE ( 'NONE', *, *, #2111, .T. ) ;
#2254 = CARTESIAN_POINT ( 'NONE',  ( 1.662041016787775494, -1.662041016787822345, 0.7499999999999893419 ) ) ;
#2255 = DIRECTION ( 'NONE',  ( -0.000000000000000000, -0.000000000000000000, 1.000000000000000000 ) ) ;
#2256 = ORIENTED_EDGE ( 'NONE', *, *, #716, .F. ) ;
#2257 = EDGE_CURVE ( 'NONE', #2094, #698, #703, .T. ) ;
#2258 = CC_DESIGN_SECURITY_CLASSIFICATION ( #2302, ( #510 ) ) ;
#2259 = CARTESIAN_POINT ( 'NONE',  ( -4.226517010586179309E-14, -2.999999999999999112, -1.000000000000005995 ) ) ;
#2260 = DIRECTION ( 'NONE',  ( 0.000000000000000000, 0.000000000000000000, -1.000000000000000000 ) ) ;
#2261 = DIRECTION ( 'NONE',  ( 1.000000000000000000, 0.000000000000000000, 0.000000000000000000 ) ) ;
#2262 =( BOUNDED_CURVE ( )  B_SPLINE_CURVE ( 2, ( #1641, #2234, #1019, #611, #206, #1201, #1837, #7, #18 ),
 .UNSPECIFIED., .F., .F. ) 
 B_SPLINE_CURVE_WITH_KNOTS ( ( 3, 2, 2, 2, 3 ),
 ( 0.8214285714285713969, 0.8392857142857143016, 0.8571428571428569843, 0.8749999999999998890, 0.8928571428571427937 ),
 .UNSPECIFIED. ) 
 CURVE ( )  GEOMETRIC_REPRESENTATION_ITEM ( )  RATIONAL_B_SPLINE_CURVE ( ( 1.000000000000000000, 0.9238795325112867385, 1.000000000000000000, 0.9238795325112867385, 1.000000000000000000, 0.9238795325112867385, 1.000000000000000000, 0.9238795325112871826, 0.9999999999999995559 ) ) 
 REPRESENTATION_ITEM ( '' )  );
#2263 = CARTESIAN_POINT ( 'NONE',  ( 2.350480947161658563, -0.9736010864139572618, -3.312500000000002220 ) ) ;
#2264 = CARTESIAN_POINT ( 'NONE',  ( -3.305114237279400236, 3.865294097300536524, -2.461540575954682897 ) ) ;
#2265 = CARTESIAN_POINT ( 'NONE',  ( -2.999999999999999112, 3.895676680625417795E-14, -0.2500000000000076050 ) ) ;
#2266 = CARTESIAN_POINT ( 'NONE',  ( 1.667326744026257135, -1.656738425830957651, 1.750480947161675793 ) ) ;
#2267 = ORIENTED_EDGE ( 'NONE', *, *, #235, .T. ) ;
#2268 = CARTESIAN_POINT ( 'NONE',  ( 3.282664145728527030E-14, 2.350480947161674106, 1.124999999999988010 ) ) ;
#2269 = CARTESIAN_POINT ( 'NONE',  ( 0.1250000000003930190, 5.701333908247334215, 2.094293635091851957 ) ) ;
#2270 = B_SPLINE_CURVE_WITH_KNOTS ( 'NONE', 3,
 ( #1605, #1388, #1035, #1413, #209, #651, #1424, #2174, #1582, #1813, #2189, #393, #602, #2384, #1989, #1010, #405, #831, #1779, #1002, #1793, #1617, #195, #2407, #9, #1176, #810, #43, #1595, #1977, #2213, #2223 ),
 .UNSPECIFIED., .F., .F.,
 ( 4, 2, 2, 2, 2, 2, 2, 2, 2, 2, 2, 2, 2, 2, 2, 4 ),
 ( 0.000000000000000000, 0.0004906998841583220085, 0.0009813997683166440170, 0.001472099652474965483, 0.001962799536633287167, 0.002944199304949930100, 0.003434899189108252433, 0.003925599073266574333, 0.004416298957424896234, 0.004906998841583218134, 0.005397698725741540034, 0.005888398609899861934, 0.006379098494058184701, 0.006869798378216506601, 0.007360498262374828501, 0.007851198146533150402 ),
 .UNSPECIFIED. ) ;
#2271 = ORIENTED_EDGE ( 'NONE', *, *, #2508, .T. ) ;
#2272 = EDGE_CURVE ( 'NONE', #237, #398, #528, .T. ) ;
#2273 = CARTESIAN_POINT ( 'NONE',  ( 2.999999999999999112, -4.244886712573389581E-14, 0.2499999999999915623 ) ) ;
#2274 = DIRECTION ( 'NONE',  ( 0.000000000000000000, 0.000000000000000000, 1.000000000000000000 ) ) ;
#2275 = CYLINDRICAL_SURFACE ( 'NONE', #1548, 2.350480947161672329 ) ;
#2276 = CARTESIAN_POINT ( 'NONE',  ( -0.9736010864138903154, 2.350480947161685208, -2.937500000000003109 ) ) ;
#2277 = DIRECTION ( 'NONE',  ( -1.000000000000000000, 0.000000000000000000, 0.000000000000000000 ) ) ;
#2278 = CARTESIAN_POINT ( 'NONE',  ( -2.121320343559614852, 2.121320343559672139, -2.250000000000002220 ) ) ;
#2279 = ORIENTED_EDGE ( 'NONE', *, *, #301, .F. ) ;
#2280 = CARTESIAN_POINT ( 'NONE',  ( -2.350480947161660339, 0.9736010864139565957, 2.312499999999985345 ) ) ;
#2281 = DIRECTION ( 'NONE',  ( 1.000000000000000000, 0.000000000000000000, 0.000000000000000000 ) ) ;
#2282 =( BOUNDED_CURVE ( )  B_SPLINE_CURVE ( 2, ( #252, #598, #2171, #447, #1054, #1849, #659, #2183, #401 ),
 .UNSPECIFIED., .F., .F. ) 
 B_SPLINE_CURVE_WITH_KNOTS ( ( 3, 2, 2, 2, 3 ),
 ( 0.6785714285714284921, 0.6964285714285712858, 0.7142857142857141906, 0.7321428571428570953, 0.7500000000000000000 ),
 .UNSPECIFIED. ) 
 CURVE ( )  GEOMETRIC_REPRESENTATION_ITEM ( )  RATIONAL_B_SPLINE_CURVE ( ( 1.000000000000000444, 0.9238795325112862944, 1.000000000000000000, 0.9238795325112867385, 1.000000000000000000, 0.9238795325112867385, 1.000000000000000000, 0.9238795325112867385, 1.000000000000000000 ) ) 
 REPRESENTATION_ITEM ( '' )  );
#2283 = ORIENTED_EDGE ( 'NONE', *, *, #137, .T. ) ;
#2284 = CIRCLE ( 'NONE', #2162, 5.000000000000000888 ) ;
#2285 = EDGE_CURVE ( 'NONE', #281, #48, #2019, .T. ) ;
#2286 = CARTESIAN_POINT ( 'NONE',  ( 4.189777606611758764E-14, 2.999999999999999112, -1.500000000000004885 ) ) ;
#2287 = CARTESIAN_POINT ( 'NONE',  ( -0.5128066470333416671, -5.477433636189311450, -2.218623693882313841 ) ) ;
#2288 = DIRECTION ( 'NONE',  ( 1.000000000000000000, 0.000000000000000000, 0.000000000000000000 ) ) ;
#2289 = CONICAL_SURFACE ( 'NONE', #1787, 3.099999999999999201, 0.7853981633974500554 ) ;
#2290 = FACE_OUTER_BOUND ( 'NONE', #1447, .T. ) ;
#2291 = ADVANCED_FACE ( 'NONE', ( #516 ), #2104, .F. ) ;
#2292 = CARTESIAN_POINT ( 'NONE',  ( -1.797417785502837040, -2.093967349676530532, 2.153739231646679908 ) ) ;
#2293 = CARTESIAN_POINT ( 'NONE',  ( -3.000000000000000888, 4.116113104471943586E-14, 1.874999999999988676 ) ) ;
#2294 = CARTESIAN_POINT ( 'NONE',  ( -4.875000000000400568, -2.958920129596580129, -2.094293635091606820 ) ) ;
#2295 = CARTESIAN_POINT ( 'NONE',  ( 2.350480947161686984, 0.9736010864138914256, 1.937499999999987121 ) ) ;
#2296 = DIRECTION ( 'NONE',  ( -0.000000000000000000, -0.000000000000000000, 1.000000000000000000 ) ) ;
#2297 = ORIENTED_EDGE ( 'NONE', *, *, #950, .F. ) ;
#2298 = CARTESIAN_POINT ( 'NONE',  ( 1.242640687119328735, 2.999999999999980904, -0.5625000000000072164 ) ) ;
#2299 = CARTESIAN_POINT ( 'NONE',  ( -2.121320343559674360, -2.121320343559609523, -1.125000000000005773 ) ) ;
#2300 = CARTESIAN_POINT ( 'NONE',  ( 4.874999999999598543, -2.958920129597055748, 2.094293635091861283 ) ) ;
#2301 = CARTESIAN_POINT ( 'NONE',  ( -2.121320343559672583, -2.121320343559613519, -1.000000000000005329 ) ) ;
#2302 = SECURITY_CLASSIFICATION ( '', '', #163 ) ;
#2303 = CARTESIAN_POINT ( 'NONE',  ( 2.350469022712048162, 0.007487071597257977107, 1.750480947161676015 ) ) ;
#2304 = UNCERTAINTY_MEASURE_WITH_UNIT (LENGTH_MEASURE( 1.000000000000000082E-05 ), #272, 'distance_accuracy_value', 'NONE');
#2305 = FACE_OUTER_BOUND ( 'NONE', #1785, .T. ) ;
#2306 = EDGE_CURVE ( 'NONE', #819, #398, #1712, .T. ) ;
#2307 = CARTESIAN_POINT ( 'NONE',  ( -4.912177767335832002, 2.937455535617630620, 2.082374515002233473 ) ) ;
#2308 = CARTESIAN_POINT ( 'NONE',  ( -2.350480947161687428, -0.9736010864138907595, 2.437499999999985789 ) ) ;
#2309 = CARTESIAN_POINT ( 'NONE',  ( -2.350480947161662559, 0.9736010864139521548, 1.312499999999988232 ) ) ;
#2310 = VERTEX_POINT ( 'NONE', #1375 ) ;
#2311 = EDGE_LOOP ( 'NONE', ( #1496, #648, #2195, #2429 ) ) ;
#2312 = CARTESIAN_POINT ( 'NONE',  ( -4.226517010586179309E-14, -2.999999999999999112, 1.999999999999988010 ) ) ;
#2313 = CARTESIAN_POINT ( 'NONE',  ( 4.999999999999984013, -2.742413778650734102, 2.094293635091739603 ) ) ;
#2314 = CARTESIAN_POINT ( 'NONE',  ( 1.662041016787774161, -1.662041016787821013, -3.375000000000002220 ) ) ;
#2315 = CARTESIAN_POINT ( 'NONE',  ( 3.000000000000000888, -4.244886712573392105E-14, -0.6250000000000057732 ) ) ;
#2316 = CARTESIAN_POINT ( 'NONE',  ( -3.426589594148446510E-14, -2.350480947161674106, -1.375000000000006439 ) ) ;
#2317 = CARTESIAN_POINT ( 'NONE',  ( -2.500000000000003997, -4.330127018922192761, 2.500000000000000000 ) ) ;
#2318 = EDGE_LOOP ( 'NONE', ( #992, #1027, #2271, #5 ) ) ;
#2319 = EDGE_CURVE ( 'NONE', #228, #293, #1031, .T. ) ;
#2320 = CARTESIAN_POINT ( 'NONE',  ( -2.902683166119385039, 4.097637784565038466, 2.500000000000002220 ) ) ;
#2321 = CARTESIAN_POINT ( 'NONE',  ( -0.1249999999999755751, 5.701333908247564253, 2.094293635091724060 ) ) ;
#2322 = ORIENTED_EDGE ( 'NONE', *, *, #2047, .F. ) ;
#2323 = EDGE_CURVE ( 'NONE', #1269, #1352, #49, .T. ) ;
#2324 = ORIENTED_EDGE ( 'NONE', *, *, #1421, .T. ) ;
#2325 = CARTESIAN_POINT ( 'NONE',  ( 2.999999999999980904, -1.242640687119328069, 2.187499999999987566 ) ) ;
#2326 = CARTESIAN_POINT ( 'NONE',  ( -2.999999999999999112, 0.000000000000000000, 10.98528137423856776 ) ) ;
#2327 = VECTOR ( 'NONE', #1828, 1000.000000000000000 ) ;
#2328 = CARTESIAN_POINT ( 'NONE',  ( 2.350480947161672329, -3.325841780254500665E-14, -1.250000000000006661 ) ) ;
#2329 = AXIS2_PLACEMENT_3D ( 'NONE', #2037, #2260, #1250 ) ;
#2330 = CARTESIAN_POINT ( 'NONE',  ( -2.121320343559613519, 2.121320343559672583, 1.749999999999989342 ) ) ;
#2331 = CARTESIAN_POINT ( 'NONE',  ( -2.350480947161686540, -0.9736010864138879839, 1.312499999999987343 ) ) ;
#2332 = AXIS2_PLACEMENT_3D ( 'NONE', #1741, #566, #185 ) ;
#2333 = CARTESIAN_POINT ( 'NONE',  ( -0.8478585877061429743, 2.704398780175092831, -2.227594122903873153 ) ) ;
#2334 = CARTESIAN_POINT ( 'NONE',  ( -2.999999999999981792, 1.242640687119326959, -3.312500000000001332 ) ) ;
#2335 = CARTESIAN_POINT ( 'NONE',  ( 1.753773599790623638, 2.433984009946949634, 2.400000000000000355 ) ) ;
#2336 = CARTESIAN_POINT ( 'NONE',  ( 4.189777606611761289E-14, 3.000000000000000888, -4.374999999999998224 ) ) ;
#2337 = ORIENTED_EDGE ( 'NONE', *, *, #1822, .T. ) ;
#2338 = ORIENTED_EDGE ( 'NONE', *, *, #301, .T. ) ;
#2339 = EDGE_CURVE ( 'NONE', #1729, #386, #750, .T. ) ;
#2340 = CARTESIAN_POINT ( 'NONE',  ( -2.350480947161687428, -0.9736010864138907595, -2.562500000000003553 ) ) ;
#2341 = DIRECTION ( 'NONE',  ( 1.000000000000000000, 0.000000000000000000, 0.000000000000000000 ) ) ;
#2342 = CARTESIAN_POINT ( 'NONE',  ( -1.662041016787820791, -1.662041016787774161, 0.3749999999999898970 ) ) ;
#2343 = CARTESIAN_POINT ( 'NONE',  ( -2.121320343559672583, -2.121320343559613519, -6.938893903907228378E-15 ) ) ;
#2344 = CARTESIAN_POINT ( 'NONE',  ( 4.999999999999992006, 0.4639686512922513995, -2.500000000000006217 ) ) ;
#2345 = CARTESIAN_POINT ( 'NONE',  ( -1.020109526374239461, 2.616069594807338472, -2.201321489652913854 ) ) ;
#2346 = CARTESIAN_POINT ( 'NONE',  ( -4.999999999999997335, 2.742413778650735434, 2.094293635091727168 ) ) ;
#2347 = AXIS2_PLACEMENT_3D ( 'NONE', #1346, #2511, #1724 ) ;
#2348 = CARTESIAN_POINT ( 'NONE',  ( -1.242640687119326071, -2.999999999999982236, 0.9374999999999895639 ) ) ;
#2349 = CARTESIAN_POINT ( 'NONE',  ( 0.000000000000000000, 0.000000000000000000, 2.500000000000000000 ) ) ;
#2350 = CARTESIAN_POINT ( 'NONE',  ( -2.999999999999984457, 1.242640687119328069, -4.187499999999998224 ) ) ;
#2351 = ORIENTED_EDGE ( 'NONE', *, *, #1199, .T. ) ;
#2352 = ORIENTED_EDGE ( 'NONE', *, *, #2339, .F. ) ;
#2353 = CARTESIAN_POINT ( 'NONE',  ( -4.226517010586179309E-14, -2.999999999999999112, 2.999999999999985345 ) ) ;
#2354 = CARTESIAN_POINT ( 'NONE',  ( 2.999999999999999112, -4.924751380291146898E-14, -0.7500000000000063283 ) ) ;
#2355 = EDGE_CURVE ( 'NONE', #2113, #2094, #1461, .T. ) ;
#2356 = CARTESIAN_POINT ( 'NONE',  ( -2.350480947161685208, -0.9736010864138902043, -1.687500000000005995 ) ) ;
#2357 = CARTESIAN_POINT ( 'NONE',  ( -1.242640687119243914, 3.000000000000018652, 1.687499999999989564 ) ) ;
#2358 = CARTESIAN_POINT ( 'NONE',  ( 1.662041016787775938, -1.662041016787821457, -1.250000000000006217 ) ) ;
#2359 = CARTESIAN_POINT ( 'NONE',  ( 3.000000000000017764, 1.242640687119241694, 0.3124999999999911737 ) ) ;
#2360 = CARTESIAN_POINT ( 'NONE',  ( 1.242640687119242804, -3.000000000000018208, -2.937500000000001776 ) ) ;
#2361 = CARTESIAN_POINT ( 'NONE',  ( 0.04427490999035676306, -5.734787838016000450, -2.075769044245859174 ) ) ;
#2362 = LINE ( 'NONE', #594, #1869 ) ;
#2363 = CARTESIAN_POINT ( 'NONE',  ( 1.662041016787821013, 1.662041016787773939, 2.874999999999984457 ) ) ;
#2364 = VERTEX_POINT ( 'NONE', #2121 ) ;
#2365 = VERTEX_POINT ( 'NONE', #1358 ) ;
#2366 = CARTESIAN_POINT ( 'NONE',  ( -3.311449235412511557E-14, -2.350480947161674106, -3.375000000000002220 ) ) ;
#2367 = DIRECTION ( 'NONE',  ( -0.000000000000000000, -0.000000000000000000, 1.000000000000000000 ) ) ;
#2368 = CARTESIAN_POINT ( 'NONE',  ( 1.662041016787821013, 1.662041016787773939, -0.1250000000000092149 ) ) ;
#2369 = AXIS2_PLACEMENT_3D ( 'NONE', #1897, #2526, #746 ) ;
#2370 = CARTESIAN_POINT ( 'NONE',  ( 0.2344279740112182042, -2.734003683152714803, -2.138175833652984803 ) ) ;
#2371 = CARTESIAN_POINT ( 'NONE',  ( 2.350480947161657230, -0.9736010864139600374, 1.687499999999986899 ) ) ;
#2372 = CONICAL_SURFACE ( 'NONE', #36, 5.000000000000000888, 1.047197551196600074 ) ;
#2373 = CARTESIAN_POINT ( 'NONE',  ( -2.309739208831761648, 0.9765030337396690685, -1.900382169096151985 ) ) ;
#2374 = EDGE_CURVE ( 'NONE', #106, #1075, #411, .T. ) ;
#2375 = AXIS2_PLACEMENT_3D ( 'NONE', #192, #2427, #794 ) ;
#2376 = CARTESIAN_POINT ( 'NONE',  ( 4.875000000000012434, 2.958920129596822601, 2.094293635091726724 ) ) ;
#2377 = DIRECTION ( 'NONE',  ( -0.000000000000000000, -0.000000000000000000, 1.000000000000000000 ) ) ;
#2378 = CARTESIAN_POINT ( 'NONE',  ( 2.121320343559613519, -2.121320343559673027, -3.749999999999999112 ) ) ;
#2379 = VERTEX_POINT ( 'NONE', #377 ) ;
#2380 = ORIENTED_EDGE ( 'NONE', *, *, #1016, .T. ) ;
#2381 = DIRECTION ( 'NONE',  ( -1.000000000000000000, 0.000000000000000000, 0.000000000000000000 ) ) ;
#2382 = CARTESIAN_POINT ( 'NONE',  ( 2.350480947161684764, 0.9736010864138906484, 1.812499999999986899 ) ) ;
#2383 = CARTESIAN_POINT ( 'NONE',  ( 0.000000000000000000, 0.000000000000000000, 1.750480947161676015 ) ) ;
#2384 = CARTESIAN_POINT ( 'NONE',  ( 0.1992489507642475344, 2.498453661476450094, 1.901025437684621844 ) ) ;
#2385 =( BOUNDED_CURVE ( )  B_SPLINE_CURVE ( 2, ( #2239, #1454, #2399, #236, #1648, #443, #457, #2252, #2028 ),
 .UNSPECIFIED., .F., .F. ) 
 B_SPLINE_CURVE_WITH_KNOTS ( ( 3, 2, 2, 2, 3 ),
 ( 0.5357142857142856984, 0.5535714285714286031, 0.5714285714285713969, 0.5892857142857143016, 0.6071428571428570953 ),
 .UNSPECIFIED. ) 
 CURVE ( )  GEOMETRIC_REPRESENTATION_ITEM ( )  RATIONAL_B_SPLINE_CURVE ( ( 1.000000000000000000, 0.9238795325112867385, 1.000000000000000000, 0.9238795325112867385, 1.000000000000000000, 0.9238795325112867385, 1.000000000000000000, 0.9238795325112867385, 1.000000000000000000 ) ) 
 REPRESENTATION_ITEM ( '' )  );
#2386 = CARTESIAN_POINT ( 'NONE',  ( -2.350551963001688449, 0.7826363660783963727, -1.869979351499751807 ) ) ;
#2387 = CARTESIAN_POINT ( 'NONE',  ( 2.999999999999999112, -5.071708996188829707E-14, 1.249999999999988898 ) ) ;
#2388 = CARTESIAN_POINT ( 'NONE',  ( -3.099999999999999201, 3.796405077356793932E-16, 2.500000000000000000 ) ) ;
#2389 = ADVANCED_FACE ( 'NONE', ( #1162 ), #181, .F. ) ;
#2390 = CARTESIAN_POINT ( 'NONE',  ( 2.121320343559673027, 2.121320343559613519, -3.499999999999999556 ) ) ;
#2391 = ORIENTED_EDGE ( 'NONE', *, *, #384, .T. ) ;
#2392 = ORIENTED_EDGE ( 'NONE', *, *, #1012, .F. ) ;
#2393 = FACE_OUTER_BOUND ( 'NONE', #52, .T. ) ;
#2394 = CARTESIAN_POINT ( 'NONE',  ( 1.553719810301985582, -2.195791672571632880, -2.083843494134631324 ) ) ;
#2395 = CARTESIAN_POINT ( 'NONE',  ( 0.000000000000000000, 0.000000000000000000, 10.98528137423856776 ) ) ;
#2396 = CARTESIAN_POINT ( 'NONE',  ( -2.350480947161674106, 3.052237938037360107E-14, -0.6250000000000078826 ) ) ;
#2397 = CARTESIAN_POINT ( 'NONE',  ( 2.350480947161672329, 0.000000000000000000, -2.500000000000000000 ) ) ;
#2398 = CARTESIAN_POINT ( 'NONE',  ( 1.662041016787823455, 1.662041016787771941, -1.125000000000007105 ) ) ;
#2399 = CARTESIAN_POINT ( 'NONE',  ( 2.121320343559676580, 2.121320343559609967, -0.5000000000000061062 ) ) ;
#2400 = ORIENTED_EDGE ( 'NONE', *, *, #40, .F. ) ;
#2401 = B_SPLINE_CURVE_WITH_KNOTS ( 'NONE', 3,
 ( #2568, #155, #2361, #948, #823, #430 ),
 .UNSPECIFIED., .F., .F.,
 ( 4, 2, 4 ),
 ( 4.366053508821533785E-16, 0.0001318968453454081203, 0.0002637936906903796323 ),
 .UNSPECIFIED. ) ;
#2402 = EDGE_CURVE ( 'NONE', #554, #1925, #318, .T. ) ;
#2403 = ORIENTED_EDGE ( 'NONE', *, *, #1680, .T. ) ;
#2404 = ADVANCED_FACE ( 'NONE', ( #1528 ), #974, .T. ) ;
#2405 = DIRECTION ( 'NONE',  ( 0.000000000000000000, 0.000000000000000000, -1.000000000000000000 ) ) ;
#2406 = CARTESIAN_POINT ( 'NONE',  ( 2.121320343559611299, -2.121320343559672583, 2.124999999999987121 ) ) ;
#2407 = CARTESIAN_POINT ( 'NONE',  ( -2.015416915388093866, 1.647075831515263378, 1.997642563995511322 ) ) ;
#2408 = CARTESIAN_POINT ( 'NONE',  ( -2.350480947161690093, -0.9736010864138875398, -0.5625000000000081046 ) ) ;
#2409 = DIRECTION ( 'NONE',  ( -0.000000000000000000, -0.000000000000000000, -1.000000000000000000 ) ) ;
#2410 = LINE ( 'NONE', #631, #1368 ) ;
#2411 = CIRCLE ( 'NONE', #623, 2.350480947161672329 ) ;
#2412 = CARTESIAN_POINT ( 'NONE',  ( 2.066850587914029092, 2.109955784506662102, 2.345221172334688742 ) ) ;
#2413 = ORIENTED_EDGE ( 'NONE', *, *, #798, .F. ) ;
#2414 = CONICAL_SURFACE ( 'NONE', #373, 5.000000000000000888, 1.047197551196600074 ) ;
#2415 = CARTESIAN_POINT ( 'NONE',  ( 2.350480947161674106, -3.325841780254503190E-14, 0.8749999999999886757 ) ) ;
#2416 = ORIENTED_EDGE ( 'NONE', *, *, #349, .F. ) ;
#2417 = EDGE_CURVE ( 'NONE', #39, #1575, #1906, .T. ) ;
#2418 = DIRECTION ( 'NONE',  ( 0.8660254037844397068, 0.4999999999999979461, 0.000000000000000000 ) ) ;
#2419 = CARTESIAN_POINT ( 'NONE',  ( -2.121320343559613519, 2.121320343559670807, -1.375000000000005107 ) ) ;
#2420 = DIRECTION ( 'NONE',  ( -1.000000000000000000, 0.000000000000000000, 0.000000000000000000 ) ) ;
#2421 = CARTESIAN_POINT ( 'NONE',  ( -4.874999999991264765, 2.958920129601885662, -2.094293635094527151 ) ) ;
#2422 = DIRECTION ( 'NONE',  ( 0.000000000000000000, 0.000000000000000000, 1.000000000000000000 ) ) ;
#2423 = CARTESIAN_POINT ( 'NONE',  ( 0.000000000000000000, 0.000000000000000000, -2.500000000000000000 ) ) ;
#2424 = CARTESIAN_POINT ( 'NONE',  ( -2.892390640026571980, 0.4670958900570469363, -2.320608171345439619 ) ) ;
#2425 = VERTEX_POINT ( 'NONE', #1188 ) ;
#2426 = CARTESIAN_POINT ( 'NONE',  ( -1.662041016787822123, -1.662041016787775494, -0.5000000000000082157 ) ) ;
#2427 = DIRECTION ( 'NONE',  ( 0.000000000000000000, 0.000000000000000000, -1.000000000000000000 ) ) ;
#2428 = B_SPLINE_CURVE_WITH_KNOTS ( 'NONE', 3,
 ( #1437, #1867, #1081, #2077, #2287, #500 ),
 .UNSPECIFIED., .F., .F.,
 ( 4, 2, 4 ),
 ( 0.002921158011986732007, 0.004301918286211127776, 0.005682678560435523545 ),
 .UNSPECIFIED. ) ;
#2429 = ORIENTED_EDGE ( 'NONE', *, *, #1117, .F. ) ;
#2430 = B_SPLINE_CURVE_WITH_KNOTS ( 'NONE', 3,
 ( #1530, #2190, #379, #2553, #1163, #1965 ),
 .UNSPECIFIED., .F., .F.,
 ( 4, 2, 4 ),
 ( 8.907049137072118004E-17, 0.0001318968453452370061, 0.0002637936906903849449 ),
 .UNSPECIFIED. ) ;
#2431 = EDGE_CURVE ( 'NONE', #2240, #237, #2270, .T. ) ;
#2432 = FACE_OUTER_BOUND ( 'NONE', #1018, .T. ) ;
#2433 = FACE_OUTER_BOUND ( 'NONE', #2226, .T. ) ;
#2434 = AXIS2_PLACEMENT_3D ( 'NONE', #2251, #1478, #1254 ) ;
#2435 = FACE_OUTER_BOUND ( 'NONE', #1632, .T. ) ;
#2436 = CARTESIAN_POINT ( 'NONE',  ( 3.308491562883438153, 3.863344197453899564, 2.500000000000002220 ) ) ;
#2437 = ADVANCED_FACE ( 'NONE', ( #231 ), #2510, .F. ) ;
#2438 = LINE ( 'NONE', #59, #1612 ) ;
#2439 = CARTESIAN_POINT ( 'NONE',  ( 2.645096189434297695, 1.480220682778019602E-11, 2.045096189434301159 ) ) ;
#2440 = ORIENTED_EDGE ( 'NONE', *, *, #1244, .F. ) ;
#2441 = CARTESIAN_POINT ( 'NONE',  ( 2.350480947161674106, -3.325841780254503190E-14, -0.1250000000000087708 ) ) ;
#2442 = DIRECTION ( 'NONE',  ( 1.000000000000000000, 0.000000000000000000, 0.000000000000000000 ) ) ;
#2443 = ORIENTED_EDGE ( 'NONE', *, *, #765, .F. ) ;
#2444 = CARTESIAN_POINT ( 'NONE',  ( -1.242640687119243026, 3.000000000000016431, 0.5624999999999908962 ) ) ;
#2445 = CARTESIAN_POINT ( 'NONE',  ( -2.904903810567666333, -3.182276523477951206E-14, -2.304903810567665357 ) ) ;
#2446 = CARTESIAN_POINT ( 'NONE',  ( 2.350480947161672329, -3.916081608995464711E-14, -0.2500000000000088818 ) ) ;
#2447 = CARTESIAN_POINT ( 'NONE',  ( 0.08780861830361678944, -5.722806362481467346, 2.082370150261869668 ) ) ;
#2448 = CARTESIAN_POINT ( 'NONE',  ( 2.350480947161658118, -0.9736010864139588161, -0.3125000000000088818 ) ) ;
#2449 = CARTESIAN_POINT ( 'NONE',  ( 4.999999999999997335, 2.886751345948127767, 2.500000000000000000 ) ) ;
#2450 = CARTESIAN_POINT ( 'NONE',  ( -0.9736010864139559295, -2.350480947161661227, 0.5624999999999892308 ) ) ;
#2451 = ADVANCED_FACE ( 'NONE', ( #438 ), #1225, .F. ) ;
#2452 = EDGE_LOOP ( 'NONE', ( #1547, #1863, #1590, #1406, #2143, #2489 ) ) ;
#2453 = CARTESIAN_POINT ( 'NONE',  ( -0.9736010864138908705, 2.350480947161687428, 0.1874999999999906186 ) ) ;
#2454 = PLANE ( 'NONE',  #1576 ) ;
#2455 = ORIENTED_EDGE ( 'NONE', *, *, #2272, .F. ) ;
#2456 = AXIS2_PLACEMENT_3D ( 'NONE', #194, #986, #637 ) ;
#2457 = CIRCLE ( 'NONE', #1323, 5.000000000000000888 ) ;
#2458 = CARTESIAN_POINT ( 'NONE',  ( -3.000000000000016431, -1.242640687119242804, -1.187500000000005329 ) ) ;
#2459 = CARTESIAN_POINT ( 'NONE',  ( -2.121320343559675248, -2.121320343559609078, -0.1250000000000079103 ) ) ;
#2460 = CARTESIAN_POINT ( 'NONE',  ( -1.662041016787774161, 1.662041016787821013, 0.1249999999999905631 ) ) ;
#2461 = B_SPLINE_CURVE_WITH_KNOTS ( 'NONE', 3,
 ( #429, #1814, #1841, #1215, #832, #640, #58, #1450, #812, #2224, #2249, #439, #467, #1226, #1684, #1892, #286, #2053, #321, #918, #502, #479, #2462, #514 ),
 .UNSPECIFIED., .F., .F.,
 ( 4, 2, 2, 2, 2, 2, 2, 2, 2, 2, 2, 4 ),
 ( 2.305657314554509619E-17, 0.0007241447528155564453, 0.001448289505631089689, 0.001810361882038856582, 0.002172434258446623041, 0.002534506634854389717, 0.002896579011262156392, 0.003620723764077690178, 0.004344868516893224397, 0.004706940893300991940, 0.005069013269708758616, 0.005793158022524292836 ),
 .UNSPECIFIED. ) ;
#2462 = CARTESIAN_POINT ( 'NONE',  ( 2.578907054879048033, 0.2437369363957966883, -1.978907054879047278 ) ) ;
#2463 = DIRECTION ( 'NONE',  ( 1.000000000000000000, 0.000000000000000000, -0.000000000000000000 ) ) ;
#2464 = EDGE_LOOP ( 'NONE', ( #2440, #548, #423, #597 ) ) ;
#2465 = EDGE_CURVE ( 'NONE', #228, #1611, #1803, .T. ) ;
#2466 = CARTESIAN_POINT ( 'NONE',  ( 2.350480947161686984, 0.9736010864138914256, 0.9374999999999887867 ) ) ;
#2467 = CARTESIAN_POINT ( 'NONE',  ( 4.749999999999997335, 2.742413778650722112, 2.500000000000000000 ) ) ;
#2468 =( BOUNDED_CURVE ( )  B_SPLINE_CURVE ( 2, ( #722, #697, #879 ),
 .UNSPECIFIED., .F., .T. ) 
 B_SPLINE_CURVE_WITH_KNOTS ( ( 3, 3 ),
 ( 0.8214285714285713969, 0.8215028666884479636 ),
 .UNSPECIFIED. ) 
 CURVE ( )  GEOMETRIC_REPRESENTATION_ITEM ( )  RATIONAL_B_SPLINE_CURVE ( ( 1.000000000000000000, 0.9996832981648160477, 0.9993692316274886966 ) ) 
 REPRESENTATION_ITEM ( '' )  );
#2469 = ORIENTED_EDGE ( 'NONE', *, *, #1970, .F. ) ;
#2470 = CARTESIAN_POINT ( 'NONE',  ( -3.000000000000016431, -1.242640687119242804, -0.1875000000000075773 ) ) ;
#2471 = CARTESIAN_POINT ( 'NONE',  ( 4.999999999999986677, -1.838139485088617464, -2.321645086315854201 ) ) ;
#2472 = LINE ( 'NONE', #1683, #604 ) ;
#2473 = CARTESIAN_POINT ( 'NONE',  ( -2.350480947161685208, -0.9736010864138902043, -3.687500000000002220 ) ) ;
#2474 = CARTESIAN_POINT ( 'NONE',  ( -5.000000000000011546, -2.742413778650707457, 2.094293635091733385 ) ) ;
#2475 = CARTESIAN_POINT ( 'NONE',  ( -1.242640687119238363, -3.000000000000078604, 2.062499999999994671 ) ) ;
#2476 = ORIENTED_EDGE ( 'NONE', *, *, #1113, .T. ) ;
#2477 = CARTESIAN_POINT ( 'NONE',  ( 0.9736010864138904264, -2.350480947161687872, 1.687499999999987566 ) ) ;
#2478 = DIRECTION ( 'NONE',  ( -0.000000000000000000, -0.000000000000000000, 1.000000000000000000 ) ) ;
#2479 = ORIENTED_EDGE ( 'NONE', *, *, #444, .F. ) ;
#2480 = EDGE_CURVE ( 'NONE', #2209, #1912, #1257, .T. ) ;
#2481 = CARTESIAN_POINT ( 'NONE',  ( 2.121320343559672139, 2.121320343559612187, -1.625000000000004441 ) ) ;
#2482 = CARTESIAN_POINT ( 'NONE',  ( 4.999999999999984013, -2.742413778650815814, -2.094293635091712069 ) ) ;
#2483 = CARTESIAN_POINT ( 'NONE',  ( -3.311449235412509033E-14, -2.350480947161672329, -2.500000000000003997 ) ) ;
#2484 = CYLINDRICAL_SURFACE ( 'NONE', #1507, 2.999999999999999112 ) ;
#2485 = FACE_OUTER_BOUND ( 'NONE', #168, .T. ) ;
#2486 = ORIENTED_EDGE ( 'NONE', *, *, #330, .T. ) ;
#2487 = CARTESIAN_POINT ( 'NONE',  ( 2.350480947161686984, 0.9736010864138914256, 2.937499999999984013 ) ) ;
#2488 = CARTESIAN_POINT ( 'NONE',  ( 2.350480947161674106, -3.858511429627500074E-14, -1.125000000000006661 ) ) ;
#2489 = ORIENTED_EDGE ( 'NONE', *, *, #1552, .F. ) ;
#2490 = CLOSED_SHELL ( 'NONE', ( #282, #2528, #1856, #2544, #2180, #1164, #685, #1986, #1807, #815, #1613, #1601, #2451, #2243, #1216, #2495, #1501, #609, #1851, #208, #503, #189, #2291, #638, #287, #553, #1662, #2389, #399, #1584, #1409, #460, #842, #1955, #930, #365, #2404, #1885, #2212, #2147, #1645, #2196, #1587, #1567, #124, #1744, #1343, #1710, #56, #1795, #1933, #1169, #345, #2437 ) ) ;
#2491 = AXIS2_PLACEMENT_3D ( 'NONE', #2221, #2405, #1422 ) ;
#2492 = AXIS2_PLACEMENT_3D ( 'NONE', #2467, #1110, #1295 ) ;
#2493 = CARTESIAN_POINT ( 'NONE',  ( -1.242640687119327181, -2.999999999999981792, 0.9374999999999894529 ) ) ;
#2494 = FACE_OUTER_BOUND ( 'NONE', #806, .T. ) ;
#2495 = ADVANCED_FACE ( 'NONE', ( #2435 ), #416, .F. ) ;
#2496 = CALENDAR_DATE ( 2026, 7, 1 ) ;
#2497 = DIRECTION ( 'NONE',  ( 0.000000000000000000, 0.000000000000000000, 1.000000000000000000 ) ) ;
#2498 = CARTESIAN_POINT ( 'NONE',  ( 2.121320343559673027, 2.121320343559613519, -0.5000000000000061062 ) ) ;
#2499 = CYLINDRICAL_SURFACE ( 'NONE', #53, 0.2500000000000002220 ) ;
#2500 = CARTESIAN_POINT ( 'NONE',  ( 0.000000000000000000, 0.000000000000000000, -2.500000000000000000 ) ) ;
#2501 = EDGE_LOOP ( 'NONE', ( #912, #2046, #435, #62, #1139 ) ) ;
#2502 = DIRECTION ( 'NONE',  ( -0.000000000000000000, -0.000000000000000000, 1.000000000000000000 ) ) ;
#2503 = CARTESIAN_POINT ( 'NONE',  ( -4.875000000000400568, -2.958920129596580129, -2.094293635091606820 ) ) ;
#2504 = ORIENTED_EDGE ( 'NONE', *, *, #521, .T. ) ;
#2505 = CARTESIAN_POINT ( 'NONE',  ( -1.662041016787775494, 1.662041016787822123, -2.750000000000003109 ) ) ;
#2506 = CARTESIAN_POINT ( 'NONE',  ( -1.242640687119329623, -2.999999999999980904, -1.062500000000005773 ) ) ;
#2507 = CARTESIAN_POINT ( 'NONE',  ( -1.662041016787774161, 1.662041016787820791, -3.875000000000001332 ) ) ;
#2508 = EDGE_CURVE ( 'NONE', #506, #102, #639, .T. ) ;
#2509 = CARTESIAN_POINT ( 'NONE',  ( 2.999999999999983125, -1.242640687119329179, 0.3124999999999924505 ) ) ;
#2510 = CONICAL_SURFACE ( 'NONE', #2138, 3.099999999999999201, 0.7853981633974500554 ) ;
#2511 = DIRECTION ( 'NONE',  ( -1.000000000000000000, 2.403703357979454450E-15, 0.000000000000000000 ) ) ;
#2512 = CARTESIAN_POINT ( 'NONE',  ( -2.121320343559676580, -2.121320343559610411, -1.000000000000005329 ) ) ;
#2513 = CARTESIAN_POINT ( 'NONE',  ( -2.999999999999984013, 1.242640687119321186, 1.687499999999988454 ) ) ;
#2514 = EDGE_CURVE ( 'NONE', #2043, #267, #1864, .T. ) ;
#2515 = CARTESIAN_POINT ( 'NONE',  ( 3.282664145728527030E-14, 2.350480947161674106, 2.124999999999986233 ) ) ;
#2516 = CARTESIAN_POINT ( 'NONE',  ( 1.242640687119236143, -3.000000000000021760, 0.1874999999999923672 ) ) ;
#2517 = ORIENTED_EDGE ( 'NONE', *, *, #169, .F. ) ;
#2518 = ORIENTED_EDGE ( 'NONE', *, *, #1044, .T. ) ;
#2519 = CARTESIAN_POINT ( 'NONE',  ( -2.350480947161660339, 0.9736010864139565957, -3.687500000000001776 ) ) ;
#2520 = DIRECTION ( 'NONE',  ( 0.000000000000000000, 0.000000000000000000, 1.000000000000000000 ) ) ;
#2521 = CARTESIAN_POINT ( 'NONE',  ( 1.662041016787774161, -1.662041016787821013, -2.375000000000004885 ) ) ;
#2522 = CARTESIAN_POINT ( 'NONE',  ( -2.121320343559613519, 2.121320343559672583, -0.2500000000000062728 ) ) ;
#2523 = CARTESIAN_POINT ( 'NONE',  ( 1.753773599790623638, 2.433984009946949634, 2.400000000000000355 ) ) ;
#2524 = CARTESIAN_POINT ( 'NONE',  ( -2.999999999999980016, 1.242640687119331178, 0.6874999999999904521 ) ) ;
#2525 = CARTESIAN_POINT ( 'NONE',  ( -2.500000000000003997, -4.330127018922192761, -2.500000000000000000 ) ) ;
#2526 = DIRECTION ( 'NONE',  ( 0.000000000000000000, 0.000000000000000000, -1.000000000000000000 ) ) ;
#2527 = CARTESIAN_POINT ( 'NONE',  ( -3.099999999999999201, 0.000000000000000000, -2.500000000000000000 ) ) ;
#2528 = ADVANCED_FACE ( 'NONE', ( #1826 ), #268, .F. ) ;
#2529 = ORIENTED_EDGE ( 'NONE', *, *, #2164, .T. ) ;
#2530 = EDGE_LOOP ( 'NONE', ( #2455, #1222, #827, #1338, #2127, #1610 ) ) ;
#2531 = CARTESIAN_POINT ( 'NONE',  ( 1.242640687119242804, -3.000000000000018208, 3.062499999999985345 ) ) ;
#2532 = CARTESIAN_POINT ( 'NONE',  ( 4.999999999999986677, -1.838139485088561509, 2.321645086315864859 ) ) ;
#2533 = APPROVAL_STATUS ( 'not_yet_approved' ) ;
#2534 = CARTESIAN_POINT ( 'NONE',  ( 2.350480947161672329, -3.325841780254500665E-14, 0.7499999999999885647 ) ) ;
#2535 = CONICAL_SURFACE ( 'NONE', #294, 5.000000000000000888, 1.047197551196600074 ) ;
#2536 = CARTESIAN_POINT ( 'NONE',  ( 3.000000000000000888, -4.244886712573392105E-14, 2.374999999999987566 ) ) ;
#2537 = AXIS2_PLACEMENT_3D ( 'NONE', #839, #1565, #1960 ) ;
#2538 = CARTESIAN_POINT ( 'NONE',  ( 2.500000000000006661, 4.330127018922190985, 2.500000000000000000 ) ) ;
#2539 = CARTESIAN_POINT ( 'NONE',  ( 4.557171646355964840E-14, 2.999999999999999112, 1.499999999999988232 ) ) ;
#2540 = CARTESIAN_POINT ( 'NONE',  ( -2.121320343559612187, 2.121320343559672139, -2.375000000000003109 ) ) ;
#2541 = FACE_OUTER_BOUND ( 'NONE', #1818, .T. ) ;
#2542 = CARTESIAN_POINT ( 'NONE',  ( 0.9736010864139573728, 2.350480947161658563, 2.937499999999984013 ) ) ;
#2543 = VERTEX_POINT ( 'NONE', #1476 ) ;
#2544 = ADVANCED_FACE ( 'NONE', ( #285 ), #2275, .F. ) ;
#2545 = ORIENTED_EDGE ( 'NONE', *, *, #1184, .F. ) ;
#2546 = CARTESIAN_POINT ( 'NONE',  ( -2.999999999999981792, 1.242640687119326959, 2.687499999999986233 ) ) ;
#2547 = FACE_OUTER_BOUND ( 'NONE', #1771, .T. ) ;
#2548 = CARTESIAN_POINT ( 'NONE',  ( 1.662041016787821013, 1.662041016787773939, -2.125000000000004885 ) ) ;
#2549 =( BOUNDED_CURVE ( )  B_SPLINE_CURVE ( 2, ( #2446, #308, #501, #1656, #86, #894, #2460, #1438, #2078 ),
 .UNSPECIFIED., .F., .F. ) 
 B_SPLINE_CURVE_WITH_KNOTS ( ( 3, 2, 2, 2, 3 ),
 ( 0.5357142857142856984, 0.5535714285714286031, 0.5714285714285713969, 0.5892857142857143016, 0.6071428571428570953 ),
 .UNSPECIFIED. ) 
 CURVE ( )  GEOMETRIC_REPRESENTATION_ITEM ( )  RATIONAL_B_SPLINE_CURVE ( ( 1.000000000000000000, 0.9238795325112867385, 1.000000000000000000, 0.9238795325112867385, 1.000000000000000000, 0.9238795325112867385, 1.000000000000000000, 0.9238795325112867385, 1.000000000000000000 ) ) 
 REPRESENTATION_ITEM ( '' )  );
#2550 = CARTESIAN_POINT ( 'NONE',  ( -1.242640687119243914, 3.000000000000018652, -1.312500000000003997 ) ) ;
#2551 = CARTESIAN_POINT ( 'NONE',  ( -1.662041016787824566, -1.662041016787773273, -1.500000000000005995 ) ) ;
#2552 = B_SPLINE_CURVE_WITH_KNOTS ( 'NONE', 3,
 ( #1206, #1620, #442, #824, #1241, #2228 ),
 .UNSPECIFIED., .F., .F.,
 ( 4, 2, 4 ),
 ( 2.211347213673310821E-18, 0.0001318968453451931772, 0.0002637936906903841318 ),
 .UNSPECIFIED. ) ;
#2553 = CARTESIAN_POINT ( 'NONE',  ( 4.944627966063660729, -2.905387286974884020, -2.075725291387385152 ) ) ;
#2554 = CARTESIAN_POINT ( 'NONE',  ( 0.1250000000087416463, 5.701333908242514070, -2.094293635094528483 ) ) ;
#2555 = AXIS2_PLACEMENT_3D ( 'NONE', #2248, #663, #1854 ) ;
#2556 = CARTESIAN_POINT ( 'NONE',  ( -2.350480947161672329, 3.167378296773293167E-14, 1.249999999999988010 ) ) ;
#2557 = CARTESIAN_POINT ( 'NONE',  ( 1.242640687119243248, -3.000000000000016431, -1.937500000000003997 ) ) ;
#2558 = CARTESIAN_POINT ( 'NONE',  ( 1.242640687119329401, 2.999999999999983125, -2.437500000000002220 ) ) ;
#2559 = VERTEX_POINT ( 'NONE', #868 ) ;
#2560 = VERTEX_POINT ( 'NONE', #478 ) ;
#2561 = CARTESIAN_POINT ( 'NONE',  ( -2.999999999999981792, 1.242640687119326959, 1.687499999999988454 ) ) ;
#2562 = CARTESIAN_POINT ( 'NONE',  ( 2.999999999999999112, -4.998230188239988618E-14, 0.2499999999999915623 ) ) ;
#2563 = EDGE_CURVE ( 'NONE', #1983, #2113, #2549, .T. ) ;
#2564 = CARTESIAN_POINT ( 'NONE',  ( -2.350480947161672329, 3.297056690570516769E-14, 1.249999999999988010 ) ) ;
#2565 = DIRECTION ( 'NONE',  ( 1.000000000000000000, 0.000000000000000000, 0.000000000000000000 ) ) ;
#2566 = CARTESIAN_POINT ( 'NONE',  ( -2.350480947161674106, 3.412197049306454247E-14, -1.625000000000005773 ) ) ;
#2567 = CARTESIAN_POINT ( 'NONE',  ( -0.9024808040856058255, 5.252455156718960794, -2.343552472763179129 ) ) ;
#2568 = CARTESIAN_POINT ( 'NONE',  ( 0.1249999999996032340, -5.701333908247760540, -2.094293635091615702 ) ) ;
#2569 = FACE_OUTER_BOUND ( 'NONE', #2142, .T. ) ;
#2570 = CARTESIAN_POINT ( 'NONE',  ( -2.121320343559672583, -2.121320343559613519, -3.999999999999998224 ) ) ;
#2571 = ORIENTED_EDGE ( 'NONE', *, *, #1916, .F. ) ;
#2572 = ORIENTED_EDGE ( 'NONE', *, *, #2465, .F. ) ;
#2573 = PRODUCT_DEFINITION ( 'UNKNOWN', '', #510, #2184 ) ;
#2574 = CARTESIAN_POINT ( 'NONE',  ( -2.350480947161660339, 0.9736010864139565957, 0.3124999999999898415 ) ) ;
#2575 = CARTESIAN_POINT ( 'NONE',  ( -6.288372600415925717E-15, -5.484827557301424683, 2.500000000000000000 ) ) ;
#2576 = CARTESIAN_POINT ( 'NONE',  ( -0.9736010864138903154, 2.350480947161685208, 0.06249999999999051453 ) ) ;
#2577 = EDGE_CURVE ( 'NONE', #249, #1352, #2472, .T. ) ;
#2578 = CARTESIAN_POINT ( 'NONE',  ( -2.999999999999999112, 4.355104924496651845E-14, -1.250000000000005551 ) ) ;
#2579 = DIRECTION ( 'NONE',  ( -0.000000000000000000, -0.000000000000000000, 1.000000000000000000 ) ) ;
#2580 = VECTOR ( 'NONE', #2004, 1000.000000000000000 ) ;
#2581 = CARTESIAN_POINT ( 'NONE',  ( -1.691508437116427288, 4.796909840390565449, -2.500000000000002220 ) ) ;
ENDSEC;
END-ISO-10303-21;
