# Created by FreeCAD <http://www.freecad.org>
v 2.587917 -0.000000 -1.987916
v 3.100000 0.000000 -2.500000
v 2.586714 -0.223106 -1.996283
v 0.231663 -3.091332 -2.500000
v -0.231663 -3.091332 -2.500000
v -0.165127 -2.747263 -2.152221
v -1.019647 -2.590773 -2.184196
v -1.132557 -2.885709 -2.500000
v -1.351091 -2.449675 -2.197536
v -1.932818 -2.423678 -2.500000
v -2.088388 -1.909802 -2.229965
v -1.741334 -2.210583 -2.214088
v -2.272461 -2.108536 -2.500000
v -2.561340 -1.746292 -2.500000
v -2.359155 -1.589556 -2.244688
v -2.793004 -1.345040 -2.500000
v -2.581107 -1.231393 -2.259853
v -2.962276 -0.913741 -2.500000
v -2.762130 -0.803533 -2.276606
v -3.065376 -0.462031 -2.500000
v -2.862318 -0.406565 -2.291057
v -3.100000 0.000000 -2.500000
v -2.904904 -0.000000 -2.304904
v 3.065376 -0.462031 -2.500000
v 2.781811 -0.591292 -2.243958
v 2.962276 -0.913741 -2.500000
v 2.566681 -0.444098 -2.004806
v 2.527911 -0.663137 -2.013486
v 2.470399 -0.879299 -2.022288
v 2.793004 -1.345040 -2.500000
v 2.598085 -1.156742 -2.243958
v 2.302456 -1.291231 -2.039771
v 2.561340 -1.746292 -2.500000
v 2.300811 -1.671637 -2.243958
v 2.272461 -2.108536 -2.500000
v 2.092602 -1.634292 -2.055176
v 1.932818 -2.423678 -2.500000
v 1.902979 -2.113473 -2.243958
v 1.803388 -1.970888 -2.071444
v 1.635677 -2.122639 -2.079784
v 1.550000 -2.684679 -2.500000
v 1.421979 -2.462940 -2.243958
v 1.132557 -2.885709 -2.500000
v 1.455268 -2.260358 -2.088319
v 1.067068 -2.486171 -2.105469
v 0.689815 -3.022277 -2.500000
v 0.878831 -2.704765 -2.243958
v 0.685615 -2.633153 -2.121027
v 0.297275 -2.828379 -2.243958
v 0.287459 -2.720997 -2.136123
v -0.297275 -2.828379 -2.243958
v -0.620576 -2.698443 -2.168856
v -0.689815 -3.022277 -2.500000
v -0.394106 -2.732210 -2.160472
v -0.878831 -2.704765 -2.243958
v -1.421979 -2.462940 -2.243958
v -1.550000 -2.684679 -2.500000
v -3.100000 0.000000 2.500000
v -3.065376 -0.462031 2.500000
v -2.667163 -0.000000 2.067163
v -2.645774 -0.447414 2.083668
v -2.962276 -0.913741 2.500000
v -2.551205 -0.885847 2.100733
v -2.793004 -1.345040 2.500000
v -2.423992 -1.221564 2.114452
v -2.561340 -1.746292 2.500000
v -2.226609 -1.579265 2.129808
v -2.272461 -2.108536 2.500000
v -1.948068 -1.935478 2.146094
v -1.785996 -2.096506 2.154163
v -1.932818 -2.423678 2.500000
v -1.611079 -2.243941 2.162430
v -1.550000 -2.684679 2.500000
v -1.424542 -2.376615 2.170839
v -1.227874 -2.493410 2.179320
v -1.132557 -2.885709 2.500000
v -1.020857 -2.594247 2.187877
v -0.806384 -2.677732 2.196390
v -0.689815 -3.022277 2.500000
v -0.409652 -2.781505 2.211298
v -0.231663 -3.091332 2.500000
v 0.000000 -3.000000 2.400000
v 0.000000 -2.825657 2.225657
v 0.231663 -3.091332 2.500000
v 0.469303 -2.963065 2.400000
v 0.689815 -3.022277 2.500000
v 0.927051 -2.853169 2.400000
v 1.132557 -2.885709 2.500000
v 1.361971 -2.673020 2.400000
v 1.550000 -2.684679 2.500000
v 1.763356 -2.427051 2.400000
v 1.932818 -2.423678 2.500000
v 2.121320 -2.121320 2.400000
v 2.272461 -2.108536 2.500000
v 2.427051 -1.763356 2.400000
v 2.561340 -1.746292 2.500000
v 2.673020 -1.361971 2.400000
v 2.793004 -1.345040 2.500000
v 2.853169 -0.927051 2.400000
v 2.962276 -0.913741 2.500000
v 2.963065 -0.469303 2.400000
v 3.065376 -0.462031 2.500000
v 3.000000 0.000000 2.400000
v 3.100000 0.000000 2.500000
v 2.350481 0.000000 1.750481
v 2.645096 0.000000 2.045096
v 2.350480 0.002496 1.750481
v 2.350476 0.004991 1.750481
v 2.350469 0.007487 1.750481
v 2.349021 0.220024 1.759269
v 2.666194 0.224441 2.075561
v 2.328835 0.430081 1.768207
v 2.668905 0.449774 2.106477
v 2.290053 0.637959 1.777301
v 2.653054 0.676009 2.137825
v 3.065376 0.462031 2.500000
v 2.962756 0.471250 2.400000
v 2.618794 0.900296 2.169194
v 2.232699 0.842780 1.786511
v 2.962276 0.913741 2.500000
v 2.851949 0.930800 2.400000
v 2.793004 1.345040 2.500000
v 2.670330 1.367238 2.400000
v 2.561340 1.746292 2.500000
v 2.422408 1.769729 2.400000
v 2.272461 2.108536 2.500000
v 1.932818 2.423678 2.500000
v 2.114340 2.128278 2.400000
v 1.550000 2.684679 2.500000
v 1.753774 2.433984 2.400000
v -2.648841 0.229078 2.058773
v -3.065376 0.462031 2.500000
v 2.065367 1.231795 1.804768
v 2.489631 1.108455 2.125241
v 2.496240 1.335381 2.230982
v 2.204766 1.601856 2.125241
v 2.300912 1.750982 2.291485
v 1.856532 1.553435 1.820763
v 1.823542 2.025248 2.125241
v 2.053499 2.112597 2.346130
v 1.568468 1.866197 1.837832
v 1.403006 2.004107 1.846646
v 1.132557 2.885709 2.500000
v 1.362620 2.360127 2.125241
v 1.225947 2.127342 1.855613
v 0.880420 2.309890 1.872001
v 0.689815 3.022277 2.500000
v 0.842146 2.591858 2.125241
v 0.570547 2.419218 1.885653
v 0.284865 2.710311 2.125241
v 0.231663 3.091332 2.500000
v -0.231663 3.091332 2.500000
v 0.188770 2.494195 1.901304
v -0.689815 3.022277 2.500000
v -0.284865 2.710311 2.125241
v -0.244391 2.506228 1.918141
v -0.463000 2.484051 1.926869
v -0.842146 2.591858 2.125241
v -1.132557 2.885709 2.500000
v -0.677759 2.443427 1.935680
v -1.056144 2.322999 1.951814
v -1.550000 2.684679 2.500000
v -1.362620 2.360127 2.125241
v -1.932818 2.423678 2.500000
v -1.445342 2.124281 1.969345
v -2.272461 2.108536 2.500000
v -1.823542 2.025248 2.125241
v -1.764824 1.888237 1.984619
v -2.072332 1.572341 2.001285
v -2.561340 1.746292 2.500000
v -2.204766 1.601856 2.125241
v -2.793004 1.345040 2.500000
v -2.302647 1.243379 2.016954
v -2.962276 0.913741 2.500000
v -2.489631 1.108455 2.125241
v -2.408385 1.046053 2.025774
v -2.496418 0.841823 2.034520
v -2.665687 0.566609 2.125241
v -2.610482 0.456472 2.050094
v -2.350481 0.000000 -1.625000
v -2.318978 -0.383539 -1.724541
v -2.350481 0.000000 -1.750000
v -2.318978 -0.383539 -1.599541
v -2.222927 -0.763778 -1.697578
v -2.222927 -0.763778 -1.572578
v -2.050688 -1.148669 -1.668290
v -2.050688 -1.148669 -1.543290
v -1.814599 -1.493985 -1.639845
v -1.814599 -1.493985 -1.514845
v -1.521275 -1.791782 -1.612514
v -1.521275 -1.791782 -1.487514
v -1.209622 -2.015335 -1.586563
v -1.209622 -2.015335 -1.461563
v -0.868124 -2.184289 -1.560148
v -0.868124 -2.184289 -1.435148
v -0.465282 -2.303969 -1.531105
v -0.465282 -2.303969 -1.406105
v -0.050931 -2.349929 -1.503284
v -0.050931 -2.349929 -1.378284
v 0.330464 -2.327134 -1.478165
v 0.330464 -2.327134 -1.353165
v 0.703637 -2.242689 -1.451964
v 0.703637 -2.242689 -1.326964
v 1.055920 -2.099951 -1.425554
v 1.055920 -2.099951 -1.300554
v 1.412109 -1.879018 -1.396814
v 1.412109 -1.879018 -1.271814
v 1.721526 -1.600347 -1.369458
v 1.721526 -1.600347 -1.244458
v 1.959267 -1.298474 -1.343758
v 1.959267 -1.298474 -1.218758
v 2.143596 -0.964238 -1.317400
v 2.143596 -0.964238 -1.192400
v 2.281243 -0.566295 -1.288194
v 2.281243 -0.566295 -1.163194
v 2.333395 -0.282896 -1.268615
v 2.333395 -0.282896 -1.143615
v 2.350481 -0.000000 -1.250000
v 2.350481 -0.000000 -1.125000
v -2.350481 0.000000 -0.625000
v -2.318978 -0.383539 -0.724541
v -2.350481 0.000000 -0.750000
v -2.318978 -0.383539 -0.599541
v -2.222927 -0.763778 -0.697578
v -2.222927 -0.763778 -0.572578
v -2.050688 -1.148669 -0.668290
v -2.050688 -1.148669 -0.543290
v -1.814599 -1.493985 -0.639845
v -1.814599 -1.493985 -0.514845
v -1.521275 -1.791782 -0.612514
v -1.521275 -1.791782 -0.487514
v -1.209622 -2.015335 -0.586563
v -1.209622 -2.015335 -0.461563
v -0.868124 -2.184289 -0.560148
v -0.868124 -2.184289 -0.435148
v -0.465282 -2.303969 -0.531105
v -0.465282 -2.303969 -0.406105
v -0.050931 -2.349929 -0.503284
v -0.050931 -2.349929 -0.378284
v 0.330464 -2.327134 -0.478165
v 0.330464 -2.327134 -0.353165
v 0.703637 -2.242689 -0.451964
v 0.703637 -2.242689 -0.326964
v 1.055920 -2.099951 -0.425554
v 1.055920 -2.099951 -0.300554
v 1.412109 -1.879018 -0.396814
v 1.412109 -1.879018 -0.271814
v 1.721526 -1.600347 -0.369458
v 1.721526 -1.600347 -0.244458
v 1.959267 -1.298474 -0.343758
v 1.959267 -1.298474 -0.218758
v 2.143596 -0.964238 -0.317400
v 2.143596 -0.964238 -0.192400
v 2.281243 -0.566295 -0.288194
v 2.281243 -0.566295 -0.163194
v 2.333395 -0.282896 -0.268615
v 2.333395 -0.282896 -0.143615
v 2.350481 -0.000000 -0.250000
v 2.350481 -0.000000 -0.125000
v -2.350481 0.000000 0.375000
v -2.318978 -0.383539 0.275459
v -2.350481 0.000000 0.250000
v -2.318978 -0.383539 0.400459
v -2.222927 -0.763778 0.302422
v -2.222927 -0.763778 0.427422
v -2.050688 -1.148669 0.331710
v -2.050688 -1.148669 0.456710
v -1.814599 -1.493985 0.360155
v -1.814599 -1.493985 0.485155
v -1.521275 -1.791782 0.387486
v -1.521275 -1.791782 0.512486
v -1.209622 -2.015335 0.413437
v -1.209622 -2.015335 0.538437
v -0.868124 -2.184289 0.439852
v -0.868124 -2.184289 0.564852
v -0.465282 -2.303969 0.468895
v -0.465282 -2.303969 0.593895
v -0.050931 -2.349929 0.496716
v -0.050931 -2.349929 0.621716
v 0.330464 -2.327134 0.521835
v 0.330464 -2.327134 0.646835
v 0.703637 -2.242689 0.548036
v 0.703637 -2.242689 0.673036
v 1.055920 -2.099951 0.574446
v 1.055920 -2.099951 0.699446
v 1.412109 -1.879018 0.603186
v 1.412109 -1.879018 0.728186
v 1.721526 -1.600347 0.630542
v 1.721526 -1.600347 0.755542
v 1.959267 -1.298474 0.656242
v 1.959267 -1.298474 0.781242
v 2.143596 -0.964238 0.682600
v 2.143596 -0.964238 0.807600
v 2.281243 -0.566295 0.711806
v 2.281243 -0.566295 0.836806
v 2.333395 -0.282896 0.731385
v 2.333395 -0.282896 0.856385
v 2.350481 -0.000000 0.750000
v 2.350481 -0.000000 0.875000
v -2.350481 0.000000 1.375000
v -2.318978 -0.383539 1.275459
v -2.350481 0.000000 1.250000
v -2.318978 -0.383539 1.400459
v -2.222927 -0.763778 1.302422
v -2.222927 -0.763778 1.427422
v -2.050688 -1.148669 1.331710
v -2.050688 -1.148669 1.456710
v -1.814599 -1.493985 1.360155
v -1.814599 -1.493985 1.485155
v -1.521275 -1.791782 1.387486
v -1.521275 -1.791782 1.512486
v -1.209622 -2.015335 1.413437
v -1.209622 -2.015335 1.538437
v -0.868124 -2.184289 1.439852
v -0.868124 -2.184289 1.564852
v -0.465282 -2.303969 1.468895
v -0.465282 -2.303969 1.593895
v -0.050931 -2.349929 1.496716
v -0.050931 -2.349929 1.621716
v 0.330464 -2.327134 1.521835
v 0.330464 -2.327134 1.646835
v 0.703637 -2.242689 1.548036
v 0.703637 -2.242689 1.673036
v 1.055920 -2.099951 1.574446
v 1.055920 -2.099951 1.699446
v 1.382466 -1.900934 1.725700
v 1.412109 -1.879018 1.603186
v 1.667327 -1.656738 1.750481
v 1.721526 -1.600347 1.630542
v 1.905094 -1.376728 1.750481
v 1.959267 -1.298474 1.656242
v 2.096329 -1.063091 1.750481
v 2.143596 -0.964238 1.682600
v 2.236364 -0.723490 1.750481
v 2.281243 -0.566295 1.711806
v 2.321776 -0.366217 1.750481
v 2.333395 -0.282896 1.731385
v 2.350481 -0.000000 1.750000
v 2.318978 0.383539 -1.224541
v 2.318978 0.383539 -1.099541
v 2.222927 0.763778 -1.197578
v 2.222927 0.763778 -1.072578
v 2.050688 1.148669 -1.168290
v 2.050688 1.148669 -1.043290
v 1.814599 1.493985 -1.139845
v 1.814599 1.493985 -1.014845
v 1.521275 1.791782 -1.112514
v 1.521275 1.791782 -0.987514
v 1.209622 2.015335 -1.086563
v 1.209622 2.015335 -0.961563
v 0.868124 2.184289 -1.060148
v 0.868124 2.184289 -0.935148
v 0.465282 2.303969 -1.031105
v 0.465282 2.303969 -0.906105
v 0.050931 2.349929 -1.003284
v 0.050931 2.349929 -0.878284
v -0.330464 2.327134 -0.978165
v -0.330464 2.327134 -0.853165
v -0.703637 2.242689 -0.951964
v -0.703637 2.242689 -0.826964
v -1.055920 2.099951 -0.925554
v -1.055920 2.099951 -0.800554
v -1.412109 1.879018 -0.896814
v -1.412109 1.879018 -0.771814
v -1.721526 1.600347 -0.869458
v -1.721526 1.600347 -0.744458
v -1.959267 1.298474 -0.843758
v -1.959267 1.298474 -0.718758
v -2.143596 0.964238 -0.817400
v -2.143596 0.964238 -0.692400
v -2.281243 0.566295 -0.788194
v -2.281243 0.566295 -0.663194
v -2.333395 0.282896 -0.768615
v -2.333395 0.282896 -0.643615
v 2.318978 0.383539 -0.224541
v 2.318978 0.383539 -0.099541
v 2.222927 0.763778 -0.197578
v 2.222927 0.763778 -0.072578
v 2.050688 1.148669 -0.168290
v 2.050688 1.148669 -0.043290
v 1.814599 1.493985 -0.139845
v 1.814599 1.493985 -0.014845
v 1.521275 1.791782 -0.112514
v 1.521275 1.791782 0.012486
v 1.209622 2.015335 -0.086563
v 1.209622 2.015335 0.038437
v 0.868124 2.184289 -0.060148
v 0.868124 2.184289 0.064852
v 0.465282 2.303969 -0.031105
v 0.465282 2.303969 0.093895
v 0.050931 2.349929 -0.003284
v 0.050931 2.349929 0.121716
v -0.330464 2.327134 0.021835
v -0.330464 2.327134 0.146835
v -0.703637 2.242689 0.048036
v -0.703637 2.242689 0.173036
v -1.055920 2.099951 0.074446
v -1.055920 2.099951 0.199446
v -1.412109 1.879018 0.103186
v -1.412109 1.879018 0.228186
v -1.721526 1.600347 0.130542
v -1.721526 1.600347 0.255542
v -1.959267 1.298474 0.156242
v -1.959267 1.298474 0.281242
v -2.143596 0.964238 0.182600
v -2.143596 0.964238 0.307600
v -2.281243 0.566295 0.211806
v -2.281243 0.566295 0.336806
v -2.333395 0.282896 0.231385
v -2.333395 0.282896 0.356385
v 2.318978 0.383539 0.775459
v 2.318978 0.383539 0.900459
v 2.222927 0.763778 0.802422
v 2.222927 0.763778 0.927422
v 2.050688 1.148669 0.831710
v 2.050688 1.148669 0.956710
v 1.814599 1.493985 0.860155
v 1.814599 1.493985 0.985155
v 1.521275 1.791782 0.887486
v 1.521275 1.791782 1.012486
v 1.209622 2.015335 0.913437
v 1.209622 2.015335 1.038437
v 0.868124 2.184289 0.939852
v 0.868124 2.184289 1.064852
v 0.465282 2.303969 0.968895
v 0.465282 2.303969 1.093895
v 0.050931 2.349929 0.996716
v 0.050931 2.349929 1.121716
v -0.330464 2.327134 1.021835
v -0.330464 2.327134 1.146835
v -0.703637 2.242689 1.048036
v -0.703637 2.242689 1.173036
v -1.055920 2.099951 1.074446
v -1.055920 2.099951 1.199446
v -1.412109 1.879018 1.103186
v -1.412109 1.879018 1.228186
v -1.721526 1.600347 1.130542
v -1.721526 1.600347 1.255542
v -1.959267 1.298474 1.156242
v -1.959267 1.298474 1.281242
v -2.143596 0.964238 1.182600
v -2.143596 0.964238 1.307600
v -2.281243 0.566295 1.211806
v -2.281243 0.566295 1.336806
v -2.333395 0.282896 1.231385
v -2.333395 0.282896 1.356385
v 3.000000 -0.000000 2.250000
v 2.972208 -0.407409 2.228930
v 2.887374 -0.814293 2.206698
v 2.722125 -1.260966 2.180789
v 2.513326 -1.638045 2.157474
v 2.251148 -1.983011 2.134661
v 1.912083 -2.311696 2.110510
v 1.525102 -2.583421 2.085386
v 1.097453 -2.792059 2.059530
v 0.686357 -2.920430 2.036179
v 0.258869 -2.988810 2.013253
v 0.000000 -3.000000 2.125000
v -0.214930 -2.992291 1.989029
v -0.340513 -2.980613 2.107470
v -0.682012 -2.921448 1.964061
v -0.682012 -2.921448 2.089061
v -1.134945 -2.777031 2.063272
v -1.134945 -2.777031 1.938272
v -1.520579 -2.586086 2.039898
v -1.520579 -2.586086 1.914898
v -1.876680 -2.340528 2.016871
v -1.876680 -2.340528 1.891871
v -2.191798 -2.048419 1.994865
v -2.191798 -2.048419 1.869865
v -2.485791 -1.679536 1.970187
v -2.485791 -1.679536 1.845187
v -2.719589 -1.266427 1.944538
v -2.719589 -1.266427 1.819538
v -2.872628 -0.864876 1.921153
v -2.872628 -0.864876 1.796153
v -2.968564 -0.433158 1.897441
v -2.968564 -0.433158 1.772441
v -3.000000 0.000000 1.875000
v -3.000000 0.000000 1.750000
v 3.000000 -0.000000 1.250000
v 2.972208 -0.407409 1.353930
v 3.000000 -0.000000 1.375000
v 2.972208 -0.407409 1.228930
v 2.887374 -0.814293 1.331698
v 2.887374 -0.814293 1.206698
v 2.722125 -1.260966 1.305789
v 2.722125 -1.260966 1.180789
v 2.513326 -1.638045 1.282474
v 2.513326 -1.638045 1.157474
v 2.251148 -1.983011 1.259661
v 2.251148 -1.983011 1.134661
v 1.912083 -2.311696 1.235510
v 1.912083 -2.311696 1.110510
v 1.525102 -2.583421 1.210385
v 1.525102 -2.583421 1.085385
v 1.097453 -2.792059 1.184530
v 1.097453 -2.792059 1.059530
v 0.686357 -2.920430 1.161179
v 0.686357 -2.920430 1.036179
v 0.258869 -2.988810 1.138253
v 0.258869 -2.988810 1.013253
v -0.214930 -2.992291 1.114029
v -0.214930 -2.992291 0.989029
v -0.682012 -2.921448 1.089061
v -0.682012 -2.921448 0.964061
v -1.134945 -2.777031 1.063272
v -1.134945 -2.777031 0.938272
v -1.520579 -2.586086 1.039898
v -1.520579 -2.586086 0.914898
v -1.876680 -2.340528 1.016871
v -1.876680 -2.340528 0.891871
v -2.191798 -2.048419 0.994865
v -2.191798 -2.048419 0.869865
v -2.485791 -1.679536 0.970187
v -2.485791 -1.679536 0.845187
v -2.719589 -1.266427 0.944538
v -2.719589 -1.266427 0.819538
v -2.872628 -0.864876 0.921153
v -2.872628 -0.864876 0.796153
v -2.968564 -0.433158 0.897441
v -2.968564 -0.433158 0.772441
v -3.000000 0.000000 0.875000
v -3.000000 0.000000 0.750000
v 3.000000 -0.000000 0.250000
v 2.972208 -0.407409 0.353930
v 3.000000 -0.000000 0.375000
v 2.972208 -0.407409 0.228930
v 2.887374 -0.814293 0.331698
v 2.887374 -0.814293 0.206698
v 2.722125 -1.260966 0.305789
v 2.722125 -1.260966 0.180789
v 2.513326 -1.638045 0.282474
v 2.513326 -1.638045 0.157474
v 2.251148 -1.983011 0.259661
v 2.251148 -1.983011 0.134661
v 1.912083 -2.311696 0.235510
v 1.912083 -2.311696 0.110510
v 1.525102 -2.583421 0.210385
v 1.525102 -2.583421 0.085385
v 1.097453 -2.792059 0.184530
v 1.097453 -2.792059 0.059530
v 0.686357 -2.920430 0.161179
v 0.686357 -2.920430 0.036179
v 0.258869 -2.988810 0.138253
v 0.258869 -2.988810 0.013253
v -0.214930 -2.992291 0.114029
v -0.214930 -2.992291 -0.010971
v -0.682012 -2.921448 0.089061
v -0.682012 -2.921448 -0.035939
v -1.134945 -2.777031 0.063272
v -1.134945 -2.777031 -0.061728
v -1.520579 -2.586086 0.039898
v -1.520579 -2.586086 -0.085102
v -1.876680 -2.340528 0.016871
v -1.876680 -2.340528 -0.108129
v -2.191798 -2.048419 -0.005135
v -2.191798 -2.048419 -0.130135
v -2.485791 -1.679536 -0.029813
v -2.485791 -1.679536 -0.154813
v -2.719589 -1.266427 -0.055462
v -2.719589 -1.266427 -0.180462
v -2.872628 -0.864876 -0.078847
v -2.872628 -0.864876 -0.203847
v -2.968564 -0.433158 -0.102559
v -2.968564 -0.433158 -0.227559
v -3.000000 0.000000 -0.125000
v -3.000000 0.000000 -0.250000
v 3.000000 -0.000000 -0.750000
v 2.972208 -0.407409 -0.646070
v 3.000000 -0.000000 -0.625000
v 2.972208 -0.407409 -0.771070
v 2.887374 -0.814293 -0.668302
v 2.887374 -0.814293 -0.793302
v 2.722125 -1.260966 -0.694211
v 2.722125 -1.260966 -0.819211
v 2.513326 -1.638045 -0.717526
v 2.513326 -1.638045 -0.842526
v 2.251148 -1.983011 -0.740339
v 2.251148 -1.983011 -0.865339
v 1.912083 -2.311696 -0.764490
v 1.912083 -2.311696 -0.889490
v 1.525102 -2.583421 -0.789615
v 1.525102 -2.583421 -0.914615
v 1.097453 -2.792059 -0.815470
v 1.097453 -2.792059 -0.940470
v 0.686357 -2.920430 -0.838821
v 0.686357 -2.920430 -0.963821
v 0.258869 -2.988810 -0.861747
v 0.258869 -2.988810 -0.986747
v -0.214930 -2.992291 -0.885971
v -0.214930 -2.992291 -1.010971
v -0.682012 -2.921448 -0.910939
v -0.682012 -2.921448 -1.035939
v -1.134945 -2.777031 -0.936728
v -1.134945 -2.777031 -1.061728
v -1.520579 -2.586086 -0.960102
v -1.520579 -2.586086 -1.085102
v -1.876680 -2.340528 -0.983129
v -1.876680 -2.340528 -1.108129
v -2.191798 -2.048419 -1.005135
v -2.191798 -2.048419 -1.130135
v -2.485791 -1.679536 -1.029813
v -2.485791 -1.679536 -1.154813
v -2.719589 -1.266427 -1.055462
v -2.719589 -1.266427 -1.180462
v -2.872628 -0.864876 -1.078847
v -2.872628 -0.864876 -1.203847
v -2.968564 -0.433158 -1.102559
v -2.968564 -0.433158 -1.227559
v -3.000000 0.000000 -1.125000
v -3.000000 0.000000 -1.250000
v 3.000000 -0.000000 -1.750000
v 2.972208 -0.407409 -1.646070
v 3.000000 -0.000000 -1.625000
v 2.972208 -0.407409 -1.771070
v 2.887374 -0.814293 -1.668302
v 2.887374 -0.814293 -1.793302
v 2.722125 -1.260966 -1.694211
v 2.722125 -1.260966 -1.819211
v 2.513326 -1.638045 -1.717526
v 2.513326 -1.638045 -1.842526
v 2.251148 -1.983011 -1.740339
v 2.251148 -1.983011 -1.865339
v 1.912083 -2.311696 -1.764490
v 1.912083 -2.311696 -1.889490
v 1.525102 -2.583421 -1.789615
v 1.525102 -2.583421 -1.914615
v 1.097453 -2.792059 -1.815470
v 1.097453 -2.792059 -1.940470
v 0.686357 -2.920430 -1.838821
v 0.686357 -2.920430 -1.963821
v 0.258869 -2.988810 -1.861747
v 0.258869 -2.988810 -1.986747
v -0.214930 -2.992291 -1.885971
v -0.214930 -2.992291 -2.010971
v -0.682012 -2.921448 -1.910939
v -0.682012 -2.921448 -2.035939
v -1.134945 -2.777031 -1.936728
v -1.134945 -2.777031 -2.061728
v -1.520579 -2.586086 -1.960102
v -1.520579 -2.586086 -2.085102
v -1.876680 -2.340528 -1.983129
v -1.876680 -2.340528 -2.108129
v -2.191798 -2.048419 -2.005135
v -2.191798 -2.048419 -2.130135
v -2.485791 -1.679536 -2.029813
v -2.485791 -1.679536 -2.154813
v -2.719589 -1.266427 -2.055462
v -2.719589 -1.266427 -2.180462
v -2.872628 -0.864876 -2.078846
v -2.872628 -0.864876 -2.203846
v -2.968564 -0.433158 -2.102559
v -2.968564 -0.433158 -2.227559
v -3.000000 0.000000 -2.125000
v -3.000000 0.000000 -2.250000
v -2.972208 0.407409 1.853930
v -2.972208 0.407409 1.728930
v -2.887374 0.814293 1.831698
v -2.887374 0.814293 1.706698
v -2.722125 1.260966 1.805789
v -2.722125 1.260966 1.680789
v -2.513326 1.638045 1.782474
v -2.513326 1.638045 1.657474
v -2.251148 1.983011 1.759661
v -2.251148 1.983011 1.634661
v -1.912083 2.311696 1.735510
v -1.912083 2.311696 1.610510
v -1.525102 2.583421 1.710385
v -1.525102 2.583421 1.585385
v -1.097453 2.792059 1.684530
v -1.097453 2.792059 1.559530
v -0.686357 2.920430 1.661179
v -0.686357 2.920430 1.536179
v -0.258869 2.988810 1.638253
v -0.258869 2.988810 1.513253
v 0.214930 2.992291 1.614029
v 0.214930 2.992291 1.489029
v 0.682012 2.921448 1.589061
v 0.682012 2.921448 1.464061
v 1.134945 2.777031 1.563272
v 1.134945 2.777031 1.438272
v 1.520579 2.586086 1.539898
v 1.520579 2.586086 1.414898
v 1.876680 2.340528 1.516871
v 1.876680 2.340528 1.391871
v 2.191798 2.048419 1.494865
v 2.191798 2.048419 1.369865
v 2.485791 1.679536 1.470187
v 2.485791 1.679536 1.345187
v 2.719589 1.266427 1.444538
v 2.719589 1.266427 1.319538
v 2.872628 0.864876 1.421153
v 2.872628 0.864876 1.296153
v 2.968564 0.433158 1.397441
v 2.968564 0.433158 1.272441
v -2.972208 0.407409 0.853930
v -2.972208 0.407409 0.728930
v -2.887374 0.814293 0.831698
v -2.887374 0.814293 0.706698
v -2.722125 1.260966 0.805789
v -2.722125 1.260966 0.680789
v -2.513326 1.638045 0.782474
v -2.513326 1.638045 0.657474
v -2.251148 1.983011 0.759661
v -2.251148 1.983011 0.634661
v -1.912083 2.311696 0.735510
v -1.912083 2.311696 0.610510
v -1.525102 2.583421 0.710385
v -1.525102 2.583421 0.585385
v -1.097453 2.792059 0.684530
v -1.097453 2.792059 0.559530
v -0.686357 2.920430 0.661179
v -0.686357 2.920430 0.536179
v -0.258869 2.988810 0.638253
v -0.258869 2.988810 0.513253
v 0.214930 2.992291 0.614029
v 0.214930 2.992291 0.489029
v 0.682012 2.921448 0.589061
v 0.682012 2.921448 0.464061
v 1.134945 2.777031 0.563272
v 1.134945 2.777031 0.438272
v 1.520579 2.586086 0.539898
v 1.520579 2.586086 0.414898
v 1.876680 2.340528 0.516871
v 1.876680 2.340528 0.391871
v 2.191798 2.048419 0.494865
v 2.191798 2.048419 0.369865
v 2.485791 1.679536 0.470187
v 2.485791 1.679536 0.345187
v 2.719589 1.266427 0.444538
v 2.719589 1.266427 0.319538
v 2.872628 0.864876 0.421153
v 2.872628 0.864876 0.296153
v 2.968564 0.433158 0.397441
v 2.968564 0.433158 0.272441
v -2.972208 0.407409 -0.146070
v -2.972208 0.407409 -0.271070
v -2.887374 0.814293 -0.168302
v -2.887374 0.814293 -0.293302
v -2.722125 1.260966 -0.194211
v -2.722125 1.260966 -0.319211
v -2.513326 1.638045 -0.217526
v -2.513326 1.638045 -0.342526
v -2.251148 1.983011 -0.240339
v -2.251148 1.983011 -0.365339
v -1.912083 2.311696 -0.264490
v -1.912083 2.311696 -0.389490
v -1.525102 2.583421 -0.289615
v -1.525102 2.583421 -0.414615
v -1.097453 2.792059 -0.315470
v -1.097453 2.792059 -0.440470
v -0.686357 2.920430 -0.338821
v -0.686357 2.920430 -0.463821
v -0.258869 2.988810 -0.361747
v -0.258869 2.988810 -0.486747
v 0.214930 2.992291 -0.385971
v 0.214930 2.992291 -0.510971
v 0.682012 2.921448 -0.410939
v 0.682012 2.921448 -0.535939
v 1.134945 2.777031 -0.436728
v 1.134945 2.777031 -0.561728
v 1.520579 2.586086 -0.460102
v 1.520579 2.586086 -0.585102
v 1.876680 2.340528 -0.483129
v 1.876680 2.340528 -0.608129
v 2.191798 2.048419 -0.505135
v 2.191798 2.048419 -0.630135
v 2.485791 1.679536 -0.529813
v 2.485791 1.679536 -0.654813
v 2.719589 1.266427 -0.555462
v 2.719589 1.266427 -0.680462
v 2.872628 0.864876 -0.578847
v 2.872628 0.864876 -0.703847
v 2.968564 0.433158 -0.602559
v 2.968564 0.433158 -0.727559
v -2.972208 0.407409 -1.146070
v -2.972208 0.407409 -1.271070
v -2.887374 0.814293 -1.168302
v -2.887374 0.814293 -1.293302
v -2.722125 1.260966 -1.194211
v -2.722125 1.260966 -1.319211
v -2.513326 1.638045 -1.217526
v -2.513326 1.638045 -1.342526
v -2.251148 1.983011 -1.240339
v -2.251148 1.983011 -1.365339
v -1.912083 2.311696 -1.264490
v -1.912083 2.311696 -1.389490
v -1.525102 2.583421 -1.289615
v -1.525102 2.583421 -1.414615
v -1.097453 2.792059 -1.315470
v -1.097453 2.792059 -1.440470
v -0.686357 2.920430 -1.338821
v -0.686357 2.920430 -1.463821
v -0.258869 2.988810 -1.361747
v -0.258869 2.988810 -1.486747
v 0.214930 2.992291 -1.385971
v 0.214930 2.992291 -1.510971
v 0.682012 2.921448 -1.410939
v 0.682012 2.921448 -1.535939
v 1.134945 2.777031 -1.436728
v 1.134945 2.777031 -1.561728
v 1.520579 2.586086 -1.460102
v 1.520579 2.586086 -1.585102
v 1.876680 2.340528 -1.483129
v 1.876680 2.340528 -1.608129
v 2.191798 2.048419 -1.505135
v 2.191798 2.048419 -1.630135
v 2.485791 1.679536 -1.529813
v 2.485791 1.679536 -1.654813
v 2.719589 1.266427 -1.555462
v 2.719589 1.266427 -1.680462
v 2.872628 0.864876 -1.578847
v 2.872628 0.864876 -1.703847
v 2.968564 0.433158 -1.602559
v 2.968564 0.433158 -1.727559
v -2.981422 0.333351 -2.142153
v -2.987161 0.277248 -2.264212
v -2.948028 0.555993 -2.279047
v -2.924732 0.667787 -2.160155
v -2.823459 1.013942 -2.304675
v -2.782556 1.121331 -2.185929
v -2.649662 1.406873 -2.328059
v -2.593539 1.507831 -2.209306
v -2.420200 1.772747 -2.351241
v -2.349786 1.865075 -2.232352
v -2.113214 2.129396 -2.375576
v -2.058830 2.182022 -2.254408
v -1.753774 2.433984 -2.400000
v -1.691424 2.477717 -2.279047
v -1.351423 2.678368 -2.400000
v -1.279522 2.713452 -2.304675
v -0.915795 2.856802 -2.400000
v -0.878784 2.868403 -2.328059
v -0.457618 2.964892 -2.400000
v -0.457818 2.964861 -2.351241
v 0.011442 2.999978 -2.375576
v 0.011827 2.999977 -2.400000
v 0.480981 2.961192 -2.400000
v -3.830222 -3.213938 -2.500000
v -3.431208 -3.636868 -2.500000
v -2.985793 -4.010616 -2.500000
v -4.177439 -2.747545 -2.500000
v -2.500000 -4.330127 -2.500000
v -1.980399 -4.591081 -2.500000
v -4.468163 -2.243996 -2.500000
v -4.698463 -1.710101 -2.500000
v -1.434016 -4.789948 -2.500000
v -4.865224 -1.153079 -2.500000
v -0.868241 -4.924039 -2.500000
v -4.966192 -0.580465 -2.500000
v -0.290724 -4.991541 -2.500000
v 0.290724 -4.991541 -2.500000
v -4.966192 0.580465 -2.500000
v -5.000000 0.000000 -2.500000
v 0.868241 -4.924039 -2.500000
v -4.865224 1.153079 -2.500000
v -3.065376 0.462031 -2.500000
v 1.434016 -4.789948 -2.500000
v -4.698463 1.710101 -2.500000
v -2.962276 0.913741 -2.500000
v 1.980399 -4.591081 -2.500000
v -4.468163 2.243996 -2.500000
v -2.793004 1.345040 -2.500000
v 2.500000 -4.330127 -2.500000
v 2.985793 -4.010616 -2.500000
v -4.177439 2.747545 -2.500000
v -2.561340 1.746292 -2.500000
v -3.830222 3.213938 -2.500000
v 3.431208 -3.636868 -2.500000
v -2.272461 2.108536 -2.500000
v -3.431208 3.636868 -2.500000
v -1.932818 2.423678 -2.500000
v 3.830222 -3.213938 -2.500000
v -2.985793 4.010616 -2.500000
v -1.550000 2.684679 -2.500000
v 4.177439 -2.747545 -2.500000
v -2.500000 4.330127 -2.500000
v 4.468163 -2.243996 -2.500000
v -1.980399 4.591081 -2.500000
v -1.132557 2.885709 -2.500000
v 4.698463 -1.710101 -2.500000
v -1.434016 4.789948 -2.500000
v -0.689815 3.022277 -2.500000
v 4.865224 -1.153079 -2.500000
v -0.868241 4.924039 -2.500000
v -0.231663 3.091332 -2.500000
v 4.966192 -0.580465 -2.500000
v -0.290724 4.991541 -2.500000
v 0.231663 3.091332 -2.500000
v 5.000000 -0.000000 -2.500000
v 0.290724 4.991541 -2.500000
v 4.966192 0.580465 -2.500000
v 3.065376 0.462031 -2.500000
v 0.868241 4.924039 -2.500000
v 0.689815 3.022277 -2.500000
v 4.865224 1.153079 -2.500000
v 2.962276 0.913741 -2.500000
v 1.434016 4.789948 -2.500000
v 1.132557 2.885709 -2.500000
v 4.698463 1.710101 -2.500000
v 2.793004 1.345040 -2.500000
v 1.980399 4.591081 -2.500000
v 1.550000 2.684679 -2.500000
v 4.468163 2.243996 -2.500000
v 2.500000 4.330127 -2.500000
v 4.177439 2.747545 -2.500000
v 2.561340 1.746292 -2.500000
v 2.985793 4.010616 -2.500000
v 1.932818 2.423678 -2.500000
v 3.830222 3.213938 -2.500000
v 2.272461 2.108536 -2.500000
v 3.431208 3.636868 -2.500000
v 0.125000 5.701334 2.094294
v 0.623302 5.413639 2.240542
v 0.125000 5.701334 -2.094294
v 0.623302 5.413639 -2.240542
v 1.125720 5.123568 -2.358099
v 1.125720 5.123568 2.358099
v 1.465951 4.927135 -2.418790
v 1.465951 4.927135 2.418790
v 1.808945 4.729108 -2.463298
v 1.808945 4.729108 2.463298
v 2.153941 4.529924 -2.490672
v 2.153941 4.529924 2.490672
v 2.500000 4.330127 2.500000
v 2.942756 4.074502 2.484617
v 2.942756 4.074502 -2.484617
v 3.381881 3.820973 2.440037
v 3.381881 3.820973 -2.440037
v 3.738667 3.614983 2.383488
v 3.738667 3.614983 -2.383488
v 4.093377 3.410190 2.310258
v 4.093377 3.410190 -2.310258
v 4.485260 3.183936 -2.210894
v 4.485260 3.183936 2.210894
v 4.875000 2.958920 -2.094294
v 4.875000 2.958920 2.094294
v -4.875000 2.958920 2.094294
v -4.376698 3.246615 2.240542
v -4.875000 2.958920 -2.094294
v -4.376698 3.246615 -2.240542
v -3.874280 3.536686 -2.358099
v -3.874280 3.536686 2.358099
v -3.534049 3.733119 -2.418790
v -3.534049 3.733119 2.418790
v -3.191055 3.931146 -2.463298
v -3.191055 3.931146 2.463298
v -2.846059 4.130330 -2.490672
v -2.846059 4.130330 2.490672
v -2.500000 4.330127 2.500000
v -2.057244 4.585752 2.484617
v -2.057244 4.585752 -2.484617
v -1.618119 4.839281 2.440037
v -1.618119 4.839281 -2.440037
v -1.261333 5.045271 2.383488
v -1.261333 5.045271 -2.383488
v -0.906623 5.250064 2.310258
v -0.906623 5.250064 -2.310258
v -0.514739 5.476318 -2.210894
v -0.514739 5.476318 2.210894
v -0.125000 5.701334 -2.094294
v -0.125000 5.701334 2.094294
v -5.000000 -2.742414 -2.094294
v -5.000000 -2.742414 2.094294
v -5.000000 -2.171381 -2.239477
v -5.000000 -2.171381 2.239477
v -5.000000 -1.594939 2.356669
v -5.000000 -1.594939 -2.356669
v -5.000000 -1.198548 2.418201
v -5.000000 -1.198548 -2.418201
v -5.000000 -0.800708 2.463123
v -5.000000 -0.800708 -2.463123
v -5.000000 -0.401217 2.490650
v -5.000000 -0.401217 -2.490650
v -5.000000 0.000000 2.500000
v -5.000000 0.511762 -2.484674
v -5.000000 0.511762 2.484674
v -5.000000 1.022835 -2.440050
v -5.000000 1.022835 2.440050
v -5.000000 1.436838 -2.383170
v -5.000000 1.436838 2.383170
v -5.000000 1.846104 -2.309531
v -5.000000 1.846104 2.309531
v -5.000000 2.296355 2.210122
v -5.000000 2.296355 -2.210122
v -5.000000 2.742414 2.094294
v -5.000000 2.742414 -2.094294
v -0.125000 -5.701334 2.094294
v -0.623302 -5.413639 2.240542
v -0.125000 -5.701334 -2.094294
v -0.623302 -5.413639 -2.240542
v -1.125720 -5.123568 -2.358099
v -1.125720 -5.123568 2.358099
v -1.465951 -4.927135 -2.418790
v -1.465951 -4.927135 2.418790
v -1.808945 -4.729108 -2.463298
v -1.808945 -4.729108 2.463298
v -2.153941 -4.529924 -2.490672
v -2.153941 -4.529924 2.490672
v -2.500000 -4.330127 2.500000
v -2.942756 -4.074502 2.484617
v -2.942756 -4.074502 -2.484617
v -3.381881 -3.820973 2.440037
v -3.381881 -3.820973 -2.440037
v -3.738667 -3.614983 2.383488
v -3.738667 -3.614983 -2.383488
v -4.093377 -3.410190 2.310258
v -4.093377 -3.410190 -2.310258
v -4.485260 -3.183936 -2.210894
v -4.485260 -3.183936 2.210894
v -4.875000 -2.958920 -2.094294
v -4.875000 -2.958920 2.094294
v 4.875000 -2.958920 2.094294
v 4.376698 -3.246615 2.240542
v 4.875000 -2.958920 -2.094294
v 4.376698 -3.246615 -2.240542
v 3.874280 -3.536686 -2.358099
v 3.874280 -3.536686 2.358099
v 3.534049 -3.733119 -2.418790
v 3.534049 -3.733119 2.418790
v 3.191055 -3.931146 -2.463298
v 3.191055 -3.931146 2.463298
v 2.846059 -4.130330 -2.490672
v 2.846059 -4.130330 2.490672
v 2.500000 -4.330127 2.500000
v 2.057244 -4.585752 2.484617
v 2.057244 -4.585752 -2.484617
v 1.618119 -4.839281 2.440037
v 1.618119 -4.839281 -2.440037
v 1.261333 -5.045271 2.383488
v 1.261333 -5.045271 -2.383488
v 0.906623 -5.250064 2.310258
v 0.906623 -5.250064 -2.310258
v 0.514739 -5.476318 -2.210894
v 0.514739 -5.476318 2.210894
v 0.125000 -5.701334 -2.094294
v 0.125000 -5.701334 2.094294
v 5.000000 2.742414 2.094294
v 5.000000 2.166891 2.240587
v 5.000000 2.742414 -2.094294
v 5.000000 2.166891 -2.240587
v 5.000000 1.584144 2.358581
v 5.000000 1.584144 -2.358581
v 5.000000 1.192373 2.418984
v 5.000000 1.192373 -2.418984
v 5.000000 0.796269 2.463356
v 5.000000 0.796269 -2.463356
v 5.000000 0.397992 2.490680
v 5.000000 0.397992 -2.490680
v 5.000000 -0.000000 2.500000
v 5.000000 -0.508722 2.485008
v 5.000000 -0.508722 -2.485008
v 5.000000 -1.014698 2.441096
v 5.000000 -1.014698 -2.441096
v 5.000000 -1.426749 2.384772
v 5.000000 -1.426749 -2.384772
v 5.000000 -1.837569 2.311167
v 5.000000 -1.837569 -2.311167
v 5.000000 -2.291892 -2.211133
v 5.000000 -2.291892 2.211133
v 5.000000 -2.742414 -2.094294
v 5.000000 -2.742414 2.094294
v -3.830222 -3.213938 2.500000
v -3.431208 -3.636868 2.500000
v -2.985793 -4.010616 2.500000
v -4.177439 -2.747545 2.500000
v -1.980399 -4.591081 2.500000
v -4.698463 -1.710101 2.500000
v -4.468163 -2.243996 2.500000
v -1.434016 -4.789948 2.500000
v -4.865224 -1.153079 2.500000
v -0.868241 -4.924039 2.500000
v -4.966192 -0.580465 2.500000
v -0.290724 -4.991541 2.500000
v 0.290724 -4.991541 2.500000
v -4.966192 0.580465 2.500000
v 0.868241 -4.924039 2.500000
v -4.865224 1.153079 2.500000
v 1.434016 -4.789948 2.500000
v -4.698463 1.710101 2.500000
v 1.980399 -4.591081 2.500000
v -4.468163 2.243996 2.500000
v 2.985793 -4.010616 2.500000
v -4.177439 2.747545 2.500000
v -3.830222 3.213938 2.500000
v 3.431208 -3.636868 2.500000
v -3.431208 3.636868 2.500000
v 3.830222 -3.213938 2.500000
v -2.985793 4.010616 2.500000
v 4.177439 -2.747545 2.500000
v 4.468163 -2.243996 2.500000
v -1.980399 4.591081 2.500000
v 4.698463 -1.710101 2.500000
v -1.434016 4.789948 2.500000
v 4.865224 -1.153079 2.500000
v -0.868241 4.924039 2.500000
v 4.966192 -0.580465 2.500000
v -0.290724 4.991541 2.500000
v 0.290724 4.991541 2.500000
v 4.966192 0.580465 2.500000
v 0.868241 4.924039 2.500000
v 4.865224 1.153079 2.500000
v 1.434016 4.789948 2.500000
v 4.698463 1.710101 2.500000
v 1.980399 4.591081 2.500000
v 4.468163 2.243996 2.500000
v 4.177439 2.747545 2.500000
v 2.985793 4.010616 2.500000
v 3.830222 3.213938 2.500000
v 3.431208 3.636868 2.500000
v 4.941157 -2.903458 2.077917
v 4.966394 -2.867609 2.075747
v 4.984910 -2.827748 2.077896
v 4.910316 -2.934180 2.084193
v 4.996190 -2.785485 2.084181
v -0.043890 -5.730896 2.077917
v -0.000225 -5.734828 2.075747
v 0.043554 -5.730933 2.077896
v -0.085916 -5.719548 2.084193
v 0.085794 -5.719570 2.084181
v -4.985047 -2.827438 2.077917
v -4.966619 -2.867219 2.075747
v -4.941357 -2.903185 2.077896
v -4.996233 -2.785368 2.084193
v -4.910396 -2.934084 2.084181
v -4.941157 2.903458 2.077917
v -4.966394 2.867609 2.075747
v -4.984910 2.827748 2.077896
v -4.910316 2.934180 2.084193
v -4.996190 2.785485 2.084181
v 0.043890 5.730896 2.077917
v 0.000225 5.734828 2.075747
v -0.043554 5.730933 2.077896
v 0.085916 5.719548 2.084193
v -0.085794 5.719570 2.084181
v 4.985047 2.827438 2.077917
v 4.966619 2.867219 2.075747
v 4.941357 2.903185 2.077896
v 4.996233 2.785368 2.084193
v 4.910396 2.934084 2.084181
v 4.941157 2.903458 -2.077917
v 4.966394 2.867609 -2.075747
v 4.984910 2.827748 -2.077896
v 4.910316 2.934180 -2.084193
v 4.996190 2.785485 -2.084181
v -0.043890 5.730896 -2.077917
v -0.000225 5.734828 -2.075747
v 0.043554 5.730933 -2.077896
v -0.085916 5.719548 -2.084193
v 0.085794 5.719570 -2.084181
v -4.985047 2.827438 -2.077917
v -4.966619 2.867219 -2.075747
v -4.941357 2.903185 -2.077896
v -4.996233 2.785368 -2.084193
v -4.910396 2.934084 -2.084181
v -4.941157 -2.903458 -2.077917
v -4.966394 -2.867609 -2.075747
v -4.984910 -2.827748 -2.077896
v -4.910316 -2.934180 -2.084193
v -4.996190 -2.785485 -2.084181
v 0.043890 -5.730896 -2.077917
v 0.000225 -5.734828 -2.075747
v -0.043554 -5.730933 -2.077896
v 0.085916 -5.719548 -2.084193
v -0.085794 -5.719570 -2.084181
v 4.985047 -2.827438 -2.077917
v 4.966619 -2.867219 -2.075747
v 4.941357 -2.903185 -2.077896
v 4.996233 -2.785368 -2.084193
v 4.910396 -2.934084 -2.084181
v 1.983700 2.250541 2.384614
v 2.191798 2.048419 2.369865
v 2.485791 1.679536 2.345187
v 2.719589 1.266427 2.319538
v 2.872628 0.864876 2.296154
v 2.968564 0.433158 2.272441
v -1.956975 2.262132 -2.391207
v -2.143553 2.073831 -2.382583
v -2.431375 1.700204 -2.366874
v -2.637158 1.326819 -2.352125
v -2.786414 0.929190 -2.337200
v -2.882723 0.469640 -2.320801
v -2.903189 0.234823 -2.312746
v 2.565958 0.252970 -1.978341
v 2.519160 0.501213 -1.968489
v 2.380212 0.917263 -1.950868
v 2.195064 1.267588 -1.934769
v 2.070028 1.447505 -1.925966
v 1.929296 1.616757 -1.917320
v 1.615052 1.909052 -1.900580
v 1.288944 2.124142 -1.884795
v 0.728138 2.349268 -1.859519
v -0.666057 2.307134 -1.801335
v -1.054375 2.137061 -1.783008
v -1.374324 1.926746 -1.766507
v 1.942885 -1.419269 1.806041
v 2.180104 -1.144300 1.862233
v 2.387669 -0.812706 1.922174
v 2.550921 -0.419509 1.985202
v 1.213264 2.450354 -1.726861
v 0.933473 2.285243 -1.868538
v 0.384982 2.697900 -1.680581
v 0.516569 2.395385 -1.850479
v 0.129109 2.431158 -1.834574
v -0.044793 2.716913 -1.660731
v -0.294128 2.399503 -1.817489
v -2.324420 1.324380 -1.520393
v -1.906344 1.374996 -1.725077
v -2.108276 1.039197 -1.698151
v -2.507506 0.932375 -1.494006
v -2.260047 0.645714 -1.668856
v -2.618582 0.547669 -1.469713
v -2.328165 0.323126 -1.646336
v -2.669106 0.181061 -1.447855
v -2.668305 -0.192510 -1.426480
v -2.606004 -0.604696 -1.401777
v -1.529177 -2.195115 -1.284965
v -1.198153 -2.391933 -1.261697
v -0.800030 -2.552815 -1.235483
v -0.360653 -2.650819 -1.208412
v 1.836671 -1.945135 -1.066851
v 2.123185 -1.627574 -1.042195
v 2.335186 -1.305305 -1.019066
v 2.514208 -0.914149 -0.992822
v 2.670424 -0.160469 -0.946663
v 2.668305 0.192510 -0.926480
v 2.606004 0.604696 -0.901776
v 1.529177 2.195115 -0.784965
v 1.198153 2.391933 -0.761697
v 0.800030 2.552815 -0.735483
v 0.360653 2.650819 -0.708412
v -1.836671 1.945135 -0.566851
v -2.123185 1.627574 -0.542195
v -2.335186 1.305305 -0.519066
v -2.514208 0.914149 -0.492822
v -2.670424 0.160469 -0.446663
v -2.668305 -0.192510 -0.426480
v -2.606004 -0.604696 -0.401777
v -1.529177 -2.195115 -0.284965
v -1.198153 -2.391933 -0.261697
v -0.800030 -2.552815 -0.235483
v -0.360653 -2.650819 -0.208412
v 1.836671 -1.945135 -0.066851
v 2.123185 -1.627574 -0.042195
v 2.335186 -1.305305 -0.019066
v 2.514208 -0.914149 0.007178
v 2.670424 -0.160469 0.053337
v 2.668305 0.192510 0.073520
v 2.606004 0.604696 0.098223
v 1.529177 2.195115 0.215035
v 1.198153 2.391933 0.238303
v 0.800030 2.552815 0.264517
v 0.360653 2.650819 0.291588
v -1.836671 1.945135 0.433149
v -2.123185 1.627574 0.457805
v -2.335186 1.305305 0.480934
v -2.514208 0.914149 0.507178
v -2.670424 0.160469 0.553337
v -2.668305 -0.192510 0.573520
v -2.606004 -0.604696 0.598224
v -1.529177 -2.195115 0.715035
v -1.198153 -2.391933 0.738303
v -0.800030 -2.552815 0.764517
v -0.360653 -2.650819 0.791588
v 1.836671 -1.945135 0.933149
v 2.123185 -1.627574 0.957805
v 2.335186 -1.305305 0.980934
v 2.514208 -0.914149 1.007178
v 2.670424 -0.160469 1.053337
v 2.668305 0.192510 1.073520
v 2.606004 0.604696 1.098223
v 1.529177 2.195115 1.215035
v 1.198153 2.391933 1.238303
v 0.800030 2.552815 1.264517
v 0.360653 2.650819 1.291588
v -1.836671 1.945135 1.433149
v -2.123185 1.627574 1.457805
v -2.335186 1.305305 1.480934
v -2.514208 0.914149 1.507178
v -2.670424 0.160469 1.553337
v -2.668305 -0.192510 1.573520
v -2.606004 -0.604696 1.598223
v -1.529177 -2.195115 1.715035
v -1.198153 -2.391933 1.738303
v -0.800030 -2.552815 1.764517
v -0.360653 -2.650819 1.791588
v -0.350384 2.837086 -1.562648
v -2.308454 1.650191 -1.443153
v -2.682904 -0.924185 -1.291199
v -1.859568 -2.143384 -1.207922
v -0.068136 -2.836802 -1.097391
v 1.707786 -2.266176 -0.990353
v 2.754898 -0.680167 -0.881739
v 2.620098 -0.540370 -0.969266
v 2.682904 0.924185 -0.791199
v 1.859568 2.143384 -0.707922
v 0.068136 2.836802 -0.597391
v -1.707786 2.266176 -0.490353
v -2.754898 0.680167 -0.381739
v -2.620098 0.540370 -0.469266
v -2.682904 -0.924185 -0.291199
v -1.859568 -2.143384 -0.207922
v -0.068136 -2.836802 -0.097391
v 1.707786 -2.266176 0.009647
v 2.754898 -0.680167 0.118261
v 2.620098 -0.540370 0.030734
v 2.682904 0.924185 0.208801
v 1.859568 2.143384 0.292078
v 0.068136 2.836802 0.402609
v -1.707786 2.266176 0.509647
v -2.754898 0.680167 0.618261
v -2.620098 0.540370 0.530734
v -2.682904 -0.924185 0.708801
v -1.859568 -2.143384 0.792078
v -0.068136 -2.836802 0.902609
v 1.707786 -2.266176 1.009647
v 2.754898 -0.680167 1.118261
v 2.620098 -0.540370 1.030734
v 2.682904 0.924185 1.208801
v 1.859568 2.143384 1.292078
v 0.068136 2.836802 1.402609
v -1.707786 2.266176 1.509647
v -2.754898 0.680167 1.618261
v -2.620098 0.540370 1.530734
v -2.682904 -0.924185 1.708801
v -1.859568 -2.143384 1.792078
v -0.068136 -2.836802 1.902609
v -1.975396 1.681341 -1.597079
v -1.656738 1.667327 -1.750481
v -2.367302 -1.060651 -1.417217
v -1.857481 -1.810763 -1.361302
v 0.150388 -2.589688 -1.225522
v 1.369531 -2.203062 -1.145293
v 2.367302 1.060651 -0.917217
v 1.857481 1.810763 -0.861302
v -0.150388 2.589688 -0.725522
v -1.369531 2.203062 -0.645293
v -2.367302 -1.060651 -0.417217
v -1.857481 -1.810763 -0.361302
v 0.150388 -2.589688 -0.225522
v 1.369531 -2.203062 -0.145293
v 2.367302 1.060651 0.082783
v 1.857481 1.810763 0.138698
v -0.150388 2.589688 0.274478
v -1.369531 2.203062 0.354707
v -2.367302 -1.060651 0.582783
v -1.857481 -1.810763 0.638698
v 0.150388 -2.589688 0.774478
v 1.369531 -2.203062 0.854707
v 2.367302 1.060651 1.082783
v 1.857481 1.810763 1.138698
v -0.150388 2.589688 1.274478
v -1.369531 2.203062 1.354707
v -2.367302 -1.060651 1.582783
v -1.857481 -1.810763 1.638698
v 0.150388 -2.589688 1.774478
v -1.964020 1.991476 -1.493236
v -1.678513 1.826110 -1.681430
v -2.443913 -1.360382 -1.285910
v -2.167812 -1.767467 -1.257780
v 0.401248 -2.768095 -1.094895
v 1.255497 -2.499416 -1.042808
v 2.443913 1.360382 -0.785910
v 2.167812 1.767467 -0.757780
v -0.401248 2.768095 -0.594895
v -1.255497 2.499416 -0.542808
v -2.443913 -1.360382 -0.285910
v -2.167812 -1.767467 -0.257780
v 0.401248 -2.768095 -0.094895
v 1.255497 -2.499416 -0.042808
v 2.443913 1.360382 0.214090
v 2.167812 1.767467 0.242220
v -0.401248 2.768095 0.405105
v -1.255497 2.499416 0.457192
v -2.443913 -1.360382 0.714090
v -2.167812 -1.767467 0.742220
v 0.401248 -2.768095 0.905105
v 1.255497 -2.499416 0.957192
v 2.443913 1.360382 1.214090
v 2.167812 1.767467 1.242220
v -0.401248 2.768095 1.405105
v -1.255497 2.499416 1.457192
v -2.443913 -1.360382 1.714090
v -2.167812 -1.767467 1.742220
v 0.401248 -2.768095 1.905105
v -2.127561 -1.448341 -1.400348
v 0.965992 -2.385595 -1.184893
v 2.127561 1.448341 -0.900348
v -0.965992 2.385595 -0.684893
v -2.127561 -1.448341 -0.400348
v 0.965992 -2.385595 -0.184893
v 2.127561 1.448341 0.099652
v -0.965992 2.385595 0.315107
v -2.127561 -1.448341 0.599652
v 0.965992 -2.385595 0.815107
v 2.127561 1.448341 1.099652
v -0.965992 2.385595 1.315107
v -2.127561 -1.448341 1.599652
v 0.700432 -2.592433 -1.140121
v -0.700432 2.592433 -0.640121
v 0.700432 -2.592433 -0.140121
v -0.700432 2.592433 0.359879
v 0.700432 -2.592433 0.859879
v -0.700432 2.592433 1.359879
v -1.897169 1.387628 -1.750481
v -2.090884 1.073762 -1.750481
v -2.233115 0.733455 -1.750481
v -2.320360 0.375089 -1.750481
v -2.350469 0.007487 -1.750481
v 0.043891 2.946010 -2.346320
v -0.385226 2.866128 -2.291970
v -0.775566 2.729621 -2.237646
v -1.177908 2.512987 -2.175350
v -1.508689 2.260499 -2.117785
v -1.673221 2.101576 -2.086312
v -1.823663 1.930272 -2.055464
v -2.052171 1.595875 -1.999645
v -2.232074 1.205369 -1.936740
v -2.334895 0.826411 -1.876928
v -2.376482 0.439005 -1.816654
v -2.373017 0.223433 -1.783457
v -2.668305 -0.192510 -1.926480
v -2.606004 -0.604696 -1.901777
v -1.529177 -2.195115 -1.784965
v -1.198153 -2.391933 -1.761697
v -0.800030 -2.552815 -1.735483
v -0.360653 -2.650819 -1.708412
v 1.836671 -1.945135 -1.566851
v 2.123185 -1.627574 -1.542195
v 2.335186 -1.305305 -1.519066
v 2.514208 -0.914149 -1.492822
v 2.670424 -0.160469 -1.446663
v 2.668305 0.192510 -1.426480
v 2.606004 0.604696 -1.401777
v 1.529177 2.195115 -1.284965
v 1.198153 2.391933 -1.261697
v 0.800030 2.552815 -1.235483
v 0.360653 2.650819 -1.208412
v -1.836671 1.945135 -1.066851
v -2.123185 1.627574 -1.042195
v -2.335186 1.305305 -1.019066
v -2.514208 0.914149 -0.992822
v -2.670424 0.160469 -0.946663
v -2.668305 -0.192510 -0.926480
v -2.606004 -0.604696 -0.901776
v -1.529177 -2.195115 -0.784965
v -1.198153 -2.391933 -0.761697
v -0.800030 -2.552815 -0.735483
v -0.360653 -2.650819 -0.708412
v 1.836671 -1.945135 -0.566851
v 2.123185 -1.627574 -0.542195
v 2.335186 -1.305305 -0.519066
v 2.514208 -0.914149 -0.492822
v 2.670424 -0.160469 -0.446663
v 2.668305 0.192510 -0.426480
v 2.606004 0.604696 -0.401777
v 1.529177 2.195115 -0.284965
v 1.198153 2.391933 -0.261697
v 0.800030 2.552815 -0.235483
v 0.360653 2.650819 -0.208412
v -1.836671 1.945135 -0.066851
v -2.123185 1.627574 -0.042195
v -2.335186 1.305305 -0.019066
v -2.514208 0.914149 0.007178
v -2.670424 0.160469 0.053337
v -2.668305 -0.192510 0.073520
v -2.606004 -0.604696 0.098223
v -1.529177 -2.195115 0.215035
v -1.198153 -2.391933 0.238303
v -0.800030 -2.552815 0.264517
v -0.360653 -2.650819 0.291588
v 1.836671 -1.945135 0.433149
v 2.123185 -1.627574 0.457805
v 2.335186 -1.305305 0.480934
v 2.514208 -0.914149 0.507178
v 2.670424 -0.160469 0.553337
v 2.668305 0.192510 0.573520
v 2.606004 0.604696 0.598224
v 1.529177 2.195115 0.715035
v 1.198153 2.391933 0.738303
v 0.800030 2.552815 0.764517
v 0.360653 2.650819 0.791588
v -1.836671 1.945135 0.933149
v -2.123185 1.627574 0.957805
v -2.335186 1.305305 0.980934
v -2.514208 0.914149 1.007178
v -2.670424 0.160469 1.053337
v -2.668305 -0.192510 1.073520
v -2.606004 -0.604696 1.098223
v -1.529177 -2.195115 1.215035
v -1.198153 -2.391933 1.238303
v -0.800030 -2.552815 1.264517
v -0.360653 -2.650819 1.291588
v 1.836671 -1.945135 1.433149
v 2.123185 -1.627574 1.457805
v 2.335186 -1.305305 1.480934
v 2.514208 -0.914149 1.507178
v 2.670424 -0.160469 1.553337
v 1.199842 2.449629 1.709474
v 0.416731 2.718922 1.745368
v -0.034700 2.758843 1.766009
v -2.682904 -0.924185 -1.978699
v -1.859568 -2.143384 -1.895422
v -0.068136 -2.836802 -1.784891
v 1.707786 -2.266176 -1.677853
v 2.620098 -0.540370 -1.469266
v 2.754898 -0.680167 -1.569239
v 2.682904 0.924185 -1.478699
v 1.859568 2.143384 -1.395422
v 0.068136 2.836802 -1.284891
v -1.707786 2.266176 -1.177853
v -2.620098 0.540370 -0.969266
v -2.754898 0.680167 -1.069239
v -2.682904 -0.924185 -0.978699
v -1.859568 -2.143384 -0.895422
v -0.068136 -2.836802 -0.784891
v 1.707786 -2.266176 -0.677853
v 2.620098 -0.540370 -0.469266
v 2.754898 -0.680167 -0.569239
v 2.682904 0.924185 -0.478699
v 1.859568 2.143384 -0.395422
v 0.068136 2.836802 -0.284891
v -1.707786 2.266176 -0.177853
v -2.620098 0.540370 0.030734
v -2.754898 0.680167 -0.069239
v -2.682904 -0.924185 0.021301
v -1.859568 -2.143384 0.104578
v -0.068136 -2.836802 0.215109
v 1.707786 -2.266176 0.322147
v 2.620098 -0.540370 0.530734
v 2.754898 -0.680167 0.430761
v 2.682904 0.924185 0.521301
v 1.859568 2.143384 0.604578
v 0.068136 2.836802 0.715109
v -1.707786 2.266176 0.822147
v -2.620098 0.540370 1.030734
v -2.754898 0.680167 0.930761
v -2.682904 -0.924185 1.021301
v -1.859568 -2.143384 1.104578
v -0.068136 -2.836802 1.215109
v 1.707786 -2.266176 1.322147
v 2.620098 -0.540370 1.530734
v 2.754898 -0.680167 1.430761
v 2.835134 0.118770 1.475120
v -2.367302 -1.060651 -1.823467
v -1.857481 -1.810763 -1.767552
v 0.150388 -2.589688 -1.631772
v 1.369531 -2.203062 -1.551543
v 2.367302 1.060651 -1.323467
v 1.857481 1.810763 -1.267552
v -0.150388 2.589688 -1.131772
v -1.369531 2.203062 -1.051543
v -2.367302 -1.060651 -0.823467
v -1.857481 -1.810763 -0.767552
v 0.150388 -2.589688 -0.631772
v 1.369531 -2.203062 -0.551543
v 2.367302 1.060651 -0.323467
v 1.857481 1.810763 -0.267552
v -0.150388 2.589688 -0.131772
v -1.369531 2.203062 -0.051543
v -2.367302 -1.060651 0.176533
v -1.857481 -1.810763 0.232448
v 0.150388 -2.589688 0.368228
v 1.369531 -2.203062 0.448457
v 2.367302 1.060651 0.676533
v 1.857481 1.810763 0.732448
v -0.150388 2.589688 0.868228
v -1.369531 2.203062 0.948457
v -2.367302 -1.060651 1.176533
v -1.857481 -1.810763 1.232448
v 0.150388 -2.589688 1.368228
v 1.369531 -2.203062 1.448457
v -2.443913 -1.360382 -1.926535
v -2.167812 -1.767467 -1.898405
v 0.401248 -2.768095 -1.735520
v 1.255497 -2.499416 -1.683433
v 2.443913 1.360382 -1.426535
v 2.167812 1.767467 -1.398405
v -0.401248 2.768095 -1.235520
v -1.255497 2.499416 -1.183433
v -2.443913 -1.360382 -0.926535
v -2.167812 -1.767467 -0.898405
v 0.401248 -2.768095 -0.735520
v 1.255497 -2.499416 -0.683433
v 2.443913 1.360382 -0.426535
v 2.167812 1.767467 -0.398405
v -0.401248 2.768095 -0.235520
v -1.255497 2.499416 -0.183433
v -2.443913 -1.360382 0.073465
v -2.167812 -1.767467 0.101595
v 0.401248 -2.768095 0.264480
v 1.255497 -2.499416 0.316567
v 2.443913 1.360382 0.573465
v 2.167812 1.767467 0.601595
v -0.401248 2.768095 0.764480
v -1.255497 2.499416 0.816567
v -2.443913 -1.360382 1.073465
v -2.167812 -1.767467 1.101595
v 0.401248 -2.768095 1.264480
v 1.255497 -2.499416 1.316567
v -2.127561 -1.448341 -1.783161
v 0.965992 -2.385595 -1.567705
v 2.127561 1.448341 -1.283161
v -0.965992 2.385595 -1.067705
v -2.127561 -1.448341 -0.783161
v 0.965992 -2.385595 -0.567705
v 2.127561 1.448341 -0.283161
v -0.965992 2.385595 -0.067705
v -2.127561 -1.448341 0.216839
v 0.965992 -2.385595 0.432295
v 2.127561 1.448341 0.716839
v -0.965992 2.385595 0.932295
v -2.127561 -1.448341 1.216839
v 0.965992 -2.385595 1.432295
v 0.700432 -2.592433 -1.651840
v -0.700432 2.592433 -1.151840
v 0.700432 -2.592433 -0.651840
v -0.700432 2.592433 -0.151840
v 0.700432 -2.592433 0.348160
v -0.700432 2.592433 0.848160
v 0.700432 -2.592433 1.348160
v -0.842146 2.591858 -2.125241
v -0.284865 2.710311 -2.125241
v 0.284865 2.710311 -2.125241
v 0.842146 2.591858 -2.125241
v 1.362620 2.360127 -2.125241
v 1.823542 2.025248 -2.125241
v 2.204766 1.601856 -2.125241
v 2.489631 1.108455 -2.125241
v 2.665687 0.566609 -2.125241
vn -0.706782 0.030313 -0.706782
vn 0.000000 0.710889 -0.703304
vn 0.301216 0.640799 -0.706148
vn 0.480884 0.517506 -0.707770
vn 0.480200 0.517533 -0.708214
vn 0.555108 0.442684 -0.704191
vn 0.555148 0.436834 -0.707804
vn 0.614590 0.354834 -0.704537
vn 0.613802 0.350419 -0.707427
vn 0.660119 0.259078 -0.705069
vn 0.656623 0.249946 -0.711599
vn 0.695176 0.158669 -0.701109
vn 0.689277 0.148145 -0.709190
vn 0.709035 0.053135 -0.703169
vn 0.706225 0.049922 -0.706225
vn -0.682028 0.051111 -0.729538
vn -0.700709 0.159932 -0.695290
vn -0.711733 0.091379 -0.696481
vn -0.687442 0.149842 -0.710613
vn -0.689051 0.211551 -0.693148
vn -0.716604 0.085898 -0.692171
vn -0.665730 0.261280 -0.698954
vn -0.629388 0.287244 -0.722054
vn -0.652800 0.212108 -0.727230
vn -0.694839 0.225767 -0.682809
vn -0.604164 0.348815 -0.716459
vn -0.559140 0.445899 -0.698954
vn -0.635897 0.367135 -0.678857
vn -0.580255 0.387125 -0.716546
vn -0.604164 0.348814 -0.716460
vn -0.488860 0.526866 -0.695290
vn -0.510090 0.459287 -0.727230
vn -0.523265 0.483520 -0.701714
vn -0.453738 0.540397 -0.708585
vn -0.538246 0.484639 -0.689504
vn -0.398885 0.585057 -0.706116
vn -0.307231 0.637973 -0.706116
vn -0.421803 0.594957 -0.684185
vn -0.322509 0.609439 -0.724274
vn -0.405641 0.558317 -0.723697
vn -0.434332 0.597806 -0.673783
vn -0.315277 0.640135 -0.700591
vn -0.211849 0.686798 -0.695290
vn -0.221075 0.650640 -0.726494
vn -0.245024 0.660586 -0.709641
vn -0.194504 0.683298 -0.703755
vn -0.106590 0.707179 -0.698954
vn -0.127032 0.697050 -0.705680
vn -0.015956 0.707779 -0.706254
vn -0.122486 0.691769 -0.711655
vn -0.018867 0.699917 -0.713975
vn 0.059238 0.703952 -0.707773
vn 0.116288 0.697841 -0.706750
vn 0.106590 0.707179 -0.698954
vn 0.071440 0.693930 -0.716490
vn 0.132858 0.722645 -0.678331
vn 0.188755 0.682084 -0.706493
vn 0.238782 0.665648 -0.707033
vn 0.211849 0.686798 -0.695290
vn 0.200648 0.637741 -0.743657
vn 0.330998 0.644197 -0.689529
vn 0.307231 0.637973 -0.706116
vn 0.398885 0.585057 -0.706116
vn 0.398266 0.587392 -0.704524
vn 0.376308 0.563282 -0.735599
vn 0.706116 0.052916 0.706116
vn 0.702027 0.059741 0.709640
vn 0.679943 0.174383 0.712227
vn 0.692695 0.158103 0.703688
vn 0.649082 0.274942 0.709295
vn 0.663541 0.260421 0.701352
vn 0.603503 0.363484 0.709692
vn 0.615746 0.355501 0.703190
vn 0.536400 0.452025 0.712705
vn 0.485100 0.523348 0.700560
vn 0.556096 0.443472 0.702916
vn 0.434297 0.555033 0.709454
vn 0.485242 0.522967 0.700746
vn 0.390261 0.593320 0.704037
vn 0.337460 0.619691 0.708593
vn 0.402969 0.591047 0.698770
vn 0.286016 0.647155 0.706671
vn 0.232012 0.668138 0.706939
vn 0.310938 0.645669 0.697445
vn 0.151464 0.681854 0.715635
vn 0.211442 0.685476 0.696717
vn 0.107019 0.710024 0.695997
vn 0.051357 0.706174 0.706174
vn 0.037754 0.692763 0.720176
vn -0.000000 0.738384 0.674380
vn -0.052981 0.673187 0.737572
vn -0.110004 0.729832 0.674718
vn -0.157774 0.657178 0.737038
vn -0.217279 0.704401 0.675729
vn -0.259085 0.625486 0.735963
vn -0.319170 0.662763 0.677403
vn -0.354661 0.578754 0.734342
vn -0.413173 0.606014 0.679732
vn -0.442359 0.517935 0.732162
vn -0.497005 0.535643 0.682695
vn -0.520181 0.444276 0.729404
vn -0.568662 0.453493 0.686270
vn -0.586313 0.359293 0.726047
vn -0.626480 0.361698 0.690433
vn -0.639163 0.264750 0.722066
vn -0.669171 0.262630 0.695152
vn -0.677386 0.162626 0.717426
vn -0.695863 0.158826 0.700392
vn -0.699923 0.055085 0.712091
vn -0.706116 0.052916 0.706116
vn -0.707107 -0.000405 0.707107
vn -0.707109 -0.001148 0.707103
vn -0.707114 -0.001824 0.707097
vn -0.707115 -0.034022 0.706279
vn -0.702078 -0.097482 0.705396
vn -0.705602 -0.029772 0.707983
vn -0.691495 -0.159823 0.704479
vn -0.699851 -0.088821 0.708745
vn -0.689290 -0.146604 0.709498
vn -0.706116 -0.052916 0.706116
vn -0.699382 -0.055274 0.712608
vn -0.670098 -0.219527 0.709068
vn -0.679331 -0.202419 0.705362
vn -0.676312 -0.163073 0.718338
vn -0.696322 -0.158931 0.699912
vn -0.637582 -0.265323 0.723251
vn -0.669951 -0.262936 0.694284
vn -0.627430 -0.362247 0.689281
vn -0.584272 -0.359893 0.727395
vn -0.569638 -0.454271 0.684945
vn -0.497879 -0.536586 0.681316
vn -0.413854 -0.607013 0.678424
vn 0.706775 -0.030644 0.706774
vn 0.711912 -0.053350 0.700239
vn -0.517725 -0.444833 0.730811
vn -0.439531 -0.518407 0.733530
vn -0.628702 -0.313335 0.711727
vn -0.690873 -0.288734 0.662818
vn -0.628902 -0.304099 0.715546
vn -0.659784 -0.260573 0.704831
vn -0.602467 -0.380600 0.701553
vn -0.605326 -0.385850 0.696204
vn -0.569209 -0.405153 0.715439
vn -0.537073 -0.483583 0.691158
vn -0.461967 -0.547750 0.697535
vn -0.516609 -0.462358 0.720653
vn -0.517655 -0.466099 0.717485
vn -0.495378 -0.495213 0.713698
vn -0.435054 -0.566684 0.699712
vn -0.307231 -0.637972 0.706116
vn -0.384192 -0.594164 0.706658
vn -0.379358 -0.596508 0.707294
vn -0.304265 -0.639314 0.706187
vn -0.404510 -0.556760 0.725528
vn -0.426432 -0.586933 0.688234
vn -0.210762 -0.683273 0.699083
vn -0.294044 -0.660435 0.690915
vn -0.204663 -0.669277 0.714270
vn -0.283112 -0.635879 0.717987
vn -0.144184 -0.678331 0.720470
vn -0.106225 -0.704757 0.701451
vn 0.000000 -0.701225 0.712940
vn -0.106677 -0.692187 0.713791
vn -0.151451 -0.712522 0.685109
vn 0.106225 -0.704757 0.701451
vn 0.007545 -0.711517 0.702628
vn 0.099185 -0.699004 0.708206
vn 0.000000 -0.701225 0.712940
vn 0.000000 -0.719559 0.694431
vn 0.144184 -0.678331 0.720470
vn 0.210762 -0.683273 0.699083
vn 0.152327 -0.716642 0.680603
vn 0.161564 -0.704123 0.691454
vn 0.238577 -0.653349 0.718482
vn 0.307231 -0.637972 0.706116
vn 0.398885 -0.585056 0.706116
vn 0.338345 -0.598612 0.726076
vn 0.283112 -0.635879 0.717987
vn 0.300172 -0.674198 0.674799
vn 0.486351 -0.524161 0.699083
vn 0.437490 -0.545899 0.714561
vn 0.534001 -0.483218 0.693789
vn 0.409132 -0.563121 0.717987
vn 0.434290 -0.597749 0.673860
vn 0.557225 -0.444372 0.701451
vn 0.607278 -0.350613 0.712940
vn 0.515360 -0.464033 0.720470
vn 0.537892 -0.484320 0.690005
vn 0.586859 -0.376738 0.716704
vn 0.663450 -0.260385 0.701451
vn 0.633243 -0.307581 0.710210
vn 0.663750 -0.256012 0.702776
vn 0.607278 -0.350612 0.712940
vn 0.652586 -0.376770 0.657401
vn 0.663160 -0.256167 0.703277
vn 0.697113 -0.159111 0.699083
vn 0.662254 -0.166503 0.730545
vn 0.728866 -0.097084 0.677739
vn 0.680271 -0.184574 0.709340
vn 0.694720 -0.105438 0.711510
vn 0.996644 0.081863 0.000000
vn 0.996644 0.081863 0.000000
vn 0.969545 0.244913 0.000000
vn 0.969545 0.244913 0.000000
vn 0.912773 0.408467 0.000000
vn 0.912773 0.408467 0.000000
vn 0.825508 0.564391 0.000000
vn 0.825508 0.564391 0.000000
vn 0.712437 0.701736 0.000000
vn 0.712437 0.701736 0.000000
vn 0.582866 0.812568 0.000000
vn 0.582866 0.812568 0.000000
vn 0.443442 0.896303 0.000000
vn 0.443442 0.896303 0.000000
vn 0.284786 0.958591 0.000000
vn 0.284786 0.958591 0.000000
vn 0.110244 0.993905 0.000000
vn 0.110244 0.993905 0.000000
vn -0.059660 0.998219 0.000000
vn -0.059660 0.998219 0.000000
vn -0.220708 0.975340 0.000000
vn -0.220708 0.975340 0.000000
vn -0.375527 0.926812 0.000000
vn -0.375527 0.926812 0.000000
vn -0.527104 0.849800 0.000000
vn -0.527104 0.849800 0.000000
vn -0.669225 0.743060 0.000000
vn -0.669225 0.743060 0.000000
vn -0.785616 0.618715 0.000000
vn -0.785616 0.618715 0.000000
vn -0.875662 0.482924 0.000000
vn -0.875662 0.482924 0.000000
vn -0.945061 0.326893 0.000000
vn -0.945061 0.326893 0.000000
vn -0.983486 0.180982 0.000000
vn -0.983486 0.180982 0.000000
vn -0.998181 0.060288 0.000000
vn -0.998181 0.060288 0.000000
vn 0.996644 0.081863 0.000000
vn 0.996644 0.081863 0.000000
vn 0.969545 0.244913 0.000000
vn 0.969545 0.244913 0.000000
vn 0.912773 0.408467 0.000000
vn 0.912773 0.408467 0.000000
vn 0.825508 0.564391 0.000000
vn 0.825508 0.564391 0.000000
vn 0.712437 0.701736 0.000000
vn 0.712437 0.701736 0.000000
vn 0.582866 0.812568 0.000000
vn 0.582866 0.812568 0.000000
vn 0.443442 0.896303 0.000000
vn 0.443442 0.896303 0.000000
vn 0.284786 0.958591 0.000000
vn 0.284786 0.958591 0.000000
vn 0.110244 0.993905 0.000000
vn 0.110244 0.993905 0.000000
vn -0.059660 0.998219 0.000000
vn -0.059660 0.998219 0.000000
vn -0.220708 0.975340 0.000000
vn -0.220708 0.975340 0.000000
vn -0.375527 0.926812 0.000000
vn -0.375527 0.926812 0.000000
vn -0.527104 0.849800 0.000000
vn -0.527104 0.849800 0.000000
vn -0.669225 0.743060 0.000000
vn -0.669225 0.743060 0.000000
vn -0.785616 0.618715 0.000000
vn -0.785616 0.618715 0.000000
vn -0.875662 0.482924 0.000000
vn -0.875662 0.482924 0.000000
vn -0.945061 0.326893 0.000000
vn -0.945061 0.326893 0.000000
vn -0.983486 0.180982 0.000000
vn -0.983486 0.180982 0.000000
vn -0.998181 0.060288 0.000000
vn -0.998181 0.060288 0.000000
vn 0.996644 0.081863 0.000000
vn 0.996644 0.081863 0.000000
vn 0.969545 0.244913 0.000000
vn 0.969545 0.244913 0.000000
vn 0.912773 0.408467 0.000000
vn 0.912773 0.408467 0.000000
vn 0.825508 0.564391 0.000000
vn 0.825508 0.564391 0.000000
vn 0.712437 0.701736 0.000000
vn 0.712437 0.701736 0.000000
vn 0.582866 0.812568 0.000000
vn 0.582866 0.812568 0.000000
vn 0.443442 0.896303 0.000000
vn 0.443442 0.896303 0.000000
vn 0.284786 0.958591 0.000000
vn 0.284786 0.958591 0.000000
vn 0.110244 0.993905 0.000000
vn 0.110244 0.993905 0.000000
vn -0.059660 0.998219 0.000000
vn -0.059660 0.998219 0.000000
vn -0.220708 0.975340 0.000000
vn -0.220708 0.975340 0.000000
vn -0.375527 0.926812 0.000000
vn -0.375527 0.926812 0.000000
vn -0.527104 0.849800 0.000000
vn -0.527104 0.849800 0.000000
vn -0.669225 0.743060 0.000000
vn -0.669225 0.743060 0.000000
vn -0.785616 0.618715 0.000000
vn -0.785616 0.618715 0.000000
vn -0.875662 0.482924 0.000000
vn -0.875662 0.482924 0.000000
vn -0.945061 0.326893 0.000000
vn -0.945061 0.326893 0.000000
vn -0.983486 0.180982 0.000000
vn -0.983486 0.180982 0.000000
vn -0.998181 0.060288 0.000000
vn -0.998181 0.060288 0.000000
vn 0.996644 0.081863 0.000000
vn 0.996644 0.081863 0.000000
vn 0.969545 0.244913 0.000000
vn 0.969545 0.244913 0.000000
vn 0.912773 0.408467 0.000000
vn 0.912773 0.408467 0.000000
vn 0.825508 0.564391 0.000000
vn 0.825508 0.564391 0.000000
vn 0.712437 0.701736 0.000000
vn 0.712437 0.701736 0.000000
vn 0.582866 0.812568 0.000000
vn 0.582866 0.812568 0.000000
vn 0.443442 0.896303 0.000000
vn 0.443442 0.896303 0.000000
vn 0.284786 0.958591 0.000000
vn 0.284786 0.958591 0.000000
vn 0.110244 0.993905 0.000000
vn 0.110244 0.993905 0.000000
vn -0.059660 0.998219 0.000000
vn -0.059660 0.998219 0.000000
vn -0.220708 0.975340 0.000000
vn -0.220708 0.975340 0.000000
vn -0.375527 0.926812 0.000000
vn -0.375527 0.926812 0.000000
vn -0.528349 0.848688 0.023977
vn -0.520424 0.853908 0.000000
vn -0.670740 0.740327 0.044980
vn -0.649623 0.759960 -0.021237
vn -0.761651 0.646745 -0.040102
vn -0.786687 0.614609 0.058131
vn -0.852345 0.519707 -0.058417
vn -0.875359 0.476144 0.083864
vn -0.920881 0.379724 -0.088247
vn -0.934137 0.310152 0.176617
vn -0.956610 0.228695 -0.180542
vn -0.974736 0.169307 0.145689
vn -0.963534 0.075523 -0.256707
vn -0.998181 0.060288 0.000000
vn -0.996644 -0.081863 -0.000000
vn -0.996644 -0.081863 0.000000
vn -0.969545 -0.244913 -0.000000
vn -0.969545 -0.244913 0.000000
vn -0.912773 -0.408467 -0.000000
vn -0.912773 -0.408467 0.000000
vn -0.825508 -0.564391 -0.000000
vn -0.825508 -0.564391 0.000000
vn -0.712437 -0.701736 -0.000000
vn -0.712437 -0.701736 0.000000
vn -0.582866 -0.812568 -0.000000
vn -0.582866 -0.812568 0.000000
vn -0.443442 -0.896303 -0.000000
vn -0.443442 -0.896303 0.000000
vn -0.284786 -0.958591 -0.000000
vn -0.284786 -0.958591 0.000000
vn -0.110244 -0.993905 -0.000000
vn -0.110244 -0.993905 0.000000
vn 0.059660 -0.998219 0.000000
vn 0.059660 -0.998219 0.000000
vn 0.220708 -0.975340 0.000000
vn 0.220708 -0.975340 0.000000
vn 0.375527 -0.926812 0.000000
vn 0.375527 -0.926812 0.000000
vn 0.527104 -0.849800 0.000000
vn 0.527104 -0.849800 0.000000
vn 0.669225 -0.743060 0.000000
vn 0.669225 -0.743060 0.000000
vn 0.785616 -0.618715 0.000000
vn 0.785616 -0.618715 0.000000
vn 0.875662 -0.482924 0.000000
vn 0.875662 -0.482924 0.000000
vn 0.945061 -0.326893 0.000000
vn 0.945061 -0.326893 0.000000
vn 0.983486 -0.180982 0.000000
vn 0.983486 -0.180982 0.000000
vn 0.998181 -0.060288 0.000000
vn 0.998181 -0.060288 0.000000
vn -0.996644 -0.081863 -0.000000
vn -0.996644 -0.081863 0.000000
vn -0.969545 -0.244913 -0.000000
vn -0.969545 -0.244913 0.000000
vn -0.912773 -0.408467 -0.000000
vn -0.912773 -0.408467 0.000000
vn -0.825508 -0.564391 -0.000000
vn -0.825508 -0.564391 0.000000
vn -0.712437 -0.701736 -0.000000
vn -0.712437 -0.701736 0.000000
vn -0.582866 -0.812568 -0.000000
vn -0.582866 -0.812568 0.000000
vn -0.443442 -0.896303 -0.000000
vn -0.443442 -0.896303 0.000000
vn -0.284786 -0.958591 -0.000000
vn -0.284786 -0.958591 0.000000
vn -0.110244 -0.993905 -0.000000
vn -0.110244 -0.993905 0.000000
vn 0.059660 -0.998219 0.000000
vn 0.059660 -0.998219 0.000000
vn 0.220708 -0.975340 0.000000
vn 0.220708 -0.975340 0.000000
vn 0.375527 -0.926812 0.000000
vn 0.375527 -0.926812 0.000000
vn 0.527104 -0.849800 0.000000
vn 0.527104 -0.849800 0.000000
vn 0.669225 -0.743060 0.000000
vn 0.669225 -0.743060 0.000000
vn 0.785616 -0.618714 0.000000
vn 0.785616 -0.618715 0.000000
vn 0.875662 -0.482924 0.000000
vn 0.875662 -0.482924 0.000000
vn 0.945061 -0.326893 0.000000
vn 0.945061 -0.326893 0.000000
vn 0.983486 -0.180982 0.000000
vn 0.983486 -0.180982 0.000000
vn 0.998181 -0.060288 0.000000
vn 0.998181 -0.060288 0.000000
vn -0.996644 -0.081863 -0.000000
vn -0.996644 -0.081863 0.000000
vn -0.969545 -0.244913 -0.000000
vn -0.969545 -0.244913 0.000000
vn -0.912773 -0.408467 -0.000000
vn -0.912773 -0.408467 0.000000
vn -0.825508 -0.564391 -0.000000
vn -0.825508 -0.564391 0.000000
vn -0.712437 -0.701736 -0.000000
vn -0.712437 -0.701736 0.000000
vn -0.582866 -0.812568 -0.000000
vn -0.582866 -0.812568 0.000000
vn -0.443442 -0.896303 -0.000000
vn -0.443442 -0.896303 0.000000
vn -0.284786 -0.958591 -0.000000
vn -0.284786 -0.958591 0.000000
vn -0.110244 -0.993905 -0.000000
vn -0.110244 -0.993905 0.000000
vn 0.059660 -0.998219 0.000000
vn 0.059660 -0.998219 0.000000
vn 0.220708 -0.975340 0.000000
vn 0.220708 -0.975340 0.000000
vn 0.375527 -0.926812 0.000000
vn 0.375527 -0.926812 0.000000
vn 0.527104 -0.849800 0.000000
vn 0.527104 -0.849800 0.000000
vn 0.669225 -0.743060 0.000000
vn 0.669225 -0.743060 0.000000
vn 0.785616 -0.618715 0.000000
vn 0.785616 -0.618715 0.000000
vn 0.875662 -0.482924 0.000000
vn 0.875662 -0.482924 0.000000
vn 0.945061 -0.326893 0.000000
vn 0.945061 -0.326893 0.000000
vn 0.983486 -0.180982 0.000000
vn 0.983486 -0.180982 0.000000
vn 0.998181 -0.060288 0.000000
vn 0.998181 -0.060288 0.000000
vn -1.000000 -0.000573 0.000000
vn -0.999984 -0.001624 0.005454
vn -0.999879 -0.002579 0.015368
vn -0.997681 0.068059 -0.000000
vn -0.996609 0.078435 -0.024884
vn -0.971744 0.233295 -0.035861
vn -0.978960 0.202956 0.021112
vn -0.923447 0.382504 -0.030615
vn -0.937956 0.344957 0.035253
vn -0.852167 0.522208 -0.033326
vn -0.875222 0.482996 0.026491
vn -0.759979 0.649084 -0.033512
vn -0.796741 0.603650 0.028470
vn -0.649143 0.760049 -0.030640
vn -0.696856 0.716474 0.032501
vn -0.522292 0.852304 -0.028087
vn -0.575692 0.817122 0.029838
vn -0.382557 0.923575 -0.025697
vn -0.439658 0.897738 0.027699
vn -0.233371 0.972058 -0.025317
vn -0.299115 0.953974 0.021521
vn -0.078437 0.996638 -0.023666
vn -0.159003 0.987059 0.020808
vn -0.043185 0.999067 0.000000
vn -0.011114 0.997188 0.074106
vn 0.058663 0.997622 -0.036167
vn 0.170706 0.985322 0.000000
vn 0.146664 0.987476 0.058140
vn 0.303781 0.952742 -0.000000
vn 0.303781 0.952742 0.000000
vn 0.443730 0.896161 -0.000000
vn 0.443730 0.896160 0.000000
vn 0.567687 0.823245 -0.000000
vn 0.567687 0.823245 0.000000
vn 0.679825 0.733374 -0.000000
vn 0.679825 0.733374 0.000000
vn 0.782019 0.623255 -0.000000
vn 0.782019 0.623255 0.000000
vn 0.870291 0.492538 -0.000000
vn 0.870291 0.492538 0.000000
vn 0.934436 0.356132 -0.000000
vn 0.934436 0.356132 0.000000
vn 0.976187 0.216929 -0.000000
vn 0.976187 0.216929 0.000000
vn 0.997377 0.072383 -0.000000
vn 0.997377 0.072383 0.000000
vn -0.997681 0.068059 0.000000
vn -0.997681 0.068059 0.000000
vn -0.978949 0.204107 0.000000
vn -0.978949 0.204107 0.000000
vn -0.937876 0.346972 0.000000
vn -0.937876 0.346972 0.000000
vn -0.874835 0.484420 0.000000
vn -0.874835 0.484420 0.000000
vn -0.796158 0.605089 0.000000
vn -0.796158 0.605089 0.000000
vn -0.696031 0.718012 0.000000
vn -0.696031 0.718012 0.000000
vn -0.574652 0.818398 0.000000
vn -0.574652 0.818398 0.000000
vn -0.438474 0.898744 0.000000
vn -0.438474 0.898744 0.000000
vn -0.298071 0.954544 0.000000
vn -0.298071 0.954544 0.000000
vn -0.157949 0.987447 0.000000
vn -0.157949 0.987447 0.000000
vn -0.007346 0.999973 0.000000
vn -0.007346 0.999973 0.000000
vn 0.149956 0.988693 -0.000000
vn 0.149956 0.988693 0.000000
vn 0.303781 0.952742 -0.000000
vn 0.303781 0.952742 0.000000
vn 0.443730 0.896161 -0.000000
vn 0.443730 0.896161 0.000000
vn 0.567687 0.823245 -0.000000
vn 0.567687 0.823245 0.000000
vn 0.679825 0.733374 -0.000000
vn 0.679825 0.733374 0.000000
vn 0.782019 0.623255 -0.000000
vn 0.782019 0.623255 0.000000
vn 0.870291 0.492538 -0.000000
vn 0.870291 0.492538 0.000000
vn 0.934436 0.356132 -0.000000
vn 0.934436 0.356132 0.000000
vn 0.976187 0.216929 -0.000000
vn 0.976187 0.216929 0.000000
vn 0.997377 0.072383 -0.000000
vn 0.997377 0.072383 0.000000
vn -0.997681 0.068059 0.000000
vn -0.997681 0.068059 0.000000
vn -0.978949 0.204107 0.000000
vn -0.978949 0.204107 0.000000
vn -0.937876 0.346972 0.000000
vn -0.937876 0.346972 0.000000
vn -0.874835 0.484420 0.000000
vn -0.874835 0.484420 0.000000
vn -0.796158 0.605089 0.000000
vn -0.796158 0.605089 0.000000
vn -0.696031 0.718012 0.000000
vn -0.696031 0.718012 0.000000
vn -0.574652 0.818398 0.000000
vn -0.574652 0.818398 0.000000
vn -0.438474 0.898744 0.000000
vn -0.438474 0.898744 0.000000
vn -0.298071 0.954544 0.000000
vn -0.298071 0.954544 0.000000
vn -0.157949 0.987447 0.000000
vn -0.157949 0.987447 0.000000
vn -0.007346 0.999973 0.000000
vn -0.007346 0.999973 0.000000
vn 0.149956 0.988693 -0.000000
vn 0.149956 0.988693 0.000000
vn 0.303781 0.952742 -0.000000
vn 0.303781 0.952742 0.000000
vn 0.443730 0.896161 -0.000000
vn 0.443730 0.896161 0.000000
vn 0.567687 0.823245 -0.000000
vn 0.567687 0.823245 0.000000
vn 0.679825 0.733374 -0.000000
vn 0.679825 0.733374 0.000000
vn 0.782019 0.623255 -0.000000
vn 0.782019 0.623255 0.000000
vn 0.870291 0.492538 -0.000000
vn 0.870291 0.492537 0.000000
vn 0.934436 0.356132 -0.000000
vn 0.934436 0.356132 0.000000
vn 0.976187 0.216929 -0.000000
vn 0.976187 0.216929 0.000000
vn 0.997377 0.072383 -0.000000
vn 0.997377 0.072383 0.000000
vn -0.997681 0.068059 0.000000
vn -0.997681 0.068059 0.000000
vn -0.978949 0.204107 0.000000
vn -0.978949 0.204107 0.000000
vn -0.937876 0.346972 0.000000
vn -0.937876 0.346972 0.000000
vn -0.874835 0.484420 0.000000
vn -0.874835 0.484420 0.000000
vn -0.796158 0.605089 0.000000
vn -0.796158 0.605089 0.000000
vn -0.696031 0.718012 0.000000
vn -0.696031 0.718012 0.000000
vn -0.574652 0.818398 0.000000
vn -0.574652 0.818398 0.000000
vn -0.438474 0.898744 0.000000
vn -0.438474 0.898744 0.000000
vn -0.298071 0.954544 0.000000
vn -0.298071 0.954544 0.000000
vn -0.157949 0.987447 0.000000
vn -0.157949 0.987447 0.000000
vn -0.007346 0.999973 0.000000
vn -0.007346 0.999973 0.000000
vn 0.149956 0.988693 -0.000000
vn 0.149956 0.988693 0.000000
vn 0.303781 0.952742 -0.000000
vn 0.303781 0.952742 0.000000
vn 0.443730 0.896161 -0.000000
vn 0.443730 0.896161 0.000000
vn 0.567687 0.823245 -0.000000
vn 0.567687 0.823245 0.000000
vn 0.679825 0.733374 -0.000000
vn 0.679825 0.733374 0.000000
vn 0.782019 0.623255 -0.000000
vn 0.782019 0.623255 0.000000
vn 0.870291 0.492538 -0.000000
vn 0.870291 0.492538 0.000000
vn 0.934436 0.356132 -0.000000
vn 0.934436 0.356132 0.000000
vn 0.976187 0.216929 -0.000000
vn 0.976187 0.216929 0.000000
vn 0.997377 0.072383 -0.000000
vn 0.997377 0.072383 0.000000
vn -0.997681 0.068059 0.000000
vn -0.997681 0.068059 0.000000
vn -0.978949 0.204107 0.000000
vn -0.978949 0.204107 0.000000
vn -0.937876 0.346972 0.000000
vn -0.937876 0.346972 0.000000
vn -0.874835 0.484420 0.000000
vn -0.874835 0.484420 0.000000
vn -0.796158 0.605089 0.000000
vn -0.796158 0.605089 0.000000
vn -0.696031 0.718012 0.000000
vn -0.696031 0.718012 0.000000
vn -0.574652 0.818398 0.000000
vn -0.574652 0.818398 0.000000
vn -0.438474 0.898744 0.000000
vn -0.438474 0.898744 0.000000
vn -0.298071 0.954544 0.000000
vn -0.298071 0.954544 0.000000
vn -0.157949 0.987447 0.000000
vn -0.157949 0.987447 0.000000
vn -0.007346 0.999973 0.000000
vn -0.007346 0.999973 0.000000
vn 0.149956 0.988693 -0.000000
vn 0.149956 0.988693 0.000000
vn 0.303781 0.952742 -0.000000
vn 0.303781 0.952742 0.000000
vn 0.443730 0.896161 -0.000000
vn 0.443730 0.896161 0.000000
vn 0.567687 0.823245 -0.000000
vn 0.567687 0.823245 0.000000
vn 0.679825 0.733374 -0.000000
vn 0.679825 0.733374 0.000000
vn 0.782019 0.623255 -0.000000
vn 0.782019 0.623255 0.000000
vn 0.870291 0.492538 -0.000000
vn 0.870291 0.492538 0.000000
vn 0.934436 0.356132 -0.000000
vn 0.934436 0.356132 0.000000
vn 0.976187 0.216929 -0.000000
vn 0.976187 0.216929 0.000000
vn 0.997377 0.072383 -0.000000
vn 0.997377 0.072383 0.000000
vn 0.997681 -0.068059 0.000000
vn 0.997681 -0.068059 0.000000
vn 0.978949 -0.204107 0.000000
vn 0.978949 -0.204107 0.000000
vn 0.937876 -0.346972 0.000000
vn 0.937876 -0.346972 0.000000
vn 0.874835 -0.484420 0.000000
vn 0.874835 -0.484420 0.000000
vn 0.796158 -0.605089 0.000000
vn 0.796158 -0.605089 0.000000
vn 0.696031 -0.718012 0.000000
vn 0.696031 -0.718012 0.000000
vn 0.574652 -0.818398 0.000000
vn 0.574652 -0.818398 0.000000
vn 0.438474 -0.898744 0.000000
vn 0.438474 -0.898744 0.000000
vn 0.298071 -0.954544 0.000000
vn 0.298071 -0.954544 0.000000
vn 0.157949 -0.987447 0.000000
vn 0.157949 -0.987447 0.000000
vn 0.007346 -0.999973 0.000000
vn 0.007346 -0.999973 0.000000
vn -0.149956 -0.988693 0.000000
vn -0.149956 -0.988693 0.000000
vn -0.303781 -0.952742 0.000000
vn -0.303781 -0.952742 0.000000
vn -0.443730 -0.896161 0.000000
vn -0.443730 -0.896161 0.000000
vn -0.567687 -0.823245 0.000000
vn -0.567687 -0.823245 0.000000
vn -0.679825 -0.733374 0.000000
vn -0.679825 -0.733374 0.000000
vn -0.782019 -0.623255 0.000000
vn -0.782019 -0.623255 0.000000
vn -0.870291 -0.492538 0.000000
vn -0.870291 -0.492538 0.000000
vn -0.934436 -0.356132 0.000000
vn -0.934436 -0.356132 0.000000
vn -0.976187 -0.216929 0.000000
vn -0.976187 -0.216929 0.000000
vn -0.997377 -0.072383 0.000000
vn -0.997377 -0.072383 0.000000
vn 0.997681 -0.068059 0.000000
vn 0.997681 -0.068059 0.000000
vn 0.978949 -0.204107 0.000000
vn 0.978949 -0.204107 0.000000
vn 0.937876 -0.346972 0.000000
vn 0.937876 -0.346972 0.000000
vn 0.874835 -0.484420 0.000000
vn 0.874835 -0.484420 0.000000
vn 0.796158 -0.605089 0.000000
vn 0.796158 -0.605089 0.000000
vn 0.696031 -0.718012 0.000000
vn 0.696031 -0.718012 0.000000
vn 0.574652 -0.818398 0.000000
vn 0.574652 -0.818398 0.000000
vn 0.438474 -0.898744 0.000000
vn 0.438474 -0.898744 0.000000
vn 0.298071 -0.954544 0.000000
vn 0.298071 -0.954544 0.000000
vn 0.157949 -0.987447 0.000000
vn 0.157949 -0.987447 0.000000
vn 0.007346 -0.999973 0.000000
vn 0.007346 -0.999973 0.000000
vn -0.149956 -0.988693 0.000000
vn -0.149956 -0.988693 0.000000
vn -0.303781 -0.952742 0.000000
vn -0.303781 -0.952742 0.000000
vn -0.443730 -0.896161 0.000000
vn -0.443730 -0.896161 0.000000
vn -0.567687 -0.823245 0.000000
vn -0.567687 -0.823245 0.000000
vn -0.679825 -0.733374 0.000000
vn -0.679825 -0.733374 0.000000
vn -0.782019 -0.623255 0.000000
vn -0.782019 -0.623255 0.000000
vn -0.870291 -0.492538 0.000000
vn -0.870291 -0.492538 0.000000
vn -0.934436 -0.356132 0.000000
vn -0.934436 -0.356132 0.000000
vn -0.976187 -0.216929 0.000000
vn -0.976187 -0.216929 0.000000
vn -0.997377 -0.072383 0.000000
vn -0.997377 -0.072383 0.000000
vn 0.997681 -0.068059 0.000000
vn 0.997681 -0.068059 0.000000
vn 0.978949 -0.204107 0.000000
vn 0.978949 -0.204107 0.000000
vn 0.937876 -0.346972 0.000000
vn 0.937876 -0.346972 0.000000
vn 0.874835 -0.484420 0.000000
vn 0.874835 -0.484420 0.000000
vn 0.796158 -0.605089 0.000000
vn 0.796158 -0.605089 0.000000
vn 0.696031 -0.718012 0.000000
vn 0.696031 -0.718012 0.000000
vn 0.574652 -0.818398 0.000000
vn 0.574652 -0.818398 0.000000
vn 0.438474 -0.898744 0.000000
vn 0.438474 -0.898744 0.000000
vn 0.298071 -0.954544 0.000000
vn 0.298071 -0.954544 0.000000
vn 0.157949 -0.987447 0.000000
vn 0.157949 -0.987447 0.000000
vn 0.007346 -0.999973 0.000000
vn 0.007346 -0.999973 0.000000
vn -0.149956 -0.988693 0.000000
vn -0.149956 -0.988693 0.000000
vn -0.303781 -0.952742 0.000000
vn -0.303781 -0.952742 0.000000
vn -0.443730 -0.896161 0.000000
vn -0.443730 -0.896160 0.000000
vn -0.567687 -0.823245 0.000000
vn -0.567687 -0.823245 0.000000
vn -0.679825 -0.733374 0.000000
vn -0.679825 -0.733374 0.000000
vn -0.782019 -0.623255 0.000000
vn -0.782019 -0.623255 0.000000
vn -0.870291 -0.492538 0.000000
vn -0.870291 -0.492538 0.000000
vn -0.934436 -0.356132 0.000000
vn -0.934436 -0.356132 0.000000
vn -0.976187 -0.216929 0.000000
vn -0.976187 -0.216929 0.000000
vn -0.997377 -0.072383 0.000000
vn -0.997377 -0.072383 0.000000
vn 0.997681 -0.068059 -0.000000
vn 0.997681 -0.068059 0.000000
vn 0.978949 -0.204107 0.000000
vn 0.978949 -0.204107 0.000000
vn 0.937876 -0.346972 0.000000
vn 0.937876 -0.346972 0.000000
vn 0.874835 -0.484420 0.000000
vn 0.874835 -0.484420 0.000000
vn 0.796158 -0.605089 0.000000
vn 0.796158 -0.605089 0.000000
vn 0.696031 -0.718012 0.000000
vn 0.696031 -0.718012 0.000000
vn 0.574652 -0.818398 0.000000
vn 0.574652 -0.818398 0.000000
vn 0.438474 -0.898744 0.000000
vn 0.438474 -0.898744 0.000000
vn 0.298071 -0.954544 0.000000
vn 0.298071 -0.954544 0.000000
vn 0.157949 -0.987447 0.000000
vn 0.157949 -0.987447 0.000000
vn 0.007346 -0.999973 0.000000
vn 0.007346 -0.999973 0.000000
vn -0.149956 -0.988693 0.000000
vn -0.149956 -0.988693 0.000000
vn -0.303781 -0.952742 0.000000
vn -0.303781 -0.952742 0.000000
vn -0.443730 -0.896161 0.000000
vn -0.443730 -0.896161 0.000000
vn -0.567687 -0.823245 0.000000
vn -0.567687 -0.823245 0.000000
vn -0.679825 -0.733374 0.000000
vn -0.679825 -0.733374 0.000000
vn -0.782019 -0.623255 0.000000
vn -0.782019 -0.623255 0.000000
vn -0.870291 -0.492538 0.000000
vn -0.870291 -0.492538 0.000000
vn -0.934436 -0.356132 0.000000
vn -0.934436 -0.356132 0.000000
vn -0.976187 -0.216929 0.000000
vn -0.976187 -0.216929 0.000000
vn -0.997377 -0.072383 0.000000
vn -0.997377 -0.072383 0.000000
vn 0.998451 -0.055645 0.000000
vn 0.998554 -0.047527 -0.025109
vn 0.985051 -0.168819 -0.034273
vn 0.990270 -0.138124 0.016923
vn 0.951859 -0.301525 -0.055193
vn 0.964260 -0.259226 0.054811
vn 0.896115 -0.441171 -0.048440
vn 0.914529 -0.401637 0.048203
vn 0.823575 -0.565094 -0.048927
vn 0.847555 -0.528466 0.048723
vn 0.734954 -0.677174 -0.035759
vn 0.758610 -0.649229 0.054888
vn 0.624840 -0.779719 -0.040169
vn 0.647555 -0.760975 0.039865
vn 0.493547 -0.868117 -0.052762
vn 0.518688 -0.853961 0.041394
vn 0.358702 -0.932829 -0.034111
vn 0.378473 -0.924001 0.054603
vn 0.223362 -0.974735 0.000302
vn 0.229437 -0.972550 0.038796
vn 0.074609 -0.997213 -0.000323
vn 0.074528 -0.997218 0.001234
vn -0.082388 -0.996599 -0.001241
vn 0.000000 0.000000 -1.000000
vn 0.000000 0.000000 -1.000000
vn 0.000000 -0.000000 -1.000000
vn 0.000000 0.000000 -1.000000
vn 0.000000 0.000000 -1.000000
vn 0.000000 -0.000000 -1.000000
vn 0.000000 0.000000 -1.000000
vn 0.000000 0.000000 -1.000000
vn 0.000000 0.000000 -1.000000
vn 0.000000 0.000000 -1.000000
vn 0.000000 0.000000 -1.000000
vn 0.000000 0.000000 -1.000000
vn 0.000000 -0.000000 -1.000000
vn 0.000000 0.000000 -1.000000
vn 0.000000 0.000000 -1.000000
vn 0.000000 0.000000 -1.000000
vn 0.000000 -0.000000 -1.000000
vn 0.000000 0.000000 -1.000000
vn 0.000000 0.000000 -1.000000
vn 0.000000 0.000000 -1.000000
vn 0.000000 0.000000 -1.000000
vn 0.000000 -0.000000 -1.000000
vn 0.000000 -0.000000 -1.000000
vn 0.000000 0.000000 -1.000000
vn 0.000000 0.000000 -1.000000
vn 0.000000 0.000000 -1.000000
vn 0.000000 0.000000 -1.000000
vn 0.000000 -0.000000 -1.000000
vn 0.000000 0.000000 -1.000000
vn 0.000000 0.000000 -1.000000
vn 0.000000 0.000000 -1.000000
vn 0.000000 -0.000000 -1.000000
vn 0.000000 0.000000 -1.000000
vn 0.000000 0.000000 -1.000000
vn 0.000000 0.000000 -1.000000
vn 0.000000 -0.000000 -1.000000
vn 0.000000 0.000000 -1.000000
vn 0.000000 0.000000 -1.000000
vn 0.000000 0.000000 -1.000000
vn 0.000000 0.000000 -1.000000
vn 0.000000 -0.000000 -1.000000
vn 0.000000 0.000000 -1.000000
vn 0.000000 0.000000 -1.000000
vn 0.000000 0.000000 -1.000000
vn 0.000000 0.000000 -1.000000
vn 0.000000 0.000000 -1.000000
vn 0.000000 0.000000 -1.000000
vn 0.000000 0.000000 -1.000000
vn 0.000000 0.000000 -1.000000
vn 0.000000 0.000000 -1.000000
vn 0.000000 0.000000 -1.000000
vn 0.000000 0.000000 -1.000000
vn 0.000000 0.000000 -1.000000
vn 0.000000 0.000000 -1.000000
vn 0.000000 0.000000 -1.000000
vn 0.000000 0.000000 -1.000000
vn 0.000000 -0.000000 -1.000000
vn 0.000000 0.000000 -1.000000
vn 0.000000 0.000000 -1.000000
vn 0.000000 0.000000 -1.000000
vn 0.000000 -0.000000 -1.000000
vn 0.000000 0.000000 -1.000000
vn 0.000000 0.000000 -1.000000
vn 0.000000 0.000000 -1.000000
vn 0.000000 -0.000000 -1.000000
vn 0.000000 0.000000 -1.000000
vn 0.000000 0.000000 -1.000000
vn 0.000000 0.000000 -1.000000
vn 0.000000 -0.000000 -1.000000
vn 0.000000 0.000000 -1.000000
vn 0.000000 0.000000 -1.000000
vn 0.000000 0.000000 -1.000000
vn 0.000000 0.000000 -1.000000
vn 0.000000 0.000000 -1.000000
vn 0.000000 0.000000 -1.000000
vn 0.000000 -0.000000 -1.000000
vn 0.000000 0.000000 -1.000000
vn 0.000000 0.000000 -1.000000
vn 0.000000 0.000000 -1.000000
vn 0.000000 -0.000000 -1.000000
vn 0.000000 0.000000 -1.000000
vn 0.000000 0.000000 -1.000000
vn 0.000000 0.000000 -1.000000
vn 0.000000 -0.000000 -1.000000
vn 0.000000 0.000000 -1.000000
vn 0.000000 0.000000 -1.000000
vn 0.000000 -0.000000 -1.000000
vn 0.000000 0.000000 -1.000000
vn 0.000000 0.000000 -1.000000
vn 0.000000 -0.000000 -1.000000
vn 0.000000 0.000000 -1.000000
vn 0.000000 0.000000 -1.000000
vn 0.000000 0.000000 -1.000000
vn 0.000000 -0.000000 -1.000000
vn 0.000000 0.000000 -1.000000
vn 0.000000 0.000000 -1.000000
vn 0.500000 0.866025 0.000000
vn 0.500000 0.866025 0.000000
vn 0.500000 0.866026 -0.000000
vn 0.500000 0.866025 0.000000
vn 0.500000 0.866025 0.000000
vn 0.500000 0.866026 -0.000000
vn 0.500000 0.866026 0.000000
vn 0.500000 0.866025 -0.000000
vn 0.500000 0.866025 0.000000
vn 0.500000 0.866025 0.000000
vn 0.500000 0.866026 0.000000
vn 0.500000 0.866026 0.000000
vn 0.500000 0.866025 0.000000
vn 0.500000 0.866025 0.000000
vn 0.500000 0.866025 0.000000
vn 0.500000 0.866025 0.000000
vn 0.500000 0.866025 0.000000
vn 0.500000 0.866025 0.000000
vn 0.500000 0.866025 0.000000
vn 0.500000 0.866025 0.000000
vn 0.499999 0.866026 -0.000000
vn 0.500000 0.866025 0.000000
vn 0.500000 0.866025 0.000000
vn 0.499999 0.866026 0.000000
vn -0.500000 0.866026 0.000000
vn -0.500000 0.866026 0.000000
vn -0.500000 0.866026 0.000000
vn -0.500000 0.866025 0.000000
vn -0.500000 0.866025 0.000000
vn -0.500000 0.866025 0.000000
vn -0.500000 0.866026 0.000000
vn -0.500000 0.866025 0.000000
vn -0.500000 0.866025 0.000000
vn -0.500001 0.866025 0.000000
vn -0.500000 0.866025 0.000000
vn -0.500001 0.866025 0.000000
vn -0.500000 0.866026 0.000000
vn -0.500000 0.866026 0.000000
vn -0.500000 0.866025 0.000000
vn -0.500000 0.866025 0.000000
vn -0.500000 0.866026 0.000000
vn -0.500000 0.866026 0.000000
vn -0.500001 0.866025 0.000000
vn -0.500001 0.866025 0.000000
vn -0.500000 0.866025 0.000000
vn -0.500000 0.866026 0.000000
vn -0.500000 0.866026 0.000000
vn -0.500000 0.866025 0.000000
vn -1.000000 0.000000 0.000000
vn -1.000000 0.000000 0.000000
vn -1.000000 0.000000 0.000000
vn -1.000000 0.000000 0.000000
vn -1.000000 0.000000 0.000000
vn -1.000000 0.000000 0.000000
vn -1.000000 0.000000 0.000000
vn -1.000000 0.000000 0.000000
vn -1.000000 0.000000 0.000000
vn -1.000000 0.000000 0.000000
vn -1.000000 0.000000 0.000000
vn -1.000000 0.000000 0.000000
vn -1.000000 0.000000 0.000000
vn -1.000000 0.000000 0.000000
vn -1.000000 0.000000 0.000000
vn -1.000000 0.000000 0.000000
vn -1.000000 0.000000 0.000000
vn -1.000000 0.000000 0.000000
vn -1.000000 0.000000 0.000000
vn -1.000000 0.000000 0.000000
vn -1.000000 0.000000 0.000000
vn -1.000000 0.000000 0.000000
vn -1.000000 0.000000 0.000000
vn -1.000000 0.000000 0.000000
vn -0.500000 -0.866025 -0.000000
vn -0.500000 -0.866025 0.000000
vn -0.500000 -0.866026 0.000000
vn -0.500000 -0.866025 0.000000
vn -0.500000 -0.866025 -0.000000
vn -0.500000 -0.866026 0.000000
vn -0.500000 -0.866026 0.000000
vn -0.500000 -0.866025 0.000000
vn -0.500000 -0.866025 0.000000
vn -0.500000 -0.866026 0.000000
vn -0.500000 -0.866025 0.000000
vn -0.500000 -0.866026 0.000000
vn -0.500000 -0.866025 0.000000
vn -0.500000 -0.866025 -0.000000
vn -0.500000 -0.866025 0.000000
vn -0.500000 -0.866025 -0.000000
vn -0.500000 -0.866025 0.000000
vn -0.500000 -0.866025 -0.000000
vn -0.500000 -0.866025 0.000000
vn -0.500000 -0.866025 -0.000000
vn -0.499999 -0.866026 0.000000
vn -0.500000 -0.866025 0.000000
vn -0.500000 -0.866025 -0.000000
vn -0.499999 -0.866026 0.000000
vn 0.500000 -0.866026 0.000000
vn 0.500000 -0.866026 0.000000
vn 0.500000 -0.866026 0.000000
vn 0.500000 -0.866025 0.000000
vn 0.500000 -0.866025 0.000000
vn 0.500000 -0.866025 0.000000
vn 0.500000 -0.866026 0.000000
vn 0.500000 -0.866025 0.000000
vn 0.500000 -0.866025 0.000000
vn 0.500001 -0.866025 0.000000
vn 0.500000 -0.866025 0.000000
vn 0.500001 -0.866025 0.000000
vn 0.500000 -0.866026 0.000000
vn 0.500000 -0.866026 0.000000
vn 0.500000 -0.866025 0.000000
vn 0.500000 -0.866025 0.000000
vn 0.500000 -0.866026 0.000000
vn 0.500000 -0.866026 0.000000
vn 0.500001 -0.866025 0.000000
vn 0.500001 -0.866025 0.000000
vn 0.500000 -0.866025 0.000000
vn 0.500000 -0.866026 0.000000
vn 0.500000 -0.866026 0.000000
vn 0.500000 -0.866025 0.000000
vn 1.000000 0.000000 0.000000
vn 1.000000 0.000000 0.000000
vn 1.000000 0.000000 0.000000
vn 1.000000 0.000000 0.000000
vn 1.000000 0.000000 0.000000
vn 1.000000 0.000000 0.000000
vn 1.000000 0.000000 0.000000
vn 1.000000 0.000000 0.000000
vn 1.000000 0.000000 0.000000
vn 1.000000 0.000000 0.000000
vn 1.000000 0.000000 0.000000
vn 1.000000 0.000000 0.000000
vn 1.000000 0.000000 0.000000
vn 1.000000 0.000000 0.000000
vn 1.000000 0.000000 0.000000
vn 1.000000 0.000000 0.000000
vn 1.000000 0.000000 0.000000
vn 1.000000 0.000000 0.000000
vn 1.000000 0.000000 0.000000
vn 1.000000 0.000000 0.000000
vn 1.000000 0.000000 -0.000000
vn 1.000000 0.000000 0.000000
vn 1.000000 0.000000 0.000000
vn 1.000000 0.000000 0.000000
vn 0.000000 0.000000 1.000000
vn 0.000000 0.000000 1.000000
vn 0.000000 0.000000 1.000000
vn 0.000000 0.000000 1.000000
vn 0.000000 0.000000 1.000000
vn 0.000000 0.000000 1.000000
vn 0.000000 0.000000 1.000000
vn 0.000000 0.000000 1.000000
vn 0.000000 0.000000 1.000000
vn 0.000000 0.000000 1.000000
vn 0.000000 0.000000 1.000000
vn 0.000000 0.000000 1.000000
vn 0.000000 0.000000 1.000000
vn 0.000000 0.000000 1.000000
vn 0.000000 0.000000 1.000000
vn 0.000000 0.000000 1.000000
vn 0.000000 0.000000 1.000000
vn 0.000000 0.000000 1.000000
vn 0.000000 0.000000 1.000000
vn 0.000000 0.000000 1.000000
vn 0.000000 0.000000 1.000000
vn 0.000000 0.000000 1.000000
vn 0.000000 0.000000 1.000000
vn 0.000000 0.000000 1.000000
vn 0.000000 0.000000 1.000000
vn 0.000000 0.000000 1.000000
vn 0.000000 0.000000 1.000000
vn 0.000000 0.000000 1.000000
vn 0.000000 0.000000 1.000000
vn 0.000000 0.000000 1.000000
vn 0.000000 0.000000 1.000000
vn 0.000000 0.000000 1.000000
vn 0.000000 0.000000 1.000000
vn 0.000000 0.000000 1.000000
vn 0.000000 0.000000 1.000000
vn 0.000000 0.000000 1.000000
vn 0.000000 0.000000 1.000000
vn 0.000000 0.000000 1.000000
vn 0.000000 0.000000 1.000000
vn 0.000000 0.000000 1.000000
vn 0.000000 0.000000 1.000000
vn 0.000000 0.000000 1.000000
vn 0.000000 0.000000 1.000000
vn 0.000000 0.000000 1.000000
vn 0.000000 0.000000 1.000000
vn 0.000000 0.000000 1.000000
vn 0.000000 0.000000 1.000000
vn 0.000000 0.000000 1.000000
vn 0.000000 0.000000 1.000000
vn 0.000000 0.000000 1.000000
vn 0.000000 0.000000 1.000000
vn 0.000000 0.000000 1.000000
vn 0.000000 0.000000 1.000000
vn 0.000000 0.000000 1.000000
vn 0.000000 0.000000 1.000000
vn 0.000000 0.000000 1.000000
vn 0.000000 0.000000 1.000000
vn 0.000000 0.000000 1.000000
vn 0.000000 0.000000 1.000000
vn 0.000000 0.000000 1.000000
vn 0.000000 0.000000 1.000000
vn 0.000000 0.000000 1.000000
vn 0.000000 0.000000 1.000000
vn 0.000000 0.000000 1.000000
vn 0.000000 0.000000 1.000000
vn 0.000000 0.000000 1.000000
vn 0.000000 0.000000 1.000000
vn 0.000000 0.000000 1.000000
vn 0.000000 0.000000 1.000000
vn 0.000000 0.000000 1.000000
vn 0.000000 0.000000 1.000000
vn 0.000000 0.000000 1.000000
vn 0.000000 0.000000 1.000000
vn 0.000000 0.000000 1.000000
vn 0.000000 0.000000 1.000000
vn 0.000000 0.000000 1.000000
vn 0.000000 0.000000 1.000000
vn 0.000000 0.000000 1.000000
vn 0.000000 0.000000 1.000000
vn 0.000000 0.000000 1.000000
vn 0.000000 0.000000 1.000000
vn 0.000000 0.000000 1.000000
vn 0.000000 0.000000 1.000000
vn 0.000000 0.000000 1.000000
vn 0.000000 0.000000 1.000000
vn 0.000000 0.000000 1.000000
vn 0.000000 0.000000 1.000000
vn 0.000000 0.000000 1.000000
vn 0.000000 0.000000 1.000000
vn 0.000000 0.000000 1.000000
vn 0.000000 0.000000 1.000000
vn 0.000000 0.000000 1.000000
vn 0.000000 0.000000 1.000000
vn 0.000000 0.000000 1.000000
vn 0.000000 0.000000 1.000000
vn 0.000000 0.000000 1.000000
vn 0.451326 -0.026287 0.891972
vn 0.530160 -0.073311 0.844722
vn 0.469208 -0.082734 0.879203
vn 0.496567 -0.117554 0.860001
vn 0.464910 -0.139185 0.874349
vn 0.476419 -0.155057 0.865437
vn 0.458797 -0.197906 0.866221
vn 0.455088 -0.191476 0.869616
vn 0.449463 -0.224251 0.864693
vn 0.418402 -0.241561 0.875550
vn 0.419150 -0.241997 0.875072
vn 0.419128 -0.241980 0.875087
vn 0.419992 -0.242482 0.874534
vn 0.429757 -0.248120 0.868185
vn 0.429757 -0.248120 0.868185
vn 0.419999 -0.242487 0.874529
vn 0.395466 -0.294414 0.870016
vn 0.416787 -0.282730 0.863917
vn 0.389568 -0.325601 0.861522
vn 0.355253 -0.335164 0.872617
vn 0.356557 -0.349931 0.866265
vn 0.330121 -0.377317 0.865247
vn 0.294966 -0.351528 0.888495
vn 0.320087 -0.439028 0.839523
vn 0.204724 -0.311268 0.928009
vn 0.206265 -0.410708 0.888129
vn 0.203194 -0.499975 0.841865
vn 0.164477 -0.451898 0.876776
vn 0.147794 -0.491578 0.858200
vn 0.112449 -0.474457 0.873067
vn 0.104916 -0.490970 0.864836
vn 0.058095 -0.497034 0.865784
vn 0.062301 -0.489812 0.869599
vn 0.030809 -0.501417 0.864657
vn 0.000002 -0.483145 0.875540
vn -0.000001 -0.483985 0.875076
vn 0.000002 -0.483960 0.875090
vn 0.000000 -0.484968 0.874532
vn 0.000000 -0.496241 0.868185
vn 0.000000 -0.496241 0.868185
vn -0.000001 -0.484978 0.874526
vn -0.057237 -0.489690 0.870016
vn -0.036457 -0.502313 0.863917
vn -0.087196 -0.500177 0.861522
vn -0.112634 -0.475240 0.872617
vn -0.124769 -0.483753 0.866266
vn -0.161705 -0.474552 0.865247
vn -0.156948 -0.431213 0.888495
vn -0.220167 -0.496719 0.839522
vn -0.167204 -0.332931 0.928009
vn -0.252549 -0.383982 0.888131
vn -0.331393 -0.425955 0.841868
vn -0.309116 -0.368390 0.876776
vn -0.351822 -0.373783 0.858200
vn -0.354668 -0.334612 0.873067
vn -0.372734 -0.336345 0.864836
vn -0.401396 -0.298829 0.865784
vn -0.393039 -0.298861 0.869599
vn -0.429757 -0.248120 0.868185
vn -0.418836 -0.277391 0.864657
vn -0.418420 -0.241577 0.875537
vn -0.419143 -0.241993 0.875076
vn -0.419135 -0.241989 0.875081
vn -0.419998 -0.242486 0.874530
vn -0.429757 -0.248120 0.868185
vn -0.419994 -0.242484 0.874532
vn -0.452816 -0.195326 0.869946
vn -0.453190 -0.219651 0.863928
vn -0.476437 -0.175162 0.861583
vn -0.468227 -0.140178 0.872418
vn -0.480569 -0.134519 0.866578
vn -0.492074 -0.097679 0.865056
vn -0.451221 -0.079562 0.888858
vn -0.539267 -0.057890 0.840143
vn -0.371382 -0.021631 0.928228
vn -0.457111 0.026624 0.889011
vn -0.532046 0.073650 0.843506
vn -0.470906 0.083033 0.878267
vn -0.496649 0.118138 0.859874
vn -0.464898 0.139181 0.874356
vn -0.476377 0.155701 0.865345
vn -0.458230 0.197661 0.866577
vn -0.455038 0.191981 0.869531
vn -0.449221 0.224548 0.864742
vn -0.418402 0.241561 0.875550
vn -0.419150 0.241997 0.875072
vn -0.419128 0.241980 0.875087
vn -0.419992 0.242482 0.874534
vn -0.429757 0.248120 0.868185
vn -0.429757 0.248120 0.868185
vn -0.419999 0.242487 0.874529
vn -0.395466 0.294414 0.870016
vn -0.416787 0.282730 0.863917
vn -0.389568 0.325601 0.861522
vn -0.355253 0.335164 0.872617
vn -0.356557 0.349931 0.866265
vn -0.330121 0.377317 0.865247
vn -0.294966 0.351528 0.888495
vn -0.320087 0.439028 0.839523
vn -0.204724 0.311268 0.928009
vn -0.206265 0.410708 0.888129
vn -0.203194 0.499975 0.841865
vn -0.164477 0.451898 0.876776
vn -0.147794 0.491578 0.858200
vn -0.112449 0.474457 0.873067
vn -0.104916 0.490970 0.864836
vn -0.058095 0.497034 0.865784
vn -0.062301 0.489812 0.869599
vn -0.030809 0.501417 0.864657
vn -0.000002 0.483145 0.875540
vn 0.000001 0.483985 0.875076
vn -0.000002 0.483960 0.875090
vn 0.000000 0.484968 0.874532
vn 0.000000 0.496241 0.868185
vn 0.000000 0.496241 0.868185
vn 0.000001 0.484978 0.874526
vn 0.057237 0.489690 0.870016
vn 0.036457 0.502313 0.863917
vn 0.087196 0.500177 0.861522
vn 0.112634 0.475240 0.872617
vn 0.124769 0.483753 0.866266
vn 0.161705 0.474552 0.865247
vn 0.156948 0.431213 0.888495
vn 0.220167 0.496719 0.839522
vn 0.167204 0.332931 0.928009
vn 0.252549 0.383982 0.888131
vn 0.331393 0.425955 0.841868
vn 0.309116 0.368390 0.876776
vn 0.351822 0.373783 0.858200
vn 0.354668 0.334612 0.873067
vn 0.372734 0.336345 0.864836
vn 0.401396 0.298829 0.865784
vn 0.393039 0.298861 0.869599
vn 0.418836 0.277391 0.864657
vn 0.418420 0.241577 0.875537
vn 0.419143 0.241993 0.875076
vn 0.419135 0.241989 0.875081
vn 0.419998 0.242486 0.874530
vn 0.429757 0.248120 0.868185
vn 0.429757 0.248120 0.868185
vn 0.419994 0.242484 0.874532
vn 0.452681 0.195268 0.870029
vn 0.453230 0.219602 0.863920
vn 0.476892 0.174431 0.861480
vn 0.467781 0.140044 0.872679
vn 0.481696 0.133537 0.866104
vn 0.491863 0.096926 0.865261
vn 0.452833 0.079847 0.888013
vn 0.541707 0.057532 0.838596
vn 0.372970 0.021723 0.927589
vn 0.372970 0.021723 -0.927589
vn 0.541707 0.057532 -0.838596
vn 0.452833 0.079847 -0.888013
vn 0.491863 0.096926 -0.865261
vn 0.467781 0.140044 -0.872679
vn 0.481696 0.133537 -0.866104
vn 0.452681 0.195268 -0.870029
vn 0.476892 0.174431 -0.861480
vn 0.429757 0.248120 -0.868185
vn 0.453230 0.219602 -0.863920
vn 0.418402 0.241561 -0.875550
vn 0.419150 0.241997 -0.875072
vn 0.419128 0.241980 -0.875087
vn 0.419992 0.242482 -0.874534
vn 0.429757 0.248120 -0.868185
vn 0.419999 0.242487 -0.874529
vn 0.418836 0.277391 -0.864657
vn 0.401396 0.298829 -0.865784
vn 0.393039 0.298861 -0.869599
vn 0.372734 0.336345 -0.864836
vn 0.354668 0.334612 -0.873067
vn 0.351822 0.373783 -0.858200
vn 0.309116 0.368390 -0.876776
vn 0.331393 0.425955 -0.841868
vn 0.252549 0.383982 -0.888131
vn 0.167204 0.332931 -0.928009
vn 0.220167 0.496719 -0.839522
vn 0.156948 0.431213 -0.888495
vn 0.161705 0.474552 -0.865247
vn 0.112634 0.475240 -0.872617
vn 0.124769 0.483753 -0.866266
vn 0.057237 0.489690 -0.870016
vn 0.087196 0.500177 -0.861522
vn 0.000000 0.496241 -0.868185
vn 0.036457 0.502313 -0.863917
vn 0.000002 0.483145 -0.875540
vn -0.000001 0.483985 -0.875076
vn 0.000002 0.483960 -0.875090
vn 0.000000 0.484968 -0.874532
vn 0.000000 0.496241 -0.868185
vn -0.000001 0.484978 -0.874526
vn -0.030809 0.501417 -0.864657
vn -0.058095 0.497034 -0.865784
vn -0.062301 0.489812 -0.869599
vn -0.104916 0.490970 -0.864836
vn -0.112449 0.474457 -0.873067
vn -0.147794 0.491578 -0.858200
vn -0.164477 0.451898 -0.876776
vn -0.203194 0.499975 -0.841865
vn -0.206265 0.410708 -0.888129
vn -0.204724 0.311268 -0.928009
vn -0.320087 0.439028 -0.839523
vn -0.294966 0.351527 -0.888495
vn -0.330121 0.377317 -0.865247
vn -0.355253 0.335164 -0.872617
vn -0.356557 0.349931 -0.866265
vn -0.395466 0.294414 -0.870016
vn -0.389568 0.325601 -0.861522
vn -0.429757 0.248120 -0.868185
vn -0.416787 0.282730 -0.863917
vn -0.418420 0.241577 -0.875537
vn -0.419143 0.241993 -0.875076
vn -0.419135 0.241989 -0.875081
vn -0.419998 0.242486 -0.874530
vn -0.429757 0.248120 -0.868185
vn -0.419994 0.242484 -0.874532
vn -0.449221 0.224548 -0.864742
vn -0.458230 0.197661 -0.866577
vn -0.455038 0.191981 -0.869531
vn -0.476377 0.155701 -0.865345
vn -0.464898 0.139182 -0.874356
vn -0.496649 0.118138 -0.859874
vn -0.470906 0.083033 -0.878267
vn -0.532046 0.073650 -0.843506
vn -0.457111 0.026624 -0.889011
vn -0.371382 -0.021631 -0.928228
vn -0.539267 -0.057890 -0.840143
vn -0.451221 -0.079562 -0.888858
vn -0.492074 -0.097679 -0.865056
vn -0.468227 -0.140178 -0.872418
vn -0.480569 -0.134519 -0.866578
vn -0.452816 -0.195326 -0.869946
vn -0.476437 -0.175162 -0.861583
vn -0.429757 -0.248120 -0.868185
vn -0.453190 -0.219651 -0.863928
vn -0.418402 -0.241561 -0.875550
vn -0.419150 -0.241997 -0.875072
vn -0.419128 -0.241980 -0.875087
vn -0.419992 -0.242482 -0.874534
vn -0.429757 -0.248120 -0.868185
vn -0.419999 -0.242487 -0.874529
vn -0.418836 -0.277391 -0.864657
vn -0.401396 -0.298829 -0.865784
vn -0.393039 -0.298861 -0.869599
vn -0.372734 -0.336345 -0.864836
vn -0.354668 -0.334612 -0.873067
vn -0.351822 -0.373783 -0.858200
vn -0.309116 -0.368390 -0.876776
vn -0.331393 -0.425955 -0.841868
vn -0.252549 -0.383982 -0.888131
vn -0.167204 -0.332931 -0.928009
vn -0.220167 -0.496719 -0.839522
vn -0.156948 -0.431213 -0.888495
vn -0.161705 -0.474552 -0.865247
vn -0.112634 -0.475240 -0.872617
vn -0.124769 -0.483753 -0.866266
vn -0.057237 -0.489690 -0.870016
vn -0.087196 -0.500177 -0.861522
vn 0.000000 -0.496241 -0.868185
vn -0.036457 -0.502313 -0.863917
vn -0.000002 -0.483145 -0.875540
vn 0.000001 -0.483985 -0.875076
vn -0.000002 -0.483960 -0.875090
vn -0.000000 -0.484968 -0.874532
vn -0.000000 -0.496241 -0.868185
vn 0.000001 -0.484978 -0.874526
vn 0.030809 -0.501417 -0.864657
vn 0.058095 -0.497034 -0.865784
vn 0.062301 -0.489812 -0.869599
vn 0.104916 -0.490970 -0.864836
vn 0.112449 -0.474457 -0.873067
vn 0.147794 -0.491578 -0.858200
vn 0.164477 -0.451898 -0.876776
vn 0.203194 -0.499975 -0.841865
vn 0.206265 -0.410708 -0.888129
vn 0.204724 -0.311268 -0.928009
vn 0.320087 -0.439028 -0.839523
vn 0.294966 -0.351527 -0.888495
vn 0.330121 -0.377317 -0.865247
vn 0.355253 -0.335164 -0.872617
vn 0.356557 -0.349931 -0.866265
vn 0.395466 -0.294414 -0.870016
vn 0.389568 -0.325601 -0.861522
vn 0.429757 -0.248120 -0.868185
vn 0.416787 -0.282730 -0.863917
vn 0.418420 -0.241577 -0.875537
vn 0.419143 -0.241993 -0.875076
vn 0.419135 -0.241989 -0.875081
vn 0.419998 -0.242486 -0.874530
vn 0.429757 -0.248120 -0.868185
vn 0.419994 -0.242484 -0.874532
vn 0.449463 -0.224251 -0.864693
vn 0.458797 -0.197906 -0.866221
vn 0.455088 -0.191476 -0.869616
vn 0.476419 -0.155057 -0.865437
vn 0.464910 -0.139185 -0.874349
vn 0.496567 -0.117554 -0.860001
vn 0.469208 -0.082734 -0.879204
vn 0.530161 -0.073311 -0.844722
vn 0.451326 -0.026287 -0.891972
vn -0.996109 0.088125 0.000008
vn -0.996176 0.087373 0.000000
vn -0.966183 0.257858 0.000012
vn -0.966423 0.256956 0.000003
vn -0.906924 0.421295 0.000010
vn -0.907369 0.420335 -0.000002
vn -0.817703 0.575640 0.000002
vn -0.818318 0.574765 -0.000010
vn -0.705739 0.708472 -0.000003
vn -0.706396 0.707816 -0.000012
vn -0.573758 0.819025 0.000000
vn -0.574381 0.818588 -0.000008
vn -0.574381 -0.818588 0.000008
vn -0.573758 -0.819025 0.000000
vn -0.706396 -0.707816 0.000012
vn -0.705739 -0.708472 0.000003
vn -0.818318 -0.574765 0.000010
vn -0.817703 -0.575640 -0.000002
vn -0.907369 -0.420335 0.000002
vn -0.906924 -0.421295 -0.000010
vn -0.966423 -0.256956 -0.000003
vn -0.966183 -0.257858 -0.000012
vn -0.996176 -0.087373 0.000000
vn -0.996110 -0.088125 -0.000008
vn 0.421733 -0.906720 0.000008
vn 0.422413 -0.906404 0.000000
vn 0.259785 -0.965666 0.000012
vn 0.260691 -0.965422 0.000003
vn 0.088604 -0.996067 0.000010
vn 0.089664 -0.995972 -0.000002
vn -0.089664 -0.995972 0.000002
vn -0.088604 -0.996067 -0.000010
vn -0.260691 -0.965422 -0.000003
vn -0.259785 -0.965666 -0.000012
vn -0.422413 -0.906404 0.000000
vn -0.421733 -0.906720 -0.000008
vn 0.996109 -0.088125 0.000008
vn 0.996176 -0.087373 0.000000
vn 0.966183 -0.257858 0.000012
vn 0.966423 -0.256956 0.000003
vn 0.906924 -0.421295 0.000010
vn 0.907369 -0.420335 -0.000002
vn 0.817703 -0.575640 0.000002
vn 0.818318 -0.574765 -0.000010
vn 0.705739 -0.708472 -0.000003
vn 0.706396 -0.707816 -0.000012
vn 0.573758 -0.819025 0.000000
vn 0.574381 -0.818588 -0.000008
vn 0.574381 0.818588 0.000008
vn 0.573758 0.819025 0.000000
vn 0.706396 0.707816 0.000012
vn 0.705739 0.708472 0.000003
vn 0.818318 0.574765 0.000010
vn 0.817703 0.575640 -0.000002
vn 0.907369 0.420335 0.000002
vn 0.906924 0.421295 -0.000010
vn 0.966423 0.256956 -0.000003
vn 0.966183 0.257858 -0.000012
vn 0.996176 0.087373 -0.000000
vn 0.996110 0.088125 -0.000008
vn -0.421733 0.906720 0.000008
vn -0.422413 0.906404 0.000000
vn -0.259785 0.965666 0.000012
vn -0.260691 0.965422 0.000003
vn -0.088604 0.996067 0.000010
vn -0.089664 0.995972 -0.000002
vn 0.089664 0.995972 0.000002
vn 0.088604 0.996067 -0.000010
vn 0.260691 0.965422 -0.000003
vn 0.259785 0.965666 -0.000012
vn 0.422413 0.906404 -0.000000
vn 0.421733 0.906720 -0.000008
vn -0.561813 -0.662633 -0.495261
vn -0.685507 -0.715575 0.134286
vn -0.740365 -0.636127 -0.217261
vn -0.770543 -0.623090 0.134249
vn -0.845212 -0.520624 -0.120698
vn -0.920021 -0.382857 -0.083557
vn -0.864271 -0.494767 0.090785
vn -0.971166 -0.234169 -0.044733
vn -0.932826 -0.357933 0.041470
vn -0.996653 -0.078768 -0.021860
vn -0.975738 -0.217964 0.020660
vn -0.997377 -0.072383 0.000000
vn 0.643584 -0.763629 -0.051674
vn 0.343859 -0.299957 0.889824
vn 0.488767 -0.366694 0.791608
vn 0.373324 -0.250028 0.893373
vn 0.490967 -0.255136 0.832981
vn 0.424681 -0.199168 0.883163
vn 0.507687 -0.174345 0.843716
vn 0.455919 -0.138133 0.879237
vn 0.524599 -0.095354 0.845993
vn 0.472414 -0.067647 0.878777
vn 0.513444 -0.026434 0.857716
vn 0.495286 -0.013368 0.868627
vn 0.508081 0.020611 0.861062
vn 0.499840 0.025260 0.865749
vn 0.496357 0.080803 0.864350
vn 0.498333 0.081594 0.863138
vn 0.482089 0.154498 0.862392
vn 0.478668 0.152286 0.864688
vn 0.447748 0.221101 0.866392
vn 0.442327 0.221176 0.869153
vn 0.419444 0.290774 0.859952
vn 0.408430 0.289751 0.865580
vn 0.365378 0.348934 0.862985
vn 0.365134 0.348408 0.863301
vn 0.306042 0.395391 0.866028
vn 0.301620 0.393854 0.868277
vn 0.249462 0.442535 0.861355
vn 0.228869 0.433884 0.871415
vn 0.184727 0.478180 0.858615
vn 0.164611 0.468735 0.867865
vn 0.109725 0.497765 0.860343
vn 0.098702 0.489281 0.866523
vn 0.032269 0.514715 0.856754
vn 0.042996 0.502746 0.863365
vn 0.001593 0.499181 0.866496
vn -0.047746 0.506122 0.861139
vn -0.059413 0.491085 0.869083
vn -0.125090 0.493441 0.860737
vn -0.195758 0.470373 0.860482
vn -0.137790 0.475197 0.869023
vn -0.265254 0.437198 0.859359
vn -0.208175 0.448247 0.869332
vn -0.330108 0.390674 0.859304
vn -0.275912 0.408238 0.870181
vn -0.332397 0.381989 0.862320
vn -0.386392 0.335464 0.859165
vn -0.358192 0.348250 0.866268
vn -0.432202 0.271614 0.859899
vn -0.392851 0.295463 0.870844
vn -0.466870 0.205334 0.860157
vn -0.437523 0.228586 0.869668
vn -0.468351 0.154019 0.870015
vn -0.492898 0.132470 0.859944
vn -0.490531 0.095241 0.866203
vn -0.504569 0.055165 0.861607
vn -0.502445 0.057621 0.862687
vn -0.500142 0.011945 0.865861
vn -0.507940 -0.009896 0.861336
vn -0.499778 -0.029768 0.865642
vn -0.498555 -0.075965 0.863523
vn -0.500613 -0.080983 0.861875
vn -0.483453 -0.125519 0.866325
vn -0.484913 -0.155033 0.860712
vn -0.456303 -0.189216 0.869474
vn -0.455937 -0.223930 0.861381
vn -0.421421 -0.262612 0.868009
vn -0.418030 -0.290032 0.860890
vn -0.389879 -0.313320 0.865924
vn -0.367217 -0.349374 0.862027
vn -0.367017 -0.350160 0.861792
vn -0.313337 -0.386543 0.867413
vn -0.308805 -0.398201 0.863756
vn -0.246341 -0.436976 0.865083
vn -0.245933 -0.437739 0.864813
vn -0.109089 -0.495968 0.861461
vn 0.195074 -0.467912 0.861977
vn 0.263534 -0.433367 0.861825
vn 0.233048 -0.438576 0.867951
vn 0.327531 -0.386748 0.862061
vn 0.304193 -0.394741 0.866976
vn -0.194847 0.467093 0.862473
vn -0.241789 0.436389 0.866662
vn -0.263270 0.432779 0.862201
vn -0.308688 0.392176 0.866551
vn -0.327148 0.386166 0.862467
vn -0.366297 0.339375 0.866401
vn -0.382502 0.331203 0.862552
vn -0.414569 0.278356 0.866401
vn -0.428477 0.268597 0.862707
vn -0.452000 0.212926 0.866232
vn -0.463250 0.203176 0.862624
vn -0.478455 0.142874 0.866411
vn -0.490195 0.131371 0.861656
vn -0.493564 0.065915 0.867208
vn -0.501177 0.057315 0.863444
vn -0.500494 -0.011238 0.865667
vn -0.499972 -0.010679 0.865976
vn -0.503923 -0.081123 0.859931
vn -0.498760 -0.070376 0.863878
vn -0.486181 -0.113038 0.866516
vn -0.486400 -0.155314 0.859821
vn -0.485263 -0.153277 0.860829
vn -0.460803 -0.225608 0.858348
vn -0.460303 -0.191548 0.866851
vn -0.421401 -0.242788 0.873771
vn -0.429654 -0.296124 0.853058
vn -0.371830 -0.302521 0.877624
vn -0.387033 -0.365103 0.846702
vn -0.313045 -0.347734 0.883790
vn -0.334539 -0.406470 0.850215
vn -0.234701 -0.369582 0.899069
vn -0.184784 -0.478287 0.858543
vn -0.139293 -0.473128 0.869913
vn -0.194047 -0.463583 0.864544
vn -0.123943 -0.516823 0.847073
vn -0.169083 -0.460989 0.871149
vn -0.031903 -0.512731 0.857956
vn -0.050178 -0.494699 0.867614
vn -0.009793 -0.492889 0.870037
vn -0.075281 -0.512981 0.855092
vn 0.047623 -0.511505 0.857959
vn 0.018499 -0.491084 0.870916
vn 0.017008 -0.512089 0.858764
vn 0.071524 -0.486278 0.870872
vn 0.467660 -0.205804 0.859616
vn 0.450263 -0.201007 0.869977
vn 0.484110 -0.168304 0.858668
vn 0.495074 -0.133356 0.858556
vn 0.465714 -0.158913 0.870550
vn 0.477131 -0.119210 0.870709
vn 0.506477 -0.058594 0.860261
vn 0.502412 -0.090763 0.859851
vn 0.494214 -0.043747 0.868239
vn 0.486079 -0.085423 0.869730
vn 0.509230 0.009768 0.860575
vn 0.494611 -0.016357 0.868961
vn 0.508867 -0.018817 0.860640
vn 0.495776 0.023084 0.868144
vn 0.484102 0.097484 0.869564
vn 0.506993 0.050324 0.860480
vn 0.504458 0.081145 0.859615
vn 0.491917 0.050788 0.869159
vn 0.461490 0.178202 0.869063
vn 0.494980 0.126338 0.859671
vn 0.486604 0.155353 0.859699
vn 0.476895 0.124232 0.870136
vn 0.237590 0.432205 0.869914
vn 0.251239 0.444946 0.859594
vn 0.163485 0.466360 0.869357
vn 0.214802 0.462941 0.859969
vn 0.205849 0.449008 0.869493
vn 0.183872 0.476584 0.859685
vn 0.081794 0.486415 0.869891
vn 0.110615 0.500274 0.858773
vn 0.142136 0.491708 0.859081
vn 0.134216 0.473932 0.870273
vn -0.003528 0.494376 0.869241
vn 0.055430 0.488974 0.870535
vn 0.031463 0.510337 0.859399
vn 0.060360 0.507961 0.859263
vn -0.369636 0.324965 0.870498
vn -0.386828 0.335943 0.858782
vn -0.420661 0.257226 0.869988
vn -0.411787 0.304850 0.858777
vn -0.396808 0.290407 0.870751
vn -0.432623 0.271955 0.859580
vn -0.438943 0.226345 0.869538
vn -0.458478 0.184290 0.869388
vn -0.452532 0.235972 0.859961
vn -0.467595 0.205765 0.859660
vn -0.482367 0.103006 0.869892
vn -0.484811 0.164249 0.859058
vn -0.467330 0.155494 0.870301
vn -0.494792 0.133241 0.858736
vn -0.497015 -0.027052 0.867320
vn -0.508871 -0.009804 0.860787
vn -0.484102 -0.097484 0.869564
vn -0.504458 -0.081145 0.859615
vn -0.506081 -0.052263 0.860901
vn -0.492691 -0.052624 0.868612
vn -0.476895 -0.124232 0.870136
vn -0.461490 -0.178202 0.869063
vn -0.486604 -0.155353 0.859699
vn -0.494980 -0.126338 0.859671
vn -0.237590 -0.432205 0.869914
vn -0.251239 -0.444946 0.859594
vn -0.163485 -0.466360 0.869357
vn -0.214802 -0.462941 0.859969
vn -0.205849 -0.449008 0.869493
vn -0.183872 -0.476584 0.859685
vn -0.081794 -0.486415 0.869891
vn -0.110615 -0.500274 0.858773
vn -0.142136 -0.491708 0.859081
vn -0.134216 -0.473932 0.870273
vn 0.003528 -0.494376 0.869241
vn -0.031463 -0.510337 0.859399
vn -0.060360 -0.507961 0.859263
vn -0.055430 -0.488974 0.870535
vn 0.369636 -0.324965 0.870498
vn 0.386828 -0.335943 0.858782
vn 0.411787 -0.304850 0.858777
vn 0.420661 -0.257226 0.869988
vn 0.396808 -0.290407 0.870751
vn 0.432623 -0.271955 0.859580
vn 0.452532 -0.235972 0.859961
vn 0.438943 -0.226345 0.869538
vn 0.458478 -0.184290 0.869388
vn 0.467595 -0.205765 0.859660
vn 0.484811 -0.164249 0.859058
vn 0.482367 -0.103006 0.869892
vn 0.467330 -0.155494 0.870301
vn 0.494792 -0.133241 0.858736
vn 0.497014 0.027052 0.867320
vn 0.508871 0.009804 0.860787
vn 0.506081 0.052264 0.860901
vn 0.504458 0.081145 0.859615
vn 0.484102 0.097484 0.869564
vn 0.492691 0.052624 0.868612
vn 0.486604 0.155353 0.859699
vn 0.461490 0.178202 0.869063
vn 0.476895 0.124232 0.870136
vn 0.494980 0.126338 0.859671
vn 0.251239 0.444946 0.859594
vn 0.237590 0.432205 0.869914
vn 0.183872 0.476584 0.859685
vn 0.214802 0.462941 0.859969
vn 0.163485 0.466360 0.869357
vn 0.205849 0.449008 0.869493
vn 0.110615 0.500274 0.858773
vn 0.081794 0.486415 0.869891
vn 0.134216 0.473932 0.870273
vn 0.142136 0.491708 0.859081
vn 0.031463 0.510337 0.859399
vn -0.003528 0.494376 0.869241
vn 0.055430 0.488974 0.870535
vn 0.060360 0.507961 0.859263
vn -0.386828 0.335943 0.858782
vn -0.369636 0.324965 0.870498
vn -0.432623 0.271955 0.859580
vn -0.420661 0.257226 0.869988
vn -0.396808 0.290407 0.870751
vn -0.411787 0.304850 0.858777
vn -0.452532 0.235972 0.859961
vn -0.467595 0.205765 0.859660
vn -0.458478 0.184290 0.869388
vn -0.438943 0.226346 0.869538
vn -0.484811 0.164249 0.859058
vn -0.467330 0.155494 0.870301
vn -0.494792 0.133241 0.858736
vn -0.482367 0.103006 0.869892
vn -0.508871 -0.009804 0.860787
vn -0.497015 -0.027052 0.867320
vn -0.492691 -0.052624 0.868612
vn -0.504458 -0.081145 0.859615
vn -0.506081 -0.052264 0.860901
vn -0.484102 -0.097484 0.869564
vn -0.486604 -0.155353 0.859699
vn -0.476895 -0.124232 0.870136
vn -0.494980 -0.126338 0.859671
vn -0.461490 -0.178202 0.869063
vn -0.251239 -0.444946 0.859594
vn -0.237590 -0.432205 0.869914
vn -0.183872 -0.476584 0.859685
vn -0.205849 -0.449008 0.869493
vn -0.214802 -0.462941 0.859969
vn -0.163485 -0.466360 0.869357
vn -0.110615 -0.500274 0.858773
vn -0.134216 -0.473932 0.870273
vn -0.142136 -0.491708 0.859081
vn -0.081794 -0.486415 0.869891
vn -0.031463 -0.510337 0.859399
vn -0.060360 -0.507961 0.859263
vn 0.003528 -0.494376 0.869241
vn -0.055430 -0.488974 0.870535
vn 0.386828 -0.335943 0.858782
vn 0.369636 -0.324965 0.870498
vn 0.432623 -0.271955 0.859580
vn 0.396808 -0.290407 0.870751
vn 0.411787 -0.304851 0.858777
vn 0.420661 -0.257226 0.869988
vn 0.467595 -0.205765 0.859660
vn 0.452532 -0.235972 0.859961
vn 0.458478 -0.184290 0.869388
vn 0.438943 -0.226346 0.869538
vn 0.494792 -0.133241 0.858736
vn 0.484811 -0.164249 0.859058
vn 0.467330 -0.155494 0.870301
vn 0.482367 -0.103006 0.869892
vn 0.508871 0.009804 0.860787
vn 0.497015 0.027052 0.867320
vn 0.506081 0.052263 0.860901
vn 0.484102 0.097484 0.869564
vn 0.492691 0.052624 0.868612
vn 0.504458 0.081145 0.859615
vn 0.494980 0.126338 0.859671
vn 0.476895 0.124232 0.870136
vn 0.461490 0.178202 0.869063
vn 0.486604 0.155353 0.859699
vn 0.237590 0.432205 0.869914
vn 0.251239 0.444946 0.859594
vn 0.205849 0.449008 0.869493
vn 0.214802 0.462941 0.859969
vn 0.163485 0.466360 0.869357
vn 0.183872 0.476584 0.859685
vn 0.134216 0.473932 0.870273
vn 0.081794 0.486415 0.869891
vn 0.142136 0.491708 0.859081
vn 0.110615 0.500274 0.858773
vn 0.055430 0.488974 0.870535
vn 0.060360 0.507961 0.859263
vn -0.003528 0.494376 0.869241
vn 0.031463 0.510337 0.859399
vn -0.386828 0.335943 0.858782
vn -0.369636 0.324965 0.870498
vn -0.432623 0.271955 0.859580
vn -0.411787 0.304850 0.858777
vn -0.396808 0.290407 0.870751
vn -0.420661 0.257226 0.869988
vn -0.467595 0.205765 0.859660
vn -0.452532 0.235972 0.859961
vn -0.438943 0.226345 0.869538
vn -0.458478 0.184290 0.869388
vn -0.494793 0.133241 0.858736
vn -0.467330 0.155494 0.870301
vn -0.484810 0.164249 0.859058
vn -0.482367 0.103006 0.869892
vn -0.508871 -0.009804 0.860787
vn -0.497015 -0.027052 0.867320
vn -0.504458 -0.081145 0.859615
vn -0.492691 -0.052624 0.868612
vn -0.506081 -0.052264 0.860901
vn -0.484102 -0.097484 0.869564
vn -0.486604 -0.155353 0.859699
vn -0.494980 -0.126338 0.859671
vn -0.461490 -0.178202 0.869063
vn -0.476895 -0.124232 0.870136
vn -0.237590 -0.432205 0.869914
vn -0.251239 -0.444946 0.859594
vn -0.163485 -0.466360 0.869357
vn -0.183872 -0.476584 0.859685
vn -0.214802 -0.462941 0.859969
vn -0.205849 -0.449008 0.869493
vn -0.081794 -0.486415 0.869891
vn -0.142136 -0.491708 0.859081
vn -0.110615 -0.500274 0.858773
vn -0.134216 -0.473932 0.870273
vn 0.003528 -0.494376 0.869241
vn -0.060360 -0.507961 0.859263
vn -0.055430 -0.488974 0.870535
vn -0.031463 -0.510337 0.859399
vn 0.369636 -0.324965 0.870498
vn 0.386828 -0.335943 0.858782
vn 0.420661 -0.257226 0.869988
vn 0.396808 -0.290407 0.870751
vn 0.411787 -0.304850 0.858777
vn 0.432623 -0.271955 0.859580
vn 0.458478 -0.184290 0.869388
vn 0.452532 -0.235972 0.859961
vn 0.438943 -0.226345 0.869538
vn 0.467595 -0.205765 0.859660
vn 0.482367 -0.103006 0.869892
vn 0.484810 -0.164249 0.859058
vn 0.494793 -0.133241 0.858736
vn 0.467330 -0.155494 0.870301
vn 0.497015 0.027052 0.867320
vn 0.508871 0.009804 0.860787
vn 0.484102 0.097484 0.869564
vn 0.504458 0.081145 0.859615
vn 0.506081 0.052264 0.860901
vn 0.492691 0.052624 0.868612
vn 0.494980 0.126338 0.859671
vn 0.476895 0.124232 0.870136
vn 0.461490 0.178202 0.869063
vn 0.486604 0.155353 0.859699
vn 0.237590 0.432205 0.869914
vn 0.251239 0.444946 0.859594
vn 0.163485 0.466360 0.869357
vn 0.205849 0.449008 0.869493
vn 0.214802 0.462941 0.859969
vn 0.183872 0.476584 0.859685
vn 0.081794 0.486415 0.869891
vn 0.142136 0.491708 0.859081
vn 0.134216 0.473932 0.870273
vn 0.110615 0.500274 0.858773
vn -0.003528 0.494376 0.869241
vn 0.060360 0.507961 0.859263
vn 0.055430 0.488974 0.870535
vn 0.031463 0.510337 0.859399
vn 0.126406 -0.503742 0.854555
vn 0.087251 -0.487287 0.868872
vn 0.083836 -0.493417 0.865743
vn 0.138214 -0.473996 0.869612
vn 0.157111 -0.481849 0.862055
vn 0.436913 -0.275433 0.856297
vn 0.440132 -0.227498 0.868636
vn 0.458974 0.189917 0.867914
vn 0.464966 0.227042 0.855721
vn 0.267807 0.416528 0.868783
vn 0.316811 0.406332 0.857044
vn -0.014193 0.495959 0.868230
vn -0.047445 0.519105 0.853392
vn -0.351476 0.348180 0.869043
vn -0.333887 0.396436 0.855194
vn -0.488234 0.090127 0.868047
vn -0.511614 0.059836 0.857129
vn -0.504854 0.052637 0.861598
vn -0.498294 0.031837 0.866423
vn -0.499839 0.087296 0.861708
vn -0.481906 0.081541 0.872421
vn -0.508856 0.016200 0.860699
vn -0.494415 0.013786 0.869117
vn -0.458975 -0.189916 0.867914
vn -0.464966 -0.227042 0.855721
vn -0.316811 -0.406332 0.857044
vn -0.267807 -0.416528 0.868783
vn 0.014193 -0.495959 0.868230
vn 0.047445 -0.519105 0.853393
vn 0.351476 -0.348180 0.869043
vn 0.333887 -0.396436 0.855194
vn 0.488234 -0.090127 0.868047
vn 0.511614 -0.059836 0.857130
vn 0.481906 -0.081541 0.872421
vn 0.508856 -0.016200 0.860699
vn 0.494415 -0.013786 0.869117
vn 0.498294 -0.031837 0.866423
vn 0.499839 -0.087296 0.861708
vn 0.504854 -0.052637 0.861598
vn 0.464966 0.227042 0.855721
vn 0.458975 0.189916 0.867914
vn 0.316811 0.406332 0.857044
vn 0.267807 0.416528 0.868783
vn -0.047445 0.519105 0.853393
vn -0.014193 0.495959 0.868230
vn -0.333887 0.396436 0.855194
vn -0.351476 0.348180 0.869043
vn -0.511614 0.059836 0.857129
vn -0.488234 0.090127 0.868047
vn -0.494415 0.013786 0.869117
vn -0.508856 0.016200 0.860699
vn -0.498294 0.031837 0.866423
vn -0.481906 0.081541 0.872421
vn -0.504854 0.052637 0.861598
vn -0.499839 0.087296 0.861708
vn -0.464966 -0.227042 0.855721
vn -0.458975 -0.189916 0.867914
vn -0.316811 -0.406332 0.857044
vn -0.267807 -0.416528 0.868783
vn 0.047445 -0.519105 0.853393
vn 0.014193 -0.495959 0.868230
vn 0.333887 -0.396436 0.855194
vn 0.351476 -0.348180 0.869043
vn 0.511614 -0.059836 0.857129
vn 0.488234 -0.090127 0.868047
vn 0.508856 -0.016200 0.860699
vn 0.504854 -0.052637 0.861598
vn 0.481906 -0.081541 0.872421
vn 0.499839 -0.087296 0.861708
vn 0.498294 -0.031837 0.866423
vn 0.494415 -0.013786 0.869117
vn 0.458975 0.189916 0.867914
vn 0.464966 0.227042 0.855721
vn 0.316811 0.406332 0.857044
vn 0.267807 0.416528 0.868783
vn -0.014193 0.495959 0.868230
vn -0.047445 0.519105 0.853393
vn -0.333887 0.396436 0.855194
vn -0.351477 0.348180 0.869043
vn -0.511614 0.059836 0.857129
vn -0.488234 0.090127 0.868047
vn -0.499839 0.087296 0.861708
vn -0.481906 0.081541 0.872421
vn -0.504854 0.052637 0.861599
vn -0.494415 0.013786 0.869117
vn -0.508856 0.016200 0.860699
vn -0.498294 0.031837 0.866423
vn -0.458974 -0.189917 0.867914
vn -0.464966 -0.227042 0.855721
vn -0.316811 -0.406332 0.857044
vn -0.267807 -0.416528 0.868783
vn 0.014193 -0.495959 0.868230
vn 0.047445 -0.519105 0.853392
vn 0.333887 -0.396436 0.855194
vn 0.351477 -0.348180 0.869043
vn 0.488234 -0.090127 0.868047
vn 0.511614 -0.059836 0.857129
vn 0.481906 -0.081541 0.872421
vn 0.498294 -0.031837 0.866423
vn 0.494415 -0.013786 0.869117
vn 0.499839 -0.087296 0.861708
vn 0.504854 -0.052637 0.861599
vn 0.508857 -0.016200 0.860699
vn 0.458974 0.189917 0.867914
vn 0.464966 0.227042 0.855721
vn 0.267807 0.416528 0.868783
vn 0.316811 0.406332 0.857044
vn -0.047445 0.519105 0.853392
vn -0.014193 0.495959 0.868230
vn 0.425956 -0.228415 0.875436
vn 0.407616 -0.272298 0.871609
vn 0.449885 -0.256076 0.855587
vn 0.417849 0.253377 0.872469
vn 0.471493 0.217899 0.854526
vn 0.436329 0.198710 0.877571
vn 0.305936 0.381400 0.872317
vn 0.267174 0.402143 0.875728
vn 0.297255 0.423834 0.855573
vn -0.086252 0.482826 0.871459
vn -0.033215 0.517065 0.855302
vn -0.027996 0.479531 0.877078
vn -0.306628 0.380874 0.872304
vn -0.337170 0.344161 0.876281
vn -0.353429 0.380162 0.854731
vn -0.417849 -0.253377 0.872469
vn -0.471493 -0.217899 0.854526
vn -0.436329 -0.198710 0.877571
vn -0.305936 -0.381400 0.872317
vn -0.297255 -0.423834 0.855573
vn -0.267174 -0.402143 0.875728
vn 0.033215 -0.517065 0.855302
vn 0.086252 -0.482826 0.871459
vn 0.027996 -0.479531 0.877078
vn 0.353429 -0.380162 0.854731
vn 0.306629 -0.380874 0.872304
vn 0.337170 -0.344161 0.876282
vn 0.436329 0.198710 0.877571
vn 0.417849 0.253377 0.872469
vn 0.471493 0.217899 0.854526
vn 0.297255 0.423834 0.855573
vn 0.305936 0.381400 0.872317
vn 0.267174 0.402143 0.875728
vn -0.033215 0.517065 0.855302
vn -0.027996 0.479531 0.877078
vn -0.086252 0.482826 0.871459
vn -0.306629 0.380874 0.872304
vn -0.353429 0.380162 0.854731
vn -0.337170 0.344161 0.876282
vn -0.471493 -0.217899 0.854526
vn -0.417849 -0.253377 0.872469
vn -0.436329 -0.198710 0.877571
vn -0.297255 -0.423834 0.855573
vn -0.267174 -0.402143 0.875728
vn -0.305936 -0.381400 0.872317
vn 0.027996 -0.479531 0.877078
vn 0.033215 -0.517065 0.855302
vn 0.086252 -0.482826 0.871459
vn 0.337170 -0.344161 0.876282
vn 0.353429 -0.380162 0.854731
vn 0.306629 -0.380874 0.872304
vn 0.471493 0.217899 0.854526
vn 0.436329 0.198710 0.877571
vn 0.417849 0.253377 0.872469
vn 0.267174 0.402143 0.875728
vn 0.305936 0.381400 0.872317
vn 0.297255 0.423834 0.855573
vn -0.033215 0.517065 0.855302
vn -0.027996 0.479531 0.877078
vn -0.086252 0.482826 0.871459
vn -0.337170 0.344161 0.876282
vn -0.353429 0.380162 0.854731
vn -0.306629 0.380874 0.872304
vn -0.471493 -0.217899 0.854526
vn -0.436329 -0.198710 0.877571
vn -0.417849 -0.253377 0.872469
vn -0.267174 -0.402143 0.875728
vn -0.297255 -0.423834 0.855573
vn -0.305936 -0.381400 0.872317
vn 0.086252 -0.482826 0.871459
vn 0.033215 -0.517065 0.855302
vn 0.027996 -0.479531 0.877078
vn 0.306628 -0.380874 0.872304
vn 0.353429 -0.380162 0.854731
vn 0.337170 -0.344161 0.876282
vn 0.417849 0.253377 0.872469
vn 0.471493 0.217899 0.854526
vn 0.436329 0.198710 0.877571
vn 0.305936 0.381400 0.872317
vn 0.297255 0.423834 0.855573
vn 0.267174 0.402143 0.875728
vn -0.027996 0.479531 0.877078
vn -0.086252 0.482826 0.871459
vn -0.033215 0.517065 0.855302
vn 0.390945 -0.340457 0.855132
vn 0.398118 -0.273285 0.875681
vn 0.423088 -0.301606 0.854418
vn 0.372213 -0.340153 0.863570
vn 0.394844 -0.304699 0.866751
vn 0.354264 -0.331652 0.874359
vn 0.399683 -0.318913 0.859388
vn 0.357668 -0.348774 0.866274
vn 0.452491 0.258268 0.853551
vn 0.427412 0.294951 0.854589
vn 0.416915 0.239060 0.876945
vn 0.310925 0.371008 0.875031
vn 0.369564 0.311155 0.875560
vn 0.339865 0.392062 0.854856
vn 0.375609 0.356582 0.855434
vn -0.101779 0.490553 0.865447
vn -0.079706 0.513491 0.854385
vn -0.126041 0.500881 0.856290
vn -0.074496 0.477127 0.875671
vn -0.297754 0.380487 0.875541
vn -0.268242 0.443862 0.855005
vn -0.313455 0.415845 0.853709
vn -0.452491 -0.258268 0.853551
vn -0.416915 -0.239060 0.876945
vn -0.427412 -0.294951 0.854589
vn -0.369564 -0.311155 0.875560
vn -0.375609 -0.356582 0.855434
vn -0.339865 -0.392062 0.854856
vn -0.310925 -0.371008 0.875031
vn 0.074497 -0.477127 0.875671
vn 0.126041 -0.500881 0.856290
vn 0.101780 -0.490553 0.865447
vn 0.079706 -0.513491 0.854385
vn 0.313455 -0.415844 0.853709
vn 0.268242 -0.443862 0.855004
vn 0.297754 -0.380487 0.875541
vn 0.427412 0.294951 0.854589
vn 0.452491 0.258268 0.853551
vn 0.416915 0.239060 0.876945
vn 0.369564 0.311155 0.875560
vn 0.339865 0.392062 0.854856
vn 0.375609 0.356582 0.855434
vn 0.310925 0.371008 0.875031
vn -0.074496 0.477127 0.875671
vn -0.126041 0.500881 0.856290
vn -0.101779 0.490553 0.865447
vn -0.079706 0.513491 0.854385
vn -0.268242 0.443862 0.855005
vn -0.297754 0.380487 0.875541
vn -0.313455 0.415844 0.853709
vn -0.452491 -0.258268 0.853551
vn -0.416915 -0.239060 0.876945
vn -0.427412 -0.294951 0.854589
vn -0.375609 -0.356582 0.855434
vn -0.369564 -0.311155 0.875560
vn -0.339865 -0.392062 0.854856
vn -0.310925 -0.371008 0.875031
vn 0.074497 -0.477127 0.875671
vn 0.126041 -0.500881 0.856290
vn 0.079706 -0.513491 0.854385
vn 0.101780 -0.490553 0.865447
vn 0.268242 -0.443862 0.855005
vn 0.297754 -0.380487 0.875541
vn 0.313455 -0.415844 0.853709
vn 0.416915 0.239060 0.876945
vn 0.427412 0.294951 0.854589
vn 0.452491 0.258268 0.853551
vn 0.339865 0.392062 0.854856
vn 0.310925 0.371008 0.875031
vn 0.369564 0.311155 0.875560
vn 0.375609 0.356582 0.855434
vn -0.126041 0.500881 0.856290
vn -0.101780 0.490553 0.865447
vn -0.079706 0.513491 0.854385
vn -0.074496 0.477127 0.875671
vn -0.313455 0.415844 0.853709
vn -0.268242 0.443862 0.855005
vn -0.297754 0.380487 0.875541
vn -0.416915 -0.239060 0.876945
vn -0.427412 -0.294951 0.854589
vn -0.452491 -0.258268 0.853551
vn -0.339865 -0.392062 0.854856
vn -0.375609 -0.356582 0.855434
vn -0.310925 -0.371008 0.875031
vn -0.369564 -0.311155 0.875560
vn 0.079706 -0.513491 0.854385
vn 0.101779 -0.490553 0.865447
vn 0.074496 -0.477127 0.875671
vn 0.126041 -0.500881 0.856290
vn 0.313455 -0.415845 0.853709
vn 0.297754 -0.380487 0.875541
vn 0.268242 -0.443862 0.855005
vn 0.452491 0.258268 0.853551
vn 0.427412 0.294951 0.854589
vn 0.416915 0.239060 0.876945
vn 0.369564 0.311155 0.875560
vn 0.339865 0.392062 0.854856
vn 0.375609 0.356582 0.855434
vn 0.310925 0.371008 0.875031
vn -0.148875 0.469973 0.870036
vn -0.101779 0.490553 0.865447
vn -0.168662 0.477854 0.862096
vn -0.126041 0.500881 0.856290
vn -0.074496 0.477127 0.875671
vn -0.079706 0.513491 0.854385
vn 0.366347 0.322368 0.872851
vn 0.394755 0.282155 0.874390
vn 0.366359 0.365216 0.855803
vn 0.339991 0.347513 0.873865
vn 0.401026 0.331016 0.854170
vn 0.423625 0.299165 0.855010
vn -0.238804 0.428107 0.871606
vn -0.251556 0.437718 0.863205
vn -0.269206 0.405656 0.873483
vn -0.280652 0.434826 0.855664
vn -0.401026 -0.331016 0.854170
vn -0.366347 -0.322368 0.872851
vn -0.339991 -0.347513 0.873865
vn -0.423625 -0.299165 0.855010
vn -0.394755 -0.282155 0.874390
vn -0.366359 -0.365216 0.855802
vn 0.269206 -0.405655 0.873483
vn 0.280652 -0.434826 0.855664
vn 0.238804 -0.428107 0.871606
vn 0.251556 -0.437718 0.863205
vn 0.366347 0.322368 0.872851
vn 0.394755 0.282155 0.874389
vn 0.401026 0.331016 0.854170
vn 0.423625 0.299165 0.855010
vn 0.366359 0.365216 0.855803
vn 0.339991 0.347513 0.873865
vn -0.251556 0.437718 0.863205
vn -0.238804 0.428107 0.871606
vn -0.269206 0.405655 0.873483
vn -0.280652 0.434826 0.855664
vn -0.394755 -0.282155 0.874389
vn -0.401026 -0.331016 0.854170
vn -0.423625 -0.299165 0.855010
vn -0.366359 -0.365216 0.855803
vn -0.366347 -0.322368 0.872851
vn -0.339991 -0.347513 0.873865
vn 0.238804 -0.428107 0.871606
vn 0.269206 -0.405655 0.873483
vn 0.251556 -0.437718 0.863205
vn 0.280652 -0.434826 0.855664
vn 0.423625 0.299165 0.855010
vn 0.366359 0.365216 0.855803
vn 0.366347 0.322368 0.872851
vn 0.401026 0.331016 0.854170
vn 0.394755 0.282155 0.874390
vn 0.339991 0.347513 0.873865
vn -0.280652 0.434826 0.855664
vn -0.269206 0.405655 0.873483
vn -0.238804 0.428107 0.871606
vn -0.251556 0.437718 0.863205
vn -0.394755 -0.282155 0.874390
vn -0.401026 -0.331016 0.854170
vn -0.423625 -0.299165 0.855010
vn -0.366359 -0.365216 0.855803
vn -0.339991 -0.347513 0.873865
vn -0.366347 -0.322368 0.872851
vn 0.251556 -0.437718 0.863205
vn 0.238804 -0.428107 0.871606
vn 0.280652 -0.434826 0.855664
vn 0.269206 -0.405656 0.873483
vn 0.366359 0.365216 0.855803
vn 0.394755 0.282155 0.874390
vn 0.366347 0.322368 0.872851
vn 0.339991 0.347513 0.873865
vn 0.401026 0.331016 0.854170
vn 0.423625 0.299165 0.855010
vn -0.166429 0.465817 0.869089
vn -0.207492 0.453965 0.866524
vn -0.214550 0.461759 0.860667
vn -0.146524 0.473207 0.868681
vn -0.195871 0.470783 0.860231
vn -0.152048 0.481230 0.863307
vn 0.214550 -0.461759 0.860667
vn 0.207492 -0.453965 0.866524
vn 0.166430 -0.465817 0.869089
vn 0.146524 -0.473207 0.868681
vn 0.152048 -0.481230 0.863307
vn 0.195872 -0.470783 0.860231
vn -0.207492 0.453965 0.866524
vn -0.146524 0.473207 0.868681
vn -0.214550 0.461759 0.860667
vn -0.195872 0.470783 0.860231
vn -0.166429 0.465817 0.869089
vn -0.152048 0.481230 0.863307
vn 0.195871 -0.470783 0.860231
vn 0.166430 -0.465817 0.869089
vn 0.152048 -0.481230 0.863307
vn 0.207492 -0.453965 0.866524
vn 0.146524 -0.473207 0.868681
vn 0.214550 -0.461759 0.860667
vn -0.195872 0.470783 0.860231
vn -0.214550 0.461759 0.860667
vn -0.146524 0.473207 0.868681
vn -0.152048 0.481230 0.863307
vn -0.166430 0.465817 0.869089
vn -0.207492 0.453965 0.866524
vn 0.166429 -0.465817 0.869089
vn 0.152048 -0.481230 0.863307
vn 0.207492 -0.453965 0.866524
vn 0.214550 -0.461759 0.860667
vn 0.195872 -0.470783 0.860231
vn 0.146524 -0.473207 0.868681
vn 0.757377 -0.651045 -0.050196
vn 0.850065 -0.524653 0.046134
vn 0.853442 -0.517903 -0.058431
vn 0.921414 -0.385105 0.051874
vn 0.969492 -0.236023 0.066173
vn 0.927448 -0.364082 -0.085353
vn 0.996088 -0.081587 0.033942
vn 0.984913 -0.012653 -0.172588
vn 0.977524 -0.208563 -0.030805
vn 0.997624 -0.068900 0.000000
vn 1.000000 -0.000000 -0.000000
vn -0.086882 -0.514642 -0.852992
vn -0.020230 -0.485851 -0.873807
vn -0.005622 -0.517724 -0.855529
vn 0.049080 -0.487304 -0.871852
vn 0.069108 -0.507959 -0.858604
vn 0.121814 -0.476600 -0.870640
vn 0.137834 -0.486652 -0.862654
vn 0.205783 -0.465812 -0.860624
vn 0.251299 -0.431728 -0.866291
vn 0.206202 -0.454508 -0.866547
vn 0.285351 -0.426088 -0.858501
vn 0.290876 -0.411032 -0.863970
vn 0.336943 -0.369572 -0.865960
vn 0.336854 -0.374397 -0.863919
vn 0.386956 -0.319819 -0.864859
vn 0.386920 -0.317695 -0.865657
vn 0.430907 -0.262946 -0.863237
vn 0.430774 -0.253578 -0.866102
vn 0.466715 -0.195323 -0.862570
vn 0.465328 -0.184636 -0.865667
vn 0.487256 -0.129083 -0.863666
vn 0.486978 -0.125282 -0.864382
vn -0.504654 -0.056464 -0.861473
vn -0.490836 -0.098517 -0.865664
vn -0.500190 -0.063720 -0.863568
vn -0.487696 -0.135647 -0.862411
vn -0.469469 -0.161197 -0.868110
vn -0.463219 -0.208680 -0.861325
vn -0.435439 -0.239570 -0.867755
vn -0.423762 -0.280104 -0.861375
vn -0.387387 -0.309399 -0.868449
vn -0.375194 -0.339776 -0.862428
vn -0.346699 -0.360627 -0.865880
vn -0.324043 -0.389056 -0.862340
vn -0.201848 -0.464433 -0.862299
vn -0.197003 -0.463589 -0.863872
vn 0.016313 -0.501272 -0.865136
vn 0.058520 -0.497130 -0.865701
vn 0.034845 -0.506656 -0.861444
vn 0.117027 -0.483888 -0.867270
vn 0.105433 -0.494569 -0.862720
vn 0.193801 -0.456189 -0.868523
vn 0.179678 -0.475040 -0.861425
vn 0.267227 -0.417876 -0.868314
vn 0.253988 -0.441301 -0.860664
vn 0.330478 -0.367566 -0.869298
vn 0.321275 -0.394673 -0.860822
vn 0.384883 -0.310860 -0.869040
vn 0.376075 -0.342751 -0.860866
vn 0.424497 -0.266151 -0.865428
vn 0.448075 -0.230134 -0.863868
vn 0.421192 -0.286435 -0.860553
vn 0.463150 -0.172230 -0.869384
vn 0.461357 -0.220528 -0.859371
vn 0.485559 -0.114986 -0.866609
vn 0.486919 -0.148551 -0.860722
vn 0.498719 -0.071526 -0.863807
vn 0.502101 -0.078792 -0.861212
vn 0.499981 -0.008580 -0.865994
vn 0.499443 -0.008081 -0.866309
vn 0.490049 0.071890 -0.868726
vn 0.500821 0.063881 -0.863190
vn 0.476433 0.145098 -0.867155
vn 0.489946 0.136587 -0.860986
vn 0.451684 0.212040 -0.866615
vn 0.463362 0.208767 -0.861227
vn 0.409040 0.280143 -0.868451
vn 0.422853 0.279333 -0.862072
vn 0.378346 0.337610 -0.861901
vn 0.378171 0.343188 -0.859772
vn 0.344337 0.359898 -0.867124
vn 0.327318 0.394137 -0.858789
vn 0.318511 0.393153 -0.862544
vn 0.282141 0.412185 -0.866314
vn 0.269312 0.438974 -0.857189
vn 0.247822 0.435330 -0.865490
vn 0.212048 0.456648 -0.864007
vn 0.201386 0.479029 -0.854385
vn 0.153896 0.462956 -0.872919
vn 0.131905 0.493963 -0.859419
vn 0.082631 0.483204 -0.871599
vn 0.072859 0.498671 -0.863724
vn 0.510320 -0.007517 -0.859952
vn 0.493330 -0.017206 -0.869672
vn 0.499347 -0.057235 -0.864510
vn 0.510377 -0.055930 -0.858130
vn 0.519117 -0.075800 -0.851335
vn 0.481226 -0.071775 -0.873653
vn 0.506942 0.065445 -0.859492
vn 0.489400 0.061943 -0.869857
vn 0.492387 0.022277 -0.870091
vn 0.510808 0.025707 -0.859311
vn 0.326208 0.392415 -0.859999
vn 0.334173 0.364995 -0.868969
vn 0.303850 0.409331 -0.860304
vn 0.267383 0.434742 -0.859945
vn 0.271406 0.412632 -0.869525
vn 0.296459 0.395856 -0.869143
vn 0.199528 0.472475 -0.858461
vn 0.232618 0.433814 -0.870456
vn 0.239546 0.452858 -0.858800
vn 0.196656 0.450632 -0.870780
vn 0.121459 0.498232 -0.858494
vn 0.111578 0.478805 -0.870802
vn 0.157405 0.465044 -0.871182
vn 0.161585 0.487396 -0.858100
vn -0.323350 0.396688 -0.859118
vn -0.285634 0.402523 -0.869706
vn -0.377267 0.343600 -0.860005
vn -0.350034 0.349656 -0.869032
vn -0.330686 0.365898 -0.869922
vn -0.344177 0.377282 -0.859768
vn -0.382188 0.313798 -0.869174
vn -0.395353 0.321822 -0.860306
vn -0.422121 0.286911 -0.859940
vn -0.400250 0.289308 -0.869541
vn -0.462828 0.221019 -0.858452
vn -0.441598 0.259729 -0.858797
vn -0.441431 0.216596 -0.870761
vn -0.422876 0.251943 -0.870460
vn -0.503849 0.078858 -0.860185
vn -0.489785 0.086666 -0.867525
vn -0.493330 0.017206 -0.869672
vn -0.510320 0.007517 -0.859952
vn -0.506183 0.046204 -0.861187
vn -0.492885 0.046722 -0.868839
vn -0.510808 -0.025707 -0.859311
vn -0.489400 -0.061943 -0.869857
vn -0.492387 -0.022277 -0.870091
vn -0.506942 -0.065445 -0.859492
vn -0.334173 -0.364995 -0.868969
vn -0.326208 -0.392415 -0.859999
vn -0.271406 -0.412632 -0.869525
vn -0.267383 -0.434742 -0.859945
vn -0.303850 -0.409331 -0.860304
vn -0.296459 -0.395856 -0.869143
vn -0.196656 -0.450632 -0.870780
vn -0.199528 -0.472475 -0.858461
vn -0.239546 -0.452858 -0.858800
vn -0.232618 -0.433814 -0.870456
vn -0.161585 -0.487396 -0.858100
vn -0.157405 -0.465044 -0.871182
vn -0.111578 -0.478805 -0.870802
vn -0.121459 -0.498232 -0.858494
vn 0.285634 -0.402523 -0.869706
vn 0.323350 -0.396688 -0.859118
vn 0.350034 -0.349656 -0.869032
vn 0.377267 -0.343600 -0.860005
vn 0.344177 -0.377282 -0.859768
vn 0.330686 -0.365898 -0.869922
vn 0.400250 -0.289308 -0.869541
vn 0.422121 -0.286911 -0.859940
vn 0.395353 -0.321822 -0.860306
vn 0.382188 -0.313798 -0.869174
vn 0.441597 -0.259729 -0.858797
vn 0.422876 -0.251943 -0.870460
vn 0.441431 -0.216596 -0.870761
vn 0.462828 -0.221019 -0.858452
vn 0.489785 -0.086666 -0.867525
vn 0.503849 -0.078858 -0.860185
vn 0.510320 -0.007517 -0.859952
vn 0.506183 -0.046204 -0.861187
vn 0.492885 -0.046721 -0.868839
vn 0.493330 -0.017206 -0.869672
vn 0.506942 0.065445 -0.859492
vn 0.510808 0.025707 -0.859311
vn 0.492387 0.022276 -0.870091
vn 0.489400 0.061943 -0.869857
vn 0.326208 0.392415 -0.860000
vn 0.334173 0.364995 -0.868969
vn 0.267383 0.434742 -0.859945
vn 0.296459 0.395856 -0.869143
vn 0.303850 0.409332 -0.860304
vn 0.271406 0.412632 -0.869525
vn 0.196656 0.450632 -0.870780
vn 0.199528 0.472475 -0.858461
vn 0.239546 0.452858 -0.858800
vn 0.232618 0.433814 -0.870456
vn 0.111578 0.478805 -0.870802
vn 0.157405 0.465044 -0.871182
vn 0.121459 0.498232 -0.858494
vn 0.161585 0.487396 -0.858100
vn -0.285634 0.402523 -0.869706
vn -0.323350 0.396688 -0.859118
vn -0.350034 0.349656 -0.869032
vn -0.330686 0.365898 -0.869922
vn -0.377268 0.343600 -0.860005
vn -0.344177 0.377282 -0.859768
vn -0.400250 0.289308 -0.869541
vn -0.395353 0.321822 -0.860306
vn -0.422121 0.286912 -0.859940
vn -0.382188 0.313798 -0.869174
vn -0.441597 0.259729 -0.858797
vn -0.441431 0.216596 -0.870761
vn -0.422876 0.251943 -0.870460
vn -0.462828 0.221019 -0.858452
vn -0.489785 0.086666 -0.867525
vn -0.503849 0.078858 -0.860185
vn -0.506183 0.046204 -0.861187
vn -0.510320 0.007517 -0.859952
vn -0.492885 0.046722 -0.868839
vn -0.493330 0.017206 -0.869672
vn -0.492387 -0.022276 -0.870091
vn -0.510808 -0.025707 -0.859311
vn -0.506942 -0.065445 -0.859492
vn -0.489400 -0.061943 -0.869857
vn -0.326208 -0.392415 -0.859999
vn -0.334173 -0.364995 -0.868969
vn -0.296459 -0.395856 -0.869143
vn -0.303850 -0.409331 -0.860304
vn -0.267383 -0.434742 -0.859945
vn -0.271406 -0.412632 -0.869525
vn -0.232618 -0.433814 -0.870456
vn -0.239546 -0.452858 -0.858800
vn -0.199528 -0.472475 -0.858461
vn -0.196656 -0.450632 -0.870780
vn -0.161585 -0.487396 -0.858100
vn -0.157405 -0.465044 -0.871182
vn -0.121459 -0.498232 -0.858494
vn -0.111578 -0.478805 -0.870802
vn 0.323350 -0.396688 -0.859118
vn 0.285634 -0.402523 -0.869706
vn 0.330686 -0.365898 -0.869922
vn 0.344177 -0.377282 -0.859768
vn 0.377268 -0.343600 -0.860005
vn 0.350034 -0.349656 -0.869032
vn 0.422121 -0.286911 -0.859940
vn 0.400250 -0.289308 -0.869541
vn 0.382188 -0.313798 -0.869174
vn 0.395353 -0.321822 -0.860306
vn 0.441597 -0.259729 -0.858797
vn 0.422876 -0.251943 -0.870460
vn 0.462828 -0.221019 -0.858452
vn 0.441431 -0.216596 -0.870761
vn 0.503849 -0.078858 -0.860185
vn 0.489785 -0.086666 -0.867525
vn 0.492885 -0.046722 -0.868839
vn 0.493330 -0.017206 -0.869672
vn 0.510320 -0.007517 -0.859952
vn 0.506183 -0.046204 -0.861187
vn 0.510808 0.025707 -0.859311
vn 0.492387 0.022276 -0.870091
vn 0.489400 0.061943 -0.869857
vn 0.506942 0.065445 -0.859492
vn 0.334173 0.364995 -0.868969
vn 0.326208 0.392415 -0.860000
vn 0.303850 0.409332 -0.860304
vn 0.296459 0.395856 -0.869143
vn 0.271406 0.412632 -0.869525
vn 0.267383 0.434742 -0.859945
vn 0.239546 0.452858 -0.858800
vn 0.232618 0.433814 -0.870456
vn 0.196656 0.450632 -0.870780
vn 0.199528 0.472475 -0.858461
vn 0.161585 0.487396 -0.858100
vn 0.157405 0.465044 -0.871182
vn 0.111578 0.478805 -0.870802
vn 0.121459 0.498232 -0.858494
vn -0.285634 0.402522 -0.869706
vn -0.323350 0.396688 -0.859118
vn -0.377268 0.343600 -0.860005
vn -0.330686 0.365898 -0.869922
vn -0.344177 0.377282 -0.859768
vn -0.350034 0.349656 -0.869032
vn -0.422121 0.286912 -0.859940
vn -0.382188 0.313798 -0.869174
vn -0.395353 0.321822 -0.860306
vn -0.400250 0.289308 -0.869541
vn -0.462828 0.221019 -0.858452
vn -0.422876 0.251943 -0.870460
vn -0.441597 0.259729 -0.858797
vn -0.441431 0.216596 -0.870761
vn -0.503849 0.078858 -0.860185
vn -0.489785 0.086666 -0.867525
vn -0.510320 0.007517 -0.859952
vn -0.493330 0.017206 -0.869672
vn -0.492885 0.046721 -0.868839
vn -0.506183 0.046204 -0.861187
vn -0.506942 -0.065445 -0.859492
vn -0.492387 -0.022276 -0.870091
vn -0.510808 -0.025707 -0.859311
vn -0.489400 -0.061943 -0.869857
vn -0.326208 -0.392415 -0.860000
vn -0.334173 -0.364995 -0.868969
vn -0.267383 -0.434742 -0.859945
vn -0.296459 -0.395856 -0.869143
vn -0.303850 -0.409332 -0.860304
vn -0.271406 -0.412632 -0.869525
vn -0.199528 -0.472475 -0.858461
vn -0.232618 -0.433814 -0.870456
vn -0.196656 -0.450632 -0.870780
vn -0.239546 -0.452858 -0.858800
vn -0.121459 -0.498232 -0.858494
vn -0.161585 -0.487396 -0.858100
vn -0.111578 -0.478805 -0.870802
vn -0.157405 -0.465044 -0.871182
vn 0.323350 -0.396688 -0.859118
vn 0.285634 -0.402523 -0.869706
vn 0.377268 -0.343600 -0.860005
vn 0.350034 -0.349656 -0.869032
vn 0.344177 -0.377282 -0.859768
vn 0.330686 -0.365898 -0.869922
vn 0.422121 -0.286912 -0.859940
vn 0.382188 -0.313798 -0.869174
vn 0.400250 -0.289308 -0.869541
vn 0.395353 -0.321822 -0.860306
vn 0.462828 -0.221019 -0.858452
vn 0.441431 -0.216596 -0.870761
vn 0.441598 -0.259729 -0.858797
vn 0.422876 -0.251943 -0.870460
vn 0.503849 -0.078858 -0.860185
vn 0.489785 -0.086666 -0.867525
vn 0.493330 -0.017206 -0.869672
vn 0.510320 -0.007517 -0.859952
vn 0.492885 -0.046722 -0.868839
vn 0.506183 -0.046204 -0.861187
vn 0.510808 0.025707 -0.859311
vn 0.489400 0.061943 -0.869857
vn 0.506942 0.065445 -0.859492
vn 0.492387 0.022277 -0.870091
vn 0.334173 0.364995 -0.868969
vn 0.326208 0.392415 -0.859999
vn 0.303850 0.409331 -0.860304
vn 0.271406 0.412632 -0.869525
vn 0.267383 0.434742 -0.859945
vn 0.296459 0.395856 -0.869143
vn 0.196656 0.450632 -0.870780
vn 0.199528 0.472475 -0.858461
vn 0.239546 0.452858 -0.858800
vn 0.232618 0.433814 -0.870456
vn 0.111578 0.478805 -0.870802
vn 0.121459 0.498232 -0.858494
vn 0.161585 0.487396 -0.858100
vn 0.157405 0.465044 -0.871182
vn -0.285634 0.402523 -0.869706
vn -0.323350 0.396688 -0.859118
vn -0.344177 0.377282 -0.859768
vn -0.350034 0.349656 -0.869032
vn -0.377267 0.343600 -0.860005
vn -0.330686 0.365898 -0.869922
vn -0.395353 0.321822 -0.860306
vn -0.382188 0.313798 -0.869174
vn -0.400250 0.289308 -0.869541
vn -0.422121 0.286911 -0.859940
vn -0.441431 0.216596 -0.870761
vn -0.462828 0.221019 -0.858452
vn -0.441598 0.259729 -0.858797
vn -0.422876 0.251943 -0.870460
vn -0.502862 0.054606 -0.862640
vn -0.489785 0.086666 -0.867525
vn -0.503849 0.078858 -0.860185
vn -0.512079 0.032003 -0.858342
vn -0.329712 -0.411901 -0.849486
vn -0.261148 -0.416107 -0.871009
vn -0.289663 -0.399835 -0.869613
vn -0.249466 -0.435653 -0.864855
vn -0.268246 -0.436634 -0.858717
vn -0.128770 -0.473850 -0.871140
vn -0.144224 -0.479256 -0.865744
vn -0.121847 -0.501472 -0.856551
vn -0.082404 -0.480353 -0.873196
vn -0.047424 -0.486137 -0.872595
vn -0.022366 -0.502082 -0.864531
vn -0.040004 -0.514758 -0.856402
vn -0.084181 -0.509014 -0.856632
vn 0.495932 0.139093 -0.857149
vn 0.487144 0.091848 -0.868478
vn 0.382136 0.347735 -0.856185
vn 0.345963 0.356144 -0.868027
vn 0.039885 0.517858 -0.854536
vn 0.082504 0.487255 -0.869354
vn -0.261360 0.451122 -0.853335
vn -0.276646 0.411345 -0.868482
vn -0.474898 0.147333 -0.867620
vn -0.474027 0.188493 -0.860098
vn -0.480182 0.115346 -0.869552
vn -0.496793 0.116975 -0.859950
vn -0.490800 0.149233 -0.858397
vn -0.487351 0.145764 -0.860954
vn -0.458742 0.188279 -0.868393
vn -0.455344 0.183895 -0.871117
vn -0.495933 -0.139093 -0.857149
vn -0.487144 -0.091848 -0.868478
vn -0.382136 -0.347735 -0.856185
vn -0.345963 -0.356144 -0.868027
vn -0.039885 -0.517858 -0.854536
vn -0.082504 -0.487255 -0.869354
vn 0.261360 -0.451122 -0.853335
vn 0.276646 -0.411345 -0.868482
vn 0.474898 -0.147333 -0.867620
vn 0.474028 -0.188493 -0.860098
vn 0.496793 -0.116975 -0.859949
vn 0.480182 -0.115346 -0.869552
vn 0.487351 -0.145764 -0.860954
vn 0.455344 -0.183894 -0.871117
vn 0.490800 -0.149233 -0.858397
vn 0.458742 -0.188279 -0.868393
vn 0.487144 0.091848 -0.868478
vn 0.495933 0.139093 -0.857149
vn 0.382136 0.347735 -0.856185
vn 0.345963 0.356144 -0.868027
vn 0.039886 0.517858 -0.854536
vn 0.082504 0.487255 -0.869353
vn -0.276646 0.411345 -0.868482
vn -0.261360 0.451122 -0.853335
vn -0.474898 0.147333 -0.867620
vn -0.474027 0.188493 -0.860098
vn -0.496793 0.116975 -0.859950
vn -0.480182 0.115346 -0.869552
vn -0.458742 0.188279 -0.868393
vn -0.487351 0.145764 -0.860954
vn -0.490800 0.149233 -0.858397
vn -0.455345 0.183894 -0.871117
vn -0.487144 -0.091848 -0.868478
vn -0.495933 -0.139093 -0.857149
vn -0.345963 -0.356144 -0.868027
vn -0.382136 -0.347735 -0.856185
vn -0.039886 -0.517858 -0.854536
vn -0.082504 -0.487255 -0.869354
vn 0.276646 -0.411345 -0.868482
vn 0.261360 -0.451122 -0.853335
vn 0.496793 -0.116975 -0.859950
vn 0.474027 -0.188493 -0.860098
vn 0.480182 -0.115346 -0.869552
vn 0.474898 -0.147333 -0.867620
vn 0.487351 -0.145764 -0.860954
vn 0.490800 -0.149233 -0.858397
vn 0.458742 -0.188279 -0.868393
vn 0.455344 -0.183894 -0.871117
vn 0.487144 0.091848 -0.868478
vn 0.495933 0.139093 -0.857149
vn 0.345963 0.356144 -0.868027
vn 0.382136 0.347735 -0.856185
vn 0.082504 0.487255 -0.869353
vn 0.039886 0.517858 -0.854536
vn -0.276646 0.411345 -0.868482
vn -0.261360 0.451122 -0.853335
vn -0.480182 0.115346 -0.869552
vn -0.474898 0.147333 -0.867620
vn -0.496793 0.116975 -0.859949
vn -0.474028 0.188493 -0.860098
vn -0.490800 0.149233 -0.858397
vn -0.487351 0.145764 -0.860954
vn -0.455344 0.183894 -0.871117
vn -0.458742 0.188279 -0.868393
vn -0.495933 -0.139093 -0.857149
vn -0.487144 -0.091848 -0.868478
vn -0.345963 -0.356144 -0.868027
vn -0.382136 -0.347735 -0.856185
vn -0.039886 -0.517858 -0.854536
vn -0.082504 -0.487255 -0.869353
vn 0.261360 -0.451122 -0.853335
vn 0.276646 -0.411345 -0.868482
vn 0.480182 -0.115346 -0.869552
vn 0.496793 -0.116975 -0.859950
vn 0.474898 -0.147333 -0.867620
vn 0.474027 -0.188493 -0.860098
vn 0.458742 -0.188279 -0.868393
vn 0.490800 -0.149233 -0.858397
vn 0.455344 -0.183895 -0.871117
vn 0.487351 -0.145764 -0.860954
vn 0.495933 0.139093 -0.857149
vn 0.487144 0.091848 -0.868478
vn 0.382136 0.347735 -0.856185
vn 0.345963 0.356144 -0.868027
vn 0.039885 0.517858 -0.854536
vn 0.082504 0.487255 -0.869354
vn -0.276646 0.411345 -0.868482
vn -0.261360 0.451122 -0.853335
vn -0.496793 0.116975 -0.859950
vn -0.474898 0.147333 -0.867620
vn -0.480182 0.115346 -0.869552
vn -0.474027 0.188493 -0.860098
vn -0.455344 0.183895 -0.871117
vn -0.490800 0.149233 -0.858397
vn -0.458742 0.188279 -0.868393
vn -0.487351 0.145764 -0.860954
vn -0.515366 0.006995 -0.856942
vn -0.496242 0.049929 -0.866747
vn -0.493196 0.047609 -0.868615
vn -0.506467 -0.011984 -0.862176
vn -0.501434 -0.000957 -0.865195
vn 0.472763 0.097079 -0.875826
vn 0.467302 0.142726 -0.872501
vn 0.504638 0.117287 -0.855327
vn 0.374185 0.358371 -0.855310
vn 0.345509 0.334843 -0.876644
vn 0.385518 0.299633 -0.872695
vn 0.028061 0.490370 -0.871062
vn 0.074283 0.476966 -0.875777
vn 0.066715 0.514243 -0.855046
vn -0.272853 0.443503 -0.853731
vn -0.252511 0.405180 -0.878674
vn -0.204710 0.443541 -0.872562
vn -0.467302 -0.142726 -0.872501
vn -0.472763 -0.097079 -0.875826
vn -0.504638 -0.117287 -0.855327
vn -0.385518 -0.299633 -0.872695
vn -0.374185 -0.358371 -0.855310
vn -0.345509 -0.334843 -0.876644
vn -0.074283 -0.476966 -0.875777
vn -0.028061 -0.490370 -0.871063
vn -0.066715 -0.514243 -0.855046
vn 0.252511 -0.405180 -0.878674
vn 0.204710 -0.443542 -0.872562
vn 0.272853 -0.443503 -0.853731
vn 0.504638 0.117287 -0.855327
vn 0.472763 0.097079 -0.875826
vn 0.467302 0.142726 -0.872501
vn 0.374185 0.358371 -0.855310
vn 0.345509 0.334843 -0.876644
vn 0.385518 0.299633 -0.872695
vn 0.028061 0.490370 -0.871062
vn 0.066715 0.514243 -0.855046
vn 0.074283 0.476966 -0.875777
vn -0.204710 0.443541 -0.872562
vn -0.252511 0.405180 -0.878674
vn -0.272853 0.443503 -0.853731
vn -0.504638 -0.117287 -0.855327
vn -0.472763 -0.097079 -0.875826
vn -0.467302 -0.142726 -0.872501
vn -0.345509 -0.334843 -0.876644
vn -0.374185 -0.358371 -0.855310
vn -0.385518 -0.299633 -0.872695
vn -0.074283 -0.476966 -0.875777
vn -0.066715 -0.514243 -0.855045
vn -0.028061 -0.490370 -0.871063
vn 0.272853 -0.443503 -0.853731
vn 0.252511 -0.405180 -0.878674
vn 0.204710 -0.443541 -0.872562
vn 0.467302 0.142726 -0.872501
vn 0.472763 0.097079 -0.875826
vn 0.504638 0.117287 -0.855327
vn 0.374185 0.358371 -0.855310
vn 0.345509 0.334843 -0.876644
vn 0.385518 0.299633 -0.872695
vn 0.074283 0.476966 -0.875777
vn 0.066715 0.514243 -0.855045
vn 0.028061 0.490370 -0.871062
vn -0.204710 0.443541 -0.872562
vn -0.272853 0.443503 -0.853731
vn -0.252511 0.405180 -0.878674
vn -0.504638 -0.117287 -0.855327
vn -0.467302 -0.142726 -0.872501
vn -0.472763 -0.097079 -0.875826
vn -0.374185 -0.358371 -0.855310
vn -0.345509 -0.334843 -0.876644
vn -0.385518 -0.299633 -0.872695
vn -0.028061 -0.490370 -0.871062
vn -0.066715 -0.514243 -0.855046
vn -0.074283 -0.476966 -0.875777
vn 0.252511 -0.405180 -0.878674
vn 0.272853 -0.443503 -0.853731
vn 0.204710 -0.443541 -0.872562
vn 0.467302 0.142726 -0.872501
vn 0.504638 0.117287 -0.855327
vn 0.472763 0.097079 -0.875826
vn 0.345509 0.334843 -0.876644
vn 0.385518 0.299633 -0.872695
vn 0.374185 0.358371 -0.855310
vn 0.074283 0.476966 -0.875777
vn 0.028061 0.490370 -0.871062
vn 0.066715 0.514243 -0.855046
vn -0.204710 0.443541 -0.872562
vn -0.252511 0.405180 -0.878674
vn -0.272853 0.443503 -0.853731
vn 0.472813 0.214524 -0.854650
vn 0.459733 0.147152 -0.875781
vn 0.492564 0.167750 -0.853956
vn 0.432652 0.287653 -0.854440
vn 0.425020 0.227727 -0.876070
vn 0.375504 0.300950 -0.876599
vn 0.405563 0.325777 -0.854042
vn 0.001456 0.504232 -0.863567
vn -0.036181 0.513606 -0.857263
vn 0.020711 0.486238 -0.873581
vn 0.014233 0.517533 -0.855545
vn -0.185212 0.485512 -0.854386
vn -0.231036 0.468418 -0.852764
vn -0.211320 0.430774 -0.877370
vn -0.492564 -0.167750 -0.853956
vn -0.472813 -0.214524 -0.854650
vn -0.459733 -0.147152 -0.875781
vn -0.425019 -0.227727 -0.876070
vn -0.432652 -0.287654 -0.854440
vn -0.405563 -0.325777 -0.854042
vn -0.375504 -0.300951 -0.876599
vn -0.020711 -0.486238 -0.873581
vn -0.001456 -0.504232 -0.863567
vn 0.036181 -0.513606 -0.857263
vn -0.014233 -0.517533 -0.855545
vn 0.231036 -0.468418 -0.852764
vn 0.185212 -0.485512 -0.854386
vn 0.211320 -0.430774 -0.877370
vn 0.492564 0.167749 -0.853956
vn 0.459733 0.147152 -0.875781
vn 0.472813 0.214524 -0.854650
vn 0.425019 0.227727 -0.876070
vn 0.375504 0.300951 -0.876599
vn 0.405563 0.325777 -0.854042
vn 0.432652 0.287654 -0.854440
vn 0.020711 0.486238 -0.873581
vn 0.014233 0.517533 -0.855545
vn -0.036181 0.513606 -0.857263
vn 0.001457 0.504232 -0.863567
vn -0.231036 0.468418 -0.852764
vn -0.185212 0.485512 -0.854386
vn -0.211320 0.430774 -0.877370
vn -0.459733 -0.147152 -0.875781
vn -0.472813 -0.214524 -0.854650
vn -0.492564 -0.167749 -0.853956
vn -0.405563 -0.325777 -0.854042
vn -0.375504 -0.300951 -0.876599
vn -0.425019 -0.227727 -0.876070
vn -0.432652 -0.287654 -0.854440
vn -0.020711 -0.486238 -0.873581
vn -0.014233 -0.517533 -0.855545
vn -0.001456 -0.504232 -0.863567
vn 0.036181 -0.513606 -0.857263
vn 0.231036 -0.468418 -0.852764
vn 0.211320 -0.430774 -0.877370
vn 0.185212 -0.485512 -0.854386
vn 0.492564 0.167749 -0.853956
vn 0.459733 0.147152 -0.875781
vn 0.472813 0.214524 -0.854650
vn 0.425019 0.227727 -0.876070
vn 0.405563 0.325777 -0.854042
vn 0.375504 0.300950 -0.876599
vn 0.432652 0.287654 -0.854440
vn 0.001456 0.504232 -0.863567
vn 0.014233 0.517533 -0.855545
vn 0.020711 0.486238 -0.873581
vn -0.036181 0.513606 -0.857263
vn -0.231036 0.468418 -0.852764
vn -0.211320 0.430774 -0.877370
vn -0.185212 0.485512 -0.854386
vn -0.459733 -0.147152 -0.875781
vn -0.472813 -0.214524 -0.854650
vn -0.492564 -0.167749 -0.853956
vn -0.375504 -0.300950 -0.876599
vn -0.432652 -0.287654 -0.854440
vn -0.425019 -0.227727 -0.876070
vn -0.405563 -0.325777 -0.854042
vn 0.036181 -0.513606 -0.857263
vn -0.020711 -0.486238 -0.873581
vn -0.001457 -0.504232 -0.863567
vn -0.014233 -0.517533 -0.855545
vn 0.231036 -0.468418 -0.852764
vn 0.185212 -0.485512 -0.854386
vn 0.211320 -0.430774 -0.877370
vn 0.472813 0.214524 -0.854651
vn 0.459733 0.147152 -0.875781
vn 0.492564 0.167750 -0.853956
vn 0.375504 0.300951 -0.876599
vn 0.432652 0.287654 -0.854440
vn 0.425019 0.227727 -0.876070
vn 0.405563 0.325777 -0.854042
vn -0.036181 0.513606 -0.857263
vn 0.001456 0.504232 -0.863567
vn 0.020711 0.486238 -0.873581
vn 0.014233 0.517533 -0.855545
vn -0.185212 0.485512 -0.854386
vn -0.211320 0.430774 -0.877370
vn -0.231036 0.468418 -0.852764
vn 0.405793 0.264723 -0.874788
vn 0.476186 0.205579 -0.854976
vn 0.432589 0.223813 -0.873370
vn 0.448052 0.186161 -0.874411
vn 0.433133 0.285959 -0.854765
vn 0.456576 0.250680 -0.853638
vn -0.170665 0.454701 -0.874140
vn -0.126549 0.473595 -0.871604
vn -0.158660 0.475974 -0.865029
vn -0.184593 0.483839 -0.855468
vn -0.405793 -0.264723 -0.874788
vn -0.432589 -0.223813 -0.873370
vn -0.448052 -0.186161 -0.874411
vn -0.456576 -0.250680 -0.853638
vn -0.476186 -0.205579 -0.854976
vn -0.433133 -0.285959 -0.854765
vn 0.158660 -0.475974 -0.865029
vn 0.126549 -0.473595 -0.871604
vn 0.184593 -0.483839 -0.855468
vn 0.170665 -0.454701 -0.874140
vn 0.456576 0.250680 -0.853638
vn 0.476186 0.205579 -0.854976
vn 0.405793 0.264723 -0.874788
vn 0.448052 0.186160 -0.874411
vn 0.433133 0.285959 -0.854765
vn 0.432589 0.223813 -0.873370
vn -0.126549 0.473595 -0.871604
vn -0.170665 0.454701 -0.874140
vn -0.158660 0.475974 -0.865029
vn -0.184593 0.483839 -0.855468
vn -0.405793 -0.264723 -0.874788
vn -0.476186 -0.205579 -0.854976
vn -0.433133 -0.285959 -0.854765
vn -0.432589 -0.223813 -0.873370
vn -0.448051 -0.186160 -0.874411
vn -0.456576 -0.250680 -0.853638
vn 0.170665 -0.454701 -0.874140
vn 0.184593 -0.483839 -0.855468
vn 0.158660 -0.475974 -0.865029
vn 0.126549 -0.473595 -0.871604
vn 0.456576 0.250680 -0.853638
vn 0.405793 0.264723 -0.874788
vn 0.432589 0.223813 -0.873370
vn 0.448051 0.186160 -0.874411
vn 0.433133 0.285959 -0.854765
vn 0.476186 0.205579 -0.854976
vn -0.170665 0.454701 -0.874140
vn -0.158660 0.475974 -0.865029
vn -0.126549 0.473595 -0.871604
vn -0.184593 0.483839 -0.855468
vn -0.432589 -0.223813 -0.873370
vn -0.448052 -0.186160 -0.874411
vn -0.456576 -0.250680 -0.853638
vn -0.405793 -0.264723 -0.874788
vn -0.476186 -0.205579 -0.854976
vn -0.433133 -0.285959 -0.854765
vn 0.126549 -0.473595 -0.871604
vn 0.158660 -0.475974 -0.865029
vn 0.170665 -0.454701 -0.874140
vn 0.184593 -0.483839 -0.855468
vn 0.432589 0.223813 -0.873370
vn 0.433133 0.285959 -0.854765
vn 0.476186 0.205579 -0.854976
vn 0.448052 0.186161 -0.874411
vn 0.405793 0.264723 -0.874788
vn 0.456576 0.250680 -0.853638
vn -0.126549 0.473595 -0.871604
vn -0.158660 0.475974 -0.865029
vn -0.170665 0.454701 -0.874140
vn -0.184593 0.483839 -0.855468
vn -0.048918 0.496240 -0.866806
vn -0.105892 0.495891 -0.861905
vn -0.051348 0.495880 -0.866872
vn -0.049838 0.497452 -0.866059
vn -0.111439 0.493859 -0.862372
vn -0.109019 0.491439 -0.864061
vn 0.049838 -0.497452 -0.866059
vn 0.048918 -0.496240 -0.866806
vn 0.051347 -0.495880 -0.866872
vn 0.105892 -0.495891 -0.861905
vn 0.109019 -0.491439 -0.864061
vn 0.111439 -0.493859 -0.862372
vn -0.051348 0.495880 -0.866872
vn -0.048918 0.496240 -0.866806
vn -0.049838 0.497452 -0.866059
vn -0.111439 0.493859 -0.862372
vn -0.105892 0.495891 -0.861905
vn -0.109019 0.491440 -0.864061
vn 0.109019 -0.491440 -0.864061
vn 0.111439 -0.493859 -0.862372
vn 0.048918 -0.496240 -0.866806
vn 0.049838 -0.497452 -0.866059
vn 0.105892 -0.495891 -0.861905
vn 0.051348 -0.495880 -0.866872
vn -0.109019 0.491440 -0.864061
vn -0.111439 0.493859 -0.862372
vn -0.048918 0.496240 -0.866806
vn -0.051347 0.495880 -0.866872
vn -0.049838 0.497452 -0.866059
vn -0.105892 0.495891 -0.861905
vn 0.105892 -0.495891 -0.861905
vn 0.051348 -0.495880 -0.866872
vn 0.049838 -0.497452 -0.866059
vn 0.048918 -0.496240 -0.866806
vn 0.109019 -0.491440 -0.864061
vn 0.111439 -0.493859 -0.862372
vn -0.051348 0.495880 -0.866872
vn -0.105892 0.495891 -0.861905
vn -0.109019 0.491439 -0.864061
vn -0.048918 0.496240 -0.866806
vn -0.049838 0.497452 -0.866059
vn -0.111439 0.493859 -0.862372
vn -0.535219 0.454473 0.712035
vn -0.598211 0.364752 0.713512
vn -0.604595 0.378350 0.700939
vn -0.649544 0.267839 0.711586
vn -0.656327 0.284518 0.698773
vn -0.695361 0.166239 0.699169
vn -0.685312 0.171068 0.707872
vn -0.708124 0.055504 0.703903
vn -0.705929 0.057686 0.705929
vn 0.633031 -0.051850 -0.772388
vn 0.711617 -0.095743 -0.696013
vn 0.669240 -0.162927 -0.724964
vn 0.706815 -0.028766 -0.706814
vn 0.695901 -0.182756 -0.694494
vn 0.643943 -0.269136 -0.716173
vn 0.699581 -0.085311 -0.709442
vn 0.721391 -0.054061 -0.690415
vn 0.654238 -0.287892 -0.699351
vn 0.596884 -0.368391 -0.712754
vn 0.677611 -0.167562 -0.716077
vn 0.694821 -0.158588 -0.701479
vn 0.531798 -0.457136 -0.712894
vn 0.600345 -0.389122 -0.698692
vn 0.646122 -0.269335 -0.714132
vn 0.667876 -0.262122 -0.696588
vn 0.528423 -0.478192 -0.701500
vn 0.453191 -0.537301 -0.711285
vn 0.620288 -0.358124 -0.697847
vn 0.602201 -0.360038 -0.712550
vn 0.455969 -0.529285 -0.715507
vn 0.558639 -0.445500 -0.699609
vn 0.535662 -0.442872 -0.718978
vn 0.418683 -0.572988 -0.704549
vn 0.360116 -0.603651 -0.711282
vn 0.493776 -0.521145 -0.696127
vn 0.431886 -0.547347 -0.716859
vn 0.496216 -0.534793 -0.683934
vn 0.350017 -0.618878 -0.703191
vn 0.413854 -0.607013 -0.678424
vn 0.351858 -0.579293 -0.735266
vn 0.319555 -0.663563 -0.676438
vn 0.256356 -0.625865 -0.736597
vn 0.217446 -0.704940 -0.675112
vn 0.110040 -0.730069 -0.674456
vn 0.000000 -0.738299 -0.674474
vn -0.109943 -0.729426 -0.675167
vn -0.710567 -0.053249 -0.701612
vn -0.706684 -0.034593 -0.706683
vn 0.155095 -0.657425 -0.737386
vn 0.050321 -0.673318 -0.737638
vn -0.055654 -0.673207 -0.737357
vn 0.259768 -0.655100 -0.709481
vn 0.262180 -0.682980 -0.681762
vn 0.252937 -0.654312 -0.712670
vn 0.141563 -0.666000 -0.732396
vn 0.149025 -0.701105 -0.697311
vn 0.045109 -0.716179 -0.696457
vn 0.137986 -0.680829 -0.719327
vn 0.143025 -0.698519 -0.701153
vn 0.023973 -0.703762 -0.710031
vn -0.060676 -0.715164 -0.696318
vn -0.093307 -0.692649 -0.715214
vn 0.000000 -0.684126 -0.729364
vn 0.000000 -0.721246 -0.692679
vn -0.151052 -0.710644 -0.687145
vn -0.210762 -0.683273 -0.699083
vn -0.179807 -0.686852 -0.704204
vn -0.238228 -0.664195 -0.708585
vn -0.146235 -0.678532 -0.719868
vn -0.143995 -0.677441 -0.721345
vn -0.283112 -0.635879 -0.717987
vn -0.307231 -0.637972 -0.706116
vn -0.398885 -0.585056 -0.706116
vn -0.295404 -0.663489 -0.687400
vn -0.316581 -0.626687 -0.712067
vn -0.417277 -0.581395 -0.698470
vn -0.409132 -0.563121 -0.717987
vn -0.486351 -0.524161 -0.699083
vn -0.496127 -0.492428 -0.715103
vn -0.423195 -0.582477 -0.693993
vn -0.557225 -0.444372 -0.701451
vn -0.607278 -0.350613 -0.712940
vn -0.558979 -0.428524 -0.709866
vn -0.600217 -0.382763 -0.702305
vn -0.542390 -0.488370 -0.683599
vn -0.515360 -0.464033 -0.720470
vn -0.663450 -0.260385 -0.701451
vn -0.626632 -0.298090 -0.720052
vn -0.636831 -0.367674 -0.677689
vn -0.607278 -0.350612 -0.712940
vn -0.695102 -0.111610 -0.710195
vn -0.697113 -0.159111 -0.699083
vn -0.659544 -0.214299 -0.720470
vn -0.674560 -0.195128 -0.711965
vn -0.704292 -0.104904 -0.702116
vn -0.694486 -0.225652 -0.683206
f 1//1 2//1 3//1
f 4//2 5//2 6//2
f 7//3 8//3 9//3
f 10//4 11//4 12//4
f 10//5 13//5 11//5
f 13//6 14//6 11//6
f 11//7 14//7 15//7
f 14//8 16//8 15//8
f 15//9 16//9 17//9
f 16//10 18//10 17//10
f 17//11 18//11 19//11
f 18//12 20//12 19//12
f 19//13 20//13 21//13
f 20//14 22//14 21//14
f 21//15 22//15 23//15
f 24//16 25//16 2//16
f 26//17 25//17 24//17
f 3//18 25//18 27//18
f 27//19 25//19 28//19
f 28//20 25//20 29//20
f 2//21 25//21 3//21
f 30//22 31//22 26//22
f 29//23 31//23 32//23
f 26//24 31//24 25//24
f 25//25 31//25 29//25
f 33//26 34//26 30//26
f 35//27 34//27 33//27
f 31//28 34//28 32//28
f 32//29 34//29 36//29
f 30//30 34//30 31//30
f 37//31 38//31 35//31
f 35//32 38//32 34//32
f 36//33 38//33 39//33
f 39//34 38//34 40//34
f 34//35 38//35 36//35
f 41//36 42//36 37//36
f 43//37 42//37 41//37
f 40//38 42//38 44//38
f 44//39 42//39 45//39
f 37//40 42//40 38//40
f 38//41 42//41 40//41
f 45//42 42//42 43//42
f 46//43 47//43 43//43
f 45//44 47//44 48//44
f 43//45 47//45 45//45
f 48//46 47//46 46//46
f 4//47 49//47 46//47
f 48//48 49//48 50//48
f 50//49 49//49 6//49
f 46//50 49//50 48//50
f 6//51 49//51 4//51
f 5//52 51//52 6//52
f 52//53 51//53 53//53
f 53//54 51//54 5//54
f 6//55 51//55 54//55
f 54//56 51//56 52//56
f 53//57 55//57 52//57
f 7//58 55//58 8//58
f 8//59 55//59 53//59
f 52//60 55//60 7//60
f 8//61 56//61 9//61
f 57//62 56//62 8//62
f 10//63 56//63 57//63
f 12//64 56//64 10//64
f 9//65 56//65 12//65
f 58//66 59//66 60//66
f 60//67 59//67 61//67
f 61//68 62//68 63//68
f 59//69 62//69 61//69
f 63//70 64//70 65//70
f 62//71 64//71 63//71
f 65//72 66//72 67//72
f 64//73 66//73 65//73
f 67//74 68//74 69//74
f 69//75 68//75 70//75
f 66//76 68//76 67//76
f 70//77 71//77 72//77
f 68//78 71//78 70//78
f 72//79 73//79 74//79
f 74//80 73//80 75//80
f 71//81 73//81 72//81
f 75//82 76//82 77//82
f 77//83 76//83 78//83
f 73//84 76//84 75//84
f 78//85 79//85 80//85
f 76//86 79//86 78//86
f 79//87 81//87 80//87
f 80//88 82//88 83//88
f 81//89 82//89 80//89
f 81//90 84//90 82//90
f 84//91 85//91 82//91
f 84//92 86//92 85//92
f 86//93 87//93 85//93
f 86//94 88//94 87//94
f 88//95 89//95 87//95
f 88//96 90//96 89//96
f 90//97 91//97 89//97
f 90//98 92//98 91//98
f 92//99 93//99 91//99
f 92//100 94//100 93//100
f 94//101 95//101 93//101
f 94//102 96//102 95//102
f 96//103 97//103 95//103
f 96//104 98//104 97//104
f 98//105 99//105 97//105
f 98//106 100//106 99//106
f 100//107 101//107 99//107
f 100//108 102//108 101//108
f 102//109 103//109 101//109
f 102//110 104//110 103//110
f 105//111 106//111 107//111
f 107//112 106//112 108//112
f 108//113 106//113 109//113
f 109//114 106//114 110//114
f 110//115 111//115 112//115
f 106//116 111//116 110//116
f 112//117 113//117 114//117
f 111//118 113//118 112//118
f 113//119 115//119 114//119
f 104//120 116//120 103//120
f 103//121 116//121 117//121
f 114//122 118//122 119//122
f 115//123 118//123 114//123
f 117//124 120//124 121//124
f 116//125 120//125 117//125
f 121//126 122//126 123//126
f 120//127 122//127 121//127
f 122//128 124//128 123//128
f 123//129 124//129 125//129
f 124//130 126//130 125//130
f 126//131 127//131 128//131
f 127//132 129//132 130//132
f 131//133 58//133 60//133
f 132//134 58//134 131//134
f 128//135 125//135 126//135
f 130//136 128//136 127//136
f 133//137 134//137 135//137
f 135//138 134//138 118//138
f 119//139 134//139 133//139
f 118//140 134//140 119//140
f 135//141 136//141 133//141
f 137//142 136//142 135//142
f 133//143 136//143 138//143
f 136//144 139//144 138//144
f 130//145 139//145 140//145
f 140//146 139//146 137//146
f 137//147 139//147 136//147
f 138//148 139//148 141//148
f 141//149 139//149 142//149
f 143//150 144//150 129//150
f 129//151 144//151 130//151
f 142//152 144//152 145//152
f 145//153 144//153 146//153
f 130//154 144//154 139//154
f 139//155 144//155 142//155
f 147//156 148//156 143//156
f 144//157 148//157 146//157
f 146//158 148//158 149//158
f 143//159 148//159 144//159
f 147//160 150//160 148//160
f 151//161 150//161 147//161
f 152//162 150//162 151//162
f 149//163 150//163 153//163
f 148//164 150//164 149//164
f 154//165 155//165 152//165
f 153//166 155//166 156//166
f 156//167 155//167 157//167
f 152//168 155//168 150//168
f 150//169 155//169 153//169
f 154//170 158//170 155//170
f 159//171 158//171 154//171
f 155//172 158//172 157//172
f 157//173 158//173 160//173
f 160//174 158//174 161//174
f 162//175 163//175 159//175
f 164//176 163//176 162//176
f 161//177 163//177 165//177
f 159//178 163//178 158//178
f 158//179 163//179 161//179
f 166//180 167//180 164//180
f 165//181 167//181 168//181
f 168//182 167//182 169//182
f 164//183 167//183 163//183
f 163//184 167//184 165//184
f 170//185 171//185 166//185
f 172//186 171//186 170//186
f 166//187 171//187 167//187
f 167//188 171//188 169//188
f 169//189 171//189 173//189
f 174//190 175//190 172//190
f 173//191 175//191 176//191
f 176//192 175//192 177//192
f 172//193 175//193 171//193
f 171//194 175//194 173//194
f 177//195 175//195 174//195
f 132//196 178//196 174//196
f 177//197 178//197 179//197
f 179//198 178//198 131//198
f 174//199 178//199 177//199
f 131//200 178//200 132//200
f 180//201 181//201 182//201
f 180//202 183//202 181//202
f 183//203 184//203 181//203
f 183//204 185//204 184//204
f 185//205 186//205 184//205
f 185//206 187//206 186//206
f 187//207 188//207 186//207
f 187//208 189//208 188//208
f 189//209 190//209 188//209
f 189//210 191//210 190//210
f 191//211 192//211 190//211
f 191//212 193//212 192//212
f 193//213 194//213 192//213
f 193//214 195//214 194//214
f 195//215 196//215 194//215
f 195//216 197//216 196//216
f 197//217 198//217 196//217
f 197//218 199//218 198//218
f 199//219 200//219 198//219
f 199//220 201//220 200//220
f 201//221 202//221 200//221
f 201//222 203//222 202//222
f 203//223 204//223 202//223
f 203//224 205//224 204//224
f 205//225 206//225 204//225
f 205//226 207//226 206//226
f 207//227 208//227 206//227
f 207//228 209//228 208//228
f 209//229 210//229 208//229
f 209//230 211//230 210//230
f 211//231 212//231 210//231
f 211//232 213//232 212//232
f 213//233 214//233 212//233
f 213//234 215//234 214//234
f 215//235 216//235 214//235
f 215//236 217//236 216//236
f 217//237 218//237 216//237
f 217//238 219//238 218//238
f 220//239 221//239 222//239
f 220//240 223//240 221//240
f 223//241 224//241 221//241
f 223//242 225//242 224//242
f 225//243 226//243 224//243
f 225//244 227//244 226//244
f 227//245 228//245 226//245
f 227//246 229//246 228//246
f 229//247 230//247 228//247
f 229//248 231//248 230//248
f 231//249 232//249 230//249
f 231//250 233//250 232//250
f 233//251 234//251 232//251
f 233//252 235//252 234//252
f 235//253 236//253 234//253
f 235//254 237//254 236//254
f 237//255 238//255 236//255
f 237//256 239//256 238//256
f 239//257 240//257 238//257
f 239//258 241//258 240//258
f 241//259 242//259 240//259
f 241//260 243//260 242//260
f 243//261 244//261 242//261
f 243//262 245//262 244//262
f 245//263 246//263 244//263
f 245//264 247//264 246//264
f 247//265 248//265 246//265
f 247//266 249//266 248//266
f 249//267 250//267 248//267
f 249//268 251//268 250//268
f 251//269 252//269 250//269
f 251//270 253//270 252//270
f 253//271 254//271 252//271
f 253//272 255//272 254//272
f 255//273 256//273 254//273
f 255//274 257//274 256//274
f 257//275 258//275 256//275
f 257//276 259//276 258//276
f 260//277 261//277 262//277
f 260//278 263//278 261//278
f 263//279 264//279 261//279
f 263//280 265//280 264//280
f 265//281 266//281 264//281
f 265//282 267//282 266//282
f 267//283 268//283 266//283
f 267//284 269//284 268//284
f 269//285 270//285 268//285
f 269//286 271//286 270//286
f 271//287 272//287 270//287
f 271//288 273//288 272//288
f 273//289 274//289 272//289
f 273//290 275//290 274//290
f 275//291 276//291 274//291
f 275//292 277//292 276//292
f 277//293 278//293 276//293
f 277//294 279//294 278//294
f 279//295 280//295 278//295
f 279//296 281//296 280//296
f 281//297 282//297 280//297
f 281//298 283//298 282//298
f 283//299 284//299 282//299
f 283//300 285//300 284//300
f 285//301 286//301 284//301
f 285//302 287//302 286//302
f 287//303 288//303 286//303
f 287//304 289//304 288//304
f 289//305 290//305 288//305
f 289//306 291//306 290//306
f 291//307 292//307 290//307
f 291//308 293//308 292//308
f 293//309 294//309 292//309
f 293//310 295//310 294//310
f 295//311 296//311 294//311
f 295//312 297//312 296//312
f 297//313 298//313 296//313
f 297//314 299//314 298//314
f 300//315 301//315 302//315
f 300//316 303//316 301//316
f 303//317 304//317 301//317
f 303//318 305//318 304//318
f 305//319 306//319 304//319
f 305//320 307//320 306//320
f 307//321 308//321 306//321
f 307//322 309//322 308//322
f 309//323 310//323 308//323
f 309//324 311//324 310//324
f 311//325 312//325 310//325
f 311//326 313//326 312//326
f 313//327 314//327 312//327
f 313//328 315//328 314//328
f 315//329 316//329 314//329
f 315//330 317//330 316//330
f 317//331 318//331 316//331
f 317//332 319//332 318//332
f 319//333 320//333 318//333
f 319//334 321//334 320//334
f 321//335 322//335 320//335
f 321//336 323//336 322//336
f 323//337 324//337 322//337
f 323//338 325//338 324//338
f 324//339 326//339 327//339
f 325//340 326//340 324//340
f 327//341 328//341 329//341
f 326//342 328//342 327//342
f 328//343 330//343 329//343
f 329//344 330//344 331//344
f 330//345 332//345 331//345
f 332//346 333//346 331//346
f 332//347 334//347 333//347
f 334//348 335//348 333//348
f 334//349 336//349 335//349
f 336//350 337//350 335//350
f 336//351 105//351 337//351
f 337//352 105//352 338//352
f 219//353 339//353 218//353
f 219//354 340//354 339//354
f 340//355 341//355 339//355
f 340//356 342//356 341//356
f 342//357 343//357 341//357
f 342//358 344//358 343//358
f 344//359 345//359 343//359
f 344//360 346//360 345//360
f 346//361 347//361 345//361
f 346//362 348//362 347//362
f 348//363 349//363 347//363
f 348//364 350//364 349//364
f 350//365 351//365 349//365
f 350//366 352//366 351//366
f 352//367 353//367 351//367
f 352//368 354//368 353//368
f 354//369 355//369 353//369
f 354//370 356//370 355//370
f 356//371 357//371 355//371
f 356//372 358//372 357//372
f 358//373 359//373 357//373
f 358//374 360//374 359//374
f 360//375 361//375 359//375
f 360//376 362//376 361//376
f 362//377 363//377 361//377
f 362//378 364//378 363//378
f 364//379 365//379 363//379
f 364//380 366//380 365//380
f 366//381 367//381 365//381
f 366//382 368//382 367//382
f 368//383 369//383 367//383
f 368//384 370//384 369//384
f 370//385 371//385 369//385
f 370//386 372//386 371//386
f 372//387 373//387 371//387
f 372//388 374//388 373//388
f 374//389 222//389 373//389
f 374//390 220//390 222//390
f 259//391 375//391 258//391
f 259//392 376//392 375//392
f 376//393 377//393 375//393
f 376//394 378//394 377//394
f 378//395 379//395 377//395
f 378//396 380//396 379//396
f 380//397 381//397 379//397
f 380//398 382//398 381//398
f 382//399 383//399 381//399
f 382//400 384//400 383//400
f 384//401 385//401 383//401
f 384//402 386//402 385//402
f 386//403 387//403 385//403
f 386//404 388//404 387//404
f 388//405 389//405 387//405
f 388//406 390//406 389//406
f 390//407 391//407 389//407
f 390//408 392//408 391//408
f 392//409 393//409 391//409
f 392//410 394//410 393//410
f 394//411 395//411 393//411
f 394//412 396//412 395//412
f 396//413 397//413 395//413
f 396//414 398//414 397//414
f 398//415 399//415 397//415
f 398//416 400//416 399//416
f 400//417 401//417 399//417
f 400//418 402//418 401//418
f 402//419 403//419 401//419
f 402//420 404//420 403//420
f 404//421 405//421 403//421
f 404//422 406//422 405//422
f 406//423 407//423 405//423
f 406//424 408//424 407//424
f 408//425 409//425 407//425
f 408//426 410//426 409//426
f 410//427 262//427 409//427
f 410//428 260//428 262//428
f 299//429 411//429 298//429
f 299//430 412//430 411//430
f 412//431 413//431 411//431
f 412//432 414//432 413//432
f 414//433 415//433 413//433
f 414//434 416//434 415//434
f 416//435 417//435 415//435
f 416//436 418//436 417//436
f 418//437 419//437 417//437
f 418//438 420//438 419//438
f 420//439 421//439 419//439
f 420//440 422//440 421//440
f 422//441 423//441 421//441
f 422//442 424//442 423//442
f 424//443 425//443 423//443
f 424//444 426//444 425//444
f 426//445 427//445 425//445
f 426//446 428//446 427//446
f 428//447 429//447 427//447
f 428//448 430//448 429//448
f 430//449 431//449 429//449
f 430//450 432//450 431//450
f 432//451 433//451 431//451
f 432//452 434//452 433//452
f 434//453 435//453 433//453
f 434//454 436//454 435//454
f 436//455 437//455 435//455
f 436//456 438//456 437//456
f 438//457 439//457 437//457
f 438//458 440//458 439//458
f 440//459 441//459 439//459
f 440//460 442//460 441//460
f 442//461 443//461 441//461
f 442//462 444//462 443//462
f 444//463 445//463 443//463
f 444//464 446//464 445//464
f 446//465 302//465 445//465
f 446//466 300//466 302//466
f 105//467 107//467 338//467
f 107//468 108//468 338//468
f 108//469 109//469 338//469
f 447//470 448//470 103//470
f 103//471 448//471 101//471
f 101//472 449//472 99//472
f 448//473 449//473 101//473
f 99//474 450//474 97//474
f 449//475 450//475 99//475
f 97//476 451//476 95//476
f 450//477 451//477 97//477
f 95//478 452//478 93//478
f 451//479 452//479 95//479
f 93//480 453//480 91//480
f 452//481 453//481 93//481
f 91//482 454//482 89//482
f 453//483 454//483 91//483
f 89//484 455//484 87//484
f 454//485 455//485 89//485
f 87//486 456//486 85//486
f 455//487 456//487 87//487
f 85//488 457//488 82//488
f 456//489 457//489 85//489
f 457//490 458//490 82//490
f 457//491 459//491 458//491
f 459//492 460//492 458//492
f 460//493 461//493 462//493
f 459//494 461//494 460//494
f 461//495 463//495 462//495
f 461//496 464//496 463//496
f 464//497 465//497 463//497
f 464//498 466//498 465//498
f 466//499 467//499 465//499
f 466//500 468//500 467//500
f 468//501 469//501 467//501
f 468//502 470//502 469//502
f 470//503 471//503 469//503
f 470//504 472//504 471//504
f 472//505 473//505 471//505
f 472//506 474//506 473//506
f 474//507 475//507 473//507
f 474//508 476//508 475//508
f 476//509 477//509 475//509
f 476//510 478//510 477//510
f 478//511 479//511 477//511
f 478//512 480//512 479//512
f 481//513 482//513 483//513
f 481//514 484//514 482//514
f 484//515 485//515 482//515
f 484//516 486//516 485//516
f 486//517 487//517 485//517
f 486//518 488//518 487//518
f 488//519 489//519 487//519
f 488//520 490//520 489//520
f 490//521 491//521 489//521
f 490//522 492//522 491//522
f 492//523 493//523 491//523
f 492//524 494//524 493//524
f 494//525 495//525 493//525
f 494//526 496//526 495//526
f 496//527 497//527 495//527
f 496//528 498//528 497//528
f 498//529 499//529 497//529
f 498//530 500//530 499//530
f 500//531 501//531 499//531
f 500//532 502//532 501//532
f 502//533 503//533 501//533
f 502//534 504//534 503//534
f 504//535 505//535 503//535
f 504//536 506//536 505//536
f 506//537 507//537 505//537
f 506//538 508//538 507//538
f 508//539 509//539 507//539
f 508//540 510//540 509//540
f 510//541 511//541 509//541
f 510//542 512//542 511//542
f 512//543 513//543 511//543
f 512//544 514//544 513//544
f 514//545 515//545 513//545
f 514//546 516//546 515//546
f 516//547 517//547 515//547
f 516//548 518//548 517//548
f 518//549 519//549 517//549
f 518//550 520//550 519//550
f 520//551 521//551 519//551
f 520//552 522//552 521//552
f 522//553 523//553 521//553
f 522//554 524//554 523//554
f 525//555 526//555 527//555
f 525//556 528//556 526//556
f 528//557 529//557 526//557
f 528//558 530//558 529//558
f 530//559 531//559 529//559
f 530//560 532//560 531//560
f 532//561 533//561 531//561
f 532//562 534//562 533//562
f 534//563 535//563 533//563
f 534//564 536//564 535//564
f 536//565 537//565 535//565
f 536//566 538//566 537//566
f 538//567 539//567 537//567
f 538//568 540//568 539//568
f 540//569 541//569 539//569
f 540//570 542//570 541//570
f 542//571 543//571 541//571
f 542//572 544//572 543//572
f 544//573 545//573 543//573
f 544//574 546//574 545//574
f 546//575 547//575 545//575
f 546//576 548//576 547//576
f 548//577 549//577 547//577
f 548//578 550//578 549//578
f 550//579 551//579 549//579
f 550//580 552//580 551//580
f 552//581 553//581 551//581
f 552//582 554//582 553//582
f 554//583 555//583 553//583
f 554//584 556//584 555//584
f 556//585 557//585 555//585
f 556//586 558//586 557//586
f 558//587 559//587 557//587
f 558//588 560//588 559//588
f 560//589 561//589 559//589
f 560//590 562//590 561//590
f 562//591 563//591 561//591
f 562//592 564//592 563//592
f 564//593 565//593 563//593
f 564//594 566//594 565//594
f 566//595 567//595 565//595
f 566//596 568//596 567//596
f 569//597 570//597 571//597
f 569//598 572//598 570//598
f 572//599 573//599 570//599
f 572//600 574//600 573//600
f 574//601 575//601 573//601
f 574//602 576//602 575//602
f 576//603 577//603 575//603
f 576//604 578//604 577//604
f 578//605 579//605 577//605
f 578//606 580//606 579//606
f 580//607 581//607 579//607
f 580//608 582//608 581//608
f 582//609 583//609 581//609
f 582//610 584//610 583//610
f 584//611 585//611 583//611
f 584//612 586//612 585//612
f 586//613 587//613 585//613
f 586//614 588//614 587//614
f 588//615 589//615 587//615
f 588//616 590//616 589//616
f 590//617 591//617 589//617
f 590//618 592//618 591//618
f 592//619 593//619 591//619
f 592//620 594//620 593//620
f 594//621 595//621 593//621
f 594//622 596//622 595//622
f 596//623 597//623 595//623
f 596//624 598//624 597//624
f 598//625 599//625 597//625
f 598//626 600//626 599//626
f 600//627 601//627 599//627
f 600//628 602//628 601//628
f 602//629 603//629 601//629
f 602//630 604//630 603//630
f 604//631 605//631 603//631
f 604//632 606//632 605//632
f 606//633 607//633 605//633
f 606//634 608//634 607//634
f 608//635 609//635 607//635
f 608//636 610//636 609//636
f 610//637 611//637 609//637
f 610//638 612//638 611//638
f 613//639 614//639 615//639
f 613//640 616//640 614//640
f 616//641 617//641 614//641
f 616//642 618//642 617//642
f 618//643 619//643 617//643
f 618//644 620//644 619//644
f 620//645 621//645 619//645
f 620//646 622//646 621//646
f 622//647 623//647 621//647
f 622//648 624//648 623//648
f 624//649 625//649 623//649
f 624//650 626//650 625//650
f 626//651 627//651 625//651
f 626//652 628//652 627//652
f 628//653 629//653 627//653
f 628//654 630//654 629//654
f 630//655 631//655 629//655
f 630//656 632//656 631//656
f 632//657 633//657 631//657
f 632//658 634//658 633//658
f 634//659 635//659 633//659
f 634//660 636//660 635//660
f 636//661 637//661 635//661
f 636//662 638//662 637//662
f 638//663 639//663 637//663
f 638//664 640//664 639//664
f 640//665 641//665 639//665
f 640//666 642//666 641//666
f 642//667 643//667 641//667
f 642//668 644//668 643//668
f 644//669 645//669 643//669
f 644//670 646//670 645//670
f 646//671 647//671 645//671
f 646//672 648//672 647//672
f 648//673 649//673 647//673
f 648//674 650//674 649//674
f 650//675 651//675 649//675
f 650//676 652//676 651//676
f 652//677 653//677 651//677
f 652//678 654//678 653//678
f 654//679 655//679 653//679
f 654//680 656//680 655//680
f 480//681 657//681 479//681
f 480//682 658//682 657//682
f 658//683 659//683 657//683
f 658//684 660//684 659//684
f 660//685 661//685 659//685
f 660//686 662//686 661//686
f 662//687 663//687 661//687
f 662//688 664//688 663//688
f 664//689 665//689 663//689
f 664//690 666//690 665//690
f 666//691 667//691 665//691
f 666//692 668//692 667//692
f 668//693 669//693 667//693
f 668//694 670//694 669//694
f 670//695 671//695 669//695
f 670//696 672//696 671//696
f 672//697 673//697 671//697
f 672//698 674//698 673//698
f 674//699 675//699 673//699
f 674//700 676//700 675//700
f 676//701 677//701 675//701
f 676//702 678//702 677//702
f 678//703 679//703 677//703
f 678//704 680//704 679//704
f 680//705 681//705 679//705
f 680//706 682//706 681//706
f 682//707 683//707 681//707
f 682//708 684//708 683//708
f 684//709 685//709 683//709
f 684//710 686//710 685//710
f 686//711 687//711 685//711
f 686//712 688//712 687//712
f 688//713 689//713 687//713
f 688//714 690//714 689//714
f 690//715 691//715 689//715
f 690//716 692//716 691//716
f 692//717 693//717 691//717
f 692//718 694//718 693//718
f 694//719 695//719 693//719
f 694//720 696//720 695//720
f 696//721 483//721 695//721
f 696//722 481//722 483//722
f 524//723 697//723 523//723
f 524//724 698//724 697//724
f 698//725 699//725 697//725
f 698//726 700//726 699//726
f 700//727 701//727 699//727
f 700//728 702//728 701//728
f 702//729 703//729 701//729
f 702//730 704//730 703//730
f 704//731 705//731 703//731
f 704//732 706//732 705//732
f 706//733 707//733 705//733
f 706//734 708//734 707//734
f 708//735 709//735 707//735
f 708//736 710//736 709//736
f 710//737 711//737 709//737
f 710//738 712//738 711//738
f 712//739 713//739 711//739
f 712//740 714//740 713//740
f 714//741 715//741 713//741
f 714//742 716//742 715//742
f 716//743 717//743 715//743
f 716//744 718//744 717//744
f 718//745 719//745 717//745
f 718//746 720//746 719//746
f 720//747 721//747 719//747
f 720//748 722//748 721//748
f 722//749 723//749 721//749
f 722//750 724//750 723//750
f 724//751 725//751 723//751
f 724//752 726//752 725//752
f 726//753 727//753 725//753
f 726//754 728//754 727//754
f 728//755 729//755 727//755
f 728//756 730//756 729//756
f 730//757 731//757 729//757
f 730//758 732//758 731//758
f 732//759 733//759 731//759
f 732//760 734//760 733//760
f 734//761 735//761 733//761
f 734//762 736//762 735//762
f 736//763 527//763 735//763
f 736//764 525//764 527//764
f 568//765 737//765 567//765
f 568//766 738//766 737//766
f 738//767 739//767 737//767
f 738//768 740//768 739//768
f 740//769 741//769 739//769
f 740//770 742//770 741//770
f 742//771 743//771 741//771
f 742//772 744//772 743//772
f 744//773 745//773 743//773
f 744//774 746//774 745//774
f 746//775 747//775 745//775
f 746//776 748//776 747//776
f 748//777 749//777 747//777
f 748//778 750//778 749//778
f 750//779 751//779 749//779
f 750//780 752//780 751//780
f 752//781 753//781 751//781
f 752//782 754//782 753//782
f 754//783 755//783 753//783
f 754//784 756//784 755//784
f 756//785 757//785 755//785
f 756//786 758//786 757//786
f 758//787 759//787 757//787
f 758//788 760//788 759//788
f 760//789 761//789 759//789
f 760//790 762//790 761//790
f 762//791 763//791 761//791
f 762//792 764//792 763//792
f 764//793 765//793 763//793
f 764//794 766//794 765//794
f 766//795 767//795 765//795
f 766//796 768//796 767//796
f 768//797 769//797 767//797
f 768//798 770//798 769//798
f 770//799 771//799 769//799
f 770//800 772//800 771//800
f 772//801 773//801 771//801
f 772//802 774//802 773//802
f 774//803 775//803 773//803
f 774//804 776//804 775//804
f 776//805 571//805 775//805
f 776//806 569//806 571//806
f 612//807 777//807 611//807
f 612//808 778//808 777//808
f 778//809 779//809 777//809
f 778//810 780//810 779//810
f 780//811 781//811 779//811
f 780//812 782//812 781//812
f 782//813 783//813 781//813
f 782//814 784//814 783//814
f 784//815 785//815 783//815
f 784//816 786//816 785//816
f 786//817 787//817 785//817
f 786//818 788//818 787//818
f 788//819 789//819 787//819
f 788//820 790//820 789//820
f 790//821 791//821 789//821
f 790//822 792//822 791//822
f 792//823 793//823 791//823
f 792//824 794//824 793//824
f 794//825 795//825 793//825
f 794//826 796//826 795//826
f 796//827 797//827 795//827
f 796//828 798//828 797//828
f 798//829 799//829 797//829
f 798//830 800//830 799//830
f 800//831 801//831 799//831
f 800//832 802//832 801//832
f 802//833 803//833 801//833
f 802//834 804//834 803//834
f 804//835 805//835 803//835
f 804//836 806//836 805//836
f 806//837 807//837 805//837
f 806//838 808//838 807//838
f 808//839 809//839 807//839
f 808//840 810//840 809//840
f 810//841 811//841 809//841
f 810//842 812//842 811//842
f 812//843 813//843 811//843
f 812//844 814//844 813//844
f 814//845 815//845 813//845
f 814//846 816//846 815//846
f 816//847 615//847 815//847
f 816//848 613//848 615//848
f 656//849 817//849 655//849
f 656//850 818//850 817//850
f 817//851 819//851 820//851
f 818//852 819//852 817//852
f 820//853 821//853 822//853
f 819//854 821//854 820//854
f 822//855 823//855 824//855
f 821//856 823//856 822//856
f 824//857 825//857 826//857
f 823//858 825//858 824//858
f 826//859 827//859 828//859
f 825//860 827//860 826//860
f 828//861 829//861 830//861
f 827//862 829//862 828//862
f 830//863 831//863 832//863
f 829//864 831//864 830//864
f 832//865 833//865 834//865
f 831//866 833//866 832//866
f 834//867 835//867 836//867
f 833//868 835//868 834//868
f 835//869 837//869 836//869
f 835//870 838//870 837//870
f 838//871 839//871 837//871
f 840//872 13//872 841//872
f 841//873 10//873 842//873
f 13//874 10//874 841//874
f 840//875 14//875 13//875
f 843//876 14//876 840//876
f 10//877 57//877 842//877
f 842//878 57//878 844//878
f 844//879 57//879 845//879
f 843//880 16//880 14//880
f 846//881 16//881 843//881
f 847//882 16//882 846//882
f 845//883 8//883 848//883
f 57//884 8//884 845//884
f 849//885 18//885 847//885
f 847//886 18//886 16//886
f 848//887 53//887 850//887
f 8//888 53//888 848//888
f 849//889 20//889 18//889
f 851//890 20//890 849//890
f 852//891 5//891 853//891
f 850//892 5//892 852//892
f 53//893 5//893 850//893
f 854//894 22//894 855//894
f 851//895 22//895 20//895
f 855//896 22//896 851//896
f 853//897 4//897 856//897
f 5//898 4//898 853//898
f 857//899 858//899 854//899
f 854//900 858//900 22//900
f 856//901 46//901 859//901
f 4//902 46//902 856//902
f 860//903 861//903 857//903
f 857//904 861//904 858//904
f 859//905 43//905 862//905
f 46//906 43//906 859//906
f 863//907 864//907 860//907
f 860//908 864//908 861//908
f 862//909 41//909 865//909
f 43//910 41//910 862//910
f 41//911 866//911 865//911
f 867//912 868//912 863//912
f 863//913 868//913 864//913
f 867//914 869//914 868//914
f 41//915 37//915 866//915
f 37//916 870//916 866//916
f 869//917 871//917 868//917
f 37//918 35//918 870//918
f 869//919 872//919 871//919
f 872//920 873//920 871//920
f 35//921 874//921 870//921
f 35//922 33//922 874//922
f 872//923 875//923 873//923
f 875//924 876//924 873//924
f 33//925 877//925 874//925
f 875//926 878//926 876//926
f 33//927 879//927 877//927
f 30//928 879//928 33//928
f 876//929 880//929 881//929
f 878//930 880//930 876//930
f 30//931 882//931 879//931
f 26//932 882//932 30//932
f 880//933 883//933 881//933
f 881//934 883//934 884//934
f 26//935 885//935 882//935
f 24//936 885//936 26//936
f 883//937 886//937 884//937
f 884//938 886//938 887//938
f 24//939 888//939 885//939
f 2//940 888//940 24//940
f 886//941 889//941 887//941
f 887//942 889//942 890//942
f 2//943 891//943 888//943
f 889//944 892//944 890//944
f 2//945 893//945 891//945
f 894//946 893//946 2//946
f 892//947 895//947 890//947
f 890//948 895//948 896//948
f 894//949 897//949 893//949
f 898//950 897//950 894//950
f 895//951 899//951 896//951
f 896//952 899//952 900//952
f 898//953 901//953 897//953
f 902//954 901//954 898//954
f 899//955 903//955 900//955
f 900//956 903//956 904//956
f 902//957 905//957 901//957
f 903//958 906//958 904//958
f 902//959 907//959 905//959
f 908//960 907//960 902//960
f 906//961 909//961 904//961
f 904//962 909//962 910//962
f 908//963 911//963 907//963
f 912//964 911//964 908//964
f 909//965 913//965 910//965
f 912//966 913//966 911//966
f 910//967 913//967 912//967
f 914//968 915//968 916//968
f 916//969 915//969 917//969
f 918//970 919//970 920//970
f 917//971 919//971 918//971
f 915//972 919//972 917//972
f 920//973 921//973 922//973
f 919//974 921//974 920//974
f 922//975 923//975 924//975
f 921//976 923//976 922//976
f 923//977 925//977 924//977
f 924//978 926//978 906//978
f 925//979 926//979 924//979
f 906//980 927//980 928//980
f 926//981 927//981 906//981
f 928//982 929//982 930//982
f 927//983 929//983 928//983
f 930//984 931//984 932//984
f 929//985 931//985 930//985
f 932//986 933//986 934//986
f 931//987 933//987 932//987
f 935//988 936//988 937//988
f 934//989 936//989 935//989
f 933//990 936//990 934//990
f 936//991 938//991 937//991
f 939//992 940//992 941//992
f 941//993 940//993 942//993
f 943//994 944//994 945//994
f 942//995 944//995 943//995
f 940//996 944//996 942//996
f 945//997 946//997 947//997
f 944//998 946//998 945//998
f 947//999 948//999 949//999
f 946//1000 948//1000 947//1000
f 949//1001 950//1001 878//1001
f 948//1002 950//1002 949//1002
f 950//1003 951//1003 878//1003
f 878//1004 952//1004 953//1004
f 951//1005 952//1005 878//1005
f 953//1006 954//1006 955//1006
f 952//1007 954//1007 953//1007
f 955//1008 956//1008 957//1008
f 954//1009 956//1009 955//1009
f 957//1010 958//1010 959//1010
f 956//1011 958//1011 957//1011
f 960//1012 961//1012 962//1012
f 959//1013 961//1013 960//1013
f 958//1014 961//1014 959//1014
f 961//1015 963//1015 962//1015
f 964//1016 965//1016 966//1016
f 965//1017 967//1017 966//1017
f 966//1018 968//1018 969//1018
f 967//1019 968//1019 966//1019
f 969//1020 970//1020 971//1020
f 968//1021 970//1021 969//1021
f 971//1022 972//1022 973//1022
f 970//1023 972//1023 971//1023
f 973//1024 974//1024 975//1024
f 972//1025 974//1025 973//1025
f 975//1026 976//1026 855//1026
f 974//1027 976//1027 975//1027
f 977//1028 978//1028 979//1028
f 855//1029 978//1029 977//1029
f 976//1030 978//1030 855//1030
f 978//1031 980//1031 979//1031
f 981//1032 982//1032 983//1032
f 979//1033 982//1033 981//1033
f 980//1034 982//1034 979//1034
f 982//1035 984//1035 983//1035
f 983//1036 985//1036 986//1036
f 984//1037 985//1037 983//1037
f 986//1038 987//1038 988//1038
f 985//1039 987//1039 986//1039
f 989//1040 990//1040 991//1040
f 991//1041 990//1041 992//1041
f 993//1042 994//1042 995//1042
f 992//1043 994//1043 993//1043
f 990//1044 994//1044 992//1044
f 995//1045 996//1045 997//1045
f 994//1046 996//1046 995//1046
f 997//1047 998//1047 999//1047
f 996//1048 998//1048 997//1048
f 999//1049 1000//1049 844//1049
f 998//1050 1000//1050 999//1050
f 1000//1051 1001//1051 844//1051
f 844//1052 1002//1052 1003//1052
f 1001//1053 1002//1053 844//1053
f 1003//1054 1004//1054 1005//1054
f 1002//1055 1004//1055 1003//1055
f 1005//1056 1006//1056 1007//1056
f 1004//1057 1006//1057 1005//1057
f 1007//1058 1008//1058 1009//1058
f 1006//1059 1008//1059 1007//1059
f 1010//1060 1011//1060 1012//1060
f 1009//1061 1011//1061 1010//1061
f 1008//1062 1011//1062 1009//1062
f 1011//1063 1013//1063 1012//1063
f 1014//1064 1015//1064 1016//1064
f 1016//1065 1015//1065 1017//1065
f 1018//1066 1019//1066 1020//1066
f 1017//1067 1019//1067 1018//1067
f 1015//1068 1019//1068 1017//1068
f 1020//1069 1021//1069 1022//1069
f 1019//1070 1021//1070 1020//1070
f 1022//1071 1023//1071 1024//1071
f 1021//1072 1023//1072 1022//1072
f 1024//1073 1025//1073 865//1073
f 1023//1074 1025//1074 1024//1074
f 1025//1075 1026//1075 865//1075
f 865//1076 1027//1076 1028//1076
f 1026//1077 1027//1077 865//1077
f 1028//1078 1029//1078 1030//1078
f 1027//1079 1029//1079 1028//1079
f 1030//1080 1031//1080 1032//1080
f 1029//1081 1031//1081 1030//1081
f 1032//1082 1033//1082 1034//1082
f 1031//1083 1033//1083 1032//1083
f 1035//1084 1036//1084 1037//1084
f 1034//1085 1036//1085 1035//1085
f 1033//1086 1036//1086 1034//1086
f 1036//1087 1038//1087 1037//1087
f 1039//1088 1040//1088 1041//1088
f 1041//1089 1040//1089 1042//1089
f 1042//1090 1043//1090 1044//1090
f 1040//1091 1043//1091 1042//1091
f 1044//1092 1045//1092 1046//1092
f 1043//1093 1045//1093 1044//1093
f 1046//1094 1047//1094 1048//1094
f 1045//1095 1047//1095 1046//1095
f 1048//1096 1049//1096 1050//1096
f 1047//1097 1049//1097 1048//1097
f 1050//1098 1051//1098 891//1098
f 1049//1099 1051//1099 1050//1099
f 891//1100 1052//1100 1053//1100
f 1051//1101 1052//1101 891//1101
f 1053//1102 1054//1102 1055//1102
f 1052//1103 1054//1103 1053//1103
f 1055//1104 1056//1104 1057//1104
f 1054//1105 1056//1105 1055//1105
f 1057//1106 1058//1106 1059//1106
f 1056//1107 1058//1107 1057//1107
f 1060//1108 1061//1108 1062//1108
f 1059//1109 1061//1109 1060//1109
f 1058//1110 1061//1110 1059//1110
f 1061//1111 1063//1111 1062//1111
f 68//1112 1064//1112 1065//1112
f 71//1113 68//1113 1065//1113
f 71//1114 1065//1114 1066//1114
f 66//1115 1064//1115 68//1115
f 66//1116 1067//1116 1064//1116
f 73//1117 71//1117 1066//1117
f 73//1118 1066//1118 1001//1118
f 73//1119 1001//1119 1068//1119
f 64//1120 1067//1120 66//1120
f 64//1121 1069//1121 1070//1121
f 64//1122 1070//1122 1067//1122
f 76//1123 73//1123 1068//1123
f 76//1124 1068//1124 1071//1124
f 62//1125 1069//1125 64//1125
f 62//1126 1072//1126 1069//1126
f 79//1127 76//1127 1071//1127
f 79//1128 1071//1128 1073//1128
f 59//1129 1072//1129 62//1129
f 59//1130 1074//1130 1072//1130
f 81//1131 79//1131 1073//1131
f 81//1132 1073//1132 1075//1132
f 81//1133 1075//1133 1076//1133
f 58//1134 1077//1134 976//1134
f 58//1135 976//1135 1074//1135
f 58//1136 1074//1136 59//1136
f 84//1137 1076//1137 1078//1137
f 84//1138 81//1138 1076//1138
f 132//1139 1079//1139 1077//1139
f 132//1140 1077//1140 58//1140
f 86//1141 1078//1141 1080//1141
f 86//1142 84//1142 1078//1142
f 174//1143 1081//1143 1079//1143
f 174//1144 1079//1144 132//1144
f 88//1145 86//1145 1080//1145
f 88//1146 1080//1146 1082//1146
f 172//1147 1083//1147 1081//1147
f 172//1148 1081//1148 174//1148
f 90//1149 1082//1149 1026//1149
f 90//1150 88//1150 1082//1150
f 1084//1151 90//1151 1026//1151
f 170//1152 1085//1152 1083//1152
f 170//1153 1083//1153 172//1153
f 1086//1154 1085//1154 170//1154
f 92//1155 90//1155 1084//1155
f 1087//1156 92//1156 1084//1156
f 166//1157 1086//1157 170//1157
f 94//1158 92//1158 1087//1158
f 1088//1159 1086//1159 166//1159
f 164//1160 1088//1160 166//1160
f 1089//1161 94//1161 1087//1161
f 96//1162 94//1162 1089//1162
f 1090//1163 1088//1163 164//1163
f 162//1164 1090//1164 164//1164
f 1091//1165 96//1165 1089//1165
f 98//1166 96//1166 1091//1166
f 951//1167 1090//1167 162//1167
f 1092//1168 98//1168 1091//1168
f 1093//1169 951//1169 162//1169
f 1093//1170 162//1170 159//1170
f 1094//1171 98//1171 1092//1171
f 1094//1172 100//1172 98//1172
f 1095//1173 1093//1173 159//1173
f 1095//1174 159//1174 154//1174
f 1096//1175 100//1175 1094//1175
f 1096//1176 102//1176 100//1176
f 1097//1177 1095//1177 154//1177
f 1097//1178 154//1178 152//1178
f 1098//1179 102//1179 1096//1179
f 1098//1180 104//1180 102//1180
f 1099//1181 1097//1181 152//1181
f 1051//1182 104//1182 1098//1182
f 1100//1183 1099//1183 152//1183
f 1100//1184 152//1184 151//1184
f 1101//1185 104//1185 1051//1185
f 1101//1186 116//1186 104//1186
f 1102//1187 151//1187 147//1187
f 1102//1188 1100//1188 151//1188
f 1103//1189 116//1189 1101//1189
f 1103//1190 120//1190 116//1190
f 1104//1191 147//1191 143//1191
f 1104//1192 1102//1192 147//1192
f 1105//1193 120//1193 1103//1193
f 1105//1194 122//1194 120//1194
f 1106//1195 143//1195 129//1195
f 1106//1196 1104//1196 143//1196
f 1107//1197 122//1197 1105//1197
f 926//1198 1106//1198 129//1198
f 1108//1199 124//1199 122//1199
f 1108//1200 122//1200 1107//1200
f 1109//1201 129//1201 127//1201
f 1109//1202 926//1202 129//1202
f 1110//1203 126//1203 124//1203
f 1110//1204 124//1204 1108//1204
f 1111//1205 127//1205 126//1205
f 1111//1206 1109//1206 127//1206
f 1111//1207 126//1207 1110//1207
f 1098//1208 1052//1208 1051//1208
f 1054//1209 1052//1209 1098//1209
f 1096//1210 1054//1210 1098//1210
f 1056//1211 1054//1211 1096//1211
f 1094//1212 1056//1212 1096//1212
f 1058//1213 1056//1213 1094//1213
f 1092//1214 1058//1214 1094//1214
f 1061//1215 1058//1215 1092//1215
f 1063//1216 1061//1216 1092//1216
f 1112//1217 1113//1217 1114//1217
f 1115//1218 1114//1218 1116//1218
f 1115//1219 1112//1219 1114//1219
f 1014//1220 1116//1220 1063//1220
f 1014//1221 1092//1221 1091//1221
f 1014//1222 1063//1222 1092//1222
f 1014//1223 1115//1223 1116//1223
f 1015//1224 1091//1224 1089//1224
f 1015//1225 1014//1225 1091//1225
f 1019//1226 1015//1226 1089//1226
f 1087//1227 1019//1227 1089//1227
f 1021//1228 1019//1228 1087//1228
f 1023//1229 1021//1229 1087//1229
f 1084//1230 1023//1230 1087//1230
f 1025//1231 1023//1231 1084//1231
f 1026//1232 1025//1232 1084//1232
f 1082//1233 1027//1233 1026//1233
f 1029//1234 1027//1234 1082//1234
f 1080//1235 1029//1235 1082//1235
f 1031//1236 1029//1236 1080//1236
f 1078//1237 1031//1237 1080//1237
f 1033//1238 1031//1238 1078//1238
f 1076//1239 1033//1239 1078//1239
f 1036//1240 1033//1240 1076//1240
f 1038//1241 1036//1241 1076//1241
f 1117//1242 1118//1242 1119//1242
f 1120//1243 1119//1243 1121//1243
f 1120//1244 1117//1244 1119//1244
f 989//1245 1121//1245 1038//1245
f 989//1246 1076//1246 1075//1246
f 989//1247 1038//1247 1076//1247
f 989//1248 1120//1248 1121//1248
f 990//1249 1075//1249 1073//1249
f 990//1250 989//1250 1075//1250
f 994//1251 990//1251 1073//1251
f 1071//1252 994//1252 1073//1252
f 996//1253 994//1253 1071//1253
f 998//1254 996//1254 1071//1254
f 1068//1255 998//1255 1071//1255
f 1000//1256 998//1256 1068//1256
f 1001//1257 1000//1257 1068//1257
f 1066//1258 1002//1258 1001//1258
f 1004//1259 1002//1259 1066//1259
f 1065//1260 1004//1260 1066//1260
f 1006//1261 1004//1261 1065//1261
f 1064//1262 1006//1262 1065//1262
f 1008//1263 1006//1263 1064//1263
f 1067//1264 1008//1264 1064//1264
f 1011//1265 1008//1265 1067//1265
f 1013//1266 1067//1266 1070//1266
f 1013//1267 1011//1267 1067//1267
f 1122//1268 1123//1268 1124//1268
f 1125//1269 1124//1269 1126//1269
f 1125//1270 1122//1270 1124//1270
f 965//1271 1126//1271 1013//1271
f 965//1272 1013//1272 1070//1272
f 965//1273 1125//1273 1126//1273
f 967//1274 1070//1274 1069//1274
f 967//1275 965//1275 1070//1275
f 968//1276 967//1276 1069//1276
f 1072//1277 968//1277 1069//1277
f 970//1278 968//1278 1072//1278
f 972//1279 970//1279 1072//1279
f 1074//1280 972//1280 1072//1280
f 974//1281 972//1281 1074//1281
f 976//1282 974//1282 1074//1282
f 1077//1283 978//1283 976//1283
f 980//1284 978//1284 1077//1284
f 1079//1285 980//1285 1077//1285
f 982//1286 980//1286 1079//1286
f 1081//1287 982//1287 1079//1287
f 984//1288 982//1288 1081//1288
f 1083//1289 984//1289 1081//1289
f 985//1290 984//1290 1083//1290
f 987//1291 985//1291 1083//1291
f 1127//1292 1128//1292 1129//1292
f 1130//1293 1129//1293 1131//1293
f 1130//1294 1127//1294 1129//1294
f 939//1295 1131//1295 987//1295
f 939//1296 1083//1296 1085//1296
f 939//1297 987//1297 1083//1297
f 939//1298 1130//1298 1131//1298
f 940//1299 1085//1299 1086//1299
f 940//1300 939//1300 1085//1300
f 944//1301 940//1301 1086//1301
f 1088//1302 944//1302 1086//1302
f 946//1303 944//1303 1088//1303
f 948//1304 946//1304 1088//1304
f 1090//1305 948//1305 1088//1305
f 950//1306 948//1306 1090//1306
f 951//1307 950//1307 1090//1307
f 1093//1308 952//1308 951//1308
f 954//1309 952//1309 1093//1309
f 1095//1310 954//1310 1093//1310
f 956//1311 954//1311 1095//1311
f 1097//1312 956//1312 1095//1312
f 958//1313 956//1313 1097//1313
f 1099//1314 958//1314 1097//1314
f 961//1315 958//1315 1099//1315
f 963//1316 961//1316 1099//1316
f 1132//1317 1133//1317 1134//1317
f 1135//1318 1134//1318 1136//1318
f 1135//1319 1132//1319 1134//1319
f 914//1320 1136//1320 963//1320
f 914//1321 1099//1321 1100//1321
f 914//1322 963//1322 1099//1322
f 914//1323 1135//1323 1136//1323
f 915//1324 1100//1324 1102//1324
f 915//1325 914//1325 1100//1325
f 919//1326 915//1326 1102//1326
f 1104//1327 919//1327 1102//1327
f 921//1328 919//1328 1104//1328
f 923//1329 921//1329 1104//1329
f 1106//1330 923//1330 1104//1330
f 925//1331 923//1331 1106//1331
f 926//1332 925//1332 1106//1332
f 1109//1333 927//1333 926//1333
f 929//1334 927//1334 1109//1334
f 1111//1335 929//1335 1109//1335
f 931//1336 929//1336 1111//1336
f 1110//1337 931//1337 1111//1337
f 933//1338 931//1338 1110//1338
f 1108//1339 933//1339 1110//1339
f 936//1340 933//1340 1108//1340
f 938//1341 936//1341 1108//1341
f 1137//1342 1138//1342 1139//1342
f 1140//1343 1139//1343 1141//1343
f 1140//1344 1137//1344 1139//1344
f 1039//1345 1141//1345 938//1345
f 1039//1346 1108//1346 1107//1346
f 1039//1347 938//1347 1108//1347
f 1039//1348 1140//1348 1141//1348
f 1040//1349 1107//1349 1105//1349
f 1040//1350 1039//1350 1107//1350
f 1043//1351 1040//1351 1105//1351
f 1103//1352 1043//1352 1105//1352
f 1045//1353 1043//1353 1103//1353
f 1047//1354 1045//1354 1103//1354
f 1101//1355 1047//1355 1103//1355
f 1049//1356 1047//1356 1101//1356
f 1051//1357 1049//1357 1101//1357
f 893//1358 1050//1358 891//1358
f 1048//1359 1050//1359 893//1359
f 897//1360 1048//1360 893//1360
f 1046//1361 1048//1361 897//1361
f 1044//1362 897//1362 901//1362
f 1044//1363 1046//1363 897//1363
f 1042//1364 901//1364 905//1364
f 1042//1365 1044//1365 901//1365
f 1041//1366 905//1366 907//1366
f 1041//1367 1042//1367 905//1367
f 1142//1368 1143//1368 1144//1368
f 1145//1369 1144//1369 1146//1369
f 1145//1370 1142//1370 1144//1370
f 937//1371 1146//1371 1041//1371
f 937//1372 1041//1372 907//1372
f 937//1373 1145//1373 1146//1373
f 935//1374 937//1374 907//1374
f 934//1375 907//1375 911//1375
f 934//1376 935//1376 907//1376
f 932//1377 934//1377 911//1377
f 913//1378 932//1378 911//1378
f 930//1379 932//1379 913//1379
f 909//1380 930//1380 913//1380
f 928//1381 930//1381 909//1381
f 906//1382 928//1382 909//1382
f 903//1383 924//1383 906//1383
f 922//1384 924//1384 903//1384
f 899//1385 922//1385 903//1385
f 920//1386 922//1386 899//1386
f 918//1387 899//1387 895//1387
f 918//1388 920//1388 899//1388
f 917//1389 895//1389 892//1389
f 917//1390 918//1390 895//1390
f 916//1391 892//1391 889//1391
f 916//1392 917//1392 892//1392
f 1147//1393 1148//1393 1149//1393
f 1150//1394 1149//1394 1151//1394
f 1150//1395 1147//1395 1149//1395
f 962//1396 1151//1396 916//1396
f 962//1397 916//1397 889//1397
f 962//1398 1150//1398 1151//1398
f 960//1399 962//1399 889//1399
f 959//1400 889//1400 886//1400
f 959//1401 960//1401 889//1401
f 957//1402 959//1402 886//1402
f 883//1403 957//1403 886//1403
f 955//1404 957//1404 883//1404
f 880//1405 955//1405 883//1405
f 953//1406 955//1406 880//1406
f 878//1407 953//1407 880//1407
f 875//1408 949//1408 878//1408
f 947//1409 949//1409 875//1409
f 872//1410 947//1410 875//1410
f 945//1411 947//1411 872//1411
f 943//1412 872//1412 869//1412
f 943//1413 945//1413 872//1413
f 942//1414 869//1414 867//1414
f 942//1415 943//1415 869//1415
f 941//1416 867//1416 863//1416
f 941//1417 942//1417 867//1417
f 1152//1418 1153//1418 1154//1418
f 1155//1419 1154//1419 1156//1419
f 1155//1420 1152//1420 1154//1420
f 988//1421 1156//1421 941//1421
f 988//1422 941//1422 863//1422
f 988//1423 1155//1423 1156//1423
f 986//1424 988//1424 863//1424
f 983//1425 863//1425 860//1425
f 983//1426 986//1426 863//1426
f 981//1427 983//1427 860//1427
f 857//1428 981//1428 860//1428
f 979//1429 981//1429 857//1429
f 854//1430 979//1430 857//1430
f 977//1431 979//1431 854//1431
f 855//1432 977//1432 854//1432
f 851//1433 975//1433 855//1433
f 973//1434 975//1434 851//1434
f 849//1435 973//1435 851//1435
f 971//1436 973//1436 849//1436
f 969//1437 849//1437 847//1437
f 969//1438 971//1438 849//1438
f 966//1439 847//1439 846//1439
f 966//1440 969//1440 847//1440
f 964//1441 846//1441 843//1441
f 964//1442 966//1442 846//1442
f 1157//1443 1158//1443 1159//1443
f 1160//1444 1159//1444 1161//1444
f 1160//1445 1157//1445 1159//1445
f 1012//1446 1161//1446 964//1446
f 1012//1447 964//1447 843//1447
f 1012//1448 1160//1448 1161//1448
f 1010//1449 1012//1449 843//1449
f 1009//1450 843//1450 840//1450
f 1009//1451 1010//1451 843//1451
f 1007//1452 1009//1452 840//1452
f 841//1453 1007//1453 840//1453
f 1005//1454 1007//1454 841//1454
f 842//1455 1005//1455 841//1455
f 1003//1456 1005//1456 842//1456
f 844//1457 1003//1457 842//1457
f 845//1458 999//1458 844//1458
f 997//1459 999//1459 845//1459
f 848//1460 997//1460 845//1460
f 995//1461 997//1461 848//1461
f 993//1462 848//1462 850//1462
f 993//1463 995//1463 848//1463
f 992//1464 850//1464 852//1464
f 992//1465 993//1465 850//1465
f 991//1466 852//1466 853//1466
f 991//1467 992//1467 852//1467
f 1162//1468 1163//1468 1164//1468
f 1165//1469 1164//1469 1166//1469
f 1165//1470 1162//1470 1164//1470
f 1037//1471 1166//1471 991//1471
f 1037//1472 991//1472 853//1472
f 1037//1473 1165//1473 1166//1473
f 1035//1474 1037//1474 853//1474
f 1034//1475 853//1475 856//1475
f 1034//1476 1035//1476 853//1476
f 1032//1477 1034//1477 856//1477
f 859//1478 1032//1478 856//1478
f 1030//1479 1032//1479 859//1479
f 862//1480 1030//1480 859//1480
f 1028//1481 1030//1481 862//1481
f 865//1482 1028//1482 862//1482
f 866//1483 1024//1483 865//1483
f 1022//1484 1024//1484 866//1484
f 870//1485 1022//1485 866//1485
f 1020//1486 1022//1486 870//1486
f 1018//1487 870//1487 874//1487
f 1018//1488 1020//1488 870//1488
f 1017//1489 874//1489 877//1489
f 1017//1490 1018//1490 874//1490
f 1016//1491 877//1491 879//1491
f 1016//1492 1017//1492 877//1492
f 1167//1493 1168//1493 1169//1493
f 1170//1494 1169//1494 1171//1494
f 1170//1495 1167//1495 1169//1495
f 1062//1496 1171//1496 1016//1496
f 1062//1497 1016//1497 879//1497
f 1062//1498 1170//1498 1171//1498
f 1060//1499 1062//1499 879//1499
f 1059//1500 879//1500 882//1500
f 1059//1501 1060//1501 879//1501
f 1057//1502 1059//1502 882//1502
f 885//1503 1057//1503 882//1503
f 1055//1504 1057//1504 885//1504
f 888//1505 1055//1505 885//1505
f 1053//1506 1055//1506 888//1506
f 891//1507 1053//1507 888//1507
f 1155//1508 987//1508 1131//1508
f 1155//1509 988//1509 987//1509
f 1152//1510 1131//1510 1129//1510
f 1152//1511 1155//1511 1131//1511
f 1153//1512 1129//1512 1128//1512
f 1153//1513 1152//1513 1129//1513
f 1154//1514 1128//1514 1127//1514
f 1154//1515 1153//1515 1128//1515
f 1156//1516 1127//1516 1130//1516
f 1156//1517 1154//1517 1127//1517
f 941//1518 1130//1518 939//1518
f 941//1519 1156//1519 1130//1519
f 1160//1520 1013//1520 1126//1520
f 1160//1521 1012//1521 1013//1521
f 1157//1522 1126//1522 1124//1522
f 1157//1523 1160//1523 1126//1523
f 1158//1524 1124//1524 1123//1524
f 1158//1525 1157//1525 1124//1525
f 1159//1526 1123//1526 1122//1526
f 1159//1527 1158//1527 1123//1527
f 1161//1528 1122//1528 1125//1528
f 1161//1529 1159//1529 1122//1529
f 964//1530 1125//1530 965//1530
f 964//1531 1161//1531 1125//1531
f 1165//1532 1038//1532 1121//1532
f 1165//1533 1037//1533 1038//1533
f 1162//1534 1121//1534 1119//1534
f 1162//1535 1165//1535 1121//1535
f 1163//1536 1119//1536 1118//1536
f 1163//1537 1162//1537 1119//1537
f 1164//1538 1118//1538 1117//1538
f 1164//1539 1163//1539 1118//1539
f 1166//1540 1117//1540 1120//1540
f 1166//1541 1164//1541 1117//1541
f 991//1542 1120//1542 989//1542
f 991//1543 1166//1543 1120//1543
f 1170//1544 1063//1544 1116//1544
f 1170//1545 1062//1545 1063//1545
f 1167//1546 1116//1546 1114//1546
f 1167//1547 1170//1547 1116//1547
f 1168//1548 1114//1548 1113//1548
f 1168//1549 1167//1549 1114//1549
f 1169//1550 1113//1550 1112//1550
f 1169//1551 1168//1551 1113//1551
f 1171//1552 1112//1552 1115//1552
f 1171//1553 1169//1553 1112//1553
f 1016//1554 1115//1554 1014//1554
f 1016//1555 1171//1555 1115//1555
f 1145//1556 938//1556 1141//1556
f 1145//1557 937//1557 938//1557
f 1142//1558 1141//1558 1139//1558
f 1142//1559 1145//1559 1141//1559
f 1143//1560 1139//1560 1138//1560
f 1143//1561 1142//1561 1139//1561
f 1144//1562 1138//1562 1137//1562
f 1144//1563 1143//1563 1138//1563
f 1146//1564 1137//1564 1140//1564
f 1146//1565 1144//1565 1137//1565
f 1041//1566 1140//1566 1039//1566
f 1041//1567 1146//1567 1140//1567
f 1150//1568 963//1568 1136//1568
f 1150//1569 962//1569 963//1569
f 1147//1570 1136//1570 1134//1570
f 1147//1571 1150//1571 1136//1571
f 1148//1572 1134//1572 1133//1572
f 1148//1573 1147//1573 1134//1573
f 1149//1574 1133//1574 1132//1574
f 1149//1575 1148//1575 1133//1575
f 1151//1576 1132//1576 1135//1576
f 1151//1577 1149//1577 1132//1577
f 916//1578 1135//1578 914//1578
f 916//1579 1151//1579 1135//1579
f 1172//1580 128//1580 130//1580
f 1172//1581 1173//1581 128//1581
f 1173//1582 125//1582 128//1582
f 1173//1583 1174//1583 125//1583
f 1174//1584 123//1584 125//1584
f 123//1585 1175//1585 121//1585
f 1174//1586 1175//1586 123//1586
f 121//1587 1176//1587 117//1587
f 1175//1588 1176//1588 121//1588
f 117//1589 1177//1589 103//1589
f 1176//1590 1177//1590 117//1590
f 1177//1591 447//1591 103//1591
f 829//1592 827//1592 1178//1592
f 827//1593 1179//1593 1178//1593
f 827//1594 825//1594 1179//1594
f 825//1595 1180//1595 1179//1595
f 825//1596 823//1596 1180//1596
f 823//1597 1181//1597 1180//1597
f 823//1598 821//1598 1181//1598
f 821//1599 1182//1599 1181//1599
f 821//1600 819//1600 1182//1600
f 819//1601 1183//1601 1182//1601
f 819//1602 818//1602 1183//1602
f 818//1603 1184//1603 1183//1603
f 818//1604 656//1604 1184//1604
f 656//1605 23//1605 1184//1605
f 654//1606 21//1606 656//1606
f 656//1607 21//1607 23//1607
f 652//1608 19//1608 654//1608
f 654//1609 19//1609 21//1609
f 652//1610 650//1610 19//1610
f 650//1611 17//1611 19//1611
f 650//1612 648//1612 17//1612
f 648//1613 15//1613 17//1613
f 646//1614 11//1614 648//1614
f 648//1615 11//1615 15//1615
f 646//1616 644//1616 11//1616
f 644//1617 12//1617 11//1617
f 644//1618 642//1618 12//1618
f 642//1619 9//1619 12//1619
f 642//1620 640//1620 9//1620
f 640//1621 7//1621 9//1621
f 640//1622 638//1622 7//1622
f 638//1623 52//1623 7//1623
f 636//1624 54//1624 638//1624
f 638//1625 54//1625 52//1625
f 636//1626 6//1626 54//1626
f 636//1627 634//1627 6//1627
f 634//1628 50//1628 6//1628
f 634//1629 632//1629 50//1629
f 630//1630 48//1630 632//1630
f 632//1631 48//1631 50//1631
f 628//1632 45//1632 630//1632
f 630//1633 45//1633 48//1633
f 626//1634 44//1634 628//1634
f 628//1635 44//1635 45//1635
f 626//1636 40//1636 44//1636
f 624//1637 39//1637 626//1637
f 626//1638 39//1638 40//1638
f 622//1639 36//1639 624//1639
f 624//1640 36//1640 39//1640
f 620//1641 32//1641 622//1641
f 622//1642 32//1642 36//1642
f 620//1643 29//1643 32//1643
f 618//1644 29//1644 620//1644
f 618//1645 28//1645 29//1645
f 618//1646 27//1646 28//1646
f 616//1647 27//1647 618//1647
f 616//1648 3//1648 27//1648
f 613//1649 3//1649 616//1649
f 613//1650 1//1650 3//1650
f 613//1651 1185//1651 1//1651
f 816//1652 1185//1652 613//1652
f 816//1653 1186//1653 1185//1653
f 814//1654 1186//1654 816//1654
f 814//1655 1187//1655 1186//1655
f 812//1656 1187//1656 814//1656
f 812//1657 1188//1657 1187//1657
f 810//1658 1188//1658 812//1658
f 810//1659 1189//1659 1188//1659
f 810//1660 1190//1660 1189//1660
f 808//1661 1190//1661 810//1661
f 808//1662 1191//1662 1190//1662
f 806//1663 1191//1663 808//1663
f 806//1664 1192//1664 1191//1664
f 804//1665 1192//1665 806//1665
f 800//1666 1193//1666 802//1666
f 792//1667 1194//1667 794//1667
f 790//1668 1195//1668 792//1668
f 792//1669 1195//1669 1194//1669
f 788//1670 1196//1670 790//1670
f 790//1671 1196//1671 1195//1671
f 455//1672 323//1672 456//1672
f 455//1673 325//1673 323//1673
f 454//1674 325//1674 455//1674
f 454//1675 326//1675 325//1675
f 453//1676 326//1676 454//1676
f 453//1677 328//1677 326//1677
f 452//1678 328//1678 453//1678
f 452//1679 1197//1679 328//1679
f 451//1680 1197//1680 452//1680
f 451//1681 1198//1681 1197//1681
f 450//1682 1198//1682 451//1682
f 450//1683 1199//1683 1198//1683
f 449//1684 1199//1684 450//1684
f 449//1685 1200//1685 1199//1685
f 448//1686 1200//1686 449//1686
f 448//1687 106//1687 1200//1687
f 447//1688 106//1688 448//1688
f 1177//1689 111//1689 447//1689
f 447//1690 111//1690 106//1690
f 1177//1691 113//1691 111//1691
f 1176//1692 115//1692 1177//1692
f 1177//1693 115//1693 113//1693
f 1175//1694 118//1694 1176//1694
f 1176//1695 118//1695 115//1695
f 1175//1696 135//1696 118//1696
f 1175//1697 1174//1697 135//1697
f 1174//1698 137//1698 135//1698
f 1174//1699 1173//1699 137//1699
f 1173//1700 140//1700 137//1700
f 1173//1701 1172//1701 140//1701
f 1172//1702 130//1702 140//1702
f 802//1703 1201//1703 804//1703
f 1193//1704 1201//1704 802//1704
f 804//1705 1201//1705 1192//1705
f 1202//1706 1201//1706 1193//1706
f 1192//1707 1201//1707 1202//1707
f 798//1708 1203//1708 800//1708
f 800//1709 1203//1709 1193//1709
f 1204//1710 1203//1710 1205//1710
f 1193//1711 1203//1711 1204//1711
f 796//1712 1206//1712 798//1712
f 798//1713 1206//1713 1203//1713
f 1203//1714 1206//1714 1205//1714
f 1205//1715 1206//1715 1207//1715
f 782//1716 1208//1716 784//1716
f 1209//1717 1208//1717 1210//1717
f 1208//1718 1211//1718 1210//1718
f 780//1719 1211//1719 782//1719
f 782//1720 1211//1720 1208//1720
f 1210//1721 1211//1721 1212//1721
f 778//1722 1213//1722 780//1722
f 1211//1723 1213//1723 1212//1723
f 1212//1724 1213//1724 1214//1724
f 780//1725 1213//1725 1211//1725
f 612//1726 1215//1726 778//1726
f 778//1727 1215//1727 1213//1727
f 1213//1728 1215//1728 1214//1728
f 1214//1729 1215//1729 180//1729
f 180//1730 1216//1730 183//1730
f 1215//1731 1216//1731 180//1731
f 610//1732 1216//1732 612//1732
f 612//1733 1216//1733 1215//1733
f 183//1734 1217//1734 185//1734
f 1216//1735 1217//1735 183//1735
f 608//1736 1217//1736 610//1736
f 610//1737 1217//1737 1216//1737
f 191//1738 1218//1738 193//1738
f 598//1739 1218//1739 600//1739
f 193//1740 1219//1740 195//1740
f 1218//1741 1219//1741 193//1741
f 598//1742 1219//1742 1218//1742
f 596//1743 1219//1743 598//1743
f 195//1744 1220//1744 197//1744
f 594//1745 1220//1745 596//1745
f 1219//1746 1220//1746 195//1746
f 596//1747 1220//1747 1219//1747
f 197//1748 1221//1748 199//1748
f 594//1749 1221//1749 1220//1749
f 592//1750 1221//1750 594//1750
f 1220//1751 1221//1751 197//1751
f 207//1752 1222//1752 209//1752
f 580//1753 1222//1753 582//1753
f 209//1754 1223//1754 211//1754
f 1222//1755 1223//1755 209//1755
f 580//1756 1223//1756 1222//1756
f 578//1757 1223//1757 580//1757
f 578//1758 1224//1758 1223//1758
f 211//1759 1224//1759 213//1759
f 1223//1760 1224//1760 211//1760
f 576//1761 1224//1761 578//1761
f 213//1762 1225//1762 215//1762
f 1224//1763 1225//1763 213//1763
f 576//1764 1225//1764 1224//1764
f 574//1765 1225//1765 576//1765
f 217//1766 1226//1766 219//1766
f 569//1767 1226//1767 572//1767
f 219//1768 1227//1768 340//1768
f 776//1769 1227//1769 569//1769
f 1226//1770 1227//1770 219//1770
f 569//1771 1227//1771 1226//1771
f 776//1772 1228//1772 1227//1772
f 340//1773 1228//1773 342//1773
f 774//1774 1228//1774 776//1774
f 1227//1775 1228//1775 340//1775
f 348//1776 1229//1776 350//1776
f 764//1777 1229//1777 766//1777
f 350//1778 1230//1778 352//1778
f 1229//1779 1230//1779 350//1779
f 764//1780 1230//1780 1229//1780
f 762//1781 1230//1781 764//1781
f 352//1782 1231//1782 354//1782
f 760//1783 1231//1783 762//1783
f 1230//1784 1231//1784 352//1784
f 762//1785 1231//1785 1230//1785
f 354//1786 1232//1786 356//1786
f 758//1787 1232//1787 760//1787
f 1231//1788 1232//1788 354//1788
f 760//1789 1232//1789 1231//1789
f 364//1790 1233//1790 366//1790
f 746//1791 1233//1791 748//1791
f 1233//1792 1234//1792 366//1792
f 366//1793 1234//1793 368//1793
f 746//1794 1234//1794 1233//1794
f 744//1795 1234//1795 746//1795
f 1234//1796 1235//1796 368//1796
f 744//1797 1235//1797 1234//1797
f 368//1798 1235//1798 370//1798
f 742//1799 1235//1799 744//1799
f 1235//1800 1236//1800 370//1800
f 370//1801 1236//1801 372//1801
f 742//1802 1236//1802 1235//1802
f 740//1803 1236//1803 742//1803
f 374//1804 1237//1804 220//1804
f 568//1805 1237//1805 738//1805
f 1237//1806 1238//1806 220//1806
f 566//1807 1238//1807 568//1807
f 220//1808 1238//1808 223//1808
f 568//1809 1238//1809 1237//1809
f 564//1810 1239//1810 566//1810
f 223//1811 1239//1811 225//1811
f 566//1812 1239//1812 1238//1812
f 1238//1813 1239//1813 223//1813
f 554//1814 1240//1814 556//1814
f 231//1815 1240//1815 233//1815
f 552//1816 1241//1816 554//1816
f 1240//1817 1241//1817 233//1817
f 233//1818 1241//1818 235//1818
f 554//1819 1241//1819 1240//1819
f 550//1820 1242//1820 552//1820
f 235//1821 1242//1821 237//1821
f 552//1822 1242//1822 1241//1822
f 1241//1823 1242//1823 235//1823
f 548//1824 1243//1824 550//1824
f 237//1825 1243//1825 239//1825
f 550//1826 1243//1826 1242//1826
f 1242//1827 1243//1827 237//1827
f 536//1828 1244//1828 538//1828
f 247//1829 1244//1829 249//1829
f 534//1830 1245//1830 536//1830
f 249//1831 1245//1831 251//1831
f 536//1832 1245//1832 1244//1832
f 1244//1833 1245//1833 249//1833
f 1245//1834 1246//1834 251//1834
f 532//1835 1246//1835 534//1835
f 251//1836 1246//1836 253//1836
f 534//1837 1246//1837 1245//1837
f 1246//1838 1247//1838 253//1838
f 532//1839 1247//1839 1246//1839
f 530//1840 1247//1840 532//1840
f 253//1841 1247//1841 255//1841
f 525//1842 1248//1842 528//1842
f 257//1843 1248//1843 259//1843
f 525//1844 1249//1844 1248//1844
f 736//1845 1249//1845 525//1845
f 1248//1846 1249//1846 259//1846
f 259//1847 1249//1847 376//1847
f 734//1848 1250//1848 736//1848
f 736//1849 1250//1849 1249//1849
f 1249//1850 1250//1850 376//1850
f 376//1851 1250//1851 378//1851
f 724//1852 1251//1852 726//1852
f 384//1853 1251//1853 386//1853
f 722//1854 1252//1854 724//1854
f 724//1855 1252//1855 1251//1855
f 1251//1856 1252//1856 386//1856
f 386//1857 1252//1857 388//1857
f 720//1858 1253//1858 722//1858
f 722//1859 1253//1859 1252//1859
f 1252//1860 1253//1860 388//1860
f 388//1861 1253//1861 390//1861
f 718//1862 1254//1862 720//1862
f 1253//1863 1254//1863 390//1863
f 390//1864 1254//1864 392//1864
f 720//1865 1254//1865 1253//1865
f 706//1866 1255//1866 708//1866
f 400//1867 1255//1867 402//1867
f 704//1868 1256//1868 706//1868
f 706//1869 1256//1869 1255//1869
f 1255//1870 1256//1870 402//1870
f 402//1871 1256//1871 404//1871
f 702//1872 1257//1872 704//1872
f 1256//1873 1257//1873 404//1873
f 404//1874 1257//1874 406//1874
f 704//1875 1257//1875 1256//1875
f 700//1876 1258//1876 702//1876
f 1257//1877 1258//1877 406//1877
f 702//1878 1258//1878 1257//1878
f 406//1879 1258//1879 408//1879
f 524//1880 1259//1880 698//1880
f 410//1881 1259//1881 260//1881
f 1259//1882 1260//1882 260//1882
f 260//1883 1260//1883 263//1883
f 524//1884 1260//1884 1259//1884
f 522//1885 1260//1885 524//1885
f 1260//1886 1261//1886 263//1886
f 522//1887 1261//1887 1260//1887
f 263//1888 1261//1888 265//1888
f 520//1889 1261//1889 522//1889
f 271//1890 1262//1890 273//1890
f 510//1891 1262//1891 512//1891
f 510//1892 1263//1892 1262//1892
f 1262//1893 1263//1893 273//1893
f 273//1894 1263//1894 275//1894
f 508//1895 1263//1895 510//1895
f 508//1896 1264//1896 1263//1896
f 275//1897 1264//1897 277//1897
f 1263//1898 1264//1898 275//1898
f 506//1899 1264//1899 508//1899
f 506//1900 1265//1900 1264//1900
f 1264//1901 1265//1901 277//1901
f 277//1902 1265//1902 279//1902
f 504//1903 1265//1903 506//1903
f 492//1904 1266//1904 494//1904
f 287//1905 1266//1905 289//1905
f 490//1906 1267//1906 492//1906
f 1266//1907 1267//1907 289//1907
f 492//1908 1267//1908 1266//1908
f 289//1909 1267//1909 291//1909
f 488//1910 1268//1910 490//1910
f 1267//1911 1268//1911 291//1911
f 490//1912 1268//1912 1267//1912
f 291//1913 1268//1913 293//1913
f 486//1914 1269//1914 488//1914
f 488//1915 1269//1915 1268//1915
f 1268//1916 1269//1916 293//1916
f 293//1917 1269//1917 295//1917
f 481//1918 1270//1918 484//1918
f 297//1919 1270//1919 299//1919
f 696//1920 1271//1920 481//1920
f 481//1921 1271//1921 1270//1921
f 1270//1922 1271//1922 299//1922
f 299//1923 1271//1923 412//1923
f 694//1924 1272//1924 696//1924
f 1271//1925 1272//1925 412//1925
f 412//1926 1272//1926 414//1926
f 696//1927 1272//1927 1271//1927
f 420//1928 1273//1928 422//1928
f 684//1929 1273//1929 686//1929
f 422//1930 1274//1930 424//1930
f 682//1931 1274//1931 684//1931
f 1273//1932 1274//1932 422//1932
f 684//1933 1274//1933 1273//1933
f 424//1934 1275//1934 426//1934
f 1274//1935 1275//1935 424//1935
f 680//1936 1275//1936 682//1936
f 682//1937 1275//1937 1274//1937
f 426//1938 1276//1938 428//1938
f 1275//1939 1276//1939 426//1939
f 680//1940 1276//1940 1275//1940
f 678//1941 1276//1941 680//1941
f 436//1942 1277//1942 438//1942
f 666//1943 1277//1943 668//1943
f 438//1944 1278//1944 440//1944
f 666//1945 1278//1945 1277//1945
f 1277//1946 1278//1946 438//1946
f 664//1947 1278//1947 666//1947
f 440//1948 1279//1948 442//1948
f 1278//1949 1279//1949 440//1949
f 664//1950 1279//1950 1278//1950
f 662//1951 1279//1951 664//1951
f 442//1952 1280//1952 444//1952
f 1279//1953 1280//1953 442//1953
f 660//1954 1280//1954 662//1954
f 662//1955 1280//1955 1279//1955
f 446//1956 1281//1956 300//1956
f 480//1957 1281//1957 658//1957
f 300//1958 1282//1958 303//1958
f 478//1959 1282//1959 480//1959
f 1281//1960 1282//1960 300//1960
f 480//1961 1282//1961 1281//1961
f 1282//1962 1283//1962 303//1962
f 478//1963 1283//1963 1282//1963
f 303//1964 1283//1964 305//1964
f 476//1965 1283//1965 478//1965
f 311//1966 1284//1966 313//1966
f 466//1967 1284//1967 468//1967
f 313//1968 1285//1968 315//1968
f 466//1969 1285//1969 1284//1969
f 1284//1970 1285//1970 313//1970
f 464//1971 1285//1971 466//1971
f 315//1972 1286//1972 317//1972
f 1285//1973 1286//1973 315//1973
f 464//1974 1286//1974 1285//1974
f 461//1975 1286//1975 464//1975
f 317//1976 1287//1976 319//1976
f 1286//1977 1287//1977 317//1977
f 461//1978 1287//1978 1286//1978
f 459//1979 1287//1979 461//1979
f 794//1980 1288//1980 796//1980
f 796//1981 1288//1981 1206//1981
f 1206//1982 1288//1982 1207//1982
f 1194//1983 1288//1983 794//1983
f 1207//1984 1288//1984 1194//1984
f 784//1985 1289//1985 786//1985
f 1208//1986 1289//1986 784//1986
f 608//1987 1290//1987 1217//1987
f 606//1988 1290//1988 608//1988
f 1218//1989 1291//1989 600//1989
f 600//1990 1291//1990 602//1990
f 592//1991 1292//1991 1221//1991
f 590//1992 1292//1992 592//1992
f 1222//1993 1293//1993 582//1993
f 582//1994 1293//1994 584//1994
f 574//1995 1294//1995 1225//1995
f 572//1996 1294//1996 574//1996
f 572//1997 1295//1997 1294//1997
f 215//1998 1295//1998 217//1998
f 1225//1999 1295//1999 215//1999
f 1294//2000 1295//2000 1225//2000
f 217//2001 1295//2001 1226//2001
f 1226//2002 1295//2002 572//2002
f 774//2003 1296//2003 1228//2003
f 772//2004 1296//2004 774//2004
f 766//2005 1297//2005 768//2005
f 1229//2006 1297//2006 766//2006
f 758//2007 1298//2007 1232//2007
f 756//2008 1298//2008 758//2008
f 1233//2009 1299//2009 748//2009
f 748//2010 1299//2010 750//2010
f 740//2011 1300//2011 1236//2011
f 738//2012 1300//2012 740//2012
f 1300//2013 1301//2013 1236//2013
f 374//2014 1301//2014 1237//2014
f 1237//2015 1301//2015 738//2015
f 372//2016 1301//2016 374//2016
f 1236//2017 1301//2017 372//2017
f 738//2018 1301//2018 1300//2018
f 562//2019 1302//2019 564//2019
f 564//2020 1302//2020 1239//2020
f 556//2021 1303//2021 558//2021
f 1240//2022 1303//2022 556//2022
f 546//2023 1304//2023 548//2023
f 548//2024 1304//2024 1243//2024
f 538//2025 1305//2025 540//2025
f 1244//2026 1305//2026 538//2026
f 528//2027 1306//2027 530//2027
f 530//2028 1306//2028 1247//2028
f 1248//2029 1307//2029 528//2029
f 257//2030 1307//2030 1248//2030
f 255//2031 1307//2031 257//2031
f 1306//2032 1307//2032 1247//2032
f 528//2033 1307//2033 1306//2033
f 1247//2034 1307//2034 255//2034
f 732//2035 1308//2035 734//2035
f 734//2036 1308//2036 1250//2036
f 726//2037 1309//2037 728//2037
f 1251//2038 1309//2038 726//2038
f 716//2039 1310//2039 718//2039
f 718//2040 1310//2040 1254//2040
f 708//2041 1311//2041 710//2041
f 1255//2042 1311//2042 708//2042
f 698//2043 1312//2043 700//2043
f 700//2044 1312//2044 1258//2044
f 410//2045 1313//2045 1259//2045
f 698//2046 1313//2046 1312//2046
f 1312//2047 1313//2047 1258//2047
f 1258//2048 1313//2048 408//2048
f 408//2049 1313//2049 410//2049
f 1259//2050 1313//2050 698//2050
f 520//2051 1314//2051 1261//2051
f 518//2052 1314//2052 520//2052
f 512//2053 1315//2053 514//2053
f 1262//2054 1315//2054 512//2054
f 504//2055 1316//2055 1265//2055
f 502//2056 1316//2056 504//2056
f 494//2057 1317//2057 496//2057
f 1266//2058 1317//2058 494//2058
f 484//2059 1318//2059 486//2059
f 486//2060 1318//2060 1269//2060
f 1269//2061 1319//2061 295//2061
f 1318//2062 1319//2062 1269//2062
f 484//2063 1319//2063 1318//2063
f 1270//2064 1319//2064 484//2064
f 297//2065 1319//2065 1270//2065
f 295//2066 1319//2066 297//2066
f 694//2067 1320//2067 1272//2067
f 692//2068 1320//2068 694//2068
f 686//2069 1321//2069 688//2069
f 1273//2070 1321//2070 686//2070
f 678//2071 1322//2071 1276//2071
f 676//2072 1322//2072 678//2072
f 668//2073 1323//2073 670//2073
f 1277//2074 1323//2074 668//2074
f 660//2075 1324//2075 1280//2075
f 658//2076 1324//2076 660//2076
f 1324//2077 1325//2077 1280//2077
f 444//2078 1325//2078 446//2078
f 1281//2079 1325//2079 658//2079
f 1280//2080 1325//2080 444//2080
f 658//2081 1325//2081 1324//2081
f 446//2082 1325//2082 1281//2082
f 476//2083 1326//2083 1283//2083
f 474//2084 1326//2084 476//2084
f 1284//2085 1327//2085 468//2085
f 468//2086 1327//2086 470//2086
f 457//2087 1328//2087 459//2087
f 459//2088 1328//2088 1287//2088
f 1208//2089 1329//2089 1289//2089
f 1330//2090 1329//2090 1209//2090
f 1209//2091 1329//2091 1208//2091
f 185//2092 1331//2092 187//2092
f 1217//2093 1331//2093 185//2093
f 1290//2094 1331//2094 1217//2094
f 189//2095 1332//2095 191//2095
f 1218//2096 1332//2096 1291//2096
f 191//2097 1332//2097 1218//2097
f 199//2098 1333//2098 201//2098
f 1221//2099 1333//2099 199//2099
f 1292//2100 1333//2100 1221//2100
f 205//2101 1334//2101 207//2101
f 1222//2102 1334//2102 1293//2102
f 207//2103 1334//2103 1222//2103
f 342//2104 1335//2104 344//2104
f 1228//2105 1335//2105 342//2105
f 1296//2106 1335//2106 1228//2106
f 346//2107 1336//2107 348//2107
f 348//2108 1336//2108 1229//2108
f 1229//2109 1336//2109 1297//2109
f 1232//2110 1337//2110 356//2110
f 356//2111 1337//2111 358//2111
f 1298//2112 1337//2112 1232//2112
f 364//2113 1338//2113 1233//2113
f 362//2114 1338//2114 364//2114
f 1233//2115 1338//2115 1299//2115
f 1302//2116 1339//2116 1239//2116
f 225//2117 1339//2117 227//2117
f 1239//2118 1339//2118 225//2118
f 231//2119 1340//2119 1240//2119
f 229//2120 1340//2120 231//2120
f 1240//2121 1340//2121 1303//2121
f 1243//2122 1341//2122 239//2122
f 1304//2123 1341//2123 1243//2123
f 239//2124 1341//2124 241//2124
f 245//2125 1342//2125 247//2125
f 247//2126 1342//2126 1244//2126
f 1244//2127 1342//2127 1305//2127
f 1250//2128 1343//2128 378//2128
f 378//2129 1343//2129 380//2129
f 1308//2130 1343//2130 1250//2130
f 384//2131 1344//2131 1251//2131
f 1251//2132 1344//2132 1309//2132
f 382//2133 1344//2133 384//2133
f 1310//2134 1345//2134 1254//2134
f 1254//2135 1345//2135 392//2135
f 392//2136 1345//2136 394//2136
f 1255//2137 1346//2137 1311//2137
f 400//2138 1346//2138 1255//2138
f 398//2139 1346//2139 400//2139
f 1261//2140 1347//2140 265//2140
f 1314//2141 1347//2141 1261//2141
f 265//2142 1347//2142 267//2142
f 1262//2143 1348//2143 1315//2143
f 269//2144 1348//2144 271//2144
f 271//2145 1348//2145 1262//2145
f 1265//2146 1349//2146 279//2146
f 1316//2147 1349//2147 1265//2147
f 279//2148 1349//2148 281//2148
f 1266//2149 1350//2149 1317//2149
f 287//2150 1350//2150 1266//2150
f 285//2151 1350//2151 287//2151
f 1272//2152 1351//2152 414//2152
f 1320//2153 1351//2153 1272//2153
f 414//2154 1351//2154 416//2154
f 1273//2155 1352//2155 1321//2155
f 420//2156 1352//2156 1273//2156
f 418//2157 1352//2157 420//2157
f 428//2158 1353//2158 430//2158
f 1276//2159 1353//2159 428//2159
f 1322//2160 1353//2160 1276//2160
f 434//2161 1354//2161 436//2161
f 436//2162 1354//2162 1277//2162
f 1277//2163 1354//2163 1323//2163
f 305//2164 1355//2164 307//2164
f 1283//2165 1355//2165 305//2165
f 1326//2166 1355//2166 1283//2166
f 309//2167 1356//2167 311//2167
f 311//2168 1356//2168 1284//2168
f 1284//2169 1356//2169 1327//2169
f 1328//2170 1357//2170 1287//2170
f 319//2171 1357//2171 321//2171
f 1287//2172 1357//2172 319//2172
f 786//2173 1358//2173 788//2173
f 1289//2174 1358//2174 786//2174
f 1329//2175 1358//2175 1289//2175
f 1358//2176 1359//2176 788//2176
f 1329//2177 1359//2177 1358//2177
f 1196//2178 1359//2178 1330//2178
f 1330//2179 1359//2179 1329//2179
f 788//2180 1359//2180 1196//2180
f 1290//2181 1360//2181 1331//2181
f 604//2182 1360//2182 606//2182
f 606//2183 1360//2183 1290//2183
f 1291//2184 1361//2184 602//2184
f 604//2185 1361//2185 1360//2185
f 1332//2186 1361//2186 1291//2186
f 602//2187 1361//2187 604//2187
f 1333//2188 1362//2188 201//2188
f 1292//2189 1362//2189 1333//2189
f 588//2190 1362//2190 590//2190
f 590//2191 1362//2191 1292//2191
f 1293//2192 1363//2192 584//2192
f 584//2193 1363//2193 586//2193
f 1334//2194 1363//2194 1293//2194
f 1296//2195 1364//2195 1335//2195
f 772//2196 1364//2196 1296//2196
f 770//2197 1364//2197 772//2197
f 770//2198 1365//2198 1364//2198
f 768//2199 1365//2199 770//2199
f 1336//2200 1365//2200 1297//2200
f 1297//2201 1365//2201 768//2201
f 756//2202 1366//2202 1298//2202
f 754//2203 1366//2203 756//2203
f 1337//2204 1366//2204 358//2204
f 1298//2205 1366//2205 1337//2205
f 1338//2206 1367//2206 1299//2206
f 750//2207 1367//2207 752//2207
f 1299//2208 1367//2208 750//2208
f 560//2209 1368//2209 562//2209
f 1302//2210 1368//2210 1339//2210
f 562//2211 1368//2211 1302//2211
f 560//2212 1369//2212 1368//2212
f 1340//2213 1369//2213 1303//2213
f 558//2214 1369//2214 560//2214
f 1303//2215 1369//2215 558//2215
f 546//2216 1370//2216 1304//2216
f 544//2217 1370//2217 546//2217
f 1341//2218 1370//2218 241//2218
f 1304//2219 1370//2219 1341//2219
f 540//2220 1371//2220 542//2220
f 1305//2221 1371//2221 540//2221
f 1342//2222 1371//2222 1305//2222
f 1308//2223 1372//2223 1343//2223
f 732//2224 1372//2224 1308//2224
f 730//2225 1372//2225 732//2225
f 728//2226 1373//2226 730//2226
f 730//2227 1373//2227 1372//2227
f 1344//2228 1373//2228 1309//2228
f 1309//2229 1373//2229 728//2229
f 716//2230 1374//2230 1310//2230
f 714//2231 1374//2231 716//2231
f 1310//2232 1374//2232 1345//2232
f 1345//2233 1374//2233 394//2233
f 710//2234 1375//2234 712//2234
f 1311//2235 1375//2235 710//2235
f 1346//2236 1375//2236 1311//2236
f 518//2237 1376//2237 1314//2237
f 516//2238 1376//2238 518//2238
f 1314//2239 1376//2239 1347//2239
f 1348//2240 1377//2240 1315//2240
f 1315//2241 1377//2241 514//2241
f 516//2242 1377//2242 1376//2242
f 514//2243 1377//2243 516//2243
f 500//2244 1378//2244 502//2244
f 1349//2245 1378//2245 281//2245
f 1316//2246 1378//2246 1349//2246
f 502//2247 1378//2247 1316//2247
f 1350//2248 1379//2248 1317//2248
f 496//2249 1379//2249 498//2249
f 1317//2250 1379//2250 496//2250
f 692//2251 1380//2251 1320//2251
f 690//2252 1380//2252 692//2252
f 1320//2253 1380//2253 1351//2253
f 1352//2254 1381//2254 1321//2254
f 688//2255 1381//2255 690//2255
f 1321//2256 1381//2256 688//2256
f 690//2257 1381//2257 1380//2257
f 1322//2258 1382//2258 1353//2258
f 1353//2259 1382//2259 430//2259
f 676//2260 1382//2260 1322//2260
f 674//2261 1382//2261 676//2261
f 1354//2262 1383//2262 1323//2262
f 1323//2263 1383//2263 670//2263
f 670//2264 1383//2264 672//2264
f 1326//2265 1384//2265 1355//2265
f 472//2266 1384//2266 474//2266
f 474//2267 1384//2267 1326//2267
f 472//2268 1385//2268 1384//2268
f 1356//2269 1385//2269 1327//2269
f 470//2270 1385//2270 472//2270
f 1327//2271 1385//2271 470//2271
f 323//2272 1386//2272 456//2272
f 1357//2273 1386//2273 321//2273
f 321//2274 1386//2274 323//2274
f 456//2275 1386//2275 457//2275
f 457//2276 1386//2276 1328//2276
f 1328//2277 1386//2277 1357//2277
f 187//2278 1387//2278 189//2278
f 1360//2279 1387//2279 1331//2279
f 189//2280 1387//2280 1332//2280
f 1332//2281 1387//2281 1361//2281
f 1361//2282 1387//2282 1360//2282
f 1331//2283 1387//2283 187//2283
f 203//2284 1388//2284 205//2284
f 1363//2285 1388//2285 586//2285
f 1334//2286 1388//2286 1363//2286
f 205//2287 1388//2287 1334//2287
f 1365//2288 1389//2288 1364//2288
f 344//2289 1389//2289 346//2289
f 1336//2290 1389//2290 1365//2290
f 1335//2291 1389//2291 344//2291
f 1364//2292 1389//2292 1335//2292
f 346//2293 1389//2293 1336//2293
f 1338//2294 1390//2294 1367//2294
f 362//2295 1390//2295 1338//2295
f 360//2296 1390//2296 362//2296
f 1367//2297 1390//2297 752//2297
f 227//2298 1391//2298 229//2298
f 1368//2299 1391//2299 1339//2299
f 1369//2300 1391//2300 1368//2300
f 1339//2301 1391//2301 227//2301
f 229//2302 1391//2302 1340//2302
f 1340//2303 1391//2303 1369//2303
f 1371//2304 1392//2304 542//2304
f 243//2305 1392//2305 245//2305
f 1342//2306 1392//2306 1371//2306
f 245//2307 1392//2307 1342//2307
f 1372//2308 1393//2308 1343//2308
f 1373//2309 1393//2309 1372//2309
f 1343//2310 1393//2310 380//2310
f 382//2311 1393//2311 1344//2311
f 380//2312 1393//2312 382//2312
f 1344//2313 1393//2313 1373//2313
f 396//2314 1394//2314 398//2314
f 1346//2315 1394//2315 1375//2315
f 1375//2316 1394//2316 712//2316
f 398//2317 1394//2317 1346//2317
f 1347//2318 1395//2318 267//2318
f 269//2319 1395//2319 1348//2319
f 267//2320 1395//2320 269//2320
f 1377//2321 1395//2321 1376//2321
f 1376//2322 1395//2322 1347//2322
f 1348//2323 1395//2323 1377//2323
f 285//2324 1396//2324 1350//2324
f 1350//2325 1396//2325 1379//2325
f 283//2326 1396//2326 285//2326
f 1379//2327 1396//2327 498//2327
f 1380//2328 1397//2328 1351//2328
f 1381//2329 1397//2329 1380//2329
f 1351//2330 1397//2330 416//2330
f 418//2331 1397//2331 1352//2331
f 1352//2332 1397//2332 1381//2332
f 416//2333 1397//2333 418//2333
f 1383//2334 1398//2334 672//2334
f 432//2335 1398//2335 434//2335
f 434//2336 1398//2336 1354//2336
f 1354//2337 1398//2337 1383//2337
f 309//2338 1399//2338 1356//2338
f 1384//2339 1399//2339 1355//2339
f 307//2340 1399//2340 309//2340
f 1356//2341 1399//2341 1385//2341
f 1385//2342 1399//2342 1384//2342
f 1355//2343 1399//2343 307//2343
f 201//2344 1400//2344 203//2344
f 1388//2345 1400//2345 586//2345
f 203//2346 1400//2346 1388//2346
f 588//2347 1400//2347 1362//2347
f 586//2348 1400//2348 588//2348
f 1362//2349 1400//2349 201//2349
f 360//2350 1401//2350 1390//2350
f 1390//2351 1401//2351 752//2351
f 358//2352 1401//2352 360//2352
f 754//2353 1401//2353 1366//2353
f 1366//2354 1401//2354 358//2354
f 752//2355 1401//2355 754//2355
f 1392//2356 1402//2356 542//2356
f 544//2357 1402//2357 1370//2357
f 243//2358 1402//2358 1392//2358
f 542//2359 1402//2359 544//2359
f 241//2360 1402//2360 243//2360
f 1370//2361 1402//2361 241//2361
f 712//2362 1403//2362 714//2362
f 394//2363 1403//2363 396//2363
f 1374//2364 1403//2364 394//2364
f 1394//2365 1403//2365 712//2365
f 714//2366 1403//2366 1374//2366
f 396//2367 1403//2367 1394//2367
f 498//2368 1404//2368 500//2368
f 283//2369 1404//2369 1396//2369
f 500//2370 1404//2370 1378//2370
f 1378//2371 1404//2371 281//2371
f 281//2372 1404//2372 283//2372
f 1396//2373 1404//2373 498//2373
f 430//2374 1405//2374 432//2374
f 1382//2375 1405//2375 430//2375
f 1398//2376 1405//2376 672//2376
f 432//2377 1405//2377 1398//2377
f 672//2378 1405//2378 674//2378
f 674//2379 1405//2379 1382//2379
f 1330//2380 1209//2380 1406//2380
f 1209//2381 1407//2381 1406//2381
f 1209//2382 1210//2382 1407//2382
f 1210//2383 1408//2383 1407//2383
f 1408//2384 1212//2384 1409//2384
f 1210//2385 1212//2385 1408//2385
f 1409//2386 1214//2386 1410//2386
f 1410//2387 1214//2387 182//2387
f 1212//2388 1214//2388 1409//2388
f 1214//2389 180//2389 182//2389
f 82//2390 458//2390 83//2390
f 1411//2391 837//2391 839//2391
f 1411//2392 1412//2392 837//2392
f 1412//2393 836//2393 837//2393
f 1412//2394 1413//2394 836//2394
f 1413//2395 834//2395 836//2395
f 1413//2396 1414//2396 834//2396
f 1414//2397 832//2397 834//2397
f 1415//2398 830//2398 1414//2398
f 1416//2399 830//2399 1415//2399
f 1414//2400 830//2400 832//2400
f 1416//2401 828//2401 830//2401
f 1417//2402 828//2402 1416//2402
f 1417//2403 826//2403 828//2403
f 1418//2404 826//2404 1417//2404
f 1418//2405 824//2405 826//2405
f 1419//2406 824//2406 1418//2406
f 1419//2407 822//2407 824//2407
f 1420//2408 822//2408 1419//2408
f 1420//2409 820//2409 822//2409
f 1421//2410 820//2410 1420//2410
f 1421//2411 817//2411 820//2411
f 1422//2412 817//2412 1421//2412
f 114//2413 693//2413 112//2413
f 119//2414 693//2414 114//2414
f 112//2415 693//2415 695//2415
f 119//2416 691//2416 693//2416
f 133//2417 691//2417 119//2417
f 133//2418 689//2418 691//2418
f 138//2419 689//2419 133//2419
f 138//2420 687//2420 689//2420
f 141//2421 687//2421 138//2421
f 141//2422 685//2422 687//2422
f 142//2423 685//2423 141//2423
f 142//2424 683//2424 685//2424
f 149//2425 679//2425 146//2425
f 146//2426 679//2426 681//2426
f 157//2427 675//2427 156//2427
f 160//2428 673//2428 157//2428
f 157//2429 673//2429 675//2429
f 161//2430 671//2430 160//2430
f 160//2431 671//2431 673//2431
f 165//2432 669//2432 161//2432
f 161//2433 669//2433 671//2433
f 168//2434 667//2434 165//2434
f 165//2435 667//2435 669//2435
f 169//2436 665//2436 168//2436
f 168//2437 665//2437 667//2437
f 173//2438 663//2438 169//2438
f 169//2439 663//2439 665//2439
f 176//2440 661//2440 173//2440
f 177//2441 661//2441 176//2441
f 173//2442 661//2442 663//2442
f 179//2443 659//2443 177//2443
f 177//2444 659//2444 661//2444
f 131//2445 657//2445 179//2445
f 179//2446 657//2446 659//2446
f 60//2447 479//2447 131//2447
f 131//2448 479//2448 657//2448
f 60//2449 477//2449 479//2449
f 61//2450 477//2450 60//2450
f 63//2451 475//2451 61//2451
f 61//2452 475//2452 477//2452
f 65//2453 473//2453 63//2453
f 63//2454 473//2454 475//2454
f 67//2455 471//2455 65//2455
f 65//2456 471//2456 473//2456
f 69//2457 469//2457 67//2457
f 67//2458 469//2458 471//2458
f 69//2459 70//2459 469//2459
f 70//2460 467//2460 469//2460
f 72//2461 467//2461 70//2461
f 72//2462 465//2462 467//2462
f 74//2463 465//2463 72//2463
f 75//2464 465//2464 74//2464
f 75//2465 463//2465 465//2465
f 77//2466 463//2466 75//2466
f 78//2467 463//2467 77//2467
f 78//2468 462//2468 463//2468
f 80//2469 462//2469 78//2469
f 80//2470 460//2470 462//2470
f 80//2471 83//2471 460//2471
f 83//2472 458//2472 460//2472
f 655//2473 1423//2473 653//2473
f 181//2474 1423//2474 182//2474
f 1422//2475 1423//2475 817//2475
f 182//2476 1423//2476 1410//2476
f 1410//2477 1423//2477 1422//2477
f 817//2478 1423//2478 655//2478
f 653//2479 1424//2479 651//2479
f 184//2480 1424//2480 181//2480
f 1423//2481 1424//2481 653//2481
f 181//2482 1424//2482 1423//2482
f 643//2483 1425//2483 641//2483
f 192//2484 1425//2484 190//2484
f 192//2485 1426//2485 1425//2485
f 641//2486 1426//2486 639//2486
f 194//2487 1426//2487 192//2487
f 1425//2488 1426//2488 641//2488
f 639//2489 1427//2489 637//2489
f 1426//2490 1427//2490 639//2490
f 194//2491 1427//2491 1426//2491
f 196//2492 1427//2492 194//2492
f 637//2493 1428//2493 635//2493
f 198//2494 1428//2494 196//2494
f 1427//2495 1428//2495 637//2495
f 196//2496 1428//2496 1427//2496
f 625//2497 1429//2497 623//2497
f 208//2498 1429//2498 206//2498
f 623//2499 1430//2499 621//2499
f 210//2500 1430//2500 208//2500
f 1429//2501 1430//2501 623//2501
f 208//2502 1430//2502 1429//2502
f 1430//2503 1431//2503 621//2503
f 210//2504 1431//2504 1430//2504
f 621//2505 1431//2505 619//2505
f 212//2506 1431//2506 210//2506
f 619//2507 1432//2507 617//2507
f 212//2508 1432//2508 1431//2508
f 214//2509 1432//2509 212//2509
f 1431//2510 1432//2510 619//2510
f 614//2511 1433//2511 615//2511
f 218//2512 1433//2512 216//2512
f 339//2513 1434//2513 218//2513
f 615//2514 1434//2514 815//2514
f 218//2515 1434//2515 1433//2515
f 1433//2516 1434//2516 615//2516
f 339//2517 1435//2517 1434//2517
f 341//2518 1435//2518 339//2518
f 1434//2519 1435//2519 815//2519
f 815//2520 1435//2520 813//2520
f 349//2521 1436//2521 347//2521
f 805//2522 1436//2522 803//2522
f 351//2523 1437//2523 349//2523
f 803//2524 1437//2524 801//2524
f 349//2525 1437//2525 1436//2525
f 1436//2526 1437//2526 803//2526
f 353//2527 1438//2527 351//2527
f 801//2528 1438//2528 799//2528
f 351//2529 1438//2529 1437//2529
f 1437//2530 1438//2530 801//2530
f 353//2531 1439//2531 1438//2531
f 1438//2532 1439//2532 799//2532
f 355//2533 1439//2533 353//2533
f 799//2534 1439//2534 797//2534
f 365//2535 1440//2535 363//2535
f 787//2536 1440//2536 785//2536
f 367//2537 1441//2537 365//2537
f 785//2538 1441//2538 783//2538
f 365//2539 1441//2539 1440//2539
f 1440//2540 1441//2540 785//2540
f 369//2541 1442//2541 367//2541
f 783//2542 1442//2542 781//2542
f 367//2543 1442//2543 1441//2543
f 1441//2544 1442//2544 783//2544
f 369//2545 1443//2545 1442//2545
f 1442//2546 1443//2546 781//2546
f 371//2547 1443//2547 369//2547
f 781//2548 1443//2548 779//2548
f 222//2549 1444//2549 373//2549
f 777//2550 1444//2550 611//2550
f 611//2551 1445//2551 609//2551
f 222//2552 1445//2552 1444//2552
f 1444//2553 1445//2553 611//2553
f 221//2554 1445//2554 222//2554
f 609//2555 1446//2555 607//2555
f 221//2556 1446//2556 1445//2556
f 1445//2557 1446//2557 609//2557
f 224//2558 1446//2558 221//2558
f 599//2559 1447//2559 597//2559
f 232//2560 1447//2560 230//2560
f 597//2561 1448//2561 595//2561
f 1447//2562 1448//2562 597//2562
f 232//2563 1448//2563 1447//2563
f 234//2564 1448//2564 232//2564
f 236//2565 1449//2565 234//2565
f 595//2566 1449//2566 593//2566
f 234//2567 1449//2567 1448//2567
f 1448//2568 1449//2568 595//2568
f 238//2569 1450//2569 236//2569
f 1449//2570 1450//2570 593//2570
f 593//2571 1450//2571 591//2571
f 236//2572 1450//2572 1449//2572
f 248//2573 1451//2573 246//2573
f 581//2574 1451//2574 579//2574
f 250//2575 1452//2575 248//2575
f 1451//2576 1452//2576 579//2576
f 579//2577 1452//2577 577//2577
f 248//2578 1452//2578 1451//2578
f 252//2579 1453//2579 250//2579
f 250//2580 1453//2580 1452//2580
f 577//2581 1453//2581 575//2581
f 1452//2582 1453//2582 577//2582
f 252//2583 1454//2583 1453//2583
f 254//2584 1454//2584 252//2584
f 1453//2585 1454//2585 575//2585
f 575//2586 1454//2586 573//2586
f 258//2587 1455//2587 256//2587
f 570//2588 1455//2588 571//2588
f 258//2589 1456//2589 1455//2589
f 571//2590 1456//2590 775//2590
f 1455//2591 1456//2591 571//2591
f 375//2592 1456//2592 258//2592
f 1456//2593 1457//2593 775//2593
f 375//2594 1457//2594 1456//2594
f 775//2595 1457//2595 773//2595
f 377//2596 1457//2596 375//2596
f 765//2597 1458//2597 763//2597
f 385//2598 1458//2598 383//2598
f 1458//2599 1459//2599 763//2599
f 385//2600 1459//2600 1458//2600
f 763//2601 1459//2601 761//2601
f 387//2602 1459//2602 385//2602
f 1459//2603 1460//2603 761//2603
f 387//2604 1460//2604 1459//2604
f 761//2605 1460//2605 759//2605
f 389//2606 1460//2606 387//2606
f 389//2607 1461//2607 1460//2607
f 1460//2608 1461//2608 759//2608
f 759//2609 1461//2609 757//2609
f 391//2610 1461//2610 389//2610
f 747//2611 1462//2611 745//2611
f 401//2612 1462//2612 399//2612
f 1462//2613 1463//2613 745//2613
f 401//2614 1463//2614 1462//2614
f 745//2615 1463//2615 743//2615
f 403//2616 1463//2616 401//2616
f 743//2617 1464//2617 741//2617
f 405//2618 1464//2618 403//2618
f 1463//2619 1464//2619 743//2619
f 403//2620 1464//2620 1463//2620
f 405//2621 1465//2621 1464//2621
f 1464//2622 1465//2622 741//2622
f 741//2623 1465//2623 739//2623
f 407//2624 1465//2624 405//2624
f 737//2625 1466//2625 567//2625
f 262//2626 1466//2626 409//2626
f 1466//2627 1467//2627 567//2627
f 261//2628 1467//2628 262//2628
f 567//2629 1467//2629 565//2629
f 262//2630 1467//2630 1466//2630
f 261//2631 1468//2631 1467//2631
f 1467//2632 1468//2632 565//2632
f 264//2633 1468//2633 261//2633
f 565//2634 1468//2634 563//2634
f 272//2635 1469//2635 270//2635
f 555//2636 1469//2636 553//2636
f 272//2637 1470//2637 1469//2637
f 1469//2638 1470//2638 553//2638
f 274//2639 1470//2639 272//2639
f 553//2640 1470//2640 551//2640
f 274//2641 1471//2641 1470//2641
f 1470//2642 1471//2642 551//2642
f 276//2643 1471//2643 274//2643
f 551//2644 1471//2644 549//2644
f 276//2645 1472//2645 1471//2645
f 1471//2646 1472//2646 549//2646
f 278//2647 1472//2647 276//2647
f 549//2648 1472//2648 547//2648
f 288//2649 1473//2649 286//2649
f 537//2650 1473//2650 535//2650
f 535//2651 1474//2651 533//2651
f 1473//2652 1474//2652 535//2652
f 288//2653 1474//2653 1473//2653
f 290//2654 1474//2654 288//2654
f 533//2655 1475//2655 531//2655
f 1474//2656 1475//2656 533//2656
f 290//2657 1475//2657 1474//2657
f 292//2658 1475//2658 290//2658
f 531//2659 1476//2659 529//2659
f 1475//2660 1476//2660 531//2660
f 292//2661 1476//2661 1475//2661
f 294//2662 1476//2662 292//2662
f 526//2663 1477//2663 527//2663
f 298//2664 1477//2664 296//2664
f 527//2665 1478//2665 735//2665
f 411//2666 1478//2666 298//2666
f 1477//2667 1478//2667 527//2667
f 298//2668 1478//2668 1477//2668
f 735//2669 1479//2669 733//2669
f 1478//2670 1479//2670 735//2670
f 411//2671 1479//2671 1478//2671
f 413//2672 1479//2672 411//2672
f 725//2673 1480//2673 723//2673
f 421//2674 1480//2674 419//2674
f 723//2675 1481//2675 721//2675
f 1480//2676 1481//2676 723//2676
f 421//2677 1481//2677 1480//2677
f 423//2678 1481//2678 421//2678
f 721//2679 1482//2679 719//2679
f 1481//2680 1482//2680 721//2680
f 425//2681 1482//2681 423//2681
f 423//2682 1482//2682 1481//2682
f 719//2683 1483//2683 717//2683
f 425//2684 1483//2684 1482//2684
f 427//2685 1483//2685 425//2685
f 1482//2686 1483//2686 719//2686
f 707//2687 1484//2687 705//2687
f 437//2688 1484//2688 435//2688
f 705//2689 1485//2689 703//2689
f 439//2690 1485//2690 437//2690
f 437//2691 1485//2691 1484//2691
f 1484//2692 1485//2692 705//2692
f 703//2693 1486//2693 701//2693
f 1485//2694 1486//2694 703//2694
f 441//2695 1486//2695 439//2695
f 439//2696 1486//2696 1485//2696
f 701//2697 1487//2697 699//2697
f 443//2698 1487//2698 441//2698
f 441//2699 1487//2699 1486//2699
f 1486//2700 1487//2700 701//2700
f 697//2701 1488//2701 523//2701
f 302//2702 1488//2702 445//2702
f 301//2703 1489//2703 302//2703
f 523//2704 1489//2704 521//2704
f 1488//2705 1489//2705 523//2705
f 302//2706 1489//2706 1488//2706
f 301//2707 1490//2707 1489//2707
f 304//2708 1490//2708 301//2708
f 521//2709 1490//2709 519//2709
f 1489//2710 1490//2710 521//2710
f 312//2711 1491//2711 310//2711
f 511//2712 1491//2712 509//2712
f 312//2713 1492//2713 1491//2713
f 314//2714 1492//2714 312//2714
f 509//2715 1492//2715 507//2715
f 1491//2716 1492//2716 509//2716
f 316//2717 1493//2717 314//2717
f 507//2718 1493//2718 505//2718
f 314//2719 1493//2719 1492//2719
f 1492//2720 1493//2720 507//2720
f 318//2721 1494//2721 316//2721
f 505//2722 1494//2722 503//2722
f 316//2723 1494//2723 1493//2723
f 1493//2724 1494//2724 505//2724
f 329//2725 1495//2725 327//2725
f 493//2726 1495//2726 491//2726
f 329//2727 1496//2727 1495//2727
f 331//2728 1496//2728 329//2728
f 491//2729 1496//2729 489//2729
f 1495//2730 1496//2730 491//2730
f 331//2731 1497//2731 1496//2731
f 1496//2732 1497//2732 489//2732
f 333//2733 1497//2733 331//2733
f 489//2734 1497//2734 487//2734
f 335//2735 1498//2735 333//2735
f 487//2736 1498//2736 485//2736
f 333//2737 1498//2737 1497//2737
f 1497//2738 1498//2738 487//2738
f 109//2739 1499//2739 338//2739
f 338//2740 1499//2740 337//2740
f 482//2741 1499//2741 483//2741
f 110//2742 1499//2742 109//2742
f 145//2743 1500//2743 142//2743
f 146//2744 1500//2744 145//2744
f 142//2745 1500//2745 683//2745
f 681//2746 1500//2746 146//2746
f 683//2747 1500//2747 681//2747
f 153//2748 1501//2748 149//2748
f 149//2749 1501//2749 679//2749
f 679//2750 1501//2750 677//2750
f 1501//2751 1502//2751 677//2751
f 156//2752 1502//2752 153//2752
f 675//2753 1502//2753 156//2753
f 677//2754 1502//2754 675//2754
f 153//2755 1502//2755 1501//2755
f 651//2756 1503//2756 649//2756
f 1424//2757 1503//2757 651//2757
f 645//2758 1504//2758 643//2758
f 643//2759 1504//2759 1425//2759
f 635//2760 1505//2760 633//2760
f 1428//2761 1505//2761 635//2761
f 627//2762 1506//2762 625//2762
f 625//2763 1506//2763 1429//2763
f 216//2764 1507//2764 214//2764
f 214//2765 1507//2765 1432//2765
f 614//2766 1507//2766 1433//2766
f 1433//2767 1507//2767 216//2767
f 617//2768 1508//2768 614//2768
f 614//2769 1508//2769 1507//2769
f 1432//2770 1508//2770 617//2770
f 1507//2771 1508//2771 1432//2771
f 813//2772 1509//2772 811//2772
f 1435//2773 1509//2773 813//2773
f 807//2774 1510//2774 805//2774
f 805//2775 1510//2775 1436//2775
f 797//2776 1511//2776 795//2776
f 1439//2777 1511//2777 797//2777
f 789//2778 1512//2778 787//2778
f 787//2779 1512//2779 1440//2779
f 373//2780 1513//2780 371//2780
f 371//2781 1513//2781 1443//2781
f 1444//2782 1513//2782 373//2782
f 777//2783 1513//2783 1444//2783
f 777//2784 1514//2784 1513//2784
f 1513//2785 1514//2785 1443//2785
f 779//2786 1514//2786 777//2786
f 1443//2787 1514//2787 779//2787
f 1446//2788 1515//2788 607//2788
f 607//2789 1515//2789 605//2789
f 601//2790 1516//2790 599//2790
f 599//2791 1516//2791 1447//2791
f 591//2792 1517//2792 589//2792
f 1450//2793 1517//2793 591//2793
f 581//2794 1518//2794 1451//2794
f 583//2795 1518//2795 581//2795
f 256//2796 1519//2796 254//2796
f 254//2797 1519//2797 1454//2797
f 1455//2798 1519//2798 256//2798
f 570//2799 1519//2799 1455//2799
f 1454//2800 1520//2800 573//2800
f 570//2801 1520//2801 1519//2801
f 573//2802 1520//2802 570//2802
f 1519//2803 1520//2803 1454//2803
f 1457//2804 1521//2804 773//2804
f 773//2805 1521//2805 771//2805
f 765//2806 1522//2806 1458//2806
f 767//2807 1522//2807 765//2807
f 757//2808 1523//2808 755//2808
f 1461//2809 1523//2809 757//2809
f 747//2810 1524//2810 1462//2810
f 749//2811 1524//2811 747//2811
f 1466//2812 1525//2812 409//2812
f 407//2813 1525//2813 1465//2813
f 737//2814 1525//2814 1466//2814
f 409//2815 1525//2815 407//2815
f 737//2816 1526//2816 1525//2816
f 739//2817 1526//2817 737//2817
f 1465//2818 1526//2818 739//2818
f 1525//2819 1526//2819 1465//2819
f 1468//2820 1527//2820 563//2820
f 563//2821 1527//2821 561//2821
f 555//2822 1528//2822 1469//2822
f 557//2823 1528//2823 555//2823
f 1472//2824 1529//2824 547//2824
f 547//2825 1529//2825 545//2825
f 537//2826 1530//2826 1473//2826
f 539//2827 1530//2827 537//2827
f 526//2828 1531//2828 1477//2828
f 296//2829 1531//2829 294//2829
f 1477//2830 1531//2830 296//2830
f 294//2831 1531//2831 1476//2831
f 529//2832 1532//2832 526//2832
f 526//2833 1532//2833 1531//2833
f 1531//2834 1532//2834 1476//2834
f 1476//2835 1532//2835 529//2835
f 733//2836 1533//2836 731//2836
f 1479//2837 1533//2837 733//2837
f 725//2838 1534//2838 1480//2838
f 727//2839 1534//2839 725//2839
f 717//2840 1535//2840 715//2840
f 1483//2841 1535//2841 717//2841
f 709//2842 1536//2842 707//2842
f 707//2843 1536//2843 1484//2843
f 697//2844 1537//2844 1488//2844
f 1488//2845 1537//2845 445//2845
f 445//2846 1537//2846 443//2846
f 443//2847 1537//2847 1487//2847
f 1487//2848 1538//2848 699//2848
f 699//2849 1538//2849 697//2849
f 1537//2850 1538//2850 1487//2850
f 697//2851 1538//2851 1537//2851
f 519//2852 1539//2852 517//2852
f 1490//2853 1539//2853 519//2853
f 513//2854 1540//2854 511//2854
f 511//2855 1540//2855 1491//2855
f 503//2856 1541//2856 501//2856
f 1494//2857 1541//2857 503//2857
f 493//2858 1542//2858 1495//2858
f 495//2859 1542//2859 493//2859
f 1499//2860 1543//2860 337//2860
f 337//2861 1543//2861 335//2861
f 482//2862 1543//2862 1499//2862
f 335//2863 1543//2863 1498//2863
f 1543//2864 1544//2864 1498//2864
f 485//2865 1544//2865 482//2865
f 1498//2866 1544//2866 485//2866
f 482//2867 1544//2867 1543//2867
f 483//2868 1545//2868 695//2868
f 110//2869 1545//2869 1499//2869
f 1499//2870 1545//2870 483//2870
f 112//2871 1545//2871 110//2871
f 695//2872 1545//2872 112//2872
f 1424//2873 1546//2873 1503//2873
f 186//2874 1546//2874 184//2874
f 184//2875 1546//2875 1424//2875
f 1425//2876 1547//2876 190//2876
f 1504//2877 1547//2877 1425//2877
f 190//2878 1547//2878 188//2878
f 200//2879 1548//2879 198//2879
f 1428//2880 1548//2880 1505//2880
f 198//2881 1548//2881 1428//2881
f 1429//2882 1549//2882 206//2882
f 1506//2883 1549//2883 1429//2883
f 206//2884 1549//2884 204//2884
f 343//2885 1550//2885 341//2885
f 1435//2886 1550//2886 1509//2886
f 341//2887 1550//2887 1435//2887
f 347//2888 1551//2888 345//2888
f 1436//2889 1551//2889 347//2889
f 1510//2890 1551//2890 1436//2890
f 1439//2891 1552//2891 1511//2891
f 357//2892 1552//2892 355//2892
f 355//2893 1552//2893 1439//2893
f 1512//2894 1553//2894 1440//2894
f 363//2895 1553//2895 361//2895
f 1440//2896 1553//2896 363//2896
f 224//2897 1554//2897 1446//2897
f 1446//2898 1554//2898 1515//2898
f 226//2899 1554//2899 224//2899
f 1447//2900 1555//2900 230//2900
f 1516//2901 1555//2901 1447//2901
f 230//2902 1555//2902 228//2902
f 240//2903 1556//2903 238//2903
f 238//2904 1556//2904 1450//2904
f 1450//2905 1556//2905 1517//2905
f 246//2906 1557//2906 244//2906
f 1518//2907 1557//2907 1451//2907
f 1451//2908 1557//2908 246//2908
f 377//2909 1558//2909 1457//2909
f 1457//2910 1558//2910 1521//2910
f 379//2911 1558//2911 377//2911
f 1522//2912 1559//2912 1458//2912
f 1458//2913 1559//2913 383//2913
f 383//2914 1559//2914 381//2914
f 1461//2915 1560//2915 1523//2915
f 391//2916 1560//2916 1461//2916
f 393//2917 1560//2917 391//2917
f 1462//2918 1561//2918 399//2918
f 1524//2919 1561//2919 1462//2919
f 399//2920 1561//2920 397//2920
f 266//2921 1562//2921 264//2921
f 1468//2922 1562//2922 1527//2922
f 264//2923 1562//2923 1468//2923
f 1469//2924 1563//2924 270//2924
f 1528//2925 1563//2925 1469//2925
f 270//2926 1563//2926 268//2926
f 1472//2927 1564//2927 1529//2927
f 278//2928 1564//2928 1472//2928
f 280//2929 1564//2929 278//2929
f 286//2930 1565//2930 284//2930
f 1473//2931 1565//2931 286//2931
f 1530//2932 1565//2932 1473//2932
f 413//2933 1566//2933 1479//2933
f 415//2934 1566//2934 413//2934
f 1479//2935 1566//2935 1533//2935
f 1480//2936 1567//2936 419//2936
f 1534//2937 1567//2937 1480//2937
f 419//2938 1567//2938 417//2938
f 429//2939 1568//2939 427//2939
f 427//2940 1568//2940 1483//2940
f 1483//2941 1568//2941 1535//2941
f 1536//2942 1569//2942 1484//2942
f 1484//2943 1569//2943 435//2943
f 435//2944 1569//2944 433//2944
f 306//2945 1570//2945 304//2945
f 304//2946 1570//2946 1490//2946
f 1490//2947 1570//2947 1539//2947
f 1540//2948 1571//2948 1491//2948
f 310//2949 1571//2949 308//2949
f 1491//2950 1571//2950 310//2950
f 1494//2951 1572//2951 1541//2951
f 320//2952 1572//2952 318//2952
f 318//2953 1572//2953 1494//2953
f 327//2954 1573//2954 324//2954
f 1542//2955 1573//2955 1495//2955
f 1495//2956 1573//2956 327//2956
f 649//2957 1574//2957 647//2957
f 1503//2958 1574//2958 649//2958
f 1546//2959 1574//2959 1503//2959
f 647//2960 1575//2960 645//2960
f 1574//2961 1575//2961 647//2961
f 645//2962 1575//2962 1504//2962
f 1504//2963 1575//2963 1547//2963
f 200//2964 1576//2964 1548//2964
f 633//2965 1576//2965 631//2965
f 1505//2966 1576//2966 633//2966
f 1548//2967 1576//2967 1505//2967
f 629//2968 1577//2968 627//2968
f 1506//2969 1577//2969 1549//2969
f 627//2970 1577//2970 1506//2970
f 1550//2971 1578//2971 1509//2971
f 811//2972 1578//2972 809//2972
f 1509//2973 1578//2973 811//2973
f 1578//2974 1579//2974 809//2974
f 809//2975 1579//2975 807//2975
f 1510//2976 1579//2976 1551//2976
f 807//2977 1579//2977 1510//2977
f 1511//2978 1580//2978 795//2978
f 357//2979 1580//2979 1552//2979
f 795//2980 1580//2980 793//2980
f 1552//2981 1580//2981 1511//2981
f 1512//2982 1581//2982 1553//2982
f 791//2983 1581//2983 789//2983
f 789//2984 1581//2984 1512//2984
f 1554//2985 1582//2985 1515//2985
f 1515//2986 1582//2986 605//2986
f 605//2987 1582//2987 603//2987
f 1582//2988 1583//2988 603//2988
f 601//2989 1583//2989 1516//2989
f 1516//2990 1583//2990 1555//2990
f 603//2991 1583//2991 601//2991
f 1517//2992 1584//2992 589//2992
f 1556//2993 1584//2993 1517//2993
f 589//2994 1584//2994 587//2994
f 240//2995 1584//2995 1556//2995
f 1518//2996 1585//2996 1557//2996
f 585//2997 1585//2997 583//2997
f 583//2998 1585//2998 1518//2998
f 1521//2999 1586//2999 771//2999
f 771//3000 1586//3000 769//3000
f 1558//3001 1586//3001 1521//3001
f 1522//3002 1587//3002 1559//3002
f 767//3003 1587//3003 1522//3003
f 1586//3004 1587//3004 769//3004
f 769//3005 1587//3005 767//3005
f 1523//3006 1588//3006 755//3006
f 1560//3007 1588//3007 1523//3007
f 393//3008 1588//3008 1560//3008
f 755//3009 1588//3009 753//3009
f 1524//3010 1589//3010 1561//3010
f 749//3011 1589//3011 1524//3011
f 751//3012 1589//3012 749//3012
f 1562//3013 1590//3013 1527//3013
f 1527//3014 1590//3014 561//3014
f 561//3015 1590//3015 559//3015
f 1590//3016 1591//3016 559//3016
f 1528//3017 1591//3017 1563//3017
f 557//3018 1591//3018 1528//3018
f 559//3019 1591//3019 557//3019
f 280//3020 1592//3020 1564//3020
f 1564//3021 1592//3021 1529//3021
f 1529//3022 1592//3022 545//3022
f 545//3023 1592//3023 543//3023
f 1530//3024 1593//3024 1565//3024
f 539//3025 1593//3025 1530//3025
f 541//3026 1593//3026 539//3026
f 1533//3027 1594//3027 731//3027
f 731//3028 1594//3028 729//3028
f 1566//3029 1594//3029 1533//3029
f 727//3030 1595//3030 1534//3030
f 729//3031 1595//3031 727//3031
f 1594//3032 1595//3032 729//3032
f 1534//3033 1595//3033 1567//3033
f 715//3034 1596//3034 713//3034
f 1535//3035 1596//3035 715//3035
f 429//3036 1596//3036 1568//3036
f 1568//3037 1596//3037 1535//3037
f 1536//3038 1597//3038 1569//3038
f 711//3039 1597//3039 709//3039
f 709//3040 1597//3040 1536//3040
f 517//3041 1598//3041 515//3041
f 1539//3042 1598//3042 517//3042
f 1570//3043 1598//3043 1539//3043
f 513//3044 1599//3044 1540//3044
f 515//3045 1599//3045 513//3045
f 1598//3046 1599//3046 515//3046
f 1540//3047 1599//3047 1571//3047
f 501//3048 1600//3048 499//3048
f 320//3049 1600//3049 1572//3049
f 1541//3050 1600//3050 501//3050
f 1572//3051 1600//3051 1541//3051
f 497//3052 1601//3052 495//3052
f 495//3053 1601//3053 1542//3053
f 1542//3054 1601//3054 1573//3054
f 1575//3055 1602//3055 1547//3055
f 186//3056 1602//3056 1546//3056
f 188//3057 1602//3057 186//3057
f 1546//3058 1602//3058 1574//3058
f 1547//3059 1602//3059 188//3059
f 1574//3060 1602//3060 1575//3060
f 1577//3061 1603//3061 1549//3061
f 204//3062 1603//3062 202//3062
f 629//3063 1603//3063 1577//3063
f 1549//3064 1603//3064 204//3064
f 1579//3065 1604//3065 1551//3065
f 345//3066 1604//3066 343//3066
f 1550//3067 1604//3067 1578//3067
f 1578//3068 1604//3068 1579//3068
f 343//3069 1604//3069 1550//3069
f 1551//3070 1604//3070 345//3070
f 791//3071 1605//3071 1581//3071
f 361//3072 1605//3072 359//3072
f 1553//3073 1605//3073 361//3073
f 1581//3074 1605//3074 1553//3074
f 1582//3075 1606//3075 1583//3075
f 226//3076 1606//3076 1554//3076
f 1583//3077 1606//3077 1555//3077
f 1554//3078 1606//3078 1582//3078
f 1555//3079 1606//3079 228//3079
f 228//3080 1606//3080 226//3080
f 244//3081 1607//3081 242//3081
f 1585//3082 1607//3082 1557//3082
f 585//3083 1607//3083 1585//3083
f 1557//3084 1607//3084 244//3084
f 1587//3085 1608//3085 1559//3085
f 379//3086 1608//3086 1558//3086
f 1559//3087 1608//3087 381//3087
f 381//3088 1608//3088 379//3088
f 1558//3089 1608//3089 1586//3089
f 1586//3090 1608//3090 1587//3090
f 1589//3091 1609//3091 1561//3091
f 1561//3092 1609//3092 397//3092
f 751//3093 1609//3093 1589//3093
f 397//3094 1609//3094 395//3094
f 1590//3095 1610//3095 1591//3095
f 1591//3096 1610//3096 1563//3096
f 268//3097 1610//3097 266//3097
f 1562//3098 1610//3098 1590//3098
f 1563//3099 1610//3099 268//3099
f 266//3100 1610//3100 1562//3100
f 1593//3101 1611//3101 1565//3101
f 541//3102 1611//3102 1593//3102
f 284//3103 1611//3103 282//3103
f 1565//3104 1611//3104 284//3104
f 417//3105 1612//3105 415//3105
f 1566//3106 1612//3106 1594//3106
f 1594//3107 1612//3107 1595//3107
f 1595//3108 1612//3108 1567//3108
f 415//3109 1612//3109 1566//3109
f 1567//3110 1612//3110 417//3110
f 433//3111 1613//3111 431//3111
f 711//3112 1613//3112 1597//3112
f 1597//3113 1613//3113 1569//3113
f 1569//3114 1613//3114 433//3114
f 308//3115 1614//3115 306//3115
f 1571//3116 1614//3116 308//3116
f 306//3117 1614//3117 1570//3117
f 1570//3118 1614//3118 1598//3118
f 1599//3119 1614//3119 1571//3119
f 1598//3120 1614//3120 1599//3120
f 324//3121 1615//3121 322//3121
f 497//3122 1615//3122 1601//3122
f 1601//3123 1615//3123 1573//3123
f 1573//3124 1615//3124 324//3124
f 1576//3125 1616//3125 631//3125
f 631//3126 1616//3126 629//3126
f 202//3127 1616//3127 200//3127
f 200//3128 1616//3128 1576//3128
f 1603//3129 1616//3129 202//3129
f 629//3130 1616//3130 1603//3130
f 357//3131 1617//3131 1580//3131
f 1580//3132 1617//3132 793//3132
f 359//3133 1617//3133 357//3133
f 793//3134 1617//3134 791//3134
f 791//3135 1617//3135 1605//3135
f 1605//3136 1617//3136 359//3136
f 242//3137 1618//3137 240//3137
f 1584//3138 1618//3138 587//3138
f 240//3139 1618//3139 1584//3139
f 1607//3140 1618//3140 242//3140
f 587//3141 1618//3141 585//3141
f 585//3142 1618//3142 1607//3142
f 751//3143 1619//3143 1609//3143
f 1609//3144 1619//3144 395//3144
f 1588//3145 1619//3145 753//3145
f 393//3146 1619//3146 1588//3146
f 753//3147 1619//3147 751//3147
f 395//3148 1619//3148 393//3148
f 541//3149 1620//3149 1611//3149
f 1611//3150 1620//3150 282//3150
f 1592//3151 1620//3151 543//3151
f 282//3152 1620//3152 280//3152
f 280//3153 1620//3153 1592//3153
f 543//3154 1620//3154 541//3154
f 713//3155 1621//3155 711//3155
f 431//3156 1621//3156 429//3156
f 429//3157 1621//3157 1596//3157
f 1596//3158 1621//3158 713//3158
f 711//3159 1621//3159 1613//3159
f 1613//3160 1621//3160 431//3160
f 322//3161 1622//3161 320//3161
f 499//3162 1622//3162 497//3162
f 497//3163 1622//3163 1615//3163
f 1600//3164 1622//3164 499//3164
f 320//3165 1622//3165 1600//3165
f 1615//3166 1622//3166 322//3166
f 328//3167 1197//3167 330//3167
f 330//3168 1198//3168 332//3168
f 1197//3169 1198//3169 330//3169
f 332//3170 1199//3170 334//3170
f 1198//3171 1199//3171 332//3171
f 1199//3172 336//3172 334//3172
f 1199//3173 1200//3173 336//3173
f 1200//3174 105//3174 336//3174
f 1200//3175 106//3175 105//3175
f 1422//3176 1409//3176 1410//3176
f 1422//3177 1421//3177 1409//3177
f 1421//3178 1408//3178 1409//3178
f 23//3179 22//3179 1184//3179
f 1421//3180 1420//3180 1408//3180
f 1420//3181 1407//3181 1408//3181
f 1184//3182 858//3182 1183//3182
f 22//3183 858//3183 1184//3183
f 1420//3184 1419//3184 1407//3184
f 1419//3185 1406//3185 1407//3185
f 1183//3186 861//3186 1182//3186
f 858//3187 861//3187 1183//3187
f 1406//3188 1418//3188 1330//3188
f 1419//3189 1418//3189 1406//3189
f 1182//3190 864//3190 1181//3190
f 861//3191 864//3191 1182//3191
f 1418//3192 1417//3192 1330//3192
f 1330//3193 1417//3193 1196//3193
f 864//3194 868//3194 1181//3194
f 1181//3195 868//3195 1180//3195
f 1417//3196 1416//3196 1196//3196
f 868//3197 871//3197 1180//3197
f 1180//3198 871//3198 1179//3198
f 1416//3199 1415//3199 1196//3199
f 1196//3200 1415//3200 1195//3200
f 871//3201 1178//3201 1179//3201
f 1178//3202 873//3202 829//3202
f 871//3203 873//3203 1178//3203
f 1415//3204 1414//3204 1195//3204
f 873//3205 876//3205 829//3205
f 876//3206 831//3206 829//3206
f 876//3207 881//3207 831//3207
f 881//3208 833//3208 831//3208
f 881//3209 884//3209 833//3209
f 884//3210 887//3210 835//3210
f 887//3211 890//3211 838//3211
f 890//3212 896//3212 839//3212
f 894//3213 2//3213 1185//3213
f 1185//3214 2//3214 1//3214
f 835//3215 833//3215 884//3215
f 838//3216 835//3216 887//3216
f 839//3217 838//3217 890//3217
f 1414//3218 1623//3218 1195//3218
f 1413//3219 1623//3219 1414//3219
f 1195//3220 1623//3220 1194//3220
f 1413//3221 1624//3221 1623//3221
f 1623//3222 1624//3222 1194//3222
f 1411//3223 1624//3223 1412//3223
f 1412//3224 1624//3224 1413//3224
f 1194//3225 1624//3225 1207//3225
f 1207//3226 1624//3226 1205//3226
f 839//3227 1625//3227 1411//3227
f 1205//3228 1625//3228 1204//3228
f 1411//3229 1625//3229 1624//3229
f 1624//3230 1625//3230 1205//3230
f 1625//3231 1626//3231 1204//3231
f 900//3232 1626//3232 896//3232
f 1204//3233 1626//3233 1193//3233
f 1193//3234 1626//3234 1202//3234
f 896//3235 1626//3235 839//3235
f 839//3236 1626//3236 1625//3236
f 900//3237 1627//3237 1626//3237
f 904//3238 1627//3238 900//3238
f 910//3239 1627//3239 904//3239
f 1626//3240 1627//3240 1202//3240
f 1202//3241 1627//3241 1192//3241
f 1192//3242 1627//3242 1191//3242
f 910//3243 1628//3243 1627//3243
f 912//3244 1628//3244 910//3244
f 1191//3245 1628//3245 1190//3245
f 1627//3246 1628//3246 1191//3246
f 908//3247 1629//3247 912//3247
f 902//3248 1629//3248 908//3248
f 1190//3249 1629//3249 1189//3249
f 1189//3250 1629//3250 1188//3250
f 1628//3251 1629//3251 1190//3251
f 912//3252 1629//3252 1628//3252
f 898//3253 1630//3253 902//3253
f 1188//3254 1630//3254 1187//3254
f 1629//3255 1630//3255 1188//3255
f 902//3256 1630//3256 1629//3256
f 1185//3257 1631//3257 894//3257
f 894//3258 1631//3258 898//3258
f 898//3259 1631//3259 1630//3259
f 1187//3260 1631//3260 1186//3260
f 1186//3261 1631//3261 1185//3261
f 1630//3262 1631//3262 1187//3262
