ISO-10303-21;
HEADER;
FILE_DESCRIPTION (( 'STEP AP203' ),
    '1' );
FILE_NAME ('92000A428_Passivated 18-8 Stainless Steel Pan Head Phillips Screws.STEP',
    '2026-01-08T09:38:27',
    ( 'McMaster Carr Supply' ),
    ( 'McMaster Carr Supply' ),
    'SwSTEP 2.0',
    'SolidWorks 2024',
    '' );
FILE_SCHEMA (( 'CONFIG_CONTROL_DESIGN' ));
ENDSEC;

DATA;
#1 = CARTESIAN_POINT ( 'NONE',  ( -0.9736010864139290621, 2.350480947161671885, -2.662499999999998312 ) ) ;
#2 = CARTESIAN_POINT ( 'NONE',  ( -1.662041016787807912, 1.662041016787794145, -11.72499999999999964 ) ) ;
#3 = CARTESIAN_POINT ( 'NONE',  ( 6.898737480710229044E-16, 5.633246651616937051, 10.17913888994144145 ) ) ;
#4 = CARTESIAN_POINT ( 'NONE',  ( 0.9736010864139287291, -2.350480947161702527, 2.712500000000000799 ) ) ;
#5 = CARTESIAN_POINT ( 'NONE',  ( 0.9736010864139287291, -2.350480947161703416, 3.712500000000001688 ) ) ;
#6 = CARTESIAN_POINT ( 'NONE',  ( -2.878508968398398972E-16, -2.350480947161701195, -9.349999999999999645 ) ) ;
#7 = ORIENTED_EDGE ( 'NONE', *, *, #2183, .F. ) ;
#8 = CARTESIAN_POINT ( 'NONE',  ( -0.3840784068098201387, 2.113822608948888622E-15, 10.76374999999999815 ) ) ;
#9 = CARTESIAN_POINT ( 'NONE',  ( 1.851216920838277602, 0.5744240720839449699, 12.15470632317383526 ) ) ;
#10 =( BOUNDED_SURFACE ( )  B_SPLINE_SURFACE ( 1, 2, ( 
 ( #1000, #4523, #2172, #3915, #3561, #2348, #3526, #587, #1893, #4210, #7030, #6371, #4707, #4781, #2386, #1781, #6998, #6928, #1814, #692, #4633, #1852, #4130, #728, #1742, #654, #4060, #6436, #4743, #4165, #5309, #1183, #4096, #3032, #2893, #6512, #54, #6966, #3493, #7069, #2997, #5345, #2928, #163, #4670, #2960, #6475, #1293, #5236, #6403, #5912, #91, #5205, #2460, #3601, #1249, #3460, #5774, #23, #5809, #2316, #619, #1217, #5841, #5271, #5871, #128, #2424, #767, #4248, #7181, #1405, #2575, #1929, #3639, #2614, #1966, #7146, #3071, #4282, #5948, #1367, #2044, #4936, #6099, #6549, #6661, #3112, #2084, #2006, #6062, #240, #4896, #807, #1442, #3676, #1331, #5986, #4322, #6624, #3754, #4357, #877, #6585, #3182, #5499, #5424, #2538, #4858, #4974, #5385, #3717, #310, #4393, #202, #7223, #3146, #2502, #2655, #6025, #4822, #1479, #3793, #914, #841, #3224, #5461, #5544, #353 ),
 ( #273, #7262, #7109, #6176, #3871, #6849, #5726, #1103, #4435, #3981, #1027, #2693, #5084, #7409, #6288, #5009, #3906, #7299, #465, #501, #2805, #1067, #388, #5049, #3415, #6142, #2273, #3299, #3835, #5119, #537, #2841, #3337, #1664, #6252, #6700, #6775, #5155, #7448, #6812, #5616, #1592, #955, #1516, #3263, #2235, #2124, #2771, #5582, #5657, #7339, #7376, #6740, #2201, #3940, #3378, #4551, #1557, #4514, #422, #991, #1625, #2728, #2163, #4478, #6212, #5694, #45, #1772, #4088, #4121, #2341, #4735, #1207, #4660, #4625, #7023, #681, #3593, #6395, #6990, #5902, #6358, #6920, #719, #2884, #5196, #153, #5228, #4592, #2377, #1699, #2415, #3517, #1841, #4157, #2989, #6465, #1733, #6954, #80, #5762, #6427, #5833, #2951, #6885, #644, #2306, #5300, #3485, #1241, #1806, #1175, #119, #4051, #5800, #5260, #1282, #610, #4698, #2919, #3553, #5863, #4017, #3025, #5337, #6323, #1140, #3448 ) ),
 .UNSPECIFIED., .F., .F., .F. ) 
 B_SPLINE_SURFACE_WITH_KNOTS ( ( 2, 2 ),
 ( 3, 2, 2, 2, 2, 2, 2, 2, 2, 2, 2, 2, 2, 2, 2, 2, 2, 2, 2, 2, 2, 2, 2, 2, 2, 2, 2, 2, 2, 2, 2, 2, 2, 2, 2, 2, 2, 2, 2, 2, 2, 2, 2, 2, 2, 2, 2, 2, 2, 2, 2, 2, 2, 2, 2, 2, 2, 2, 2, 2, 2, 2, 2, 2, 3 ),
 ( 0.000000000000000000, 1.000000000000000000 ),
 ( 0.000000000000000000, 0.01562500000000000000, 0.03125000000000000000, 0.04687500000000000000, 0.06250000000000000000, 0.07812500000000000000, 0.09375000000000000000, 0.1093750000000000000, 0.1250000000000000000, 0.1406250000000000000, 0.1562500000000000000, 0.1718750000000000000, 0.1875000000000000000, 0.2031250000000000000, 0.2187500000000000000, 0.2343750000000000000, 0.2500000000000000000, 0.2656250000000000000, 0.2812500000000000000, 0.2968750000000000000, 0.3125000000000000000, 0.3281250000000000000, 0.3437500000000000000, 0.3593750000000000000, 0.3750000000000000000, 0.3906250000000000000, 0.4062500000000000000, 0.4218750000000000000, 0.4375000000000000000, 0.4531250000000000000, 0.4687500000000000000, 0.4843750000000000000, 0.5000000000000000000, 0.5156250000000000000, 0.5312500000000000000, 0.5468750000000000000, 0.5625000000000000000, 0.5781250000000000000, 0.5937500000000000000, 0.6093750000000000000, 0.6250000000000000000, 0.6406250000000000000, 0.6562500000000000000, 0.6718750000000000000, 0.6875000000000000000, 0.7031250000000000000, 0.7187500000000000000, 0.7343750000000000000, 0.7500000000000000000, 0.7656250000000000000, 0.7812500000000000000, 0.7968750000000000000, 0.8125000000000000000, 0.8281250000000000000, 0.8437500000000000000, 0.8593750000000000000, 0.8750000000000000000, 0.8906250000000000000, 0.9062500000000000000, 0.9218750000000000000, 0.9375000000000000000, 0.9531250000000000000, 0.9687500000000000000, 0.9843750000000000000, 1.000000000000000000 ),
 .UNSPECIFIED. ) 
 GEOMETRIC_REPRESENTATION_ITEM ( )  RATIONAL_B_SPLINE_SURFACE ( (
 ( 1.000000000000000000, 0.9238795325112867385, 1.000000000000000000, 0.9238795325112867385, 1.000000000000000000, 0.9238795325112867385, 1.000000000000000000, 0.9238795325112867385, 1.000000000000000000, 0.9238795325112867385, 1.000000000000000000, 0.9238795325112867385, 1.000000000000000000, 0.9238795325112867385, 1.000000000000000000, 0.9238795325112867385, 1.000000000000000000, 0.9238795325112867385, 1.000000000000000000, 0.9238795325112867385, 1.000000000000000000, 0.9238795325112867385, 1.000000000000000000, 0.9238795325112867385, 1.000000000000000000, 0.9238795325112867385, 1.000000000000000000, 0.9238795325112867385, 1.000000000000000000, 0.9238795325112867385, 1.000000000000000000, 0.9238795325112867385, 1.000000000000000000, 0.9238795325112867385, 1.000000000000000000, 0.9238795325112867385, 1.000000000000000000, 0.9238795325112867385, 1.000000000000000000, 0.9238795325112867385, 1.000000000000000000, 0.9238795325112867385, 1.000000000000000000, 0.9238795325112867385, 1.000000000000000000, 0.9238795325112867385, 1.000000000000000000, 0.9238795325112867385, 1.000000000000000000, 0.9238795325112867385, 1.000000000000000000, 0.9238795325112867385, 1.000000000000000000, 0.9238795325112867385, 1.000000000000000000, 0.9238795325112867385, 1.000000000000000000, 0.9238795325112867385, 1.000000000000000000, 0.9238795325112867385, 1.000000000000000000, 0.9238795325112867385, 1.000000000000000000, 0.9238795325112867385, 1.000000000000000000, 0.9238795325112867385, 1.000000000000000000, 0.9238795325112867385, 1.000000000000000000, 0.9238795325112867385, 1.000000000000000000, 0.9238795325112867385, 1.000000000000000000, 0.9238795325112867385, 1.000000000000000000, 0.9238795325112867385, 1.000000000000000000, 0.9238795325112867385, 1.000000000000000000, 0.9238795325112867385, 1.000000000000000000, 0.9238795325112867385, 1.000000000000000000, 0.9238795325112867385, 1.000000000000000000, 0.9238795325112867385, 1.000000000000000000, 0.9238795325112867385, 1.000000000000000000, 0.9238795325112867385, 1.000000000000000000, 0.9238795325112867385, 1.000000000000000000, 0.9238795325112867385, 1.000000000000000000, 0.9238795325112867385, 1.000000000000000000, 0.9238795325112867385, 1.000000000000000000, 0.9238795325112867385, 1.000000000000000000, 0.9238795325112867385, 1.000000000000000000, 0.9238795325112867385, 1.000000000000000000, 0.9238795325112867385, 1.000000000000000000, 0.9238795325112867385, 1.000000000000000000, 0.9238795325112867385, 1.000000000000000000, 0.9238795325112867385, 1.000000000000000000, 0.9238795325112867385, 1.000000000000000000, 0.9238795325112867385, 1.000000000000000000, 0.9238795325112867385, 1.000000000000000000, 0.9238795325112867385, 1.000000000000000000, 0.9238795325112867385, 1.000000000000000000, 0.9238795325112867385, 1.000000000000000000, 0.9238795325112867385, 1.000000000000000000, 0.9238795325112867385, 1.000000000000000000),
 ( 1.000000000000000000, 0.9238795325112867385, 1.000000000000000000, 0.9238795325112867385, 1.000000000000000000, 0.9238795325112867385, 1.000000000000000000, 0.9238795325112867385, 1.000000000000000000, 0.9238795325112867385, 1.000000000000000000, 0.9238795325112867385, 1.000000000000000000, 0.9238795325112867385, 1.000000000000000000, 0.9238795325112867385, 1.000000000000000000, 0.9238795325112867385, 1.000000000000000000, 0.9238795325112867385, 1.000000000000000000, 0.9238795325112867385, 1.000000000000000000, 0.9238795325112867385, 1.000000000000000000, 0.9238795325112867385, 1.000000000000000000, 0.9238795325112867385, 1.000000000000000000, 0.9238795325112867385, 1.000000000000000000, 0.9238795325112867385, 1.000000000000000000, 0.9238795325112867385, 1.000000000000000000, 0.9238795325112867385, 1.000000000000000000, 0.9238795325112867385, 1.000000000000000000, 0.9238795325112867385, 1.000000000000000000, 0.9238795325112867385, 1.000000000000000000, 0.9238795325112867385, 1.000000000000000000, 0.9238795325112867385, 1.000000000000000000, 0.9238795325112867385, 1.000000000000000000, 0.9238795325112867385, 1.000000000000000000, 0.9238795325112867385, 1.000000000000000000, 0.9238795325112867385, 1.000000000000000000, 0.9238795325112867385, 1.000000000000000000, 0.9238795325112867385, 1.000000000000000000, 0.9238795325112867385, 1.000000000000000000, 0.9238795325112867385, 1.000000000000000000, 0.9238795325112867385, 1.000000000000000000, 0.9238795325112867385, 1.000000000000000000, 0.9238795325112867385, 1.000000000000000000, 0.9238795325112867385, 1.000000000000000000, 0.9238795325112867385, 1.000000000000000000, 0.9238795325112867385, 1.000000000000000000, 0.9238795325112867385, 1.000000000000000000, 0.9238795325112867385, 1.000000000000000000, 0.9238795325112867385, 1.000000000000000000, 0.9238795325112867385, 1.000000000000000000, 0.9238795325112867385, 1.000000000000000000, 0.9238795325112867385, 1.000000000000000000, 0.9238795325112867385, 1.000000000000000000, 0.9238795325112867385, 1.000000000000000000, 0.9238795325112867385, 1.000000000000000000, 0.9238795325112867385, 1.000000000000000000, 0.9238795325112867385, 1.000000000000000000, 0.9238795325112867385, 1.000000000000000000, 0.9238795325112867385, 1.000000000000000000, 0.9238795325112867385, 1.000000000000000000, 0.9238795325112867385, 1.000000000000000000, 0.9238795325112867385, 1.000000000000000000, 0.9238795325112867385, 1.000000000000000000, 0.9238795325112867385, 1.000000000000000000, 0.9238795325112867385, 1.000000000000000000, 0.9238795325112867385, 1.000000000000000000, 0.9238795325112867385, 1.000000000000000000, 0.9238795325112867385, 1.000000000000000000, 0.9238795325112867385, 1.000000000000000000, 0.9238795325112867385, 1.000000000000000000, 0.9238795325112867385, 1.000000000000000000, 0.9238795325112867385, 1.000000000000000000, 0.9238795325112867385, 1.000000000000000000) ) ) 
 REPRESENTATION_ITEM ( '' )  SURFACE ( )  );
#11 = CARTESIAN_POINT ( 'NONE',  ( -0.8728741893472935498, -2.677968647177300543, 6.991068713572594184 ) ) ;
#12 = CARTESIAN_POINT ( 'NONE',  ( -3.673940397442080083E-16, -3.000000000000031530, -3.725000000000000533 ) ) ;
#13 = CARTESIAN_POINT ( 'NONE',  ( 0.9736010864139306165, 2.350480947161672329, -9.787499999999996092 ) ) ;
#14 = FACE_OUTER_BOUND ( 'NONE', #2621, .T. ) ;
#15 = CARTESIAN_POINT ( 'NONE',  ( 3.054126587736543996, 1.265060653844723992, 5.493750000000000355 ) ) ;
#16 = EDGE_LOOP ( 'NONE', ( #7167, #671, #2059, #2014 ) ) ;
#17 = CARTESIAN_POINT ( 'NONE',  ( -0.4188713088899074233, 3.155949487122284403, 11.81363098836948744 ) ) ;
#18 = CARTESIAN_POINT ( 'NONE',  ( -3.000000000000015987, 1.242640687119278109, -8.162499999999999645 ) ) ;
#19 = CARTESIAN_POINT ( 'NONE',  ( 2.350480947161686984, -1.597562672715586162E-14, 1.900000000000001465 ) ) ;
#20 = VERTEX_POINT ( 'NONE', #5343 ) ;
#21 = B_SPLINE_CURVE_WITH_KNOTS ( 'NONE', 3,
 ( #48, #4933, #3711, #7218, #3217, #4243, #873 ),
 .UNSPECIFIED., .F., .F.,
 ( 4, 3, 4 ),
 ( 7.360025952833063331E-16, 0.0005371863664108483209, 0.001060489824250556660 ),
 .UNSPECIFIED. ) ;
#22 = FACE_OUTER_BOUND ( 'NONE', #6899, .T. ) ;
#23 = CARTESIAN_POINT ( 'NONE',  ( 2.159593620790641655, -2.159593620790657198, -1.693749999999999423 ) ) ;
#24 = CARTESIAN_POINT ( 'NONE',  ( 0.9736010864139306165, 2.350480947161671441, -1.912499999999998535 ) ) ;
#25 = EDGE_CURVE ( 'NONE', #5484, #1951, #6283, .T. ) ;
#26 = ORIENTED_EDGE ( 'NONE', *, *, #802, .F. ) ;
#27 = LINE ( 'NONE', #2320, #2866 ) ;
#28 = CARTESIAN_POINT ( 'NONE',  ( -3.000000000000015987, 1.242640687119278331, -9.037499999999997868 ) ) ;
#29 = ORIENTED_EDGE ( 'NONE', *, *, #2195, .F. ) ;
#30 = CARTESIAN_POINT ( 'NONE',  ( -1.735534503390943062, -2.328709282682582149, 7.231077204505892198 ) ) ;
#31 = CARTESIAN_POINT ( 'NONE',  ( -0.9736010864139290621, 2.350480947161673217, -8.662499999999997868 ) ) ;
#32 = CARTESIAN_POINT ( 'NONE',  ( -3.673940397442080083E-16, -3.000000000000031530, -2.849999999999999645 ) ) ;
#33 = CARTESIAN_POINT ( 'NONE',  ( 1.265060653844738425, -3.054126587736560428, -5.693750000000001421 ) ) ;
#34 = DIRECTION ( 'NONE',  ( -0.9945218953682732899, 9.816693431962351403E-15, -0.1045284632676538178 ) ) ;
#35 = CARTESIAN_POINT ( 'NONE',  ( 0.4558050900064432032, 3.143133547082769041, 11.81627329366151535 ) ) ;
#36 = CARTESIAN_POINT ( 'NONE',  ( -2.121320343559653931, 2.121320343559638832, -2.224999999999999645 ) ) ;
#37 = CARTESIAN_POINT ( 'NONE',  ( -2.878508968398398972E-16, -2.350480947161702971, 3.650000000000000799 ) ) ;
#38 = CARTESIAN_POINT ( 'NONE',  ( 1.662041016787807912, -1.662041016787823899, 3.775000000000001243 ) ) ;
#39 = CARTESIAN_POINT ( 'NONE',  ( -2.878508968398398972E-16, -2.350480947161701639, -7.349999999999998757 ) ) ;
#40 = EDGE_LOOP ( 'NONE', ( #7000, #4889, #1874, #2301 ) ) ;
#41 = DIRECTION ( 'NONE',  ( -6.131715290813909834E-16, 0.9945218953682734009, 0.1045284632676539566 ) ) ;
#42 = CARTESIAN_POINT ( 'NONE',  ( -0.7058171730420937928, 2.532695438190678328, 6.475244649852022860 ) ) ;
#43 = CARTESIAN_POINT ( 'NONE',  ( 2.945158024102935368, -0.1473869931244196907, 7.361059849936135713 ) ) ;
#44 = CARTESIAN_POINT ( 'NONE',  ( -2.350480947161686984, 0.9736010864139152954, -10.53749999999999787 ) ) ;
#45 = CARTESIAN_POINT ( 'NONE',  ( -2.350480947161686984, 0.9736010864139140741, -1.537499999999998090 ) ) ;
#46 = CARTESIAN_POINT ( 'NONE',  ( -3.054126587736543996, -1.265060653844755301, 8.993750000000002132 ) ) ;
#47 = ORIENTED_EDGE ( 'NONE', *, *, #4241, .F. ) ;
#48 = CARTESIAN_POINT ( 'NONE',  ( -3.058033318125251476, 0.3057325481517339516, 10.76374999999999815 ) ) ;
#49 = CARTESIAN_POINT ( 'NONE',  ( 0.000000000000000000, 2.375000000000007994, -12.34999999999999787 ) ) ;
#50 = CARTESIAN_POINT ( 'NONE',  ( -0.9736010864139292842, -2.350480947161702083, 1.587500000000002354 ) ) ;
#51 = AXIS2_PLACEMENT_3D ( 'NONE', #3559, #1848, #5946 ) ;
#52 = CARTESIAN_POINT ( 'NONE',  ( -1.967675189122390478, -0.3840784068098209714, 10.76374999999999815 ) ) ;
#53 = CARTESIAN_POINT ( 'NONE',  ( -0.9736010864139292842, -2.350480947161702083, -5.412499999999996980 ) ) ;
#54 = CARTESIAN_POINT ( 'NONE',  ( -3.054126587736543996, -1.474834268607663861E-14, -3.068749999999999645 ) ) ;
#55 = CARTESIAN_POINT ( 'NONE',  ( -1.662041016787808134, -1.662041016787822789, -1.474999999999998090 ) ) ;
#56 = EDGE_LOOP ( 'NONE', ( #2008, #4599, #6618, #3684 ) ) ;
#57 = DIRECTION ( 'NONE',  ( -0.000000000000000000, -1.224646799147353207E-16, 1.000000000000000000 ) ) ;
#58 = CARTESIAN_POINT ( 'NONE',  ( -0.9736010864139290621, 2.350480947161670997, 5.337500000000002132 ) ) ;
#59 = B_SPLINE_CURVE_WITH_KNOTS ( 'NONE', 3,
 ( #7133, #829, #2484, #1876, #864, #228, #5411, #1316, #2526, #4271, #751, #336, #262, #4344, #7094, #4920 ),
 .UNSPECIFIED., .F., .F.,
 ( 4, 3, 3, 3, 3, 4 ),
 ( 8.940560153363745023E-19, 3.104466861632787451E-05, 6.209498229181552027E-05, 9.301453609171487125E-05, 0.0001232671903671598993, 0.0001269606182456652381 ),
 .UNSPECIFIED. ) ;
#60 = EDGE_CURVE ( 'NONE', #3028, #1885, #337, .T. ) ;
#61 = ORIENTED_EDGE ( 'NONE', *, *, #3178, .T. ) ;
#62 = CARTESIAN_POINT ( 'NONE',  ( -2.561663112753182148, -1.322557717174932312, 7.172283065150134362 ) ) ;
#63 = CARTESIAN_POINT ( 'NONE',  ( -0.9736010864139290621, 2.350480947161673217, -9.662499999999997868 ) ) ;
#64 = CARTESIAN_POINT ( 'NONE',  ( -3.000000000000016431, -1.450290060262084811E-14, -5.100000000000000533 ) ) ;
#65 = CARTESIAN_POINT ( 'NONE',  ( 0.000000000000000000, 3.000000000000000888, 2.650000000000000355 ) ) ;
#66 = DIRECTION ( 'NONE',  ( -0.000000000000000000, -1.224646799147353207E-16, 1.000000000000000000 ) ) ;
#67 = ADVANCED_FACE ( 'NONE', ( #2346 ), #126, .T. ) ;
#68 = CARTESIAN_POINT ( 'NONE',  ( 1.662041016787807912, -1.662041016787821901, -12.22499999999999787 ) ) ;
#69 = CARTESIAN_POINT ( 'NONE',  ( -3.673940397442080083E-16, -3.000000000000031974, 1.150000000000000799 ) ) ;
#70 = CARTESIAN_POINT ( 'NONE',  ( -0.9736010864139292842, -2.350480947161702083, -5.412499999999996980 ) ) ;
#71 = ORIENTED_EDGE ( 'NONE', *, *, #4574, .F. ) ;
#72 = CARTESIAN_POINT ( 'NONE',  ( -0.8042301465352833523, -0.9143889869718595520, 10.76374999999999815 ) ) ;
#73 = CARTESIAN_POINT ( 'NONE',  ( 1.177184601738066938, 0.8632880660056386768, 12.23971270034656911 ) ) ;
#74 = VECTOR ( 'NONE', #6155, 1000.000000000000000 ) ;
#75 = CARTESIAN_POINT ( 'NONE',  ( -3.673940397442080083E-16, -3.000000000000030642, -8.849999999999999645 ) ) ;
#76 = CARTESIAN_POINT ( 'NONE',  ( -2.350480947161686984, 0.9736010864139135190, 3.337500000000001688 ) ) ;
#77 = CARTESIAN_POINT ( 'NONE',  ( -2.044095216605288368, 0.3840784068098404003, 10.76374999999999815 ) ) ;
#78 = CARTESIAN_POINT ( 'NONE',  ( 2.350480947161686540, -0.9736010864139444942, -11.03749999999999787 ) ) ;
#79 = EDGE_CURVE ( 'NONE', #6325, #2022, #1108, .T. ) ;
#80 = CARTESIAN_POINT ( 'NONE',  ( -2.350480947161686984, -1.523153599859341656E-14, 0.5250000000000020206 ) ) ;
#81 = CARTESIAN_POINT ( 'NONE',  ( -3.054126587736543996, 1.265060653844723326, 5.868750000000002132 ) ) ;
#82 = VERTEX_POINT ( 'NONE', #5870 ) ;
#83 = CARTESIAN_POINT ( 'NONE',  ( -3.673940397442080083E-16, -3.000000000000031974, 3.149999999999999911 ) ) ;
#84 = AXIS2_PLACEMENT_3D ( 'NONE', #3344, #5662, #470 ) ;
#85 = AXIS2_PLACEMENT_3D ( 'NONE', #2032, #2600, #1016 ) ;
#86 = DIRECTION ( 'NONE',  ( 0.000000000000000000, -1.000000000000000000, -1.224646799147353207E-16 ) ) ;
#87 = CARTESIAN_POINT ( 'NONE',  ( -2.350480947161686984, 0.9736010864139138521, 0.3375000000000017986 ) ) ;
#88 = CARTESIAN_POINT ( 'NONE',  ( -1.822136847597923603, -0.4282286714488044432, 10.76374999999999815 ) ) ;
#89 = CARTESIAN_POINT ( 'NONE',  ( -1.242640687119292098, 3.000000000000000888, 5.712500000000000355 ) ) ;
#90 = AXIS2_PLACEMENT_3D ( 'NONE', #6311, #5822, #3541 ) ;
#91 = CARTESIAN_POINT ( 'NONE',  ( -3.054126587736543996, 1.265060653844723992, -2.131249999999999645 ) ) ;
#92 = CARTESIAN_POINT ( 'NONE',  ( -2.878508968398398972E-16, -2.350480947161702083, -3.349999999999998312 ) ) ;
#93 = ORIENTED_EDGE ( 'NONE', *, *, #1585, .T. ) ;
#94 = CARTESIAN_POINT ( 'NONE',  ( 0.000000000000000000, 3.000000000000000444, 5.774999999999999467 ) ) ;
#95 = CARTESIAN_POINT ( 'NONE',  ( -2.350480947161686984, -1.547646535842288685E-14, 2.525000000000001688 ) ) ;
#96 = VERTEX_POINT ( 'NONE', #4094 ) ;
#97 = CARTESIAN_POINT ( 'NONE',  ( 2.159593620790641655, -2.159593620790655866, -11.69374999999999964 ) ) ;
#98 = CARTESIAN_POINT ( 'NONE',  ( 2.350480947161686540, -0.9736010864139450494, -6.037499999999997868 ) ) ;
#99 = CARTESIAN_POINT ( 'NONE',  ( -1.662041016787808134, -1.662041016787821457, -12.34999999999999787 ) ) ;
#100 = CARTESIAN_POINT ( 'NONE',  ( 0.000000000000000000, 2.350480947161672329, -5.724999999999998757 ) ) ;
#101 = CARTESIAN_POINT ( 'NONE',  ( -2.691117040334973787, -1.038744804319647219, -11.84637873569963773 ) ) ;
#102 = CARTESIAN_POINT ( 'NONE',  ( 0.000000000000000000, 2.350480947161670553, 9.275000000000002132 ) ) ;
#103 = EDGE_CURVE ( 'NONE', #1885, #6116, #2421, .T. ) ;
#104 = CARTESIAN_POINT ( 'NONE',  ( -3.054126587736543996, -1.561324948797445717E-14, 3.993749999999999911 ) ) ;
#105 = CARTESIAN_POINT ( 'NONE',  ( 0.000000000000000000, -1.808457094051053516E-15, 10.41953460812772647 ) ) ;
#106 = CARTESIAN_POINT ( 'NONE',  ( 2.121320343559653931, -2.121320343559669030, -10.59999999999999787 ) ) ;
#107 = PERSON ( 'UNSPECIFIED', 'UNSPECIFIED', 'UNSPECIFIED', ('UNSPECIFIED'), ('UNSPECIFIED'), ('UNSPECIFIED') ) ;
#108 = CARTESIAN_POINT ( 'NONE',  ( -2.121320343559653931, -2.121320343559669919, 1.025000000000000799 ) ) ;
#109 = CARTESIAN_POINT ( 'NONE',  ( 3.054126587736543996, -1.265060653844754412, -12.56874999999999964 ) ) ;
#110 = ORIENTED_EDGE ( 'NONE', *, *, #3856, .F. ) ;
#111 = EDGE_CURVE ( 'NONE', #612, #849, #1867, .T. ) ;
#112 = DIRECTION ( 'NONE',  ( -0.000000000000000000, -1.224646799147352961E-16, 1.000000000000000000 ) ) ;
#113 =( BOUNDED_SURFACE ( )  B_SPLINE_SURFACE ( 3, 2, ( 
 ( #7290, #1583, #4964 ),
 ( #1506, #5573, #2603 ),
 ( #4467, #7330, #5491 ),
 ( #2072, #3748, #381 ) ),
 .UNSPECIFIED., .F., .F., .F. ) 
 B_SPLINE_SURFACE_WITH_KNOTS ( ( 4, 4 ),
 ( 3, 3 ),
 ( 0.002087322747032180435, 0.003185361095099555236 ),
 ( 0.000000000000000000, 1.000000000000000000 ),
 .UNSPECIFIED. ) 
 GEOMETRIC_REPRESENTATION_ITEM ( )  RATIONAL_B_SPLINE_SURFACE ( (
 ( 1.000000000000000000, 0.7556328946010973935, 1.000000000000000000),
 ( 1.000000000000000000, 0.7521437363096838968, 1.000000000000000000),
 ( 1.000000000000000000, 0.7485026143414853506, 1.000000000000000000),
 ( 1.000000000000000000, 0.7446872030761161332, 1.000000000000000000) ) ) 
 REPRESENTATION_ITEM ( '' )  SURFACE ( )  );
#114 = CARTESIAN_POINT ( 'NONE',  ( 3.000000000000015543, -1.242640687119309417, 3.462499999999999467 ) ) ;
#115 = FACE_OUTER_BOUND ( 'NONE', #165, .T. ) ;
#116 = CARTESIAN_POINT ( 'NONE',  ( -2.350480947161686984, 0.9736010864139129639, 8.462500000000000355 ) ) ;
#117 = CARTESIAN_POINT ( 'NONE',  ( 2.971464112645127997, 0.3840784068098190840, 10.76374999999999815 ) ) ;
#118 = CARTESIAN_POINT ( 'NONE',  ( -2.350480947161686984, -0.9736010864139430510, -9.412499999999999645 ) ) ;
#119 = CARTESIAN_POINT ( 'NONE',  ( -0.9736010864139290621, 2.350480947161671441, 1.337500000000002354 ) ) ;
#120 = CARTESIAN_POINT ( 'NONE',  ( -2.159593620790641655, -2.159593620790658086, 7.056250000000000355 ) ) ;
#121 = ORIENTED_EDGE ( 'NONE', *, *, #1965, .T. ) ;
#122 = CARTESIAN_POINT ( 'NONE',  ( 0.7337968571044384269, -2.240688207270884469, 5.725889215912937757 ) ) ;
#123 = DIRECTION ( 'NONE',  ( 0.000000000000000000, -1.000000000000000000, -1.224646799147353207E-16 ) ) ;
#124 = EDGE_CURVE ( 'NONE', #3595, #6281, #2651, .T. ) ;
#125 = CARTESIAN_POINT ( 'NONE',  ( -2.350480947161686984, 0.9736010864139137411, 1.337500000000002354 ) ) ;
#126 = CYLINDRICAL_SURFACE ( 'NONE', #51, 3.000000000000001776 ) ;
#127 = CARTESIAN_POINT ( 'NONE',  ( -3.005041006285188665, 0.4213380958116908492, 11.11825226061449534 ) ) ;
#128 = CARTESIAN_POINT ( 'NONE',  ( -2.159593620790641655, 2.159593620790626556, -1.193749999999999423 ) ) ;
#129 = CARTESIAN_POINT ( 'NONE',  ( -2.350480947161686984, 0.9736010864139140741, -1.662499999999998090 ) ) ;
#130 = ORIENTED_EDGE ( 'NONE', *, *, #4080, .F. ) ;
#131 = CARTESIAN_POINT ( 'NONE',  ( -0.3840784068097982673, 2.044095216605294141, 10.76374999999999815 ) ) ;
#132 = CARTESIAN_POINT ( 'NONE',  ( -2.878508968398398972E-16, -2.350480947161702971, 5.775000000000002132 ) ) ;
#133 = CARTESIAN_POINT ( 'NONE',  ( 1.662041016787808356, 1.662041016787793701, -10.84999999999999787 ) ) ;
#134 = CARTESIAN_POINT ( 'NONE',  ( 2.350480947161686540, 0.9736010864139145182, -0.9124999999999984235 ) ) ;
#135 = EDGE_LOOP ( 'NONE', ( #2812, #3005, #1117, #2898 ) ) ;
#136 = CARTESIAN_POINT ( 'NONE',  ( 2.159593620790641655, -2.159593620790656310, -7.693749999999999645 ) ) ;
#137 = CARTESIAN_POINT ( 'NONE',  ( -2.350480947161686984, 0.9736010864139149623, -8.537499999999997868 ) ) ;
#138 = CARTESIAN_POINT ( 'NONE',  ( 2.121320343559653931, -2.121320343559670363, 1.399999999999999689 ) ) ;
#139 = CARTESIAN_POINT ( 'NONE',  ( 0.9736010864139306165, 2.350480947161671885, -4.787499999999997868 ) ) ;
#140 = CARTESIAN_POINT ( 'NONE',  ( -3.673940397442080083E-16, -3.000000000000032419, 5.150000000000000355 ) ) ;
#141 = CYLINDRICAL_SURFACE ( 'NONE', #3094, 0.5831999999999999407 ) ;
#142 = CARTESIAN_POINT ( 'NONE',  ( 0.000000000000000000, 3.054126587736528009, 2.743749999999999467 ) ) ;
#143 = CARTESIAN_POINT ( 'NONE',  ( 0.000000000000000000, 2.350480947161672773, -8.849999999999997868 ) ) ;
#144 = DIRECTION ( 'NONE',  ( 0.000000000000000000, -0.1045284632676535819, -0.9945218953682734009 ) ) ;
#145 = CARTESIAN_POINT ( 'NONE',  ( 3.054126587736543996, -1.458555689918327265E-14, -10.50625000000000142 ) ) ;
#146 = EDGE_LOOP ( 'NONE', ( #2999, #1895, #6226, #5905 ) ) ;
#147 = CARTESIAN_POINT ( 'NONE',  ( 3.021623086677269754, -0.4399699554494251319, 11.29552256366799057 ) ) ;
#148 = CARTESIAN_POINT ( 'NONE',  ( -1.009738695057566860, -0.4182474619457536291, 10.76374999999999815 ) ) ;
#149 = CARTESIAN_POINT ( 'NONE',  ( -0.9736010864139290621, 2.350480947161671885, -3.787499999999997868 ) ) ;
#150 = EDGE_CURVE ( 'NONE', #3407, #4745, #6366, .T. ) ;
#151 = CARTESIAN_POINT ( 'NONE',  ( 1.662041016787808356, 1.662041016787791925, 3.025000000000001688 ) ) ;
#152 = CARTESIAN_POINT ( 'NONE',  ( 0.9736010864139287291, -2.350480947161702083, -8.162499999999999645 ) ) ;
#153 = CARTESIAN_POINT ( 'NONE',  ( -0.9736010864139292842, -2.350480947161702083, -0.2874999999999978129 ) ) ;
#154 = CARTESIAN_POINT ( 'NONE',  ( -1.265060653844739536, -3.054126587736560872, 7.118750000000000355 ) ) ;
#155 = ORIENTED_EDGE ( 'NONE', *, *, #7140, .T. ) ;
#156 = CARTESIAN_POINT ( 'NONE',  ( 0.000000000000000000, -2.044870920353165796E-15, 12.34999999999999964 ) ) ;
#157 =( BOUNDED_CURVE ( )  B_SPLINE_CURVE ( 3, ( #3672, #2001, #5981, #2457 ),
 .UNSPECIFIED., .F., .F. ) 
 B_SPLINE_CURVE_WITH_KNOTS ( ( 4, 4 ),
 ( 2.751161613710441767, 3.532023693469145353 ),
 .UNSPECIFIED. ) 
 CURVE ( )  GEOMETRIC_REPRESENTATION_ITEM ( )  RATIONAL_B_SPLINE_CURVE ( ( 1.000000000000000000, 0.9498300650479262197, 0.9498300650479262197, 1.000000000000000000 ) ) 
 REPRESENTATION_ITEM ( '' )  );
#158 = DIRECTION ( 'NONE',  ( -0.000000000000000000, -1.224646799147353207E-16, 1.000000000000000000 ) ) ;
#159 = CARTESIAN_POINT ( 'NONE',  ( 1.662041016787808356, 1.662041016787792147, 2.025000000000001688 ) ) ;
#160 = EDGE_CURVE ( 'NONE', #5601, #3417, #4448, .T. ) ;
#161 = CARTESIAN_POINT ( 'NONE',  ( -3.673940397442080083E-16, -3.000000000000031974, -0.7250000000000006439 ) ) ;
#162 = CARTESIAN_POINT ( 'NONE',  ( 3.000000000000015543, -1.242640687119309195, 2.462499999999999911 ) ) ;
#163 = CARTESIAN_POINT ( 'NONE',  ( 3.054126587736543996, -1.265060653844755967, -2.631249999999999201 ) ) ;
#164 = CARTESIAN_POINT ( 'NONE',  ( 0.000000000000000000, 2.350480947161671885, -2.849999999999998312 ) ) ;
#165 = EDGE_LOOP ( 'NONE', ( #2582, #3340, #6519, #1914 ) ) ;
#166 = CARTESIAN_POINT ( 'NONE',  ( 0.000000000000000000, 2.350480947161671441, 2.275000000000001688 ) ) ;
#167 = CARTESIAN_POINT ( 'NONE',  ( 0.9736010864139287291, -2.350480947161702527, 1.837500000000001465 ) ) ;
#168 = CARTESIAN_POINT ( 'NONE',  ( -2.878508968398398972E-16, -2.350480947161700751, -11.22499999999999964 ) ) ;
#169 = CARTESIAN_POINT ( 'NONE',  ( 1.662041016787808356, 1.662041016787792591, -1.849999999999998312 ) ) ;
#170 = ORIENTED_EDGE ( 'NONE', *, *, #4461, .T. ) ;
#171 = CARTESIAN_POINT ( 'NONE',  ( 1.265060653844741090, 3.054126587736528897, -10.38125000000000142 ) ) ;
#172 = CARTESIAN_POINT ( 'NONE',  ( 2.350480947161686984, -1.634302076690006391E-14, 4.900000000000001243 ) ) ;
#173 = CARTESIAN_POINT ( 'NONE',  ( 1.662041016787807912, -1.662041016787822567, -7.099999999999998757 ) ) ;
#174 = CARTESIAN_POINT ( 'NONE',  ( 3.000000000000016431, -1.578877974172557347E-14, -0.5999999999999998668 ) ) ;
#175 = CARTESIAN_POINT ( 'NONE',  ( -1.662041016787808134, -1.662041016787822345, -5.349999999999997868 ) ) ;
#176 = CARTESIAN_POINT ( 'NONE',  ( -2.828101911624304687, 0.2493548689532776863, -11.89196694576424917 ) ) ;
#177 = CARTESIAN_POINT ( 'NONE',  ( 2.350480947161686540, 0.9736010864139130749, 9.087500000000002132 ) ) ;
#178 = CARTESIAN_POINT ( 'NONE',  ( 3.054126587736543996, -1.630006241798956787E-14, 3.493749999999999023 ) ) ;
#179 = CARTESIAN_POINT ( 'NONE',  ( 2.350480947161686540, -0.9736010864139446053, -9.162499999999999645 ) ) ;
#180 = CARTESIAN_POINT ( 'NONE',  ( -7.118526267140355363E-16, -5.812717815533875232, 10.41953460812772647 ) ) ;
#181 = DIRECTION ( 'NONE',  ( 1.000000000000000000, 0.000000000000000000, 0.000000000000000000 ) ) ;
#182 = CARTESIAN_POINT ( 'NONE',  ( -3.054126587736543996, 1.265060653844725547, -11.06874999999999964 ) ) ;
#183 = ORIENTED_EDGE ( 'NONE', *, *, #2310, .F. ) ;
#184 = CARTESIAN_POINT ( 'NONE',  ( -3.673940397442080083E-16, -3.000000000000031086, -7.725000000000000533 ) ) ;
#185 = CARTESIAN_POINT ( 'NONE',  ( 2.077900505740188919, 1.134034241299203938, 12.31976156732215877 ) ) ;
#186 = CARTESIAN_POINT ( 'NONE',  ( -2.350480947161686984, 0.9736010864139145182, -4.662499999999997868 ) ) ;
#187 = CARTESIAN_POINT ( 'NONE',  ( 2.350480947161686540, 0.9736010864139130749, 9.087500000000002132 ) ) ;
#188 = CARTESIAN_POINT ( 'NONE',  ( 2.121320343559653931, -2.121320343559669475, -3.724999999999999645 ) ) ;
#189 = AXIS2_PLACEMENT_3D ( 'NONE', #2445, #112, #3547 ) ;
#190 = CARTESIAN_POINT ( 'NONE',  ( 0.9736010864139306165, 2.350480947161671885, -6.787499999999999645 ) ) ;
#191 = CARTESIAN_POINT ( 'NONE',  ( -3.072558534747841019, 0.4976841216532870149, 11.84463617510293076 ) ) ;
#192 = CARTESIAN_POINT ( 'NONE',  ( -2.350480947161686984, 0.9736010864139136300, 2.462500000000001688 ) ) ;
#193 = VERTEX_POINT ( 'NONE', #876 ) ;
#194 = CARTESIAN_POINT ( 'NONE',  ( 0.000000000000000000, -1.785858122333501179E-15, 10.23500000000000476 ) ) ;
#195 = EDGE_CURVE ( 'NONE', #6290, #761, #3753, .T. ) ;
#196 = AXIS2_PLACEMENT_3D ( 'NONE', #3738, #3165, #6720 ) ;
#197 = DIRECTION ( 'NONE',  ( -0.000000000000000000, -1.224646799147353207E-16, 1.000000000000000000 ) ) ;
#198 = CARTESIAN_POINT ( 'NONE',  ( 3.054126587736543996, -1.532034497867168669E-14, -4.506250000000000533 ) ) ;
#199 = CARTESIAN_POINT ( 'NONE',  ( -3.000000000000015987, 1.242640687119277887, -6.162500000000000533 ) ) ;
#200 = CARTESIAN_POINT ( 'NONE',  ( -2.878508968398398972E-16, -2.350480947161700751, -11.34999999999999964 ) ) ;
#201 = VECTOR ( 'NONE', #66, 1000.000000000000000 ) ;
#202 = CARTESIAN_POINT ( 'NONE',  ( -2.159593620790641655, 2.159593620790626112, 1.806250000000000577 ) ) ;
#203 = CARTESIAN_POINT ( 'NONE',  ( 3.000000000000015543, -1.242640687119309417, 4.462500000000000355 ) ) ;
#204 =( BOUNDED_CURVE ( )  B_SPLINE_CURVE ( 2, ( #3969, #452, #5642, #1722, #5106, #562, #2757, #1161, #5714 ),
 .UNSPECIFIED., .F., .T. ) 
 B_SPLINE_CURVE_WITH_KNOTS ( ( 3, 2, 2, 2, 3 ),
 ( 0.8124999999999997780, 0.8281249999999997780, 0.8437499999999998890, 0.8593750000000000000, 0.8750000000000000000 ),
 .UNSPECIFIED. ) 
 CURVE ( )  GEOMETRIC_REPRESENTATION_ITEM ( )  RATIONAL_B_SPLINE_CURVE ( ( 1.000000000000001110, 0.9238795325112856283, 1.000000000000000000, 0.9238795325112867385, 1.000000000000000000, 0.9238795325112867385, 1.000000000000000000, 0.9238795325112867385, 1.000000000000000000 ) ) 
 REPRESENTATION_ITEM ( '' )  );
#205 = EDGE_LOOP ( 'NONE', ( #1458, #4113, #3757, #3974 ) ) ;
#206 = DIRECTION ( 'NONE',  ( -0.000000000000000000, -1.224646799147353207E-16, 1.000000000000000000 ) ) ;
#207 = CARTESIAN_POINT ( 'NONE',  ( -1.662041016787808134, -1.662041016787823677, 4.650000000000001243 ) ) ;
#208 = EDGE_CURVE ( 'NONE', #2926, #1726, #7261, .T. ) ;
#209 = CARTESIAN_POINT ( 'NONE',  ( 0.000000000000000000, -2.044870920353165796E-15, 12.34999999999999964 ) ) ;
#210 = CARTESIAN_POINT ( 'NONE',  ( 2.350480947161686984, -1.586847013223046836E-14, 1.025000000000001688 ) ) ;
#211 = VERTEX_POINT ( 'NONE', #3262 ) ;
#212 = VECTOR ( 'NONE', #3513, 1000.000000000000000 ) ;
#213 = CARTESIAN_POINT ( 'NONE',  ( 3.054126587736543996, -1.265060653844755301, -10.63124999999999964 ) ) ;
#214 = CARTESIAN_POINT ( 'NONE',  ( 1.662041016787808356, 1.662041016787791703, 4.025000000000001243 ) ) ;
#215 = CARTESIAN_POINT ( 'NONE',  ( -1.662041016787808134, -1.662041016787822345, -5.349999999999997868 ) ) ;
#216 = AXIS2_PLACEMENT_3D ( 'NONE', #785, #1795, #3542 ) ;
#217 = CARTESIAN_POINT ( 'NONE',  ( 2.351318378356411554, -1.296695102716260761, 6.629461837800022295 ) ) ;
#218 = CARTESIAN_POINT ( 'NONE',  ( 0.9736010864139287291, -2.350480947161702083, -4.162499999999997868 ) ) ;
#219 = CARTESIAN_POINT ( 'NONE',  ( 1.183421894625697801, -0.8695253588932785327, 12.31724921319468180 ) ) ;
#220 = CARTESIAN_POINT ( 'NONE',  ( 0.9736010864139287291, -2.350480947161703860, 8.837500000000002132 ) ) ;
#221 = CARTESIAN_POINT ( 'NONE',  ( 1.265060653844741090, 3.054126587736527121, 5.681250000000001243 ) ) ;
#222 = EDGE_CURVE ( 'NONE', #2203, #3392, #954, .T. ) ;
#223 = CARTESIAN_POINT ( 'NONE',  ( -2.350480947161686984, -1.411404579437145833E-14, -8.599999999999997868 ) ) ;
#224 = CARTESIAN_POINT ( 'NONE',  ( 2.121320343559654820, 2.121320343559639277, -10.35000000000000142 ) ) ;
#225 = CARTESIAN_POINT ( 'NONE',  ( -1.662041016787807912, 1.662041016787791703, 8.275000000000000355 ) ) ;
#226 = CARTESIAN_POINT ( 'NONE',  ( -3.054126587736543996, -1.365381460933869164E-14, -12.00625000000000142 ) ) ;
#227 = ORIENTED_EDGE ( 'NONE', *, *, #6431, .T. ) ;
#228 = CARTESIAN_POINT ( 'NONE',  ( 0.4815894377106067492, -3.118843115716661174, 11.82323739410218266 ) ) ;
#229 = CARTESIAN_POINT ( 'NONE',  ( 3.673940397442061840E-16, 2.999999999999999556, 12.34999999999999964 ) ) ;
#230 = CARTESIAN_POINT ( 'NONE',  ( -2.350480947161686984, -0.9736010864139439391, -2.537499999999998312 ) ) ;
#231 = CARTESIAN_POINT ( 'NONE',  ( 2.350480947161686984, -1.597562672715585846E-14, 1.900000000000001243 ) ) ;
#232 = CARTESIAN_POINT ( 'NONE',  ( 1.804573244570058854, -2.266058621639014614, 7.190652185991297074 ) ) ;
#233 = CARTESIAN_POINT ( 'NONE',  ( -2.350480947161686984, 0.9736010864139147403, -7.537499999999999645 ) ) ;
#234 = CARTESIAN_POINT ( 'NONE',  ( 2.350480947161686540, -0.9736010864139461596, 2.962500000000001688 ) ) ;
#235 = ORIENTED_EDGE ( 'NONE', *, *, #661, .F. ) ;
#236 = DIRECTION ( 'NONE',  ( 0.000000000000000000, 1.000000000000000000, 0.000000000000000000 ) ) ;
#237 = CARTESIAN_POINT ( 'NONE',  ( 0.000000000000000000, 2.350480947161671441, 2.212500000000001688 ) ) ;
#238 = CARTESIAN_POINT ( 'NONE',  ( 0.000000000000000000, 3.054126587736528897, -3.256250000000000533 ) ) ;
#239 = CARTESIAN_POINT ( 'NONE',  ( 0.000000000000000000, -2.044870920353165796E-15, 12.34999999999999964 ) ) ;
#240 = CARTESIAN_POINT ( 'NONE',  ( 3.054126587736543996, -1.265060653844756189, 0.3687500000000001887 ) ) ;
#241 = DIRECTION ( 'NONE',  ( 0.02078751127481447483, 0.1045058763748857172, 0.9943069954385901354 ) ) ;
#242 = EDGE_LOOP ( 'NONE', ( #1295, #4359, #3771, #5252 ) ) ;
#243 = CARTESIAN_POINT ( 'NONE',  ( -2.878508968398398972E-16, -2.350480947161702971, 4.775000000000001243 ) ) ;
#244 = CARTESIAN_POINT ( 'NONE',  ( -1.662041016787807912, 1.662041016787791925, 6.400000000000002132 ) ) ;
#245 = CARTESIAN_POINT ( 'NONE',  ( -0.9736010864139292842, -2.350480947161701639, -9.287499999999999645 ) ) ;
#246 = CARTESIAN_POINT ( 'NONE',  ( -2.350480947161686984, -1.510907131867868141E-14, -0.4749999999999979794 ) ) ;
#247 = ORIENTED_EDGE ( 'NONE', *, *, #1533, .T. ) ;
#248 = CARTESIAN_POINT ( 'NONE',  ( 1.265060653844741090, 3.054126587736528897, -8.381249999999999645 ) ) ;
#249 =( BOUNDED_CURVE ( )  B_SPLINE_CURVE ( 2, ( #2297, #7363, #36, #5218, #6874, #5747, #2188, #2260, #3402 ),
 .UNSPECIFIED., .F., .T. ) 
 B_SPLINE_CURVE_WITH_KNOTS ( ( 3, 2, 2, 2, 3 ),
 ( 0.3750000000000000000, 0.3906250000000000000, 0.4062500000000000555, 0.4218750000000001110, 0.4375000000000001110 ),
 .UNSPECIFIED. ) 
 CURVE ( )  GEOMETRIC_REPRESENTATION_ITEM ( )  RATIONAL_B_SPLINE_CURVE ( ( 1.000000000000000000, 0.9238795325112867385, 1.000000000000000000, 0.9238795325112867385, 1.000000000000000000, 0.9238795325112867385, 1.000000000000000000, 0.9238795325112861834, 1.000000000000000444 ) ) 
 REPRESENTATION_ITEM ( '' )  );
#250 = EDGE_CURVE ( 'NONE', #1484, #96, #5581, .T. ) ;
#251 = CARTESIAN_POINT ( 'NONE',  ( 2.350480947161686540, 0.9736010864139138521, 2.962500000000001688 ) ) ;
#252 = CARTESIAN_POINT ( 'NONE',  ( -0.9736010864139290621, 2.350480947161673662, -12.78749999999999787 ) ) ;
#253 = CARTESIAN_POINT ( 'NONE',  ( 2.155449250553446827, -1.590598779446536604, 6.611931648012266294 ) ) ;
#254 = CARTESIAN_POINT ( 'NONE',  ( -0.9736010864139290621, 2.350480947161671441, 0.3375000000000017986 ) ) ;
#255 = CARTESIAN_POINT ( 'NONE',  ( -3.054412875492944934, -0.3251202354753296442, 10.76374999999999815 ) ) ;
#256 = ORIENTED_EDGE ( 'NONE', *, *, #3996, .F. ) ;
#257 = CARTESIAN_POINT ( 'NONE',  ( -1.662041016787807912, 1.662041016787793923, -9.724999999999997868 ) ) ;
#258 = CARTESIAN_POINT ( 'NONE',  ( 1.242640687119292764, -3.000000000000031974, 3.212499999999999911 ) ) ;
#259 = CARTESIAN_POINT ( 'NONE',  ( 1.971293121222688738, 1.608096490817347179, 6.243289277920457181 ) ) ;
#260 = CARTESIAN_POINT ( 'NONE',  ( 3.054126587736543996, -1.265060653844755301, -6.568750000000000533 ) ) ;
#261 = ORIENTED_EDGE ( 'NONE', *, *, #3531, .F. ) ;
#262 = CARTESIAN_POINT ( 'NONE',  ( 0.4225759122075650187, -3.155379854719143395, 11.81365701814858760 ) ) ;
#263 = CARTESIAN_POINT ( 'NONE',  ( 1.662041016787807912, -1.662041016787823233, -2.224999999999998312 ) ) ;
#264 = CARTESIAN_POINT ( 'NONE',  ( -3.740226349862386965E-16, -3.054126587736560872, 7.243749999999999467 ) ) ;
#265 = CARTESIAN_POINT ( 'NONE',  ( -0.3630634879330885134, 3.108036279359866594, 11.29552256366799234 ) ) ;
#266 = CARTESIAN_POINT ( 'NONE',  ( 2.350480947161686984, -1.488875269291258087E-14, -6.974999999999998757 ) ) ;
#267 = CARTESIAN_POINT ( 'NONE',  ( 1.242640687119298093, -3.000000000000027089, 6.212499999999999467 ) ) ;
#268 = CARTESIAN_POINT ( 'NONE',  ( 2.350480947161686540, 0.9736010864139139631, 2.087500000000001688 ) ) ;
#269 = VERTEX_POINT ( 'NONE', #3111 ) ;
#270 = CARTESIAN_POINT ( 'NONE',  ( 3.039212496907505834, -0.4595844439516854063, 11.48214195586165332 ) ) ;
#271 = CARTESIAN_POINT ( 'NONE',  ( -1.242640687119278997, 3.000000000000014211, 4.837500000000000355 ) ) ;
#272 = CARTESIAN_POINT ( 'NONE',  ( -1.265060653844739091, 3.054126587736529341, -5.193750000000000533 ) ) ;
#273 = CARTESIAN_POINT ( 'NONE',  ( 0.000000000000000000, 2.350480947161672329, -5.724999999999998757 ) ) ;
#274 = CARTESIAN_POINT ( 'NONE',  ( -0.9736010864139292842, -2.350480947161702083, 0.5875000000000020206 ) ) ;
#275 = ORIENTED_EDGE ( 'NONE', *, *, #542, .F. ) ;
#276 = CARTESIAN_POINT ( 'NONE',  ( -2.350480947161686984, 0.9736010864139135190, 3.462500000000002132 ) ) ;
#277 = CARTESIAN_POINT ( 'NONE',  ( -2.350480947161686984, -1.596632407808182745E-14, 6.525000000000002132 ) ) ;
#278 = CARTESIAN_POINT ( 'NONE',  ( -1.662041016787808134, -1.662041016787821679, -10.34999999999999787 ) ) ;
#279 = CARTESIAN_POINT ( 'NONE',  ( -2.350480947161686984, -0.9736010864139442722, -0.4124999999999979239 ) ) ;
#280 = ORIENTED_EDGE ( 'NONE', *, *, #5795, .F. ) ;
#281 = CARTESIAN_POINT ( 'NONE',  ( -3.054126587736543996, 1.265060653844724659, -7.131249999999998757 ) ) ;
#282 = CARTESIAN_POINT ( 'NONE',  ( -0.9736010864139290621, 2.350480947161670553, 8.212500000000000355 ) ) ;
#283 = CARTESIAN_POINT ( 'NONE',  ( -1.662041016787807912, 1.662041016787794367, -12.72499999999999787 ) ) ;
#284 = DIRECTION ( 'NONE',  ( -0.07992773943613254439, -0.07992773943613266929, 0.9935910189495773537 ) ) ;
#285 = CARTESIAN_POINT ( 'NONE',  ( -1.662041016787808134, -1.662041016787823011, -0.3499999999999978684 ) ) ;
#286 = CARTESIAN_POINT ( 'NONE',  ( -3.000000000000016431, -1.548261804193872929E-14, 2.899999999999999911 ) ) ;
#287 = DIRECTION ( 'NONE',  ( -3.572751616271195736E-15, -0.9945218953682732899, -0.1045284632676538178 ) ) ;
#288 = ADVANCED_FACE ( 'NONE', ( #4894 ), #4356, .T. ) ;
#289 = ORIENTED_EDGE ( 'NONE', *, *, #1495, .T. ) ;
#290 = CARTESIAN_POINT ( 'NONE',  ( 1.662041016787808356, 1.662041016787793479, -8.974999999999997868 ) ) ;
#291 = CARTESIAN_POINT ( 'NONE',  ( 2.144601123381479013, 1.452102521007499147, -12.13997998711238147 ) ) ;
#292 = CARTESIAN_POINT ( 'NONE',  ( -1.242640687119285881, -3.000000000000038636, -2.912499999999999201 ) ) ;
#293 = CARTESIAN_POINT ( 'NONE',  ( -2.159593620790641655, 2.159593620790627000, -6.131250000000000533 ) ) ;
#294 = ORIENTED_EDGE ( 'NONE', *, *, #345, .F. ) ;
#295 = CARTESIAN_POINT ( 'NONE',  ( 1.242640687119293874, 2.999999999999999112, 4.587500000000000355 ) ) ;
#296 = ADVANCED_FACE ( 'NONE', ( #1478 ), #5423, .T. ) ;
#297 = DIRECTION ( 'NONE',  ( -1.000000000000000000, 1.224646799147353207E-16, 1.499759782661857608E-32 ) ) ;
#298 = CARTESIAN_POINT ( 'NONE',  ( -1.662041016787807912, 1.662041016787793257, -4.724999999999997868 ) ) ;
#299 = CARTESIAN_POINT ( 'NONE',  ( -2.159593620790641655, 2.159593620790625224, 7.868749999999998579 ) ) ;
#300 = PLANE ( 'NONE',  #532 ) ;
#301 = CARTESIAN_POINT ( 'NONE',  ( -2.878508968398398972E-16, -2.350480947161701639, -6.224999999999997868 ) ) ;
#302 = CARTESIAN_POINT ( 'NONE',  ( -0.5257718158227986383, -2.072279788034159242, 12.11187273411069754 ) ) ;
#303 = CARTESIAN_POINT ( 'NONE',  ( 0.000000000000000000, 2.350480947161671441, 2.275000000000001688 ) ) ;
#304 = ORIENTED_EDGE ( 'NONE', *, *, #5152, .T. ) ;
#305 = DIRECTION ( 'NONE',  ( -0.000000000000000000, -1.224646799147353207E-16, 1.000000000000000000 ) ) ;
#306 = CARTESIAN_POINT ( 'NONE',  ( 3.673940397442061840E-16, 2.999999999999999556, 12.34999999999999964 ) ) ;
#307 = CARTESIAN_POINT ( 'NONE',  ( -2.159593620790641655, -2.159593620790656754, -1.881250000000000089 ) ) ;
#308 = CARTESIAN_POINT ( 'NONE',  ( 3.058033318125259914, -0.3057325481516436905, 10.76374999999999815 ) ) ;
#309 = EDGE_CURVE ( 'NONE', #4371, #6654, #2121, .T. ) ;
#310 = CARTESIAN_POINT ( 'NONE',  ( 0.000000000000000000, 3.054126587736528453, 1.681250000000000355 ) ) ;
#311 = CARTESIAN_POINT ( 'NONE',  ( 0.000000000000000000, 2.350480947161671441, 1.150000000000001688 ) ) ;
#312 = ORIENTED_EDGE ( 'NONE', *, *, #5369, .T. ) ;
#313 = CARTESIAN_POINT ( 'NONE',  ( -2.350480947161686984, -1.559893003833762200E-14, 3.525000000000002132 ) ) ;
#314 = AXIS2_PLACEMENT_3D ( 'NONE', #3341, #3984, #5087 ) ;
#315 = CARTESIAN_POINT ( 'NONE',  ( 1.662041016787808356, 1.662041016787793257, -7.849999999999999645 ) ) ;
#316 = FACE_OUTER_BOUND ( 'NONE', #2913, .T. ) ;
#317 = ORIENTED_EDGE ( 'NONE', *, *, #6217, .T. ) ;
#318 = AXIS2_PLACEMENT_3D ( 'NONE', #3379, #5050, #2202 ) ;
#319 = CARTESIAN_POINT ( 'NONE',  ( 0.000000000000000000, 2.350480947161673217, -12.72499999999999787 ) ) ;
#320 = CARTESIAN_POINT ( 'NONE',  ( -1.265060653844739091, 3.054126587736528453, 0.8062499999999996891 ) ) ;
#321 = CARTESIAN_POINT ( 'NONE',  ( 1.662041016787807912, -1.662041016787822789, -5.099999999999998757 ) ) ;
#322 = AXIS2_PLACEMENT_3D ( 'NONE', #2880, #4621, #1800 ) ;
#323 = CARTESIAN_POINT ( 'NONE',  ( 0.8734043253782510785, -2.502237118710427310, 6.533499699304964103 ) ) ;
#324 = CARTESIAN_POINT ( 'NONE',  ( -1.662041016787807912, 1.662041016787793035, -1.599999999999998090 ) ) ;
#325 = CARTESIAN_POINT ( 'NONE',  ( -0.8632880660056281297, 1.177184601738074710, 12.23971270034656911 ) ) ;
#326 = CARTESIAN_POINT ( 'NONE',  ( -0.3057325481517032539, -3.058033318125255917, 10.76374999999999815 ) ) ;
#327 = VECTOR ( 'NONE', #6185, 1000.000000000000000 ) ;
#328 = APPROVAL_PERSON_ORGANIZATION ( #5108, #2036, #6801 ) ;
#329 = ORIENTED_EDGE ( 'NONE', *, *, #2697, .F. ) ;
#330 = CARTESIAN_POINT ( 'NONE',  ( -2.350480947161686984, -1.435897515420092863E-14, -6.599999999999997868 ) ) ;
#331 = CARTESIAN_POINT ( 'NONE',  ( 2.514170284903495034, 0.3937808767119073683, -12.18523458673742077 ) ) ;
#332 = CARTESIAN_POINT ( 'NONE',  ( 1.638102181882336472, 1.963965816941300790, 6.280262062612058216 ) ) ;
#333 = CARTESIAN_POINT ( 'NONE',  ( 3.054126587736543996, 1.265060653844725769, -9.443750000000001421 ) ) ;
#334 = VERTEX_POINT ( 'NONE', #2802 ) ;
#335 = LOCAL_TIME ( 3, 38, 27.00000000000000000, #380 ) ;
#336 = CARTESIAN_POINT ( 'NONE',  ( 0.4325048716932775039, -3.153643090095640478, 11.81379693140229747 ) ) ;
#337 =( BOUNDED_CURVE ( )  B_SPLINE_CURVE ( 3, ( #3599, #52, #4779, #88 ),
 .UNSPECIFIED., .F., .T. ) 
 B_SPLINE_CURVE_WITH_KNOTS ( ( 4, 4 ),
 ( 2.946332657651817843, 3.336852649527770165 ),
 .UNSPECIFIED. ) 
 CURVE ( )  GEOMETRIC_REPRESENTATION_ITEM ( )  RATIONAL_B_SPLINE_CURVE ( ( 1.000000000000000000, 0.9873315052531760339, 0.9873315052531760339, 1.000000000000000000 ) ) 
 REPRESENTATION_ITEM ( '' )  );
#338 = CARTESIAN_POINT ( 'NONE',  ( -2.121320343559653931, 2.121320343559639277, -6.100000000000000533 ) ) ;
#339 = CARTESIAN_POINT ( 'NONE',  ( 0.000000000000000000, 2.350480947161671441, 1.150000000000001688 ) ) ;
#340 = CARTESIAN_POINT ( 'NONE',  ( 1.074489722339891484, -2.090510109890911128, 5.725889215912934205 ) ) ;
#341 = CARTESIAN_POINT ( 'NONE',  ( 2.531222014584514124, -1.443960487676457127, 7.265550019184801478 ) ) ;
#342 = CARTESIAN_POINT ( 'NONE',  ( 2.350480947161686540, -0.9736010864139448273, -7.037499999999999645 ) ) ;
#343 = CARTESIAN_POINT ( 'NONE',  ( -3.673940397442080083E-16, -3.000000000000031086, -6.850000000000000533 ) ) ;
#344 = CARTESIAN_POINT ( 'NONE',  ( 2.350480947161686540, -0.9736010864139444942, -11.16249999999999964 ) ) ;
#345 = EDGE_CURVE ( 'NONE', #6290, #656, #4201, .T. ) ;
#346 = ORIENTED_EDGE ( 'NONE', *, *, #1082, .T. ) ;
#347 = CARTESIAN_POINT ( 'NONE',  ( 1.662041016787808356, 1.662041016787791703, 4.150000000000002132 ) ) ;
#348 = EDGE_LOOP ( 'NONE', ( #4469, #2540, #329, #6260 ) ) ;
#349 = FACE_OUTER_BOUND ( 'NONE', #4062, .T. ) ;
#350 = CYLINDRICAL_SURFACE ( 'NONE', #5278, 3.000000000000001776 ) ;
#351 = CARTESIAN_POINT ( 'NONE',  ( -3.054126587736543996, -1.265060653844753746, -2.943750000000000533 ) ) ;
#352 = CARTESIAN_POINT ( 'NONE',  ( 3.057679023324716638, -0.3092763164257499864, 10.76374999999999815 ) ) ;
#353 = CARTESIAN_POINT ( 'NONE',  ( 0.000000000000000000, 3.054126587736528453, 2.681250000000000355 ) ) ;
#354 = CARTESIAN_POINT ( 'NONE',  ( 0.000000000000000000, 3.000000000000000444, 4.774999999999999467 ) ) ;
#355 = ORIENTED_EDGE ( 'NONE', *, *, #2314, .F. ) ;
#356 = CARTESIAN_POINT ( 'NONE',  ( 2.350480947161686540, -0.9736010864139463816, 4.962500000000001243 ) ) ;
#357 = CARTESIAN_POINT ( 'NONE',  ( -2.350480947161686984, -0.9736010864139430510, -9.412499999999999645 ) ) ;
#358 = EDGE_CURVE ( 'NONE', #849, #2333, #582, .T. ) ;
#359 =( BOUNDED_CURVE ( )  B_SPLINE_CURVE ( 2, ( #6685, #7285, #6648, #3206, #1467, #5525, #338, #2639, #6727 ),
 .UNSPECIFIED., .F., .F. ) 
 B_SPLINE_CURVE_WITH_KNOTS ( ( 3, 2, 2, 2, 3 ),
 ( 0.06249999999999995837, 0.07812499999999997224, 0.09374999999999997224, 0.1093749999999999861, 0.1250000000000000000 ),
 .UNSPECIFIED. ) 
 CURVE ( )  GEOMETRIC_REPRESENTATION_ITEM ( )  RATIONAL_B_SPLINE_CURVE ( ( 1.000000000000000222, 0.9238795325112865164, 1.000000000000000000, 0.9238795325112867385, 1.000000000000000000, 0.9238795325112867385, 1.000000000000000000, 0.9238795325112867385, 1.000000000000000000 ) ) 
 REPRESENTATION_ITEM ( '' )  );
#360 = CARTESIAN_POINT ( 'NONE',  ( -2.350480947161686984, 0.9736010864139137411, 1.462500000000002132 ) ) ;
#361 = ORIENTED_EDGE ( 'NONE', *, *, #1352, .T. ) ;
#362 = CARTESIAN_POINT ( 'NONE',  ( 2.350480947161686984, -1.658795012672953420E-14, 6.900000000000001243 ) ) ;
#363 = CARTESIAN_POINT ( 'NONE',  ( 0.000000000000000000, 2.350480947161673217, -12.84999999999999787 ) ) ;
#364 = DIRECTION ( 'NONE',  ( 0.000000000000000000, -1.000000000000000000, 0.000000000000000000 ) ) ;
#365 = CARTESIAN_POINT ( 'NONE',  ( 0.9736010864139287291, -2.350480947161702083, -1.162499999999998535 ) ) ;
#366 = CARTESIAN_POINT ( 'NONE',  ( -0.5275177333914037314, 1.995859359895144403, 12.12848403016564447 ) ) ;
#367 = LINE ( 'NONE', #4987, #74 ) ;
#368 = VERTEX_POINT ( 'NONE', #5724 ) ;
#369 = CARTESIAN_POINT ( 'NONE',  ( 2.350480947161686540, 0.9736010864139149623, -6.037499999999997868 ) ) ;
#370 = CARTESIAN_POINT ( 'NONE',  ( 1.504313540308745312, 2.171004354830318839, -12.10363442636581688 ) ) ;
#371 = CARTESIAN_POINT ( 'NONE',  ( 2.986514216272652789, -0.2841352424488192696, 7.510428147091761986 ) ) ;
#372 = CARTESIAN_POINT ( 'NONE',  ( 2.159593620790641655, -2.159593620790656310, -9.631250000000001421 ) ) ;
#373 = CARTESIAN_POINT ( 'NONE',  ( 1.298696827297868062, -2.578329359863710035, -11.84406603306452688 ) ) ;
#374 = ORIENTED_EDGE ( 'NONE', *, *, #6254, .F. ) ;
#375 = CARTESIAN_POINT ( 'NONE',  ( 2.350480947161686540, -0.9736010864139462706, 3.837500000000002132 ) ) ;
#376 = CARTESIAN_POINT ( 'NONE',  ( -3.000000000000015987, -1.242640687119306309, -9.037499999999999645 ) ) ;
#377 = CARTESIAN_POINT ( 'NONE',  ( -0.9736010864139292842, -2.350480947161702527, -0.4124999999999979239 ) ) ;
#378 = CARTESIAN_POINT ( 'NONE',  ( 3.054126587736543996, 1.265060653844723770, 8.556250000000000355 ) ) ;
#379 = CARTESIAN_POINT ( 'NONE',  ( 3.108036279359861265, -0.3630634879331334774, 11.29552256366799057 ) ) ;
#380 = COORDINATED_UNIVERSAL_TIME_OFFSET ( 6, 0, .BEHIND. ) ;
#381 = CARTESIAN_POINT ( 'NONE',  ( -2.970850936007386256, -0.3834009397634999261, 10.75730433161556832 ) ) ;
#382 = CARTESIAN_POINT ( 'NONE',  ( 1.662041016787808356, 1.662041016787791703, 5.150000000000002132 ) ) ;
#383 = VERTEX_POINT ( 'NONE', #3938 ) ;
#384 = EDGE_CURVE ( 'NONE', #3093, #1812, #1013, .T. ) ;
#385 = DIRECTION ( 'NONE',  ( 0.000000000000000000, -1.000000000000000000, 0.000000000000000000 ) ) ;
#386 = CARTESIAN_POINT ( 'NONE',  ( -2.159593620790641655, -2.159593620790657198, -0.8812500000000000888 ) ) ;
#387 = CARTESIAN_POINT ( 'NONE',  ( 1.967675189122390034, 0.3840784068098184179, 10.76374999999999815 ) ) ;
#388 = CARTESIAN_POINT ( 'NONE',  ( -1.662041016787808134, -1.662041016787822567, -4.349999999999997868 ) ) ;
#389 = DIRECTION ( 'NONE',  ( -1.000000000000000000, 0.000000000000000000, 0.000000000000000000 ) ) ;
#390 = ORIENTED_EDGE ( 'NONE', *, *, #4142, .F. ) ;
#391 = CARTESIAN_POINT ( 'NONE',  ( -0.9736010864139292842, -2.350480947161702527, 2.712500000000001243 ) ) ;
#392 = CARTESIAN_POINT ( 'NONE',  ( -2.350480947161686984, 0.9736010864139150733, -9.537499999999997868 ) ) ;
#393 = ADVANCED_FACE ( 'NONE', ( #5008 ), #1135, .T. ) ;
#394 = CARTESIAN_POINT ( 'NONE',  ( 2.350480947161686540, 0.9736010864139145182, -3.037499999999998312 ) ) ;
#395 = ORIENTED_EDGE ( 'NONE', *, *, #1352, .F. ) ;
#396 = CARTESIAN_POINT ( 'NONE',  ( -2.159593620790641655, 2.159593620790626112, 0.8687499999999994671 ) ) ;
#397 = CARTESIAN_POINT ( 'NONE',  ( 2.350480947161686540, 0.9736010864139150733, -7.037499999999999645 ) ) ;
#398 = DIRECTION ( 'NONE',  ( -0.000000000000000000, -1.224646799147353207E-16, 1.000000000000000000 ) ) ;
#399 = CARTESIAN_POINT ( 'NONE',  ( 2.350480947161686540, -0.9736010864139459375, -0.03749999999999848593 ) ) ;
#400 = CARTESIAN_POINT ( 'NONE',  ( 0.000000000000000000, 3.000000000000000888, 2.650000000000000355 ) ) ;
#401 = CARTESIAN_POINT ( 'NONE',  ( -3.091509231002911307, -0.3439606233699654680, 11.11825236326803257 ) ) ;
#402 = EDGE_LOOP ( 'NONE', ( #4594, #6388, #5674, #1534, #4690 ) ) ;
#403 = CARTESIAN_POINT ( 'NONE',  ( 2.350480947161686540, 0.9736010864139149623, -5.037499999999998757 ) ) ;
#404 = CARTESIAN_POINT ( 'NONE',  ( -0.3826289599287513443, -3.048904827653273308, 10.74995943411646948 ) ) ;
#405 = EDGE_CURVE ( 'NONE', #6556, #2075, #6883, .T. ) ;
#406 = CARTESIAN_POINT ( 'NONE',  ( 0.000000000000000000, 3.054126587736529785, -8.256249999999999645 ) ) ;
#407 = CARTESIAN_POINT ( 'NONE',  ( 7.259706225345507542E-16, 5.927999999999997272, 10.23500000000000476 ) ) ;
#408 = ORIENTED_EDGE ( 'NONE', *, *, #7408, .T. ) ;
#409 = CARTESIAN_POINT ( 'NONE',  ( 2.350480947161686984, -1.634302076690006391E-14, 4.900000000000001243 ) ) ;
#410 = AXIS2_PLACEMENT_3D ( 'NONE', #5107, #1017, #7397 ) ;
#411 = CARTESIAN_POINT ( 'NONE',  ( 0.000000000000000000, -4.658104324049653577, 7.649999999999997691 ) ) ;
#412 = CARTESIAN_POINT ( 'NONE',  ( 0.9736010864139287291, -2.350480947161703416, -0.2874999999999987010 ) ) ;
#413 = CARTESIAN_POINT ( 'NONE',  ( 1.265060653844738425, -3.054126587736561316, 8.306249999999998579 ) ) ;
#414 = CARTESIAN_POINT ( 'NONE',  ( -2.350480947161686984, 0.9736010864139137411, 1.337500000000001688 ) ) ;
#415 = CARTESIAN_POINT ( 'NONE',  ( 1.242640687119293874, 3.000000000000001776, -6.412500000000000533 ) ) ;
#416 = CARTESIAN_POINT ( 'NONE',  ( -1.662041016787808134, -1.662041016787821679, -11.47499999999999964 ) ) ;
#417 = CARTESIAN_POINT ( 'NONE',  ( -0.9736010864139292842, -2.350480947161703416, 6.712500000000002132 ) ) ;
#418 = CARTESIAN_POINT ( 'NONE',  ( 0.000000000000000000, 3.000000000000001776, -4.349999999999999645 ) ) ;
#419 = CARTESIAN_POINT ( 'NONE',  ( 1.242640687119293874, 3.000000000000001776, -7.412499999999999645 ) ) ;
#420 = LINE ( 'NONE', #5047, #3712 ) ;
#421 = CARTESIAN_POINT ( 'NONE',  ( -3.673940397442080083E-16, -3.000000000000031974, 0.1499999999999999944 ) ) ;
#422 = CARTESIAN_POINT ( 'NONE',  ( 2.350480947161686540, -0.9736010864139457155, -2.037499999999998312 ) ) ;
#423 = CARTESIAN_POINT ( 'NONE',  ( 0.000000000000000000, 3.054126587736528453, 1.681250000000000355 ) ) ;
#424 = EDGE_CURVE ( 'NONE', #6702, #1450, #6510, .T. ) ;
#425 = ORIENTED_EDGE ( 'NONE', *, *, #4854, .T. ) ;
#426 = CARTESIAN_POINT ( 'NONE',  ( 0.4969619867922603351, -3.148072318304186989, 11.83776552085041445 ) ) ;
#427 = CARTESIAN_POINT ( 'NONE',  ( -1.662041016787807912, 1.662041016787793479, -5.599999999999997868 ) ) ;
#428 = CARTESIAN_POINT ( 'NONE',  ( -1.662041016787808134, -1.662041016787822567, -3.474999999999998312 ) ) ;
#429 = ORIENTED_EDGE ( 'NONE', *, *, #3682, .F. ) ;
#430 = CARTESIAN_POINT ( 'NONE',  ( 2.350480947161686540, -0.9736010864139467147, 7.837500000000000355 ) ) ;
#431 = CARTESIAN_POINT ( 'NONE',  ( 0.000000000000000000, 2.350480947161672773, -7.849999999999999645 ) ) ;
#432 = CIRCLE ( 'NONE', #314, 9.705139063893135187 ) ;
#433 = CARTESIAN_POINT ( 'NONE',  ( 2.425715968115476073, 1.257643186313018413, 6.759339021614022336 ) ) ;
#434 = CARTESIAN_POINT ( 'NONE',  ( 2.350480947161686984, -1.524083864766745073E-14, -4.099999999999998757 ) ) ;
#435 = ADVANCED_FACE ( 'NONE', ( #7372 ), #2162, .T. ) ;
#436 = CARTESIAN_POINT ( 'NONE',  ( 0.000000000000000000, -2.044870920353165796E-15, 12.34999999999999964 ) ) ;
#437 = FACE_OUTER_BOUND ( 'NONE', #7203, .T. ) ;
#438 = EDGE_LOOP ( 'NONE', ( #7245, #1605, #6190, #4938 ) ) ;
#439 = CARTESIAN_POINT ( 'NONE',  ( -0.9736010864139290621, 2.350480947161672329, -5.787499999999997868 ) ) ;
#440 = CARTESIAN_POINT ( 'NONE',  ( -0.4214895771970361693, -3.005328587667245088, 11.11969350972298720 ) ) ;
#441 = DIRECTION ( 'NONE',  ( -1.000000000000000000, 0.000000000000000000, -0.000000000000000000 ) ) ;
#442 = CARTESIAN_POINT ( 'NONE',  ( -3.673940397442080083E-16, -3.000000000000030642, -10.72499999999999964 ) ) ;
#443 = CARTESIAN_POINT ( 'NONE',  ( -0.9203972908108923878, 2.563768192573161464, -12.00732809882735985 ) ) ;
#444 = ORIENTED_EDGE ( 'NONE', *, *, #1202, .T. ) ;
#445 = CIRCLE ( 'NONE', #6843, 3.183625345212382385 ) ;
#446 =( BOUNDED_CURVE ( )  B_SPLINE_CURVE ( 2, ( #7184, #1481, #3720, #5547, #4325, #5586, #845, #880, #3149 ),
 .UNSPECIFIED., .F., .F. ) 
 B_SPLINE_CURVE_WITH_KNOTS ( ( 3, 2, 2, 2, 3 ),
 ( 0.4374999999999998335, 0.4531249999999998890, 0.4687499999999998890, 0.4843749999999999445, 0.5000000000000000000 ),
 .UNSPECIFIED. ) 
 CURVE ( )  GEOMETRIC_REPRESENTATION_ITEM ( )  RATIONAL_B_SPLINE_CURVE ( ( 1.000000000000000888, 0.9238795325112859613, 1.000000000000000000, 0.9238795325112867385, 1.000000000000000000, 0.9238795325112867385, 1.000000000000000000, 0.9238795325112867385, 1.000000000000000000 ) ) 
 REPRESENTATION_ITEM ( '' )  );
#447 = CARTESIAN_POINT ( 'NONE',  ( -2.350480947161686984, 0.9736010864139135190, 3.337500000000002132 ) ) ;
#448 = CIRCLE ( 'NONE', #4068, 5.927999999999999936 ) ;
#449 = EDGE_CURVE ( 'NONE', #3741, #6091, #2900, .T. ) ;
#450 = DIRECTION ( 'NONE',  ( -4.188538737677001009E-17, -0.3420201433256696011, 0.9396926207859082059 ) ) ;
#451 = CARTESIAN_POINT ( 'NONE',  ( 0.9736010864139287291, -2.350480947161703416, 1.712500000000001243 ) ) ;
#452 = CARTESIAN_POINT ( 'NONE',  ( -1.242640687119279219, -3.000000000000045297, -4.787499999999999645 ) ) ;
#453 = CARTESIAN_POINT ( 'NONE',  ( 0.3251202354753178758, -3.054412875492947155, 10.76374999999999815 ) ) ;
#454 = AXIS2_PLACEMENT_3D ( 'NONE', #105, #3505, #4722 ) ;
#455 = APPROVAL_DATE_TIME ( #2683, #2036 ) ;
#456 = CARTESIAN_POINT ( 'NONE',  ( 0.9736010864139306165, 2.350480947161670553, 5.087500000000002132 ) ) ;
#457 = CARTESIAN_POINT ( 'NONE',  ( -2.350480947161686984, -0.9736010864139430510, -10.53749999999999787 ) ) ;
#458 = ORIENTED_EDGE ( 'NONE', *, *, #4786, .T. ) ;
#459 = CARTESIAN_POINT ( 'NONE',  ( 2.350480947161686984, -1.660325821171887610E-14, 7.025000000000002132 ) ) ;
#460 = CARTESIAN_POINT ( 'NONE',  ( 2.121320343559653931, -2.121320343559671251, 6.399999999999998579 ) ) ;
#461 = DIRECTION ( 'NONE',  ( -0.000000000000000000, -1.224646799147353207E-16, 1.000000000000000000 ) ) ;
#462 = CARTESIAN_POINT ( 'NONE',  ( 3.054126587736543996, 1.265060653844724214, 1.556249999999999689 ) ) ;
#463 = CARTESIAN_POINT ( 'NONE',  ( 1.242640687119293874, 2.999999999999999556, 0.5875000000000003553 ) ) ;
#464 = CARTESIAN_POINT ( 'NONE',  ( 2.350480947161686540, -0.9736010864139444942, -12.03749999999999787 ) ) ;
#465 = CARTESIAN_POINT ( 'NONE',  ( -1.662041016787807912, 1.662041016787793257, -4.599999999999997868 ) ) ;
#466 = CARTESIAN_POINT ( 'NONE',  ( 0.000000000000000000, 1.734723475976807094E-15, 2.633590374065734707 ) ) ;
#467 = EDGE_CURVE ( 'NONE', #20, #5432, #6810, .T. ) ;
#468 = ORIENTED_EDGE ( 'NONE', *, *, #1585, .F. ) ;
#469 = CARTESIAN_POINT ( 'NONE',  ( 2.928956153605915880, -0.6477818958701798691, 7.494377277581222074 ) ) ;
#470 = DIRECTION ( 'NONE',  ( 0.9967800569107644337, 0.000000000000000000, -0.08018427617041551381 ) ) ;
#471 = CARTESIAN_POINT ( 'NONE',  ( 1.662041016787808356, 1.662041016787792591, -2.974999999999998312 ) ) ;
#472 = EDGE_LOOP ( 'NONE', ( #479, #93, #2895, #2560 ) ) ;
#473 = CARTESIAN_POINT ( 'NONE',  ( -1.662041016787808134, -1.662041016787822345, -6.474999999999997868 ) ) ;
#474 = CARTESIAN_POINT ( 'NONE',  ( -0.4681485676321192058, 3.133884491904697089, 11.81881367368264080 ) ) ;
#475 = CARTESIAN_POINT ( 'NONE',  ( 2.350480947161686984, -1.599093481214520351E-14, 2.025000000000001688 ) ) ;
#476 = CARTESIAN_POINT ( 'NONE',  ( 0.3824046323609550102, 2.991115787872125509, 10.76374999999999815 ) ) ;
#477 = CARTESIAN_POINT ( 'NONE',  ( 0.000000000000000000, -2.044870920353165796E-15, 12.34999999999999964 ) ) ;
#478 = EDGE_CURVE ( 'NONE', #6930, #5175, #7361, .T. ) ;
#479 = ORIENTED_EDGE ( 'NONE', *, *, #7221, .F. ) ;
#480 = CARTESIAN_POINT ( 'NONE',  ( 2.350480947161686984, -1.511837396775271558E-14, -5.099999999999998757 ) ) ;
#481 = CARTESIAN_POINT ( 'NONE',  ( 0.9736010864139287291, -2.350480947161701639, -11.16249999999999964 ) ) ;
#482 = CARTESIAN_POINT ( 'NONE',  ( 2.076360577286916254, -0.5462873287922530574, 12.30706480146733384 ) ) ;
#483 = CARTESIAN_POINT ( 'NONE',  ( -0.3989839930301919413, 1.892739746863328687, 10.76374999999999815 ) ) ;
#484 = CARTESIAN_POINT ( 'NONE',  ( 0.000000000000000000, -9.368548013477250272E-16, 7.649999999999998579 ) ) ;
#485 = CARTESIAN_POINT ( 'NONE',  ( -1.662041016787808134, -1.662041016787823455, 3.525000000000001243 ) ) ;
#486 = DIRECTION ( 'NONE',  ( 0.9945218953682732899, -8.759593272591301347E-17, -0.1045284632676536929 ) ) ;
#487 = CARTESIAN_POINT ( 'NONE',  ( -1.662041016787807912, 1.662041016787792591, 1.275000000000001910 ) ) ;
#488 = CARTESIAN_POINT ( 'NONE',  ( 0.000000000000000000, -2.044870920353165796E-15, 12.34999999999999964 ) ) ;
#489 = CARTESIAN_POINT ( 'NONE',  ( -1.662041016787808134, -1.662041016787823233, 1.525000000000001243 ) ) ;
#490 = CARTESIAN_POINT ( 'NONE',  ( 0.000000000000000000, 0.000000000000000000, 0.000000000000000000 ) ) ;
#491 = CARTESIAN_POINT ( 'NONE',  ( -0.9736010864139292842, -2.350480947161702527, 3.587500000000001243 ) ) ;
#492 = CARTESIAN_POINT ( 'NONE',  ( 1.662041016787807912, -1.662041016787822567, -7.224999999999998757 ) ) ;
#493 =( BOUNDED_CURVE ( )  B_SPLINE_CURVE ( 2, ( #6244, #6880, #5611, #7334, #3827, #1552, #2159, #6137, #2764 ),
 .UNSPECIFIED., .F., .F. ) 
 B_SPLINE_CURVE_WITH_KNOTS ( ( 3, 2, 2, 2, 3 ),
 ( 0.1874999999999998612, 0.2031249999999998890, 0.2187499999999999445, 0.2343749999999999722, 0.2500000000000000000 ),
 .UNSPECIFIED. ) 
 CURVE ( )  GEOMETRIC_REPRESENTATION_ITEM ( )  RATIONAL_B_SPLINE_CURVE ( ( 1.000000000000000666, 0.9238795325112860723, 1.000000000000000000, 0.9238795325112867385, 1.000000000000000000, 0.9238795325112867385, 1.000000000000000000, 0.9238795325112867385, 1.000000000000000000 ) ) 
 REPRESENTATION_ITEM ( '' )  );
#494 = VERTEX_POINT ( 'NONE', #2882 ) ;
#495 = CARTESIAN_POINT ( 'NONE',  ( -0.9736010864139292842, -2.350480947161702527, 4.712500000000001243 ) ) ;
#496 = CARTESIAN_POINT ( 'NONE',  ( 0.000000000000000000, 2.070106209874711453E-15, 10.76374999999999815 ) ) ;
#497 = CARTESIAN_POINT ( 'NONE',  ( 2.986514216272652789, -0.2841352424488192696, 7.510428147091761986 ) ) ;
#498 = CARTESIAN_POINT ( 'NONE',  ( -2.159593620790641655, 2.159593620790626112, -0.1312500000000002831 ) ) ;
#499 = DIRECTION ( 'NONE',  ( -0.000000000000000000, -1.224646799147353207E-16, 1.000000000000000000 ) ) ;
#500 = CARTESIAN_POINT ( 'NONE',  ( 0.000000000000000000, 3.054126587736529341, -4.318749999999999645 ) ) ;
#501 = CARTESIAN_POINT ( 'NONE',  ( -2.350480947161686984, 0.9736010864139145182, -4.537499999999997868 ) ) ;
#502 = CARTESIAN_POINT ( 'NONE',  ( 3.054126587736543996, -1.265060653844756855, 4.368749999999999467 ) ) ;
#503 = VERTEX_POINT ( 'NONE', #5900 ) ;
#504 = CARTESIAN_POINT ( 'NONE',  ( 0.3441256579232744861, -3.091799824511855199, 11.11969348175685646 ) ) ;
#505 = CARTESIAN_POINT ( 'NONE',  ( 1.662041016787808356, 1.662041016787793035, -5.849999999999998757 ) ) ;
#506 = CARTESIAN_POINT ( 'NONE',  ( -2.350480947161686984, 0.9736010864139142962, -2.662499999999998312 ) ) ;
#507 = EDGE_LOOP ( 'NONE', ( #2227, #7183, #3510, #6178 ) ) ;
#508 = CARTESIAN_POINT ( 'NONE',  ( 2.350480947161686984, -1.499590928783798043E-14, -6.099999999999998757 ) ) ;
#509 = CARTESIAN_POINT ( 'NONE',  ( -0.4907881307671300153, 3.100900497522150356, 11.82881517469530053 ) ) ;
#510 = CARTESIAN_POINT ( 'NONE',  ( -1.662041016787808134, -1.662041016787823233, 1.650000000000002132 ) ) ;
#511 = CARTESIAN_POINT ( 'NONE',  ( 3.000000000000016431, -1.519176442714123963E-14, -5.475000000000000533 ) ) ;
#512 = CARTESIAN_POINT ( 'NONE',  ( -0.9736010864139292842, -2.350480947161702083, 1.712500000000001243 ) ) ;
#513 = ORIENTED_EDGE ( 'NONE', *, *, #6207, .F. ) ;
#514 = CARTESIAN_POINT ( 'NONE',  ( -2.570654447737132031, 1.205067880969935556, 7.051483237252262448 ) ) ;
#515 = CARTESIAN_POINT ( 'NONE',  ( -1.662041016787807912, 1.662041016787794145, -10.59999999999999787 ) ) ;
#516 = DIRECTION ( 'NONE',  ( 0.02078751127481410707, -0.1045058763748858977, 0.9943069954385901354 ) ) ;
#517 = CARTESIAN_POINT ( 'NONE',  ( 2.121320343559653931, -2.121320343559670807, 5.399999999999998579 ) ) ;
#518 = CARTESIAN_POINT ( 'NONE',  ( 0.8632880660056397870, 1.177184601738066272, 12.23971270034656911 ) ) ;
#519 = EDGE_CURVE ( 'NONE', #5777, #3407, #1849, .T. ) ;
#520 = CARTESIAN_POINT ( 'NONE',  ( 0.9736010864139306165, 2.350480947161670553, 4.087500000000002132 ) ) ;
#521 = CARTESIAN_POINT ( 'NONE',  ( -0.9736010864139292842, -2.350480947161702527, -3.287499999999998312 ) ) ;
#522 = CARTESIAN_POINT ( 'NONE',  ( 2.350480947161686540, 0.9736010864139157395, -12.03749999999999787 ) ) ;
#523 = CARTESIAN_POINT ( 'NONE',  ( 3.673940397442061840E-16, 2.999999999999999556, 12.34999999999999964 ) ) ;
#524 = LINE ( 'NONE', #3288, #4761 ) ;
#525 = APPROVAL_DATE_TIME ( #3821, #6108 ) ;
#526 = CARTESIAN_POINT ( 'NONE',  ( -1.662041016787808134, -1.662041016787823899, 6.525000000000001243 ) ) ;
#527 = CARTESIAN_POINT ( 'NONE',  ( -2.350480947161686984, -0.9736010864139431620, -8.537499999999997868 ) ) ;
#528 = VERTEX_POINT ( 'NONE', #77 ) ;
#529 = CARTESIAN_POINT ( 'NONE',  ( 2.350480947161686540, 0.9736010864139131860, 7.087500000000001243 ) ) ;
#530 = EDGE_CURVE ( 'NONE', #6334, #1510, #4578, .T. ) ;
#531 = DIRECTION ( 'NONE',  ( 0.3826834323650902814, -0.9238795325112866275, 0.000000000000000000 ) ) ;
#532 = AXIS2_PLACEMENT_3D ( 'NONE', #1394, #3706, #833 ) ;
#533 = DIRECTION ( 'NONE',  ( 0.3805870524817565048, -0.9188184237650830477, 0.1045284632676536235 ) ) ;
#534 = CARTESIAN_POINT ( 'NONE',  ( 3.054126587736543996, 1.265060653844724214, 0.5562499999999993561 ) ) ;
#535 = CARTESIAN_POINT ( 'NONE',  ( -3.000000000000016431, -1.536015336202399730E-14, 1.900000000000000577 ) ) ;
#536 = CARTESIAN_POINT ( 'NONE',  ( 3.054126587736543996, -1.506776157634754071E-14, -6.568749999999999645 ) ) ;
#537 = CARTESIAN_POINT ( 'NONE',  ( 1.662041016787808356, 1.662041016787792813, -3.849999999999998312 ) ) ;
#538 = CARTESIAN_POINT ( 'NONE',  ( -1.265060653844739091, 3.054126587736528009, 4.743750000000000355 ) ) ;
#539 = VERTEX_POINT ( 'NONE', #7021 ) ;
#540 = CARTESIAN_POINT ( 'NONE',  ( 1.867659686427746157, -2.306133407680607039, 7.405945582493136392 ) ) ;
#541 = CARTESIAN_POINT ( 'NONE',  ( -0.9736010864139290621, 2.350480947161672329, -6.662500000000000533 ) ) ;
#542 = EDGE_CURVE ( 'NONE', #2165, #7016, #4696, .T. ) ;
#543 = CARTESIAN_POINT ( 'NONE',  ( -1.662041016787807912, 1.662041016787793257, -3.724999999999998312 ) ) ;
#544 = ORIENTED_EDGE ( 'NONE', *, *, #960, .F. ) ;
#545 = CARTESIAN_POINT ( 'NONE',  ( 2.350480947161686984, -1.462851524809377183E-14, -9.099999999999997868 ) ) ;
#546 = CARTESIAN_POINT ( 'NONE',  ( -0.4201098582477097998, 3.155785101478139509, 11.81363098836951586 ) ) ;
#547 = CARTESIAN_POINT ( 'NONE',  ( -2.350480947161686984, 0.9736010864139145182, -4.662499999999997868 ) ) ;
#548 = CARTESIAN_POINT ( 'NONE',  ( 0.3840784068098204163, 2.981222321715239598, 10.76374999999999815 ) ) ;
#549 = CARTESIAN_POINT ( 'NONE',  ( -3.057679023324707757, 0.3092763164258096609, 10.76374999999999815 ) ) ;
#550 = ORIENTED_EDGE ( 'NONE', *, *, #2314, .T. ) ;
#551 = AXIS2_PLACEMENT_3D ( 'NONE', #3107, #5419, #236 ) ;
#552 = CARTESIAN_POINT ( 'NONE',  ( 3.054126587736543996, -1.445543817677386497E-14, -11.56874999999999964 ) ) ;
#553 = CARTESIAN_POINT ( 'NONE',  ( -0.4586699493283060147, -3.115381263243257148, 11.47344112072299893 ) ) ;
#554 = CARTESIAN_POINT ( 'NONE',  ( 2.978593589760876625, 0.3838608518364361455, 10.76374999999999815 ) ) ;
#555 = CARTESIAN_POINT ( 'NONE',  ( -3.673940397442080083E-16, -3.000000000000031974, 2.149999999999999911 ) ) ;
#556 = PLANE ( 'NONE',  #1523 ) ;
#557 = DIRECTION ( 'NONE',  ( -1.000000000000000000, -6.165490492839600316E-16, 0.000000000000000000 ) ) ;
#558 = AXIS2_PLACEMENT_3D ( 'NONE', #466, #389, #7449 ) ;
#559 = CARTESIAN_POINT ( 'NONE',  ( -2.350480947161686984, -0.9736010864139441612, -1.412499999999997868 ) ) ;
#560 = CARTESIAN_POINT ( 'NONE',  ( 0.4778037265529233024, 3.123753592365943632, 11.82176665947092076 ) ) ;
#561 = EDGE_CURVE ( 'NONE', #5631, #5311, #1251, .T. ) ;
#562 = CARTESIAN_POINT ( 'NONE',  ( -3.000000000000015987, 1.242640687119277665, -5.037500000000001421 ) ) ;
#563 = CARTESIAN_POINT ( 'NONE',  ( -2.350480947161686984, 0.9736010864139130749, 5.337500000000002132 ) ) ;
#564 = CIRCLE ( 'NONE', #3218, 9.713516018797381690 ) ;
#565 = CARTESIAN_POINT ( 'NONE',  ( 0.9736010864139306165, 2.350480947161670553, 6.087500000000001243 ) ) ;
#566 = CARTESIAN_POINT ( 'NONE',  ( -1.662041016787808134, -1.662041016787821901, -8.474999999999997868 ) ) ;
#567 = B_SPLINE_CURVE_WITH_KNOTS ( 'NONE', 3,
 ( #759, #2452, #3104, #1883, #373, #4202, #5030, #1499, #2147, #6758 ),
 .UNSPECIFIED., .F., .F.,
 ( 4, 2, 2, 2, 4 ),
 ( 2.619001604482089707E-16, 0.0005681093422978277961, 0.001136218684595393649, 0.001704328026892959610, 0.002272437369190525788 ),
 .UNSPECIFIED. ) ;
#568 = ORIENTED_EDGE ( 'NONE', *, *, #5926, .T. ) ;
#569 = VECTOR ( 'NONE', #2535, 1000.000000000000000 ) ;
#570 = CARTESIAN_POINT ( 'NONE',  ( -2.121320343559653931, -2.121320343559669030, -6.850000000000000533 ) ) ;
#571 = CARTESIAN_POINT ( 'NONE',  ( 2.988323639973836876, -0.4027075457408982873, 10.94099441725850852 ) ) ;
#572 = CONICAL_SURFACE ( 'NONE', #5390, 3.239999999999997105, 0.1047197551196600018 ) ;
#573 = CARTESIAN_POINT ( 'NONE',  ( 0.000000000000000000, -2.044870920353165796E-15, 12.34999999999999964 ) ) ;
#574 = CARTESIAN_POINT ( 'NONE',  ( -1.665076923955242760, 2.073639481536714069, 6.558278435511380344 ) ) ;
#575 = EDGE_CURVE ( 'NONE', #4903, #938, #2074, .T. ) ;
#576 = CARTESIAN_POINT ( 'NONE',  ( 3.038542441356789414, 0.4589807812382378227, 11.47639848879861724 ) ) ;
#577 = CARTESIAN_POINT ( 'NONE',  ( -1.662041016787808134, -1.662041016787821679, -11.34999999999999964 ) ) ;
#578 = CARTESIAN_POINT ( 'NONE',  ( -0.5744240720839267622, 1.851216920838283375, 12.15470632317383348 ) ) ;
#579 = CARTESIAN_POINT ( 'NONE',  ( 1.265060653844741090, 3.054126587736527121, 8.618750000000000355 ) ) ;
#580 = ORIENTED_EDGE ( 'NONE', *, *, #3778, .F. ) ;
#581 = DIRECTION ( 'NONE',  ( 1.000000000000000000, 0.000000000000000000, 0.000000000000000000 ) ) ;
#582 =( BOUNDED_CURVE ( )  B_SPLINE_CURVE ( 2, ( #1101, #3979, #3870, #1025, #6175, #990, #6321, #2271, #2769 ),
 .UNSPECIFIED., .F., .T. ) 
 B_SPLINE_CURVE_WITH_KNOTS ( ( 3, 2, 2, 2, 3 ),
 ( 0.3750000000000000000, 0.3906249999999999445, 0.4062499999999998890, 0.4218749999999998890, 0.4374999999999998335 ),
 .UNSPECIFIED. ) 
 CURVE ( )  GEOMETRIC_REPRESENTATION_ITEM ( )  RATIONAL_B_SPLINE_CURVE ( ( 1.000000000000000000, 0.9238795325112867385, 1.000000000000000000, 0.9238795325112867385, 1.000000000000000000, 0.9238795325112867385, 1.000000000000000000, 0.9238795325112875156, 0.9999999999999992228 ) ) 
 REPRESENTATION_ITEM ( '' )  );
#583 = CARTESIAN_POINT ( 'NONE',  ( -0.3840784068098204718, -2.971464112645128886, 10.76374999999999815 ) ) ;
#584 = CARTESIAN_POINT ( 'NONE',  ( -2.350480947161686984, -0.9736010864139443832, -0.5374999999999980904 ) ) ;
#585 = ORIENTED_EDGE ( 'NONE', *, *, #3205, .F. ) ;
#586 = DIRECTION ( 'NONE',  ( 0.000000000000000000, -0.7071067811865456854, 0.7071067811865493491 ) ) ;
#587 = CARTESIAN_POINT ( 'NONE',  ( -1.265060653844739536, -3.054126587736559095, -4.881249999999999645 ) ) ;
#588 = CARTESIAN_POINT ( 'NONE',  ( -0.9736010864139292842, -2.350480947161702083, -5.412499999999996980 ) ) ;
#589 = ORIENTED_EDGE ( 'NONE', *, *, #7071, .T. ) ;
#590 = DIRECTION ( 'NONE',  ( 0.000000000000000000, -1.000000000000000000, 0.000000000000000000 ) ) ;
#591 = CARTESIAN_POINT ( 'NONE',  ( -2.121320343559653931, -2.121320343559668586, -8.849999999999999645 ) ) ;
#592 = ORIENTED_EDGE ( 'NONE', *, *, #7126, .F. ) ;
#593 = CARTESIAN_POINT ( 'NONE',  ( -2.274706424852737996, 1.682681941401187986, 7.024954961646763252 ) ) ;
#594 = CARTESIAN_POINT ( 'NONE',  ( -0.9736010864139290621, 2.350480947161672329, -6.662499999999998757 ) ) ;
#595 = CARTESIAN_POINT ( 'NONE',  ( -0.3794033297727869569, 3.001312884207468112, 10.76374999999999815 ) ) ;
#596 = CARTESIAN_POINT ( 'NONE',  ( 3.000000000000015987, 1.242640687119276777, 5.587500000000000355 ) ) ;
#597 = DIRECTION ( 'NONE',  ( 0.07992773943613253051, 0.07992773943613243337, 0.9935910189495773537 ) ) ;
#598 =( BOUNDED_SURFACE ( )  B_SPLINE_SURFACE ( 1, 2, ( 
 ( #6972, #1118, #660, #6409, #3393, #1223, #3535, #5848, #5176, #5279, #97, #3428, #552, #6900, #2861, #7464, #1642, #2290, #5471, #2395, #3647, #4220, #4138, #3725, #3609, #6445, #1938, #213, #3685, #4751, #1375, #171, #5996, #7155, #700, #4830, #4256, #6034, #1901, #850, #5956, #776, #7039, #3079, #1861, #4715, #2511, #1339, #5396, #1259, #5920, #2469, #7119, #1415, #2546, #6557, #3154, #816, #3121, #5433, #3570, #5882, #6520, #248, #4866, #6596, #1975, #5354, #6483, #4289, #7005, #1822, #3006, #5317, #136, #4176, #2433, #1302, #737, #3040, #4790, #7080, #1624, #281, #2583, #4904, #6211, #3413, #5725, #2200, #7230, #4944, #536, #6884, #2272, #5506, #5154, #4513, #3763, #6251, #1102, #1451, #4591, #3939, #6811, #7447, #7407, #2623, #7192, #1139, #3980, #2234, #6069, #1026, #1698, #2015, #3447, #4476, #4330, #6287, #4016, #6322, #1066, #2838, #4550, #6634, #886, #3189, #500 ),
 ( #319, #2052, #1663, #5693, #6848, #6774, #3377, #1591, #3905, #3336, #5655, #464, #2770, #5082, #7374, #2803, #5118, #1173, #4120, #5832, #6988, #6357, #577, #7022, #6953, #5335, #1240, #78, #2950, #6919, #6503, #6426, #3024, #3484, #3592, #44, #4086, #5259, #5760, #5862, #1805, #609, #2413, #1281, #5799, #1882, #5901, #13, #3552, #718, #680, #6394, #2988, #118, #2918, #5227, #643, #2340, #4659, #4771, #5299, #1321, #2883, #4734, #2375, #2305, #7059, #1771, #4624, #1840, #4156, #6464, #1206, #152, #3516, #2451, #4200, #4050, #5195, #1732, #4697, #6652, #6576, #233, #6089, #4312, #2071, #869, #3173, #3211, #3102, #342, #266, #4963, #7251, #190, #5490, #4886, #3629, #5939, #5375, #5531, #4927, #1433, #301, #757, #2566, #7100, #3060, #4238, #1920, #1396, #2491, #4383, #2644, #796, #4812, #6539, #1995, #3708, #7173, #1358, #3666, #7215, #4850, #6689, #6616, #5452, #834 ) ),
 .UNSPECIFIED., .F., .F., .F. ) 
 B_SPLINE_SURFACE_WITH_KNOTS ( ( 2, 2 ),
 ( 3, 2, 2, 2, 2, 2, 2, 2, 2, 2, 2, 2, 2, 2, 2, 2, 2, 2, 2, 2, 2, 2, 2, 2, 2, 2, 2, 2, 2, 2, 2, 2, 2, 2, 2, 2, 2, 2, 2, 2, 2, 2, 2, 2, 2, 2, 2, 2, 2, 2, 2, 2, 2, 2, 2, 2, 2, 2, 2, 2, 2, 2, 2, 2, 3 ),
 ( 0.000000000000000000, 1.000000000000000000 ),
 ( 0.000000000000000000, 0.01562500000000000000, 0.03125000000000000000, 0.04687500000000000000, 0.06250000000000000000, 0.07812500000000000000, 0.09375000000000000000, 0.1093750000000000000, 0.1250000000000000000, 0.1406250000000000000, 0.1562500000000000000, 0.1718750000000000000, 0.1875000000000000000, 0.2031250000000000000, 0.2187500000000000000, 0.2343750000000000000, 0.2500000000000000000, 0.2656250000000000000, 0.2812500000000000000, 0.2968750000000000000, 0.3125000000000000000, 0.3281250000000000000, 0.3437500000000000000, 0.3593750000000000000, 0.3750000000000000000, 0.3906250000000000000, 0.4062500000000000000, 0.4218750000000000000, 0.4375000000000000000, 0.4531250000000000000, 0.4687500000000000000, 0.4843750000000000000, 0.5000000000000000000, 0.5156250000000000000, 0.5312500000000000000, 0.5468750000000000000, 0.5625000000000000000, 0.5781250000000000000, 0.5937500000000000000, 0.6093750000000000000, 0.6250000000000000000, 0.6406250000000000000, 0.6562500000000000000, 0.6718750000000000000, 0.6875000000000000000, 0.7031250000000000000, 0.7187500000000000000, 0.7343750000000000000, 0.7500000000000000000, 0.7656250000000000000, 0.7812500000000000000, 0.7968750000000000000, 0.8125000000000000000, 0.8281250000000000000, 0.8437500000000000000, 0.8593750000000000000, 0.8750000000000000000, 0.8906250000000000000, 0.9062500000000000000, 0.9218750000000000000, 0.9375000000000000000, 0.9531250000000000000, 0.9687500000000000000, 0.9843750000000000000, 1.000000000000000000 ),
 .UNSPECIFIED. ) 
 GEOMETRIC_REPRESENTATION_ITEM ( )  RATIONAL_B_SPLINE_SURFACE ( (
 ( 1.000000000000000000, 0.9238795325112867385, 1.000000000000000000, 0.9238795325112867385, 1.000000000000000000, 0.9238795325112867385, 1.000000000000000000, 0.9238795325112867385, 1.000000000000000000, 0.9238795325112867385, 1.000000000000000000, 0.9238795325112867385, 1.000000000000000000, 0.9238795325112867385, 1.000000000000000000, 0.9238795325112867385, 1.000000000000000000, 0.9238795325112867385, 1.000000000000000000, 0.9238795325112867385, 1.000000000000000000, 0.9238795325112867385, 1.000000000000000000, 0.9238795325112867385, 1.000000000000000000, 0.9238795325112867385, 1.000000000000000000, 0.9238795325112867385, 1.000000000000000000, 0.9238795325112867385, 1.000000000000000000, 0.9238795325112867385, 1.000000000000000000, 0.9238795325112867385, 1.000000000000000000, 0.9238795325112867385, 1.000000000000000000, 0.9238795325112867385, 1.000000000000000000, 0.9238795325112867385, 1.000000000000000000, 0.9238795325112867385, 1.000000000000000000, 0.9238795325112867385, 1.000000000000000000, 0.9238795325112867385, 1.000000000000000000, 0.9238795325112867385, 1.000000000000000000, 0.9238795325112867385, 1.000000000000000000, 0.9238795325112867385, 1.000000000000000000, 0.9238795325112867385, 1.000000000000000000, 0.9238795325112867385, 1.000000000000000000, 0.9238795325112867385, 1.000000000000000000, 0.9238795325112867385, 1.000000000000000000, 0.9238795325112867385, 1.000000000000000000, 0.9238795325112867385, 1.000000000000000000, 0.9238795325112867385, 1.000000000000000000, 0.9238795325112867385, 1.000000000000000000, 0.9238795325112867385, 1.000000000000000000, 0.9238795325112867385, 1.000000000000000000, 0.9238795325112867385, 1.000000000000000000, 0.9238795325112867385, 1.000000000000000000, 0.9238795325112867385, 1.000000000000000000, 0.9238795325112867385, 1.000000000000000000, 0.9238795325112867385, 1.000000000000000000, 0.9238795325112867385, 1.000000000000000000, 0.9238795325112867385, 1.000000000000000000, 0.9238795325112867385, 1.000000000000000000, 0.9238795325112867385, 1.000000000000000000, 0.9238795325112867385, 1.000000000000000000, 0.9238795325112867385, 1.000000000000000000, 0.9238795325112867385, 1.000000000000000000, 0.9238795325112867385, 1.000000000000000000, 0.9238795325112867385, 1.000000000000000000, 0.9238795325112867385, 1.000000000000000000, 0.9238795325112867385, 1.000000000000000000, 0.9238795325112867385, 1.000000000000000000, 0.9238795325112867385, 1.000000000000000000, 0.9238795325112867385, 1.000000000000000000, 0.9238795325112867385, 1.000000000000000000, 0.9238795325112867385, 1.000000000000000000, 0.9238795325112867385, 1.000000000000000000, 0.9238795325112867385, 1.000000000000000000, 0.9238795325112867385, 1.000000000000000000, 0.9238795325112867385, 1.000000000000000000, 0.9238795325112867385, 1.000000000000000000, 0.9238795325112867385, 1.000000000000000000, 0.9238795325112867385, 1.000000000000000000),
 ( 1.000000000000000000, 0.9238795325112867385, 1.000000000000000000, 0.9238795325112867385, 1.000000000000000000, 0.9238795325112867385, 1.000000000000000000, 0.9238795325112867385, 1.000000000000000000, 0.9238795325112867385, 1.000000000000000000, 0.9238795325112867385, 1.000000000000000000, 0.9238795325112867385, 1.000000000000000000, 0.9238795325112867385, 1.000000000000000000, 0.9238795325112867385, 1.000000000000000000, 0.9238795325112867385, 1.000000000000000000, 0.9238795325112867385, 1.000000000000000000, 0.9238795325112867385, 1.000000000000000000, 0.9238795325112867385, 1.000000000000000000, 0.9238795325112867385, 1.000000000000000000, 0.9238795325112867385, 1.000000000000000000, 0.9238795325112867385, 1.000000000000000000, 0.9238795325112867385, 1.000000000000000000, 0.9238795325112867385, 1.000000000000000000, 0.9238795325112867385, 1.000000000000000000, 0.9238795325112867385, 1.000000000000000000, 0.9238795325112867385, 1.000000000000000000, 0.9238795325112867385, 1.000000000000000000, 0.9238795325112867385, 1.000000000000000000, 0.9238795325112867385, 1.000000000000000000, 0.9238795325112867385, 1.000000000000000000, 0.9238795325112867385, 1.000000000000000000, 0.9238795325112867385, 1.000000000000000000, 0.9238795325112867385, 1.000000000000000000, 0.9238795325112867385, 1.000000000000000000, 0.9238795325112867385, 1.000000000000000000, 0.9238795325112867385, 1.000000000000000000, 0.9238795325112867385, 1.000000000000000000, 0.9238795325112867385, 1.000000000000000000, 0.9238795325112867385, 1.000000000000000000, 0.9238795325112867385, 1.000000000000000000, 0.9238795325112867385, 1.000000000000000000, 0.9238795325112867385, 1.000000000000000000, 0.9238795325112867385, 1.000000000000000000, 0.9238795325112867385, 1.000000000000000000, 0.9238795325112867385, 1.000000000000000000, 0.9238795325112867385, 1.000000000000000000, 0.9238795325112867385, 1.000000000000000000, 0.9238795325112867385, 1.000000000000000000, 0.9238795325112867385, 1.000000000000000000, 0.9238795325112867385, 1.000000000000000000, 0.9238795325112867385, 1.000000000000000000, 0.9238795325112867385, 1.000000000000000000, 0.9238795325112867385, 1.000000000000000000, 0.9238795325112867385, 1.000000000000000000, 0.9238795325112867385, 1.000000000000000000, 0.9238795325112867385, 1.000000000000000000, 0.9238795325112867385, 1.000000000000000000, 0.9238795325112867385, 1.000000000000000000, 0.9238795325112867385, 1.000000000000000000, 0.9238795325112867385, 1.000000000000000000, 0.9238795325112867385, 1.000000000000000000, 0.9238795325112867385, 1.000000000000000000, 0.9238795325112867385, 1.000000000000000000, 0.9238795325112867385, 1.000000000000000000, 0.9238795325112867385, 1.000000000000000000, 0.9238795325112867385, 1.000000000000000000, 0.9238795325112867385, 1.000000000000000000, 0.9238795325112867385, 1.000000000000000000, 0.9238795325112867385, 1.000000000000000000) ) ) 
 REPRESENTATION_ITEM ( '' )  SURFACE ( )  );
#599 = CARTESIAN_POINT ( 'NONE',  ( 1.662041016787807912, -1.662041016787822123, -11.22499999999999964 ) ) ;
#600 = CARTESIAN_POINT ( 'NONE',  ( 0.000000000000000000, 3.000000000000000888, 2.650000000000000355 ) ) ;
#601 = CARTESIAN_POINT ( 'NONE',  ( -2.878508968398398972E-16, -2.350480947161702971, 4.650000000000001243 ) ) ;
#602 = CARTESIAN_POINT ( 'NONE',  ( 0.9736010864139287291, -2.350480947161703416, 5.712500000000000355 ) ) ;
#603 = CARTESIAN_POINT ( 'NONE',  ( -2.350480947161686984, -0.9736010864139432730, -7.537499999999999645 ) ) ;
#604 = VERTEX_POINT ( 'NONE', #2949 ) ;
#605 = FACE_OUTER_BOUND ( 'NONE', #4386, .T. ) ;
#606 = CARTESIAN_POINT ( 'NONE',  ( 0.3840784068098126447, -2.044095216605292809, 10.76374999999999815 ) ) ;
#607 = CARTESIAN_POINT ( 'NONE',  ( 2.121320343559653931, -2.121320343559669475, -4.724999999999999645 ) ) ;
#608 = CARTESIAN_POINT ( 'NONE',  ( 0.4970064592693891337, -3.071965366029795863, 11.83818864820600147 ) ) ;
#609 = CARTESIAN_POINT ( 'NONE',  ( 0.9736010864139287291, -2.350480947161702083, -10.16249999999999787 ) ) ;
#610 = CARTESIAN_POINT ( 'NONE',  ( -1.662041016787808134, -1.662041016787823233, 1.650000000000002132 ) ) ;
#611 = CARTESIAN_POINT ( 'NONE',  ( -3.054126587736543996, 1.265060653844722882, 8.868750000000000355 ) ) ;
#612 = VERTEX_POINT ( 'NONE', #4049 ) ;
#613 = CARTESIAN_POINT ( 'NONE',  ( 0.000000000000000000, 3.000000000000002220, -10.34999999999999964 ) ) ;
#614 = EDGE_CURVE ( 'NONE', #647, #6702, #756, .T. ) ;
#615 = CARTESIAN_POINT ( 'NONE',  ( -0.3349682037019267589, -3.050412029386040835, 10.76374999999999815 ) ) ;
#616 = CARTESIAN_POINT ( 'NONE',  ( -3.054126587736543996, -1.265060653844753302, -5.943750000000000533 ) ) ;
#617 = ORIENTED_EDGE ( 'NONE', *, *, #6577, .F. ) ;
#618 = CARTESIAN_POINT ( 'NONE',  ( 3.082321514731328982, 0.4205411249600951029, 11.11066958947055028 ) ) ;
#619 = CARTESIAN_POINT ( 'NONE',  ( 3.054126587736543996, 1.265060653844724436, -1.506249999999999645 ) ) ;
#620 = CARTESIAN_POINT ( 'NONE',  ( 0.9736010864139306165, 2.350480947161671441, -0.9124999999999983125 ) ) ;
#621 = VERTEX_POINT ( 'NONE', #608 ) ;
#622 = DIRECTION ( 'NONE',  ( -6.131715290813908848E-16, 0.9945218953682732899, -0.1045284632676536929 ) ) ;
#623 = CARTESIAN_POINT ( 'NONE',  ( -1.662041016787807912, 1.662041016787792369, 3.400000000000002132 ) ) ;
#624 = EDGE_CURVE ( 'NONE', #5230, #1185, #3473, .T. ) ;
#625 = EDGE_LOOP ( 'NONE', ( #5764, #6551, #2570, #6878 ) ) ;
#626 = CARTESIAN_POINT ( 'NONE',  ( -1.435400150057863256, 2.416645563377266104, 6.973674627006565707 ) ) ;
#627 = CARTESIAN_POINT ( 'NONE',  ( -2.350480947161686984, -1.412935387936080180E-14, -8.474999999999997868 ) ) ;
#628 = CARTESIAN_POINT ( 'NONE',  ( -0.3840784068097890525, 2.971464112645131994, 10.76374999999999815 ) ) ;
#629 = CYLINDRICAL_SURFACE ( 'NONE', #7064, 3.000000000000001776 ) ;
#630 = LINE ( 'NONE', #1344, #7068 ) ;
#631 = EDGE_CURVE ( 'NONE', #1444, #4879, #2853, .T. ) ;
#632 = CARTESIAN_POINT ( 'NONE',  ( -2.878508968398398972E-16, -2.350480947161700751, -12.34999999999999787 ) ) ;
#633 = CARTESIAN_POINT ( 'NONE',  ( -1.242640687119292098, 3.000000000000000888, 3.712500000000000799 ) ) ;
#634 = CARTESIAN_POINT ( 'NONE',  ( -3.000000000000015987, 1.242640687119277221, 0.8375000000000006883 ) ) ;
#635 = CARTESIAN_POINT ( 'NONE',  ( 2.159593620790642099, 2.159593620790627444, -12.38124999999999964 ) ) ;
#636 = ORIENTED_EDGE ( 'NONE', *, *, #561, .F. ) ;
#637 = LINE ( 'NONE', #3442, #5639 ) ;
#638 =( BOUNDED_CURVE ( )  B_SPLINE_CURVE ( 2, ( #2572, #4892, #6059, #3179, #4279, #1925, #4318, #3143, #7219 ),
 .UNSPECIFIED., .F., .F. ) 
 B_SPLINE_CURVE_WITH_KNOTS ( ( 3, 2, 2, 2, 3 ),
 ( 0.2499999999999998890, 0.2656249999999998890, 0.2812499999999998890, 0.2968749999999999445, 0.3124999999999999445 ),
 .UNSPECIFIED. ) 
 CURVE ( )  GEOMETRIC_REPRESENTATION_ITEM ( )  RATIONAL_B_SPLINE_CURVE ( ( 1.000000000000000444, 0.9238795325112861834, 1.000000000000000000, 0.9238795325112867385, 1.000000000000000000, 0.9238795325112867385, 1.000000000000000000, 0.9238795325112869605, 0.9999999999999997780 ) ) 
 REPRESENTATION_ITEM ( '' )  );
#639 = CYLINDRICAL_SURFACE ( 'NONE', #1768, 3.000000000000001776 ) ;
#640 = LINE ( 'NONE', #1278, #212 ) ;
#641 = CARTESIAN_POINT ( 'NONE',  ( 0.000000000000000000, 2.350480947161670997, 3.150000000000001688 ) ) ;
#642 = CARTESIAN_POINT ( 'NONE',  ( 2.863320179166147117, -0.6881973529052843874, 7.323970588106552881 ) ) ;
#643 = CARTESIAN_POINT ( 'NONE',  ( -2.878508968398398972E-16, -2.350480947161701195, -9.224999999999999645 ) ) ;
#644 = CARTESIAN_POINT ( 'NONE',  ( 1.662041016787807912, -1.662041016787823677, 0.9000000000000014655 ) ) ;
#645 = CARTESIAN_POINT ( 'NONE',  ( -3.740226349862386965E-16, -3.054126587736560428, 5.181250000000000355 ) ) ;
#646 = AXIS2_PLACEMENT_3D ( 'NONE', #7434, #2261, #1055 ) ;
#647 = VERTEX_POINT ( 'NONE', #3628 ) ;
#648 = DIRECTION ( 'NONE',  ( -0.000000000000000000, -1.224646799147353207E-16, 1.000000000000000000 ) ) ;
#649 = CC_DESIGN_DATE_AND_TIME_ASSIGNMENT ( #2263, #1655, ( #3390 ) ) ;
#650 = CARTESIAN_POINT ( 'NONE',  ( 0.4589807812382391550, 3.038542441356788970, 11.47639848879861724 ) ) ;
#651 = CARTESIAN_POINT ( 'NONE',  ( -2.159593620790641655, 2.159593620790627000, -6.131250000000000533 ) ) ;
#652 = CARTESIAN_POINT ( 'NONE',  ( -3.000000000000015987, -1.242640687119306531, -6.037499999999999645 ) ) ;
#653 = CARTESIAN_POINT ( 'NONE',  ( 2.970850935805096960, 0.3834009395400218567, 10.75730432948934201 ) ) ;
#654 = CARTESIAN_POINT ( 'NONE',  ( 1.265060653844738425, -3.054126587736560428, -3.756249999999999645 ) ) ;
#655 = CARTESIAN_POINT ( 'NONE',  ( 2.350480947161686540, -0.9736010864139453824, -3.162499999999998312 ) ) ;
#656 = VERTEX_POINT ( 'NONE', #1470 ) ;
#657 = CARTESIAN_POINT ( 'NONE',  ( 2.868776385868647684E-16, -0.4652957277608878450, 2.682494925704429267 ) ) ;
#658 = CARTESIAN_POINT ( 'NONE',  ( -2.878508968398398972E-16, -2.350480947161702971, 4.775000000000001243 ) ) ;
#659 = ORIENTED_EDGE ( 'NONE', *, *, #4167, .T. ) ;
#660 = CARTESIAN_POINT ( 'NONE',  ( -2.159593620790641655, 2.159593620790627888, -12.19374999999999964 ) ) ;
#661 = EDGE_CURVE ( 'NONE', #4459, #193, #2376, .T. ) ;
#662 = CARTESIAN_POINT ( 'NONE',  ( -0.9736010864139292842, -2.350480947161702083, -6.287499999999999645 ) ) ;
#663 = CARTESIAN_POINT ( 'NONE',  ( 1.242640687119293874, 3.000000000000000888, -0.4124999999999996447 ) ) ;
#664 = CARTESIAN_POINT ( 'NONE',  ( 1.662041016787807912, -1.662041016787822789, -5.099999999999998757 ) ) ;
#665 = CARTESIAN_POINT ( 'NONE',  ( -2.746768444636730866, -0.8585080552037742674, -11.85315635218239727 ) ) ;
#666 = CARTESIAN_POINT ( 'NONE',  ( 2.159593620790642099, 2.159593620790625224, 3.618749999999999467 ) ) ;
#667 = CARTESIAN_POINT ( 'NONE',  ( -0.9736010864139290621, 2.350480947161673662, -11.78749999999999964 ) ) ;
#668 = CARTESIAN_POINT ( 'NONE',  ( 0.9228531685151940556, -1.036641778415225534, 12.25158252684686033 ) ) ;
#669 = CARTESIAN_POINT ( 'NONE',  ( 0.000000000000000000, 3.000000000000000888, 0.6500000000000004663 ) ) ;
#670 = CARTESIAN_POINT ( 'NONE',  ( 3.054126587736543996, 1.265060653844726213, -12.44374999999999787 ) ) ;
#671 = ORIENTED_EDGE ( 'NONE', *, *, #5011, .T. ) ;
#672 = AXIS2_PLACEMENT_3D ( 'NONE', #2309, #3596, #1326 ) ;
#673 = CARTESIAN_POINT ( 'NONE',  ( 0.000000000000000000, 3.000000000000000444, 5.650000000000000355 ) ) ;
#674 = EDGE_CURVE ( 'NONE', #4371, #3226, #4237, .T. ) ;
#675 = CARTESIAN_POINT ( 'NONE',  ( -0.4820490534771388336, 1.163769362633649163, 12.34999999999999964 ) ) ;
#676 = AXIS2_PLACEMENT_3D ( 'NONE', #1912, #2366, #7091 ) ;
#677 = CARTESIAN_POINT ( 'NONE',  ( -2.352923195620500341, -1.452689375229252011, 6.849843662473399597 ) ) ;
#678 = CARTESIAN_POINT ( 'NONE',  ( 2.350480947161686540, -0.9736010864139470478, 8.962500000000000355 ) ) ;
#679 = CARTESIAN_POINT ( 'NONE',  ( -3.123753592365941412, 0.4778037265529523347, 11.82176665947092076 ) ) ;
#680 = CARTESIAN_POINT ( 'NONE',  ( -1.662041016787807912, 1.662041016787793923, -9.599999999999997868 ) ) ;
#681 = CARTESIAN_POINT ( 'NONE',  ( 2.350480947161686540, 0.9736010864139145182, -0.9124999999999983125 ) ) ;
#682 = CARTESIAN_POINT ( 'NONE',  ( -3.054126587736543996, -1.265060653844755301, 7.993750000000000355 ) ) ;
#683 = VERTEX_POINT ( 'NONE', #6538 ) ;
#684 = CARTESIAN_POINT ( 'NONE',  ( 3.673940397442061840E-16, 2.999999999999999556, 12.34999999999999964 ) ) ;
#685 = AXIS2_PLACEMENT_3D ( 'NONE', #4406, #967, #3274 ) ;
#686 =( BOUNDED_SURFACE ( )  B_SPLINE_SURFACE ( 3, 2, ( 
 ( #4390, #2119, #2197 ),
 ( #4431, #4547, #1554 ),
 ( #4510, #6807, #6844 ),
 ( #5255, #1170, #1203 ) ),
 .UNSPECIFIED., .F., .F., .F. ) 
 B_SPLINE_SURFACE_WITH_KNOTS ( ( 4, 4 ),
 ( 3, 3 ),
 ( 0.001868060289150767512, 0.002966099350684051061 ),
 ( 0.000000000000000000, 1.000000000000000000 ),
 .UNSPECIFIED. ) 
 GEOMETRIC_REPRESENTATION_ITEM ( )  RATIONAL_B_SPLINE_SURFACE ( (
 ( 1.000000000000000000, 0.7556328946113317624, 1.000000000000000000),
 ( 1.000000000000000000, 0.7521437354010632736, 1.000000000000000000),
 ( 1.000000000000000000, 0.7485026158158136766, 1.000000000000000000),
 ( 1.000000000000000000, 0.7446872030537302622, 1.000000000000000000) ) ) 
 REPRESENTATION_ITEM ( '' )  SURFACE ( )  );
#687 = AXIS2_PLACEMENT_3D ( 'NONE', #2160, #1621, #6208 ) ;
#688 = CARTESIAN_POINT ( 'NONE',  ( -0.3649870894194071069, -3.025937228602974205, 10.76374999999999815 ) ) ;
#689 = CARTESIAN_POINT ( 'NONE',  ( 1.662041016787808356, 1.662041016787792369, 0.02500000000000158346 ) ) ;
#690 = CARTESIAN_POINT ( 'NONE',  ( -0.7445567571664356565, 1.058453292898880127, 10.76374999999999815 ) ) ;
#691 = CARTESIAN_POINT ( 'NONE',  ( -3.673940397442080083E-16, -3.000000000000031974, 2.274999999999999467 ) ) ;
#692 = CARTESIAN_POINT ( 'NONE',  ( -3.054126587736543996, 1.265060653844724214, -4.131249999999999645 ) ) ;
#693 = CARTESIAN_POINT ( 'NONE',  ( 1.662041016787808356, 1.662041016787792591, -1.974999999999998535 ) ) ;
#694 = ORIENTED_EDGE ( 'NONE', *, *, #1541, .F. ) ;
#695 = CARTESIAN_POINT ( 'NONE',  ( 1.074489722339891484, -2.090510109890911128, 5.725889215912934205 ) ) ;
#696 = CARTESIAN_POINT ( 'NONE',  ( 2.350480947161686540, -0.9736010864139462706, 3.962500000000001688 ) ) ;
#697 = CARTESIAN_POINT ( 'NONE',  ( 1.662041016787807912, -1.662041016787822123, -11.09999999999999787 ) ) ;
#698 = CARTESIAN_POINT ( 'NONE',  ( 2.350480947161686540, -0.9736010864139457155, -1.037499999999998535 ) ) ;
#699 = ORIENTED_EDGE ( 'NONE', *, *, #1252, .T. ) ;
#700 = CARTESIAN_POINT ( 'NONE',  ( -2.159593620790641655, 2.159593620790627444, -10.19374999999999964 ) ) ;
#701 = CARTESIAN_POINT ( 'NONE',  ( 0.9736010864139306165, 2.350480947161672329, -7.787499999999999645 ) ) ;
#702 = CARTESIAN_POINT ( 'NONE',  ( -1.662041016787807912, 1.662041016787793257, -3.599999999999998312 ) ) ;
#703 = CARTESIAN_POINT ( 'NONE',  ( 0.000000000000000000, 9.034662485940871158E-16, -11.72499999999999964 ) ) ;
#704 = DIRECTION ( 'NONE',  ( 0.000000000000000000, 1.000000000000000000, 1.224646799147353207E-16 ) ) ;
#705 = ADVANCED_FACE ( 'NONE', ( #3059 ), #5529, .T. ) ;
#706 = CARTESIAN_POINT ( 'NONE',  ( -2.159593620790641655, 2.159593620790625668, 2.868749999999999911 ) ) ;
#707 = CARTESIAN_POINT ( 'NONE',  ( 2.350480947161686540, 0.9736010864139152954, -8.037499999999999645 ) ) ;
#708 = FACE_OUTER_BOUND ( 'NONE', #7345, .T. ) ;
#709 = CARTESIAN_POINT ( 'NONE',  ( 0.9736010864139287291, -2.350480947161703860, 7.712500000000000355 ) ) ;
#710 = CARTESIAN_POINT ( 'NONE',  ( 1.662041016787807912, -1.662041016787822789, -5.224999999999998757 ) ) ;
#711 = ORIENTED_EDGE ( 'NONE', *, *, #3178, .F. ) ;
#712 = CARTESIAN_POINT ( 'NONE',  ( 2.971464112645125777, -0.3840784068098322956, 10.76374999999999815 ) ) ;
#713 = EDGE_CURVE ( 'NONE', #5847, #1658, #5458, .T. ) ;
#714 = CARTESIAN_POINT ( 'NONE',  ( 3.108036279359863485, 0.3630634879331196552, 11.29552256366799057 ) ) ;
#715 = CARTESIAN_POINT ( 'NONE',  ( -2.585758503902029215, 0.7875669674798768671, 6.678574273886947132 ) ) ;
#716 = CARTESIAN_POINT ( 'NONE',  ( 2.350480947161686540, 0.9736010864139130749, 8.087500000000000355 ) ) ;
#717 = CARTESIAN_POINT ( 'NONE',  ( -0.3840784068097890525, 2.971464112645131994, 10.76374999999999815 ) ) ;
#718 = CARTESIAN_POINT ( 'NONE',  ( -0.9736010864139290621, 2.350480947161673217, -9.662499999999997868 ) ) ;
#719 = CARTESIAN_POINT ( 'NONE',  ( -2.350480947161686984, -1.510907131867868141E-14, -0.4749999999999979794 ) ) ;
#720 = CARTESIAN_POINT ( 'NONE',  ( -1.265060653844739536, -3.054126587736560872, 6.118750000000001243 ) ) ;
#721 = ORIENTED_EDGE ( 'NONE', *, *, #3713, .F. ) ;
#722 = CARTESIAN_POINT ( 'NONE',  ( 2.044095216605290588, -0.3840784068098289095, 10.76374999999999815 ) ) ;
#723 = FACE_OUTER_BOUND ( 'NONE', #6789, .T. ) ;
#724 = CARTESIAN_POINT ( 'NONE',  ( -2.350480947161686984, -1.509376323368934267E-14, -0.5999999999999980904 ) ) ;
#725 = ORIENTED_EDGE ( 'NONE', *, *, #1166, .F. ) ;
#726 = EDGE_CURVE ( 'NONE', #1798, #2275, #5092, .T. ) ;
#727 = CARTESIAN_POINT ( 'NONE',  ( -2.988323639973834212, 0.4027075457409163839, 10.94099441725850852 ) ) ;
#728 = CARTESIAN_POINT ( 'NONE',  ( -1.265060653844739536, -3.054126587736559095, -3.881249999999999645 ) ) ;
#729 = CARTESIAN_POINT ( 'NONE',  ( -2.350480947161686984, -0.9736010864139442722, -1.537499999999998090 ) ) ;
#730 =( BOUNDED_CURVE ( )  B_SPLINE_CURVE ( 2, ( #2976, #633, #3617, #5289, #3656, #3090, #1196, #5325, #2403 ),
 .UNSPECIFIED., .F., .T. ) 
 B_SPLINE_CURVE_WITH_KNOTS ( ( 3, 2, 2, 2, 3 ),
 ( 0.2500000000000000000, 0.2656250000000000000, 0.2812500000000000000, 0.2968749999999999445, 0.3124999999999999445 ),
 .UNSPECIFIED. ) 
 CURVE ( )  GEOMETRIC_REPRESENTATION_ITEM ( )  RATIONAL_B_SPLINE_CURVE ( ( 1.000000000000000000, 0.9238795325112867385, 1.000000000000000000, 0.9238795325112867385, 1.000000000000000000, 0.9238795325112867385, 1.000000000000000000, 0.9238795325112869605, 0.9999999999999997780 ) ) 
 REPRESENTATION_ITEM ( '' )  );
#731 = ORIENTED_EDGE ( 'NONE', *, *, #4506, .F. ) ;
#732 = CARTESIAN_POINT ( 'NONE',  ( -3.021623263888884026, -0.4399701545668888159, 11.29552445814421091 ) ) ;
#733 = CARTESIAN_POINT ( 'NONE',  ( -0.9736010864139290621, 2.350480947161671441, 2.337500000000002132 ) ) ;
#734 = CARTESIAN_POINT ( 'NONE',  ( 1.074489722339891484, -2.090510109890911128, 5.725889215912934205 ) ) ;
#735 = CARTESIAN_POINT ( 'NONE',  ( 0.000000000000000000, 2.350480947161671885, -3.724999999999998312 ) ) ;
#736 = VERTEX_POINT ( 'NONE', #6017 ) ;
#737 = CARTESIAN_POINT ( 'NONE',  ( 2.159593620790642099, 2.159593620790627000, -7.443749999999999645 ) ) ;
#738 = CARTESIAN_POINT ( 'NONE',  ( -2.350480947161686984, -1.558362195334828011E-14, 3.400000000000001688 ) ) ;
#739 = CARTESIAN_POINT ( 'NONE',  ( 0.000000000000000000, 2.350480947161672773, -7.724999999999998757 ) ) ;
#740 = CARTESIAN_POINT ( 'NONE',  ( 0.000000000000000000, 3.000000000000001776, -5.349999999999999645 ) ) ;
#741 = CARTESIAN_POINT ( 'NONE',  ( 2.350480947161686540, -0.9736010864139452714, -4.037499999999997868 ) ) ;
#742 = CARTESIAN_POINT ( 'NONE',  ( -1.728020103552962095, -2.381218045183953080, -11.78877259523637910 ) ) ;
#743 = CC_DESIGN_DATE_AND_TIME_ASSIGNMENT ( #4582, #2190, ( #4570 ) ) ;
#744 = CARTESIAN_POINT ( 'NONE',  ( 2.159593620790641655, -2.159593620790658086, 5.368749999999998579 ) ) ;
#745 = CARTESIAN_POINT ( 'NONE',  ( -1.662041016787807912, 1.662041016787794145, -10.72499999999999787 ) ) ;
#746 = CARTESIAN_POINT ( 'NONE',  ( 0.4002753624766844931, -3.140105396654363723, 11.64091641152976209 ) ) ;
#747 = CARTESIAN_POINT ( 'NONE',  ( 1.662041016787807912, -1.662041016787824566, 7.775000000000000355 ) ) ;
#748 = CARTESIAN_POINT ( 'NONE',  ( 3.054126587736543996, -1.434062753935380235E-14, -12.50624999999999964 ) ) ;
#749 = EDGE_CURVE ( 'NONE', #1885, #3855, #4849, .T. ) ;
#750 = EDGE_LOOP ( 'NONE', ( #6019, #6851, #2606, #3188, #984, #4932, #5807, #3908, #1315, #1900, #1219, #1284, #5919, #2407, #5752, #5012, #3920, #4571 ) ) ;
#751 = CARTESIAN_POINT ( 'NONE',  ( 0.4422697142959973737, -3.150184611924635281, 11.81451908796616124 ) ) ;
#752 = CYLINDRICAL_SURFACE ( 'NONE', #1887, 0.5832000000000000517 ) ;
#753 = CARTESIAN_POINT ( 'NONE',  ( 2.350480947161686540, -0.9736010864139453824, -3.162499999999998312 ) ) ;
#754 = CARTESIAN_POINT ( 'NONE',  ( -1.662041016787807912, 1.662041016787791703, 8.400000000000000355 ) ) ;
#755 = CARTESIAN_POINT ( 'NONE',  ( 2.377803075938580868, -1.672529774213006970, 7.246270246772130719 ) ) ;
#756 = B_SPLINE_CURVE_WITH_KNOTS ( 'NONE', 3,
 ( #6462, #3591, #4085, #6502 ),
 .UNSPECIFIED., .F., .F.,
 ( 4, 4 ),
 ( 4.470280076681872512E-19, 0.0002303704617441046810 ),
 .UNSPECIFIED. ) ;
#757 = CARTESIAN_POINT ( 'NONE',  ( 0.9736010864139287291, -2.350480947161702083, -6.162499999999999645 ) ) ;
#758 = ADVANCED_FACE ( 'NONE', ( #3172 ), #300, .T. ) ;
#759 = CARTESIAN_POINT ( 'NONE',  ( 2.121320343559653931, -2.121320343559668586, -11.72499999999999964 ) ) ;
#760 = CARTESIAN_POINT ( 'NONE',  ( -2.350480947161686984, -1.572139471825235715E-14, 4.525000000000002132 ) ) ;
#761 = VERTEX_POINT ( 'NONE', #5451 ) ;
#762 = DIRECTION ( 'NONE',  ( -0.000000000000000000, -1.224646799147353207E-16, 1.000000000000000000 ) ) ;
#763 = CARTESIAN_POINT ( 'NONE',  ( -2.121320343559653931, 2.121320343559638388, 4.899999999999999467 ) ) ;
#764 = CARTESIAN_POINT ( 'NONE',  ( -3.740226349862386965E-16, -3.054126587736559539, -1.756250000000000089 ) ) ;
#765 = CARTESIAN_POINT ( 'NONE',  ( -0.4182474619457582921, -1.009738695057566860, 10.76374999999999815 ) ) ;
#766 = CARTESIAN_POINT ( 'NONE',  ( 1.662041016787807912, -1.662041016787821901, -12.22499999999999787 ) ) ;
#767 = CARTESIAN_POINT ( 'NONE',  ( -3.054126587736543996, -1.499327204590610890E-14, -1.068749999999999423 ) ) ;
#768 = CARTESIAN_POINT ( 'NONE',  ( -3.000000000000015987, -1.242640687119307641, 2.087499999999999467 ) ) ;
#769 = VERTEX_POINT ( 'NONE', #6238 ) ;
#770 = CARTESIAN_POINT ( 'NONE',  ( 3.673940397442061840E-16, 2.999999999999999556, 12.34999999999999964 ) ) ;
#771 = CARTESIAN_POINT ( 'NONE',  ( -1.662041016787807912, 1.662041016787792147, 4.400000000000002132 ) ) ;
#772 = LINE ( 'NONE', #5953, #2135 ) ;
#773 = ADVANCED_FACE ( 'NONE', ( #5571 ), #6800, .T. ) ;
#774 = CARTESIAN_POINT ( 'NONE',  ( -2.350480947161686984, -1.461921259901974082E-14, -4.474999999999997868 ) ) ;
#775 = ORIENTED_EDGE ( 'NONE', *, *, #1263, .F. ) ;
#776 = CARTESIAN_POINT ( 'NONE',  ( 1.265060653844738425, -3.054126587736559539, -9.756250000000001421 ) ) ;
#777 =( BOUNDED_SURFACE ( )  B_SPLINE_SURFACE ( 3, 2, ( 
 ( #4595, #426, #6888 ),
 ( #7302, #3381, #7412 ),
 ( #504, #2166, #2808 ),
 ( #2731, #4438, #5729 ) ),
 .UNSPECIFIED., .F., .F., .F. ) 
 B_SPLINE_SURFACE_WITH_KNOTS ( ( 4, 4 ),
 ( 3, 3 ),
 ( 0.002087322747032159184, 0.003185361095099534419 ),
 ( 0.000000000000000000, 1.000000000000000000 ),
 .UNSPECIFIED. ) 
 GEOMETRIC_REPRESENTATION_ITEM ( )  RATIONAL_B_SPLINE_SURFACE ( (
 ( 1.000000000000000000, 0.7556328946010963943, 1.000000000000000000),
 ( 1.000000000000000000, 0.7521437363096843409, 1.000000000000000000),
 ( 1.000000000000000000, 0.7485026143414873490, 1.000000000000000000),
 ( 1.000000000000000000, 0.7446872030761166883, 1.000000000000000000) ) ) 
 REPRESENTATION_ITEM ( '' )  SURFACE ( )  );
#778 = CARTESIAN_POINT ( 'NONE',  ( 0.9736010864139306165, 2.350480947161670997, 2.087500000000001688 ) ) ;
#779 = CARTESIAN_POINT ( 'NONE',  ( 1.662041016787808356, 1.662041016787793701, -10.97499999999999787 ) ) ;
#780 = CARTESIAN_POINT ( 'NONE',  ( -1.379775302178268372E-15, -0.3840784068098215820, 10.76374999999999815 ) ) ;
#781 = CARTESIAN_POINT ( 'NONE',  ( 3.000000000000016431, -1.615617378146978207E-14, 2.400000000000000355 ) ) ;
#782 = CARTESIAN_POINT ( 'NONE',  ( 3.000000000000015987, 1.242640687119277443, 0.5874999999999996891 ) ) ;
#783 = CARTESIAN_POINT ( 'NONE',  ( -1.265060653844739536, -3.054126587736560872, 3.181249999999999467 ) ) ;
#784 = CARTESIAN_POINT ( 'NONE',  ( 0.000000000000000000, 2.350480947161672773, -7.849999999999999645 ) ) ;
#785 = CARTESIAN_POINT ( 'NONE',  ( 0.000000000000000000, -2.044870920353165796E-15, 12.34999999999999964 ) ) ;
#786 = CARTESIAN_POINT ( 'NONE',  ( -1.242640687119290099, -3.000000000000035083, 1.212500000000000577 ) ) ;
#787 = CARTESIAN_POINT ( 'NONE',  ( 0.000000000000000000, 3.054126587736529785, -11.25625000000000142 ) ) ;
#788 = VERTEX_POINT ( 'NONE', #5715 ) ;
#789 = DIRECTION ( 'NONE',  ( 0.3826834323650948333, 0.9238795325112846291, -0.000000000000000000 ) ) ;
#790 = EDGE_CURVE ( 'NONE', #2926, #1706, #524, .T. ) ;
#791 = CARTESIAN_POINT ( 'NONE',  ( 1.822136847597924492, -0.4282286714488111601, 10.76374999999999815 ) ) ;
#792 = CARTESIAN_POINT ( 'NONE',  ( 2.350480947161686540, -0.9736010864139456045, -2.162499999999998312 ) ) ;
#793 = CARTESIAN_POINT ( 'NONE',  ( -2.350480947161686984, -1.533869259351880981E-14, 1.400000000000001243 ) ) ;
#794 = CARTESIAN_POINT ( 'NONE',  ( -3.673940397442080083E-16, -3.000000000000031530, -2.725000000000000089 ) ) ;
#795 = VECTOR ( 'NONE', #4554, 1000.000000000000000 ) ;
#796 = CARTESIAN_POINT ( 'NONE',  ( -2.350480947161686984, 0.9736010864139145182, -5.537499999999997868 ) ) ;
#797 = CARTESIAN_POINT ( 'NONE',  ( -0.4214895771970106897, 3.005328587666796114, 11.11969350972304582 ) ) ;
#798 = CARTESIAN_POINT ( 'NONE',  ( -2.159593620790641655, -2.159593620790658086, 9.056250000000000355 ) ) ;
#799 = ORIENTED_EDGE ( 'NONE', *, *, #883, .T. ) ;
#800 = CARTESIAN_POINT ( 'NONE',  ( 0.000000000000000000, 3.000000000000000444, 5.774999999999999467 ) ) ;
#801 = AXIS2_PLACEMENT_3D ( 'NONE', #3575, #6879, #704 ) ;
#802 = EDGE_CURVE ( 'NONE', #3392, #1143, #6805, .T. ) ;
#803 = CARTESIAN_POINT ( 'NONE',  ( 0.000000000000000000, 2.070106209874711453E-15, 11.81363098836948744 ) ) ;
#804 = CARTESIAN_POINT ( 'NONE',  ( 2.159593620790641655, -2.159593620790657198, -3.631250000000000533 ) ) ;
#805 = DIRECTION ( 'NONE',  ( 0.1045058763748857034, 0.02078751127481438810, 0.9943069954385901354 ) ) ;
#806 = CARTESIAN_POINT ( 'NONE',  ( -1.242640687119285881, -3.000000000000039524, 6.087500000000002132 ) ) ;
#807 = CARTESIAN_POINT ( 'NONE',  ( 3.054126587736543996, 1.265060653844724214, 0.4937500000000002442 ) ) ;
#808 = CARTESIAN_POINT ( 'NONE',  ( 0.000000000000000000, -1.785858122333501179E-15, 10.23500000000000476 ) ) ;
#809 = VERTEX_POINT ( 'NONE', #4538 ) ;
#810 = CARTESIAN_POINT ( 'NONE',  ( -1.259913210696006702, -2.064168822879625331, 5.686507161731729987 ) ) ;
#811 = CARTESIAN_POINT ( 'NONE',  ( 0.9736010864139287291, -2.350480947161703416, 5.837500000000000355 ) ) ;
#812 = AXIS2_PLACEMENT_3D ( 'NONE', #6690, #982, #3174 ) ;
#813 = CARTESIAN_POINT ( 'NONE',  ( 1.662041016787807912, -1.662041016787822567, -8.099999999999999645 ) ) ;
#814 = ORIENTED_EDGE ( 'NONE', *, *, #949, .F. ) ;
#815 = VECTOR ( 'NONE', #3702, 1000.000000000000114 ) ;
#816 = CARTESIAN_POINT ( 'NONE',  ( 1.265060653844738425, -3.054126587736559539, -8.756250000000003197 ) ) ;
#817 = CARTESIAN_POINT ( 'NONE',  ( 1.662041016787808356, 1.662041016787792147, 2.025000000000001688 ) ) ;
#818 = CARTESIAN_POINT ( 'NONE',  ( -2.878508968398398972E-16, -2.350480947161700751, -11.34999999999999964 ) ) ;
#819 = CARTESIAN_POINT ( 'NONE',  ( -0.3678202799641108189, -2.635051829692844017, -12.07100948403493135 ) ) ;
#820 = CARTESIAN_POINT ( 'NONE',  ( -0.9736010864139292842, -2.350480947161702083, -1.287499999999997868 ) ) ;
#821 = FACE_OUTER_BOUND ( 'NONE', #16, .T. ) ;
#822 = DIRECTION ( 'NONE',  ( -0.1045058763748857172, -0.02078751127481464830, 0.9943069954385902465 ) ) ;
#823 = CARTESIAN_POINT ( 'NONE',  ( 3.054126587736543996, -1.265060653844756633, 3.431249999999999467 ) ) ;
#824 = CARTESIAN_POINT ( 'NONE',  ( 0.000000000000000000, 2.350480947161672773, -10.84999999999999787 ) ) ;
#825 = CARTESIAN_POINT ( 'NONE',  ( 3.000000000000016431, -1.627863846138451091E-14, 3.400000000000000355 ) ) ;
#826 = CARTESIAN_POINT ( 'NONE',  ( -1.242640687119292098, 3.000000000000001776, 0.8374999999999999112 ) ) ;
#827 = CARTESIAN_POINT ( 'NONE',  ( -1.265060653844739536, -3.054126587736559095, -6.818749999999999645 ) ) ;
#828 = ORIENTED_EDGE ( 'NONE', *, *, #5011, .F. ) ;
#829 = CARTESIAN_POINT ( 'NONE',  ( 0.4966640741418449911, -3.081781509970239696, 11.83493107131884159 ) ) ;
#830 = CARTESIAN_POINT ( 'NONE',  ( 1.405380263633062121, -1.405380263633073223, 12.25628821341698682 ) ) ;
#831 = CARTESIAN_POINT ( 'NONE',  ( -1.662041016787808134, -1.662041016787822789, -2.474999999999998312 ) ) ;
#832 = CARTESIAN_POINT ( 'NONE',  ( 2.365080096996148296, -0.4587563367087098554, 5.845281198455195337 ) ) ;
#833 = DIRECTION ( 'NONE',  ( -0.9238795325112859613, 0.3826834323650916136, 0.000000000000000000 ) ) ;
#834 = CARTESIAN_POINT ( 'NONE',  ( 0.000000000000000000, 2.350480947161672329, -4.724999999999997868 ) ) ;
#835 = CARTESIAN_POINT ( 'NONE',  ( 3.054126587736543996, 1.265060653844723326, 9.493750000000002132 ) ) ;
#836 = ORIENTED_EDGE ( 'NONE', *, *, #2232, .F. ) ;
#837 = CARTESIAN_POINT ( 'NONE',  ( -3.126380839535692679, -0.4748537796649421328, 11.82102052362714772 ) ) ;
#838 = DIRECTION ( 'NONE',  ( 0.000000000000000000, -1.000000000000000000, 0.000000000000000000 ) ) ;
#839 = CARTESIAN_POINT ( 'NONE',  ( -3.054126587736543996, -1.487846140848604628E-14, -2.006250000000000089 ) ) ;
#840 = CARTESIAN_POINT ( 'NONE',  ( 0.000000000000000000, 3.000000000000002220, -10.34999999999999964 ) ) ;
#841 = CARTESIAN_POINT ( 'NONE',  ( 3.054126587736543996, -1.616994369558016336E-14, 2.431250000000000355 ) ) ;
#842 = CARTESIAN_POINT ( 'NONE',  ( 0.000000000000000000, 2.350480947161671441, 2.150000000000001688 ) ) ;
#843 = ADVANCED_FACE ( 'NONE', ( #5074 ), #3930, .T. ) ;
#844 = ORIENTED_EDGE ( 'NONE', *, *, #6569, .F. ) ;
#845 = CARTESIAN_POINT ( 'NONE',  ( -2.121320343559653931, 2.121320343559638832, -2.100000000000000089 ) ) ;
#846 = CARTESIAN_POINT ( 'NONE',  ( -0.9736010864139290621, 2.350480947161670553, 7.337500000000002132 ) ) ;
#847 = CARTESIAN_POINT ( 'NONE',  ( -0.9736010864139290621, 2.350480947161673217, -7.662499999999998757 ) ) ;
#848 = CARTESIAN_POINT ( 'NONE',  ( -1.662041016787807912, 1.662041016787792591, 1.400000000000001910 ) ) ;
#849 = VERTEX_POINT ( 'NONE', #7364 ) ;
#850 = CARTESIAN_POINT ( 'NONE',  ( -1.265060653844739536, -3.054126587736558207, -9.881250000000001421 ) ) ;
#851 = CARTESIAN_POINT ( 'NONE',  ( 1.662041016787808356, 1.662041016787791481, 8.025000000000000355 ) ) ;
#852 = CARTESIAN_POINT ( 'NONE',  ( 2.350480947161686540, -0.9736010864139444942, -10.16249999999999787 ) ) ;
#853 = CARTESIAN_POINT ( 'NONE',  ( 1.791232073829568394, -1.979436609029646021, 6.586554879250582140 ) ) ;
#854 = CARTESIAN_POINT ( 'NONE',  ( 1.662041016787807912, -1.662041016787823011, -3.099999999999998312 ) ) ;
#855 = EDGE_CURVE ( 'NONE', #1484, #4174, #5182, .T. ) ;
#856 = CARTESIAN_POINT ( 'NONE',  ( -2.026069899311726541, -1.615015482669730273, 6.372009659366244527 ) ) ;
#857 = CARTESIAN_POINT ( 'NONE',  ( 0.000000000000000000, -3.000000000000003997, 12.34999999999999964 ) ) ;
#858 = ORIENTED_EDGE ( 'NONE', *, *, #624, .F. ) ;
#859 = CARTESIAN_POINT ( 'NONE',  ( -0.9736010864139290621, 2.350480947161673217, -10.78749999999999787 ) ) ;
#860 = CARTESIAN_POINT ( 'NONE',  ( 1.684054823758191377, -1.776796206728549210, -12.28220704200633584 ) ) ;
#861 = PLANE ( 'NONE',  #196 ) ;
#862 = CARTESIAN_POINT ( 'NONE',  ( -1.265060653844739536, -3.054126587736558207, -9.818750000000001421 ) ) ;
#863 = ORIENTED_EDGE ( 'NONE', *, *, #5369, .F. ) ;
#864 = CARTESIAN_POINT ( 'NONE',  ( 0.4870458400202228866, -3.110101974821275927, 11.82591190759382549 ) ) ;
#865 = CARTESIAN_POINT ( 'NONE',  ( 0.3840784068098203052, 2.044095216605290144, 10.76374999999999815 ) ) ;
#866 = CARTESIAN_POINT ( 'NONE',  ( -2.878508968398398972E-16, -2.350480947161702083, -1.349999999999997868 ) ) ;
#867 = CARTESIAN_POINT ( 'NONE',  ( 0.5332533458600102749, 2.424747995253353938, 6.048541161684291900 ) ) ;
#868 = CARTESIAN_POINT ( 'NONE',  ( 1.242640687119298093, -3.000000000000026645, -2.662500000000000089 ) ) ;
#869 = CARTESIAN_POINT ( 'NONE',  ( -0.9736010864139292842, -2.350480947161702083, -7.287499999999999645 ) ) ;
#870 = CYLINDRICAL_SURFACE ( 'NONE', #812, 0.5831999999999999407 ) ;
#871 = CARTESIAN_POINT ( 'NONE',  ( 2.350480947161686540, 0.9736010864139137411, 4.087500000000002132 ) ) ;
#872 = ORIENTED_EDGE ( 'NONE', *, *, #2605, .T. ) ;
#873 = CARTESIAN_POINT ( 'NONE',  ( -3.155949487122290176, 0.4188713088899896908, 11.81363098836964909 ) ) ;
#874 = CARTESIAN_POINT ( 'NONE',  ( 3.673940397442061840E-16, 2.999999999999999556, 12.34999999999999964 ) ) ;
#875 = CARTESIAN_POINT ( 'NONE',  ( -3.054126587736543996, -1.265060653844753524, -3.943750000000000977 ) ) ;
#876 = CARTESIAN_POINT ( 'NONE',  ( -0.3057325481515992260, 3.058033318125265687, 10.76374999999999815 ) ) ;
#877 = CARTESIAN_POINT ( 'NONE',  ( -2.159593620790641655, -2.159593620790657198, 1.056250000000000799 ) ) ;
#878 = CARTESIAN_POINT ( 'NONE',  ( -1.662041016787808134, -1.662041016787823233, 1.525000000000002132 ) ) ;
#879 = ORIENTED_EDGE ( 'NONE', *, *, #3904, .T. ) ;
#880 = CARTESIAN_POINT ( 'NONE',  ( -1.242640687119292098, 3.000000000000001776, -2.162500000000000533 ) ) ;
#881 = CARTESIAN_POINT ( 'NONE',  ( 0.9736010864139287291, -2.350480947161702527, -7.162499999999999645 ) ) ;
#882 =( BOUNDED_CURVE ( )  B_SPLINE_CURVE ( 2, ( #5115, #6173, #7259, #5690, #7404, #3296, #5612, #419, #2767 ),
 .UNSPECIFIED., .F., .F. ) 
 B_SPLINE_CURVE_WITH_KNOTS ( ( 3, 2, 2, 2, 3 ),
 ( 0.5625000000000001110, 0.5781250000000001110, 0.5937500000000000000, 0.6093750000000000000, 0.6250000000000000000 ),
 .UNSPECIFIED. ) 
 CURVE ( )  GEOMETRIC_REPRESENTATION_ITEM ( )  RATIONAL_B_SPLINE_CURVE ( ( 0.9999999999999994449, 0.9238795325112872936, 1.000000000000000000, 0.9238795325112867385, 1.000000000000000000, 0.9238795325112867385, 1.000000000000000000, 0.9238795325112867385, 1.000000000000000000 ) ) 
 REPRESENTATION_ITEM ( '' )  );
#883 = EDGE_CURVE ( 'NONE', #6255, #916, #5560, .T. ) ;
#884 = CARTESIAN_POINT ( 'NONE',  ( -2.878508968398398972E-16, -2.350480947161702527, 0.7750000000000022427 ) ) ;
#885 = ORIENTED_EDGE ( 'NONE', *, *, #3623, .T. ) ;
#886 = CARTESIAN_POINT ( 'NONE',  ( 2.159593620790642099, 2.159593620790626556, -4.443749999999999645 ) ) ;
#887 = CARTESIAN_POINT ( 'NONE',  ( -2.878508968398398972E-16, -2.350480947161703416, 7.650000000000001243 ) ) ;
#888 = CARTESIAN_POINT ( 'NONE',  ( 2.350480947161686984, -1.438358588826430154E-14, -11.09999999999999787 ) ) ;
#889 = CYLINDRICAL_SURFACE ( 'NONE', #5651, 3.000000000000001776 ) ;
#890 = CARTESIAN_POINT ( 'NONE',  ( -1.662041016787808134, -1.662041016787822567, -3.349999999999998312 ) ) ;
#891 = DIRECTION ( 'NONE',  ( 0.000000000000000000, -1.000000000000000000, 0.000000000000000000 ) ) ;
#892 = CARTESIAN_POINT ( 'NONE',  ( -3.001312884207465004, -0.3794033297728194865, 10.76374999999999815 ) ) ;
#893 = ADVANCED_FACE ( 'NONE', ( #2189 ), #6912, .T. ) ;
#894 = ORIENTED_EDGE ( 'NONE', *, *, #1713, .F. ) ;
#895 = CARTESIAN_POINT ( 'NONE',  ( 2.121320343559654820, 2.121320343559638388, 1.525000000000000355 ) ) ;
#896 = CARTESIAN_POINT ( 'NONE',  ( 0.8495184478855241084, -2.252807026893844711, -12.32266135308210053 ) ) ;
#897 = DIRECTION ( 'NONE',  ( -0.000000000000000000, -1.224646799147353207E-16, 1.000000000000000000 ) ) ;
#898 = CARTESIAN_POINT ( 'NONE',  ( -3.054126587736543996, -1.426613800891237054E-14, -7.006250000000000533 ) ) ;
#899 = ORIENTED_EDGE ( 'NONE', *, *, #309, .T. ) ;
#900 = DIRECTION ( 'NONE',  ( -0.000000000000000000, -1.224646799147353207E-16, 1.000000000000000000 ) ) ;
#901 = DIRECTION ( 'NONE',  ( -0.9238795325112865164, 0.3826834323650902259, 1.415314858235883087E-14 ) ) ;
#902 = CARTESIAN_POINT ( 'NONE',  ( 0.9736010864139306165, 2.350480947161671441, -2.912499999999998312 ) ) ;
#903 = CARTESIAN_POINT ( 'NONE',  ( 3.054126587736543996, -1.691238581756324362E-14, 8.493750000000000355 ) ) ;
#904 = CARTESIAN_POINT ( 'NONE',  ( 3.000000000000015543, -1.242640687119308973, -3.662499999999999645 ) ) ;
#905 = DIRECTION ( 'NONE',  ( -0.000000000000000000, -1.224646799147352961E-16, 1.000000000000000000 ) ) ;
#906 = CARTESIAN_POINT ( 'NONE',  ( 1.242640687119293874, 2.999999999999999112, 6.587500000000000355 ) ) ;
#907 = CARTESIAN_POINT ( 'NONE',  ( -0.9736010864139292842, -2.350480947161702083, 1.712500000000001243 ) ) ;
#908 = ORIENTED_EDGE ( 'NONE', *, *, #384, .T. ) ;
#909 = CARTESIAN_POINT ( 'NONE',  ( 0.000000000000000000, -2.044870920353165796E-15, 12.34999999999999964 ) ) ;
#910 = CARTESIAN_POINT ( 'NONE',  ( 3.000000000000015987, 1.242640687119277665, -0.4125000000000003664 ) ) ;
#911 = CIRCLE ( 'NONE', #5867, 3.000000000000001776 ) ;
#912 = CARTESIAN_POINT ( 'NONE',  ( 2.159593620790642099, 2.159593620790626112, -4.381250000000000533 ) ) ;
#913 = CARTESIAN_POINT ( 'NONE',  ( 3.025937228602971096, -0.3649870894194191528, 10.76374999999999815 ) ) ;
#914 = CARTESIAN_POINT ( 'NONE',  ( 3.054126587736543996, -1.265060653844756411, 2.368749999999999911 ) ) ;
#915 = CARTESIAN_POINT ( 'NONE',  ( -2.350480947161686984, -0.9736010864139444942, 0.4625000000000020206 ) ) ;
#916 = VERTEX_POINT ( 'NONE', #3208 ) ;
#917 = CARTESIAN_POINT ( 'NONE',  ( 0.000000000000000000, 2.350480947161670997, 3.275000000000001688 ) ) ;
#918 = AXIS2_PLACEMENT_3D ( 'NONE', #2254, #6869, #5708 ) ;
#919 = CARTESIAN_POINT ( 'NONE',  ( 1.662041016787808356, 1.662041016787793257, -6.849999999999998757 ) ) ;
#920 = CARTESIAN_POINT ( 'NONE',  ( 1.662041016787808356, 1.662041016787792147, 1.150000000000001688 ) ) ;
#921 = ORIENTED_EDGE ( 'NONE', *, *, #5878, .F. ) ;
#922 = CARTESIAN_POINT ( 'NONE',  ( -0.9736010864139292842, -2.350480947161703416, 8.587500000000002132 ) ) ;
#923 = CARTESIAN_POINT ( 'NONE',  ( 2.350480947161686540, 0.9736010864139158505, -12.03749999999999787 ) ) ;
#924 = AXIS2_PLACEMENT_3D ( 'NONE', #4844, #4880, #3054 ) ;
#925 = CARTESIAN_POINT ( 'NONE',  ( 3.000000000000015543, -1.242640687119309861, 7.337500000000000355 ) ) ;
#926 = CARTESIAN_POINT ( 'NONE',  ( 1.662041016787808356, 1.662041016787792591, -2.849999999999998312 ) ) ;
#927 = CARTESIAN_POINT ( 'NONE',  ( -2.468895671106928091, -0.7213388884981087879, 6.319962217612165922 ) ) ;
#928 = CARTESIAN_POINT ( 'NONE',  ( -3.057062562351390955, -0.3154423533987662509, 10.76374999999999815 ) ) ;
#929 =( BOUNDED_CURVE ( )  B_SPLINE_CURVE ( 2, ( #6180, #1071, #1596, #995, #2775, #6292, #1669 ),
 .UNSPECIFIED., .F., .F. ) 
 B_SPLINE_CURVE_WITH_KNOTS ( ( 3, 2, 2, 3 ),
 ( 0.07812500000000015266, 0.09375000000000013878, 0.1093750000000001249, 0.1250000000000001110 ),
 .UNSPECIFIED. ) 
 CURVE ( )  GEOMETRIC_REPRESENTATION_ITEM ( )  RATIONAL_B_SPLINE_CURVE ( ( 0.9999999999999992228, 0.9238795325112875156, 1.000000000000000000, 0.9238795325112867385, 1.000000000000000000, 0.9238795325112861834, 1.000000000000000444 ) ) 
 REPRESENTATION_ITEM ( '' )  );
#930 = AXIS2_PLACEMENT_3D ( 'NONE', #2563, #297, #1354 ) ;
#931 = AXIS2_PLACEMENT_3D ( 'NONE', #488, #7433, #1687 ) ;
#932 = EDGE_LOOP ( 'NONE', ( #7103, #1151, #155, #7038 ) ) ;
#933 = CARTESIAN_POINT ( 'NONE',  ( 3.000000000000015543, -1.242640687119309195, 1.337500000000000133 ) ) ;
#934 = CARTESIAN_POINT ( 'NONE',  ( 0.3807834845797187784, -2.356707843658283785, -12.34324519145380350 ) ) ;
#935 = CARTESIAN_POINT ( 'NONE',  ( 1.986650927224993701, -1.429788430412278100, 5.978005695142116771 ) ) ;
#936 = CARTESIAN_POINT ( 'NONE',  ( -2.159593620790641655, 2.159593620790627000, -7.131250000000000533 ) ) ;
#937 = CARTESIAN_POINT ( 'NONE',  ( -0.3826289599287191479, 3.048904827653276417, 10.74995943411647126 ) ) ;
#938 = VERTEX_POINT ( 'NONE', #2152 ) ;
#939 = LOCAL_TIME ( 3, 38, 27.00000000000000000, #946 ) ;
#940 = EDGE_CURVE ( 'NONE', #4102, #4343, #5908, .T. ) ;
#941 = CARTESIAN_POINT ( 'NONE',  ( -1.662041016787807912, 1.662041016787792147, 4.275000000000002132 ) ) ;
#942 = CARTESIAN_POINT ( 'NONE',  ( -0.4652957277608849584, 1.775705995774930161E-15, 2.682494925704428823 ) ) ;
#943 = CARTESIAN_POINT ( 'NONE',  ( 1.242640687119314746, -3.000000000000008882, -8.662499999999997868 ) ) ;
#944 = CARTESIAN_POINT ( 'NONE',  ( -1.265060653844739536, -3.054126587736560872, 7.181249999999999467 ) ) ;
#945 = CARTESIAN_POINT ( 'NONE',  ( 0.3154423533987544270, -3.057062562351393620, 10.76374999999999815 ) ) ;
#946 = COORDINATED_UNIVERSAL_TIME_OFFSET ( 6, 0, .BEHIND. ) ;
#947 = CARTESIAN_POINT ( 'NONE',  ( -2.350480947161686984, -1.374665175462725289E-14, -11.59999999999999964 ) ) ;
#948 = CARTESIAN_POINT ( 'NONE',  ( -2.878508968398398972E-16, -2.350480947161702971, 4.775000000000001243 ) ) ;
#949 = EDGE_CURVE ( 'NONE', #4057, #6814, #3432, .T. ) ;
#950 = VERTEX_POINT ( 'NONE', #4004 ) ;
#951 = CARTESIAN_POINT ( 'NONE',  ( -3.673940397442080083E-16, -3.000000000000031086, -7.725000000000000533 ) ) ;
#952 = CARTESIAN_POINT ( 'NONE',  ( -1.265060653844739536, -3.054126587736560428, 1.181249999999999911 ) ) ;
#953 = CARTESIAN_POINT ( 'NONE',  ( 2.981222321715237378, -0.3840784068098322956, 10.76374999999999815 ) ) ;
#954 = B_SPLINE_CURVE_WITH_KNOTS ( 'NONE', 3,
 ( #6140, #953, #7222, #6546, #4392, #6024, #913, #1365, #1515, #6061, #3674, #4819, #2043, #3145, #352, #308 ),
 .UNSPECIFIED., .F., .F.,
 ( 4, 3, 3, 3, 3, 4 ),
 ( 0.000000000000000000, 2.927462721033379479E-05, 5.856014464051503458E-05, 8.769709714780546319E-05, 0.0001167907553591528830, 0.0001273437871731923014 ),
 .UNSPECIFIED. ) ;
#955 = CARTESIAN_POINT ( 'NONE',  ( 1.662041016787807912, -1.662041016787823011, -3.099999999999998312 ) ) ;
#956 = CARTESIAN_POINT ( 'NONE',  ( 1.265060653844741090, 3.054126587736527565, 2.618750000000000355 ) ) ;
#957 = VERTEX_POINT ( 'NONE', #3325 ) ;
#958 = CARTESIAN_POINT ( 'NONE',  ( -2.350480947161686984, -1.547646535842288685E-14, 2.525000000000001688 ) ) ;
#959 = CARTESIAN_POINT ( 'NONE',  ( -2.878508968398398972E-16, -2.350480947161701195, -10.22499999999999787 ) ) ;
#960 = EDGE_CURVE ( 'NONE', #4635, #4627, #2839, .T. ) ;
#961 = CARTESIAN_POINT ( 'NONE',  ( 1.662041016787807912, -1.662041016787823455, -0.09999999999999853451 ) ) ;
#962 = VERTEX_POINT ( 'NONE', #1128 ) ;
#963 = CARTESIAN_POINT ( 'NONE',  ( -2.350480947161686984, -0.9736010864139450494, 6.462500000000001243 ) ) ;
#964 = CARTESIAN_POINT ( 'NONE',  ( 2.350480947161686540, -0.9736010864139447163, -8.162499999999999645 ) ) ;
#965 = CARTESIAN_POINT ( 'NONE',  ( 0.7022510640005444893, -2.552261837991799176, 6.524431671288269285 ) ) ;
#966 = CARTESIAN_POINT ( 'NONE',  ( 0.9736010864139287291, -2.350480947161702083, -3.162499999999998312 ) ) ;
#967 = DIRECTION ( 'NONE',  ( -1.000000000000000000, 0.000000000000000000, 0.000000000000000000 ) ) ;
#968 = CARTESIAN_POINT ( 'NONE',  ( -3.673940397442080083E-16, -3.000000000000032419, 5.275000000000000355 ) ) ;
#969 = ORIENTED_EDGE ( 'NONE', *, *, #3117, .F. ) ;
#970 = CARTESIAN_POINT ( 'NONE',  ( 3.000000000000015987, 1.242640687119277221, 1.462500000000000355 ) ) ;
#971 = CARTESIAN_POINT ( 'NONE',  ( 0.000000000000000000, -2.044870920353165796E-15, 12.34999999999999964 ) ) ;
#972 = CARTESIAN_POINT ( 'NONE',  ( 2.487863365305711394, 0.2533155127216064062, 6.124232688775499867 ) ) ;
#973 = CARTESIAN_POINT ( 'NONE',  ( -1.265060653844739091, 3.054126587736530229, -8.193749999999999645 ) ) ;
#974 = CARTESIAN_POINT ( 'NONE',  ( -0.4969619868115227046, 3.148072318320651597, 11.83776552103389434 ) ) ;
#975 = ORIENTED_EDGE ( 'NONE', *, *, #2641, .F. ) ;
#976 =( BOUNDED_CURVE ( )  B_SPLINE_CURVE ( 2, ( #7387, #5703, #3355, #6299, #4637, #1746, #7462, #2175, #6823 ),
 .UNSPECIFIED., .F., .T. ) 
 B_SPLINE_CURVE_WITH_KNOTS ( ( 3, 2, 2, 2, 3 ),
 ( 0.1250000000000000000, 0.1406249999999999722, 0.1562499999999999445, 0.1718749999999998890, 0.1874999999999998612 ),
 .UNSPECIFIED. ) 
 CURVE ( )  GEOMETRIC_REPRESENTATION_ITEM ( )  RATIONAL_B_SPLINE_CURVE ( ( 1.000000000000000000, 0.9238795325112867385, 1.000000000000000000, 0.9238795325112867385, 1.000000000000000000, 0.9238795325112867385, 1.000000000000000000, 0.9238795325112874046, 0.9999999999999993339 ) ) 
 REPRESENTATION_ITEM ( '' )  );
#977 = CARTESIAN_POINT ( 'NONE',  ( -0.9736010864139292842, -2.350480947161703416, 4.587500000000001243 ) ) ;
#978 = CARTESIAN_POINT ( 'NONE',  ( -0.9736010864139290621, 2.350480947161671441, 1.212500000000002132 ) ) ;
#979 = EDGE_CURVE ( 'NONE', #957, #5432, #204, .T. ) ;
#980 = CARTESIAN_POINT ( 'NONE',  ( -3.740226349862386965E-16, -3.054126587736560872, 8.243749999999998579 ) ) ;
#981 = CARTESIAN_POINT ( 'NONE',  ( -2.350480947161686984, -0.9736010864139444942, 1.462500000000001243 ) ) ;
#982 = DIRECTION ( 'NONE',  ( 0.1045058763748856895, 0.02078751127481438810, 0.9943069954385902465 ) ) ;
#983 = CARTESIAN_POINT ( 'NONE',  ( 0.000000000000000000, -9.368548013477250272E-16, 7.649999999999998579 ) ) ;
#984 = ORIENTED_EDGE ( 'NONE', *, *, #1124, .F. ) ;
#985 = CARTESIAN_POINT ( 'NONE',  ( -2.350480947161686984, -1.621125343791130090E-14, 8.525000000000002132 ) ) ;
#986 = DIRECTION ( 'NONE',  ( 1.000000000000000000, 0.000000000000000000, 0.000000000000000000 ) ) ;
#987 = DIRECTION ( 'NONE',  ( 0.000000000000000000, -1.000000000000000000, 0.000000000000000000 ) ) ;
#988 = CARTESIAN_POINT ( 'NONE',  ( 1.265060653844738425, -3.054126587736560872, 0.3062499999999991895 ) ) ;
#989 = EDGE_CURVE ( 'NONE', #1835, #4132, #4041, .T. ) ;
#990 = CARTESIAN_POINT ( 'NONE',  ( 3.000000000000015543, -1.242640687119309195, -1.537500000000000533 ) ) ;
#991 = CARTESIAN_POINT ( 'NONE',  ( 2.350480947161686984, -1.550107609248625976E-14, -1.974999999999998535 ) ) ;
#992 = CARTESIAN_POINT ( 'NONE',  ( -3.054126587736543996, -1.548313076556504950E-14, 2.931249999999999911 ) ) ;
#993 = ORIENTED_EDGE ( 'NONE', *, *, #575, .T. ) ;
#994 = CARTESIAN_POINT ( 'NONE',  ( 0.1835997398697802041, -2.932035405511783654, 7.323696958412947211 ) ) ;
#995 = CARTESIAN_POINT ( 'NONE',  ( 3.000000000000015987, 1.242640687119278997, -11.53749999999999964 ) ) ;
#996 = CARTESIAN_POINT ( 'NONE',  ( 0.9736010864139306165, 2.350480947161671441, -2.912499999999998312 ) ) ;
#997 = VERTEX_POINT ( 'NONE', #6908 ) ;
#998 = CARTESIAN_POINT ( 'NONE',  ( 2.159593620790641655, -2.159593620790657642, 1.368749999999999023 ) ) ;
#999 = CARTESIAN_POINT ( 'NONE',  ( -0.9736010864139290621, 2.350480947161673217, -9.787499999999996092 ) ) ;
#1000 = CARTESIAN_POINT ( 'NONE',  ( 0.000000000000000000, 3.054126587736529341, -5.318749999999999645 ) ) ;
#1001 = CARTESIAN_POINT ( 'NONE',  ( -2.878508968398398972E-16, -2.350480947161701639, -4.349999999999997868 ) ) ;
#1002 = CYLINDRICAL_SURFACE ( 'NONE', #5772, 0.5832000000000001627 ) ;
#1003 = CARTESIAN_POINT ( 'NONE',  ( 3.076575913768320181, -0.4967494505816669181, 11.83666282597237895 ) ) ;
#1004 = EDGE_CURVE ( 'NONE', #3301, #683, #2003, .T. ) ;
#1005 = ORIENTED_EDGE ( 'NONE', *, *, #1541, .T. ) ;
#1006 = CARTESIAN_POINT ( 'NONE',  ( 0.9736010864139287291, -2.350480947161702527, -5.287499999999998757 ) ) ;
#1007 = CARTESIAN_POINT ( 'NONE',  ( -0.3050373034875420997, -3.057421916954502272, 10.75730433123960772 ) ) ;
#1008 = CARTESIAN_POINT ( 'NONE',  ( 3.058033318125262134, 0.3057325481516299792, 10.76374999999999815 ) ) ;
#1009 = CARTESIAN_POINT ( 'NONE',  ( 0.000000000000000000, 3.054126587736529341, -5.256250000000000533 ) ) ;
#1010 = CARTESIAN_POINT ( 'NONE',  ( 0.4779930481426960531, -3.055321016530500700, 11.65728812522867308 ) ) ;
#1011 = ORIENTED_EDGE ( 'NONE', *, *, #940, .F. ) ;
#1012 = CARTESIAN_POINT ( 'NONE',  ( 1.662041016787808356, 1.662041016787791925, 3.025000000000001688 ) ) ;
#1013 = CIRCLE ( 'NONE', #1728, 3.073278406809817120 ) ;
#1014 = CARTESIAN_POINT ( 'NONE',  ( -2.121320343559653931, -2.121320343559668586, -8.974999999999999645 ) ) ;
#1015 = CARTESIAN_POINT ( 'NONE',  ( -0.9736010864139290621, 2.350480947161671885, -0.7874999999999983125 ) ) ;
#1016 = DIRECTION ( 'NONE',  ( -0.3826834323650935565, -0.9238795325112852952, 1.415314858235883403E-14 ) ) ;
#1017 = DIRECTION ( 'NONE',  ( 0.02078751127481410360, -0.1045058763748859254, 0.9943069954385902465 ) ) ;
#1018 = CARTESIAN_POINT ( 'NONE',  ( 2.350480947161686984, -1.438358588826430154E-14, -11.09999999999999787 ) ) ;
#1019 =( BOUNDED_CURVE ( )  B_SPLINE_CURVE ( 2, ( #740, #5245, #2326, #2937, #64, #5281, #4643, #3082, #1342 ),
 .UNSPECIFIED., .F., .F. ) 
 B_SPLINE_CURVE_WITH_KNOTS ( ( 3, 2, 2, 2, 3 ),
 ( 0.8750000000000000000, 0.8906250000000000000, 0.9062500000000000000, 0.9218750000000000000, 0.9375000000000000000 ),
 .UNSPECIFIED. ) 
 CURVE ( )  GEOMETRIC_REPRESENTATION_ITEM ( )  RATIONAL_B_SPLINE_CURVE ( ( 1.000000000000000000, 0.9238795325112867385, 1.000000000000000000, 0.9238795325112867385, 1.000000000000000000, 0.9238795325112867385, 1.000000000000000000, 0.9238795325112867385, 1.000000000000000000 ) ) 
 REPRESENTATION_ITEM ( '' )  );
#1020 = ORIENTED_EDGE ( 'NONE', *, *, #2335, .T. ) ;
#1021 = CARTESIAN_POINT ( 'NONE',  ( 0.9736010864139306165, 2.350480947161670553, 5.212500000000002132 ) ) ;
#1022 = CARTESIAN_POINT ( 'NONE',  ( 3.000000000000015987, 1.242640687119276777, 6.587500000000000355 ) ) ;
#1023 = CARTESIAN_POINT ( 'NONE',  ( 2.121320343559653931, -2.121320343559671251, 7.399999999999998579 ) ) ;
#1024 = CARTESIAN_POINT ( 'NONE',  ( 2.159593620790642099, 2.159593620790625668, 0.6187499999999994671 ) ) ;
#1025 = CARTESIAN_POINT ( 'NONE',  ( 3.000000000000015987, 1.242640687119277665, -1.412500000000000089 ) ) ;
#1026 = CARTESIAN_POINT ( 'NONE',  ( -1.265060653844739091, 3.054126587736529341, -5.256249999999999645 ) ) ;
#1027 = CARTESIAN_POINT ( 'NONE',  ( 1.662041016787807912, -1.662041016787822789, -5.099999999999998757 ) ) ;
#1028 = CARTESIAN_POINT ( 'NONE',  ( -2.159593620790641655, -2.159593620790657642, 4.056250000000000355 ) ) ;
#1029 = ORIENTED_EDGE ( 'NONE', *, *, #7212, .F. ) ;
#1030 = CARTESIAN_POINT ( 'NONE',  ( -1.242640687119287657, -3.000000000000036859, -3.912499999999999201 ) ) ;
#1031 = EDGE_CURVE ( 'NONE', #6887, #5446, #249, .T. ) ;
#1032 = CARTESIAN_POINT ( 'NONE',  ( 0.9736010864139287291, -2.350480947161702527, -5.162499999999997868 ) ) ;
#1033 = CARTESIAN_POINT ( 'NONE',  ( -0.9736010864139292842, -2.350480947161702083, -1.412499999999998090 ) ) ;
#1034 = ORIENTED_EDGE ( 'NONE', *, *, #6716, .T. ) ;
#1035 = CARTESIAN_POINT ( 'NONE',  ( -3.054126587736543996, 1.265060653844723992, 1.931249999999999467 ) ) ;
#1036 = CARTESIAN_POINT ( 'NONE',  ( 2.350480947161686540, 0.9736010864139155174, -10.03749999999999787 ) ) ;
#1037 = CARTESIAN_POINT ( 'NONE',  ( 2.342410580189318470, 1.412845825210294448, 6.767990423293515079 ) ) ;
#1038 = CARTESIAN_POINT ( 'NONE',  ( -1.662041016787807912, 1.662041016787792591, 1.400000000000001910 ) ) ;
#1039 = CARTESIAN_POINT ( 'NONE',  ( 0.3128050330941807289, 3.057107592275126073, 10.76374999999999815 ) ) ;
#1040 = CARTESIAN_POINT ( 'NONE',  ( 3.071965366029781208, -0.4970064592694122263, 11.83818864820600325 ) ) ;
#1041 = CIRCLE ( 'NONE', #1756, 5.927999999999999048 ) ;
#1042 = ORIENTED_EDGE ( 'NONE', *, *, #250, .F. ) ;
#1043 = CARTESIAN_POINT ( 'NONE',  ( -1.662041016787808134, -1.662041016787822345, -6.474999999999997868 ) ) ;
#1044 = CARTESIAN_POINT ( 'NONE',  ( 1.662041016787808356, 1.662041016787793701, -10.84999999999999787 ) ) ;
#1045 = CARTESIAN_POINT ( 'NONE',  ( 0.6474965121861647743, -2.309374704373537313, 5.842548331209453494 ) ) ;
#1046 = CARTESIAN_POINT ( 'NONE',  ( -2.121320343559653931, -2.121320343559668586, -9.850000000000001421 ) ) ;
#1047 = CARTESIAN_POINT ( 'NONE',  ( -0.4286100534128529094, -3.154656918694982437, 11.81363098836964909 ) ) ;
#1048 = AXIS2_PLACEMENT_3D ( 'NONE', #2437, #1943, #4261 ) ;
#1049 = CARTESIAN_POINT ( 'NONE',  ( -3.673940397442080083E-16, -3.000000000000030198, -10.84999999999999964 ) ) ;
#1050 = AXIS2_PLACEMENT_3D ( 'NONE', #803, #1888, #4206 ) ;
#1051 = CARTESIAN_POINT ( 'NONE',  ( -0.4970064592694000138, -3.071965366029783429, 11.83818864820600147 ) ) ;
#1052 = EDGE_CURVE ( 'NONE', #1735, #3892, #1783, .T. ) ;
#1053 = CARTESIAN_POINT ( 'NONE',  ( 0.9736010864139306165, 2.350480947161671441, -0.9124999999999984235 ) ) ;
#1054 = LINE ( 'NONE', #5683, #3947 ) ;
#1055 = DIRECTION ( 'NONE',  ( 0.000000000000000000, -1.000000000000000000, 0.000000000000000000 ) ) ;
#1056 = AXIS2_PLACEMENT_3D ( 'NONE', #4529, #4640, #5782 ) ;
#1057 = COORDINATED_UNIVERSAL_TIME_OFFSET ( 6, 0, .BEHIND. ) ;
#1058 = CARTESIAN_POINT ( 'NONE',  ( 1.662041016787807912, -1.662041016787824121, 4.775000000000001243 ) ) ;
#1059 = CARTESIAN_POINT ( 'NONE',  ( 2.350480947161686540, -0.9736010864139450494, -6.162499999999999645 ) ) ;
#1060 = ORIENTED_EDGE ( 'NONE', *, *, #2049, .T. ) ;
#1061 = CARTESIAN_POINT ( 'NONE',  ( 0.000000000000000000, 2.350480947161670997, 5.275000000000002132 ) ) ;
#1062 = CARTESIAN_POINT ( 'NONE',  ( 0.1459507949382068959, -2.363381185799668494, -12.34999999999998899 ) ) ;
#1063 = CARTESIAN_POINT ( 'NONE',  ( 0.000000000000000000, -2.044870920353165796E-15, 12.34999999999999964 ) ) ;
#1064 = CARTESIAN_POINT ( 'NONE',  ( 0.000000000000000000, 3.054126587736528453, 0.7437499999999995781 ) ) ;
#1065 = CARTESIAN_POINT ( 'NONE',  ( 0.000000000000000000, -1.734723475976807094E-15, 8.942500000000002558 ) ) ;
#1066 = CARTESIAN_POINT ( 'NONE',  ( 2.159593620790641655, -2.159593620790656754, -4.693749999999999645 ) ) ;
#1067 = CARTESIAN_POINT ( 'NONE',  ( -2.350480947161686984, -0.9736010864139436061, -4.412499999999997868 ) ) ;
#1068 = CARTESIAN_POINT ( 'NONE',  ( -3.054126587736543996, -1.265060653844755301, 4.993749999999999467 ) ) ;
#1069 = VERTEX_POINT ( 'NONE', #600 ) ;
#1070 = FACE_OUTER_BOUND ( 'NONE', #7078, .T. ) ;
#1071 = CARTESIAN_POINT ( 'NONE',  ( 3.000000000000015987, -1.242640687119294762, -11.66249999999999787 ) ) ;
#1072 = CARTESIAN_POINT ( 'NONE',  ( -2.350480947161686984, -0.9736010864139442722, -1.537499999999998090 ) ) ;
#1073 = ORIENTED_EDGE ( 'NONE', *, *, #4320, .T. ) ;
#1074 = EDGE_CURVE ( 'NONE', #7176, #997, #6276, .T. ) ;
#1075 = CARTESIAN_POINT ( 'NONE',  ( -0.9736010864139290621, 2.350480947161672329, -6.787499999999999645 ) ) ;
#1076 = CARTESIAN_POINT ( 'NONE',  ( 2.145375491322982331, 1.707154038202573387, 6.785076303716728319 ) ) ;
#1077 = CARTESIAN_POINT ( 'NONE',  ( 2.350480947161686540, -0.9736010864139459375, 0.9625000000000014655 ) ) ;
#1078 = DIRECTION ( 'NONE',  ( 0.1045058763748857172, 0.02078751127481464830, -0.9943069954385902465 ) ) ;
#1079 = CARTESIAN_POINT ( 'NONE',  ( -2.350480947161686984, -0.9736010864139444942, 1.587500000000001688 ) ) ;
#1080 = ORIENTED_EDGE ( 'NONE', *, *, #5351, .T. ) ;
#1081 = DIRECTION ( 'NONE',  ( 0.000000000000000000, -1.000000000000000000, 0.000000000000000000 ) ) ;
#1082 = EDGE_CURVE ( 'NONE', #3762, #849, #1054, .T. ) ;
#1083 = CARTESIAN_POINT ( 'NONE',  ( -2.878508968398398972E-16, -2.350480947161700751, -11.22499999999999964 ) ) ;
#1084 = CARTESIAN_POINT ( 'NONE',  ( -0.3154423533987328887, 3.057062562351394064, 10.76374999999999815 ) ) ;
#1085 = CARTESIAN_POINT ( 'NONE',  ( -0.3840784068097987114, 1.967675189122393808, 10.76374999999999815 ) ) ;
#1086 = CARTESIAN_POINT ( 'NONE',  ( -0.4558050900064453126, -3.143133547082769041, 11.81627329366151535 ) ) ;
#1087 = CARTESIAN_POINT ( 'NONE',  ( -3.000000000000015987, 1.242640687119278331, -11.16250000000000142 ) ) ;
#1088 = CARTESIAN_POINT ( 'NONE',  ( -0.9736010864139292842, -2.350480947161702527, -4.287499999999997868 ) ) ;
#1089 = CARTESIAN_POINT ( 'NONE',  ( 1.662041016787808356, 1.662041016787792369, 0.02500000000000158346 ) ) ;
#1090 = CARTESIAN_POINT ( 'NONE',  ( -2.121320343559653931, 2.121320343559639721, -11.09999999999999964 ) ) ;
#1091 = CARTESIAN_POINT ( 'NONE',  ( 0.3840784068098099802, -2.971464112645131106, 10.76374999999999815 ) ) ;
#1092 = PERSON_AND_ORGANIZATION ( #107, #6845 ) ;
#1093 = CARTESIAN_POINT ( 'NONE',  ( -2.350480947161686984, -1.582855131317775040E-14, 5.400000000000002132 ) ) ;
#1094 = CARTESIAN_POINT ( 'NONE',  ( -1.662041016787808134, -1.662041016787822123, -7.474999999999997868 ) ) ;
#1095 = VERTEX_POINT ( 'NONE', #6764 ) ;
#1096 = CARTESIAN_POINT ( 'NONE',  ( 2.350480947161686540, -0.9736010864139464926, 5.962500000000001243 ) ) ;
#1097 = CARTESIAN_POINT ( 'NONE',  ( 3.582545006821692742E-15, -1.440044418889681253E-15, 11.81363098836964909 ) ) ;
#1098 = EDGE_CURVE ( 'NONE', #656, #2106, #1580, .T. ) ;
#1099 = PLANE ( 'NONE',  #5162 ) ;
#1100 = CARTESIAN_POINT ( 'NONE',  ( -2.159593620790641655, -2.159593620790657198, 0.1187499999999999389 ) ) ;
#1101 = CARTESIAN_POINT ( 'NONE',  ( 0.000000000000000000, 3.000000000000001332, -1.225000000000000089 ) ) ;
#1102 = CARTESIAN_POINT ( 'NONE',  ( -3.054126587736543996, -1.438094864633243316E-14, -6.068749999999999645 ) ) ;
#1103 = CARTESIAN_POINT ( 'NONE',  ( -0.9736010864139292842, -2.350480947161702083, -5.287499999999996980 ) ) ;
#1104 = CARTESIAN_POINT ( 'NONE',  ( -1.265060653844739536, -3.054126587736560428, 2.118749999999999467 ) ) ;
#1105 = ORIENTED_EDGE ( 'NONE', *, *, #424, .F. ) ;
#1106 = CARTESIAN_POINT ( 'NONE',  ( 1.718290156438554650, -2.415815149785500715, 7.397776397587096930 ) ) ;
#1107 = CARTESIAN_POINT ( 'NONE',  ( 0.9736010864139287291, -2.350480947161702527, -6.162499999999999645 ) ) ;
#1108 =( BOUNDED_CURVE ( )  B_SPLINE_CURVE ( 3, ( #690, #4667, #6963, #4163 ),
 .UNSPECIFIED., .F., .T. ) 
 B_SPLINE_CURVE_WITH_KNOTS ( ( 4, 4 ),
 ( 2.751161613710442655, 3.532023693469146686 ),
 .UNSPECIFIED. ) 
 CURVE ( )  GEOMETRIC_REPRESENTATION_ITEM ( )  RATIONAL_B_SPLINE_CURVE ( ( 1.000000000000000000, 0.9498300650479261087, 0.9498300650479261087, 1.000000000000000000 ) ) 
 REPRESENTATION_ITEM ( '' )  );
#1109 = CARTESIAN_POINT ( 'NONE',  ( -2.350480947161686984, -0.9736010864139436061, -4.537499999999997868 ) ) ;
#1110 = ORIENTED_EDGE ( 'NONE', *, *, #3196, .T. ) ;
#1111 = CARTESIAN_POINT ( 'NONE',  ( 0.000000000000000000, 2.350480947161672773, -9.849999999999997868 ) ) ;
#1112 = CARTESIAN_POINT ( 'NONE',  ( -0.4225759122075390950, 3.155379854719144728, 11.81365701814858937 ) ) ;
#1113 = CARTESIAN_POINT ( 'NONE',  ( -0.9736010864139292842, -2.350480947161702083, 1.712500000000002576 ) ) ;
#1114 = CARTESIAN_POINT ( 'NONE',  ( 2.121320343559654820, 2.121320343559639277, -9.475000000000001421 ) ) ;
#1115 = DIRECTION ( 'NONE',  ( -0.000000000000000000, -1.224646799147353207E-16, 1.000000000000000000 ) ) ;
#1116 = ADVANCED_FACE ( 'NONE', ( #6200 ), #5141, .T. ) ;
#1117 = ORIENTED_EDGE ( 'NONE', *, *, #1765, .T. ) ;
#1118 = CARTESIAN_POINT ( 'NONE',  ( -1.265060653844739091, 3.054126587736530674, -12.25624999999999964 ) ) ;
#1119 = CARTESIAN_POINT ( 'NONE',  ( 0.000000000000000000, 2.350480947161673217, -12.72499999999999787 ) ) ;
#1120 = CARTESIAN_POINT ( 'NONE',  ( -0.3428103904262841950, 3.046164463648495691, 10.76374999999999815 ) ) ;
#1121 = FACE_OUTER_BOUND ( 'NONE', #2944, .T. ) ;
#1122 = DIRECTION ( 'NONE',  ( -0.9188184237650771635, 0.3805870524817705491, 0.1045284632676538594 ) ) ;
#1123 = DIRECTION ( 'NONE',  ( -0.000000000000000000, -1.224646799147353207E-16, 1.000000000000000000 ) ) ;
#1124 = EDGE_CURVE ( 'NONE', #4608, #1735, #4353, .T. ) ;
#1125 = CARTESIAN_POINT ( 'NONE',  ( -1.662041016787808134, -1.662041016787822789, -2.349999999999998312 ) ) ;
#1126 =( BOUNDED_CURVE ( )  B_SPLINE_CURVE ( 2, ( #1647, #3893, #6272, #1087, #1502, #3857, #6725, #4460, #1049 ),
 .UNSPECIFIED., .F., .F. ) 
 B_SPLINE_CURVE_WITH_KNOTS ( ( 3, 2, 2, 2, 3 ),
 ( 0.1250000000000001110, 0.1406250000000000833, 0.1562500000000000555, 0.1718750000000000555, 0.1875000000000000278 ),
 .UNSPECIFIED. ) 
 CURVE ( )  GEOMETRIC_REPRESENTATION_ITEM ( )  RATIONAL_B_SPLINE_CURVE ( ( 0.9999999999999994449, 0.9238795325112872936, 1.000000000000000000, 0.9238795325112867385, 1.000000000000000000, 0.9238795325112867385, 1.000000000000000000, 0.9238795325112866275, 1.000000000000000222 ) ) 
 REPRESENTATION_ITEM ( '' )  );
#1127 = CARTESIAN_POINT ( 'NONE',  ( -2.350480947161686984, 0.9736010864139152954, -11.66249999999999964 ) ) ;
#1128 = CARTESIAN_POINT ( 'NONE',  ( 0.000000000000000000, 3.000000000000002665, -11.34999999999999964 ) ) ;
#1129 = CARTESIAN_POINT ( 'NONE',  ( 1.662041016787807912, -1.662041016787823899, 3.775000000000001243 ) ) ;
#1130 = CARTESIAN_POINT ( 'NONE',  ( -2.878508968398398972E-16, -2.350480947161703416, 6.650000000000000355 ) ) ;
#1131 = CARTESIAN_POINT ( 'NONE',  ( -0.9736010864139292842, -2.350480947161701639, -9.412499999999999645 ) ) ;
#1132 = ORIENTED_EDGE ( 'NONE', *, *, #79, .F. ) ;
#1133 = CARTESIAN_POINT ( 'NONE',  ( 1.242640687119293874, 3.000000000000001776, -9.287499999999999645 ) ) ;
#1134 = PLANE ( 'NONE',  #4417 ) ;
#1135 = TOROIDAL_SURFACE ( 'NONE', #6329, 4.658104324049653577, 1.292500000000001537 ) ;
#1136 = CARTESIAN_POINT ( 'NONE',  ( 2.121320343559653931, -2.121320343559669919, -3.600000000000000089 ) ) ;
#1137 = CARTESIAN_POINT ( 'NONE',  ( -2.384122204892975994, 1.279295924259234551, 6.637793237268321711 ) ) ;
#1138 = CARTESIAN_POINT ( 'NONE',  ( -3.154656918694976220, 0.4286100534128845507, 11.81363098836964909 ) ) ;
#1139 = CARTESIAN_POINT ( 'NONE',  ( 3.054126587736543996, 1.265060653844724881, -5.506250000000000533 ) ) ;
#1140 = CARTESIAN_POINT ( 'NONE',  ( 0.9736010864139306165, 2.350480947161670997, 2.212500000000001688 ) ) ;
#1141 = CARTESIAN_POINT ( 'NONE',  ( -3.054126587736543996, -1.609545416513872839E-14, 7.931250000000000355 ) ) ;
#1142 = B_SPLINE_CURVE_WITH_KNOTS ( 'NONE', 3,
 ( #4739, #5201, #650, #2311, #4629, #2381, #7455 ),
 .UNSPECIFIED., .F., .F.,
 ( 4, 3, 4 ),
 ( 1.748223473168675632E-18, 0.0005479726153433519880, 0.001085021823248780160 ),
 .UNSPECIFIED. ) ;
#1143 = VERTEX_POINT ( 'NONE', #4687 ) ;
#1144 = DIRECTION ( 'NONE',  ( 0.1045284632676538317, 0.000000000000000000, 0.9945218953682734009 ) ) ;
#1145 = CARTESIAN_POINT ( 'NONE',  ( -3.673940397442080083E-16, -3.000000000000030642, -9.725000000000001421 ) ) ;
#1146 = CARTESIAN_POINT ( 'NONE',  ( 0.9736010864139306165, 2.350480947161670997, 0.08750000000000164591 ) ) ;
#1147 = ORIENTED_EDGE ( 'NONE', *, *, #2596, .T. ) ;
#1148 = CARTESIAN_POINT ( 'NONE',  ( 1.662041016787808356, 1.662041016787793035, -5.974999999999998757 ) ) ;
#1149 = CARTESIAN_POINT ( 'NONE',  ( 0.6993009584573155468, 2.682826397042617383, 6.869633657033613616 ) ) ;
#1150 = CARTESIAN_POINT ( 'NONE',  ( 0.9736010864139287291, -2.350480947161702083, -5.287499999999997868 ) ) ;
#1151 = ORIENTED_EDGE ( 'NONE', *, *, #4410, .T. ) ;
#1152 = CARTESIAN_POINT ( 'NONE',  ( 0.3162793359103640012, 3.056324624633575571, 10.76374999999999815 ) ) ;
#1153 = CARTESIAN_POINT ( 'NONE',  ( 3.115673129889712900, -0.4836871998410973150, 11.82420210555577711 ) ) ;
#1154 = ORIENTED_EDGE ( 'NONE', *, *, #3155, .F. ) ;
#1155 = CARTESIAN_POINT ( 'NONE',  ( -0.3757193525165160586, 2.765894442994760283, 6.919892380077107497 ) ) ;
#1156 = CARTESIAN_POINT ( 'NONE',  ( 2.350480947161686540, -0.9736010864139444942, -12.03749999999999787 ) ) ;
#1157 = CARTESIAN_POINT ( 'NONE',  ( 1.253648164883357730, -2.068558223745262215, 5.898631969925454577 ) ) ;
#1158 = CARTESIAN_POINT ( 'NONE',  ( 1.242640687119307641, 2.999999999999985789, 5.712500000000000355 ) ) ;
#1159 = DIRECTION ( 'NONE',  ( 1.051746089376965719E-14, 0.9945218953682735119, -0.1045284632676535957 ) ) ;
#1160 = CARTESIAN_POINT ( 'NONE',  ( 0.4188713088899404524, 3.155949487122279962, 11.81363098836948744 ) ) ;
#1161 = CARTESIAN_POINT ( 'NONE',  ( -1.242640687119292098, 3.000000000000002220, -5.162500000000000533 ) ) ;
#1162 = CARTESIAN_POINT ( 'NONE',  ( 2.350480947161686540, 0.9736010864139139631, 1.962500000000001688 ) ) ;
#1163 = AXIS2_PLACEMENT_3D ( 'NONE', #3650, #3537, #6379 ) ;
#1164 = CARTESIAN_POINT ( 'NONE',  ( 2.350480947161686540, -0.9736010864139464926, 5.837500000000000355 ) ) ;
#1165 = CARTESIAN_POINT ( 'NONE',  ( -2.350480947161686984, 0.9736010864139147403, -7.662499999999999645 ) ) ;
#1166 = EDGE_CURVE ( 'NONE', #736, #6255, #4471, .T. ) ;
#1167 = ORIENTED_EDGE ( 'NONE', *, *, #6770, .F. ) ;
#1168 = CONICAL_SURFACE ( 'NONE', #7074, 2.375000000000007105, 0.7853981633974456145 ) ;
#1169 = CARTESIAN_POINT ( 'NONE',  ( 3.000000000000016431, -1.652356782121398121E-14, 5.400000000000000355 ) ) ;
#1170 = CARTESIAN_POINT ( 'NONE',  ( 0.3826289597447050106, 3.048904827491048852, 10.74995943236538842 ) ) ;
#1171 = CARTESIAN_POINT ( 'NONE',  ( -2.704840741382698255, 0.2643757429489004829, 6.718794206115506817 ) ) ;
#1172 = CARTESIAN_POINT ( 'NONE',  ( -0.4589807812382073471, 3.038542441356794299, 11.47639848879861724 ) ) ;
#1173 = CARTESIAN_POINT ( 'NONE',  ( -0.9736010864139290621, 2.350480947161673662, -11.66249999999999787 ) ) ;
#1174 = EDGE_CURVE ( 'NONE', #4395, #3421, #3050, .T. ) ;
#1175 = CARTESIAN_POINT ( 'NONE',  ( 0.000000000000000000, 2.350480947161671441, 1.275000000000001910 ) ) ;
#1176 = CARTESIAN_POINT ( 'NONE',  ( 3.054126587736543996, -1.265060653844757299, 8.368749999999998579 ) ) ;
#1177 = ORIENTED_EDGE ( 'NONE', *, *, #4979, .F. ) ;
#1178 = DIRECTION ( 'NONE',  ( 0.000000000000000000, -1.000000000000000000, 0.000000000000000000 ) ) ;
#1179 = CARTESIAN_POINT ( 'NONE',  ( -0.3057325481517032539, -3.058033318125255917, 10.76374999999999815 ) ) ;
#1180 = CARTESIAN_POINT ( 'NONE',  ( 0.000000000000000000, 2.350480947161671441, 1.150000000000001688 ) ) ;
#1181 = VERTEX_POINT ( 'NONE', #180 ) ;
#1182 = CARTESIAN_POINT ( 'NONE',  ( 3.072558534828786048, 0.4976841217457321775, 11.84463617598279228 ) ) ;
#1183 = CARTESIAN_POINT ( 'NONE',  ( 1.265060653844741090, 3.054126587736528009, -3.381249999999999645 ) ) ;
#1184 = CARTESIAN_POINT ( 'NONE',  ( 0.9736010864139287291, -2.350480947161702083, -2.287499999999998312 ) ) ;
#1185 = VERTEX_POINT ( 'NONE', #1911 ) ;
#1186 = DIRECTION ( 'NONE',  ( -0.000000000000000000, -1.224646799147353207E-16, 1.000000000000000000 ) ) ;
#1187 = CARTESIAN_POINT ( 'NONE',  ( 1.662041016787807912, -1.662041016787823899, 2.900000000000001688 ) ) ;
#1188 = EDGE_CURVE ( 'NONE', #5771, #4783, #4111, .T. ) ;
#1189 = ORIENTED_EDGE ( 'NONE', *, *, #7116, .T. ) ;
#1190 = FACE_OUTER_BOUND ( 'NONE', #56, .T. ) ;
#1191 = CARTESIAN_POINT ( 'NONE',  ( 2.350480947161686540, -0.9736010864139446053, -9.037499999999999645 ) ) ;
#1192 = CARTESIAN_POINT ( 'NONE',  ( 3.000000000000016431, -1.604901718654438882E-14, 1.524999999999999689 ) ) ;
#1193 = CARTESIAN_POINT ( 'NONE',  ( -2.350480947161686984, -1.474167727893447596E-14, -3.474999999999997868 ) ) ;
#1194 = CARTESIAN_POINT ( 'NONE',  ( -0.4924286494250113000, -3.098207601105218423, 11.82964088027498661 ) ) ;
#1195 = CARTESIAN_POINT ( 'NONE',  ( 3.673940397442061840E-16, 2.999999999999999556, 12.34999999999999964 ) ) ;
#1196 = CARTESIAN_POINT ( 'NONE',  ( -2.121320343559653931, -2.121320343559670363, 4.025000000000000355 ) ) ;
#1197 = CARTESIAN_POINT ( 'NONE',  ( -0.9736010864139290621, 2.350480947161670997, 4.212500000000002132 ) ) ;
#1198 = CARTESIAN_POINT ( 'NONE',  ( 2.350480947161686540, 0.9736010864139130749, 8.962500000000000355 ) ) ;
#1199 = CARTESIAN_POINT ( 'NONE',  ( -2.350480947161686984, 0.9736010864139146292, -6.662499999999998757 ) ) ;
#1200 = EDGE_LOOP ( 'NONE', ( #5551, #6077, #3184, #5836, #3776, #6533, #1672, #3114, #5558, #280, #5238, #4204, #110, #1436, #3646, #863, #3487, #4737, #7276, #3306 ) ) ;
#1201 = DIRECTION ( 'NONE',  ( 0.9188184237650746100, -0.3805870524817769884, 0.1045284632676537900 ) ) ;
#1202 = EDGE_CURVE ( 'NONE', #3892, #5699, #3047, .T. ) ;
#1203 = CARTESIAN_POINT ( 'NONE',  ( 0.3050373032987528932, 3.057421916788462646, 10.75730432948934023 ) ) ;
#1204 = CARTESIAN_POINT ( 'NONE',  ( 1.242640687119294984, -3.000000000000028866, -8.787499999999999645 ) ) ;
#1205 = CARTESIAN_POINT ( 'NONE',  ( -0.4213380958116291208, 3.005041006285197547, 11.11825226061449534 ) ) ;
#1206 = CARTESIAN_POINT ( 'NONE',  ( -2.878508968398398972E-16, -2.350480947161701195, -8.224999999999997868 ) ) ;
#1207 = CARTESIAN_POINT ( 'NONE',  ( 0.9736010864139287291, -2.350480947161702083, -1.162499999999998535 ) ) ;
#1208 = CARTESIAN_POINT ( 'NONE',  ( 3.054126587736543996, 1.265060653844723770, 6.493750000000002132 ) ) ;
#1209 = ORIENTED_EDGE ( 'NONE', *, *, #1004, .T. ) ;
#1210 = DIRECTION ( 'NONE',  ( -0.3826834323650877279, 0.9238795325112876267, -2.652041090826859901E-14 ) ) ;
#1211 =( BOUNDED_CURVE ( )  B_SPLINE_CURVE ( 2, ( #1855, #3074, #1220, #4099, #5388, #2351, #4673, #5812, #94 ),
 .UNSPECIFIED., .F., .F. ) 
 B_SPLINE_CURVE_WITH_KNOTS ( ( 3, 2, 2, 2, 3 ),
 ( 0.3125000000000002776, 0.3281250000000002776, 0.3437500000000002220, 0.3593750000000002220, 0.3750000000000002220 ),
 .UNSPECIFIED. ) 
 CURVE ( )  GEOMETRIC_REPRESENTATION_ITEM ( )  RATIONAL_B_SPLINE_CURVE ( ( 0.9999999999999986677, 0.9238795325112880708, 1.000000000000000000, 0.9238795325112867385, 1.000000000000000000, 0.9238795325112867385, 1.000000000000000000, 0.9238795325112856283, 1.000000000000001110 ) ) 
 REPRESENTATION_ITEM ( '' )  );
#1212 = EDGE_CURVE ( 'NONE', #4774, #1181, #5776, .T. ) ;
#1213 = CARTESIAN_POINT ( 'NONE',  ( 0.000000000000000000, 2.350480947161671441, 2.275000000000001688 ) ) ;
#1214 = CARTESIAN_POINT ( 'NONE',  ( 3.054126587736543996, -1.265060653844755301, -5.568750000000000533 ) ) ;
#1215 = CARTESIAN_POINT ( 'NONE',  ( -3.000000000000016431, -1.500806740726913059E-14, -0.9749999999999999778 ) ) ;
#1216 = CARTESIAN_POINT ( 'NONE',  ( -3.898816588698731179E-16, -3.183625345212384161, 11.81363098836964909 ) ) ;
#1217 = CARTESIAN_POINT ( 'NONE',  ( 2.159593620790642099, 2.159593620790626112, -1.443749999999999645 ) ) ;
#1218 = CARTESIAN_POINT ( 'NONE',  ( 2.350480947161686984, -1.573069736732638817E-14, -0.09999999999999853451 ) ) ;
#1219 = ORIENTED_EDGE ( 'NONE', *, *, #5973, .F. ) ;
#1220 = CARTESIAN_POINT ( 'NONE',  ( -2.121320343559653931, -2.121320343559670807, 6.149999999999999467 ) ) ;
#1221 = CARTESIAN_POINT ( 'NONE',  ( 1.662041016787807912, -1.662041016787823677, 1.900000000000001465 ) ) ;
#1222 = ORIENTED_EDGE ( 'NONE', *, *, #2456, .T. ) ;
#1223 = CARTESIAN_POINT ( 'NONE',  ( -3.054126587736543996, -1.265060653844752636, -12.00624999999999964 ) ) ;
#1224 = CARTESIAN_POINT ( 'NONE',  ( -2.350480947161686984, -0.9736010864139433840, -6.412499999999999645 ) ) ;
#1225 = CARTESIAN_POINT ( 'NONE',  ( 2.121320343559653931, -2.121320343559669919, -0.7249999999999999778 ) ) ;
#1226 = CARTESIAN_POINT ( 'NONE',  ( 0.000000000000000000, 2.350480947161672329, -4.724999999999997868 ) ) ;
#1227 = ADVANCED_FACE ( 'NONE', ( #1312 ), #6979, .T. ) ;
#1228 = CARTESIAN_POINT ( 'NONE',  ( -1.283158375818935770, 2.156596994399494260, 6.147426295366971161 ) ) ;
#1229 = CARTESIAN_POINT ( 'NONE',  ( 1.265060653844738425, -3.054126587736560872, 3.306249999999999023 ) ) ;
#1230 = LINE ( 'NONE', #1195, #6370 ) ;
#1231 = DIRECTION ( 'NONE',  ( -0.000000000000000000, 0.8660254037844397068, 0.4999999999999983347 ) ) ;
#1232 = CARTESIAN_POINT ( 'NONE',  ( 0.9736010864139306165, 2.350480947161670109, 8.087500000000000355 ) ) ;
#1233 = CARTESIAN_POINT ( 'NONE',  ( 2.350480947161686984, -1.511837396775271558E-14, -5.099999999999998757 ) ) ;
#1234 = ORIENTED_EDGE ( 'NONE', *, *, #989, .T. ) ;
#1235 = CARTESIAN_POINT ( 'NONE',  ( 2.121320343559654820, 2.121320343559637944, 5.525000000000000355 ) ) ;
#1236 = CARTESIAN_POINT ( 'NONE',  ( 2.072279788034156578, 0.5257718158227968619, 12.11187273411069931 ) ) ;
#1237 = CARTESIAN_POINT ( 'NONE',  ( 1.242640687119293874, 3.000000000000001776, -4.412500000000000533 ) ) ;
#1238 = CARTESIAN_POINT ( 'NONE',  ( 1.662041016787808356, 1.662041016787791481, 8.150000000000000355 ) ) ;
#1239 = CARTESIAN_POINT ( 'NONE',  ( -3.137372266755801942, 0.4639314746820362712, 11.81783640862403928 ) ) ;
#1240 = CARTESIAN_POINT ( 'NONE',  ( 1.662041016787807912, -1.662041016787822123, -11.09999999999999787 ) ) ;
#1241 = CARTESIAN_POINT ( 'NONE',  ( 1.662041016787808356, 1.662041016787792147, 1.150000000000001688 ) ) ;
#1242 = CARTESIAN_POINT ( 'NONE',  ( 1.265060653844741090, 3.054126587736527121, 5.618750000000001243 ) ) ;
#1243 = ORIENTED_EDGE ( 'NONE', *, *, #5034, .F. ) ;
#1244 = CARTESIAN_POINT ( 'NONE',  ( 0.000000000000000000, 2.070106209874711453E-15, 10.76374999999999815 ) ) ;
#1245 = CARTESIAN_POINT ( 'NONE',  ( -2.121320343559653931, -2.121320343559668586, -7.974999999999999645 ) ) ;
#1246 = CARTESIAN_POINT ( 'NONE',  ( -1.662041016787807912, 1.662041016787792813, 0.2750000000000017986 ) ) ;
#1247 = ORIENTED_EDGE ( 'NONE', *, *, #4527, .F. ) ;
#1248 = CARTESIAN_POINT ( 'NONE',  ( 0.000000000000000000, 2.350480947161672329, -5.849999999999998757 ) ) ;
#1249 = CARTESIAN_POINT ( 'NONE',  ( -1.265060653844739536, -3.054126587736559539, -1.881249999999999423 ) ) ;
#1250 = CARTESIAN_POINT ( 'NONE',  ( 2.350480947161686984, -1.560823268741165302E-14, -1.099999999999998535 ) ) ;
#1251 =( BOUNDED_CURVE ( )  B_SPLINE_CURVE ( 2, ( #12, #3515, #1320, #1839, #5831, #1804, #4199, #2304, #4119 ),
 .UNSPECIFIED., .F., .T. ) 
 B_SPLINE_CURVE_WITH_KNOTS ( ( 3, 2, 2, 2, 3 ),
 ( 0.6875000000000000000, 0.7031250000000000000, 0.7187500000000000000, 0.7343750000000000000, 0.7500000000000000000 ),
 .UNSPECIFIED. ) 
 CURVE ( )  GEOMETRIC_REPRESENTATION_ITEM ( )  RATIONAL_B_SPLINE_CURVE ( ( 1.000000000000000000, 0.9238795325112867385, 1.000000000000000000, 0.9238795325112867385, 1.000000000000000000, 0.9238795325112867385, 1.000000000000000000, 0.9238795325112867385, 1.000000000000000000 ) ) 
 REPRESENTATION_ITEM ( '' )  );
#1252 = EDGE_CURVE ( 'NONE', #4032, #4057, #6631, .T. ) ;
#1253 = ORIENTED_EDGE ( 'NONE', *, *, #3304, .F. ) ;
#1254 = CARTESIAN_POINT ( 'NONE',  ( -3.071965366029784317, -0.4970064592694015126, 11.83818864820600147 ) ) ;
#1255 = CARTESIAN_POINT ( 'NONE',  ( 0.000000000000000000, 2.350480947161670997, 4.275000000000002132 ) ) ;
#1256 = CARTESIAN_POINT ( 'NONE',  ( 2.350480947161686984, -1.427642929333890513E-14, -11.97499999999999787 ) ) ;
#1257 = CARTESIAN_POINT ( 'NONE',  ( -1.662041016787807912, 1.662041016787793257, -3.599999999999998312 ) ) ;
#1258 = ORIENTED_EDGE ( 'NONE', *, *, #5152, .F. ) ;
#1259 = CARTESIAN_POINT ( 'NONE',  ( -1.265060653844739091, 3.054126587736530229, -9.256250000000003197 ) ) ;
#1260 = CARTESIAN_POINT ( 'NONE',  ( 2.350480947161686540, 0.9736010864139154064, -8.912499999999997868 ) ) ;
#1261 = CARTESIAN_POINT ( 'NONE',  ( 0.000000000000000000, 3.000000000000001332, -0.3499999999999995892 ) ) ;
#1262 = CARTESIAN_POINT ( 'NONE',  ( 0.9736010864139306165, 2.350480947161671441, -3.787499999999998312 ) ) ;
#1263 = EDGE_CURVE ( 'NONE', #5306, #5969, #730, .T. ) ;
#1264 = CARTESIAN_POINT ( 'NONE',  ( -3.673940397442080083E-16, -3.000000000000030198, -11.72500000000000142 ) ) ;
#1265 = LINE ( 'NONE', #4183, #3210 ) ;
#1266 = AXIS2_PLACEMENT_3D ( 'NONE', #1961, #6580, #5456 ) ;
#1267 = CARTESIAN_POINT ( 'NONE',  ( -3.054126587736543996, 1.265060653844723992, 2.931250000000000355 ) ) ;
#1268 = CARTESIAN_POINT ( 'NONE',  ( 1.662041016787807912, -1.662041016787822123, -10.22499999999999787 ) ) ;
#1269 = CARTESIAN_POINT ( 'NONE',  ( 1.177184601738064718, -0.8632880660056451161, 12.23971270034656733 ) ) ;
#1270 = CARTESIAN_POINT ( 'NONE',  ( 1.662041016787808356, 1.662041016787791481, 8.025000000000000355 ) ) ;
#1271 = CARTESIAN_POINT ( 'NONE',  ( 0.9736010864139306165, 2.350480947161671885, -4.912499999999998757 ) ) ;
#1272 = ORIENTED_EDGE ( 'NONE', *, *, #6982, .T. ) ;
#1273 = AXIS2_PLACEMENT_3D ( 'NONE', #3142, #1437, #5980 ) ;
#1274 = CARTESIAN_POINT ( 'NONE',  ( 3.071965366029781208, -0.4970064592694122263, 11.83818864820600325 ) ) ;
#1275 = CARTESIAN_POINT ( 'NONE',  ( 0.000000000000000000, -2.044870920353165796E-15, 12.34999999999999964 ) ) ;
#1276 = VECTOR ( 'NONE', #3161, 1000.000000000000000 ) ;
#1277 = B_SPLINE_CURVE_WITH_KNOTS ( 'NONE', 3,
 ( #518, #4533, #2906, #5180 ),
 .UNSPECIFIED., .F., .F.,
 ( 4, 4 ),
 ( 1.084202172485504434E-19, 0.0004527996949924889460 ),
 .UNSPECIFIED. ) ;
#1278 = CARTESIAN_POINT ( 'NONE',  ( 3.673940397442061840E-16, 2.999999999999999556, 12.34999999999999964 ) ) ;
#1279 = CARTESIAN_POINT ( 'NONE',  ( 1.662041016787807912, -1.662041016787824566, 7.900000000000000355 ) ) ;
#1280 = CARTESIAN_POINT ( 'NONE',  ( -0.4399699554493815001, 3.021623086677276859, 11.29552256366799234 ) ) ;
#1281 = CARTESIAN_POINT ( 'NONE',  ( 2.350480947161686540, -0.9736010864139444942, -10.03749999999999787 ) ) ;
#1282 = CARTESIAN_POINT ( 'NONE',  ( -2.350480947161686984, -0.9736010864139444942, 1.587500000000002354 ) ) ;
#1283 = CARTESIAN_POINT ( 'NONE',  ( -1.265060653844739091, 3.054126587736528009, 6.743750000000001243 ) ) ;
#1284 = ORIENTED_EDGE ( 'NONE', *, *, #2096, .F. ) ;
#1285 = DIRECTION ( 'NONE',  ( 1.000000000000000000, 0.000000000000000000, 0.000000000000000000 ) ) ;
#1286 = AXIS2_PLACEMENT_3D ( 'NONE', #5707, #5678, #2863 ) ;
#1287 = CC_DESIGN_APPROVAL ( #2036, ( #3390 ) ) ;
#1288 = CARTESIAN_POINT ( 'NONE',  ( -1.242640687119296095, -3.000000000000029754, 5.212499999999998579 ) ) ;
#1289 = CARTESIAN_POINT ( 'NONE',  ( 2.350480947161686540, 0.9736010864139142962, -0.03749999999999848593 ) ) ;
#1290 = CARTESIAN_POINT ( 'NONE',  ( -3.000000000000015987, -1.242640687119307197, -0.9124999999999998668 ) ) ;
#1291 = CARTESIAN_POINT ( 'NONE',  ( -3.021623086677267089, 0.4399699554494435616, 11.29552256366799234 ) ) ;
#1292 = LOCAL_TIME ( 3, 38, 27.00000000000000000, #7435 ) ;
#1293 = CARTESIAN_POINT ( 'NONE',  ( 1.265060653844741090, 3.054126587736528009, -2.381249999999999645 ) ) ;
#1294 = CARTESIAN_POINT ( 'NONE',  ( -2.350480947161686984, -1.497129855377460752E-14, -1.599999999999998090 ) ) ;
#1295 = ORIENTED_EDGE ( 'NONE', *, *, #4087, .F. ) ;
#1296 = CARTESIAN_POINT ( 'NONE',  ( -2.988323700032712082, -0.4027076121036673451, 10.94099504865817885 ) ) ;
#1297 = CARTESIAN_POINT ( 'NONE',  ( 0.000000000000000000, 2.350480947161671441, 2.275000000000001688 ) ) ;
#1298 = CARTESIAN_POINT ( 'NONE',  ( -0.9736010864139290621, 2.350480947161673662, -11.66249999999999964 ) ) ;
#1299 = ADVANCED_FACE ( 'NONE', ( #6454 ), #5823, .T. ) ;
#1300 = CARTESIAN_POINT ( 'NONE',  ( -2.350480947161686984, -0.9736010864139439391, -2.412499999999998312 ) ) ;
#1301 = ORIENTED_EDGE ( 'NONE', *, *, #7258, .T. ) ;
#1302 = CARTESIAN_POINT ( 'NONE',  ( 3.054126587736543996, 1.265060653844725103, -7.506249999999999645 ) ) ;
#1303 =( BOUNDED_CURVE ( )  B_SPLINE_CURVE ( 2, ( #5173, #6897, #3917, #4525, #4568, #2743, #1114, #6822, #7420 ),
 .UNSPECIFIED., .F., .F. ) 
 B_SPLINE_CURVE_WITH_KNOTS ( ( 3, 2, 2, 2, 3 ),
 ( 0.3125000000000001665, 0.3281250000000001110, 0.3437500000000000000, 0.3593749999999999445, 0.3749999999999998890 ),
 .UNSPECIFIED. ) 
 CURVE ( )  GEOMETRIC_REPRESENTATION_ITEM ( )  RATIONAL_B_SPLINE_CURVE ( ( 0.9999999999999992228, 0.9238795325112875156, 1.000000000000000000, 0.9238795325112867385, 1.000000000000000000, 0.9238795325112867385, 1.000000000000000000, 0.9238795325112872936, 0.9999999999999994449 ) ) 
 REPRESENTATION_ITEM ( '' )  );
#1304 = CARTESIAN_POINT ( 'NONE',  ( 1.662041016787808356, 1.662041016787793479, -8.849999999999997868 ) ) ;
#1305 = CARTESIAN_POINT ( 'NONE',  ( 0.3840784068098203052, 2.044095216605290144, 10.76374999999999815 ) ) ;
#1306 = FACE_OUTER_BOUND ( 'NONE', #3620, .T. ) ;
#1307 = CARTESIAN_POINT ( 'NONE',  ( 3.000000000000015543, -1.242640687119308751, -5.662499999999999645 ) ) ;
#1308 = CARTESIAN_POINT ( 'NONE',  ( 1.242640687119293874, 2.999999999999999556, 0.7124999999999998002 ) ) ;
#1309 = ADVANCED_FACE ( 'NONE', ( #708 ), #6080, .T. ) ;
#1310 = CARTESIAN_POINT ( 'NONE',  ( 3.054126587736543996, 1.265060653844723992, 2.556249999999999911 ) ) ;
#1311 = CARTESIAN_POINT ( 'NONE',  ( -2.350480947161686984, 0.9736010864139149623, -7.662499999999998757 ) ) ;
#1312 = FACE_OUTER_BOUND ( 'NONE', #242, .T. ) ;
#1313 = CARTESIAN_POINT ( 'NONE',  ( -3.000000000000016431, -1.523768868210926215E-14, 0.9000000000000005773 ) ) ;
#1314 = CARTESIAN_POINT ( 'NONE',  ( -1.265060653844739536, -3.054126587736557763, -12.81874999999999964 ) ) ;
#1315 = ORIENTED_EDGE ( 'NONE', *, *, #7140, .F. ) ;
#1316 = CARTESIAN_POINT ( 'NONE',  ( 0.4681485676321441303, -3.133884491904693537, 11.81881367368263724 ) ) ;
#1317 = LINE ( 'NONE', #3055, #5661 ) ;
#1318 = CARTESIAN_POINT ( 'NONE',  ( 1.662041016787807912, -1.662041016787823011, -3.224999999999998312 ) ) ;
#1319 = CARTESIAN_POINT ( 'NONE',  ( -1.662041016787807912, 1.662041016787792369, 3.275000000000001688 ) ) ;
#1320 = CARTESIAN_POINT ( 'NONE',  ( -2.121320343559653931, -2.121320343559669475, -3.850000000000000089 ) ) ;
#1321 = CARTESIAN_POINT ( 'NONE',  ( 2.350480947161686540, 0.9736010864139154064, -8.912499999999997868 ) ) ;
#1322 = FACE_OUTER_BOUND ( 'NONE', #2886, .T. ) ;
#1323 = CARTESIAN_POINT ( 'NONE',  ( 2.350480947161686540, 0.9736010864139138521, 3.087500000000001688 ) ) ;
#1324 = ADVANCED_FACE ( 'NONE', ( #6643 ), #3809, .T. ) ;
#1325 = ORIENTED_EDGE ( 'NONE', *, *, #3108, .F. ) ;
#1326 = DIRECTION ( 'NONE',  ( 0.3826834323650916692, -0.9238795325112859613, 1.415314858235883087E-14 ) ) ;
#1327 = DIRECTION ( 'NONE',  ( 0.1045284632676537068, 0.000000000000000000, 0.9945218953682734009 ) ) ;
#1328 = CARTESIAN_POINT ( 'NONE',  ( 0.000000000000000000, 3.054126587736529341, -5.256250000000000533 ) ) ;
#1329 = DIRECTION ( 'NONE',  ( 0.9238795325112859613, -0.3826834323650916136, -0.000000000000000000 ) ) ;
#1330 = CARTESIAN_POINT ( 'NONE',  ( 2.350480947161686540, 0.9736010864139157395, -11.03749999999999787 ) ) ;
#1331 = CARTESIAN_POINT ( 'NONE',  ( 0.000000000000000000, 3.054126587736528453, 0.6812500000000004663 ) ) ;
#1332 = CARTESIAN_POINT ( 'NONE',  ( 1.662041016787808356, 1.662041016787792369, 0.02500000000000158346 ) ) ;
#1333 = ORIENTED_EDGE ( 'NONE', *, *, #3353, .T. ) ;
#1334 = CARTESIAN_POINT ( 'NONE',  ( -1.662041016787807912, 1.662041016787792369, 2.400000000000002132 ) ) ;
#1335 = CARTESIAN_POINT ( 'NONE',  ( 0.9736010864139306165, 2.350480947161670553, 4.212500000000002132 ) ) ;
#1336 = CARTESIAN_POINT ( 'NONE',  ( -0.4282286714488030555, -1.822136847597928044, 10.76374999999999815 ) ) ;
#1337 = CARTESIAN_POINT ( 'NONE',  ( 2.350480947161686540, -0.9736010864139456045, -2.037499999999997868 ) ) ;
#1338 = ORIENTED_EDGE ( 'NONE', *, *, #6901, .T. ) ;
#1339 = CARTESIAN_POINT ( 'NONE',  ( 1.265060653844741090, 3.054126587736528897, -9.381250000000003197 ) ) ;
#1340 = CARTESIAN_POINT ( 'NONE',  ( -2.878508968398398972E-16, -2.350480947161702971, 5.650000000000001243 ) ) ;
#1341 = CARTESIAN_POINT ( 'NONE',  ( 0.000000000000000000, 2.350480947161672329, -6.724999999999998757 ) ) ;
#1342 = CARTESIAN_POINT ( 'NONE',  ( -3.673940397442080083E-16, -3.000000000000031086, -4.850000000000000533 ) ) ;
#1343 = DIRECTION ( 'NONE',  ( -0.000000000000000000, -1.224646799147353207E-16, 1.000000000000000000 ) ) ;
#1344 = CARTESIAN_POINT ( 'NONE',  ( -3.736152454838741773E-16, -3.050799999999997958, 7.649999999999998579 ) ) ;
#1345 = CARTESIAN_POINT ( 'NONE',  ( 1.662041016787807912, -1.662041016787824566, 8.900000000000002132 ) ) ;
#1346 = CARTESIAN_POINT ( 'NONE',  ( 3.054126587736543996, 1.265060653844723992, 3.556249999999999467 ) ) ;
#1347 = CARTESIAN_POINT ( 'NONE',  ( 0.9736010864139287291, -2.350480947161702527, -7.287499999999999645 ) ) ;
#1348 = CARTESIAN_POINT ( 'NONE',  ( 0.8632880660056355682, -1.177184601738071379, 12.23971270034656733 ) ) ;
#1349 = CARTESIAN_POINT ( 'NONE',  ( 2.350480947161686984, -1.671041480664427251E-14, 7.900000000000000355 ) ) ;
#1350 = CARTESIAN_POINT ( 'NONE',  ( 0.000000000000000000, 3.054126587736530229, -13.25625000000000142 ) ) ;
#1351 = ORIENTED_EDGE ( 'NONE', *, *, #2831, .F. ) ;
#1352 = EDGE_CURVE ( 'NONE', #4174, #1095, #2102, .T. ) ;
#1353 = LINE ( 'NONE', #5970, #4677 ) ;
#1354 = DIRECTION ( 'NONE',  ( -1.224646799147353207E-16, -1.000000000000000000, 0.000000000000000000 ) ) ;
#1355 = CARTESIAN_POINT ( 'NONE',  ( 8.636730598685886714E-13, 2.603512565156978376, 6.421087872763027171 ) ) ;
#1356 = CARTESIAN_POINT ( 'NONE',  ( -2.878508968398398972E-16, -2.350480947161702527, 1.650000000000000799 ) ) ;
#1357 = CARTESIAN_POINT ( 'NONE',  ( -0.9228527345937967974, -1.036642802245219652, 12.25158244037723954 ) ) ;
#1358 = CARTESIAN_POINT ( 'NONE',  ( 0.9736010864139287291, -2.350480947161702083, -5.162499999999997868 ) ) ;
#1359 = CARTESIAN_POINT ( 'NONE',  ( -2.350480947161686984, -1.535400067850815171E-14, 1.525000000000001688 ) ) ;
#1360 = ORIENTED_EDGE ( 'NONE', *, *, #3904, .F. ) ;
#1361 = CARTESIAN_POINT ( 'NONE',  ( -3.153643090095638257, -0.4325048716932861081, 11.81379693140229570 ) ) ;
#1362 = B_SPLINE_CURVE_WITH_KNOTS ( 'NONE', 3,
 ( #5263, #4124, #6361, #122, #2418, #4738 ),
 .UNSPECIFIED., .F., .F.,
 ( 4, 2, 4 ),
 ( 0.0007342971000859131563, 0.001296727118374762372, 0.001859157136663611371 ),
 .UNSPECIFIED. ) ;
#1363 = FACE_OUTER_BOUND ( 'NONE', #4338, .T. ) ;
#1364 = CARTESIAN_POINT ( 'NONE',  ( 1.265060653844738425, -3.054126587736560428, -4.693750000000000533 ) ) ;
#1365 = CARTESIAN_POINT ( 'NONE',  ( 3.033515027855352653, -0.3589123793729568912, 10.76374999999999815 ) ) ;
#1366 = CARTESIAN_POINT ( 'NONE',  ( -0.9736010864139290621, 2.350480947161673217, -9.787499999999996092 ) ) ;
#1367 = CARTESIAN_POINT ( 'NONE',  ( -1.265060653844739091, 3.054126587736528897, -0.2562499999999995337 ) ) ;
#1368 = CARTESIAN_POINT ( 'NONE',  ( -0.3840784068098203607, -2.044095216605293697, 10.76374999999999815 ) ) ;
#1369 = ORIENTED_EDGE ( 'NONE', *, *, #3196, .F. ) ;
#1370 = CARTESIAN_POINT ( 'NONE',  ( -2.350480947161686984, -0.9736010864139447163, 3.587500000000000799 ) ) ;
#1371 = CARTESIAN_POINT ( 'NONE',  ( 0.9736010864139306165, 2.350480947161670553, 6.212500000000002132 ) ) ;
#1372 = VECTOR ( 'NONE', #805, 1000.000000000000114 ) ;
#1373 = CARTESIAN_POINT ( 'NONE',  ( -2.878508968398398972E-16, -2.350480947161702527, 1.775000000000001465 ) ) ;
#1374 = ORIENTED_EDGE ( 'NONE', *, *, #2965, .F. ) ;
#1375 = CARTESIAN_POINT ( 'NONE',  ( 2.159593620790642099, 2.159593620790627000, -10.44374999999999964 ) ) ;
#1376 = B_SPLINE_CURVE_WITH_KNOTS ( 'NONE', 3,
 ( #3804, #6112, #366, #1530 ),
 .UNSPECIFIED., .F., .F.,
 ( 4, 4 ),
 ( 0.000000000000000000, 0.0002303704617441056297 ),
 .UNSPECIFIED. ) ;
#1377 = CARTESIAN_POINT ( 'NONE',  ( -1.662041016787807912, 1.662041016787792147, 5.275000000000002132 ) ) ;
#1378 = CARTESIAN_POINT ( 'NONE',  ( 1.662041016787807912, -1.662041016787822123, -11.22499999999999964 ) ) ;
#1379 = CARTESIAN_POINT ( 'NONE',  ( -0.3057325481517032539, -3.058033318125255917, 10.76374999999999815 ) ) ;
#1380 = CARTESIAN_POINT ( 'NONE',  ( -2.878508968398398972E-16, -2.350480947161702083, -3.224999999999998312 ) ) ;
#1381 = CARTESIAN_POINT ( 'NONE',  ( -2.270930273385813880, 1.612164266519921396, -11.94621712200310348 ) ) ;
#1382 = CARTESIAN_POINT ( 'NONE',  ( 2.121320343559654820, 2.121320343559639277, -9.349999999999999645 ) ) ;
#1383 = CARTESIAN_POINT ( 'NONE',  ( -3.054126587736543996, -1.265060653844755301, 6.056249999999999467 ) ) ;
#1384 = CARTESIAN_POINT ( 'NONE',  ( 2.350480947161686540, 0.9736010864139152954, -9.037499999999997868 ) ) ;
#1385 = CARTESIAN_POINT ( 'NONE',  ( 2.121320343559654820, 2.121320343559637944, 3.525000000000000355 ) ) ;
#1386 = CARTESIAN_POINT ( 'NONE',  ( -1.242640687119292542, -3.000000000000032419, 0.08750000000000079936 ) ) ;
#1387 = CARTESIAN_POINT ( 'NONE',  ( -2.159593620790641655, -2.159593620790655422, -12.88124999999999964 ) ) ;
#1388 = ORIENTED_EDGE ( 'NONE', *, *, #5843, .T. ) ;
#1389 = CARTESIAN_POINT ( 'NONE',  ( -1.774175828108415676, -1.568142054164147314, -12.34999999999999964 ) ) ;
#1390 = CARTESIAN_POINT ( 'NONE',  ( 0.4282286714488032220, 1.822136847597924270, 10.76374999999999815 ) ) ;
#1391 = CARTESIAN_POINT ( 'NONE',  ( 0.000000000000000000, 2.350480947161671885, -3.849999999999998312 ) ) ;
#1392 = EDGE_CURVE ( 'NONE', #1763, #4067, #1747, .T. ) ;
#1393 = CARTESIAN_POINT ( 'NONE',  ( 1.534747922419131161, -1.814938953205273764, 5.755885489881133132 ) ) ;
#1394 = CARTESIAN_POINT ( 'NONE',  ( -0.4820490534771511570, -1.163769362633648274, 12.34999999999999964 ) ) ;
#1395 = AXIS2_PLACEMENT_3D ( 'NONE', #1097, #3409, #2229 ) ;
#1396 = CARTESIAN_POINT ( 'NONE',  ( 0.9736010864139306165, 2.350480947161671885, -5.787499999999997868 ) ) ;
#1397 = CARTESIAN_POINT ( 'NONE',  ( -2.350480947161686984, -1.547646535842288685E-14, 2.525000000000001688 ) ) ;
#1398 = ORIENTED_EDGE ( 'NONE', *, *, #3778, .T. ) ;
#1399 = CARTESIAN_POINT ( 'NONE',  ( 3.082321503823099995, -0.4205411125840031183, 11.11066947172307273 ) ) ;
#1400 = CONICAL_SURFACE ( 'NONE', #318, 3.050799999999997070, 0.3490658503988666728 ) ;
#1401 = LINE ( 'NONE', #306, #7201 ) ;
#1402 = CARTESIAN_POINT ( 'NONE',  ( -1.265060653844739091, 3.054126587736528897, -2.193750000000000533 ) ) ;
#1403 = ADVANCED_FACE ( 'NONE', ( #1496 ), #6607, .T. ) ;
#1404 = CARTESIAN_POINT ( 'NONE',  ( 1.242640687119293874, 3.000000000000001776, -10.41249999999999964 ) ) ;
#1405 = CARTESIAN_POINT ( 'NONE',  ( -1.265060653844739536, -3.054126587736559539, -0.8812499999999992006 ) ) ;
#1406 = CARTESIAN_POINT ( 'NONE',  ( 3.000000000000016431, -1.641641122628859111E-14, 4.524999999999999467 ) ) ;
#1407 = ORIENTED_EDGE ( 'NONE', *, *, #2840, .T. ) ;
#1408 = CARTESIAN_POINT ( 'NONE',  ( 0.000000000000000000, 2.350480947161670997, 5.275000000000002132 ) ) ;
#1409 = CARTESIAN_POINT ( 'NONE',  ( 2.350480947161686984, -1.660325821171887610E-14, 7.025000000000002132 ) ) ;
#1410 = AXIS2_PLACEMENT_3D ( 'NONE', #209, #1123, #2465 ) ;
#1411 = CARTESIAN_POINT ( 'NONE',  ( 2.350480947161686540, -0.9736010864139446053, -9.037499999999997868 ) ) ;
#1412 =( BOUNDED_CURVE ( )  B_SPLINE_CURVE ( 2, ( #3902, #7336, #3977, #910, #1512, #6697, #3868, #3219, #5541 ),
 .UNSPECIFIED., .F., .F. ) 
 B_SPLINE_CURVE_WITH_KNOTS ( ( 3, 2, 2, 2, 3 ),
 ( 0.2500000000000000000, 0.2656250000000000000, 0.2812500000000000000, 0.2968749999999999445, 0.3124999999999999445 ),
 .UNSPECIFIED. ) 
 CURVE ( )  GEOMETRIC_REPRESENTATION_ITEM ( )  RATIONAL_B_SPLINE_CURVE ( ( 1.000000000000000000, 0.9238795325112867385, 1.000000000000000000, 0.9238795325112867385, 1.000000000000000000, 0.9238795325112867385, 1.000000000000000000, 0.9238795325112869605, 0.9999999999999997780 ) ) 
 REPRESENTATION_ITEM ( '' )  );
#1413 = CARTESIAN_POINT ( 'NONE',  ( 0.9736010864139287291, -2.350480947161703416, 0.8375000000000014655 ) ) ;
#1414 = ORIENTED_EDGE ( 'NONE', *, *, #7116, .F. ) ;
#1415 = CARTESIAN_POINT ( 'NONE',  ( -3.054126587736543996, -1.265060653844753080, -9.006250000000003197 ) ) ;
#1416 = CARTESIAN_POINT ( 'NONE',  ( -1.662041016787807912, 1.662041016787791925, 6.275000000000002132 ) ) ;
#1417 = CARTESIAN_POINT ( 'NONE',  ( -2.350480947161686984, -1.374665175462725289E-14, -11.59999999999999964 ) ) ;
#1418 = CARTESIAN_POINT ( 'NONE',  ( -3.000000000000016431, -1.549792612692807119E-14, 3.024999999999999911 ) ) ;
#1419 = CARTESIAN_POINT ( 'NONE',  ( 2.350480947161686540, 0.9736010864139142962, 0.08750000000000164591 ) ) ;
#1420 = CARTESIAN_POINT ( 'NONE',  ( -1.681927274766220171, -1.982755587196865843, 6.396532490092230461 ) ) ;
#1421 = CARTESIAN_POINT ( 'NONE',  ( -3.009538747578934359, 0.3759569741867567760, 10.76374999999999815 ) ) ;
#1422 = ORIENTED_EDGE ( 'NONE', *, *, #4979, .T. ) ;
#1423 = CARTESIAN_POINT ( 'NONE',  ( 0.9736010864139287291, -2.350480947161702527, -9.287499999999999645 ) ) ;
#1424 = CARTESIAN_POINT ( 'NONE',  ( 2.490111337931504742, 0.5555152863084494852, -12.17872072480509260 ) ) ;
#1425 = CARTESIAN_POINT ( 'NONE',  ( 3.673940397442061840E-16, 2.999999999999999556, 12.34999999999999964 ) ) ;
#1426 = CARTESIAN_POINT ( 'NONE',  ( 2.159593620790642099, 2.159593620790626556, -6.381250000000000533 ) ) ;
#1427 = ORIENTED_EDGE ( 'NONE', *, *, #5761, .F. ) ;
#1428 = FACE_OUTER_BOUND ( 'NONE', #146, .T. ) ;
#1429 = LINE ( 'NONE', #3743, #815 ) ;
#1430 = CARTESIAN_POINT ( 'NONE',  ( -0.1796031389786892918, 2.608309068670671138, 6.434266157859069857 ) ) ;
#1431 = CARTESIAN_POINT ( 'NONE',  ( 1.699067806912258671, 1.773852510312137643, 5.975487203295702265 ) ) ;
#1432 = CARTESIAN_POINT ( 'NONE',  ( 2.121320343559654820, 2.121320343559638832, -2.350000000000000089 ) ) ;
#1433 = CARTESIAN_POINT ( 'NONE',  ( -0.9736010864139292842, -2.350480947161702083, -6.287499999999999645 ) ) ;
#1434 = CARTESIAN_POINT ( 'NONE',  ( -3.673940397442080083E-16, -3.000000000000031530, -3.725000000000000533 ) ) ;
#1435 = CARTESIAN_POINT ( 'NONE',  ( -0.9736010864139292842, -2.350480947161702527, 3.712500000000001688 ) ) ;
#1436 = ORIENTED_EDGE ( 'NONE', *, *, #4477, .F. ) ;
#1437 = DIRECTION ( 'NONE',  ( -0.000000000000000000, -1.224646799147353207E-16, 1.000000000000000000 ) ) ;
#1438 = EDGE_CURVE ( 'NONE', #4395, #5306, #3621, .T. ) ;
#1439 = LINE ( 'NONE', #4354, #5046 ) ;
#1440 = CARTESIAN_POINT ( 'NONE',  ( -2.159593620790641655, 2.159593620790626556, -2.131250000000000533 ) ) ;
#1441 = CARTESIAN_POINT ( 'NONE',  ( 3.000000000000015543, -1.242640687119308529, -10.66249999999999964 ) ) ;
#1442 = CARTESIAN_POINT ( 'NONE',  ( 2.159593620790642099, 2.159593620790625668, 0.5562500000000003553 ) ) ;
#1443 = CARTESIAN_POINT ( 'NONE',  ( -1.242640687119299647, -3.000000000000026201, 2.212499999999999467 ) ) ;
#1444 = VERTEX_POINT ( 'NONE', #4876 ) ;
#1445 = CARTESIAN_POINT ( 'NONE',  ( 2.350480947161686540, 0.9736010864139138521, 3.087500000000001688 ) ) ;
#1446 = CARTESIAN_POINT ( 'NONE',  ( -2.350480947161686984, -0.9736010864139451604, 7.587500000000002132 ) ) ;
#1447 = EDGE_CURVE ( 'NONE', #3034, #5826, #7164, .T. ) ;
#1448 = CARTESIAN_POINT ( 'NONE',  ( 2.350480947161686984, -1.464382333308311057E-14, -8.974999999999997868 ) ) ;
#1449 = CARTESIAN_POINT ( 'NONE',  ( -0.9736010864139292842, -2.350480947161702527, 1.712500000000002354 ) ) ;
#1450 = VERTEX_POINT ( 'NONE', #6044 ) ;
#1451 = CARTESIAN_POINT ( 'NONE',  ( -3.054126587736543996, -1.265060653844753524, -6.006249999999999645 ) ) ;
#1452 = CARTESIAN_POINT ( 'NONE',  ( 1.662041016787808356, 1.662041016787791703, 6.025000000000002132 ) ) ;
#1453 = CARTESIAN_POINT ( 'NONE',  ( 0.9736010864139306165, 2.350480947161671885, -4.787499999999997868 ) ) ;
#1454 = CARTESIAN_POINT ( 'NONE',  ( -3.673940397442080083E-16, -3.000000000000032419, 3.274999999999999911 ) ) ;
#1455 = CARTESIAN_POINT ( 'NONE',  ( -0.9736010864139292842, -2.350480947161702083, -3.287499999999998312 ) ) ;
#1456 = LINE ( 'NONE', #3731, #5044 ) ;
#1457 = CARTESIAN_POINT ( 'NONE',  ( -3.587224226330448399E-16, -2.929190872689197533, 7.315881668713993591 ) ) ;
#1458 = ORIENTED_EDGE ( 'NONE', *, *, #2879, .F. ) ;
#1459 = ADVANCED_FACE ( 'NONE', ( #7205 ), #2561, .F. ) ;
#1460 = EDGE_CURVE ( 'NONE', #4635, #193, #2242, .T. ) ;
#1461 = CARTESIAN_POINT ( 'NONE',  ( -3.673940397442080083E-16, -3.000000000000031974, 1.274999999999999467 ) ) ;
#1462 = CARTESIAN_POINT ( 'NONE',  ( 1.428524836689669453, -1.972005001110802569, -12.29525125591132451 ) ) ;
#1463 = CARTESIAN_POINT ( 'NONE',  ( 0.7988452743971912184, 2.459339844914143924, 6.358258501828329301 ) ) ;
#1464 = CARTESIAN_POINT ( 'NONE',  ( 2.159593620790642099, 2.159593620790627000, -9.381250000000001421 ) ) ;
#1465 = ORIENTED_EDGE ( 'NONE', *, *, #3482, .F. ) ;
#1466 = DIRECTION ( 'NONE',  ( -0.000000000000000000, -1.224646799147353207E-16, 1.000000000000000000 ) ) ;
#1467 = CARTESIAN_POINT ( 'NONE',  ( -3.000000000000016431, -1.439574400769545801E-14, -5.974999999999999645 ) ) ;
#1468 = CARTESIAN_POINT ( 'NONE',  ( 2.350480947161686984, -1.524083864766745073E-14, -4.099999999999998757 ) ) ;
#1469 = CARTESIAN_POINT ( 'NONE',  ( 3.054126587736543996, -1.265060653844756855, 6.431249999999999467 ) ) ;
#1470 = CARTESIAN_POINT ( 'NONE',  ( 0.000000000000000000, 3.000000000000000888, 0.6500000000000004663 ) ) ;
#1471 = CARTESIAN_POINT ( 'NONE',  ( 3.000000000000016431, -1.664603250112871636E-14, 6.399999999999999467 ) ) ;
#1472 = ORIENTED_EDGE ( 'NONE', *, *, #2737, .T. ) ;
#1473 = CARTESIAN_POINT ( 'NONE',  ( -1.662041016787807912, 1.662041016787792369, 2.400000000000002132 ) ) ;
#1474 = ORIENTED_EDGE ( 'NONE', *, *, #1556, .T. ) ;
#1475 = CARTESIAN_POINT ( 'NONE',  ( 3.115381263243567123, -0.4586699493283721285, 11.47344112072294031 ) ) ;
#1476 = DIRECTION ( 'NONE',  ( -0.1045058763748856062, 0.02078751127481543587, 0.9943069954385902465 ) ) ;
#1477 = CARTESIAN_POINT ( 'NONE',  ( -3.054126587736543996, -1.265060653844753524, -4.943750000000000533 ) ) ;
#1478 = FACE_OUTER_BOUND ( 'NONE', #7357, .T. ) ;
#1479 = CARTESIAN_POINT ( 'NONE',  ( 1.265060653844738425, -3.054126587736560872, 2.243749999999999911 ) ) ;
#1480 = ORIENTED_EDGE ( 'NONE', *, *, #713, .T. ) ;
#1481 = CARTESIAN_POINT ( 'NONE',  ( -1.242640687119282328, -3.000000000000042188, -1.787499999999998979 ) ) ;
#1482 = CARTESIAN_POINT ( 'NONE',  ( 2.350480947161686540, 0.9736010864139150733, -6.912499999999999645 ) ) ;
#1483 = CARTESIAN_POINT ( 'NONE',  ( 2.350480947161686540, -0.9736010864139451604, -5.162499999999997868 ) ) ;
#1484 = VERTEX_POINT ( 'NONE', #3922 ) ;
#1485 = ADVANCED_FACE ( 'NONE', ( #7465 ), #3875, .T. ) ;
#1486 = CARTESIAN_POINT ( 'NONE',  ( 2.350480947161686540, 0.9736010864139131860, 6.962500000000001243 ) ) ;
#1487 = CARTESIAN_POINT ( 'NONE',  ( -2.878508968398398972E-16, -2.350480947161700751, -12.34999999999999787 ) ) ;
#1488 = CARTESIAN_POINT ( 'NONE',  ( 0.000000000000000000, 3.000000000000000444, 2.774999999999999467 ) ) ;
#1489 = CARTESIAN_POINT ( 'NONE',  ( -1.662041016787808134, -1.662041016787822789, -2.349999999999998312 ) ) ;
#1490 = CARTESIAN_POINT ( 'NONE',  ( 2.072279788034155246, -0.5257718158228072980, 12.11187273411069931 ) ) ;
#1491 = CARTESIAN_POINT ( 'NONE',  ( -2.971464112645127997, -0.3840784068098216375, 10.76374999999999815 ) ) ;
#1492 = VECTOR ( 'NONE', #2082, 1000.000000000000000 ) ;
#1493 = ORIENTED_EDGE ( 'NONE', *, *, #674, .F. ) ;
#1494 = CARTESIAN_POINT ( 'NONE',  ( -0.9736010864139290621, 2.350480947161672329, -6.787500000000000533 ) ) ;
#1495 = EDGE_CURVE ( 'NONE', #7411, #5699, #5269, .T. ) ;
#1496 = FACE_OUTER_BOUND ( 'NONE', #1667, .T. ) ;
#1497 = DIRECTION ( 'NONE',  ( -0.000000000000000000, -1.224646799147353207E-16, 1.000000000000000000 ) ) ;
#1498 = CARTESIAN_POINT ( 'NONE',  ( 2.159593620790641655, -2.159593620790656754, -7.631250000000000533 ) ) ;
#1499 = CARTESIAN_POINT ( 'NONE',  ( 0.3758476688871739135, -2.734862695666396171, -11.97075901714345392 ) ) ;
#1500 = ORIENTED_EDGE ( 'NONE', *, *, #4831, .F. ) ;
#1501 =( BOUNDED_CURVE ( )  B_SPLINE_CURVE ( 2, ( #3147, #1443, #3836, #768, #3183, #4937, #2503, #4394, #1967 ),
 .UNSPECIFIED., .F., .F. ) 
 B_SPLINE_CURVE_WITH_KNOTS ( ( 3, 2, 2, 2, 3 ),
 ( 0.8125000000000001110, 0.8281250000000001110, 0.8437500000000002220, 0.8593750000000002220, 0.8750000000000002220 ),
 .UNSPECIFIED. ) 
 CURVE ( )  GEOMETRIC_REPRESENTATION_ITEM ( )  RATIONAL_B_SPLINE_CURVE ( ( 0.9999999999999994449, 0.9238795325112872936, 1.000000000000000000, 0.9238795325112867385, 1.000000000000000000, 0.9238795325112867385, 1.000000000000000000, 0.9238795325112856283, 1.000000000000001110 ) ) 
 REPRESENTATION_ITEM ( '' )  );
#1502 = CARTESIAN_POINT ( 'NONE',  ( -3.000000000000016431, -1.376811252313243564E-14, -11.10000000000000142 ) ) ;
#1503 = FACE_OUTER_BOUND ( 'NONE', #625, .T. ) ;
#1504 = CARTESIAN_POINT ( 'NONE',  ( 2.159593620790642099, 2.159593620790624779, 6.618749999999999467 ) ) ;
#1505 = CALENDAR_DATE ( 2026, 8, 1 ) ;
#1506 = CARTESIAN_POINT ( 'NONE',  ( -3.125570369385164859, -0.3831822014944520349, 11.48214196941593457 ) ) ;
#1507 = CARTESIAN_POINT ( 'NONE',  ( 1.662041016787807912, -1.662041016787822123, -11.22499999999999964 ) ) ;
#1508 = ORIENTED_EDGE ( 'NONE', *, *, #3117, .T. ) ;
#1509 = CARTESIAN_POINT ( 'NONE',  ( 1.662041016787807912, -1.662041016787824566, 7.900000000000000355 ) ) ;
#1510 = VERTEX_POINT ( 'NONE', #1780 ) ;
#1511 = CARTESIAN_POINT ( 'NONE',  ( -3.071965366029784317, -0.4970064592694015126, 11.83818864820600147 ) ) ;
#1512 = CARTESIAN_POINT ( 'NONE',  ( 3.000000000000016431, -1.580408782671491537E-14, -0.4750000000000003664 ) ) ;
#1513 = VECTOR ( 'NONE', #5148, 1000.000000000000114 ) ;
#1514 = CARTESIAN_POINT ( 'NONE',  ( 2.159593620790641655, -2.159593620790657642, 0.3687499999999993006 ) ) ;
#1515 = CARTESIAN_POINT ( 'NONE',  ( 3.040146102008128182, -0.3514425167191132515, 10.76374999999999815 ) ) ;
#1516 = CARTESIAN_POINT ( 'NONE',  ( 2.350480947161686540, -0.9736010864139453824, -3.037499999999997868 ) ) ;
#1517 = DIRECTION ( 'NONE',  ( 1.000000000000000000, 0.000000000000000000, 0.000000000000000000 ) ) ;
#1518 = ORIENTED_EDGE ( 'NONE', *, *, #3682, .T. ) ;
#1519 = CARTESIAN_POINT ( 'NONE',  ( -2.350480947161686984, 0.9736010864139131860, 5.462500000000002132 ) ) ;
#1520 = CARTESIAN_POINT ( 'NONE',  ( 0.9736010864139306165, 2.350480947161672329, -9.787499999999999645 ) ) ;
#1521 = CARTESIAN_POINT ( 'NONE',  ( -2.350480947161686984, -1.535400067850815486E-14, 1.525000000000002132 ) ) ;
#1522 = ORIENTED_EDGE ( 'NONE', *, *, #1263, .T. ) ;
#1523 = AXIS2_PLACEMENT_3D ( 'NONE', #6870, #1122, #4497 ) ;
#1524 = CARTESIAN_POINT ( 'NONE',  ( -3.054126587736543996, -1.524585544823025172E-14, 0.9937499999999993561 ) ) ;
#1525 = CARTESIAN_POINT ( 'NONE',  ( -2.350480947161686984, 0.9736010864139149623, -8.662499999999997868 ) ) ;
#1526 = CC_DESIGN_PERSON_AND_ORGANIZATION_ASSIGNMENT ( #7289, #2113, ( #3390 ) ) ;
#1527 = AXIS2_PLACEMENT_3D ( 'NONE', #5523, #3622, #2638 ) ;
#1528 = CARTESIAN_POINT ( 'NONE',  ( -3.000000000000015987, -1.242640687119307641, 3.087499999999999467 ) ) ;
#1529 = CARTESIAN_POINT ( 'NONE',  ( -1.662041016787807912, 1.662041016787792813, -0.5999999999999980904 ) ) ;
#1530 = CARTESIAN_POINT ( 'NONE',  ( -0.5257718158227763228, 2.072279788034161019, 12.11187273411069931 ) ) ;
#1531 = CARTESIAN_POINT ( 'NONE',  ( -2.971464112645123556, 0.3840784068098502257, 10.76374999999999815 ) ) ;
#1532 = VECTOR ( 'NONE', #1186, 1000.000000000000000 ) ;
#1533 = EDGE_CURVE ( 'NONE', #6091, #3427, #3560, .T. ) ;
#1534 = ORIENTED_EDGE ( 'NONE', *, *, #960, .T. ) ;
#1535 = DIRECTION ( 'NONE',  ( -0.000000000000000000, -1.224646799147353207E-16, 1.000000000000000000 ) ) ;
#1536 = DIRECTION ( 'NONE',  ( -0.000000000000000000, -1.224646799147353207E-16, 1.000000000000000000 ) ) ;
#1537 = CARTESIAN_POINT ( 'NONE',  ( 1.265060653844741090, 3.054126587736528897, -9.318749999999999645 ) ) ;
#1538 = CARTESIAN_POINT ( 'NONE',  ( 0.000000000000000000, 3.000000000000002220, -7.349999999999999645 ) ) ;
#1539 = ORIENTED_EDGE ( 'NONE', *, *, #208, .T. ) ;
#1540 = CARTESIAN_POINT ( 'NONE',  ( 0.9736010864139306165, 2.350480947161670553, 3.087500000000001688 ) ) ;
#1541 = EDGE_CURVE ( 'NONE', #5175, #269, #4931, .T. ) ;
#1542 = DIRECTION ( 'NONE',  ( 0.000000000000000000, -1.000000000000000000, 0.000000000000000000 ) ) ;
#1543 = CARTESIAN_POINT ( 'NONE',  ( 2.350480947161686540, -0.9736010864139458265, 0.8375000000000014655 ) ) ;
#1544 = CARTESIAN_POINT ( 'NONE',  ( -1.265060653844739536, -3.054126587736560872, 6.181249999999999467 ) ) ;
#1545 = DIRECTION ( 'NONE',  ( 8.807843561199431313E-17, 1.000000000000000000, -0.000000000000000000 ) ) ;
#1546 = SHAPE_DEFINITION_REPRESENTATION ( #2029, #6696 ) ;
#1547 = CARTESIAN_POINT ( 'NONE',  ( 0.000000000000000000, 3.000000000000001332, -1.349999999999999645 ) ) ;
#1548 = CARTESIAN_POINT ( 'NONE',  ( -0.9736010864139290621, 2.350480947161673217, -10.78749999999999787 ) ) ;
#1549 =( BOUNDED_CURVE ( )  B_SPLINE_CURVE ( 2, ( #2327, #6231, #1046, #6194, #6829, #3319, #3999, #5635, #3431 ),
 .UNSPECIFIED., .F., .T. ) 
 B_SPLINE_CURVE_WITH_KNOTS ( ( 3, 2, 2, 2, 3 ),
 ( 0.5625000000000000000, 0.5781250000000000000, 0.5937500000000000000, 0.6093750000000001110, 0.6250000000000001110 ),
 .UNSPECIFIED. ) 
 CURVE ( )  GEOMETRIC_REPRESENTATION_ITEM ( )  RATIONAL_B_SPLINE_CURVE ( ( 1.000000000000000000, 0.9238795325112867385, 1.000000000000000000, 0.9238795325112867385, 1.000000000000000000, 0.9238795325112867385, 1.000000000000000000, 0.9238795325112861834, 1.000000000000000444 ) ) 
 REPRESENTATION_ITEM ( '' )  );
#1550 = EDGE_LOOP ( 'NONE', ( #6162, #4315, #3807, #2662 ) ) ;
#1551 = CARTESIAN_POINT ( 'NONE',  ( -2.350480947161686984, 0.9736010864139129639, 8.462500000000000355 ) ) ;
#1552 = CARTESIAN_POINT ( 'NONE',  ( -3.000000000000015987, 1.242640687119277221, -0.03749999999999996392 ) ) ;
#1553 = B_SPLINE_CURVE_WITH_KNOTS ( 'NONE', 3,
 ( #6262, #4601, #4027, #6332 ),
 .UNSPECIFIED., .F., .F.,
 ( 4, 4 ),
 ( 2.168404344971008868E-19, 0.0002303704617441061989 ),
 .UNSPECIFIED. ) ;
#1554 = CARTESIAN_POINT ( 'NONE',  ( 0.3831821918302241725, 3.125570361159253796, 11.48214187964950028 ) ) ;
#1555 = CARTESIAN_POINT ( 'NONE',  ( 1.265060653844741090, 3.054126587736528009, -1.318750000000000533 ) ) ;
#1556 = EDGE_CURVE ( 'NONE', #6063, #4874, #4647, .T. ) ;
#1557 = CARTESIAN_POINT ( 'NONE',  ( 0.9736010864139287291, -2.350480947161702083, -2.162499999999997868 ) ) ;
#1558 = CARTESIAN_POINT ( 'NONE',  ( 2.159593620790641655, -2.159593620790657642, 2.306249999999999911 ) ) ;
#1559 = ORIENTED_EDGE ( 'NONE', *, *, #79, .T. ) ;
#1560 = CARTESIAN_POINT ( 'NONE',  ( -1.662041016787808134, -1.662041016787821457, -12.34999999999999787 ) ) ;
#1561 = CARTESIAN_POINT ( 'NONE',  ( -2.878508968398398972E-16, -2.350480947161701195, -9.224999999999999645 ) ) ;
#1562 = CARTESIAN_POINT ( 'NONE',  ( 0.9736010864139306165, 2.350480947161671441, -1.912499999999998535 ) ) ;
#1563 = ORIENTED_EDGE ( 'NONE', *, *, #3737, .T. ) ;
#1564 = CARTESIAN_POINT ( 'NONE',  ( -3.740226349862386965E-16, -3.054126587736559983, 1.243749999999999023 ) ) ;
#1565 = CARTESIAN_POINT ( 'NONE',  ( 1.662041016787808356, 1.662041016787793479, -8.974999999999997868 ) ) ;
#1566 = FACE_OUTER_BOUND ( 'NONE', #3733, .T. ) ;
#1567 = CARTESIAN_POINT ( 'NONE',  ( -0.9736010864139290621, 2.350480947161671441, 1.337500000000002354 ) ) ;
#1568 = FACE_OUTER_BOUND ( 'NONE', #2091, .T. ) ;
#1569 = CARTESIAN_POINT ( 'NONE',  ( 0.000000000000000000, 3.050799999999996182, 7.649999999999998579 ) ) ;
#1570 = ORIENTED_EDGE ( 'NONE', *, *, #7095, .T. ) ;
#1571 = CARTESIAN_POINT ( 'NONE',  ( -2.878508968398398972E-16, -2.350480947161701639, -5.349999999999998757 ) ) ;
#1572 = CARTESIAN_POINT ( 'NONE',  ( 2.350480947161686540, 0.9736010864139157395, -10.91249999999999964 ) ) ;
#1573 = DIRECTION ( 'NONE',  ( -0.9238795325112875156, -0.3826834323650883385, 1.326020545413429950E-14 ) ) ;
#1574 = CARTESIAN_POINT ( 'NONE',  ( -3.740226349862386965E-16, -3.054126587736558651, -8.756249999999999645 ) ) ;
#1575 = ADVANCED_FACE ( 'NONE', ( #22 ), #4066, .F. ) ;
#1576 = CARTESIAN_POINT ( 'NONE',  ( -3.091799826931093342, 0.3441256606735269563, 11.11969350725440719 ) ) ;
#1577 = VERTEX_POINT ( 'NONE', #1216 ) ;
#1578 = CYLINDRICAL_SURFACE ( 'NONE', #6965, 3.000000000000001776 ) ;
#1579 = CARTESIAN_POINT ( 'NONE',  ( 0.000000000000000000, 2.350480947161671441, 0.1500000000000016875 ) ) ;
#1580 = LINE ( 'NONE', #523, #7202 ) ;
#1581 = CARTESIAN_POINT ( 'NONE',  ( -3.673940397442080083E-16, -3.000000000000032863, 7.149999999999999467 ) ) ;
#1582 = APPROVAL_STATUS ( 'not_yet_approved' ) ;
#1583 = CARTESIAN_POINT ( 'NONE',  ( -3.148072318304183881, -0.4969619867922724366, 11.83776552085041445 ) ) ;
#1584 = CARTESIAN_POINT ( 'NONE',  ( -1.662041016787808134, -1.662041016787821457, -12.47499999999999787 ) ) ;
#1585 = EDGE_CURVE ( 'NONE', #6093, #4232, #3343, .T. ) ;
#1586 = CARTESIAN_POINT ( 'NONE',  ( -0.9736010864139290621, 2.350480947161670553, 8.337500000000000355 ) ) ;
#1587 = CARTESIAN_POINT ( 'NONE',  ( -2.121320343559653931, -2.121320343559669030, -7.849999999999999645 ) ) ;
#1588 = CYLINDRICAL_SURFACE ( 'NONE', #4797, 3.000000000000001776 ) ;
#1589 = CARTESIAN_POINT ( 'NONE',  ( -2.159593620790641655, -2.159593620790657198, 1.118749999999999911 ) ) ;
#1590 = CARTESIAN_POINT ( 'NONE',  ( -1.855942136732819492, 0.5981793365594292311, 12.38072256709985375 ) ) ;
#1591 = CARTESIAN_POINT ( 'NONE',  ( -0.9736010864139292842, -2.350480947161700751, -12.28749999999999787 ) ) ;
#1592 = CARTESIAN_POINT ( 'NONE',  ( 0.9736010864139287291, -2.350480947161702083, -3.162499999999998312 ) ) ;
#1593 = CARTESIAN_POINT ( 'NONE',  ( 2.159593620790642099, 2.159593620790625668, 2.556250000000000355 ) ) ;
#1594 = ORIENTED_EDGE ( 'NONE', *, *, #802, .T. ) ;
#1595 = CARTESIAN_POINT ( 'NONE',  ( -3.000000000000015987, 1.242640687119277443, -4.162499999999999645 ) ) ;
#1596 = CARTESIAN_POINT ( 'NONE',  ( 3.000000000000016431, -1.444166826266348369E-14, -11.59999999999999964 ) ) ;
#1597 = CARTESIAN_POINT ( 'NONE',  ( -2.878508968398398972E-16, -2.350480947161702083, -2.349999999999998312 ) ) ;
#1598 = VERTEX_POINT ( 'NONE', #2156 ) ;
#1599 = CARTESIAN_POINT ( 'NONE',  ( 2.159593620790642099, 2.159593620790625668, 1.618749999999999467 ) ) ;
#1600 = CARTESIAN_POINT ( 'NONE',  ( 1.662041016787808356, 1.662041016787793257, -7.974999999999999645 ) ) ;
#1601 = CARTESIAN_POINT ( 'NONE',  ( -0.4188713088899074233, 3.155949487122284403, 11.81363098836948744 ) ) ;
#1602 = CARTESIAN_POINT ( 'NONE',  ( -1.662041016787807912, 1.662041016787793257, -3.724999999999998312 ) ) ;
#1603 = LINE ( 'NONE', #3992, #6127 ) ;
#1604 = DIRECTION ( 'NONE',  ( -0.3805870524817564493, 0.9188184237650829367, -0.1045284632676536235 ) ) ;
#1605 = ORIENTED_EDGE ( 'NONE', *, *, #6577, .T. ) ;
#1606 = CARTESIAN_POINT ( 'NONE',  ( 2.350480947161686540, 0.9736010864139150733, -7.037499999999999645 ) ) ;
#1607 = CARTESIAN_POINT ( 'NONE',  ( -0.9736010864139292842, -2.350480947161700751, -11.28749999999999964 ) ) ;
#1608 = LINE ( 'NONE', #3923, #6115 ) ;
#1609 = LINE ( 'NONE', #6341, #3576 ) ;
#1610 = FACE_OUTER_BOUND ( 'NONE', #1714, .T. ) ;
#1611 = CARTESIAN_POINT ( 'NONE',  ( -0.9736010864139290621, 2.350480947161670997, 4.212500000000002132 ) ) ;
#1612 = DIRECTION ( 'NONE',  ( -0.000000000000000000, -1.224646799147353207E-16, 1.000000000000000000 ) ) ;
#1613 = CARTESIAN_POINT ( 'NONE',  ( 0.9736010864139306165, 2.350480947161670997, 2.087500000000001688 ) ) ;
#1614 = CARTESIAN_POINT ( 'NONE',  ( -3.000000000000016431, -1.378342060812177753E-14, -10.97499999999999964 ) ) ;
#1615 = CARTESIAN_POINT ( 'NONE',  ( 3.058033318125259914, -0.3057325481516436905, 10.76374999999999815 ) ) ;
#1616 = CARTESIAN_POINT ( 'NONE',  ( -2.350480947161686984, 0.9736010864139131860, 4.337500000000002132 ) ) ;
#1617 = CARTESIAN_POINT ( 'NONE',  ( 0.9736010864139306165, 2.350480947161672329, -7.912500000000000533 ) ) ;
#1618 = CARTESIAN_POINT ( 'NONE',  ( -1.662041016787807912, 1.662041016787792147, 5.400000000000002132 ) ) ;
#1619 = CARTESIAN_POINT ( 'NONE',  ( 0.000000000000000000, 3.000000000000001332, -3.349999999999999645 ) ) ;
#1620 = EDGE_CURVE ( 'NONE', #2266, #7016, #2360, .T. ) ;
#1621 = DIRECTION ( 'NONE',  ( 6.131715290813909834E-16, -0.9945218953682734009, 0.1045284632676537068 ) ) ;
#1622 = CARTESIAN_POINT ( 'NONE',  ( -3.736152454838741773E-16, -3.050799999999997958, 7.649999999999998579 ) ) ;
#1623 = CARTESIAN_POINT ( 'NONE',  ( -3.000000000000015987, -1.242640687119307641, 1.962500000000000799 ) ) ;
#1624 = CARTESIAN_POINT ( 'NONE',  ( -2.159593620790641655, 2.159593620790627444, -7.193749999999999645 ) ) ;
#1625 = CARTESIAN_POINT ( 'NONE',  ( 2.350480947161686540, 0.9736010864139145182, -1.912499999999998535 ) ) ;
#1626 = CARTESIAN_POINT ( 'NONE',  ( -2.159593620790641655, 2.159593620790625668, 4.806250000000000355 ) ) ;
#1627 = ORIENTED_EDGE ( 'NONE', *, *, #5286, .F. ) ;
#1628 = CARTESIAN_POINT ( 'NONE',  ( 0.9008148785530735170, -2.808679951180860446, 7.356416136881199108 ) ) ;
#1629 = CARTESIAN_POINT ( 'NONE',  ( -1.662041016787808134, -1.662041016787822345, -6.349999999999997868 ) ) ;
#1630 = ADVANCED_FACE ( 'NONE', ( #3864 ), #3829, .T. ) ;
#1631 = CARTESIAN_POINT ( 'NONE',  ( 2.350480947161686984, -1.536330332758218588E-14, -3.099999999999998757 ) ) ;
#1632 = ORIENTED_EDGE ( 'NONE', *, *, #1777, .F. ) ;
#1633 = CARTESIAN_POINT ( 'NONE',  ( -2.350480947161686984, -0.9736010864139433840, -6.537499999999999645 ) ) ;
#1634 = AXIS2_PLACEMENT_3D ( 'NONE', #909, #305, #2496 ) ;
#1635 = DIRECTION ( 'NONE',  ( 0.000000000000000000, 0.3420201433256693235, 0.9396926207859082059 ) ) ;
#1636 = CARTESIAN_POINT ( 'NONE',  ( -2.350480947161686984, -1.448143983411566693E-14, -5.599999999999997868 ) ) ;
#1637 = DIRECTION ( 'NONE',  ( -0.9238795325112878487, -0.3826834323650870062, 0.000000000000000000 ) ) ;
#1638 = CARTESIAN_POINT ( 'NONE',  ( -2.350480947161686984, -1.535400067850815171E-14, 1.525000000000001688 ) ) ;
#1639 = AXIS2_PLACEMENT_3D ( 'NONE', #6417, #3508, #5855 ) ;
#1640 = ORIENTED_EDGE ( 'NONE', *, *, #6441, .T. ) ;
#1641 = AXIS2_PLACEMENT_3D ( 'NONE', #6432, #4665, #123 ) ;
#1642 = CARTESIAN_POINT ( 'NONE',  ( 0.000000000000000000, 3.054126587736530229, -11.31874999999999964 ) ) ;
#1643 = CARTESIAN_POINT ( 'NONE',  ( 1.662041016787807912, -1.662041016787822123, -11.09999999999999787 ) ) ;
#1644 = CARTESIAN_POINT ( 'NONE',  ( 0.000000000000000000, 3.000000000000001776, -6.225000000000000533 ) ) ;
#1645 = ADVANCED_FACE ( 'NONE', ( #1121 ), #6949, .T. ) ;
#1646 = CYLINDRICAL_SURFACE ( 'NONE', #6362, 3.000000000000001776 ) ;
#1647 = CARTESIAN_POINT ( 'NONE',  ( 0.000000000000000000, 3.000000000000002665, -11.34999999999999964 ) ) ;
#1648 = CONICAL_SURFACE ( 'NONE', #1764, 3.239999999999997105, 0.1047197551196600018 ) ;
#1649 = CARTESIAN_POINT ( 'NONE',  ( 1.662041016787807912, -1.662041016787823011, -4.099999999999997868 ) ) ;
#1650 =( BOUNDED_CURVE ( )  B_SPLINE_CURVE ( 3, ( #606, #3662, #1877, #5896 ),
 .UNSPECIFIED., .F., .T. ) 
 B_SPLINE_CURVE_WITH_KNOTS ( ( 4, 4 ),
 ( 2.946332657651816511, 3.336852649527768389 ),
 .UNSPECIFIED. ) 
 CURVE ( )  GEOMETRIC_REPRESENTATION_ITEM ( )  RATIONAL_B_SPLINE_CURVE ( ( 1.000000000000000000, 0.9873315052531760339, 0.9873315052531760339, 1.000000000000000000 ) ) 
 REPRESENTATION_ITEM ( '' )  );
#1651 = CARTESIAN_POINT ( 'NONE',  ( 1.662041016787808356, 1.662041016787792369, -0.9749999999999984235 ) ) ;
#1652 = CARTESIAN_POINT ( 'NONE',  ( -2.121320343559653931, -2.121320343559668586, -10.84999999999999964 ) ) ;
#1653 = CARTESIAN_POINT ( 'NONE',  ( 0.3580362349316248971, -3.033617658635284098, 10.76374999999999815 ) ) ;
#1654 =( GEOMETRIC_REPRESENTATION_CONTEXT ( 3 ) GLOBAL_UNCERTAINTY_ASSIGNED_CONTEXT ( ( #5157 ) ) GLOBAL_UNIT_ASSIGNED_CONTEXT ( ( #2034, #7138, #1958 ) ) REPRESENTATION_CONTEXT ( 'NONE', 'WORKASPACE' ) );
#1655 = DATE_TIME_ROLE ( 'creation_date' ) ;
#1656 = CARTESIAN_POINT ( 'NONE',  ( -1.662041016787807912, 1.662041016787792147, 5.275000000000002132 ) ) ;
#1657 = CARTESIAN_POINT ( 'NONE',  ( -2.350480947161686984, -1.435897515420092863E-14, -6.599999999999997868 ) ) ;
#1658 = VERTEX_POINT ( 'NONE', #6794 ) ;
#1659 = CARTESIAN_POINT ( 'NONE',  ( -2.878508968398398972E-16, -2.350480947161703416, 6.775000000000001243 ) ) ;
#1660 = CARTESIAN_POINT ( 'NONE',  ( 3.058033318125262134, 0.3057325481516299792, 10.76374999999999815 ) ) ;
#1661 = CARTESIAN_POINT ( 'NONE',  ( -3.054126587736543996, -1.500092608840078143E-14, -1.006250000000000089 ) ) ;
#1662 = CARTESIAN_POINT ( 'NONE',  ( -3.151720930266291187, 0.4382656198790642610, 11.81418354427970918 ) ) ;
#1663 = CARTESIAN_POINT ( 'NONE',  ( -1.662041016787807912, 1.662041016787794367, -12.59999999999999787 ) ) ;
#1664 = CARTESIAN_POINT ( 'NONE',  ( -0.9736010864139290621, 2.350480947161671885, -3.662499999999997868 ) ) ;
#1665 = CARTESIAN_POINT ( 'NONE',  ( -1.265060653844739091, 3.054126587736528009, 3.743750000000001243 ) ) ;
#1666 = EDGE_CURVE ( 'NONE', #6482, #5771, #1609, .T. ) ;
#1667 = EDGE_LOOP ( 'NONE', ( #5537, #2482, #1147, #1338 ) ) ;
#1668 = CARTESIAN_POINT ( 'NONE',  ( 2.121320343559653931, -2.121320343559668586, -11.72499999999999964 ) ) ;
#1669 = CARTESIAN_POINT ( 'NONE',  ( 0.000000000000000000, 3.000000000000002665, -11.34999999999999964 ) ) ;
#1670 = B_SPLINE_CURVE_WITH_KNOTS ( 'NONE', 3,
 ( #302, #6733, #3212, #3863 ),
 .UNSPECIFIED., .F., .F.,
 ( 4, 4 ),
 ( 0.000000000000000000, 0.0002303704617441041660 ),
 .UNSPECIFIED. ) ;
#1671 = CARTESIAN_POINT ( 'NONE',  ( 0.9736010864139306165, 2.350480947161671441, -3.912499999999998312 ) ) ;
#1672 = ORIENTED_EDGE ( 'NONE', *, *, #5711, .F. ) ;
#1673 = CARTESIAN_POINT ( 'NONE',  ( 2.350480947161686540, -0.9736010864139446053, -9.162499999999997868 ) ) ;
#1674 = CARTESIAN_POINT ( 'NONE',  ( -0.4748537796649077714, 3.126380839535696676, 11.82102052362714950 ) ) ;
#1675 = CARTESIAN_POINT ( 'NONE',  ( -0.9736010864139292842, -2.350480947161702083, 0.7125000000000021316 ) ) ;
#1676 = EDGE_CURVE ( 'NONE', #5826, #4608, #1549, .T. ) ;
#1677 = CARTESIAN_POINT ( 'NONE',  ( 0.000000000000000000, 3.000000000000002220, -11.22499999999999964 ) ) ;
#1678 = ORIENTED_EDGE ( 'NONE', *, *, #6854, .F. ) ;
#1679 = CARTESIAN_POINT ( 'NONE',  ( -2.263854962519997294, -1.800289857402846083, 7.198211779789025044 ) ) ;
#1680 = CARTESIAN_POINT ( 'NONE',  ( -0.4595844439516745261, -3.039212496907431227, 11.48214195586166575 ) ) ;
#1681 = LINE ( 'NONE', #482, #6724 ) ;
#1682 = CARTESIAN_POINT ( 'NONE',  ( 1.265060653844741090, 3.054126587736528453, -5.318750000000000533 ) ) ;
#1683 = CARTESIAN_POINT ( 'NONE',  ( 1.134034241299198165, -2.077900505740194248, 12.31976156732215877 ) ) ;
#1684 = CARTESIAN_POINT ( 'NONE',  ( -2.350480947161686984, 0.9736010864139152954, -11.53749999999999964 ) ) ;
#1685 = CARTESIAN_POINT ( 'NONE',  ( -2.350480947161686984, -1.486414195884921111E-14, -2.474999999999997868 ) ) ;
#1686 = CARTESIAN_POINT ( 'NONE',  ( 2.350480947161686984, -1.426112120834956639E-14, -12.09999999999999787 ) ) ;
#1687 = DIRECTION ( 'NONE',  ( 0.000000000000000000, -1.000000000000000000, 0.000000000000000000 ) ) ;
#1688 = CARTESIAN_POINT ( 'NONE',  ( 2.350480947161686984, -1.609809140707059361E-14, 2.900000000000001688 ) ) ;
#1689 = CARTESIAN_POINT ( 'NONE',  ( 2.350480947161686540, -0.9736010864139463816, 4.837500000000001243 ) ) ;
#1690 = CARTESIAN_POINT ( 'NONE',  ( -2.350480947161686984, -0.9736010864139430510, -9.537499999999999645 ) ) ;
#1691 = EDGE_LOOP ( 'NONE', ( #261, #1005, #4437, #4242 ) ) ;
#1692 = DIRECTION ( 'NONE',  ( -0.000000000000000000, -1.224646799147353207E-16, 1.000000000000000000 ) ) ;
#1693 = CARTESIAN_POINT ( 'NONE',  ( 1.242640687119293874, 3.000000000000000888, -2.412499999999999645 ) ) ;
#1694 =( BOUNDED_CURVE ( )  B_SPLINE_CURVE ( 2, ( #497, #2800, #1023, #7296, #5578 ),
 .UNSPECIFIED., .F., .F. ) 
 B_SPLINE_CURVE_WITH_KNOTS ( ( 3, 2, 3 ),
 ( 0.1581697760053953905, 0.1718750000000000278, 0.1875000000000000833 ),
 .UNSPECIFIED. ) 
 CURVE ( )  GEOMETRIC_REPRESENTATION_ITEM ( )  RATIONAL_B_SPLINE_CURVE ( ( 0.9835930411951966379, 0.9332321243195627058, 1.000000000000000000, 0.9238795325112862944, 1.000000000000000444 ) ) 
 REPRESENTATION_ITEM ( '' )  );
#1695 = CARTESIAN_POINT ( 'NONE',  ( 1.922160659580463893, 0.5436799907859346526, 12.14276737506911807 ) ) ;
#1696 = CARTESIAN_POINT ( 'NONE',  ( -2.575983668769191492, -0.9647690432893109014, 6.809635399680998624 ) ) ;
#1697 = DIRECTION ( 'NONE',  ( 0.9945218953682734009, -9.816693431962354558E-15, 0.1045284632676538317 ) ) ;
#1698 = CARTESIAN_POINT ( 'NONE',  ( -2.159593620790641655, 2.159593620790627000, -5.193749999999999645 ) ) ;
#1699 = CARTESIAN_POINT ( 'NONE',  ( 2.350480947161686540, -0.9736010864139459375, -0.03749999999999848593 ) ) ;
#1700 = CARTESIAN_POINT ( 'NONE',  ( -1.265060653844739536, -3.054126587736560872, 4.118749999999999467 ) ) ;
#1701 = VERTEX_POINT ( 'NONE', #3361 ) ;
#1702 = CARTESIAN_POINT ( 'NONE',  ( -3.673940397442080083E-16, -3.000000000000031086, -3.849999999999999645 ) ) ;
#1703 = CARTESIAN_POINT ( 'NONE',  ( 2.350480947161686984, -1.513368205274205432E-14, -4.974999999999998757 ) ) ;
#1704 = CARTESIAN_POINT ( 'NONE',  ( 0.000000000000000000, 3.000000000000002220, -9.350000000000001421 ) ) ;
#1705 = CARTESIAN_POINT ( 'NONE',  ( -2.350480947161686984, -0.9736010864139439391, -2.537499999999998312 ) ) ;
#1706 = VERTEX_POINT ( 'NONE', #6904 ) ;
#1707 = CARTESIAN_POINT ( 'NONE',  ( 0.4182474619457558496, 1.009738695057565083, 10.76374999999999815 ) ) ;
#1708 = CARTESIAN_POINT ( 'NONE',  ( -2.121320343559653931, 2.121320343559637944, 6.899999999999999467 ) ) ;
#1709 = CARTESIAN_POINT ( 'NONE',  ( -2.878508968398398972E-16, -2.350480947161702527, 0.7750000000000022427 ) ) ;
#1710 = ORIENTED_EDGE ( 'NONE', *, *, #519, .F. ) ;
#1711 = CARTESIAN_POINT ( 'NONE',  ( 0.3840784068098204163, 2.971464112645127997, 10.76374999999999815 ) ) ;
#1712 = CARTESIAN_POINT ( 'NONE',  ( 3.088555055217936829, -0.4953309318289828012, 11.83273142994335991 ) ) ;
#1713 = EDGE_CURVE ( 'NONE', #4132, #503, #5420, .T. ) ;
#1714 = EDGE_LOOP ( 'NONE', ( #7388, #7, #5865, #3949 ) ) ;
#1715 = CYLINDRICAL_SURFACE ( 'NONE', #1056, 3.000000000000001776 ) ;
#1716 = CARTESIAN_POINT ( 'NONE',  ( -2.350480947161686984, -1.363949515970185963E-14, -12.47499999999999787 ) ) ;
#1717 = CARTESIAN_POINT ( 'NONE',  ( 2.975025539244517514, 0.3840784068098189730, 10.76374999999999815 ) ) ;
#1718 = CARTESIAN_POINT ( 'NONE',  ( 0.5257718158227988603, 2.072279788034155246, 12.11187273411069931 ) ) ;
#1719 = CARTESIAN_POINT ( 'NONE',  ( -0.4470389042088276921, -3.147425500941996468, 11.81522884184978572 ) ) ;
#1720 = ADVANCED_FACE ( 'NONE', ( #4644 ), #2217, .T. ) ;
#1721 = CARTESIAN_POINT ( 'NONE',  ( 0.4967494505816549832, 3.076575913768318848, 11.83666282597238073 ) ) ;
#1722 = CARTESIAN_POINT ( 'NONE',  ( -3.000000000000015987, -1.242640687119306531, -4.912500000000000533 ) ) ;
#1723 = CARTESIAN_POINT ( 'NONE',  ( 2.350480947161686540, 0.9736010864139137411, 3.962500000000001688 ) ) ;
#1724 = CARTESIAN_POINT ( 'NONE',  ( 1.662041016787808356, 1.662041016787791703, 4.025000000000001243 ) ) ;
#1725 = CARTESIAN_POINT ( 'NONE',  ( -1.662041016787807912, 1.662041016787793701, -7.724999999999998757 ) ) ;
#1726 = VERTEX_POINT ( 'NONE', #1718 ) ;
#1727 = LINE ( 'NONE', #4655, #6590 ) ;
#1728 = AXIS2_PLACEMENT_3D ( 'NONE', #5048, #5614, #3376 ) ;
#1729 = CARTESIAN_POINT ( 'NONE',  ( 0.5275177333914256028, 1.995859359895139740, 12.12848403016564625 ) ) ;
#1730 = CARTESIAN_POINT ( 'NONE',  ( -1.210473035040707579, 2.351251357500431460, 6.517368975164226974 ) ) ;
#1731 = CARTESIAN_POINT ( 'NONE',  ( 0.9143889869718553332, -0.8042301465352874601, 10.76374999999999815 ) ) ;
#1732 = CARTESIAN_POINT ( 'NONE',  ( 0.9736010864139306165, 2.350480947161672329, -7.787499999999999645 ) ) ;
#1733 = CARTESIAN_POINT ( 'NONE',  ( -1.662041016787807912, 1.662041016787792813, 0.4000000000000019096 ) ) ;
#1734 = CARTESIAN_POINT ( 'NONE',  ( -1.265060653844739091, 3.054126587736527565, 8.743750000000000355 ) ) ;
#1735 = VERTEX_POINT ( 'NONE', #442 ) ;
#1736 = FACE_OUTER_BOUND ( 'NONE', #4860, .T. ) ;
#1737 =( BOUNDED_CURVE ( )  B_SPLINE_CURVE ( 2, ( #669, #7049, #5290, #634, #1313, #4189, #108, #5365, #69 ),
 .UNSPECIFIED., .F., .T. ) 
 B_SPLINE_CURVE_WITH_KNOTS ( ( 3, 2, 2, 2, 3 ),
 ( 0.7500000000000000000, 0.7656250000000000000, 0.7812500000000000000, 0.7968750000000001110, 0.8125000000000001110 ),
 .UNSPECIFIED. ) 
 CURVE ( )  GEOMETRIC_REPRESENTATION_ITEM ( )  RATIONAL_B_SPLINE_CURVE ( ( 1.000000000000000000, 0.9238795325112867385, 1.000000000000000000, 0.9238795325112867385, 1.000000000000000000, 0.9238795325112867385, 1.000000000000000000, 0.9238795325112861834, 1.000000000000000444 ) ) 
 REPRESENTATION_ITEM ( '' )  );
#1738 = CARTESIAN_POINT ( 'NONE',  ( -0.8632880660056395650, -1.177184601738069158, 12.23971270034656733 ) ) ;
#1739 = CARTESIAN_POINT ( 'NONE',  ( 2.350480947161686540, 0.9736010864139140741, 0.9625000000000014655 ) ) ;
#1740 = ORIENTED_EDGE ( 'NONE', *, *, #5933, .T. ) ;
#1741 = CARTESIAN_POINT ( 'NONE',  ( -1.662041016787807912, 1.662041016787793479, -5.724999999999998757 ) ) ;
#1742 = CARTESIAN_POINT ( 'NONE',  ( -3.740226349862386965E-16, -3.054126587736559095, -3.818749999999999645 ) ) ;
#1743 = CARTESIAN_POINT ( 'NONE',  ( -1.662041016787807912, 1.662041016787792813, 0.2750000000000017986 ) ) ;
#1744 = ORIENTED_EDGE ( 'NONE', *, *, #3919, .F. ) ;
#1745 = LINE ( 'NONE', #5239, #5167 ) ;
#1746 = CARTESIAN_POINT ( 'NONE',  ( 3.000000000000015543, -1.242640687119308529, -6.537500000000001421 ) ) ;
#1747 = B_SPLINE_CURVE_WITH_KNOTS ( 'NONE', 3,
 ( #4411, #934, #4299, #896, #3773, #3850, #1462, #860, #3199, #6008, #5517, #7241, #2061, #5561, #4990, #331, #1424, #3241, #4953, #6158, #291, #3131, #4840, #370, #3164, #2592, #4266, #4914, #7129, #2557 ),
 .UNSPECIFIED., .F., .F.,
 ( 4, 2, 2, 2, 2, 2, 2, 2, 2, 2, 2, 2, 2, 2, 4 ),
 ( 0.000000000000000000, 0.0004805529835960792892, 0.0009611059671921585784, 0.001441658950788237813, 0.001922211934384317590, 0.002883317901576476494, 0.003363870885172555621, 0.003844423868768635181, 0.004324976852364714741, 0.004805529835960793868, 0.005286082819556872994, 0.005766635803152952121, 0.006727741770345111241, 0.007208294753941191235, 0.007688847737537270362 ),
 .UNSPECIFIED. ) ;
#1748 = ORIENTED_EDGE ( 'NONE', *, *, #4929, .T. ) ;
#1749 = CIRCLE ( 'NONE', #1994, 5.927999999999999048 ) ;
#1750 = CARTESIAN_POINT ( 'NONE',  ( -2.852460078739192273, -0.4321404366031155742, 7.128314500371758733 ) ) ;
#1751 = CARTESIAN_POINT ( 'NONE',  ( -1.662041016787808134, -1.662041016787822345, -6.349999999999997868 ) ) ;
#1752 = CARTESIAN_POINT ( 'NONE',  ( 2.121320343559654820, 2.121320343559638388, 1.649999999999999689 ) ) ;
#1753 = CARTESIAN_POINT ( 'NONE',  ( -2.350480947161686984, 0.9736010864139145182, -4.537499999999997868 ) ) ;
#1754 = CARTESIAN_POINT ( 'NONE',  ( -1.240227950011348172E-13, 2.683012701892227625, -12.04198729810777735 ) ) ;
#1755 = EDGE_CURVE ( 'NONE', #4705, #2176, #2277, .T. ) ;
#1756 = AXIS2_PLACEMENT_3D ( 'NONE', #808, #3677, #5987 ) ;
#1757 = CYLINDRICAL_SURFACE ( 'NONE', #2868, 3.000000000000001776 ) ;
#1758 = CARTESIAN_POINT ( 'NONE',  ( 0.000000000000000000, 3.000000000000002220, -11.22499999999999964 ) ) ;
#1759 = CARTESIAN_POINT ( 'NONE',  ( 2.350480947161686540, -0.9736010864139462706, 3.837500000000002132 ) ) ;
#1760 = CIRCLE ( 'NONE', #5160, 3.183625345212382385 ) ;
#1761 = CARTESIAN_POINT ( 'NONE',  ( 2.350480947161686540, -0.9736010864139462706, 3.837500000000002132 ) ) ;
#1762 = CARTESIAN_POINT ( 'NONE',  ( 1.662041016787808356, 1.662041016787793257, -6.974999999999998757 ) ) ;
#1763 = VERTEX_POINT ( 'NONE', #2822 ) ;
#1764 = AXIS2_PLACEMENT_3D ( 'NONE', #6498, #6013, #4193 ) ;
#1765 = EDGE_CURVE ( 'NONE', #5446, #2333, #4612, .T. ) ;
#1766 = CARTESIAN_POINT ( 'NONE',  ( -0.4188713088899579384, -3.155949487122295949, 11.81363098836964909 ) ) ;
#1767 = FACE_OUTER_BOUND ( 'NONE', #5648, .T. ) ;
#1768 = AXIS2_PLACEMENT_3D ( 'NONE', #573, #5149, #2269 ) ;
#1769 = CARTESIAN_POINT ( 'NONE',  ( 0.000000000000000000, -3.000000000000003997, 12.34999999999999964 ) ) ;
#1770 = CARTESIAN_POINT ( 'NONE',  ( 0.7445567571664429840, -1.058453292898877685, 10.76374999999999815 ) ) ;
#1771 = CARTESIAN_POINT ( 'NONE',  ( -2.350480947161686984, 0.9736010864139149623, -8.537499999999997868 ) ) ;
#1772 = CARTESIAN_POINT ( 'NONE',  ( -2.350480947161686984, -1.498660663876394626E-14, -1.474999999999998090 ) ) ;
#1773 = CARTESIAN_POINT ( 'NONE',  ( 3.054126587736543996, -1.665980241523910079E-14, 6.431249999999999467 ) ) ;
#1774 = ORIENTED_EDGE ( 'NONE', *, *, #4648, .T. ) ;
#1775 = CARTESIAN_POINT ( 'NONE',  ( 0.5275177333914179423, -1.995859359895142848, 12.12848403016564269 ) ) ;
#1776 = CARTESIAN_POINT ( 'NONE',  ( 0.000000000000000000, -2.044870920353165796E-15, 12.34999999999999964 ) ) ;
#1777 = EDGE_CURVE ( 'NONE', #6654, #1069, #2318, .T. ) ;
#1778 = CARTESIAN_POINT ( 'NONE',  ( 2.159593620790641655, -2.159593620790656754, -5.631250000000000533 ) ) ;
#1779 = CARTESIAN_POINT ( 'NONE',  ( -0.3840784068098203607, -2.044095216605293697, 10.76374999999999815 ) ) ;
#1780 = CARTESIAN_POINT ( 'NONE',  ( -0.4970064592693679284, 3.071965366029788758, 11.83818864820600503 ) ) ;
#1781 = CARTESIAN_POINT ( 'NONE',  ( 1.265060653844741090, 3.054126587736528453, -4.381250000000001421 ) ) ;
#1782 = CARTESIAN_POINT ( 'NONE',  ( -0.9736010864139290621, 2.350480947161671885, -0.7874999999999983125 ) ) ;
#1783 =( BOUNDED_CURVE ( )  B_SPLINE_CURVE ( 2, ( #3896, #4615, #1652, #4501, #1614, #3476, #1090, #3929, #6345 ),
 .UNSPECIFIED., .F., .F. ) 
 B_SPLINE_CURVE_WITH_KNOTS ( ( 3, 2, 2, 2, 3 ),
 ( 0.6874999999999998890, 0.7031249999999998890, 0.7187499999999997780, 0.7343749999999997780, 0.7499999999999997780 ),
 .UNSPECIFIED. ) 
 CURVE ( )  GEOMETRIC_REPRESENTATION_ITEM ( )  RATIONAL_B_SPLINE_CURVE ( ( 1.000000000000000444, 0.9238795325112861834, 1.000000000000000000, 0.9238795325112867385, 1.000000000000000000, 0.9238795325112867385, 1.000000000000000000, 0.9238795325112878487, 0.9999999999999988898 ) ) 
 REPRESENTATION_ITEM ( '' )  );
#1784 = ORIENTED_EDGE ( 'NONE', *, *, #979, .F. ) ;
#1785 = CARTESIAN_POINT ( 'NONE',  ( -3.038542558514113701, -0.4589809139928088810, 11.47639975187396111 ) ) ;
#1786 = CARTESIAN_POINT ( 'NONE',  ( -2.350480947161686984, -1.584385939816709230E-14, 5.525000000000002132 ) ) ;
#1787 = EDGE_LOOP ( 'NONE', ( #4008, #2859, #2762, #5427 ) ) ;
#1788 = CYLINDRICAL_SURFACE ( 'NONE', #4806, 3.000000000000001776 ) ;
#1789 = CARTESIAN_POINT ( 'NONE',  ( 0.9736010864139306165, 2.350480947161672329, -8.787499999999999645 ) ) ;
#1790 = CARTESIAN_POINT ( 'NONE',  ( 0.000000000000000000, 2.702303767449100835, -5.053124999999999645 ) ) ;
#1791 = CARTESIAN_POINT ( 'NONE',  ( 2.121320343559654820, 2.121320343559638388, 2.525000000000000355 ) ) ;
#1792 = CARTESIAN_POINT ( 'NONE',  ( -0.1682598927448019921, 2.481121150021365906, 6.084820223342834566 ) ) ;
#1793 = CARTESIAN_POINT ( 'NONE',  ( 1.265060653844738425, -3.054126587736560872, 5.306249999999999467 ) ) ;
#1794 = CARTESIAN_POINT ( 'NONE',  ( -3.673940397442080083E-16, -3.000000000000030642, -7.849999999999999645 ) ) ;
#1795 = DIRECTION ( 'NONE',  ( -0.000000000000000000, -1.224646799147353207E-16, 1.000000000000000000 ) ) ;
#1796 = CARTESIAN_POINT ( 'NONE',  ( 1.662041016787807912, -1.662041016787824566, 8.775000000000002132 ) ) ;
#1797 = CARTESIAN_POINT ( 'NONE',  ( -2.159593620790641655, -2.159593620790655866, -10.88124999999999964 ) ) ;
#1798 = VERTEX_POINT ( 'NONE', #5818 ) ;
#1799 = CARTESIAN_POINT ( 'NONE',  ( -1.058453292898873466, -0.7445567571664479800, 10.76374999999999815 ) ) ;
#1800 = DIRECTION ( 'NONE',  ( 0.000000000000000000, 0.000000000000000000, 1.000000000000000000 ) ) ;
#1801 = CARTESIAN_POINT ( 'NONE',  ( -0.1779074514025485443, -2.829548874002354886, 7.042117527292562684 ) ) ;
#1802 = ADVANCED_FACE ( 'NONE', ( #1306 ), #5320, .T. ) ;
#1803 = CARTESIAN_POINT ( 'NONE',  ( 0.9736010864139287291, -2.350480947161702527, 1.712500000000000799 ) ) ;
#1804 = CARTESIAN_POINT ( 'NONE',  ( -3.000000000000015987, 1.242640687119277665, -4.037500000000000533 ) ) ;
#1805 = CARTESIAN_POINT ( 'NONE',  ( -2.878508968398398972E-16, -2.350480947161701195, -10.22499999999999787 ) ) ;
#1806 = CARTESIAN_POINT ( 'NONE',  ( 0.9736010864139306165, 2.350480947161670997, 1.212500000000002132 ) ) ;
#1807 = CARTESIAN_POINT ( 'NONE',  ( -3.054126587736543996, 1.265060653844723104, 7.868750000000000355 ) ) ;
#1808 = ORIENTED_EDGE ( 'NONE', *, *, #2905, .F. ) ;
#1809 = CARTESIAN_POINT ( 'NONE',  ( -3.673940397442080083E-16, -3.000000000000030642, -9.849999999999999645 ) ) ;
#1810 = CARTESIAN_POINT ( 'NONE',  ( -1.242640687119285881, -3.000000000000037303, -7.912500000000000533 ) ) ;
#1811 = CARTESIAN_POINT ( 'NONE',  ( -0.9736010864139290621, 2.350480947161671441, 1.212500000000002132 ) ) ;
#1812 = VERTEX_POINT ( 'NONE', #6975 ) ;
#1813 = CARTESIAN_POINT ( 'NONE',  ( -2.121320343559653931, 2.121320343559638388, 5.775000000000000355 ) ) ;
#1814 = CARTESIAN_POINT ( 'NONE',  ( -2.159593620790641655, 2.159593620790627000, -4.193749999999999645 ) ) ;
#1815 = CARTESIAN_POINT ( 'NONE',  ( -0.9736010864139290621, 2.350480947161671885, -1.787499999999998312 ) ) ;
#1816 = ORIENTED_EDGE ( 'NONE', *, *, #3736, .F. ) ;
#1817 = LINE ( 'NONE', #6969, #3834 ) ;
#1818 = CARTESIAN_POINT ( 'NONE',  ( 0.9736010864139287291, -2.350480947161703416, 3.837500000000002132 ) ) ;
#1819 = CARTESIAN_POINT ( 'NONE',  ( -2.350480947161686984, 0.9736010864139131860, 5.337500000000002132 ) ) ;
#1820 = CARTESIAN_POINT ( 'NONE',  ( -0.9736010864139290621, 2.350480947161671885, -1.662499999999998090 ) ) ;
#1821 = ORIENTED_EDGE ( 'NONE', *, *, #631, .T. ) ;
#1822 = CARTESIAN_POINT ( 'NONE',  ( -1.265060653844739536, -3.054126587736558207, -7.881249999999999645 ) ) ;
#1823 = B_SPLINE_CURVE_WITH_KNOTS ( 'NONE', 3,
 ( #4606, #3464, #2782, #2321, #2287, #5174, #5209, #6932, #1153, #5779, #6898, #1712, #3918, #1003, #6225, #1040 ),
 .UNSPECIFIED., .F., .F.,
 ( 4, 3, 3, 3, 3, 4 ),
 ( 1.626303258728256651E-19, 2.947244309848686897E-05, 5.890462578490489001E-05, 8.894244717985965972E-05, 0.0001197152098233072900, 0.0001269103415979529030 ),
 .UNSPECIFIED. ) ;
#1824 = CARTESIAN_POINT ( 'NONE',  ( -1.662041016787808134, -1.662041016787821901, -9.349999999999999645 ) ) ;
#1825 = CARTESIAN_POINT ( 'NONE',  ( -0.7567343795893256564, -2.230657675011351149, -12.34999999999999609 ) ) ;
#1826 = FACE_OUTER_BOUND ( 'NONE', #438, .T. ) ;
#1827 = CARTESIAN_POINT ( 'NONE',  ( 0.000000000000000000, -1.734723475976807094E-15, 8.942500000000002558 ) ) ;
#1828 = FACE_BOUND ( 'NONE', #5017, .T. ) ;
#1829 = ADVANCED_FACE ( 'NONE', ( #1826 ), #629, .T. ) ;
#1830 = CARTESIAN_POINT ( 'NONE',  ( 2.159593620790642099, 2.159593620790625224, 2.618749999999999467 ) ) ;
#1831 = CARTESIAN_POINT ( 'NONE',  ( -3.673940397442080083E-16, -3.000000000000031086, -6.850000000000000533 ) ) ;
#1832 = DIRECTION ( 'NONE',  ( -0.000000000000000000, -1.224646799147353207E-16, 1.000000000000000000 ) ) ;
#1833 = CARTESIAN_POINT ( 'NONE',  ( 2.350480947161686984, -1.683287948655900766E-14, 8.900000000000002132 ) ) ;
#1834 = CARTESIAN_POINT ( 'NONE',  ( 1.265060653844738425, -3.054126587736559095, -11.69375000000000142 ) ) ;
#1835 = VERTEX_POINT ( 'NONE', #7084 ) ;
#1836 = DIRECTION ( 'NONE',  ( -0.000000000000000000, -1.224646799147353207E-16, 1.000000000000000000 ) ) ;
#1837 = CARTESIAN_POINT ( 'NONE',  ( 0.000000000000000000, -1.734723475976807094E-15, 10.17913888994144145 ) ) ;
#1838 = CARTESIAN_POINT ( 'NONE',  ( -2.350480947161686984, -1.546115727343354496E-14, 2.400000000000001243 ) ) ;
#1839 = CARTESIAN_POINT ( 'NONE',  ( -3.000000000000015987, -1.242640687119306531, -3.912500000000000977 ) ) ;
#1840 = CARTESIAN_POINT ( 'NONE',  ( -2.350480947161686984, -0.9736010864139431620, -8.412499999999997868 ) ) ;
#1841 = CARTESIAN_POINT ( 'NONE',  ( 1.662041016787808356, 1.662041016787792369, 0.1500000000000016875 ) ) ;
#1842 = CARTESIAN_POINT ( 'NONE',  ( 2.159593620790641655, -2.159593620790658530, 8.306249999999998579 ) ) ;
#1843 = EDGE_LOOP ( 'NONE', ( #6646, #1222, #2746, #6429 ) ) ;
#1844 = CARTESIAN_POINT ( 'NONE',  ( -3.673940397442080083E-16, -3.000000000000031086, -5.725000000000000533 ) ) ;
#1845 = EDGE_CURVE ( 'NONE', #6444, #3848, #5656, .T. ) ;
#1846 = CARTESIAN_POINT ( 'NONE',  ( -3.673940397442080083E-16, -3.000000000000032419, 5.275000000000000355 ) ) ;
#1847 = CARTESIAN_POINT ( 'NONE',  ( -0.9736010864139292842, -2.350480947161702083, 0.5875000000000020206 ) ) ;
#1848 = DIRECTION ( 'NONE',  ( -0.000000000000000000, -1.224646799147353207E-16, 1.000000000000000000 ) ) ;
#1849 = B_SPLINE_CURVE_WITH_KNOTS ( 'NONE', 3,
 ( #117, #1881, #3551, #5798, #576, #6952, #2412 ),
 .UNSPECIFIED., .F., .F.,
 ( 4, 3, 4 ),
 ( 0.000000000000000000, 0.0005370492038494407462, 0.001085021815054307715 ),
 .UNSPECIFIED. ) ;
#1850 = B_SPLINE_CURVE_WITH_KNOTS ( 'NONE', 3,
 ( #9, #1695, #6319, #6916 ),
 .UNSPECIFIED., .F., .F.,
 ( 4, 4 ),
 ( 0.000000000000000000, 0.0002303704617441064699 ),
 .UNSPECIFIED. ) ;
#1851 = CARTESIAN_POINT ( 'NONE',  ( 2.350480947161686540, 0.9736010864139147403, -5.037499999999998757 ) ) ;
#1852 = CARTESIAN_POINT ( 'NONE',  ( -3.054126587736543996, -1.265060653844753746, -4.006249999999999645 ) ) ;
#1853 = CARTESIAN_POINT ( 'NONE',  ( -2.350480947161686984, 0.9736010864139139631, -0.6624999999999982014 ) ) ;
#1854 = VERTEX_POINT ( 'NONE', #5851 ) ;
#1855 = CARTESIAN_POINT ( 'NONE',  ( -3.673940397442080083E-16, -3.000000000000032863, 6.274999999999998579 ) ) ;
#1856 = CARTESIAN_POINT ( 'NONE',  ( -0.9736010864139290621, 2.350480947161670997, 3.337500000000001688 ) ) ;
#1857 = ADVANCED_FACE ( 'NONE', ( #3083 ), #4397, .T. ) ;
#1858 = CYLINDRICAL_SURFACE ( 'NONE', #1410, 3.000000000000001776 ) ;
#1859 = CARTESIAN_POINT ( 'NONE',  ( -1.662041016787808134, -1.662041016787822567, -4.349999999999997868 ) ) ;
#1860 = VERTEX_POINT ( 'NONE', #3755 ) ;
#1861 = CARTESIAN_POINT ( 'NONE',  ( 3.054126587736543996, -1.470036753660333527E-14, -9.568750000000001421 ) ) ;
#1862 = CARTESIAN_POINT ( 'NONE',  ( 2.350480947161686540, 0.9736010864139152954, -7.912500000000000533 ) ) ;
#1863 = DIRECTION ( 'NONE',  ( 1.000000000000000000, -3.592431330984622693E-15, -0.000000000000000000 ) ) ;
#1864 = CARTESIAN_POINT ( 'NONE',  ( -0.9736010864139290621, 2.350480947161672329, -4.662499999999997868 ) ) ;
#1865 = CARTESIAN_POINT ( 'NONE',  ( -0.8254107165315477390, 2.359480990565410607, 6.120417990101243433 ) ) ;
#1866 = CARTESIAN_POINT ( 'NONE',  ( -1.662041016787808134, -1.662041016787824121, 8.650000000000002132 ) ) ;
#1867 =( BOUNDED_CURVE ( )  B_SPLINE_CURVE ( 2, ( #161, #6401, #4128, #1290, #1215, #5910, #3524, #5840, #2459 ),
 .UNSPECIFIED., .F., .T. ) 
 B_SPLINE_CURVE_WITH_KNOTS ( ( 3, 2, 2, 2, 3 ),
 ( 0.3124999999999999445, 0.3281249999999999445, 0.3437500000000000000, 0.3593750000000000000, 0.3750000000000000000 ),
 .UNSPECIFIED. ) 
 CURVE ( )  GEOMETRIC_REPRESENTATION_ITEM ( )  RATIONAL_B_SPLINE_CURVE ( ( 1.000000000000000222, 0.9238795325112865164, 1.000000000000000000, 0.9238795325112867385, 1.000000000000000000, 0.9238795325112867385, 1.000000000000000000, 0.9238795325112867385, 1.000000000000000000 ) ) 
 REPRESENTATION_ITEM ( '' )  );
#1868 = CARTESIAN_POINT ( 'NONE',  ( 2.159593620790641655, -2.159593620790657642, 2.368749999999999467 ) ) ;
#1869 = EDGE_CURVE ( 'NONE', #4874, #3226, #1501, .T. ) ;
#1870 = CARTESIAN_POINT ( 'NONE',  ( 2.350480947161686984, -1.475097992800850698E-14, -8.099999999999999645 ) ) ;
#1871 = CARTESIAN_POINT ( 'NONE',  ( 2.121320343559653931, -2.121320343559668586, -11.60000000000000142 ) ) ;
#1872 = PLANE ( 'NONE',  #5270 ) ;
#1873 = CARTESIAN_POINT ( 'NONE',  ( 2.350480947161686540, -0.9736010864139451604, -5.162499999999997868 ) ) ;
#1874 = ORIENTED_EDGE ( 'NONE', *, *, #7258, .F. ) ;
#1875 = AXIS2_PLACEMENT_3D ( 'NONE', #5634, #4611, #6793 ) ;
#1876 = CARTESIAN_POINT ( 'NONE',  ( 0.4907881307671506099, -3.100900497522151689, 11.82881517469529875 ) ) ;
#1877 = CARTESIAN_POINT ( 'NONE',  ( 0.3989839930302054860, -1.892739746863327577, 10.76374999999999815 ) ) ;
#1878 = VECTOR ( 'NONE', #1863, 1000.000000000000000 ) ;
#1879 = CARTESIAN_POINT ( 'NONE',  ( -2.350480947161686984, 0.9736010864139145182, -3.662499999999998312 ) ) ;
#1880 = CARTESIAN_POINT ( 'NONE',  ( 2.350480947161686540, -0.9736010864139467147, 7.962500000000001243 ) ) ;
#1881 = CARTESIAN_POINT ( 'NONE',  ( 2.988323639973838652, 0.4027075457408850201, 10.94099441725850852 ) ) ;
#1882 = CARTESIAN_POINT ( 'NONE',  ( 2.350480947161686540, 0.9736010864139155174, -9.912499999999997868 ) ) ;
#1883 = CARTESIAN_POINT ( 'NONE',  ( 1.477332313870105107, -2.509531522944149717, -11.81888858779941032 ) ) ;
#1884 = CARTESIAN_POINT ( 'NONE',  ( 0.000000000000000000, 2.350480947161670997, 4.275000000000002132 ) ) ;
#1885 = VERTEX_POINT ( 'NONE', #7224 ) ;
#1886 = CARTESIAN_POINT ( 'NONE',  ( -0.2178637866089871145, -0.09024213516339875396, 2.608805317272258950 ) ) ;
#1887 = AXIS2_PLACEMENT_3D ( 'NONE', #185, #6535, #4767 ) ;
#1888 = DIRECTION ( 'NONE',  ( -0.000000000000000000, -0.000000000000000000, -1.000000000000000000 ) ) ;
#1889 = CARTESIAN_POINT ( 'NONE',  ( 0.9736010864139306165, 2.350480947161671441, -0.9124999999999983125 ) ) ;
#1890 = CARTESIAN_POINT ( 'NONE',  ( -1.242640687119292098, 3.000000000000002220, -6.287499999999999645 ) ) ;
#1891 =( BOUNDED_CURVE ( )  B_SPLINE_CURVE ( 2, ( #1917, #6573, #298, #186, #3137, #2487, #5372, #4883, #4768, #5972, #3170, #4273, #1468, #3781, #4197, #1991, #1391, #149, #7055, #1879, #2031, #5449, #4308, #6500, #3704, #3626, #1318, #753, #5936, #3099, #3056, #902, #6649, #4809, #7097, #4235, #6015, #230, #831, #6536, #3663, #5413, #263, #792, #2529, #6613, #4847, #6086, #3744, #7135, #2599, #6050, #3207, #1955, #2564, #5487, #866, #4923, #7211, #4345, #7395, #5568, #1651, #1053, #7248, #1015, #3366, #6763, #6165, #3324, #7362, #377, #2680, #412, #6128, #4997, #4536, #6199, #1089, #5527, #1579, #3928, #4419, #2187, #2756, #2110, #6236, #7286, #6728, #4463, #5682, #1543, #5641, #3859, #3249, #5072, #339, #978, #487, #2792, #7326, #3286, #3895, #5604, #2640, #451, #4500, #6798, #2069, #2717, #5036, #1613, #4380 ),
 .UNSPECIFIED., .F., .F. ) 
 B_SPLINE_CURVE_WITH_KNOTS ( ( 3, 2, 2, 2, 2, 2, 2, 2, 2, 2, 2, 2, 2, 2, 2, 2, 2, 2, 2, 2, 2, 2, 2, 2, 2, 2, 2, 2, 2, 2, 2, 2, 2, 2, 2, 2, 2, 2, 2, 2, 2, 2, 2, 2, 2, 2, 2, 2, 2, 2, 2, 2, 2, 2, 2, 2, 3 ),
 ( 0.1250000000000000000, 0.1406250000000000000, 0.1562500000000000000, 0.1718750000000000000, 0.1875000000000000000, 0.2031250000000000000, 0.2187500000000000000, 0.2343750000000000000, 0.2500000000000000000, 0.2656250000000000000, 0.2812500000000000000, 0.2968750000000000000, 0.3125000000000000000, 0.3281250000000000000, 0.3437500000000000000, 0.3593750000000000000, 0.3750000000000000000, 0.3906250000000000000, 0.4062500000000000000, 0.4218750000000000000, 0.4375000000000000000, 0.4531250000000000000, 0.4687500000000000000, 0.4843750000000000000, 0.5000000000000000000, 0.5156250000000000000, 0.5312500000000000000, 0.5468750000000000000, 0.5625000000000000000, 0.5781250000000000000, 0.5937500000000000000, 0.6093750000000000000, 0.6250000000000000000, 0.6406250000000000000, 0.6562500000000000000, 0.6718750000000000000, 0.6875000000000000000, 0.7031250000000000000, 0.7187500000000000000, 0.7343750000000000000, 0.7500000000000000000, 0.7656250000000000000, 0.7812500000000000000, 0.7968750000000000000, 0.8125000000000000000, 0.8281250000000000000, 0.8437500000000000000, 0.8593750000000000000, 0.8750000000000000000, 0.8906250000000000000, 0.9062500000000000000, 0.9218750000000000000, 0.9375000000000000000, 0.9531250000000000000, 0.9687500000000000000, 0.9843750000000000000, 1.000000000000000000 ),
 .UNSPECIFIED. ) 
 CURVE ( )  GEOMETRIC_REPRESENTATION_ITEM ( )  RATIONAL_B_SPLINE_CURVE ( ( 1.000000000000000000, 0.9238795325112867385, 1.000000000000000000, 0.9238795325112867385, 1.000000000000000000, 0.9238795325112867385, 1.000000000000000000, 0.9238795325112867385, 1.000000000000000000, 0.9238795325112867385, 1.000000000000000000, 0.9238795325112867385, 1.000000000000000000, 0.9238795325112867385, 1.000000000000000000, 0.9238795325112867385, 1.000000000000000000, 0.9238795325112867385, 1.000000000000000000, 0.9238795325112867385, 1.000000000000000000, 0.9238795325112867385, 1.000000000000000000, 0.9238795325112867385, 1.000000000000000000, 0.9238795325112867385, 1.000000000000000000, 0.9238795325112867385, 1.000000000000000000, 0.9238795325112867385, 1.000000000000000000, 0.9238795325112867385, 1.000000000000000000, 0.9238795325112867385, 1.000000000000000000, 0.9238795325112867385, 1.000000000000000000, 0.9238795325112867385, 1.000000000000000000, 0.9238795325112867385, 1.000000000000000000, 0.9238795325112867385, 1.000000000000000000, 0.9238795325112867385, 1.000000000000000000, 0.9238795325112867385, 1.000000000000000000, 0.9238795325112867385, 1.000000000000000000, 0.9238795325112867385, 1.000000000000000000, 0.9238795325112867385, 1.000000000000000000, 0.9238795325112867385, 1.000000000000000000, 0.9238795325112867385, 1.000000000000000000, 0.9238795325112867385, 1.000000000000000000, 0.9238795325112867385, 1.000000000000000000, 0.9238795325112867385, 1.000000000000000000, 0.9238795325112867385, 1.000000000000000000, 0.9238795325112867385, 1.000000000000000000, 0.9238795325112867385, 1.000000000000000000, 0.9238795325112867385, 1.000000000000000000, 0.9238795325112867385, 1.000000000000000000, 0.9238795325112867385, 1.000000000000000000, 0.9238795325112867385, 1.000000000000000000, 0.9238795325112867385, 1.000000000000000000, 0.9238795325112867385, 1.000000000000000000, 0.9238795325112867385, 1.000000000000000000, 0.9238795325112867385, 1.000000000000000000, 0.9238795325112867385, 1.000000000000000000, 0.9238795325112867385, 1.000000000000000000, 0.9238795325112867385, 1.000000000000000000, 0.9238795325112867385, 1.000000000000000000, 0.9238795325112867385, 1.000000000000000000, 0.9238795325112867385, 1.000000000000000000, 0.9238795325112867385, 1.000000000000000000, 0.9238795325112867385, 1.000000000000000000, 0.9238795325112867385, 1.000000000000000000, 0.9238795325112867385, 1.000000000000000000, 0.9238795325112867385, 1.000000000000000000, 0.9238795325112867385, 1.000000000000000000, 0.9238795325112867385, 1.000000000000000000, 0.9238795325112867385, 1.000000000000000000 ) ) 
 REPRESENTATION_ITEM ( '' )  );
#1892 = CARTESIAN_POINT ( 'NONE',  ( 1.662041016787807912, -1.662041016787822123, -10.22499999999999787 ) ) ;
#1893 = CARTESIAN_POINT ( 'NONE',  ( -3.740226349862386965E-16, -3.054126587736559095, -4.818750000000000533 ) ) ;
#1894 = CARTESIAN_POINT ( 'NONE',  ( -1.662041016787807912, 1.662041016787793035, -2.724999999999998312 ) ) ;
#1895 = ORIENTED_EDGE ( 'NONE', *, *, #384, .F. ) ;
#1896 = CARTESIAN_POINT ( 'NONE',  ( -3.673940397442080083E-16, -3.000000000000031530, -1.849999999999999645 ) ) ;
#1897 = CARTESIAN_POINT ( 'NONE',  ( -2.878508968398398972E-16, -2.350480947161702971, 3.775000000000001243 ) ) ;
#1898 = CARTESIAN_POINT ( 'NONE',  ( 0.4282286714487967272, -1.822136847597926046, 10.76374999999999815 ) ) ;
#1899 = CARTESIAN_POINT ( 'NONE',  ( -0.9736010864139292842, -2.350480947161702527, -2.287499999999998312 ) ) ;
#1900 = ORIENTED_EDGE ( 'NONE', *, *, #4895, .F. ) ;
#1901 = CARTESIAN_POINT ( 'NONE',  ( -2.159593620790641655, -2.159593620790655866, -9.943749999999999645 ) ) ;
#1902 = ADVANCED_FACE ( 'NONE', ( #4358 ), #3820, .F. ) ;
#1903 = CARTESIAN_POINT ( 'NONE',  ( -2.350480947161686984, -1.582855131317775040E-14, 5.400000000000002132 ) ) ;
#1904 = CARTESIAN_POINT ( 'NONE',  ( -0.9736010864139292842, -2.350480947161701639, -8.287499999999997868 ) ) ;
#1905 = CARTESIAN_POINT ( 'NONE',  ( -0.1551499373679028904, -2.350480947161700751, -12.34999999999999964 ) ) ;
#1906 = CARTESIAN_POINT ( 'NONE',  ( 0.9736010864139287291, -2.350480947161702083, -5.162499999999997868 ) ) ;
#1907 = CARTESIAN_POINT ( 'NONE',  ( 3.000000000000015987, 1.242640687119278109, -5.537500000000000533 ) ) ;
#1908 = CARTESIAN_POINT ( 'NONE',  ( 3.000000000000016431, -1.470190570748229588E-14, -9.475000000000001421 ) ) ;
#1909 = CARTESIAN_POINT ( 'NONE',  ( -1.265060653844739536, -3.054126587736560872, 4.181249999999999467 ) ) ;
#1910 = CARTESIAN_POINT ( 'NONE',  ( -2.878508968398398972E-16, -2.350480947161701639, -7.349999999999998757 ) ) ;
#1911 = CARTESIAN_POINT ( 'NONE',  ( -3.470543478231753047E-16, -2.833913811433713015, 7.054110094322556535 ) ) ;
#1912 = CARTESIAN_POINT ( 'NONE',  ( -0.2178637866089852548, 0.09024213516340447161, 2.608805317272258950 ) ) ;
#1913 = CARTESIAN_POINT ( 'NONE',  ( 1.662041016787808356, 1.662041016787793035, -4.974999999999998757 ) ) ;
#1914 = ORIENTED_EDGE ( 'NONE', *, *, #3018, .T. ) ;
#1915 = CARTESIAN_POINT ( 'NONE',  ( -3.071965366029778544, 0.4970064592694307670, 11.83818864820600503 ) ) ;
#1916 = DIRECTION ( 'NONE',  ( -0.02078751127481445402, -0.1045058763748857172, -0.9943069954385902465 ) ) ;
#1917 = CARTESIAN_POINT ( 'NONE',  ( 0.000000000000000000, 2.350480947161672329, -4.849999999999998757 ) ) ;
#1918 = CARTESIAN_POINT ( 'NONE',  ( 0.9736010864139306165, 2.350480947161670109, 8.212500000000000355 ) ) ;
#1919 = CARTESIAN_POINT ( 'NONE',  ( -0.4002752944748851904, 3.140105338715591721, 11.64091577994597948 ) ) ;
#1920 = CARTESIAN_POINT ( 'NONE',  ( 1.662041016787808356, 1.662041016787793035, -5.849999999999998757 ) ) ;
#1921 = DIRECTION ( 'NONE',  ( 0.000000000000000000, -1.000000000000000000, 0.000000000000000000 ) ) ;
#1922 = CARTESIAN_POINT ( 'NONE',  ( 1.265060653844741090, 3.054126587736527121, 9.618750000000002132 ) ) ;
#1923 = VERTEX_POINT ( 'NONE', #6662 ) ;
#1924 = CARTESIAN_POINT ( 'NONE',  ( 3.057421916954499608, -0.3050373034875539791, 10.75730433123960594 ) ) ;
#1925 = CARTESIAN_POINT ( 'NONE',  ( 3.000000000000015543, -1.242640687119308529, -7.537499999999999645 ) ) ;
#1926 = CARTESIAN_POINT ( 'NONE',  ( 3.054126587736543996, 1.265060653844724436, -1.443750000000000533 ) ) ;
#1927 = DIRECTION ( 'NONE',  ( 0.9238795325112859613, -0.3826834323650916136, 0.000000000000000000 ) ) ;
#1928 = CARTESIAN_POINT ( 'NONE',  ( -2.350480947161686984, 0.9736010864139155174, -12.66249999999999787 ) ) ;
#1929 = CARTESIAN_POINT ( 'NONE',  ( 1.265060653844738425, -3.054126587736560872, -0.7562500000000001998 ) ) ;
#1930 = CARTESIAN_POINT ( 'NONE',  ( -3.673940397442080083E-16, -3.000000000000032419, 4.274999999999999467 ) ) ;
#1931 = ORIENTED_EDGE ( 'NONE', *, *, #2631, .T. ) ;
#1932 = CARTESIAN_POINT ( 'NONE',  ( 2.350480947161686540, -0.9736010864139461596, 2.962500000000001688 ) ) ;
#1933 = CARTESIAN_POINT ( 'NONE',  ( 2.350480947161686540, 0.9736010864139136300, 5.087500000000002132 ) ) ;
#1934 = CARTESIAN_POINT ( 'NONE',  ( 2.350480947161686540, 0.9736010864139157395, -11.91249999999999787 ) ) ;
#1935 =( BOUNDED_CURVE ( )  B_SPLINE_CURVE ( 2, ( #5895, #2982, #6984, #5793, #4692, #5253, #4766, #1693, #2302 ),
 .UNSPECIFIED., .F., .F. ) 
 B_SPLINE_CURVE_WITH_KNOTS ( ( 3, 2, 2, 2, 3 ),
 ( 0.3125000000000001110, 0.3281250000000001110, 0.3437500000000000555, 0.3593750000000000000, 0.3750000000000000000 ),
 .UNSPECIFIED. ) 
 CURVE ( )  GEOMETRIC_REPRESENTATION_ITEM ( )  RATIONAL_B_SPLINE_CURVE ( ( 0.9999999999999994449, 0.9238795325112872936, 1.000000000000000000, 0.9238795325112867385, 1.000000000000000000, 0.9238795325112867385, 1.000000000000000000, 0.9238795325112867385, 1.000000000000000000 ) ) 
 REPRESENTATION_ITEM ( '' )  );
#1936 = CARTESIAN_POINT ( 'NONE',  ( 1.662041016787808356, 1.662041016787793035, -4.974999999999998757 ) ) ;
#1937 = ORIENTED_EDGE ( 'NONE', *, *, #6892, .F. ) ;
#1938 = CARTESIAN_POINT ( 'NONE',  ( 2.159593620790641655, -2.159593620790655866, -10.69374999999999964 ) ) ;
#1939 = CARTESIAN_POINT ( 'NONE',  ( 2.350480947161686984, -1.597562672715585846E-14, 1.900000000000001243 ) ) ;
#1940 = CARTESIAN_POINT ( 'NONE',  ( -2.350480947161686984, 0.9736010864139154064, -11.66249999999999787 ) ) ;
#1941 = CARTESIAN_POINT ( 'NONE',  ( -2.121320343559653931, -2.121320343559670363, 3.149999999999999023 ) ) ;
#1942 = CARTESIAN_POINT ( 'NONE',  ( 0.9736010864139306165, 2.350480947161671441, -1.787499999999998312 ) ) ;
#1943 = DIRECTION ( 'NONE',  ( 0.9945218953682732899, -2.846382064871785983E-15, -0.1045284632676538178 ) ) ;
#1944 = CARTESIAN_POINT ( 'NONE',  ( -3.673940397442080083E-16, -3.000000000000030642, -9.725000000000001421 ) ) ;
#1945 = EDGE_CURVE ( 'NONE', #6717, #5844, #4607, .T. ) ;
#1946 = CARTESIAN_POINT ( 'NONE',  ( -3.054126587736543996, 1.265060653844723770, 4.931250000000000355 ) ) ;
#1947 = CARTESIAN_POINT ( 'NONE',  ( 2.350480947161686540, 0.9736010864139156284, -11.03749999999999787 ) ) ;
#1948 = CARTESIAN_POINT ( 'NONE',  ( 2.121320343559653931, -2.121320343559670363, 3.275000000000000355 ) ) ;
#1949 = CARTESIAN_POINT ( 'NONE',  ( -2.121320343559653931, 2.121320343559638832, 0.9000000000000001332 ) ) ;
#1950 = CARTESIAN_POINT ( 'NONE',  ( -2.159593620790641655, 2.159593620790627444, -11.13124999999999964 ) ) ;
#1951 = VERTEX_POINT ( 'NONE', #1368 ) ;
#1952 = CARTESIAN_POINT ( 'NONE',  ( -1.662041016787808134, -1.662041016787821457, -12.34999999999999787 ) ) ;
#1953 = EDGE_CURVE ( 'NONE', #4774, #3301, #1041, .T. ) ;
#1954 = CYLINDRICAL_SURFACE ( 'NONE', #5169, 3.000000000000001776 ) ;
#1955 = CARTESIAN_POINT ( 'NONE',  ( -2.350480947161686984, -0.9736010864139441612, -1.537499999999998090 ) ) ;
#1956 = CARTESIAN_POINT ( 'NONE',  ( 2.350480947161686540, 0.9736010864139138521, 2.962500000000001688 ) ) ;
#1957 = CARTESIAN_POINT ( 'NONE',  ( 1.242640687119293874, 3.000000000000000888, -3.412499999999999645 ) ) ;
#1958 =( NAMED_UNIT ( * ) SI_UNIT ( $, .STERADIAN. ) SOLID_ANGLE_UNIT ( ) );
#1959 = CARTESIAN_POINT ( 'NONE',  ( -1.662041016787808134, -1.662041016787823455, 3.650000000000001243 ) ) ;
#1960 = EDGE_LOOP ( 'NONE', ( #5211, #5565, #5409, #4943 ) ) ;
#1961 = CARTESIAN_POINT ( 'NONE',  ( -1.598031324568076777E-16, -5.094983803768674030E-15, 10.76374999999999815 ) ) ;
#1962 = FACE_OUTER_BOUND ( 'NONE', #7269, .T. ) ;
#1963 = CARTESIAN_POINT ( 'NONE',  ( 2.159593620790641655, -2.159593620790656754, -4.631249999999999645 ) ) ;
#1964 = CARTESIAN_POINT ( 'NONE',  ( 3.000000000000016431, -1.456413294257821884E-14, -10.59999999999999964 ) ) ;
#1965 = EDGE_CURVE ( 'NONE', #6091, #950, #3113, .T. ) ;
#1966 = CARTESIAN_POINT ( 'NONE',  ( 3.054126587736543996, -1.580254965583595476E-14, -0.5687499999999998668 ) ) ;
#1967 = CARTESIAN_POINT ( 'NONE',  ( 0.000000000000000000, 3.000000000000000888, 1.774999999999999911 ) ) ;
#1968 = ORIENTED_EDGE ( 'NONE', *, *, #2965, .T. ) ;
#1969 = CARTESIAN_POINT ( 'NONE',  ( -2.350480947161686984, 0.9736010864139132970, 4.462500000000002132 ) ) ;
#1970 = CARTESIAN_POINT ( 'NONE',  ( 2.350480947161686540, 0.9736010864139135190, 6.087500000000001243 ) ) ;
#1971 = CARTESIAN_POINT ( 'NONE',  ( 0.000000000000000000, 2.350480947161672773, -9.724999999999997868 ) ) ;
#1972 = VECTOR ( 'NONE', #499, 1000.000000000000000 ) ;
#1973 = CARTESIAN_POINT ( 'NONE',  ( -0.9736010864139290621, 2.350480947161671441, 0.3375000000000017986 ) ) ;
#1974 = ORIENTED_EDGE ( 'NONE', *, *, #6309, .F. ) ;
#1975 = CARTESIAN_POINT ( 'NONE',  ( -2.159593620790641655, 2.159593620790627444, -8.193749999999999645 ) ) ;
#1976 = CARTESIAN_POINT ( 'NONE',  ( 0.9736010864139306165, 2.350480947161670109, 9.087500000000002132 ) ) ;
#1977 = CARTESIAN_POINT ( 'NONE',  ( 2.350480947161686540, 0.9736010864139147403, -4.912499999999998757 ) ) ;
#1978 = CARTESIAN_POINT ( 'NONE',  ( 0.000000000000000000, 9.800066735407961890E-16, -12.34999999999999609 ) ) ;
#1979 = CARTESIAN_POINT ( 'NONE',  ( 0.9736010864139306165, 2.350480947161671441, -2.787499999999997868 ) ) ;
#1980 = ADVANCED_FACE ( 'NONE', ( #4859 ), #7377, .T. ) ;
#1981 = CARTESIAN_POINT ( 'NONE',  ( 2.044095216605290588, 0.3840784068098184734, 10.76374999999999815 ) ) ;
#1982 = CARTESIAN_POINT ( 'NONE',  ( -2.991115787872121512, 0.3824046323609849307, 10.76374999999999815 ) ) ;
#1983 =( BOUNDED_CURVE ( )  B_SPLINE_CURVE ( 2, ( #1538, #2636, #3854, #3320, #5376, #4993, #4414, #2105, #6722 ),
 .UNSPECIFIED., .F., .F. ) 
 B_SPLINE_CURVE_WITH_KNOTS ( ( 3, 2, 2, 2, 3 ),
 ( 0.6250000000000000000, 0.6406250000000000000, 0.6562500000000000000, 0.6718750000000000000, 0.6875000000000000000 ),
 .UNSPECIFIED. ) 
 CURVE ( )  GEOMETRIC_REPRESENTATION_ITEM ( )  RATIONAL_B_SPLINE_CURVE ( ( 1.000000000000000000, 0.9238795325112867385, 1.000000000000000000, 0.9238795325112867385, 1.000000000000000000, 0.9238795325112867385, 1.000000000000000000, 0.9238795325112867385, 1.000000000000000000 ) ) 
 REPRESENTATION_ITEM ( '' )  );
#1984 = EDGE_LOOP ( 'NONE', ( #7132, #1465 ) ) ;
#1985 = CARTESIAN_POINT ( 'NONE',  ( 2.350480947161686984, -1.462851524809377183E-14, -9.099999999999997868 ) ) ;
#1986 = CARTESIAN_POINT ( 'NONE',  ( 0.000000000000000000, -3.000000000000003997, 12.34999999999999964 ) ) ;
#1987 = CARTESIAN_POINT ( 'NONE',  ( 1.265060653844738425, -3.054126587736560428, -7.693750000000001421 ) ) ;
#1988 = ORIENTED_EDGE ( 'NONE', *, *, #5595, .F. ) ;
#1989 = DIRECTION ( 'NONE',  ( 0.000000000000000000, -1.000000000000000000, 0.000000000000000000 ) ) ;
#1990 = CARTESIAN_POINT ( 'NONE',  ( -1.242640687119285436, 3.000000000000009326, -9.287500000000003197 ) ) ;
#1991 = CARTESIAN_POINT ( 'NONE',  ( 0.9736010864139306165, 2.350480947161671441, -3.912499999999998312 ) ) ;
#1992 = CARTESIAN_POINT ( 'NONE',  ( 2.273607123149002707, 0.8729147269004640108, 5.917900099167539452 ) ) ;
#1993 = CARTESIAN_POINT ( 'NONE',  ( 1.242640687119296095, -3.000000000000027089, -3.787499999999998757 ) ) ;
#1994 = AXIS2_PLACEMENT_3D ( 'NONE', #194, #762, #7142 ) ;
#1995 = CARTESIAN_POINT ( 'NONE',  ( -1.662041016787808134, -1.662041016787822345, -5.349999999999997868 ) ) ;
#1996 = CARTESIAN_POINT ( 'NONE',  ( 3.673940397442061840E-16, 2.999999999999999556, 12.34999999999999964 ) ) ;
#1997 = ADVANCED_FACE ( 'NONE', ( #4436 ), #1400, .T. ) ;
#1998 = CARTESIAN_POINT ( 'NONE',  ( -2.350480947161686984, -1.559893003833762200E-14, 3.525000000000002132 ) ) ;
#1999 = ORIENTED_EDGE ( 'NONE', *, *, #2921, .T. ) ;
#2000 = CARTESIAN_POINT ( 'NONE',  ( -3.155785101478134180, -0.4201098582477554855, 11.81363098836951409 ) ) ;
#2001 = CARTESIAN_POINT ( 'NONE',  ( 0.9143889869718571095, 0.8042301465352821310, 10.76374999999999815 ) ) ;
#2002 = CARTESIAN_POINT ( 'NONE',  ( 2.159593620790642099, 2.159593620790626112, -3.381250000000000533 ) ) ;
#2003 = CIRCLE ( 'NONE', #5768, 0.3000000000000007661 ) ;
#2004 = CARTESIAN_POINT ( 'NONE',  ( 3.100900497522145027, 0.4907881307671612126, 11.82881517469530053 ) ) ;
#2005 = VECTOR ( 'NONE', #597, 1000.000000000000114 ) ;
#2006 = CARTESIAN_POINT ( 'NONE',  ( 1.265060653844738425, -3.054126587736560872, 0.2437500000000000777 ) ) ;
#2007 = CARTESIAN_POINT ( 'NONE',  ( 2.350480947161686984, -1.585316204724112647E-14, 0.9000000000000014655 ) ) ;
#2008 = ORIENTED_EDGE ( 'NONE', *, *, #160, .T. ) ;
#2009 = CARTESIAN_POINT ( 'NONE',  ( 2.350480947161686540, 0.9736010864139136300, 5.087500000000002132 ) ) ;
#2010 = CARTESIAN_POINT ( 'NONE',  ( 1.662041016787807912, -1.662041016787824343, 6.900000000000001243 ) ) ;
#2011 = CARTESIAN_POINT ( 'NONE',  ( 2.350480947161686540, 0.9736010864139152954, -7.912499999999998757 ) ) ;
#2012 = ADVANCED_FACE ( 'NONE', ( #6177 ), #5897, .T. ) ;
#2013 = CARTESIAN_POINT ( 'NONE',  ( 0.000000000000000000, 2.350480947161671441, 1.275000000000001910 ) ) ;
#2014 = ORIENTED_EDGE ( 'NONE', *, *, #4039, .F. ) ;
#2015 = CARTESIAN_POINT ( 'NONE',  ( -3.054126587736543996, 1.265060653844724436, -5.131249999999999645 ) ) ;
#2016 = CARTESIAN_POINT ( 'NONE',  ( 2.350480947161686540, 0.9736010864139130749, 8.962500000000000355 ) ) ;
#2017 = CARTESIAN_POINT ( 'NONE',  ( 1.662041016787808356, 1.662041016787793035, -4.849999999999998757 ) ) ;
#2018 = CARTESIAN_POINT ( 'NONE',  ( -1.242640687119292542, -3.000000000000032863, 3.212499999999999023 ) ) ;
#2019 = CARTESIAN_POINT ( 'NONE',  ( -2.350480947161686984, -1.523153599859341656E-14, 0.5250000000000020206 ) ) ;
#2020 = CARTESIAN_POINT ( 'NONE',  ( -2.539087989237231113, 0.2737622902667740665, 6.269371031602332778 ) ) ;
#2021 = CARTESIAN_POINT ( 'NONE',  ( -0.3630634879331213760, -3.108036279359863929, 11.29552256366799234 ) ) ;
#2022 = VERTEX_POINT ( 'NONE', #3046 ) ;
#2023 = CARTESIAN_POINT ( 'NONE',  ( -1.662041016787807912, 1.662041016787793923, -8.724999999999997868 ) ) ;
#2024 = CARTESIAN_POINT ( 'NONE',  ( 0.000000000000000000, 3.000000000000000888, 0.7749999999999999112 ) ) ;
#2025 = CARTESIAN_POINT ( 'NONE',  ( -1.265060653844739091, 3.054126587736530229, -9.193750000000001421 ) ) ;
#2026 = VERTEX_POINT ( 'NONE', #7044 ) ;
#2027 =( BOUNDED_CURVE ( )  B_SPLINE_CURVE ( 2, ( #951, #4472, #1587, #3259, #5080, #5577, #2196, #4545, #3976 ),
 .UNSPECIFIED., .F., .F. ) 
 B_SPLINE_CURVE_WITH_KNOTS ( ( 3, 2, 2, 2, 3 ),
 ( 0.3124999999999999445, 0.3281249999999999445, 0.3437499999999998890, 0.3593749999999998890, 0.3749999999999998890 ),
 .UNSPECIFIED. ) 
 CURVE ( )  GEOMETRIC_REPRESENTATION_ITEM ( )  RATIONAL_B_SPLINE_CURVE ( ( 1.000000000000000222, 0.9238795325112865164, 1.000000000000000000, 0.9238795325112867385, 1.000000000000000000, 0.9238795325112867385, 1.000000000000000000, 0.9238795325112872936, 0.9999999999999994449 ) ) 
 REPRESENTATION_ITEM ( '' )  );
#2028 = CARTESIAN_POINT ( 'NONE',  ( 2.121320343559654820, 2.121320343559637944, 4.525000000000000355 ) ) ;
#2029 = PRODUCT_DEFINITION_SHAPE ( 'NONE', 'NONE',  #3390 ) ;
#2030 = CARTESIAN_POINT ( 'NONE',  ( -0.4399699554494133635, -3.021623086677272862, 11.29552256366799234 ) ) ;
#2031 = CARTESIAN_POINT ( 'NONE',  ( -2.350480947161686984, -1.472636919394513723E-14, -3.599999999999998312 ) ) ;
#2032 = CARTESIAN_POINT ( 'NONE',  ( 0.2178637866089870312, -0.09024213516340000296, 2.608805317272258950 ) ) ;
#2033 = CARTESIAN_POINT ( 'NONE',  ( 3.000000000000015987, 1.242640687119277887, -3.537499999999999645 ) ) ;
#2034 =( LENGTH_UNIT ( ) NAMED_UNIT ( * ) SI_UNIT ( .MILLI., .METRE. ) );
#2035 = CARTESIAN_POINT ( 'NONE',  ( 2.121320343559653931, -2.121320343559669475, -6.724999999999999645 ) ) ;
#2036 = APPROVAL ( #2224, 'UNSPECIFIED' ) ;
#2037 = CARTESIAN_POINT ( 'NONE',  ( 2.159593620790642099, 2.159593620790624779, 9.556250000000000355 ) ) ;
#2038 = ORIENTED_EDGE ( 'NONE', *, *, #103, .F. ) ;
#2039 = CARTESIAN_POINT ( 'NONE',  ( -3.150184611924633948, -0.4422697142960059780, 11.81451908796616124 ) ) ;
#2040 = ADVANCED_FACE ( 'NONE', ( #1828, #2518 ), #5887, .T. ) ;
#2041 = LINE ( 'NONE', #874, #7324 ) ;
#2042 = CARTESIAN_POINT ( 'NONE',  ( -3.740226349862386965E-16, -3.054126587736559539, -3.756250000000000533 ) ) ;
#2043 = CARTESIAN_POINT ( 'NONE',  ( 3.056324624633573794, -0.3162793359103767132, 10.76374999999999815 ) ) ;
#2044 = CARTESIAN_POINT ( 'NONE',  ( -2.159593620790641655, 2.159593620790626556, -0.1937499999999994782 ) ) ;
#2045 = CARTESIAN_POINT ( 'NONE',  ( -2.350480947161686984, -0.9736010864139444942, 1.462500000000002132 ) ) ;
#2046 = ORIENTED_EDGE ( 'NONE', *, *, #4337, .T. ) ;
#2047 = CARTESIAN_POINT ( 'NONE',  ( 0.9736010864139287291, -2.350480947161703416, 4.837500000000001243 ) ) ;
#2048 = CARTESIAN_POINT ( 'NONE',  ( -2.878508968398398972E-16, -2.350480947161701195, -8.224999999999997868 ) ) ;
#2049 = EDGE_CURVE ( 'NONE', #4783, #5311, #1265, .T. ) ;
#2050 = CARTESIAN_POINT ( 'NONE',  ( 0.9736010864139287291, -2.350480947161702083, -5.287499999999997868 ) ) ;
#2051 = EDGE_LOOP ( 'NONE', ( #5262, #2126, #5277, #7378 ) ) ;
#2052 = CARTESIAN_POINT ( 'NONE',  ( -0.9736010864139290621, 2.350480947161673662, -12.66249999999999787 ) ) ;
#2053 = CARTESIAN_POINT ( 'NONE',  ( 2.350480947161686984, -1.683287948655900766E-14, 8.900000000000002132 ) ) ;
#2054 = CARTESIAN_POINT ( 'NONE',  ( -2.350480947161686984, -1.362418707471251774E-14, -12.59999999999999787 ) ) ;
#2055 = CARTESIAN_POINT ( 'NONE',  ( -2.121320343559653931, 2.121320343559638388, 2.900000000000000355 ) ) ;
#2056 = CARTESIAN_POINT ( 'NONE',  ( -2.350480947161686984, -0.9736010864139439391, -2.412499999999998312 ) ) ;
#2057 = CARTESIAN_POINT ( 'NONE',  ( -2.535323580485903339, -0.3945147154796708744, 6.302670651840942995 ) ) ;
#2058 = CARTESIAN_POINT ( 'NONE',  ( -3.046164463648492582, -0.3428103904263173907, 10.76374999999999815 ) ) ;
#2059 = ORIENTED_EDGE ( 'NONE', *, *, #1945, .T. ) ;
#2060 = CARTESIAN_POINT ( 'NONE',  ( -1.134034241299183288, 2.077900505740200465, 12.31976156732215877 ) ) ;
#2061 = CARTESIAN_POINT ( 'NONE',  ( 2.480719737500217015, -0.4063168451983592000, -12.21639915439699031 ) ) ;
#2062 = EDGE_CURVE ( 'NONE', #6913, #6818, #6836, .T. ) ;
#2063 = CARTESIAN_POINT ( 'NONE',  ( -2.044095216605288368, 0.3840784068098404003, 10.76374999999999815 ) ) ;
#2064 = CARTESIAN_POINT ( 'NONE',  ( -2.159593620790641655, -2.159593620790656310, -7.881249999999999645 ) ) ;
#2065 = CARTESIAN_POINT ( 'NONE',  ( -0.4222095120982187200, 3.158792416848472229, 11.84463617510293076 ) ) ;
#2066 = EDGE_LOOP ( 'NONE', ( #5222, #7256, #444, #1518 ) ) ;
#2067 = CARTESIAN_POINT ( 'NONE',  ( -2.878508968398398972E-16, -2.350480947161702971, 4.650000000000001243 ) ) ;
#2068 = CARTESIAN_POINT ( 'NONE',  ( -3.673940397442080083E-16, -3.000000000000032419, 5.150000000000000355 ) ) ;
#2069 = CARTESIAN_POINT ( 'NONE',  ( 2.350480947161686984, -1.597562672715586162E-14, 1.900000000000001465 ) ) ;
#2070 = CARTESIAN_POINT ( 'NONE',  ( -2.159593620790641655, -2.159593620790658086, 7.118749999999999467 ) ) ;
#2071 = CARTESIAN_POINT ( 'NONE',  ( -1.662041016787808134, -1.662041016787822123, -7.349999999999997868 ) ) ;
#2072 = CARTESIAN_POINT ( 'NONE',  ( -3.057421916990167077, -0.3050373035280952716, 10.75730433161556832 ) ) ;
#2073 = CARTESIAN_POINT ( 'NONE',  ( 0.000000000000000000, 2.350480947161673217, -12.84999999999999787 ) ) ;
#2074 =( BOUNDED_CURVE ( )  B_SPLINE_CURVE ( 3, ( #1770, #4155, #1731, #3023 ),
 .UNSPECIFIED., .F., .T. ) 
 B_SPLINE_CURVE_WITH_KNOTS ( ( 4, 4 ),
 ( 2.751161613710440879, 3.532023693469145353 ),
 .UNSPECIFIED. ) 
 CURVE ( )  GEOMETRIC_REPRESENTATION_ITEM ( )  RATIONAL_B_SPLINE_CURVE ( ( 1.000000000000000000, 0.9498300650479261087, 0.9498300650479261087, 1.000000000000000000 ) ) 
 REPRESENTATION_ITEM ( '' )  );
#2075 = VERTEX_POINT ( 'NONE', #3011 ) ;
#2076 = CARTESIAN_POINT ( 'NONE',  ( -0.9736010864139292842, -2.350480947161703416, 7.712500000000002132 ) ) ;
#2077 = ADVANCED_FACE ( 'NONE', ( #2400 ), #141, .T. ) ;
#2078 = ORIENTED_EDGE ( 'NONE', *, *, #478, .F. ) ;
#2079 = CARTESIAN_POINT ( 'NONE',  ( -3.100900497522145915, -0.4907881307671634885, 11.82881517469529875 ) ) ;
#2080 = FACE_OUTER_BOUND ( 'NONE', #4824, .T. ) ;
#2081 = CARTESIAN_POINT ( 'NONE',  ( 0.000000000000000000, 3.054126587736528897, -4.256250000000000533 ) ) ;
#2082 = DIRECTION ( 'NONE',  ( -0.000000000000000000, -1.224646799147353207E-16, 1.000000000000000000 ) ) ;
#2083 = B_SPLINE_CURVE_WITH_KNOTS ( 'NONE', 3,
 ( #5705, #6934, #1155, #4033, #3961, #7424, #626, #2968, #2935, #2251, #593, #5242, #514, #4069, #2899, #2819, #5212, #1750, #6377, #62, #4678, #1679, #6267, #4572, #30, #4609, #2323, #6866, #6826, #5815, #5739, #4103 ),
 .UNSPECIFIED., .F., .F.,
 ( 4, 2, 2, 2, 2, 2, 2, 2, 2, 2, 2, 2, 2, 2, 2, 4 ),
 ( 0.02289406044321157935, 0.02345329217151884485, 0.02401252389982610688, 0.02457175562813337238, 0.02513098735644063789, 0.02569021908474789992, 0.02624945081305516542, 0.02680868254136243092, 0.02736791426966969643, 0.02848637772628422396, 0.02904560945459148946, 0.02960484118289875149, 0.03016407291120602047, 0.03072330463951328250, 0.03128253636782055147, 0.03184176809612781350 ),
 .UNSPECIFIED. ) ;
#2084 = CARTESIAN_POINT ( 'NONE',  ( -3.740226349862386965E-16, -3.054126587736559983, 0.1812499999999999944 ) ) ;
#2085 = CARTESIAN_POINT ( 'NONE',  ( 0.9736010864139287291, -2.350480947161702527, 0.7125000000000013545 ) ) ;
#2086 = EDGE_CURVE ( 'NONE', #2106, #761, #5371, .T. ) ;
#2087 = ORIENTED_EDGE ( 'NONE', *, *, #2141, .T. ) ;
#2088 = CARTESIAN_POINT ( 'NONE',  ( 0.9736010864139306165, 2.350480947161670553, 3.212500000000002132 ) ) ;
#2089 = CARTESIAN_POINT ( 'NONE',  ( -1.662041016787807912, 1.662041016787793701, -7.599999999999997868 ) ) ;
#2090 = CARTESIAN_POINT ( 'NONE',  ( -1.662041016787807912, 1.662041016787793479, -5.724999999999998757 ) ) ;
#2091 = EDGE_LOOP ( 'NONE', ( #1243, #721, #6360, #2432 ) ) ;
#2092 = CARTESIAN_POINT ( 'NONE',  ( -2.350480947161686984, -1.607348067300722386E-14, 7.400000000000002132 ) ) ;
#2093 = CARTESIAN_POINT ( 'NONE',  ( -0.9736010864139292842, -2.350480947161700751, -11.41249999999999787 ) ) ;
#2094 = CARTESIAN_POINT ( 'NONE',  ( 1.654784028927615225, -2.091043225217681822, 6.578145655670463832 ) ) ;
#2095 = CARTESIAN_POINT ( 'NONE',  ( -0.9736010864139290621, 2.350480947161671885, -0.6624999999999982014 ) ) ;
#2096 = EDGE_CURVE ( 'NONE', #1701, #7332, #6189, .T. ) ;
#2097 = FACE_OUTER_BOUND ( 'NONE', #6922, .T. ) ;
#2098 = CARTESIAN_POINT ( 'NONE',  ( -0.3248502992575288406, -3.074843869529766405, 10.94099322423884857 ) ) ;
#2099 = VECTOR ( 'NONE', #6987, 999.9999999999998863 ) ;
#2100 = ORIENTED_EDGE ( 'NONE', *, *, #2062, .F. ) ;
#2101 = CARTESIAN_POINT ( 'NONE',  ( -1.662041016787807912, 1.662041016787793701, -6.724999999999998757 ) ) ;
#2102 = LINE ( 'NONE', #2672, #2869 ) ;
#2103 = CARTESIAN_POINT ( 'NONE',  ( -1.242640687119292098, 3.000000000000001776, -0.2874999999999995337 ) ) ;
#2104 = CARTESIAN_POINT ( 'NONE',  ( 1.265060653844738425, -3.054126587736559539, -9.693750000000001421 ) ) ;
#2105 = CARTESIAN_POINT ( 'NONE',  ( -1.242640687119292542, -3.000000000000031530, -6.912499999999999645 ) ) ;
#2106 = VERTEX_POINT ( 'NONE', #4586 ) ;
#2107 = CARTESIAN_POINT ( 'NONE',  ( 0.000000000000000000, 2.350480947161671441, 2.150000000000001688 ) ) ;
#2108 = EDGE_CURVE ( 'NONE', #2630, #5826, #2766, .T. ) ;
#2109 = CARTESIAN_POINT ( 'NONE',  ( -1.662041016787807912, 1.662041016787793257, -4.599999999999997868 ) ) ;
#2110 = CARTESIAN_POINT ( 'NONE',  ( -2.350480947161686984, -0.9736010864139444942, 0.4625000000000020761 ) ) ;
#2111 = CARTESIAN_POINT ( 'NONE',  ( 2.294266266470494475, -0.7171724357111383119, 5.830325542821169549 ) ) ;
#2112 = CARTESIAN_POINT ( 'NONE',  ( 0.3834273975857728223, -2.982128540515193382, 10.76374999999999815 ) ) ;
#2113 = PERSON_AND_ORGANIZATION_ROLE ( 'creator' ) ;
#2114 = CARTESIAN_POINT ( 'NONE',  ( 2.121320343559654820, 2.121320343559638832, -6.474999999999999645 ) ) ;
#2115 = CARTESIAN_POINT ( 'NONE',  ( 2.350480947161686540, -0.9736010864139444942, -10.16249999999999787 ) ) ;
#2116 = CARTESIAN_POINT ( 'NONE',  ( 1.662041016787808356, 1.662041016787791481, 8.150000000000000355 ) ) ;
#2117 = EDGE_LOOP ( 'NONE', ( #5207, #5353, #2495, #1500 ) ) ;
#2118 = DIRECTION ( 'NONE',  ( -0.000000000000000000, -1.224646799147353207E-16, 1.000000000000000000 ) ) ;
#2119 = CARTESIAN_POINT ( 'NONE',  ( 0.4969619869040699522, 3.148072318399628422, 11.83776552191411469 ) ) ;
#2120 = AXIS2_PLACEMENT_3D ( 'NONE', #7379, #3874, #5765 ) ;
#2121 =( BOUNDED_CURVE ( )  B_SPLINE_CURVE ( 2, ( #6250, #5117, #7406, #3412, #535, #1623, #6773, #7446, #2199 ),
 .UNSPECIFIED., .F., .T. ) 
 B_SPLINE_CURVE_WITH_KNOTS ( ( 3, 2, 2, 2, 3 ),
 ( 0.8750000000000000000, 0.8906250000000000000, 0.9062500000000000000, 0.9218750000000000000, 0.9375000000000000000 ),
 .UNSPECIFIED. ) 
 CURVE ( )  GEOMETRIC_REPRESENTATION_ITEM ( )  RATIONAL_B_SPLINE_CURVE ( ( 1.000000000000000000, 0.9238795325112867385, 1.000000000000000000, 0.9238795325112867385, 1.000000000000000000, 0.9238795325112867385, 1.000000000000000000, 0.9238795325112867385, 1.000000000000000000 ) ) 
 REPRESENTATION_ITEM ( '' )  );
#2122 = CARTESIAN_POINT ( 'NONE',  ( -3.054126587736543996, 1.265060653844723992, -1.068750000000000311 ) ) ;
#2123 = CARTESIAN_POINT ( 'NONE',  ( 2.044095216605290588, 0.3840784068098184734, 10.76374999999999815 ) ) ;
#2124 = CARTESIAN_POINT ( 'NONE',  ( 1.662041016787808356, 1.662041016787792591, -2.849999999999998312 ) ) ;
#2125 = CARTESIAN_POINT ( 'NONE',  ( 2.159593620790642099, 2.159593620790625224, 4.556250000000000355 ) ) ;
#2126 = ORIENTED_EDGE ( 'NONE', *, *, #2527, .T. ) ;
#2127 = AXIS2_PLACEMENT_3D ( 'NONE', #5633, #3962, #6268 ) ;
#2128 = CARTESIAN_POINT ( 'NONE',  ( -2.350480947161686984, -0.9736010864139431620, -8.412499999999997868 ) ) ;
#2129 = EDGE_CURVE ( 'NONE', #7208, #1701, #3691, .T. ) ;
#2130 = CARTESIAN_POINT ( 'NONE',  ( 1.662041016787808356, 1.662041016787792591, -1.974999999999998535 ) ) ;
#2131 = ORIENTED_EDGE ( 'NONE', *, *, #6982, .F. ) ;
#2132 = AXIS2_PLACEMENT_3D ( 'NONE', #2328, #7469, #6381 ) ;
#2133 = CARTESIAN_POINT ( 'NONE',  ( -0.9736010864139290621, 2.350480947161670997, 6.212500000000002132 ) ) ;
#2134 = CARTESIAN_POINT ( 'NONE',  ( -2.350480947161686984, -1.411404579437145833E-14, -8.599999999999997868 ) ) ;
#2135 = VECTOR ( 'NONE', #5391, 999.9999999999998863 ) ;
#2136 = CARTESIAN_POINT ( 'NONE',  ( -0.4966640741418275051, 3.081781509970246802, 11.83493107131888067 ) ) ;
#2137 = CARTESIAN_POINT ( 'NONE',  ( -2.350480947161686984, -0.9736010864139436061, -4.537499999999997868 ) ) ;
#2138 = CARTESIAN_POINT ( 'NONE',  ( -1.242640687119290765, -3.000000000000033307, 3.087500000000000355 ) ) ;
#2139 = CARTESIAN_POINT ( 'NONE',  ( 1.183421894625699800, 0.8695253588932718714, 12.31724921319468180 ) ) ;
#2140 = CIRCLE ( 'NONE', #3356, 3.183625345212382385 ) ;
#2141 = EDGE_CURVE ( 'NONE', #528, #269, #367, .T. ) ;
#2142 = ORIENTED_EDGE ( 'NONE', *, *, #726, .F. ) ;
#2143 = FACE_OUTER_BOUND ( 'NONE', #7382, .T. ) ;
#2144 = CARTESIAN_POINT ( 'NONE',  ( -2.350480947161686984, -1.376195983961659478E-14, -11.47499999999999964 ) ) ;
#2145 = CARTESIAN_POINT ( 'NONE',  ( -3.673940397442080083E-16, -3.000000000000031974, 0.1499999999999999944 ) ) ;
#2146 = CARTESIAN_POINT ( 'NONE',  ( 2.159593620790641655, -2.159593620790656310, -8.631249999999999645 ) ) ;
#2147 = CARTESIAN_POINT ( 'NONE',  ( 0.1855280681813180899, -2.728739622488218775, -11.99626037751177954 ) ) ;
#2148 = ORIENTED_EDGE ( 'NONE', *, *, #530, .T. ) ;
#2149 = CARTESIAN_POINT ( 'NONE',  ( 0.9736010864139306165, 2.350480947161670553, 5.087500000000002132 ) ) ;
#2150 = FACE_OUTER_BOUND ( 'NONE', #6338, .T. ) ;
#2151 = CARTESIAN_POINT ( 'NONE',  ( 1.242640687119287435, 3.000000000000007994, -8.287500000000001421 ) ) ;
#2152 = CARTESIAN_POINT ( 'NONE',  ( 1.058453292898872133, -0.7445567571664514217, 10.76374999999999815 ) ) ;
#2153 = CARTESIAN_POINT ( 'NONE',  ( -2.878508968398398972E-16, -2.350480947161702527, 1.650000000000000799 ) ) ;
#2154 = PERSON_AND_ORGANIZATION_ROLE ( 'creator' ) ;
#2155 = CARTESIAN_POINT ( 'NONE',  ( 0.000000000000000000, 2.070106209874711453E-15, 12.34999999999999964 ) ) ;
#2156 = CARTESIAN_POINT ( 'NONE',  ( 1.189866628898292976E-11, -2.373111318880623877, 5.788065651204538753 ) ) ;
#2157 = ORIENTED_EDGE ( 'NONE', *, *, #358, .F. ) ;
#2158 = CARTESIAN_POINT ( 'NONE',  ( 0.000000000000000000, 2.350480947161670553, 8.275000000000000355 ) ) ;
#2159 = CARTESIAN_POINT ( 'NONE',  ( -2.121320343559653931, 2.121320343559638832, -0.1000000000000000194 ) ) ;
#2160 = CARTESIAN_POINT ( 'NONE',  ( -3.395952163456032459E-16, 0.5507999999999969587, 12.34999999999999964 ) ) ;
#2161 = CARTESIAN_POINT ( 'NONE',  ( -0.8695253588932609912, 1.183421894625707793, 12.31724921319468180 ) ) ;
#2162 = PLANE ( 'NONE',  #4037 ) ;
#2163 = CARTESIAN_POINT ( 'NONE',  ( 0.9736010864139306165, 2.350480947161671441, -1.787499999999998312 ) ) ;
#2164 = CARTESIAN_POINT ( 'NONE',  ( -3.054126587736543996, -1.265060653844755079, 3.993750000000000355 ) ) ;
#2165 = VERTEX_POINT ( 'NONE', #1457 ) ;
#2166 = CARTESIAN_POINT ( 'NONE',  ( 0.4205411099298910771, -3.082321501483672677, 11.11066944647297561 ) ) ;
#2167 = DIRECTION ( 'NONE',  ( 0.9238795325112878487, 0.3826834323650870062, -0.000000000000000000 ) ) ;
#2168 = CARTESIAN_POINT ( 'NONE',  ( -0.9736010864139290621, 2.350480947161671885, -2.787499999999997868 ) ) ;
#2169 = EDGE_LOOP ( 'NONE', ( #4219, #5515, #4377, #1968 ) ) ;
#2170 = CARTESIAN_POINT ( 'NONE',  ( 3.054126587736543996, -1.265060653844756189, 1.431249999999999245 ) ) ;
#2171 = CARTESIAN_POINT ( 'NONE',  ( -2.350480947161686984, 0.9736010864139147403, -7.662499999999999645 ) ) ;
#2172 = CARTESIAN_POINT ( 'NONE',  ( -2.159593620790641655, 2.159593620790627000, -5.193749999999999645 ) ) ;
#2173 = CARTESIAN_POINT ( 'NONE',  ( 0.000000000000000000, 2.350480947161671885, -3.849999999999998312 ) ) ;
#2174 = CARTESIAN_POINT ( 'NONE',  ( 1.189866628898292976E-11, -2.373111318880623877, 5.788065651204538753 ) ) ;
#2175 = CARTESIAN_POINT ( 'NONE',  ( 1.242640687119299647, -3.000000000000023537, -6.662500000000000533 ) ) ;
#2176 = VERTEX_POINT ( 'NONE', #968 ) ;
#2177 = DIRECTION ( 'NONE',  ( -0.1045058763748856201, 0.02078751127481542199, 0.9943069954385902465 ) ) ;
#2178 = CARTESIAN_POINT ( 'NONE',  ( -0.4222095120982516936, -3.158792416848469120, 11.84463617510292899 ) ) ;
#2179 = CARTESIAN_POINT ( 'NONE',  ( 2.971464112645127997, 0.3840784068098190840, 10.76374999999999815 ) ) ;
#2180 = CARTESIAN_POINT ( 'NONE',  ( 2.159593620790641655, -2.159593620790656754, -5.631250000000000533 ) ) ;
#2181 = CARTESIAN_POINT ( 'NONE',  ( -0.4707973867033289350, -3.130631860001524824, 11.81978164122127772 ) ) ;
#2182 = ORIENTED_EDGE ( 'NONE', *, *, #7026, .F. ) ;
#2183 = EDGE_CURVE ( 'NONE', #3641, #3039, #5594, .T. ) ;
#2184 = CARTESIAN_POINT ( 'NONE',  ( 0.9736010864139287291, -2.350480947161703416, 3.712500000000001688 ) ) ;
#2185 = CARTESIAN_POINT ( 'NONE',  ( -1.242640687119289211, -3.000000000000036415, 5.087499999999999467 ) ) ;
#2186 =( BOUNDED_CURVE ( )  B_SPLINE_CURVE ( 2, ( #1547, #5039, #6133, #3253, #4384, #7174, #4313, #7252, #6168 ),
 .UNSPECIFIED., .F., .F. ) 
 B_SPLINE_CURVE_WITH_KNOTS ( ( 3, 2, 2, 2, 3 ),
 ( 0.5000000000000000000, 0.5156250000000000000, 0.5312500000000000000, 0.5468750000000001110, 0.5625000000000001110 ),
 .UNSPECIFIED. ) 
 CURVE ( )  GEOMETRIC_REPRESENTATION_ITEM ( )  RATIONAL_B_SPLINE_CURVE ( ( 1.000000000000000000, 0.9238795325112867385, 1.000000000000000000, 0.9238795325112867385, 1.000000000000000000, 0.9238795325112867385, 1.000000000000000000, 0.9238795325112861834, 1.000000000000000444 ) ) 
 REPRESENTATION_ITEM ( '' )  );
#2187 = CARTESIAN_POINT ( 'NONE',  ( -2.350480947161686984, 0.9736010864139138521, 0.3375000000000017986 ) ) ;
#2188 = CARTESIAN_POINT ( 'NONE',  ( -2.121320343559653931, -2.121320343559669475, -1.974999999999999867 ) ) ;
#2189 = FACE_OUTER_BOUND ( 'NONE', #6105, .T. ) ;
#2190 = DATE_TIME_ROLE ( 'classification_date' ) ;
#2191 = CARTESIAN_POINT ( 'NONE',  ( -2.350480947161686984, -0.9736010864139450494, 6.462500000000001243 ) ) ;
#2192 = CARTESIAN_POINT ( 'NONE',  ( 0.9736010864139287291, -2.350480947161702083, -6.287499999999999645 ) ) ;
#2193 = EDGE_LOOP ( 'NONE', ( #617, #1034, #5637, #6667 ) ) ;
#2194 = CARTESIAN_POINT ( 'NONE',  ( -1.662041016787807912, 1.662041016787791925, 7.400000000000002132 ) ) ;
#2195 = EDGE_CURVE ( 'NONE', #334, #6825, #4641, .T. ) ;
#2196 = CARTESIAN_POINT ( 'NONE',  ( -2.121320343559653931, 2.121320343559639721, -8.099999999999999645 ) ) ;
#2197 = CARTESIAN_POINT ( 'NONE',  ( 0.4222095121929805850, 3.158792416929105507, 11.84463617598279228 ) ) ;
#2198 = CARTESIAN_POINT ( 'NONE',  ( 2.121320343559654820, 2.121320343559638832, -4.350000000000000533 ) ) ;
#2199 = CARTESIAN_POINT ( 'NONE',  ( -3.673940397442080083E-16, -3.000000000000031974, 2.149999999999999911 ) ) ;
#2200 = CARTESIAN_POINT ( 'NONE',  ( 1.265060653844738425, -3.054126587736560428, -6.756250000000000533 ) ) ;
#2201 = CARTESIAN_POINT ( 'NONE',  ( -2.350480947161686984, -0.9736010864139439391, -2.412499999999998312 ) ) ;
#2202 = DIRECTION ( 'NONE',  ( 0.000000000000000000, 1.000000000000000000, 0.000000000000000000 ) ) ;
#2203 = VERTEX_POINT ( 'NONE', #2706 ) ;
#2204 = LINE ( 'NONE', #4518, #3815 ) ;
#2205 = CARTESIAN_POINT ( 'NONE',  ( 2.368031765690937355E-16, -0.3840784068098198056, 10.76374999999999815 ) ) ;
#2206 = CARTESIAN_POINT ( 'NONE',  ( 2.350480947161686984, -1.524083864766745073E-14, -4.099999999999998757 ) ) ;
#2207 = ORIENTED_EDGE ( 'NONE', *, *, #3919, .T. ) ;
#2208 = CARTESIAN_POINT ( 'NONE',  ( 0.000000000000000000, 2.350480947161672329, -6.849999999999998757 ) ) ;
#2209 = CARTESIAN_POINT ( 'NONE',  ( -3.673940397442080083E-16, -3.000000000000032863, 7.275000000000000355 ) ) ;
#2210 = CARTESIAN_POINT ( 'NONE',  ( -2.350480947161686984, 0.9736010864139145182, -3.662499999999997868 ) ) ;
#2211 = DIRECTION ( 'NONE',  ( 0.000000000000000000, -0.9967800569107642117, -0.08018427617041552768 ) ) ;
#2212 = CARTESIAN_POINT ( 'NONE',  ( -0.9736010864139290621, 2.350480947161671441, 1.337500000000002354 ) ) ;
#2213 = ORIENTED_EDGE ( 'NONE', *, *, #1755, .T. ) ;
#2214 = CARTESIAN_POINT ( 'NONE',  ( -2.878508968398398972E-16, -2.350480947161701639, -6.349999999999997868 ) ) ;
#2215 = CARTESIAN_POINT ( 'NONE',  ( -1.662041016787808134, -1.662041016787821679, -10.34999999999999787 ) ) ;
#2216 = DIRECTION ( 'NONE',  ( 0.3805870524817628331, -0.9188184237650803832, -0.1045284632676538455 ) ) ;
#2217 = PLANE ( 'NONE',  #918 ) ;
#2218 = CARTESIAN_POINT ( 'NONE',  ( -0.4970064592694000138, -3.071965366029783429, 11.83818864820600147 ) ) ;
#2219 = CARTESIAN_POINT ( 'NONE',  ( -2.350480947161686984, -1.546115727343354496E-14, 2.400000000000001243 ) ) ;
#2220 = CARTESIAN_POINT ( 'NONE',  ( 1.662041016787807912, -1.662041016787823011, -3.099999999999998312 ) ) ;
#2221 = CARTESIAN_POINT ( 'NONE',  ( 3.000000000000015543, -1.242640687119308529, -8.537499999999999645 ) ) ;
#2222 = EDGE_CURVE ( 'NONE', #6825, #3380, #4010, .T. ) ;
#2223 = CARTESIAN_POINT ( 'NONE',  ( -1.242640687119292098, 3.000000000000000888, 6.712500000000001243 ) ) ;
#2224 = APPROVAL_STATUS ( 'not_yet_approved' ) ;
#2225 = CARTESIAN_POINT ( 'NONE',  ( 2.350480947161686984, -1.646548544681479906E-14, 5.900000000000000355 ) ) ;
#2226 = CARTESIAN_POINT ( 'NONE',  ( 1.662041016787808356, 1.662041016787793479, -8.974999999999997868 ) ) ;
#2227 = ORIENTED_EDGE ( 'NONE', *, *, #5933, .F. ) ;
#2228 = CARTESIAN_POINT ( 'NONE',  ( 0.9736010864139287291, -2.350480947161703860, 6.837500000000002132 ) ) ;
#2229 = DIRECTION ( 'NONE',  ( -8.881784197001252323E-16, -1.000000000000000000, 0.000000000000000000 ) ) ;
#2230 = CARTESIAN_POINT ( 'NONE',  ( 0.3057325481516207089, -3.058033318125265243, 10.76374999999999815 ) ) ;
#2231 = CARTESIAN_POINT ( 'NONE',  ( 1.265060653844738425, -3.054126587736560872, 1.306249999999999467 ) ) ;
#2232 = EDGE_CURVE ( 'NONE', #6294, #3427, #4370, .T. ) ;
#2233 = CARTESIAN_POINT ( 'NONE',  ( 2.121320343559654820, 2.121320343559638388, 0.5250000000000002442 ) ) ;
#2234 = CARTESIAN_POINT ( 'NONE',  ( 1.265060653844741090, 3.054126587736528453, -5.381250000000000533 ) ) ;
#2235 = CARTESIAN_POINT ( 'NONE',  ( 2.350480947161686540, 0.9736010864139145182, -2.912499999999998312 ) ) ;
#2236 = CARTESIAN_POINT ( 'NONE',  ( 2.159593620790641655, -2.159593620790657642, 3.306250000000000355 ) ) ;
#2237 = ORIENTED_EDGE ( 'NONE', *, *, #6273, .F. ) ;
#2238 = CARTESIAN_POINT ( 'NONE',  ( 2.350480947161686540, 0.9736010864139149623, -4.912499999999998757 ) ) ;
#2239 = CARTESIAN_POINT ( 'NONE',  ( 2.350480947161686540, 0.9736010864139145182, -1.037499999999998535 ) ) ;
#2240 = ORIENTED_EDGE ( 'NONE', *, *, #6534, .T. ) ;
#2241 = CARTESIAN_POINT ( 'NONE',  ( -2.350480947161686984, -0.9736010864139430510, -9.537499999999999645 ) ) ;
#2242 = CIRCLE ( 'NONE', #2127, 3.073278406809815344 ) ;
#2243 = CARTESIAN_POINT ( 'NONE',  ( -2.121320343559653931, -2.121320343559670807, 7.150000000000000355 ) ) ;
#2244 = CARTESIAN_POINT ( 'NONE',  ( 0.000000000000000000, 2.350480947161671441, 2.275000000000001688 ) ) ;
#2245 = FACE_OUTER_BOUND ( 'NONE', #3632, .T. ) ;
#2246 = EDGE_CURVE ( 'NONE', #6692, #6497, #4909, .T. ) ;
#2247 = EDGE_CURVE ( 'NONE', #3873, #539, #7313, .T. ) ;
#2248 = VECTOR ( 'NONE', #6473, 1000.000000000000000 ) ;
#2249 = EDGE_LOOP ( 'NONE', ( #6136, #5158, #7154, #3202 ) ) ;
#2250 = VECTOR ( 'NONE', #2167, 1000.000000000000114 ) ;
#2251 = CARTESIAN_POINT ( 'NONE',  ( -2.156780632274907905, 1.826763999854930320, 7.016388169560424437 ) ) ;
#2252 = CARTESIAN_POINT ( 'NONE',  ( 2.350480947161686984, -1.452135865316837542E-14, -9.974999999999997868 ) ) ;
#2253 = CARTESIAN_POINT ( 'NONE',  ( 3.054412875492944934, 0.3251202354753270907, 10.76374999999999815 ) ) ;
#2254 = CARTESIAN_POINT ( 'NONE',  ( 0.000000000000000000, 2.070106209874711453E-15, 10.76374999999999815 ) ) ;
#2255 = CARTESIAN_POINT ( 'NONE',  ( -0.1864762149121682033, 2.689661272342618759, -12.03533872765738089 ) ) ;
#2256 = VECTOR ( 'NONE', #4947, 1000.000000000000000 ) ;
#2257 = CARTESIAN_POINT ( 'NONE',  ( 2.350480947161686540, -0.9736010864139444942, -11.03749999999999787 ) ) ;
#2258 = CARTESIAN_POINT ( 'NONE',  ( 0.9736010864139306165, 2.350480947161671441, -2.787499999999997868 ) ) ;
#2259 = CARTESIAN_POINT ( 'NONE',  ( 0.000000000000000000, 1.734723475976807094E-15, 11.81363098836964909 ) ) ;
#2260 = CARTESIAN_POINT ( 'NONE',  ( -1.242640687119285881, -3.000000000000038636, -1.912499999999999201 ) ) ;
#2261 = DIRECTION ( 'NONE',  ( -0.000000000000000000, -1.224646799147353207E-16, 1.000000000000000000 ) ) ;
#2262 = CC_DESIGN_APPROVAL ( #5232, ( #4570 ) ) ;
#2263 = DATE_AND_TIME ( #4539, #6853 ) ;
#2264 = CARTESIAN_POINT ( 'NONE',  ( -1.662041016787808134, -1.662041016787824121, 7.525000000000001243 ) ) ;
#2265 = CARTESIAN_POINT ( 'NONE',  ( 0.9736010864139287291, -2.350480947161702083, -7.287499999999999645 ) ) ;
#2266 = VERTEX_POINT ( 'NONE', #1569 ) ;
#2267 = CARTESIAN_POINT ( 'NONE',  ( -1.242640687119298981, 2.999999999999995559, -7.162500000000000533 ) ) ;
#2268 = CARTESIAN_POINT ( 'NONE',  ( 0.07307258657245994937, -2.358605773280820106, -12.34999999999999787 ) ) ;
#2269 = DIRECTION ( 'NONE',  ( 0.000000000000000000, -1.000000000000000000, 0.000000000000000000 ) ) ;
#2270 = CARTESIAN_POINT ( 'NONE',  ( -1.163769362633645388, -0.4820490534771522673, 12.34999999999999964 ) ) ;
#2271 = CARTESIAN_POINT ( 'NONE',  ( 1.242640687119301424, -3.000000000000023093, -1.662500000000000089 ) ) ;
#2272 = CARTESIAN_POINT ( 'NONE',  ( 2.159593620790642099, 2.159593620790626556, -6.443749999999999645 ) ) ;
#2273 = CARTESIAN_POINT ( 'NONE',  ( 1.662041016787807912, -1.662041016787823011, -4.099999999999997868 ) ) ;
#2274 = CARTESIAN_POINT ( 'NONE',  ( -1.265060653844739091, 3.054126587736528453, 1.743750000000000355 ) ) ;
#2275 = VERTEX_POINT ( 'NONE', #3805 ) ;
#2276 = FACE_OUTER_BOUND ( 'NONE', #7422, .T. ) ;
#2277 =( BOUNDED_CURVE ( )  B_SPLINE_CURVE ( 2, ( #2787, #1158, #7355, #596, #5101, #3471, #517, #3964, #5742 ),
 .UNSPECIFIED., .F., .F. ) 
 B_SPLINE_CURVE_WITH_KNOTS ( ( 3, 2, 2, 2, 3 ),
 ( 0.3750000000000002220, 0.3906250000000001665, 0.4062500000000001110, 0.4218750000000001110, 0.4375000000000000555 ),
 .UNSPECIFIED. ) 
 CURVE ( )  GEOMETRIC_REPRESENTATION_ITEM ( )  RATIONAL_B_SPLINE_CURVE ( ( 0.9999999999999988898, 0.9238795325112878487, 1.000000000000000000, 0.9238795325112867385, 1.000000000000000000, 0.9238795325112867385, 1.000000000000000000, 0.9238795325112865164, 1.000000000000000222 ) ) 
 REPRESENTATION_ITEM ( '' )  );
#2278 = EDGE_CURVE ( 'NONE', #3093, #5097, #5265, .T. ) ;
#2279 = CARTESIAN_POINT ( 'NONE',  ( 2.350480947161686540, 0.9736010864139149623, -5.912499999999997868 ) ) ;
#2280 = CARTESIAN_POINT ( 'NONE',  ( -0.3710920280353032230, -3.018321721208293784, 10.76374999999999815 ) ) ;
#2281 = CARTESIAN_POINT ( 'NONE',  ( -1.662041016787807912, 1.662041016787793257, -4.724999999999997868 ) ) ;
#2282 = ORIENTED_EDGE ( 'NONE', *, *, #2232, .T. ) ;
#2283 = CARTESIAN_POINT ( 'NONE',  ( -2.878508968398398972E-16, -2.350480947161701195, -8.349999999999997868 ) ) ;
#2284 = DIRECTION ( 'NONE',  ( -1.000000000000000000, 0.000000000000000000, 0.000000000000000000 ) ) ;
#2285 = CARTESIAN_POINT ( 'NONE',  ( 0.000000000000000000, 2.350480947161672329, -4.849999999999998757 ) ) ;
#2286 = CARTESIAN_POINT ( 'NONE',  ( 0.3349682037019268144, 3.050412029386039947, 10.76374999999999815 ) ) ;
#2287 = CARTESIAN_POINT ( 'NONE',  ( 3.143133547082765489, -0.4558050900064581912, 11.81627329366151535 ) ) ;
#2288 = EDGE_CURVE ( 'NONE', #269, #5941, #3284, .T. ) ;
#2289 = ORIENTED_EDGE ( 'NONE', *, *, #3129, .F. ) ;
#2290 = CARTESIAN_POINT ( 'NONE',  ( -1.265060653844739091, 3.054126587736530674, -11.25624999999999964 ) ) ;
#2291 = CARTESIAN_POINT ( 'NONE',  ( -1.662041016787807912, 1.662041016787794367, -12.59999999999999787 ) ) ;
#2292 = CARTESIAN_POINT ( 'NONE',  ( 2.982128540515191162, 0.3834273975857818151, 10.76374999999999815 ) ) ;
#2293 = CARTESIAN_POINT ( 'NONE',  ( -0.4282286714487835155, 1.822136847597927378, 10.76374999999999815 ) ) ;
#2294 = CARTESIAN_POINT ( 'NONE',  ( 1.058453292898873244, 0.7445567571664454265, 10.76374999999999815 ) ) ;
#2295 = EDGE_CURVE ( 'NONE', #6702, #6444, #5521, .T. ) ;
#2296 = CARTESIAN_POINT ( 'NONE',  ( -2.350480947161686984, -1.374665175462725289E-14, -11.59999999999999964 ) ) ;
#2297 = CARTESIAN_POINT ( 'NONE',  ( 0.000000000000000000, 3.000000000000001332, -2.349999999999999645 ) ) ;
#2298 = CARTESIAN_POINT ( 'NONE',  ( -0.9736010864139290621, 2.350480947161670997, 3.212500000000001243 ) ) ;
#2299 = CARTESIAN_POINT ( 'NONE',  ( -0.9736010864139290621, 2.350480947161670553, 7.212500000000001243 ) ) ;
#2300 = CARTESIAN_POINT ( 'NONE',  ( 0.9736010864139287291, -2.350480947161702083, -9.287499999999999645 ) ) ;
#2301 = ORIENTED_EDGE ( 'NONE', *, *, #6042, .T. ) ;
#2302 = CARTESIAN_POINT ( 'NONE',  ( 0.000000000000000000, 3.000000000000001332, -2.349999999999999645 ) ) ;
#2303 = CARTESIAN_POINT ( 'NONE',  ( -2.718282319355526777, -0.2673147964061933779, 6.756568620805563974 ) ) ;
#2304 = CARTESIAN_POINT ( 'NONE',  ( -1.242640687119292098, 3.000000000000001776, -4.162500000000000533 ) ) ;
#2305 = CARTESIAN_POINT ( 'NONE',  ( -0.9736010864139290621, 2.350480947161673217, -8.662499999999997868 ) ) ;
#2306 = CARTESIAN_POINT ( 'NONE',  ( 2.350480947161686540, -0.9736010864139459375, 0.9625000000000014655 ) ) ;
#2307 = CARTESIAN_POINT ( 'NONE',  ( 2.159593620790642099, 2.159593620790624779, 7.556250000000000355 ) ) ;
#2308 = EDGE_LOOP ( 'NONE', ( #5494, #3983, #5078, #3585 ) ) ;
#2309 = CARTESIAN_POINT ( 'NONE',  ( 0.2178637866089857267, 0.09024213516340164054, 2.608805317272259394 ) ) ;
#2310 = EDGE_CURVE ( 'NONE', #1763, #769, #5757, .T. ) ;
#2311 = CARTESIAN_POINT ( 'NONE',  ( 0.4399699554494130860, 3.021623086677271530, 11.29552256366799057 ) ) ;
#2312 = CARTESIAN_POINT ( 'NONE',  ( -1.662041016787807912, 1.662041016787792813, -0.7249999999999982014 ) ) ;
#2313 = ORIENTED_EDGE ( 'NONE', *, *, #6254, .T. ) ;
#2314 = EDGE_CURVE ( 'NONE', #1143, #3873, #1823, .T. ) ;
#2315 = CARTESIAN_POINT ( 'NONE',  ( 3.125570361159256905, 0.3831821918302126262, 11.48214187964951094 ) ) ;
#2316 = CARTESIAN_POINT ( 'NONE',  ( 3.054126587736543996, -1.568008497592121961E-14, -1.568749999999999867 ) ) ;
#2317 = CARTESIAN_POINT ( 'NONE',  ( -1.662041016787807912, 1.662041016787793035, -1.724999999999998312 ) ) ;
#2318 =( BOUNDED_CURVE ( )  B_SPLINE_CURVE ( 2, ( #555, #2864, #7467, #4180, #781, #3538, #1791, #5400, #65 ),
 .UNSPECIFIED., .F., .T. ) 
 B_SPLINE_CURVE_WITH_KNOTS ( ( 3, 2, 2, 2, 3 ),
 ( 0.9375000000000000000, 0.9531250000000000000, 0.9687500000000000000, 0.9843750000000000000, 1.000000000000000000 ),
 .UNSPECIFIED. ) 
 CURVE ( )  GEOMETRIC_REPRESENTATION_ITEM ( )  RATIONAL_B_SPLINE_CURVE ( ( 1.000000000000000000, 0.9238795325112867385, 1.000000000000000000, 0.9238795325112867385, 1.000000000000000000, 0.9238795325112867385, 1.000000000000000000, 0.9238795325112867385, 1.000000000000000000 ) ) 
 REPRESENTATION_ITEM ( '' )  );
#2319 = EDGE_LOOP ( 'NONE', ( #5704, #6349, #3495, #2240 ) ) ;
#2320 = CARTESIAN_POINT ( 'NONE',  ( -0.5981793365594113565, -1.855942136732826597, 12.38072256709985375 ) ) ;
#2321 = CARTESIAN_POINT ( 'NONE',  ( 3.147425500941992915, -0.4470389042088404041, 11.81522884184978572 ) ) ;
#2322 = ORIENTED_EDGE ( 'NONE', *, *, #4039, .T. ) ;
#2323 = CARTESIAN_POINT ( 'NONE',  ( -1.263150101238232681, -2.625655526085978408, 7.256715386840657978 ) ) ;
#2324 = EDGE_CURVE ( 'NONE', #604, #2630, #6149, .T. ) ;
#2325 = CARTESIAN_POINT ( 'NONE',  ( -2.878508968398398972E-16, -2.350480947161701195, -8.224999999999997868 ) ) ;
#2326 = CARTESIAN_POINT ( 'NONE',  ( -2.121320343559653931, 2.121320343559639277, -5.224999999999999645 ) ) ;
#2327 = CARTESIAN_POINT ( 'NONE',  ( -3.673940397442080083E-16, -3.000000000000030642, -9.725000000000001421 ) ) ;
#2328 = CARTESIAN_POINT ( 'NONE',  ( 0.000000000000000000, -1.469286924753909535E-15, 7.649999999999998579 ) ) ;
#2329 = CARTESIAN_POINT ( 'NONE',  ( 3.073278406809817120, 2.070106209874711453E-15, 10.76374999999999815 ) ) ;
#2330 = CARTESIAN_POINT ( 'NONE',  ( -2.350480947161686984, -1.546115727343354496E-14, 2.400000000000001243 ) ) ;
#2331 = CARTESIAN_POINT ( 'NONE',  ( -0.9736010864139292842, -2.350480947161702527, 4.587500000000001243 ) ) ;
#2332 = CARTESIAN_POINT ( 'NONE',  ( 1.662041016787807912, -1.662041016787822567, -8.224999999999999645 ) ) ;
#2333 = VERTEX_POINT ( 'NONE', #5130 ) ;
#2334 = CARTESIAN_POINT ( 'NONE',  ( -0.7445567571664462037, -1.058453292898875686, 10.76374999999999815 ) ) ;
#2335 = EDGE_CURVE ( 'NONE', #2707, #1701, #976, .T. ) ;
#2336 = VECTOR ( 'NONE', #2643, 1000.000000000000000 ) ;
#2337 = FACE_OUTER_BOUND ( 'NONE', #3141, .T. ) ;
#2338 = CARTESIAN_POINT ( 'NONE',  ( -0.3576117855343592389, -2.807821733765817562, 7.029468552276487259 ) ) ;
#2339 = CARTESIAN_POINT ( 'NONE',  ( 2.931808123593954374, -0.2835760369654468094, 7.351938083953871939 ) ) ;
#2340 = CARTESIAN_POINT ( 'NONE',  ( 0.9736010864139287291, -2.350480947161702083, -9.162499999999997868 ) ) ;
#2341 = CARTESIAN_POINT ( 'NONE',  ( -0.9736010864139292842, -2.350480947161702083, -1.287499999999997868 ) ) ;
#2342 = CARTESIAN_POINT ( 'NONE',  ( 3.054126587736543996, -1.265060653844756855, 5.368750000000000355 ) ) ;
#2343 = ORIENTED_EDGE ( 'NONE', *, *, #1869, .F. ) ;
#2344 = CARTESIAN_POINT ( 'NONE',  ( 0.5744240720839399739, -1.851216920838280267, 12.15470632317383348 ) ) ;
#2345 = CARTESIAN_POINT ( 'NONE',  ( -3.740226349862386965E-16, -3.054126587736559095, -5.756250000000000533 ) ) ;
#2346 = FACE_OUTER_BOUND ( 'NONE', #4639, .T. ) ;
#2347 = CARTESIAN_POINT ( 'NONE',  ( 3.048904827491049740, 0.3826289597447041224, 10.74995943236539375 ) ) ;
#2348 = CARTESIAN_POINT ( 'NONE',  ( -3.054126587736543996, -1.265060653844753524, -5.006249999999999645 ) ) ;
#2349 = CARTESIAN_POINT ( 'NONE',  ( -1.662041016787808134, -1.662041016787823011, -0.4749999999999979794 ) ) ;
#2350 = ORIENTED_EDGE ( 'NONE', *, *, #7359, .T. ) ;
#2351 = CARTESIAN_POINT ( 'NONE',  ( -3.000000000000015987, 1.242640687119276111, 5.962500000000000355 ) ) ;
#2352 = CARTESIAN_POINT ( 'NONE',  ( -1.662041016787807912, 1.662041016787792147, 5.400000000000002132 ) ) ;
#2353 = VERTEX_POINT ( 'NONE', #5672 ) ;
#2354 = VECTOR ( 'NONE', #4701, 1000.000000000000000 ) ;
#2355 = DIRECTION ( 'NONE',  ( 0.000000000000000000, -1.000000000000000000, 0.000000000000000000 ) ) ;
#2356 = CARTESIAN_POINT ( 'NONE',  ( -1.662041016787808134, -1.662041016787822123, -7.349999999999997868 ) ) ;
#2357 = DIRECTION ( 'NONE',  ( 1.224646799147353207E-16, 1.000000000000000000, 0.000000000000000000 ) ) ;
#2358 = CARTESIAN_POINT ( 'NONE',  ( -2.878508968398398972E-16, -2.350480947161701639, -5.224999999999998757 ) ) ;
#2359 = FACE_OUTER_BOUND ( 'NONE', #4662, .T. ) ;
#2360 = CIRCLE ( 'NONE', #5644, 3.050799999999997070 ) ;
#2361 = ADVANCED_FACE ( 'NONE', ( #437 ), #5630, .T. ) ;
#2362 = CARTESIAN_POINT ( 'NONE',  ( -3.054126587736543996, -1.265060653844755079, 4.056249999999999467 ) ) ;
#2363 = CARTESIAN_POINT ( 'NONE',  ( 1.662041016787808356, 1.662041016787793923, -11.97499999999999787 ) ) ;
#2364 = DIRECTION ( 'NONE',  ( 0.000000000000000000, 0.000000000000000000, 1.000000000000000000 ) ) ;
#2365 = AXIS2_PLACEMENT_3D ( 'NONE', #2823, #1159, #6795 ) ;
#2366 = DIRECTION ( 'NONE',  ( -0.9188184237650744990, 0.3805870524817768774, -0.1045284632676537623 ) ) ;
#2367 = CARTESIAN_POINT ( 'NONE',  ( -3.054126587736543996, -1.265060653844752636, -11.94375000000000142 ) ) ;
#2368 = ORIENTED_EDGE ( 'NONE', *, *, #2831, .T. ) ;
#2369 = VECTOR ( 'NONE', #789, 1000.000000000000000 ) ;
#2370 = CARTESIAN_POINT ( 'NONE',  ( -3.673940397442080083E-16, -3.000000000000032419, 5.150000000000000355 ) ) ;
#2371 = CARTESIAN_POINT ( 'NONE',  ( -3.673940397442080083E-16, -3.000000000000031086, -5.849999999999999645 ) ) ;
#2372 = AXIS2_PLACEMENT_3D ( 'NONE', #3858, #2755, #5035 ) ;
#2373 = CARTESIAN_POINT ( 'NONE',  ( -2.350480947161686984, -1.558362195334828011E-14, 3.400000000000001688 ) ) ;
#2374 = CARTESIAN_POINT ( 'NONE',  ( -3.130631860001518607, 0.4707973867033604654, 11.81978164122127950 ) ) ;
#2375 = CARTESIAN_POINT ( 'NONE',  ( 0.000000000000000000, 2.350480947161672773, -8.724999999999997868 ) ) ;
#2376 = B_SPLINE_CURVE_WITH_KNOTS ( 'NONE', 3,
 ( #3783, #1919, #6615, #265, #6052, #7250, #4311 ),
 .UNSPECIFIED., .F., .F.,
 ( 4, 3, 4 ),
 ( 0.000000000000000000, 0.0005233034761060707200, 0.001060489861268786504 ),
 .UNSPECIFIED. ) ;
#2377 = CARTESIAN_POINT ( 'NONE',  ( 1.662041016787807912, -1.662041016787823455, -0.09999999999999853451 ) ) ;
#2378 = CARTESIAN_POINT ( 'NONE',  ( 2.159593620790642099, 2.159593620790625224, 5.556250000000000355 ) ) ;
#2379 = ORIENTED_EDGE ( 'NONE', *, *, #1031, .F. ) ;
#2380 = CARTESIAN_POINT ( 'NONE',  ( -3.673940397442080083E-16, -3.000000000000032863, 6.274999999999998579 ) ) ;
#2381 = CARTESIAN_POINT ( 'NONE',  ( 0.4027075457408863524, 2.988323639973838652, 10.94099441725850852 ) ) ;
#2382 = CARTESIAN_POINT ( 'NONE',  ( 2.350480947161686540, -0.9736010864139459375, 0.8375000000000014655 ) ) ;
#2383 = CARTESIAN_POINT ( 'NONE',  ( -3.673940397442080083E-16, -3.000000000000031086, -5.849999999999999645 ) ) ;
#2384 = ADVANCED_FACE ( 'NONE', ( #4490 ), #2519, .T. ) ;
#2385 = CARTESIAN_POINT ( 'NONE',  ( 2.350480947161686984, -1.511837396775271558E-14, -5.099999999999998757 ) ) ;
#2386 = CARTESIAN_POINT ( 'NONE',  ( 2.159593620790642099, 2.159593620790626556, -4.443749999999999645 ) ) ;
#2387 = CARTESIAN_POINT ( 'NONE',  ( 0.9736010864139287291, -2.350480947161702083, -3.287499999999998312 ) ) ;
#2388 = EDGE_LOOP ( 'NONE', ( #3912, #3528, #429 ) ) ;
#2389 = CARTESIAN_POINT ( 'NONE',  ( 2.121320343559653931, -2.121320343559669919, -1.724999999999999645 ) ) ;
#2390 = CARTESIAN_POINT ( 'NONE',  ( 0.9736010864139306165, 2.350480947161670553, 3.212500000000001243 ) ) ;
#2391 = CARTESIAN_POINT ( 'NONE',  ( 0.9736010864139287291, -2.350480947161701639, -12.16249999999999787 ) ) ;
#2392 = B_SPLINE_CURVE_WITH_KNOTS ( 'NONE', 3,
 ( #1274, #3511, #5755, #147, #6947, #571, #712 ),
 .UNSPECIFIED., .F., .F.,
 ( 4, 3, 4 ),
 ( 0.000000000000000000, 0.0005479726153433501449, 0.001085021823248778425 ),
 .UNSPECIFIED. ) ;
#2393 = CARTESIAN_POINT ( 'NONE',  ( -0.9736010864139292842, -2.350480947161702527, -1.287499999999997868 ) ) ;
#2394 = ORIENTED_EDGE ( 'NONE', *, *, #6071, .T. ) ;
#2395 = CARTESIAN_POINT ( 'NONE',  ( -3.054126587736543996, 1.265060653844725103, -11.13125000000000142 ) ) ;
#2396 = CARTESIAN_POINT ( 'NONE',  ( 2.350480947161686984, -1.501121737282731917E-14, -5.974999999999998757 ) ) ;
#2397 = CARTESIAN_POINT ( 'NONE',  ( 1.242640687119293874, -3.000000000000031086, 1.337499999999999911 ) ) ;
#2398 = CARTESIAN_POINT ( 'NONE',  ( 2.350480947161686540, 0.9736010864139146292, -3.912499999999998312 ) ) ;
#2399 = CARTESIAN_POINT ( 'NONE',  ( -2.841305833924435031, -0.3108547337559383061, -11.87290323835019024 ) ) ;
#2400 = FACE_OUTER_BOUND ( 'NONE', #2117, .T. ) ;
#2401 = CARTESIAN_POINT ( 'NONE',  ( -3.054126587736543996, -1.573571416788918916E-14, 4.993750000000000355 ) ) ;
#2402 = LINE ( 'NONE', #3401, #4684 ) ;
#2403 = CARTESIAN_POINT ( 'NONE',  ( -3.673940397442080083E-16, -3.000000000000032419, 4.149999999999999467 ) ) ;
#2404 = CARTESIAN_POINT ( 'NONE',  ( 0.4282286714488032220, 1.822136847597924270, 10.76374999999999815 ) ) ;
#2405 = CARTESIAN_POINT ( 'NONE',  ( -3.054126587736543996, -1.265060653844752414, -12.94374999999999964 ) ) ;
#2406 = ADVANCED_FACE ( 'NONE', ( #5930 ), #1872, .T. ) ;
#2407 = ORIENTED_EDGE ( 'NONE', *, *, #6901, .F. ) ;
#2408 = CYLINDRICAL_SURFACE ( 'NONE', #7186, 3.000000000000001776 ) ;
#2409 = CARTESIAN_POINT ( 'NONE',  ( 2.121320343559653931, -2.121320343559670807, 3.399999999999999467 ) ) ;
#2410 = CARTESIAN_POINT ( 'NONE',  ( -3.673940397442080083E-16, -3.000000000000031086, -4.850000000000000533 ) ) ;
#2411 = CARTESIAN_POINT ( 'NONE',  ( 0.000000000000000000, 2.350480947161670553, 8.275000000000000355 ) ) ;
#2412 = CARTESIAN_POINT ( 'NONE',  ( 3.071965366029783429, 0.4970064592693989036, 11.83818864820600503 ) ) ;
#2413 = CARTESIAN_POINT ( 'NONE',  ( 1.662041016787807912, -1.662041016787822123, -10.09999999999999787 ) ) ;
#2414 = ADVANCED_FACE ( 'NONE', ( #3051 ), #7191, .T. ) ;
#2415 = CARTESIAN_POINT ( 'NONE',  ( 2.350480947161686984, -1.574600545231573006E-14, 0.02500000000000158346 ) ) ;
#2416 = CARTESIAN_POINT ( 'NONE',  ( -3.740226349862386965E-16, -3.054126587736560872, 8.181250000000000355 ) ) ;
#2417 = EDGE_LOOP ( 'NONE', ( #5203, #4815, #6471, #4918 ) ) ;
#2418 = CARTESIAN_POINT ( 'NONE',  ( 0.9075116177811405338, -2.176334261783455570, 5.725889215912936869 ) ) ;
#2419 = CARTESIAN_POINT ( 'NONE',  ( 0.000000000000000000, 3.000000000000002220, -8.349999999999999645 ) ) ;
#2420 = CARTESIAN_POINT ( 'NONE',  ( -2.878508968398398972E-16, -2.350480947161702527, 1.650000000000001243 ) ) ;
#2421 = LINE ( 'NONE', #765, #4645 ) ;
#2422 =( BOUNDED_CURVE ( )  B_SPLINE_CURVE ( 2, ( #3742, #2597, #7209, #5447, #3168, #3700, #2028, #295, #6084 ),
 .UNSPECIFIED., .F., .F. ) 
 B_SPLINE_CURVE_WITH_KNOTS ( ( 3, 2, 2, 2, 3 ),
 ( 0.3124999999999999445, 0.3281249999999999445, 0.3437500000000000000, 0.3593750000000000000, 0.3750000000000000000 ),
 .UNSPECIFIED. ) 
 CURVE ( )  GEOMETRIC_REPRESENTATION_ITEM ( )  RATIONAL_B_SPLINE_CURVE ( ( 1.000000000000000222, 0.9238795325112865164, 1.000000000000000000, 0.9238795325112867385, 1.000000000000000000, 0.9238795325112867385, 1.000000000000000000, 0.9238795325112867385, 1.000000000000000000 ) ) 
 REPRESENTATION_ITEM ( '' )  );
#2423 = CARTESIAN_POINT ( 'NONE',  ( 2.121320343559654820, 2.121320343559637944, 2.649999999999999911 ) ) ;
#2424 = CARTESIAN_POINT ( 'NONE',  ( -3.054126587736543996, 1.265060653844723992, -1.131249999999999423 ) ) ;
#2425 = CARTESIAN_POINT ( 'NONE',  ( 1.662041016787807912, -1.662041016787823011, -3.224999999999998312 ) ) ;
#2426 = ORIENTED_EDGE ( 'NONE', *, *, #7114, .T. ) ;
#2427 = CARTESIAN_POINT ( 'NONE',  ( -0.4850518783822825308, -2.312912883823456056, 5.725889215912944863 ) ) ;
#2428 = CARTESIAN_POINT ( 'NONE',  ( -2.878508968398398972E-16, -2.350480947161702527, 2.775000000000001243 ) ) ;
#2429 = CARTESIAN_POINT ( 'NONE',  ( -2.350480947161686984, -0.9736010864139449383, 5.462500000000000355 ) ) ;
#2430 = EDGE_CURVE ( 'NONE', #3848, #3269, #3944, .T. ) ;
#2431 = CARTESIAN_POINT ( 'NONE',  ( 0.9736010864139306165, 2.350480947161671441, -0.7874999999999983125 ) ) ;
#2432 = ORIENTED_EDGE ( 'NONE', *, *, #3018, .F. ) ;
#2433 = CARTESIAN_POINT ( 'NONE',  ( 3.054126587736543996, -1.494529689643280556E-14, -7.568749999999999645 ) ) ;
#2434 = CARTESIAN_POINT ( 'NONE',  ( -2.350480947161686984, -1.425181855927553537E-14, -7.474999999999997868 ) ) ;
#2435 = LINE ( 'NONE', #1790, #3950 ) ;
#2436 = CARTESIAN_POINT ( 'NONE',  ( 2.350480947161686984, -1.513368205274205432E-14, -4.974999999999998757 ) ) ;
#2437 = CARTESIAN_POINT ( 'NONE',  ( -0.4652957277608876230, 3.066428107647711403E-15, 2.682494925704429267 ) ) ;
#2438 = CARTESIAN_POINT ( 'NONE',  ( 3.000000000000016431, -1.592655250662965367E-14, 0.5249999999999996891 ) ) ;
#2439 = CARTESIAN_POINT ( 'NONE',  ( 3.054126587736543996, -1.642252709790430302E-14, 4.493749999999999467 ) ) ;
#2440 = CARTESIAN_POINT ( 'NONE',  ( -0.9736010864139290621, 2.350480947161673217, -9.787499999999999645 ) ) ;
#2441 = CARTESIAN_POINT ( 'NONE',  ( 1.242640687119280551, 3.000000000000015099, -11.28750000000000142 ) ) ;
#2442 = B_SPLINE_CURVE_WITH_KNOTS ( 'NONE', 3,
 ( #5193, #1801, #2338, #4117, #11, #6882, #3549, #3481, #4153, #6423, #5860, #677, #3445, #1696, #4730, #3589, #2303, #5898, #1171, #5225, #715, #1137, #5758, #4622, #574, #6917, #1730, #5797, #42, #2448, #1430, #1355 ),
 .UNSPECIFIED., .F., .F.,
 ( 4, 2, 2, 2, 2, 2, 2, 2, 2, 2, 2, 2, 2, 2, 2, 4 ),
 ( 0.006604073463800002979, 0.007138452097301376149, 0.007672830730802749320, 0.008207209364304121624, 0.008741587997805494795, 0.009275966631306867966, 0.009810345264808242871, 0.01034472389830961431, 0.01087910253181098921, 0.01141348116531236238, 0.01194785979881373555, 0.01301661706581648190, 0.01355099569931785507, 0.01408537433281922824, 0.01461975296632059967, 0.01515413159982197458 ),
 .UNSPECIFIED. ) ;
#2443 = CARTESIAN_POINT ( 'NONE',  ( -1.265060653844739091, 3.054126587736530229, -10.19375000000000142 ) ) ;
#2444 = ORIENTED_EDGE ( 'NONE', *, *, #2669, .T. ) ;
#2445 = CARTESIAN_POINT ( 'NONE',  ( 0.000000000000000000, -9.368548013477250272E-16, 7.649999999999998579 ) ) ;
#2446 = EDGE_CURVE ( 'NONE', #6781, #6913, #4919, .T. ) ;
#2447 = CYLINDRICAL_SURFACE ( 'NONE', #4074, 3.000000000000001776 ) ;
#2448 = CARTESIAN_POINT ( 'NONE',  ( -0.3566474638336740166, 2.594823797086596606, 6.447742732999762083 ) ) ;
#2449 = CARTESIAN_POINT ( 'NONE',  ( -0.9736010864139292842, -2.350480947161703416, 8.712500000000002132 ) ) ;
#2450 = CARTESIAN_POINT ( 'NONE',  ( 2.622488260269543403, 1.455508706944222297, 7.473412033979900393 ) ) ;
#2451 = CARTESIAN_POINT ( 'NONE',  ( 2.350480947161686540, -0.9736010864139447163, -8.037499999999999645 ) ) ;
#2452 = CARTESIAN_POINT ( 'NONE',  ( 1.971828134431059754, -2.239016618644275702, -11.74748312057665878 ) ) ;
#2453 = CARTESIAN_POINT ( 'NONE',  ( 2.159593620790641655, -2.159593620790658530, 7.306249999999999467 ) ) ;
#2454 = ORIENTED_EDGE ( 'NONE', *, *, #3304, .T. ) ;
#2455 = DIRECTION ( 'NONE',  ( -0.000000000000000000, -1.224646799147353207E-16, 1.000000000000000000 ) ) ;
#2456 = EDGE_CURVE ( 'NONE', #656, #6011, #1737, .T. ) ;
#2457 = CARTESIAN_POINT ( 'NONE',  ( 0.7445567571664459816, 1.058453292898873022, 10.76374999999999815 ) ) ;
#2458 = CARTESIAN_POINT ( 'NONE',  ( 1.662041016787807912, -1.662041016787823455, -0.2249999999999986455 ) ) ;
#2459 = CARTESIAN_POINT ( 'NONE',  ( 0.000000000000000000, 3.000000000000001332, -1.225000000000000089 ) ) ;
#2460 = CARTESIAN_POINT ( 'NONE',  ( -3.054126587736543996, -1.265060653844753968, -2.006249999999999645 ) ) ;
#2461 = CARTESIAN_POINT ( 'NONE',  ( 0.9736010864139287291, -2.350480947161702527, -0.2874999999999987010 ) ) ;
#2462 = VERTEX_POINT ( 'NONE', #2404 ) ;
#2463 = CARTESIAN_POINT ( 'NONE',  ( -0.9736010864139290621, 2.350480947161671441, 2.337500000000001688 ) ) ;
#2464 = CARTESIAN_POINT ( 'NONE',  ( 2.350480947161686540, 0.9736010864139139631, 2.087500000000001688 ) ) ;
#2465 = DIRECTION ( 'NONE',  ( 0.000000000000000000, -1.000000000000000000, 0.000000000000000000 ) ) ;
#2466 =( BOUNDED_CURVE ( )  B_SPLINE_CURVE ( 3, ( #1799, #4727, #72, #2334 ),
 .UNSPECIFIED., .F., .F. ) 
 B_SPLINE_CURVE_WITH_KNOTS ( ( 4, 4 ),
 ( 2.751161613710442655, 3.532023693469146242 ),
 .UNSPECIFIED. ) 
 CURVE ( )  GEOMETRIC_REPRESENTATION_ITEM ( )  RATIONAL_B_SPLINE_CURVE ( ( 1.000000000000000000, 0.9498300650479262197, 0.9498300650479262197, 1.000000000000000000 ) ) 
 REPRESENTATION_ITEM ( '' )  );
#2467 = CARTESIAN_POINT ( 'NONE',  ( 0.9736010864139306165, 2.350480947161671441, -1.787499999999998312 ) ) ;
#2468 = ORIENTED_EDGE ( 'NONE', *, *, #3737, .F. ) ;
#2469 = CARTESIAN_POINT ( 'NONE',  ( -3.054126587736543996, 1.265060653844724881, -9.131250000000003197 ) ) ;
#2470 = CARTESIAN_POINT ( 'NONE',  ( -1.662041016787807912, 1.662041016787792369, 2.275000000000001688 ) ) ;
#2471 = CARTESIAN_POINT ( 'NONE',  ( 2.350480947161686984, -1.488875269291258087E-14, -6.974999999999998757 ) ) ;
#2472 = DIRECTION ( 'NONE',  ( 2.131628207280300558E-14, -1.000000000000000000, 0.000000000000000000 ) ) ;
#2473 = CARTESIAN_POINT ( 'NONE',  ( -0.9228531685151870612, 1.036641778415229531, 12.25158252684686211 ) ) ;
#2474 = CARTESIAN_POINT ( 'NONE',  ( -1.419589305703228943, -2.591750214507027472, -11.77583376413667615 ) ) ;
#2475 = CARTESIAN_POINT ( 'NONE',  ( -2.121320343559653931, 2.121320343559639277, -7.100000000000000533 ) ) ;
#2476 = CIRCLE ( 'NONE', #672, 9.713516018797381690 ) ;
#2477 = CARTESIAN_POINT ( 'NONE',  ( 2.159593620790641655, -2.159593620790658086, 4.368749999999999467 ) ) ;
#2478 = CARTESIAN_POINT ( 'NONE',  ( -1.662041016787808134, -1.662041016787822123, -7.474999999999997868 ) ) ;
#2479 = CARTESIAN_POINT ( 'NONE',  ( 0.000000000000000000, -3.000000000000003997, 12.34999999999999964 ) ) ;
#2480 = DIRECTION ( 'NONE',  ( 0.000000000000000000, 0.000000000000000000, -1.000000000000000000 ) ) ;
#2481 = CARTESIAN_POINT ( 'NONE',  ( -1.265060653844739536, -3.054126587736557763, -11.81874999999999964 ) ) ;
#2482 = ORIENTED_EDGE ( 'NONE', *, *, #124, .T. ) ;
#2483 = AXIS2_PLACEMENT_3D ( 'NONE', #6787, #1604, #4064 ) ;
#2484 = CARTESIAN_POINT ( 'NONE',  ( 0.4945301565105499342, -3.091699671808945560, 11.83171823620718222 ) ) ;
#2485 = DIRECTION ( 'NONE',  ( -0.000000000000000000, -1.224646799147353207E-16, 1.000000000000000000 ) ) ;
#2486 = AXIS2_PLACEMENT_3D ( 'NONE', #6905, #34, #5102 ) ;
#2487 = CARTESIAN_POINT ( 'NONE',  ( -2.350480947161686984, -0.9736010864139436061, -4.537499999999997868 ) ) ;
#2488 = CARTESIAN_POINT ( 'NONE',  ( -2.350480947161686984, 0.9736010864139136300, 2.337500000000001688 ) ) ;
#2489 = CARTESIAN_POINT ( 'NONE',  ( 0.000000000000000000, -2.044870920353165796E-15, 12.34999999999999964 ) ) ;
#2490 = VECTOR ( 'NONE', #557, 1000.000000000000000 ) ;
#2491 = CARTESIAN_POINT ( 'NONE',  ( 0.000000000000000000, 2.350480947161672329, -5.724999999999998757 ) ) ;
#2492 = VECTOR ( 'NONE', #4537, 999.9999999999998863 ) ;
#2493 = CARTESIAN_POINT ( 'NONE',  ( -3.039212496907503169, 0.4595844439517041136, 11.48214195586165687 ) ) ;
#2494 = CARTESIAN_POINT ( 'NONE',  ( -2.350480947161686984, -0.9736010864139444942, 2.587500000000001243 ) ) ;
#2495 = ORIENTED_EDGE ( 'NONE', *, *, #5620, .F. ) ;
#2496 = DIRECTION ( 'NONE',  ( 0.000000000000000000, -1.000000000000000000, 0.000000000000000000 ) ) ;
#2497 = CIRCLE ( 'NONE', #2622, 9.705139063893135187 ) ;
#2498 = CARTESIAN_POINT ( 'NONE',  ( -3.673940397442080083E-16, -3.000000000000032419, 4.149999999999999467 ) ) ;
#2499 = CARTESIAN_POINT ( 'NONE',  ( -3.054126587736543996, 1.265060653844724214, -3.068750000000000533 ) ) ;
#2500 = CARTESIAN_POINT ( 'NONE',  ( 3.673940397442061840E-16, 2.999999999999999556, 12.34999999999999964 ) ) ;
#2501 = CARTESIAN_POINT ( 'NONE',  ( -0.9736010864139292842, -2.350480947161700751, -12.41249999999999787 ) ) ;
#2502 = CARTESIAN_POINT ( 'NONE',  ( -3.054126587736543996, -1.265060653844754412, 1.993750000000000577 ) ) ;
#2503 = CARTESIAN_POINT ( 'NONE',  ( -2.121320343559653931, 2.121320343559638832, 1.900000000000000133 ) ) ;
#2504 = EDGE_CURVE ( 'NONE', #683, #5367, #4422, .T. ) ;
#2505 = ORIENTED_EDGE ( 'NONE', *, *, #4496, .F. ) ;
#2506 = CARTESIAN_POINT ( 'NONE',  ( 3.582545006821692742E-15, -1.571416937540668701E-15, 12.34999999999999964 ) ) ;
#2507 = CARTESIAN_POINT ( 'NONE',  ( -0.9736010864139292842, -2.350480947161702527, 4.712500000000001243 ) ) ;
#2508 = CARTESIAN_POINT ( 'NONE',  ( -3.673940397442080083E-16, -3.000000000000031530, -1.849999999999999645 ) ) ;
#2509 = CARTESIAN_POINT ( 'NONE',  ( 2.350480947161686540, 0.9736010864139147403, -5.037499999999998757 ) ) ;
#2510 = ORIENTED_EDGE ( 'NONE', *, *, #3108, .T. ) ;
#2511 = CARTESIAN_POINT ( 'NONE',  ( 2.159593620790642099, 2.159593620790627000, -9.443750000000001421 ) ) ;
#2512 = CARTESIAN_POINT ( 'NONE',  ( -2.350480947161686984, -0.9736010864139449383, 5.462500000000000355 ) ) ;
#2513 = CARTESIAN_POINT ( 'NONE',  ( 2.350480947161686540, -0.9736010864139444942, -11.16249999999999964 ) ) ;
#2514 = CARTESIAN_POINT ( 'NONE',  ( 2.688122347275709423, -0.2955199788761722623, 6.682273319115042298 ) ) ;
#2515 = CARTESIAN_POINT ( 'NONE',  ( 2.350480947161686540, -0.9736010864139451604, -5.037499999999998757 ) ) ;
#2516 = EDGE_CURVE ( 'NONE', #7351, #2106, #3294, .T. ) ;
#2517 = DIRECTION ( 'NONE',  ( -0.000000000000000000, -1.224646799147353207E-16, 1.000000000000000000 ) ) ;
#2518 = FACE_OUTER_BOUND ( 'NONE', #1984, .T. ) ;
#2519 =( BOUNDED_SURFACE ( )  B_SPLINE_SURFACE ( 1, 2, ( 
 ( #5096, #2212, #2817, #4526, #1638, #1079, #3389, #512, #7421, #167, #1221, #5349, #4134, #2464, #3643, #4674, #1297, #733, #3605, #5916, #95, #3497, #4747, #3530, #2428, #5846, #1187, #6479, #5313, #7034, #2933, #2390, #6440, #1856, #623, #4170, #4784, #5952, #3036, #7073, #1897, #1818, #5240, #696, #4214, #6516, #3075, #1335, #1255, #2964, #771, #5389, #5875, #4100, #207, #2507, #658, #4826, #5275, #3001, #7113, #1933, #6375, #4711, #5813, #58, #2352, #6970, #1786, #6407, #7001, #3565, #132, #811, #4252, #3116, #5429, #1970, #6553, #1371, #3680, #7151, #244, #2542, #277, #3721, #5465, #4862, #5990, #4285, #2010, #7185, #1409, #4326, #6589, #4900, #6029, #846, #3150, #2579, #6629, #1446, #3759, #6065, #4695, #3058, #1279, #1880, #6574, #716, #1238, #1918, #2411, #5373, #754, #116, #4236, #5861, #5297, #2449, #3664, #3550, #6501, #678, #2986, #187, #5830, #6537, #4732 ),
 ( #5974, #2530, #5414, #7020, #793, #5333, #6986, #4198, #1356, #1803, #3100, #4769, #231, #4118, #3022, #6424, #7056, #4810, #7098, #2488, #1838, #4154, #4848, #2948, #3514, #6461, #3590, #5899, #7136, #1956, #151, #4274, #641, #5257, #1319, #76, #2373, #3627, #5937, #491, #2796, #5, #38, #1761, #3478, #5790, #1724, #4043, #6241, #3327, #3931, #1616, #6279, #5646, #4078, #2331, #5109, #2760, #1058, #1689, #3405, #4583, #3369, #456, #4617, #3972, #1656, #5076, #1093, #7366, #5686, #6347, #6910, #602, #7398, #1164, #2225, #6385, #4006, #565, #4540, #6876, #6838, #3438, #5717, #2191, #526, #6314, #1130, #5749, #2910, #2874, #5220, #4652, #5187, #2829, #6943, #2299, #4504, #5144, #6802, #7436, #2264, #4148, #5892, #709, #747, #6455, #1349, #5326, #1270, #1232, #3657, #4803, #225, #3015, #3618, #2523, #2978, #3543, #4841, #6980, #1796, #4267, #1833, #1198, #6495, #5824, #6531 ) ),
 .UNSPECIFIED., .F., .F., .T. ) 
 B_SPLINE_SURFACE_WITH_KNOTS ( ( 2, 2 ),
 ( 3, 2, 2, 2, 2, 2, 2, 2, 2, 2, 2, 2, 2, 2, 2, 2, 2, 2, 2, 2, 2, 2, 2, 2, 2, 2, 2, 2, 2, 2, 2, 2, 2, 2, 2, 2, 2, 2, 2, 2, 2, 2, 2, 2, 2, 2, 2, 2, 2, 2, 2, 2, 2, 2, 2, 2, 2, 2, 2, 2, 2, 2, 2, 2, 3 ),
 ( 0.000000000000000000, 1.000000000000000000 ),
 ( 0.000000000000000000, 0.01562500000000000000, 0.03125000000000000000, 0.04687500000000000000, 0.06250000000000000000, 0.07812500000000000000, 0.09375000000000000000, 0.1093750000000000000, 0.1250000000000000000, 0.1406250000000000000, 0.1562500000000000000, 0.1718750000000000000, 0.1875000000000000000, 0.2031250000000000000, 0.2187500000000000000, 0.2343750000000000000, 0.2500000000000000000, 0.2656250000000000000, 0.2812500000000000000, 0.2968750000000000000, 0.3125000000000000000, 0.3281250000000000000, 0.3437500000000000000, 0.3593750000000000000, 0.3750000000000000000, 0.3906250000000000000, 0.4062500000000000000, 0.4218750000000000000, 0.4375000000000000000, 0.4531250000000000000, 0.4687500000000000000, 0.4843750000000000000, 0.5000000000000000000, 0.5156250000000000000, 0.5312500000000000000, 0.5468750000000000000, 0.5625000000000000000, 0.5781250000000000000, 0.5937500000000000000, 0.6093750000000000000, 0.6250000000000000000, 0.6406250000000000000, 0.6562500000000000000, 0.6718750000000000000, 0.6875000000000000000, 0.7031250000000000000, 0.7187500000000000000, 0.7343750000000000000, 0.7500000000000000000, 0.7656250000000000000, 0.7812500000000000000, 0.7968750000000000000, 0.8125000000000000000, 0.8281250000000000000, 0.8437500000000000000, 0.8593750000000000000, 0.8750000000000000000, 0.8906250000000000000, 0.9062500000000000000, 0.9218750000000000000, 0.9375000000000000000, 0.9531250000000000000, 0.9687500000000000000, 0.9843750000000000000, 1.000000000000000000 ),
 .UNSPECIFIED. ) 
 GEOMETRIC_REPRESENTATION_ITEM ( )  RATIONAL_B_SPLINE_SURFACE ( (
 ( 1.000000000000000000, 0.9238795325112867385, 1.000000000000000000, 0.9238795325112867385, 1.000000000000000000, 0.9238795325112867385, 1.000000000000000000, 0.9238795325112867385, 1.000000000000000000, 0.9238795325112867385, 1.000000000000000000, 0.9238795325112867385, 1.000000000000000000, 0.9238795325112867385, 1.000000000000000000, 0.9238795325112867385, 1.000000000000000000, 0.9238795325112867385, 1.000000000000000000, 0.9238795325112867385, 1.000000000000000000, 0.9238795325112867385, 1.000000000000000000, 0.9238795325112867385, 1.000000000000000000, 0.9238795325112867385, 1.000000000000000000, 0.9238795325112867385, 1.000000000000000000, 0.9238795325112867385, 1.000000000000000000, 0.9238795325112867385, 1.000000000000000000, 0.9238795325112867385, 1.000000000000000000, 0.9238795325112867385, 1.000000000000000000, 0.9238795325112867385, 1.000000000000000000, 0.9238795325112867385, 1.000000000000000000, 0.9238795325112867385, 1.000000000000000000, 0.9238795325112867385, 1.000000000000000000, 0.9238795325112867385, 1.000000000000000000, 0.9238795325112867385, 1.000000000000000000, 0.9238795325112867385, 1.000000000000000000, 0.9238795325112867385, 1.000000000000000000, 0.9238795325112867385, 1.000000000000000000, 0.9238795325112867385, 1.000000000000000000, 0.9238795325112867385, 1.000000000000000000, 0.9238795325112867385, 1.000000000000000000, 0.9238795325112867385, 1.000000000000000000, 0.9238795325112867385, 1.000000000000000000, 0.9238795325112867385, 1.000000000000000000, 0.9238795325112867385, 1.000000000000000000, 0.9238795325112867385, 1.000000000000000000, 0.9238795325112867385, 1.000000000000000000, 0.9238795325112867385, 1.000000000000000000, 0.9238795325112867385, 1.000000000000000000, 0.9238795325112867385, 1.000000000000000000, 0.9238795325112867385, 1.000000000000000000, 0.9238795325112867385, 1.000000000000000000, 0.9238795325112867385, 1.000000000000000000, 0.9238795325112867385, 1.000000000000000000, 0.9238795325112867385, 1.000000000000000000, 0.9238795325112867385, 1.000000000000000000, 0.9238795325112867385, 1.000000000000000000, 0.9238795325112867385, 1.000000000000000000, 0.9238795325112867385, 1.000000000000000000, 0.9238795325112867385, 1.000000000000000000, 0.9238795325112867385, 1.000000000000000000, 0.9238795325112867385, 1.000000000000000000, 0.9238795325112867385, 1.000000000000000000, 0.9238795325112867385, 1.000000000000000000, 0.9238795325112867385, 1.000000000000000000, 0.9238795325112867385, 1.000000000000000000, 0.9238795325112867385, 1.000000000000000000, 0.9238795325112867385, 1.000000000000000000, 0.9238795325112867385, 1.000000000000000000, 0.9238795325112867385, 1.000000000000000000, 0.9238795325112867385, 1.000000000000000000, 0.9238795325112867385, 1.000000000000000000, 0.9238795325112867385, 1.000000000000000000, 0.9238795325112867385, 1.000000000000000000, 0.9238795325112867385, 1.000000000000000000),
 ( 1.000000000000000000, 0.9238795325112867385, 1.000000000000000000, 0.9238795325112867385, 1.000000000000000000, 0.9238795325112867385, 1.000000000000000000, 0.9238795325112867385, 1.000000000000000000, 0.9238795325112867385, 1.000000000000000000, 0.9238795325112867385, 1.000000000000000000, 0.9238795325112867385, 1.000000000000000000, 0.9238795325112867385, 1.000000000000000000, 0.9238795325112867385, 1.000000000000000000, 0.9238795325112867385, 1.000000000000000000, 0.9238795325112867385, 1.000000000000000000, 0.9238795325112867385, 1.000000000000000000, 0.9238795325112867385, 1.000000000000000000, 0.9238795325112867385, 1.000000000000000000, 0.9238795325112867385, 1.000000000000000000, 0.9238795325112867385, 1.000000000000000000, 0.9238795325112867385, 1.000000000000000000, 0.9238795325112867385, 1.000000000000000000, 0.9238795325112867385, 1.000000000000000000, 0.9238795325112867385, 1.000000000000000000, 0.9238795325112867385, 1.000000000000000000, 0.9238795325112867385, 1.000000000000000000, 0.9238795325112867385, 1.000000000000000000, 0.9238795325112867385, 1.000000000000000000, 0.9238795325112867385, 1.000000000000000000, 0.9238795325112867385, 1.000000000000000000, 0.9238795325112867385, 1.000000000000000000, 0.9238795325112867385, 1.000000000000000000, 0.9238795325112867385, 1.000000000000000000, 0.9238795325112867385, 1.000000000000000000, 0.9238795325112867385, 1.000000000000000000, 0.9238795325112867385, 1.000000000000000000, 0.9238795325112867385, 1.000000000000000000, 0.9238795325112867385, 1.000000000000000000, 0.9238795325112867385, 1.000000000000000000, 0.9238795325112867385, 1.000000000000000000, 0.9238795325112867385, 1.000000000000000000, 0.9238795325112867385, 1.000000000000000000, 0.9238795325112867385, 1.000000000000000000, 0.9238795325112867385, 1.000000000000000000, 0.9238795325112867385, 1.000000000000000000, 0.9238795325112867385, 1.000000000000000000, 0.9238795325112867385, 1.000000000000000000, 0.9238795325112867385, 1.000000000000000000, 0.9238795325112867385, 1.000000000000000000, 0.9238795325112867385, 1.000000000000000000, 0.9238795325112867385, 1.000000000000000000, 0.9238795325112867385, 1.000000000000000000, 0.9238795325112867385, 1.000000000000000000, 0.9238795325112867385, 1.000000000000000000, 0.9238795325112867385, 1.000000000000000000, 0.9238795325112867385, 1.000000000000000000, 0.9238795325112867385, 1.000000000000000000, 0.9238795325112867385, 1.000000000000000000, 0.9238795325112867385, 1.000000000000000000, 0.9238795325112867385, 1.000000000000000000, 0.9238795325112867385, 1.000000000000000000, 0.9238795325112867385, 1.000000000000000000, 0.9238795325112867385, 1.000000000000000000, 0.9238795325112867385, 1.000000000000000000, 0.9238795325112867385, 1.000000000000000000, 0.9238795325112867385, 1.000000000000000000, 0.9238795325112867385, 1.000000000000000000, 0.9238795325112867385, 1.000000000000000000) ) ) 
 REPRESENTATION_ITEM ( '' )  SURFACE ( )  );
#2520 = CARTESIAN_POINT ( 'NONE',  ( 0.000000000000000000, 3.054126587736528009, 5.743749999999999467 ) ) ;
#2521 = CARTESIAN_POINT ( 'NONE',  ( 0.9736010864139287291, -2.350480947161702527, -10.28749999999999787 ) ) ;
#2522 = CARTESIAN_POINT ( 'NONE',  ( -3.673940397442080083E-16, -3.000000000000031974, 3.149999999999999911 ) ) ;
#2523 = CARTESIAN_POINT ( 'NONE',  ( -2.350480947161686984, -0.9736010864139452714, 8.462500000000000355 ) ) ;
#2524 = CARTESIAN_POINT ( 'NONE',  ( -3.054126587736543996, -1.265060653844752636, -10.94374999999999964 ) ) ;
#2525 = ORIENTED_EDGE ( 'NONE', *, *, #6003, .T. ) ;
#2526 = CARTESIAN_POINT ( 'NONE',  ( 0.4599814375623729190, -3.140406665209072745, 11.81699852180753574 ) ) ;
#2527 = EDGE_CURVE ( 'NONE', #5306, #383, #3851, .T. ) ;
#2528 = CARTESIAN_POINT ( 'NONE',  ( 2.076360577286916698, 0.5462873287922423993, 12.30706480146733384 ) ) ;
#2529 = CARTESIAN_POINT ( 'NONE',  ( 2.350480947161686984, -1.548576800749692103E-14, -2.099999999999998757 ) ) ;
#2530 = CARTESIAN_POINT ( 'NONE',  ( -0.9736010864139290621, 2.350480947161671441, 1.212500000000002132 ) ) ;
#2531 = CARTESIAN_POINT ( 'NONE',  ( -3.673940397442080083E-16, -3.000000000000031086, -3.849999999999999645 ) ) ;
#2532 = CARTESIAN_POINT ( 'NONE',  ( 0.000000000000000000, 2.350480947161670997, 3.275000000000001688 ) ) ;
#2533 = ORIENTED_EDGE ( 'NONE', *, *, #5819, .F. ) ;
#2534 = CARTESIAN_POINT ( 'NONE',  ( 3.091799826931092010, -0.3441256606735476065, 11.11969350725440719 ) ) ;
#2535 = DIRECTION ( 'NONE',  ( -0.000000000000000000, -0.000000000000000000, 1.000000000000000000 ) ) ;
#2536 = CARTESIAN_POINT ( 'NONE',  ( 1.265060653844738425, -3.054126587736560872, -2.693750000000000533 ) ) ;
#2537 = CARTESIAN_POINT ( 'NONE',  ( 3.155595111206027426, 0.4213453062242327740, 11.81363967714851348 ) ) ;
#2538 = CARTESIAN_POINT ( 'NONE',  ( 3.054126587736543996, -1.265060653844756411, 1.368750000000000133 ) ) ;
#2539 = DIRECTION ( 'NONE',  ( 0.000000000000000000, 0.000000000000000000, 1.000000000000000000 ) ) ;
#2540 = ORIENTED_EDGE ( 'NONE', *, *, #4080, .T. ) ;
#2541 = CARTESIAN_POINT ( 'NONE',  ( -2.350480947161686984, -1.584385939816709230E-14, 5.525000000000002132 ) ) ;
#2542 = CARTESIAN_POINT ( 'NONE',  ( -2.350480947161686984, 0.9736010864139130749, 6.462500000000002132 ) ) ;
#2543 = CARTESIAN_POINT ( 'NONE',  ( 1.662041016787808356, 1.662041016787793479, -8.849999999999997868 ) ) ;
#2544 = CARTESIAN_POINT ( 'NONE',  ( -0.9736010864139292842, -2.350480947161702527, -0.2874999999999978129 ) ) ;
#2545 = VERTEX_POINT ( 'NONE', #371 ) ;
#2546 = CARTESIAN_POINT ( 'NONE',  ( -2.159593620790641655, -2.159593620790655866, -8.943749999999999645 ) ) ;
#2547 = CARTESIAN_POINT ( 'NONE',  ( 1.662041016787808356, 1.662041016787791703, 5.025000000000002132 ) ) ;
#2548 = CARTESIAN_POINT ( 'NONE',  ( -1.662041016787808134, -1.662041016787821679, -10.47499999999999787 ) ) ;
#2549 = DIRECTION ( 'NONE',  ( -0.000000000000000000, -1.224646799147353207E-16, 1.000000000000000000 ) ) ;
#2550 = CARTESIAN_POINT ( 'NONE',  ( -1.662041016787807912, 1.662041016787792813, 0.4000000000000019096 ) ) ;
#2551 = CARTESIAN_POINT ( 'NONE',  ( 0.000000000000000000, -2.044870920353165796E-15, 12.34999999999999964 ) ) ;
#2552 = CARTESIAN_POINT ( 'NONE',  ( -3.040449911526540649, -0.3510658276060406591, 10.76374999999999815 ) ) ;
#2553 = B_SPLINE_CURVE_WITH_KNOTS ( 'NONE', 3,
 ( #5999, #7196, #819, #3766, #3802, #2665, #4367, #3688, #6037, #7272 ),
 .UNSPECIFIED., .F., .F.,
 ( 4, 2, 2, 2, 4 ),
 ( 0.002272437369190525788, 0.002839728539846752501, 0.003407019710502979214, 0.003974310881159206360, 0.004541602051815432639 ),
 .UNSPECIFIED. ) ;
#2554 = ADVANCED_FACE ( 'NONE', ( #7242 ), #861, .T. ) ;
#2555 = ORIENTED_EDGE ( 'NONE', *, *, #222, .T. ) ;
#2556 = CARTESIAN_POINT ( 'NONE',  ( 1.662041016787808356, 1.662041016787793479, -9.974999999999997868 ) ) ;
#2557 = CARTESIAN_POINT ( 'NONE',  ( -1.240227950011348172E-13, 2.683012701892227625, -12.04198729810777735 ) ) ;
#2558 = CARTESIAN_POINT ( 'NONE',  ( 2.356742245648080658, 0.8923818299306497392, 6.177363537130871052 ) ) ;
#2559 = CARTESIAN_POINT ( 'NONE',  ( 0.000000000000000000, 3.054126587736529785, -9.256250000000001421 ) ) ;
#2560 = ORIENTED_EDGE ( 'NONE', *, *, #4125, .T. ) ;
#2561 =( BOUNDED_SURFACE ( )  B_SPLINE_SURFACE ( 3, 2, ( 
 ( #3997, #2862, #2178 ),
 ( #1680, #553, #4610 ),
 ( #440, #5177, #6304 ),
 ( #3316, #404, #1007 ) ),
 .UNSPECIFIED., .F., .F., .F. ) 
 B_SPLINE_SURFACE_WITH_KNOTS ( ( 4, 4 ),
 ( 3, 3 ),
 ( 0.002048936869926255930, 0.003146975347669619429 ),
 ( 0.000000000000000000, 1.000000000000000000 ),
 .UNSPECIFIED. ) 
 GEOMETRIC_REPRESENTATION_ITEM ( )  RATIONAL_B_SPLINE_SURFACE ( (
 ( 1.000000000000000000, 0.7556328946028634252, 1.000000000000000000),
 ( 1.000000000000000000, 0.7521437361520186826, 1.000000000000000000),
 ( 1.000000000000000000, 0.7485026146018703974, 1.000000000000000000),
 ( 1.000000000000000000, 0.7446872030721586322, 1.000000000000000000) ) ) 
 REPRESENTATION_ITEM ( '' )  SURFACE ( )  );
#2562 = FACE_OUTER_BOUND ( 'NONE', #2417, .T. ) ;
#2563 = CARTESIAN_POINT ( 'NONE',  ( 0.000000000000000000, 1.734723475976807094E-15, 2.633590374065734707 ) ) ;
#2564 = CARTESIAN_POINT ( 'NONE',  ( -1.662041016787808134, -1.662041016787822789, -1.474999999999998090 ) ) ;
#2565 = CARTESIAN_POINT ( 'NONE',  ( -1.265060653844739536, -3.054126587736560872, 8.181249999999998579 ) ) ;
#2566 = CARTESIAN_POINT ( 'NONE',  ( 1.662041016787807912, -1.662041016787822789, -6.099999999999998757 ) ) ;
#2567 = CARTESIAN_POINT ( 'NONE',  ( 3.000000000000015543, -1.242640687119309861, 6.337500000000000355 ) ) ;
#2568 = CARTESIAN_POINT ( 'NONE',  ( -2.350480947161686984, 0.9736010864139137411, 1.462500000000001465 ) ) ;
#2569 = EDGE_CURVE ( 'NONE', #4879, #2695, #4891, .T. ) ;
#2570 = ORIENTED_EDGE ( 'NONE', *, *, #6569, .T. ) ;
#2571 = CYLINDRICAL_SURFACE ( 'NONE', #1634, 3.000000000000001776 ) ;
#2572 = CARTESIAN_POINT ( 'NONE',  ( 0.000000000000000000, 3.000000000000001776, -7.224999999999999645 ) ) ;
#2573 = CARTESIAN_POINT ( 'NONE',  ( 3.054126587736543996, -1.265060653844755523, -4.568750000000002309 ) ) ;
#2574 = CARTESIAN_POINT ( 'NONE',  ( 2.121320343559654820, 2.121320343559639277, -10.47499999999999964 ) ) ;
#2575 = CARTESIAN_POINT ( 'NONE',  ( -3.740226349862386965E-16, -3.054126587736559539, -0.8187499999999992006 ) ) ;
#2576 = CARTESIAN_POINT ( 'NONE',  ( 1.662041016787808356, 1.662041016787792147, 2.025000000000001688 ) ) ;
#2577 = VERTEX_POINT ( 'NONE', #2593 ) ;
#2578 = CARTESIAN_POINT ( 'NONE',  ( -1.662041016787808134, -1.662041016787823455, 3.650000000000001243 ) ) ;
#2579 = CARTESIAN_POINT ( 'NONE',  ( -2.350480947161686984, 0.9736010864139130749, 7.462500000000002132 ) ) ;
#2580 = CARTESIAN_POINT ( 'NONE',  ( -1.662041016787808134, -1.662041016787821901, -8.349999999999997868 ) ) ;
#2581 = CARTESIAN_POINT ( 'NONE',  ( -2.350480947161686984, 0.9736010864139145182, -5.662499999999997868 ) ) ;
#2582 = ORIENTED_EDGE ( 'NONE', *, *, #4451, .F. ) ;
#2583 = CARTESIAN_POINT ( 'NONE',  ( -3.054126587736543996, -1.425848396641769801E-14, -7.068749999999999645 ) ) ;
#2584 = CARTESIAN_POINT ( 'NONE',  ( -0.9736010864139290621, 2.350480947161670553, 7.212500000000001243 ) ) ;
#2585 = CARTESIAN_POINT ( 'NONE',  ( -2.350480947161686984, -1.386911643454198803E-14, -10.59999999999999787 ) ) ;
#2586 = CARTESIAN_POINT ( 'NONE',  ( -3.673940397442080083E-16, -3.000000000000032863, 7.149999999999999467 ) ) ;
#2587 = CARTESIAN_POINT ( 'NONE',  ( 1.662041016787808356, 1.662041016787792369, -0.8499999999999983125 ) ) ;
#2588 = CARTESIAN_POINT ( 'NONE',  ( -3.000000000000015987, -1.242640687119308085, 2.962500000000000799 ) ) ;
#2589 = CARTESIAN_POINT ( 'NONE',  ( -0.3439604872179971573, -3.091509112269796411, 11.11825110038119391 ) ) ;
#2590 = ORIENTED_EDGE ( 'NONE', *, *, #3317, .T. ) ;
#2591 = CARTESIAN_POINT ( 'NONE',  ( -2.350480947161686984, -0.9736010864139430510, -10.53749999999999787 ) ) ;
#2592 = CARTESIAN_POINT ( 'NONE',  ( 0.7875697806968222636, 2.538467362459475574, -12.07208000136986037 ) ) ;
#2593 = CARTESIAN_POINT ( 'NONE',  ( -1.826849601716540983, -1.517644732046387945, -12.34999999999999964 ) ) ;
#2594 = CARTESIAN_POINT ( 'NONE',  ( -3.054126587736543996, 1.265060653844724659, -6.068750000000000533 ) ) ;
#2595 = ORIENTED_EDGE ( 'NONE', *, *, #883, .F. ) ;
#2596 = EDGE_CURVE ( 'NONE', #6281, #4528, #4300, .T. ) ;
#2597 = CARTESIAN_POINT ( 'NONE',  ( 1.242640687119287879, -3.000000000000036859, 4.212499999999999467 ) ) ;
#2598 = CARTESIAN_POINT ( 'NONE',  ( -2.121320343559653931, 2.121320343559639721, -9.225000000000001421 ) ) ;
#2599 = CARTESIAN_POINT ( 'NONE',  ( -1.662041016787807912, 1.662041016787793035, -1.724999999999998312 ) ) ;
#2600 = DIRECTION ( 'NONE',  ( 0.9188184237650772745, -0.3805870524817706602, -0.1045284632676538733 ) ) ;
#2601 = CARTESIAN_POINT ( 'NONE',  ( 2.121320343559654820, 2.121320343559638832, -3.474999999999999645 ) ) ;
#2602 = VECTOR ( 'NONE', #648, 1000.000000000000000 ) ;
#2603 = CARTESIAN_POINT ( 'NONE',  ( -3.039212498339707746, -0.4595844455879171120, 11.48214197142945814 ) ) ;
#2604 = CARTESIAN_POINT ( 'NONE',  ( 2.159593620790641655, -2.159593620790658530, 9.306250000000000355 ) ) ;
#2605 = EDGE_CURVE ( 'NONE', #6556, #6290, #6950, .T. ) ;
#2606 = ORIENTED_EDGE ( 'NONE', *, *, #1202, .F. ) ;
#2607 = CARTESIAN_POINT ( 'NONE',  ( 3.072558534747843684, -0.4976841216532683632, 11.84463617510292899 ) ) ;
#2608 = AXIS2_PLACEMENT_3D ( 'NONE', #4688, #181, #2480 ) ;
#2609 = CARTESIAN_POINT ( 'NONE',  ( -2.121320343559653931, 2.121320343559638388, 3.900000000000000355 ) ) ;
#2610 = VECTOR ( 'NONE', #6233, 999.9999999999998863 ) ;
#2611 = CARTESIAN_POINT ( 'NONE',  ( -1.265060653844739536, -3.054126587736559095, -4.818750000000000533 ) ) ;
#2612 = CARTESIAN_POINT ( 'NONE',  ( 0.5462873287922441756, 2.076360577286916254, 12.30706480146733384 ) ) ;
#2613 = CONICAL_SURFACE ( 'NONE', #1286, 3.050799999999997070, 0.3490658503988666728 ) ;
#2614 = CARTESIAN_POINT ( 'NONE',  ( 3.054126587736543996, -1.265060653844756189, -0.6312499999999998668 ) ) ;
#2615 = CARTESIAN_POINT ( 'NONE',  ( 0.9736010864139306165, 2.350480947161670997, 2.087500000000001688 ) ) ;
#2616 = ORIENTED_EDGE ( 'NONE', *, *, #424, .T. ) ;
#2617 = CARTESIAN_POINT ( 'NONE',  ( 1.662041016787807912, -1.662041016787823899, 2.900000000000001688 ) ) ;
#2618 = AXIS2_PLACEMENT_3D ( 'NONE', #2060, #2177, #5098 ) ;
#2619 = CARTESIAN_POINT ( 'NONE',  ( -2.350480947161686984, -0.9736010864139430510, -10.41249999999999787 ) ) ;
#2620 = CARTESIAN_POINT ( 'NONE',  ( 2.350480947161686540, -0.9736010864139458265, 0.9625000000000015765 ) ) ;
#2621 = EDGE_LOOP ( 'NONE', ( #5146, #694, #2078, #71 ) ) ;
#2622 = AXIS2_PLACEMENT_3D ( 'NONE', #942, #486, #2791 ) ;
#2623 = CARTESIAN_POINT ( 'NONE',  ( 3.054126587736543996, -1.265060653844755523, -5.631250000000000533 ) ) ;
#2624 = CARTESIAN_POINT ( 'NONE',  ( 2.350480947161686540, 0.9736010864139135190, 5.962500000000001243 ) ) ;
#2625 = CARTESIAN_POINT ( 'NONE',  ( -0.9736010864139290621, 2.350480947161673217, -10.78749999999999787 ) ) ;
#2626 = CARTESIAN_POINT ( 'NONE',  ( 0.000000000000000000, -3.000000000000003997, 12.34999999999999964 ) ) ;
#2627 = CARTESIAN_POINT ( 'NONE',  ( -1.662041016787808134, -1.662041016787822789, -1.349999999999997868 ) ) ;
#2628 = CARTESIAN_POINT ( 'NONE',  ( -2.475094226806236364, 0.6030457521791330322, 6.252013714736245120 ) ) ;
#2629 = CARTESIAN_POINT ( 'NONE',  ( -3.018321721208288899, 0.3710920280353332545, 10.76374999999999815 ) ) ;
#2630 = VERTEX_POINT ( 'NONE', #2673 ) ;
#2631 = EDGE_CURVE ( 'NONE', #1450, #528, #4846, .T. ) ;
#2632 = CARTESIAN_POINT ( 'NONE',  ( 0.000000000000000000, -2.044870920353165796E-15, 12.34999999999999964 ) ) ;
#2633 = CARTESIAN_POINT ( 'NONE',  ( 0.000000000000000000, -2.044870920353165796E-15, 12.34999999999999964 ) ) ;
#2634 = CARTESIAN_POINT ( 'NONE',  ( 2.491895311490482712, -0.2332121202642197799, 6.086393032763119493 ) ) ;
#2635 = CARTESIAN_POINT ( 'NONE',  ( -3.054126587736543996, -1.265060653844752858, -8.943749999999999645 ) ) ;
#2636 = CARTESIAN_POINT ( 'NONE',  ( -1.242640687119292098, 3.000000000000002665, -7.287499999999999645 ) ) ;
#2637 = ORIENTED_EDGE ( 'NONE', *, *, #3623, .F. ) ;
#2638 = DIRECTION ( 'NONE',  ( 1.000000000000000000, 0.000000000000000000, 0.000000000000000000 ) ) ;
#2639 = CARTESIAN_POINT ( 'NONE',  ( -1.242640687119292098, 3.000000000000002220, -6.162500000000000533 ) ) ;
#2640 = CARTESIAN_POINT ( 'NONE',  ( -2.878508968398398972E-16, -2.350480947161702527, 1.650000000000001243 ) ) ;
#2641 = EDGE_CURVE ( 'NONE', #5387, #1598, #7238, .T. ) ;
#2642 = CARTESIAN_POINT ( 'NONE',  ( -3.740226349862386965E-16, -3.054126587736560872, 6.243749999999998579 ) ) ;
#2643 = DIRECTION ( 'NONE',  ( -0.000000000000000000, -1.224646799147353207E-16, 1.000000000000000000 ) ) ;
#2644 = CARTESIAN_POINT ( 'NONE',  ( -1.662041016787807912, 1.662041016787793479, -5.599999999999997868 ) ) ;
#2645 = CARTESIAN_POINT ( 'NONE',  ( 0.000000000000000000, 2.350480947161672329, -4.724999999999997868 ) ) ;
#2646 = CARTESIAN_POINT ( 'NONE',  ( 2.350480947161686984, -1.450605056817903668E-14, -10.09999999999999787 ) ) ;
#2647 = ORIENTED_EDGE ( 'NONE', *, *, #4181, .F. ) ;
#2648 = CARTESIAN_POINT ( 'NONE',  ( 0.9736010864139306165, 2.350480947161670553, 4.212500000000002132 ) ) ;
#2649 = VERTEX_POINT ( 'NONE', #7354 ) ;
#2650 = CARTESIAN_POINT ( 'NONE',  ( 3.005328587667073670, -0.4214895771970499916, 11.11969350972300496 ) ) ;
#2651 =( BOUNDED_CURVE ( )  B_SPLINE_CURVE ( 2, ( #7066, #1890, #3069, #199, #4631, #652, #2957, #5268, #2383 ),
 .UNSPECIFIED., .F., .T. ) 
 B_SPLINE_CURVE_WITH_KNOTS ( ( 3, 2, 2, 2, 3 ),
 ( 0.7500000000000000000, 0.7656250000000000000, 0.7812500000000000000, 0.7968750000000001110, 0.8125000000000001110 ),
 .UNSPECIFIED. ) 
 CURVE ( )  GEOMETRIC_REPRESENTATION_ITEM ( )  RATIONAL_B_SPLINE_CURVE ( ( 1.000000000000000000, 0.9238795325112867385, 1.000000000000000000, 0.9238795325112867385, 1.000000000000000000, 0.9238795325112867385, 1.000000000000000000, 0.9238795325112861834, 1.000000000000000444 ) ) 
 REPRESENTATION_ITEM ( '' )  );
#2652 = CARTESIAN_POINT ( 'NONE',  ( 2.159593620790641655, -2.159593620790657198, -2.631250000000000533 ) ) ;
#2653 = EDGE_CURVE ( 'NONE', #6692, #4032, #7430, .T. ) ;
#2654 = CARTESIAN_POINT ( 'NONE',  ( 3.150184611924633060, 0.4422697142960040906, 11.81451908796616124 ) ) ;
#2655 = CARTESIAN_POINT ( 'NONE',  ( -2.159593620790641655, -2.159593620790657198, 2.056250000000000799 ) ) ;
#2656 = CARTESIAN_POINT ( 'NONE',  ( -1.662041016787808134, -1.662041016787823233, 0.5250000000000020206 ) ) ;
#2657 = DESIGN_CONTEXT ( 'detailed design', #5395, 'design' ) ;
#2658 = ORIENTED_EDGE ( 'NONE', *, *, #6989, .F. ) ;
#2659 = CARTESIAN_POINT ( 'NONE',  ( 2.350480947161686984, -1.611339949205993550E-14, 3.025000000000001688 ) ) ;
#2660 = CARTESIAN_POINT ( 'NONE',  ( 1.662041016787807912, -1.662041016787822345, -9.099999999999997868 ) ) ;
#2661 = CARTESIAN_POINT ( 'NONE',  ( -1.662041016787808134, -1.662041016787823233, 1.650000000000002132 ) ) ;
#2662 = ORIENTED_EDGE ( 'NONE', *, *, #4337, .F. ) ;
#2663 = CARTESIAN_POINT ( 'NONE',  ( 0.9736010864139287291, -2.350480947161703860, 6.712500000000001243 ) ) ;
#2664 = CARTESIAN_POINT ( 'NONE',  ( 1.662041016787807912, -1.662041016787821901, -12.22499999999999787 ) ) ;
#2665 = CARTESIAN_POINT ( 'NONE',  ( -1.203848623672620244, -2.217212569240438746, -12.20881797269034230 ) ) ;
#2666 = CARTESIAN_POINT ( 'NONE',  ( 2.350480947161686540, -0.9736010864139458265, -1.037499999999998535 ) ) ;
#2667 = CARTESIAN_POINT ( 'NONE',  ( 0.000000000000000000, 3.000000000000001332, -1.349999999999999645 ) ) ;
#2668 = CARTESIAN_POINT ( 'NONE',  ( -2.991755456503480293, -0.3822469489895138905, 10.76374999999999815 ) ) ;
#2669 = EDGE_CURVE ( 'NONE', #6156, #5777, #4177, .T. ) ;
#2670 = ORIENTED_EDGE ( 'NONE', *, *, #6042, .F. ) ;
#2671 = FACE_OUTER_BOUND ( 'NONE', #932, .T. ) ;
#2672 = CARTESIAN_POINT ( 'NONE',  ( 0.000000000000000000, -3.000000000000003997, 12.34999999999999964 ) ) ;
#2673 = CARTESIAN_POINT ( 'NONE',  ( 0.000000000000000000, 3.000000000000002220, -9.225000000000001421 ) ) ;
#2674 = CARTESIAN_POINT ( 'NONE',  ( -3.054126587736543996, -1.402120864908289709E-14, -9.006249999999999645 ) ) ;
#2675 =( BOUNDED_CURVE ( )  B_SPLINE_CURVE ( 2, ( #6642, #7240, #3772, #933, #4989, #970, #895, #6754, #3887 ),
 .UNSPECIFIED., .F., .F. ) 
 B_SPLINE_CURVE_WITH_KNOTS ( ( 3, 2, 2, 2, 3 ),
 ( 0.8125000000000001110, 0.8281250000000001110, 0.8437500000000000000, 0.8593750000000000000, 0.8750000000000000000 ),
 .UNSPECIFIED. ) 
 CURVE ( )  GEOMETRIC_REPRESENTATION_ITEM ( )  RATIONAL_B_SPLINE_CURVE ( ( 0.9999999999999994449, 0.9238795325112872936, 1.000000000000000000, 0.9238795325112867385, 1.000000000000000000, 0.9238795325112867385, 1.000000000000000000, 0.9238795325112867385, 1.000000000000000000 ) ) 
 REPRESENTATION_ITEM ( '' )  );
#2676 = CARTESIAN_POINT ( 'NONE',  ( -0.3834009397239522832, 2.970850935971621087, 10.75730433123960772 ) ) ;
#2677 = ORIENTED_EDGE ( 'NONE', *, *, #4820, .F. ) ;
#2678 = DIRECTION ( 'NONE',  ( 0.1045058763748857728, -0.02078751127481492933, 0.9943069954385901354 ) ) ;
#2679 = CARTESIAN_POINT ( 'NONE',  ( -0.9736010864139290621, 2.350480947161672329, -4.662499999999997868 ) ) ;
#2680 = CARTESIAN_POINT ( 'NONE',  ( -2.878508968398398972E-16, -2.350480947161702527, -0.3499999999999987566 ) ) ;
#2681 = CARTESIAN_POINT ( 'NONE',  ( -3.054126587736543996, 1.265060653844723104, 7.931249999999999467 ) ) ;
#2682 = CARTESIAN_POINT ( 'NONE',  ( 0.3339643013229351975, -3.050289141263783144, 10.76374999999999815 ) ) ;
#2683 = DATE_AND_TIME ( #1505, #4564 ) ;
#2684 = CARTESIAN_POINT ( 'NONE',  ( -3.673940397442080083E-16, -3.000000000000030198, -11.72500000000000142 ) ) ;
#2685 = CARTESIAN_POINT ( 'NONE',  ( -1.662041016787807912, 1.662041016787794145, -10.72499999999999787 ) ) ;
#2686 = ORIENTED_EDGE ( 'NONE', *, *, #5478, .F. ) ;
#2687 = CARTESIAN_POINT ( 'NONE',  ( -2.350480947161686984, 0.9736010864139130749, 5.462500000000002132 ) ) ;
#2688 = ORIENTED_EDGE ( 'NONE', *, *, #4941, .T. ) ;
#2689 = CARTESIAN_POINT ( 'NONE',  ( 1.163769362633645166, 0.4820490534771491586, 12.34999999999999964 ) ) ;
#2690 = CARTESIAN_POINT ( 'NONE',  ( 0.000000000000000000, 9.800066735407961890E-16, -12.34999999999999609 ) ) ;
#2691 = CARTESIAN_POINT ( 'NONE',  ( 3.054126587736543996, 1.265060653844724436, -0.4437500000000006439 ) ) ;
#2692 = CARTESIAN_POINT ( 'NONE',  ( 3.000000000000015543, -1.242640687119309195, 0.3375000000000001332 ) ) ;
#2693 = CARTESIAN_POINT ( 'NONE',  ( 2.350480947161686540, -0.9736010864139451604, -5.037499999999998757 ) ) ;
#2694 = CARTESIAN_POINT ( 'NONE',  ( 3.054126587736543996, 1.265060653844723992, 3.493750000000000799 ) ) ;
#2695 = VERTEX_POINT ( 'NONE', #32 ) ;
#2696 = CARTESIAN_POINT ( 'NONE',  ( 0.7225404164282156483, -2.856511053912960563, 7.348005721558124037 ) ) ;
#2697 = EDGE_CURVE ( 'NONE', #1860, #7282, #5150, .T. ) ;
#2698 = CARTESIAN_POINT ( 'NONE',  ( 1.662041016787807912, -1.662041016787822123, -10.09999999999999787 ) ) ;
#2699 = CARTESIAN_POINT ( 'NONE',  ( 2.350480947161686540, -0.9736010864139452714, -4.162499999999998757 ) ) ;
#2700 = ORIENTED_EDGE ( 'NONE', *, *, #4217, .F. ) ;
#2701 = CARTESIAN_POINT ( 'NONE',  ( -3.054126587736543996, -1.265060653844754190, 1.056249999999999245 ) ) ;
#2702 = CARTESIAN_POINT ( 'NONE',  ( 0.9736010864139306165, 2.350480947161671885, -6.912499999999999645 ) ) ;
#2703 = LINE ( 'NONE', #5020, #6004 ) ;
#2704 = CARTESIAN_POINT ( 'NONE',  ( 2.350480947161686984, -1.574600545231573006E-14, 0.02500000000000158346 ) ) ;
#2705 = CARTESIAN_POINT ( 'NONE',  ( -3.000000000000015987, 1.242640687119276777, 2.837499999999999911 ) ) ;
#2706 = CARTESIAN_POINT ( 'NONE',  ( 2.971464112645125777, -0.3840784068098322956, 10.76374999999999815 ) ) ;
#2707 = VERTEX_POINT ( 'NONE', #1644 ) ;
#2708 = CARTESIAN_POINT ( 'NONE',  ( 0.000000000000000000, 2.350480947161672329, -4.849999999999998757 ) ) ;
#2709 = CARTESIAN_POINT ( 'NONE',  ( 1.662041016787808356, 1.662041016787793923, -11.84999999999999787 ) ) ;
#2710 = CARTESIAN_POINT ( 'NONE',  ( 0.3259821639036907248, 2.579146044359411860, 6.396637848718174091 ) ) ;
#2711 = CARTESIAN_POINT ( 'NONE',  ( -2.159593620790641655, 2.159593620790627444, -8.131249999999999645 ) ) ;
#2712 = CARTESIAN_POINT ( 'NONE',  ( -3.082321503823099107, 0.4205411125836694408, 11.11066947172310471 ) ) ;
#2713 = EDGE_LOOP ( 'NONE', ( #5056, #1360, #4805, #6434 ) ) ;
#2714 = CARTESIAN_POINT ( 'NONE',  ( -1.662041016787807912, 1.662041016787792369, 2.275000000000001688 ) ) ;
#2715 = CARTESIAN_POINT ( 'NONE',  ( -0.4779929817609793186, -3.055320958419900812, 11.65728749364872741 ) ) ;
#2716 =( BOUNDED_CURVE ( )  B_SPLINE_CURVE ( 2, ( #75, #1204, #4014, #6320, #4084, #2985, #5256, #6460, #5296 ),
 .UNSPECIFIED., .F., .F. ) 
 B_SPLINE_CURVE_WITH_KNOTS ( ( 3, 2, 2, 2, 3 ),
 ( 0.4375000000000000555, 0.4531250000000000555, 0.4687500000000000000, 0.4843750000000000000, 0.5000000000000000000 ),
 .UNSPECIFIED. ) 
 CURVE ( )  GEOMETRIC_REPRESENTATION_ITEM ( )  RATIONAL_B_SPLINE_CURVE ( ( 0.9999999999999997780, 0.9238795325112869605, 1.000000000000000000, 0.9238795325112867385, 1.000000000000000000, 0.9238795325112867385, 1.000000000000000000, 0.9238795325112867385, 1.000000000000000000 ) ) 
 REPRESENTATION_ITEM ( '' )  );
#2717 = CARTESIAN_POINT ( 'NONE',  ( 2.350480947161686540, 0.9736010864139139631, 1.962500000000001465 ) ) ;
#2718 = CARTESIAN_POINT ( 'NONE',  ( 3.054126587736543996, -1.666745645773377016E-14, 6.493749999999999467 ) ) ;
#2719 = CARTESIAN_POINT ( 'NONE',  ( 0.3057325481516207089, -3.058033318125265243, 10.76374999999999815 ) ) ;
#2720 = CARTESIAN_POINT ( 'NONE',  ( 0.000000000000000000, 3.000000000000001776, -6.349999999999999645 ) ) ;
#2721 = CARTESIAN_POINT ( 'NONE',  ( -3.000000000000015987, -1.242640687119308529, 5.962500000000000355 ) ) ;
#2722 = ORIENTED_EDGE ( 'NONE', *, *, #4873, .T. ) ;
#2723 = CARTESIAN_POINT ( 'NONE',  ( 0.9736010864139306165, 2.350480947161670109, 7.212500000000001243 ) ) ;
#2724 = CARTESIAN_POINT ( 'NONE',  ( -3.673940397442080083E-16, -3.000000000000031974, 2.274999999999999467 ) ) ;
#2725 = DIRECTION ( 'NONE',  ( -0.000000000000000000, -1.224646799147353207E-16, 1.000000000000000000 ) ) ;
#2726 = AXIS2_PLACEMENT_3D ( 'NONE', #7441, #2118, #4428 ) ;
#2727 = CARTESIAN_POINT ( 'NONE',  ( -3.054126587736543996, -1.265060653844754190, 0.05624999999999987649 ) ) ;
#2728 = CARTESIAN_POINT ( 'NONE',  ( 1.662041016787808356, 1.662041016787792591, -1.849999999999998312 ) ) ;
#2729 = CARTESIAN_POINT ( 'NONE',  ( 0.000000000000000000, 3.054126587736528009, 3.681250000000000355 ) ) ;
#2730 = EDGE_LOOP ( 'NONE', ( #2505, #2798, #1253, #6694 ) ) ;
#2731 = CARTESIAN_POINT ( 'NONE',  ( 0.3050373035280833367, -3.057421916990169741, 10.75730433161556832 ) ) ;
#2732 = AXIS2_PLACEMENT_3D ( 'NONE', #5358, #1343, #6488 ) ;
#2733 = CARTESIAN_POINT ( 'NONE',  ( 1.662041016787807912, -1.662041016787822789, -6.099999999999998757 ) ) ;
#2734 = CARTESIAN_POINT ( 'NONE',  ( 2.350480947161686984, -1.548576800749692103E-14, -2.099999999999998757 ) ) ;
#2735 = ORIENTED_EDGE ( 'NONE', *, *, #1869, .T. ) ;
#2736 = CIRCLE ( 'NONE', #3703, 5.927999999999999936 ) ;
#2737 = EDGE_CURVE ( 'NONE', #916, #3039, #1608, .T. ) ;
#2738 = CARTESIAN_POINT ( 'NONE',  ( 0.000000000000000000, 3.054126587736528453, 1.743749999999999689 ) ) ;
#2739 = CARTESIAN_POINT ( 'NONE',  ( -2.878508968398398972E-16, -2.350480947161701639, -7.349999999999998757 ) ) ;
#2740 = CONICAL_SURFACE ( 'NONE', #1527, 3.239999999999994884, 0.1047197551196600018 ) ;
#2741 = CARTESIAN_POINT ( 'NONE',  ( -0.4815894377105839896, 3.118843115716664283, 11.82323739410218444 ) ) ;
#2742 = CARTESIAN_POINT ( 'NONE',  ( -0.9736010864139290621, 2.350480947161672329, -5.787499999999997868 ) ) ;
#2743 = CARTESIAN_POINT ( 'NONE',  ( 3.000000000000015987, 1.242640687119278553, -9.537500000000001421 ) ) ;
#2744 = CARTESIAN_POINT ( 'NONE',  ( -3.673940397442080083E-16, -3.000000000000030642, -8.724999999999997868 ) ) ;
#2745 = AXIS2_PLACEMENT_3D ( 'NONE', #6235, #4996, #901 ) ;
#2746 = ORIENTED_EDGE ( 'NONE', *, *, #3155, .T. ) ;
#2747 = CARTESIAN_POINT ( 'NONE',  ( 0.9736010864139306165, 2.350480947161671885, -6.912499999999999645 ) ) ;
#2748 = EDGE_CURVE ( 'NONE', #6781, #6033, #4675, .T. ) ;
#2749 = CARTESIAN_POINT ( 'NONE',  ( 0.9736010864139287291, -2.350480947161701639, -12.16249999999999787 ) ) ;
#2750 = CARTESIAN_POINT ( 'NONE',  ( -0.3838608518364061140, 2.978593589760880622, 10.76374999999999815 ) ) ;
#2751 = CARTESIAN_POINT ( 'NONE',  ( -0.3840784068097982673, 2.044095216605294141, 10.76374999999999815 ) ) ;
#2752 = CARTESIAN_POINT ( 'NONE',  ( -0.4382656198790326196, -3.151720930266297849, 11.81418354427970918 ) ) ;
#2753 = ORIENTED_EDGE ( 'NONE', *, *, #1953, .F. ) ;
#2754 = CARTESIAN_POINT ( 'NONE',  ( -2.350480947161686984, -0.9736010864139447163, 3.462500000000000799 ) ) ;
#2755 = DIRECTION ( 'NONE',  ( -0.000000000000000000, -1.224646799147353207E-16, 1.000000000000000000 ) ) ;
#2756 = CARTESIAN_POINT ( 'NONE',  ( -2.350480947161686984, -1.521622791360408097E-14, 0.4000000000000019096 ) ) ;
#2757 = CARTESIAN_POINT ( 'NONE',  ( -2.121320343559653931, 2.121320343559639277, -5.100000000000000533 ) ) ;
#2758 = CARTESIAN_POINT ( 'NONE',  ( 0.9736010864139287291, -2.350480947161702527, 1.712500000000000799 ) ) ;
#2759 = CALENDAR_DATE ( 2026, 8, 1 ) ;
#2760 = CARTESIAN_POINT ( 'NONE',  ( 0.9736010864139287291, -2.350480947161703416, 4.712500000000001243 ) ) ;
#2761 = CARTESIAN_POINT ( 'NONE',  ( -0.9736010864139292842, -2.350480947161702083, -6.412499999999999645 ) ) ;
#2762 = ORIENTED_EDGE ( 'NONE', *, *, #2086, .T. ) ;
#2763 = CARTESIAN_POINT ( 'NONE',  ( 1.662041016787808356, 1.662041016787791703, 7.150000000000002132 ) ) ;
#2764 = CARTESIAN_POINT ( 'NONE',  ( 0.000000000000000000, 3.000000000000000888, -0.2250000000000001166 ) ) ;
#2765 = ADVANCED_FACE ( 'NONE', ( #3360 ), #2613, .T. ) ;
#2766 =( BOUNDED_CURVE ( )  B_SPLINE_CURVE ( 2, ( #4796, #1133, #1382, #6450, #1908, #4226, #6526, #3085, #1944 ),
 .UNSPECIFIED., .F., .T. ) 
 B_SPLINE_CURVE_WITH_KNOTS ( ( 3, 2, 2, 2, 3 ),
 ( 0.5000000000000000000, 0.5156250000000000000, 0.5312500000000000000, 0.5468750000000000000, 0.5625000000000000000 ),
 .UNSPECIFIED. ) 
 CURVE ( )  GEOMETRIC_REPRESENTATION_ITEM ( )  RATIONAL_B_SPLINE_CURVE ( ( 1.000000000000000000, 0.9238795325112867385, 1.000000000000000000, 0.9238795325112867385, 1.000000000000000000, 0.9238795325112867385, 1.000000000000000000, 0.9238795325112867385, 1.000000000000000000 ) ) 
 REPRESENTATION_ITEM ( '' )  );
#2767 = CARTESIAN_POINT ( 'NONE',  ( 0.000000000000000000, 3.000000000000002220, -7.349999999999999645 ) ) ;
#2768 = CARTESIAN_POINT ( 'NONE',  ( -1.265060653844739536, -3.054126587736560428, -0.8187500000000001998 ) ) ;
#2769 = CARTESIAN_POINT ( 'NONE',  ( -3.673940397442080083E-16, -3.000000000000031530, -1.724999999999999645 ) ) ;
#2770 = CARTESIAN_POINT ( 'NONE',  ( 2.350480947161686984, -1.427642929333890513E-14, -11.97499999999999787 ) ) ;
#2771 = CARTESIAN_POINT ( 'NONE',  ( 0.9736010864139306165, 2.350480947161671441, -2.787499999999997868 ) ) ;
#2772 = CARTESIAN_POINT ( 'NONE',  ( 1.265060653844738425, -3.054126587736560872, 4.243749999999999467 ) ) ;
#2773 = ORIENTED_EDGE ( 'NONE', *, *, #3667, .F. ) ;
#2774 = CARTESIAN_POINT ( 'NONE',  ( -3.000000000000015987, -1.242640687119306753, -4.037499999999999645 ) ) ;
#2775 = CARTESIAN_POINT ( 'NONE',  ( 2.121320343559654820, 2.121320343559639721, -11.47499999999999964 ) ) ;
#2776 = CARTESIAN_POINT ( 'NONE',  ( 0.9736010864139306165, 2.350480947161671885, -4.912499999999998757 ) ) ;
#2777 = ORIENTED_EDGE ( 'NONE', *, *, #7026, .T. ) ;
#2778 = CARTESIAN_POINT ( 'NONE',  ( 0.9736010864139306165, 2.350480947161672329, -7.912500000000000533 ) ) ;
#2779 = CARTESIAN_POINT ( 'NONE',  ( 0.3516004936907953238, 2.756293850239458720, 6.886595193555213434 ) ) ;
#2780 = CARTESIAN_POINT ( 'NONE',  ( -2.350480947161686984, 0.9736010864139137411, 1.462500000000002132 ) ) ;
#2781 = CARTESIAN_POINT ( 'NONE',  ( 2.121320343559654820, 2.121320343559638832, -5.349999999999999645 ) ) ;
#2782 = CARTESIAN_POINT ( 'NONE',  ( 3.151720930266294296, -0.4382656198790453317, 11.81418354427970918 ) ) ;
#2783 = ORIENTED_EDGE ( 'NONE', *, *, #2456, .F. ) ;
#2784 = CARTESIAN_POINT ( 'NONE',  ( 1.662041016787807912, -1.662041016787822789, -5.224999999999998757 ) ) ;
#2785 = CARTESIAN_POINT ( 'NONE',  ( -0.9736010864139290621, 2.350480947161673217, -10.66249999999999964 ) ) ;
#2786 = CARTESIAN_POINT ( 'NONE',  ( 3.026819229903390251, 0.3649721341422654253, 10.76374999999999815 ) ) ;
#2787 = CARTESIAN_POINT ( 'NONE',  ( 0.000000000000000000, 3.000000000000000444, 5.774999999999999467 ) ) ;
#2788 = DIRECTION ( 'NONE',  ( -0.000000000000000000, -1.224646799147352961E-16, 1.000000000000000000 ) ) ;
#2789 = CARTESIAN_POINT ( 'NONE',  ( -2.878508968398398972E-16, -2.350480947161702971, 3.650000000000000799 ) ) ;
#2790 = EDGE_CURVE ( 'NONE', #334, #6930, #445, .T. ) ;
#2791 = DIRECTION ( 'NONE',  ( 0.1045284632676536929, -7.105427357601001859E-15, 0.9945218953682732899 ) ) ;
#2792 = CARTESIAN_POINT ( 'NONE',  ( -2.350480947161686984, 0.9736010864139137411, 1.337500000000002132 ) ) ;
#2793 = CARTESIAN_POINT ( 'NONE',  ( 0.3057325481516314780, 3.058033318125262134, 10.76374999999999815 ) ) ;
#2794 = CARTESIAN_POINT ( 'NONE',  ( -0.9736010864139292842, -2.350480947161702083, 1.587500000000000577 ) ) ;
#2795 = DIRECTION ( 'NONE',  ( 1.000000000000000000, 0.000000000000000000, 0.000000000000000000 ) ) ;
#2796 = CARTESIAN_POINT ( 'NONE',  ( -2.878508968398398972E-16, -2.350480947161702971, 3.650000000000000799 ) ) ;
#2797 = CARTESIAN_POINT ( 'NONE',  ( -2.350480947161686984, -1.423651047428619348E-14, -7.599999999999997868 ) ) ;
#2798 = ORIENTED_EDGE ( 'NONE', *, *, #5878, .T. ) ;
#2799 = CARTESIAN_POINT ( 'NONE',  ( -2.350480947161686984, -0.9736010864139451604, 7.587500000000002132 ) ) ;
#2800 = CARTESIAN_POINT ( 'NONE',  ( 2.884316498626802172, -1.358324188492523676, 7.454271496263931596 ) ) ;
#2801 = CARTESIAN_POINT ( 'NONE',  ( 2.159593620790641655, -2.159593620790657642, -0.6312500000000007550 ) ) ;
#2802 = CARTESIAN_POINT ( 'NONE',  ( -3.155949487122295061, -0.4188713088899593262, 11.81363098836964909 ) ) ;
#2803 = CARTESIAN_POINT ( 'NONE',  ( 0.9736010864139306165, 2.350480947161673217, -11.78749999999999964 ) ) ;
#2804 = EDGE_CURVE ( 'NONE', #3371, #539, #1681, .T. ) ;
#2805 = CARTESIAN_POINT ( 'NONE',  ( -2.350480947161686984, -1.461921259901974082E-14, -4.474999999999997868 ) ) ;
#2806 = CARTESIAN_POINT ( 'NONE',  ( -3.054126587736543996, 1.265060653844723992, 1.868749999999999911 ) ) ;
#2807 = ORIENTED_EDGE ( 'NONE', *, *, #1082, .F. ) ;
#2808 = CARTESIAN_POINT ( 'NONE',  ( 0.4214895745171009511, -3.005328585241153316, 11.11969348422520909 ) ) ;
#2809 =( BOUNDED_CURVE ( )  B_SPLINE_CURVE ( 2, ( #3418, #7342, #6778, #1595, #3909, #2774, #6215, #1030, #1702 ),
 .UNSPECIFIED., .F., .F. ) 
 B_SPLINE_CURVE_WITH_KNOTS ( ( 3, 2, 2, 2, 3 ),
 ( 0.1250000000000000000, 0.1406250000000000278, 0.1562500000000000555, 0.1718750000000000555, 0.1875000000000000833 ),
 .UNSPECIFIED. ) 
 CURVE ( )  GEOMETRIC_REPRESENTATION_ITEM ( )  RATIONAL_B_SPLINE_CURVE ( ( 1.000000000000000000, 0.9238795325112867385, 1.000000000000000000, 0.9238795325112867385, 1.000000000000000000, 0.9238795325112867385, 1.000000000000000000, 0.9238795325112862944, 1.000000000000000444 ) ) 
 REPRESENTATION_ITEM ( '' )  );
#2810 = CARTESIAN_POINT ( 'NONE',  ( 0.9736010864139306165, 2.350480947161671885, -5.787499999999997868 ) ) ;
#2811 = CARTESIAN_POINT ( 'NONE',  ( -1.662041016787808134, -1.662041016787822789, -2.474999999999998312 ) ) ;
#2812 = ORIENTED_EDGE ( 'NONE', *, *, #5580, .F. ) ;
#2813 = CARTESIAN_POINT ( 'NONE',  ( 1.662041016787807912, -1.662041016787822345, -9.224999999999999645 ) ) ;
#2814 = CARTESIAN_POINT ( 'NONE',  ( -0.4325048716932518578, 3.153643090095642254, 11.81379693140229747 ) ) ;
#2815 = CARTESIAN_POINT ( 'NONE',  ( 2.350480947161686540, -0.9736010864139460486, 1.962500000000001688 ) ) ;
#2816 = CARTESIAN_POINT ( 'NONE',  ( -1.851216920838277380, -0.5744240720839477454, 12.15470632317383348 ) ) ;
#2817 = CARTESIAN_POINT ( 'NONE',  ( -1.662041016787807912, 1.662041016787792591, 1.400000000000001910 ) ) ;
#2818 = ORIENTED_EDGE ( 'NONE', *, *, #4194, .F. ) ;
#2819 = CARTESIAN_POINT ( 'NONE',  ( -2.837664618839275565, 0.3146040174755384555, 7.095330228241390813 ) ) ;
#2820 = CARTESIAN_POINT ( 'NONE',  ( 0.9736010864139287291, -2.350480947161702083, -10.16249999999999787 ) ) ;
#2821 = CARTESIAN_POINT ( 'NONE',  ( 0.3279690456235405116, -2.365784435926561624, 5.814955526537140429 ) ) ;
#2822 = CARTESIAN_POINT ( 'NONE',  ( 0.2186408601196219992, -2.364914623043754549, -12.34999999999999609 ) ) ;
#2823 = CARTESIAN_POINT ( 'NONE',  ( -4.920685651622647328E-15, -0.4652957277608853470, 2.682494925704429267 ) ) ;
#2824 = CARTESIAN_POINT ( 'NONE',  ( -3.000000000000015987, 1.242640687119277443, -3.037500000000000089 ) ) ;
#2825 = CARTESIAN_POINT ( 'NONE',  ( 2.350480947161686540, 0.9736010864139147403, -3.912499999999998312 ) ) ;
#2826 = CARTESIAN_POINT ( 'NONE',  ( 0.4836871998410864903, 3.115673129889712456, 11.82420210555577889 ) ) ;
#2827 = DIRECTION ( 'NONE',  ( -0.000000000000000000, -1.224646799147353207E-16, 1.000000000000000000 ) ) ;
#2828 = CARTESIAN_POINT ( 'NONE',  ( 3.074843869529717999, -0.3248502992574880399, 10.94099322423835829 ) ) ;
#2829 = CARTESIAN_POINT ( 'NONE',  ( 0.9736010864139306165, 2.350480947161670109, 7.087500000000001243 ) ) ;
#2830 = CARTESIAN_POINT ( 'NONE',  ( -1.662041016787807912, 1.662041016787793479, -5.724999999999998757 ) ) ;
#2831 = EDGE_CURVE ( 'NONE', #193, #6334, #7425, .T. ) ;
#2832 = ORIENTED_EDGE ( 'NONE', *, *, #6095, .F. ) ;
#2833 = CARTESIAN_POINT ( 'NONE',  ( -0.9736010864139292842, -2.350480947161702527, 5.712500000000002132 ) ) ;
#2834 = FACE_OUTER_BOUND ( 'NONE', #2730, .T. ) ;
#2835 = CARTESIAN_POINT ( 'NONE',  ( 1.242640687119291210, -3.000000000000033307, 3.337499999999999467 ) ) ;
#2836 = CARTESIAN_POINT ( 'NONE',  ( 2.159593620790641655, -2.159593620790657642, 1.368749999999999245 ) ) ;
#2837 = CARTESIAN_POINT ( 'NONE',  ( -0.5507999999999982910, 3.917289751011792449E-15, 12.34999999999999964 ) ) ;
#2838 = CARTESIAN_POINT ( 'NONE',  ( 3.054126587736543996, -1.265060653844755523, -4.631250000000000533 ) ) ;
#2839 = B_SPLINE_CURVE_WITH_KNOTS ( 'NONE', 3,
 ( #2793, #5185, #4580, #2908, #5788, #6312, #6799 ),
 .UNSPECIFIED., .F., .F.,
 ( 4, 3, 4 ),
 ( 0.000000000000000000, 0.0005371863664115896983, 0.001060489824251136925 ),
 .UNSPECIFIED. ) ;
#2840 = EDGE_CURVE ( 'NONE', #3371, #2203, #5319, .T. ) ;
#2841 = CARTESIAN_POINT ( 'NONE',  ( 0.9736010864139306165, 2.350480947161671441, -3.787499999999998312 ) ) ;
#2842 = CARTESIAN_POINT ( 'NONE',  ( -3.054126587736543996, -1.536066608565031435E-14, 1.931250000000000133 ) ) ;
#2843 = ORIENTED_EDGE ( 'NONE', *, *, #3353, .F. ) ;
#2844 = CARTESIAN_POINT ( 'NONE',  ( 2.754185490730727714, -1.165719197586729372, 7.469790874294427674 ) ) ;
#2845 = CARTESIAN_POINT ( 'NONE',  ( 1.662041016787807912, -1.662041016787822789, -5.099999999999998757 ) ) ;
#2846 = CIRCLE ( 'NONE', #551, 3.050799999999997070 ) ;
#2847 = CARTESIAN_POINT ( 'NONE',  ( -2.350480947161686984, 0.9736010864139145182, -3.662499999999997868 ) ) ;
#2848 = ORIENTED_EDGE ( 'NONE', *, *, #4309, .F. ) ;
#2849 = CARTESIAN_POINT ( 'NONE',  ( 0.9736010864139287291, -2.350480947161702083, -9.287499999999999645 ) ) ;
#2850 = VECTOR ( 'NONE', #3735, 1000.000000000000000 ) ;
#2851 = CARTESIAN_POINT ( 'NONE',  ( -0.4510293419240624657, 3.145348765581090333, 11.81574533325309950 ) ) ;
#2852 = CARTESIAN_POINT ( 'NONE',  ( 2.350480947161686984, -1.511837396775271558E-14, -5.099999999999998757 ) ) ;
#2853 =( BOUNDED_CURVE ( )  B_SPLINE_CURVE ( 2, ( #2531, #1993, #188, #904, #4925, #2033, #2601, #1957, #4962 ),
 .UNSPECIFIED., .F., .T. ) 
 B_SPLINE_CURVE_WITH_KNOTS ( ( 3, 2, 2, 2, 3 ),
 ( 0.1875000000000000833, 0.2031250000000000555, 0.2187500000000000555, 0.2343750000000000278, 0.2500000000000000000 ),
 .UNSPECIFIED. ) 
 CURVE ( )  GEOMETRIC_REPRESENTATION_ITEM ( )  RATIONAL_B_SPLINE_CURVE ( ( 0.9999999999999995559, 0.9238795325112871826, 1.000000000000000000, 0.9238795325112867385, 1.000000000000000000, 0.9238795325112867385, 1.000000000000000000, 0.9238795325112867385, 1.000000000000000000 ) ) 
 REPRESENTATION_ITEM ( '' )  );
#2854 = CARTESIAN_POINT ( 'NONE',  ( 0.3791811720821969267, 3.000326213925641028, 10.76374999999999815 ) ) ;
#2855 = CARTESIAN_POINT ( 'NONE',  ( 0.000000000000000000, 9.800066735407961890E-16, -12.34999999999999609 ) ) ;
#2856 = EDGE_CURVE ( 'NONE', #20, #3787, #1019, .T. ) ;
#2857 = ADVANCED_FACE ( 'NONE', ( #3008 ), #4071, .T. ) ;
#2858 = AXIS2_PLACEMENT_3D ( 'NONE', #1827, #2517, #4143 ) ;
#2859 = ORIENTED_EDGE ( 'NONE', *, *, #1098, .T. ) ;
#2860 = VECTOR ( 'NONE', #4928, 1000.000000000000000 ) ;
#2861 = CARTESIAN_POINT ( 'NONE',  ( 2.159593620790642099, 2.159593620790627444, -11.44374999999999964 ) ) ;
#2862 = CARTESIAN_POINT ( 'NONE',  ( -0.4969619868115550121, -3.148072318320647156, 11.83776552103389079 ) ) ;
#2863 = DIRECTION ( 'NONE',  ( 0.000000000000000000, 1.000000000000000000, 0.000000000000000000 ) ) ;
#2864 = CARTESIAN_POINT ( 'NONE',  ( 1.242640687119291210, -3.000000000000033307, 2.212499999999999911 ) ) ;
#2865 = CARTESIAN_POINT ( 'NONE',  ( -0.4953309318289702001, -3.088555055217940826, 11.83273142994335814 ) ) ;
#2866 = VECTOR ( 'NONE', #1078, 999.9999999999998863 ) ;
#2867 = LINE ( 'NONE', #5181, #2490 ) ;
#2868 = AXIS2_PLACEMENT_3D ( 'NONE', #5746, #6940, #2871 ) ;
#2869 = VECTOR ( 'NONE', #1536, 1000.000000000000000 ) ;
#2870 = CARTESIAN_POINT ( 'NONE',  ( 0.9736010864139287291, -2.350480947161702527, -3.162499999999998312 ) ) ;
#2871 = DIRECTION ( 'NONE',  ( 0.000000000000000000, -1.000000000000000000, 0.000000000000000000 ) ) ;
#2872 = CARTESIAN_POINT ( 'NONE',  ( -0.5462873287922220822, 2.076360577286922915, 12.30706480146733384 ) ) ;
#2873 = CARTESIAN_POINT ( 'NONE',  ( 0.000000000000000000, 2.350480947161670997, 4.150000000000002132 ) ) ;
#2874 = CARTESIAN_POINT ( 'NONE',  ( 2.350480947161686540, -0.9736010864139464926, 6.837500000000000355 ) ) ;
#2875 = CARTESIAN_POINT ( 'NONE',  ( 0.000000000000000000, 2.350480947161672773, -8.849999999999997868 ) ) ;
#2876 = ORIENTED_EDGE ( 'NONE', *, *, #3441, .F. ) ;
#2877 = CARTESIAN_POINT ( 'NONE',  ( 5.704532550541853134E-16, 4.658104324049651801, 8.942500000000002558 ) ) ;
#2878 = CARTESIAN_POINT ( 'NONE',  ( -1.163769362633641391, 0.4820490534771616487, 12.34999999999999964 ) ) ;
#2879 = EDGE_CURVE ( 'NONE', #6818, #3301, #3582, .T. ) ;
#2880 = CARTESIAN_POINT ( 'NONE',  ( 0.000000000000000000, -1.883088572098874591, 9.468415858748846503 ) ) ;
#2881 = CARTESIAN_POINT ( 'NONE',  ( -3.673940397442080083E-16, -3.000000000000031086, -4.724999999999998757 ) ) ;
#2882 = CARTESIAN_POINT ( 'NONE',  ( -0.4970064592694000138, -3.071965366029783429, 11.83818864820600147 ) ) ;
#2883 = CARTESIAN_POINT ( 'NONE',  ( 1.662041016787808356, 1.662041016787793479, -8.849999999999997868 ) ) ;
#2884 = CARTESIAN_POINT ( 'NONE',  ( -2.350480947161686984, -0.9736010864139443832, -0.4124999999999979239 ) ) ;
#2885 = CARTESIAN_POINT ( 'NONE',  ( 1.265060653844738425, -3.054126587736560872, 6.243750000000000355 ) ) ;
#2886 = EDGE_LOOP ( 'NONE', ( #1351, #235, #2289, #5052 ) ) ;
#2887 = CARTESIAN_POINT ( 'NONE',  ( -2.121320343559653931, -2.121320343559668586, -9.974999999999999645 ) ) ;
#2888 = EDGE_CURVE ( 'NONE', #3226, #7351, #5624, .T. ) ;
#2889 = CARTESIAN_POINT ( 'NONE',  ( 2.971464112645127997, 0.3840784068098190840, 10.76374999999999815 ) ) ;
#2890 = CARTESIAN_POINT ( 'NONE',  ( -2.350480947161686984, -0.9736010864139444942, 0.4625000000000020206 ) ) ;
#2891 = ORIENTED_EDGE ( 'NONE', *, *, #7095, .F. ) ;
#2892 = CARTESIAN_POINT ( 'NONE',  ( 0.000000000000000000, 3.000000000000000444, 2.774999999999999467 ) ) ;
#2893 = CARTESIAN_POINT ( 'NONE',  ( -2.159593620790641655, 2.159593620790626556, -3.193749999999999645 ) ) ;
#2894 = CARTESIAN_POINT ( 'NONE',  ( 2.350480947161686540, 0.9736010864139145182, -2.037499999999998757 ) ) ;
#2895 = ORIENTED_EDGE ( 'NONE', *, *, #4115, .T. ) ;
#2896 = CARTESIAN_POINT ( 'NONE',  ( 0.3710920280353029455, 3.018321721208292896, 10.76374999999999815 ) ) ;
#2897 = CARTESIAN_POINT ( 'NONE',  ( -3.000000000000015987, -1.242640687119306087, -8.912499999999999645 ) ) ;
#2898 = ORIENTED_EDGE ( 'NONE', *, *, #4194, .T. ) ;
#2899 = CARTESIAN_POINT ( 'NONE',  ( -2.765958468434287720, 0.6818327641220393032, 7.078003071039778327 ) ) ;
#2900 =( BOUNDED_CURVE ( )  B_SPLINE_CURVE ( 3, ( #2123, #387, #7298, #6210 ),
 .UNSPECIFIED., .F., .T. ) 
 B_SPLINE_CURVE_WITH_KNOTS ( ( 4, 4 ),
 ( 2.946332657651817843, 3.336852649527770165 ),
 .UNSPECIFIED. ) 
 CURVE ( )  GEOMETRIC_REPRESENTATION_ITEM ( )  RATIONAL_B_SPLINE_CURVE ( ( 1.000000000000000000, 0.9873315052531760339, 0.9873315052531760339, 1.000000000000000000 ) ) 
 REPRESENTATION_ITEM ( '' )  );
#2901 = CARTESIAN_POINT ( 'NONE',  ( -1.662041016787807912, 1.662041016787793701, -6.599999999999997868 ) ) ;
#2902 = EDGE_CURVE ( 'NONE', #5432, #6482, #2435, .T. ) ;
#2903 = DIRECTION ( 'NONE',  ( 2.862060733029678755E-15, 1.000000000000000000, -0.000000000000000000 ) ) ;
#2904 = CARTESIAN_POINT ( 'NONE',  ( -2.159593620790641655, -2.159593620790656310, -5.881250000000000533 ) ) ;
#2905 = EDGE_CURVE ( 'NONE', #4350, #6556, #4108, .T. ) ;
#2906 = CARTESIAN_POINT ( 'NONE',  ( 1.036641778415221093, 0.9228531685151961650, 12.25158252684686211 ) ) ;
#2907 = DIRECTION ( 'NONE',  ( -0.3826834323651012726, -0.9238795325112820755, 0.000000000000000000 ) ) ;
#2908 = CARTESIAN_POINT ( 'NONE',  ( 0.3630634879331210985, 3.108036279359863041, 11.29552256366799057 ) ) ;
#2909 = CARTESIAN_POINT ( 'NONE',  ( 0.9736010864139287291, -2.350480947161703416, 4.712500000000001243 ) ) ;
#2910 = CARTESIAN_POINT ( 'NONE',  ( 1.662041016787807912, -1.662041016787824343, 6.775000000000000355 ) ) ;
#2911 = CARTESIAN_POINT ( 'NONE',  ( 2.350480947161686540, -0.9736010864139446053, -9.162499999999997868 ) ) ;
#2912 = B_SPLINE_CURVE_WITH_KNOTS ( 'NONE', 3,
 ( #1754, #2255, #4575, #3472, #443, #5068, #7356, #4182, #1381, #3010, #3539, #4225, #4719, #176, #3045, #2399, #6525, #665, #101, #4755, #5961, #4795, #3084, #4107, #742, #2474, #5359, #7086, #7009, #1264 ),
 .UNSPECIFIED., .F., .F.,
 ( 4, 2, 2, 2, 2, 2, 2, 2, 2, 2, 2, 2, 2, 2, 4 ),
 ( 0.007688847737537270362, 0.008245347066616092943, 0.008801846395694916392, 0.009914845053852563289, 0.01047134438293138500, 0.01102784371201020845, 0.01158434304108903190, 0.01214084237016785361, 0.01269734169924667533, 0.01325384102832549704, 0.01381034035740432049, 0.01436683968648314220, 0.01492333901556196565, 0.01547983834464078737, 0.01659283700279843080 ),
 .UNSPECIFIED. ) ;
#2913 = EDGE_LOOP ( 'NONE', ( #6840, #1784, #2182, #636, #2237, #3678, #2142, #2818, #2157, #7292, #513, #6477, #3568, #6956, #5618, #7254, #592 ) ) ;
#2914 = CARTESIAN_POINT ( 'NONE',  ( -3.673940397442080083E-16, -3.000000000000032863, 6.274999999999998579 ) ) ;
#2915 = CARTESIAN_POINT ( 'NONE',  ( 3.000000000000016431, -1.629394654637385596E-14, 3.524999999999999467 ) ) ;
#2916 = CARTESIAN_POINT ( 'NONE',  ( 2.121320343559654820, 2.121320343559638832, -4.474999999999999645 ) ) ;
#2917 = CARTESIAN_POINT ( 'NONE',  ( 2.946596580398391119, 0.2670911200265954077, 7.388133620559229620 ) ) ;
#2918 = CARTESIAN_POINT ( 'NONE',  ( -1.662041016787808134, -1.662041016787821901, -9.349999999999999645 ) ) ;
#2919 = CARTESIAN_POINT ( 'NONE',  ( -2.878508968398398972E-16, -2.350480947161702527, 1.775000000000001465 ) ) ;
#2920 = CARTESIAN_POINT ( 'NONE',  ( -3.054126587736543996, -1.585052480530925494E-14, 5.931250000000000355 ) ) ;
#2921 = EDGE_CURVE ( 'NONE', #6294, #950, #564, .T. ) ;
#2922 = ORIENTED_EDGE ( 'NONE', *, *, #5843, .F. ) ;
#2923 = CARTESIAN_POINT ( 'NONE',  ( 0.000000000000000000, 2.478039673147883981, 6.076353935214375390 ) ) ;
#2924 = PLANE ( 'NONE',  #4557 ) ;
#2925 = CARTESIAN_POINT ( 'NONE',  ( -1.265060653844739536, -3.054126587736559095, -5.818750000000000533 ) ) ;
#2926 = VERTEX_POINT ( 'NONE', #1305 ) ;
#2927 = CARTESIAN_POINT ( 'NONE',  ( 3.005328598979836396, 0.4214895896941791564, 11.11969362862537558 ) ) ;
#2928 = CARTESIAN_POINT ( 'NONE',  ( 2.159593620790641655, -2.159593620790657198, -2.693749999999999645 ) ) ;
#2929 = CARTESIAN_POINT ( 'NONE',  ( 0.9736010864139306165, 2.350480947161671441, -2.912499999999998312 ) ) ;
#2930 = EDGE_CURVE ( 'NONE', #736, #1577, #7322, .T. ) ;
#2931 = ORIENTED_EDGE ( 'NONE', *, *, #4012, .T. ) ;
#2932 = CARTESIAN_POINT ( 'NONE',  ( 1.242640687119293874, -3.000000000000030198, -5.662500000000001421 ) ) ;
#2933 = CARTESIAN_POINT ( 'NONE',  ( 1.662041016787808356, 1.662041016787791925, 3.150000000000001688 ) ) ;
#2934 = ORIENTED_EDGE ( 'NONE', *, *, #6030, .T. ) ;
#2935 = CARTESIAN_POINT ( 'NONE',  ( -1.890894552087201141, 2.092592393007121743, 6.999640644335999973 ) ) ;
#2936 = CARTESIAN_POINT ( 'NONE',  ( -2.350480947161686984, -0.9736010864139431620, -8.412499999999997868 ) ) ;
#2937 = CARTESIAN_POINT ( 'NONE',  ( -3.000000000000015987, 1.242640687119277665, -5.162499999999999645 ) ) ;
#2938 = CARTESIAN_POINT ( 'NONE',  ( -1.177184601738059166, 0.8632880660056505562, 12.23971270034656733 ) ) ;
#2939 = LINE ( 'NONE', #5247, #201 ) ;
#2940 = CARTESIAN_POINT ( 'NONE',  ( 0.4707973867033318216, 3.130631860001520383, 11.81978164122127950 ) ) ;
#2941 = CARTESIAN_POINT ( 'NONE',  ( 3.000000000000015543, -1.242640687119308529, -10.53749999999999787 ) ) ;
#2942 = DIRECTION ( 'NONE',  ( -0.000000000000000000, -1.224646799147353207E-16, 1.000000000000000000 ) ) ;
#2943 = CARTESIAN_POINT ( 'NONE',  ( 2.350480947161686540, 0.9736010864139147403, -5.037499999999998757 ) ) ;
#2944 = EDGE_LOOP ( 'NONE', ( #4852, #1774, #6373, #6514 ) ) ;
#2945 = DIRECTION ( 'NONE',  ( -3.552713678800500929E-15, -1.000000000000000000, 0.000000000000000000 ) ) ;
#2946 = CARTESIAN_POINT ( 'NONE',  ( -1.177184601738059166, 0.8632880660056505562, 12.23971270034656733 ) ) ;
#2947 = CARTESIAN_POINT ( 'NONE',  ( 2.121320343559653931, -2.121320343559669475, -4.599999999999998757 ) ) ;
#2948 = CARTESIAN_POINT ( 'NONE',  ( -0.9736010864139292842, -2.350480947161702083, 2.587500000000000355 ) ) ;
#2949 = CARTESIAN_POINT ( 'NONE',  ( -3.673940397442080083E-16, -3.000000000000030642, -8.724999999999997868 ) ) ;
#2950 = CARTESIAN_POINT ( 'NONE',  ( 2.350480947161686984, -1.439889397325364027E-14, -10.97499999999999787 ) ) ;
#2951 = CARTESIAN_POINT ( 'NONE',  ( -2.878508968398398972E-16, -2.350480947161702527, 0.7750000000000022427 ) ) ;
#2952 = CARTESIAN_POINT ( 'NONE',  ( 2.159593620790641655, -2.159593620790658086, 5.306250000000000355 ) ) ;
#2953 = ORIENTED_EDGE ( 'NONE', *, *, #208, .F. ) ;
#2954 = CARTESIAN_POINT ( 'NONE',  ( -3.000000000000016431, -1.389057720304717237E-14, -10.09999999999999964 ) ) ;
#2955 = LINE ( 'NONE', #3557, #3350 ) ;
#2956 = CARTESIAN_POINT ( 'NONE',  ( -2.159593620790641655, -2.159593620790656310, -5.881250000000000533 ) ) ;
#2957 = CARTESIAN_POINT ( 'NONE',  ( -2.121320343559653931, -2.121320343559669030, -5.974999999999999645 ) ) ;
#2958 =( BOUNDED_CURVE ( )  B_SPLINE_CURVE ( 2, ( #7178, #7105, #3751, #4817, #4244, #3714, #2609, #6544, #5457 ),
 .UNSPECIFIED., .F., .F. ) 
 B_SPLINE_CURVE_WITH_KNOTS ( ( 3, 2, 2, 2, 3 ),
 ( 0.5625000000000001110, 0.5781250000000001110, 0.5937500000000002220, 0.6093750000000002220, 0.6250000000000002220 ),
 .UNSPECIFIED. ) 
 CURVE ( )  GEOMETRIC_REPRESENTATION_ITEM ( )  RATIONAL_B_SPLINE_CURVE ( ( 0.9999999999999994449, 0.9238795325112872936, 1.000000000000000000, 0.9238795325112867385, 1.000000000000000000, 0.9238795325112867385, 1.000000000000000000, 0.9238795325112856283, 1.000000000000001110 ) ) 
 REPRESENTATION_ITEM ( '' )  );
#2959 = CARTESIAN_POINT ( 'NONE',  ( 0.000000000000000000, 3.000000000000000444, 5.650000000000000355 ) ) ;
#2960 = CARTESIAN_POINT ( 'NONE',  ( 3.054126587736543996, 1.265060653844724436, -2.506250000000000089 ) ) ;
#2961 = CARTESIAN_POINT ( 'NONE',  ( 1.662041016787808356, 1.662041016787792591, -2.974999999999998312 ) ) ;
#2962 = ORIENTED_EDGE ( 'NONE', *, *, #6854, .T. ) ;
#2963 = CARTESIAN_POINT ( 'NONE',  ( -0.7184349058610355332, -2.237992843824711198, 5.725889215912940422 ) ) ;
#2964 = CARTESIAN_POINT ( 'NONE',  ( -0.9736010864139290621, 2.350480947161670997, 4.337500000000002132 ) ) ;
#2965 = EDGE_CURVE ( 'NONE', #4283, #2353, #4911, .T. ) ;
#2966 = ORIENTED_EDGE ( 'NONE', *, *, #749, .F. ) ;
#2967 = AXIS2_PLACEMENT_3D ( 'NONE', #5043, #4587, #7403 ) ;
#2968 = CARTESIAN_POINT ( 'NONE',  ( -1.745401658083870267, 2.211300469842083949, 6.991154401432563503 ) ) ;
#2969 = CARTESIAN_POINT ( 'NONE',  ( 0.9736010864139287291, -2.350480947161702083, -6.162499999999999645 ) ) ;
#2970 = CARTESIAN_POINT ( 'NONE',  ( 3.582545006821692742E-15, -1.440044418889681253E-15, 11.81363098836964909 ) ) ;
#2971 = CARTESIAN_POINT ( 'NONE',  ( 1.662041016787808356, 1.662041016787793035, -4.849999999999998757 ) ) ;
#2972 = CARTESIAN_POINT ( 'NONE',  ( 1.242640687119298093, -3.000000000000026201, -5.787500000000000533 ) ) ;
#2973 = EDGE_CURVE ( 'NONE', #4604, #604, #6523, .T. ) ;
#2974 = CARTESIAN_POINT ( 'NONE',  ( -2.159593620790641655, 2.159593620790625668, 4.868749999999999467 ) ) ;
#2975 = CARTESIAN_POINT ( 'NONE',  ( 0.4639314746820055735, 3.137372266755806383, 11.81783640862403750 ) ) ;
#2976 = CARTESIAN_POINT ( 'NONE',  ( 0.000000000000000000, 3.000000000000000444, 3.650000000000000355 ) ) ;
#2977 = AXIS2_PLACEMENT_3D ( 'NONE', #2970, #4141, #2472 ) ;
#2978 = CARTESIAN_POINT ( 'NONE',  ( -1.662041016787808134, -1.662041016787824121, 8.525000000000002132 ) ) ;
#2979 = CARTESIAN_POINT ( 'NONE',  ( 1.265060653844741090, 3.054126587736529341, -12.31874999999999964 ) ) ;
#2980 = ORIENTED_EDGE ( 'NONE', *, *, #7266, .T. ) ;
#2981 = TOROIDAL_SURFACE ( 'NONE', #1641, 1.883088572098873037, 4.116911427901126963 ) ;
#2982 = CARTESIAN_POINT ( 'NONE',  ( 1.242640687119298093, -3.000000000000026645, -2.787499999999999645 ) ) ;
#2983 = CARTESIAN_POINT ( 'NONE',  ( 3.000000000000015987, 1.242640687119277221, 3.587500000000000355 ) ) ;
#2984 = CONICAL_SURFACE ( 'NONE', #5285, 3.050799999999997070, 0.3490658503988666728 ) ;
#2985 = CARTESIAN_POINT ( 'NONE',  ( 3.000000000000015987, 1.242640687119278553, -8.537499999999999645 ) ) ;
#2986 = CARTESIAN_POINT ( 'NONE',  ( 2.350480947161686984, -1.684818757154834955E-14, 9.025000000000002132 ) ) ;
#2987 = CARTESIAN_POINT ( 'NONE',  ( -3.076575913768317516, 0.4967494505816854589, 11.83666282597237895 ) ) ;
#2988 = CARTESIAN_POINT ( 'NONE',  ( -2.350480947161686984, -1.400688919944606665E-14, -9.474999999999997868 ) ) ;
#2989 = CARTESIAN_POINT ( 'NONE',  ( 0.000000000000000000, 2.350480947161671441, 0.2750000000000017986 ) ) ;
#2990 = CARTESIAN_POINT ( 'NONE',  ( -2.159593620790641655, -2.159593620790658086, 8.056250000000000355 ) ) ;
#2991 = ADVANCED_FACE ( 'NONE', ( #3158 ), #889, .T. ) ;
#2992 = ORIENTED_EDGE ( 'NONE', *, *, #5580, .T. ) ;
#2993 = CARTESIAN_POINT ( 'NONE',  ( -3.000000000000015987, -1.242640687119306087, -10.03750000000000142 ) ) ;
#2994 = FACE_OUTER_BOUND ( 'NONE', #4191, .T. ) ;
#2995 = CARTESIAN_POINT ( 'NONE',  ( -0.9736010864139290621, 2.350480947161671885, -0.7874999999999983125 ) ) ;
#2996 = CARTESIAN_POINT ( 'NONE',  ( 1.662041016787807912, -1.662041016787822789, -5.224999999999998757 ) ) ;
#2997 = CARTESIAN_POINT ( 'NONE',  ( -3.740226349862386965E-16, -3.054126587736559539, -2.818749999999999645 ) ) ;
#2998 = CARTESIAN_POINT ( 'NONE',  ( 0.000000000000000000, 2.350480947161671885, -1.849999999999998312 ) ) ;
#2999 = ORIENTED_EDGE ( 'NONE', *, *, #5426, .F. ) ;
#3000 = CARTESIAN_POINT ( 'NONE',  ( 0.8632880660056355682, -1.177184601738071379, 12.23971270034656733 ) ) ;
#3001 = CARTESIAN_POINT ( 'NONE',  ( 2.350480947161686540, -0.9736010864139463816, 4.962500000000002132 ) ) ;
#3002 = CARTESIAN_POINT ( 'NONE',  ( 2.350480947161686984, -1.439889397325364027E-14, -10.97499999999999787 ) ) ;
#3003 =( BOUNDED_CURVE ( )  B_SPLINE_CURVE ( 2, ( #5453, #267, #6653, #2567, #1471, #3784, #6090, #906, #5532 ),
 .UNSPECIFIED., .F., .F. ) 
 B_SPLINE_CURVE_WITH_KNOTS ( ( 3, 2, 2, 2, 3 ),
 ( 0.5625000000000001110, 0.5781250000000001110, 0.5937500000000000000, 0.6093750000000000000, 0.6250000000000000000 ),
 .UNSPECIFIED. ) 
 CURVE ( )  GEOMETRIC_REPRESENTATION_ITEM ( )  RATIONAL_B_SPLINE_CURVE ( ( 0.9999999999999994449, 0.9238795325112872936, 1.000000000000000000, 0.9238795325112867385, 1.000000000000000000, 0.9238795325112867385, 1.000000000000000000, 0.9238795325112867385, 1.000000000000000000 ) ) 
 REPRESENTATION_ITEM ( '' )  );
#3004 = CARTESIAN_POINT ( 'NONE',  ( -2.878508968398398972E-16, -2.350480947161702083, -2.224999999999998312 ) ) ;
#3005 = ORIENTED_EDGE ( 'NONE', *, *, #1031, .T. ) ;
#3006 = CARTESIAN_POINT ( 'NONE',  ( -3.740226349862386965E-16, -3.054126587736558651, -7.818749999999999645 ) ) ;
#3007 = CARTESIAN_POINT ( 'NONE',  ( -2.350480947161686984, -1.400688919944606665E-14, -9.474999999999997868 ) ) ;
#3008 = FACE_OUTER_BOUND ( 'NONE', #1550, .T. ) ;
#3009 = CARTESIAN_POINT ( 'NONE',  ( -2.350480947161686984, -0.9736010864139438281, -3.412499999999998312 ) ) ;
#3010 = CARTESIAN_POINT ( 'NONE',  ( -2.477083431181052564, 1.302419609599384520, -11.93256817115877411 ) ) ;
#3011 = CARTESIAN_POINT ( 'NONE',  ( 0.000000000000000000, 3.000000000000000888, -0.2250000000000001166 ) ) ;
#3012 = CARTESIAN_POINT ( 'NONE',  ( 3.054126587736543996, -1.265060653844756855, 5.431250000000000355 ) ) ;
#3013 = CARTESIAN_POINT ( 'NONE',  ( 2.350480947161686984, -1.450605056817903668E-14, -10.09999999999999787 ) ) ;
#3014 = CARTESIAN_POINT ( 'NONE',  ( 0.000000000000000000, -5.633246651616940603, 10.17913888994144145 ) ) ;
#3015 = CARTESIAN_POINT ( 'NONE',  ( -2.350480947161686984, 0.9736010864139129639, 8.337500000000000355 ) ) ;
#3016 = CARTESIAN_POINT ( 'NONE',  ( 2.159593620790642099, 2.159593620790627000, -11.38125000000000142 ) ) ;
#3017 = ORIENTED_EDGE ( 'NONE', *, *, #3086, .T. ) ;
#3018 = EDGE_CURVE ( 'NONE', #3176, #5847, #7233, .T. ) ;
#3019 = CARTESIAN_POINT ( 'NONE',  ( 1.242640687119274112, -3.000000000000050182, 6.337499999999998579 ) ) ;
#3020 = CARTESIAN_POINT ( 'NONE',  ( 3.058033318125262134, 0.3057325481516299792, 10.76374999999999815 ) ) ;
#3021 = CARTESIAN_POINT ( 'NONE',  ( 3.000000000000015543, -1.242640687119308751, -4.537500000000000533 ) ) ;
#3022 = CARTESIAN_POINT ( 'NONE',  ( 1.662041016787808356, 1.662041016787792147, 2.025000000000001688 ) ) ;
#3023 = CARTESIAN_POINT ( 'NONE',  ( 1.058453292898872133, -0.7445567571664514217, 10.76374999999999815 ) ) ;
#3024 = CARTESIAN_POINT ( 'NONE',  ( 0.000000000000000000, 2.350480947161672773, -10.72499999999999787 ) ) ;
#3025 = CARTESIAN_POINT ( 'NONE',  ( 2.350480947161686984, -1.599093481214520351E-14, 2.025000000000001688 ) ) ;
#3026 = CARTESIAN_POINT ( 'NONE',  ( 3.054126587736543996, -1.265060653844757077, 6.368749999999999467 ) ) ;
#3027 = B_SPLINE_CURVE_WITH_KNOTS ( 'NONE', 3,
 ( #583, #5838, #5233, #6399, #5769, #2280, #688, #5805, #3489, #4055, #615, #4092, #6364, #5164, #5266, #1179 ),
 .UNSPECIFIED., .F., .F.,
 ( 4, 3, 3, 3, 3, 4 ),
 ( 0.000000000000000000, 2.927462721033385239E-05, 5.856014464051504813E-05, 8.769709714780543608E-05, 0.0001167907553591530863, 0.0001273437871731208254 ),
 .UNSPECIFIED. ) ;
#3028 = VERTEX_POINT ( 'NONE', #3235 ) ;
#3029 = CARTESIAN_POINT ( 'NONE',  ( -4.591827268229033308E-16, -0.5508000000000015106, 12.34999999999999964 ) ) ;
#3030 = CARTESIAN_POINT ( 'NONE',  ( 2.350480947161686540, 0.9736010864139139631, 1.962500000000001688 ) ) ;
#3031 = CARTESIAN_POINT ( 'NONE',  ( -2.350480947161686984, -1.448143983411566693E-14, -5.599999999999997868 ) ) ;
#3032 = CARTESIAN_POINT ( 'NONE',  ( -1.265060653844739091, 3.054126587736528897, -3.256249999999999645 ) ) ;
#3033 = CARTESIAN_POINT ( 'NONE',  ( 2.350480947161686984, -1.536330332758218588E-14, -3.099999999999998757 ) ) ;
#3034 = VERTEX_POINT ( 'NONE', #7122 ) ;
#3035 = CARTESIAN_POINT ( 'NONE',  ( -3.673940397442080083E-16, -3.000000000000032863, 7.149999999999999467 ) ) ;
#3036 = CARTESIAN_POINT ( 'NONE',  ( -1.662041016787808134, -1.662041016787823455, 3.650000000000001243 ) ) ;
#3037 = CARTESIAN_POINT ( 'NONE',  ( -3.673940397442080083E-16, -3.000000000000031530, -2.725000000000000089 ) ) ;
#3038 = CARTESIAN_POINT ( 'NONE',  ( -2.350480947161686984, 0.9736010864139145182, -3.537499999999998312 ) ) ;
#3039 = VERTEX_POINT ( 'NONE', #5474 ) ;
#3040 = CARTESIAN_POINT ( 'NONE',  ( 1.265060653844741090, 3.054126587736528897, -7.381249999999999645 ) ) ;
#3041 = CARTESIAN_POINT ( 'NONE',  ( 2.350480947161686540, -0.9736010864139463816, 4.837500000000001243 ) ) ;
#3042 = CARTESIAN_POINT ( 'NONE',  ( 1.662041016787808356, 1.662041016787793479, -9.849999999999997868 ) ) ;
#3043 = CARTESIAN_POINT ( 'NONE',  ( 2.306118392331844816E-16, 1.883088572098871483, 9.468415858748846503 ) ) ;
#3044 = CARTESIAN_POINT ( 'NONE',  ( 2.350480947161686984, -1.525614673265678947E-14, -3.974999999999998312 ) ) ;
#3045 = CARTESIAN_POINT ( 'NONE',  ( -2.844728626000461169, 0.06454783693768639807, -11.88573005699323737 ) ) ;
#3046 = CARTESIAN_POINT ( 'NONE',  ( -1.058453292898866804, 0.7445567571664561957, 10.76374999999999815 ) ) ;
#3047 =( BOUNDED_CURVE ( )  B_SPLINE_CURVE ( 2, ( #1758, #2441, #4076, #4762, #3581, #6383, #1871, #4230, #6530 ),
 .UNSPECIFIED., .F., .T. ) 
 B_SPLINE_CURVE_WITH_KNOTS ( ( 3, 2, 2, 2, 3 ),
 ( 0.7499999999999997780, 0.7656249999999997780, 0.7812499999999998890, 0.7968750000000000000, 0.8125000000000000000 ),
 .UNSPECIFIED. ) 
 CURVE ( )  GEOMETRIC_REPRESENTATION_ITEM ( )  RATIONAL_B_SPLINE_CURVE ( ( 1.000000000000001110, 0.9238795325112856283, 1.000000000000000000, 0.9238795325112867385, 1.000000000000000000, 0.9238795325112867385, 1.000000000000000000, 0.9238795325112867385, 1.000000000000000000 ) ) 
 REPRESENTATION_ITEM ( '' )  );
#3048 = CARTESIAN_POINT ( 'NONE',  ( -3.054126587736543996, 1.265060653844723770, 3.931249999999999911 ) ) ;
#3049 = CARTESIAN_POINT ( 'NONE',  ( 1.662041016787808356, 1.662041016787793257, -7.974999999999999645 ) ) ;
#3050 = LINE ( 'NONE', #2479, #4567 ) ;
#3051 = FACE_OUTER_BOUND ( 'NONE', #5950, .T. ) ;
#3052 = CARTESIAN_POINT ( 'NONE',  ( -2.159593620790641655, -2.159593620790655422, -11.88125000000000142 ) ) ;
#3053 = ORIENTED_EDGE ( 'NONE', *, *, #1392, .F. ) ;
#3054 = DIRECTION ( 'NONE',  ( 0.000000000000000000, -1.000000000000000000, 0.000000000000000000 ) ) ;
#3055 = CARTESIAN_POINT ( 'NONE',  ( 0.000000000000000000, -3.000000000000003997, 12.34999999999999964 ) ) ;
#3056 = CARTESIAN_POINT ( 'NONE',  ( 1.662041016787808356, 1.662041016787792591, -2.974999999999998312 ) ) ;
#3057 = EDGE_CURVE ( 'NONE', #3421, #6063, #3095, .T. ) ;
#3058 = CARTESIAN_POINT ( 'NONE',  ( 0.9736010864139287291, -2.350480947161703860, 7.837500000000000355 ) ) ;
#3059 = FACE_OUTER_BOUND ( 'NONE', #6219, .T. ) ;
#3060 = CARTESIAN_POINT ( 'NONE',  ( 2.350480947161686984, -1.501121737282731917E-14, -5.974999999999998757 ) ) ;
#3061 = CARTESIAN_POINT ( 'NONE',  ( 0.4589809139927956694, -3.038542558514115033, 11.47639975187394867 ) ) ;
#3062 = CARTESIAN_POINT ( 'NONE',  ( 0.9736010864139306165, 2.350480947161670997, 2.212500000000001688 ) ) ;
#3063 = CLOSED_SHELL ( 'NONE', ( #4140, #6141, #6392, #7442, #1829, #7375, #5438, #705, #6472, #6809, #296, #67, #5983, #2857, #1299, #5083, #6125, #7400, #3806, #4757, #6114, #1802, #1227, #1324, #5254, #2991, #1403, #2361, #7168, #4546, #3877, #6170, #3504, #1116, #6760, #6663, #4691, #7373, #843, #4683, #4101, #5751, #6351, #3768, #3614, #2414, #3399, #5022, #1997, #7468, #2765, #5804, #393, #1980, #1645, #5328, #6079, #4799, #288, #6229, #1902, #1720, #5666, #5549, #6620, #1575, #6264, #4401, #3866, #3414, #4263, #5243, #2554, #7085, #758, #6343, #5200, #2406, #6365, #5113, #435, #773, #6527, #3434, #2077, #3988, #4227, #1309, #7306, #7335, #4270, #4703, #5676, #1459, #3391, #3295, #2040, #5780, #893, #2012, #2384, #5904, #3068, #1485, #7454, #1630, #6939, #1857, #3255 ) ) ;
#3064 = EDGE_LOOP ( 'NONE', ( #5802, #1398, #6148, #4676 ) ) ;
#3065 = CARTESIAN_POINT ( 'NONE',  ( -3.133884491904693093, -0.4681485676321534006, 11.81881367368263902 ) ) ;
#3066 = CARTESIAN_POINT ( 'NONE',  ( -3.000000000000015987, -1.242640687119308085, 5.087500000000001243 ) ) ;
#3067 = CARTESIAN_POINT ( 'NONE',  ( 1.265060653844738425, -3.054126587736560872, -1.693750000000000755 ) ) ;
#3068 = ADVANCED_FACE ( 'NONE', ( #6110 ), #6480, .T. ) ;
#3069 = CARTESIAN_POINT ( 'NONE',  ( -2.121320343559653931, 2.121320343559639277, -6.224999999999999645 ) ) ;
#3070 = CARTESIAN_POINT ( 'NONE',  ( -0.9736010864139290621, 2.350480947161673662, -11.78749999999999964 ) ) ;
#3071 = CARTESIAN_POINT ( 'NONE',  ( 2.159593620790642099, 2.159593620790626112, -0.4437499999999997002 ) ) ;
#3072 = CARTESIAN_POINT ( 'NONE',  ( 2.121320343559654820, 2.121320343559637944, 4.650000000000000355 ) ) ;
#3073 = ORIENTED_EDGE ( 'NONE', *, *, #5380, .F. ) ;
#3074 = CARTESIAN_POINT ( 'NONE',  ( -1.242640687119309639, -3.000000000000016431, 6.212499999999998579 ) ) ;
#3075 = CARTESIAN_POINT ( 'NONE',  ( 1.662041016787808356, 1.662041016787791703, 4.150000000000002132 ) ) ;
#3076 = CARTESIAN_POINT ( 'NONE',  ( 8.636730598685886714E-13, 2.603512565156978376, 6.421087872763027171 ) ) ;
#3077 = CARTESIAN_POINT ( 'NONE',  ( 2.350480947161686540, -0.9736010864139452714, -4.037499999999998757 ) ) ;
#3078 = ORIENTED_EDGE ( 'NONE', *, *, #1074, .F. ) ;
#3079 = CARTESIAN_POINT ( 'NONE',  ( 3.054126587736543996, -1.265060653844755301, -9.631250000000001421 ) ) ;
#3080 = CARTESIAN_POINT ( 'NONE',  ( -0.9736010864139292842, -2.350480947161702527, 3.587500000000001243 ) ) ;
#3081 = CARTESIAN_POINT ( 'NONE',  ( 0.9736010864139287291, -2.350480947161701639, -11.28749999999999964 ) ) ;
#3082 = CARTESIAN_POINT ( 'NONE',  ( -1.242640687119292542, -3.000000000000031530, -4.912500000000000533 ) ) ;
#3083 = FACE_OUTER_BOUND ( 'NONE', #4137, .T. ) ;
#3084 = CARTESIAN_POINT ( 'NONE',  ( -2.132415912808155234, -1.999944735443420107, -11.80736460551784184 ) ) ;
#3085 = CARTESIAN_POINT ( 'NONE',  ( 1.242640687119291210, -3.000000000000031974, -9.662500000000001421 ) ) ;
#3086 = EDGE_CURVE ( 'NONE', #4174, #5230, #5943, .T. ) ;
#3087 = AXIS2_PLACEMENT_3D ( 'NONE', #1244, #3633, #581 ) ;
#3088 = CARTESIAN_POINT ( 'NONE',  ( 3.054126587736543996, 1.265060653844723992, 5.556250000000001243 ) ) ;
#3089 = CARTESIAN_POINT ( 'NONE',  ( -1.662041016787808134, -1.662041016787821901, -8.474999999999997868 ) ) ;
#3090 = CARTESIAN_POINT ( 'NONE',  ( -3.000000000000015987, -1.242640687119308085, 3.962499999999999911 ) ) ;
#3091 = CARTESIAN_POINT ( 'NONE',  ( -3.000000000000016431, -1.525299676709860405E-14, 1.025000000000000133 ) ) ;
#3092 = CARTESIAN_POINT ( 'NONE',  ( -3.054126587736543996, -1.377627928925342679E-14, -11.00624999999999964 ) ) ;
#3093 = VERTEX_POINT ( 'NONE', #1379 ) ;
#3094 = AXIS2_PLACEMENT_3D ( 'NONE', #5925, #822, #5147 ) ;
#3095 =( BOUNDED_CURVE ( )  B_SPLINE_CURVE ( 2, ( #1454, #2018, #1941, #1528, #1418, #4259, #2055, #5510, #1488 ),
 .UNSPECIFIED., .F., .F. ) 
 B_SPLINE_CURVE_WITH_KNOTS ( ( 3, 2, 2, 2, 3 ),
 ( 0.6875000000000000000, 0.7031250000000000000, 0.7187500000000001110, 0.7343750000000002220, 0.7500000000000002220 ),
 .UNSPECIFIED. ) 
 CURVE ( )  GEOMETRIC_REPRESENTATION_ITEM ( )  RATIONAL_B_SPLINE_CURVE ( ( 1.000000000000000000, 0.9238795325112867385, 1.000000000000000000, 0.9238795325112867385, 1.000000000000000000, 0.9238795325112867385, 1.000000000000000000, 0.9238795325112856283, 1.000000000000001110 ) ) 
 REPRESENTATION_ITEM ( '' )  );
#3096 = FACE_OUTER_BOUND ( 'NONE', #402, .T. ) ;
#3097 = DIRECTION ( 'NONE',  ( 0.3826834323650902814, -0.9238795325112866275, -0.000000000000000000 ) ) ;
#3098 = CIRCLE ( 'NONE', #2365, 9.705139063893136964 ) ;
#3099 = CARTESIAN_POINT ( 'NONE',  ( 2.350480947161686540, 0.9736010864139145182, -3.037499999999998757 ) ) ;
#3100 = CARTESIAN_POINT ( 'NONE',  ( 1.662041016787807912, -1.662041016787823677, 1.775000000000001021 ) ) ;
#3101 = CARTESIAN_POINT ( 'NONE',  ( -1.177184601738067382, -0.8632880660056415634, 12.23971270034656911 ) ) ;
#3102 = CARTESIAN_POINT ( 'NONE',  ( 1.662041016787807912, -1.662041016787822567, -7.099999999999998757 ) ) ;
#3103 = EDGE_CURVE ( 'NONE', #7411, #2577, #2553, .T. ) ;
#3104 = CARTESIAN_POINT ( 'NONE',  ( 1.813009153528928552, -2.339990342630425157, -11.77071814068957956 ) ) ;
#3105 = CARTESIAN_POINT ( 'NONE',  ( -2.350480947161686984, -0.9736010864139444942, 1.587500000000001688 ) ) ;
#3106 = ORIENTED_EDGE ( 'NONE', *, *, #5336, .F. ) ;
#3107 = CARTESIAN_POINT ( 'NONE',  ( 0.000000000000000000, -9.368548013477250272E-16, 7.649999999999998579 ) ) ;
#3108 = EDGE_CURVE ( 'NONE', #4324, #1923, #3546, .T. ) ;
#3109 = PLANE ( 'NONE',  #4432 ) ;
#3110 = CARTESIAN_POINT ( 'NONE',  ( -1.265060653844739536, -3.054126587736559539, -3.818750000000000533 ) ) ;
#3111 = CARTESIAN_POINT ( 'NONE',  ( -2.971464112645123556, 0.3840784068098502257, 10.76374999999999815 ) ) ;
#3112 = CARTESIAN_POINT ( 'NONE',  ( -1.265060653844739536, -3.054126587736560428, 0.1187500000000007994 ) ) ;
#3113 = LINE ( 'NONE', #5425, #6468 ) ;
#3114 = ORIENTED_EDGE ( 'NONE', *, *, #3364, .F. ) ;
#3115 = CARTESIAN_POINT ( 'NONE',  ( -2.350480947161686984, -0.9736010864139444942, 2.587500000000001688 ) ) ;
#3116 = CARTESIAN_POINT ( 'NONE',  ( 2.350480947161686540, -0.9736010864139464926, 5.962500000000001243 ) ) ;
#3117 = EDGE_CURVE ( 'NONE', #1095, #96, #6715, .T. ) ;
#3118 = CARTESIAN_POINT ( 'NONE',  ( -0.9736010864139290621, 2.350480947161673217, -10.66249999999999787 ) ) ;
#3119 = CARTESIAN_POINT ( 'NONE',  ( 1.662041016787807912, -1.662041016787823677, 0.9000000000000014655 ) ) ;
#3120 = ORIENTED_EDGE ( 'NONE', *, *, #1755, .F. ) ;
#3121 = CARTESIAN_POINT ( 'NONE',  ( 2.159593620790641655, -2.159593620790656310, -8.693749999999999645 ) ) ;
#3122 = CARTESIAN_POINT ( 'NONE',  ( 1.662041016787807912, -1.662041016787824121, 4.775000000000001243 ) ) ;
#3123 = CARTESIAN_POINT ( 'NONE',  ( -2.350480947161686984, -0.9736010864139430510, -10.53749999999999787 ) ) ;
#3124 = CARTESIAN_POINT ( 'NONE',  ( 8.544238906678659773E-14, -2.628423406328327605, 6.489529846380927225 ) ) ;
#3125 = CARTESIAN_POINT ( 'NONE',  ( 0.9736010864139306165, 2.350480947161671441, -0.7874999999999983125 ) ) ;
#3126 = CARTESIAN_POINT ( 'NONE',  ( -1.920069274056086073, -1.744345385937252191, 6.380210370324411073 ) ) ;
#3127 = CARTESIAN_POINT ( 'NONE',  ( -3.058033318125262134, -0.3057325481516325327, 10.76374999999999815 ) ) ;
#3128 = CARTESIAN_POINT ( 'NONE',  ( 2.159593620790641655, -2.159593620790658086, 3.368749999999999467 ) ) ;
#3129 = EDGE_CURVE ( 'NONE', #1510, #4459, #7413, .T. ) ;
#3130 = CARTESIAN_POINT ( 'NONE',  ( -2.878508968398398972E-16, -2.350480947161701195, -10.34999999999999787 ) ) ;
#3131 = CARTESIAN_POINT ( 'NONE',  ( 1.958985401828527317, 1.712962723959166933, -12.12764021449569363 ) ) ;
#3132 = CARTESIAN_POINT ( 'NONE',  ( 0.6425183929036085706, 2.509518437528580392, 6.371313358955161377 ) ) ;
#3133 = CARTESIAN_POINT ( 'NONE',  ( -3.054126587736543996, -1.265060653844752858, -9.943749999999999645 ) ) ;
#3134 = ORIENTED_EDGE ( 'NONE', *, *, #4881, .T. ) ;
#3135 = CARTESIAN_POINT ( 'NONE',  ( 0.000000000000000000, -2.044870920353165796E-15, 12.34999999999999964 ) ) ;
#3136 = DIRECTION ( 'NONE',  ( 0.000000000000000000, -1.000000000000000000, 0.000000000000000000 ) ) ;
#3137 = CARTESIAN_POINT ( 'NONE',  ( -2.350480947161686984, -1.460390451403040208E-14, -4.599999999999997868 ) ) ;
#3138 = CARTESIAN_POINT ( 'NONE',  ( 2.418320246579027444, 0.07957597916227700241, 5.874221696937823367 ) ) ;
#3139 = CARTESIAN_POINT ( 'NONE',  ( 1.333837303016313536, -2.555512348429096026, 7.151615005646370982 ) ) ;
#3140 = CARTESIAN_POINT ( 'NONE',  ( -0.9736010864139290621, 2.350480947161671441, 2.337500000000002132 ) ) ;
#3141 = EDGE_LOOP ( 'NONE', ( #4521, #1209, #7341, #6144 ) ) ;
#3142 = CARTESIAN_POINT ( 'NONE',  ( 0.000000000000000000, -2.044870920353165796E-15, 12.34999999999999964 ) ) ;
#3143 = CARTESIAN_POINT ( 'NONE',  ( 1.242640687119294984, -3.000000000000029310, -7.662499999999999645 ) ) ;
#3144 = CARTESIAN_POINT ( 'NONE',  ( -3.054126587736543996, -1.451106736874184083E-14, -5.006250000000000533 ) ) ;
#3145 = CARTESIAN_POINT ( 'NONE',  ( 3.057107592275124297, -0.3128050330941933299, 10.76374999999999815 ) ) ;
#3146 = CARTESIAN_POINT ( 'NONE',  ( -3.054126587736543996, -1.536066608565031750E-14, 1.931250000000000577 ) ) ;
#3147 = CARTESIAN_POINT ( 'NONE',  ( -3.673940397442080083E-16, -3.000000000000031974, 2.274999999999999467 ) ) ;
#3148 = ORIENTED_EDGE ( 'NONE', *, *, #4320, .F. ) ;
#3149 = CARTESIAN_POINT ( 'NONE',  ( 0.000000000000000000, 3.000000000000001332, -2.225000000000000533 ) ) ;
#3150 = CARTESIAN_POINT ( 'NONE',  ( -1.662041016787807912, 1.662041016787791925, 7.400000000000002132 ) ) ;
#3151 = CARTESIAN_POINT ( 'NONE',  ( -1.662041016787808134, -1.662041016787821901, -9.349999999999999645 ) ) ;
#3152 = CARTESIAN_POINT ( 'NONE',  ( -2.350480947161686984, -0.9736010864139444942, 1.587500000000002354 ) ) ;
#3153 = ORIENTED_EDGE ( 'NONE', *, *, #25, .T. ) ;
#3154 = CARTESIAN_POINT ( 'NONE',  ( -3.740226349862386965E-16, -3.054126587736558651, -8.818749999999999645 ) ) ;
#3155 = EDGE_CURVE ( 'NONE', #6011, #7351, #5170, .T. ) ;
#3156 = CARTESIAN_POINT ( 'NONE',  ( 2.350480947161686540, -0.9736010864139464926, 6.837500000000000355 ) ) ;
#3157 = CARTESIAN_POINT ( 'NONE',  ( 0.000000000000000000, 2.350480947161672329, -4.724999999999997868 ) ) ;
#3158 = FACE_OUTER_BOUND ( 'NONE', #507, .T. ) ;
#3159 = CARTESIAN_POINT ( 'NONE',  ( 0.9736010864139287291, -2.350480947161702083, -2.162499999999997868 ) ) ;
#3160 = CARTESIAN_POINT ( 'NONE',  ( 1.995859359895139740, -0.5275177333914341515, 12.12848403016564625 ) ) ;
#3161 = DIRECTION ( 'NONE',  ( -0.000000000000000000, -1.224646799147353207E-16, 1.000000000000000000 ) ) ;
#3162 = ORIENTED_EDGE ( 'NONE', *, *, #4217, .T. ) ;
#3163 = CARTESIAN_POINT ( 'NONE',  ( 2.350480947161686540, 0.9736010864139154064, -10.03749999999999787 ) ) ;
#3164 = CARTESIAN_POINT ( 'NONE',  ( 1.234161308616315234, 2.349261450610095281, -12.09103137137510586 ) ) ;
#3165 = DIRECTION ( 'NONE',  ( 0.9945218953682734009, -1.131980223180178074E-16, 0.1045284632676537068 ) ) ;
#3166 = CARTESIAN_POINT ( 'NONE',  ( 0.000000000000000000, 3.054126587736529341, -6.256250000000000533 ) ) ;
#3167 = ORIENTED_EDGE ( 'NONE', *, *, #3441, .T. ) ;
#3168 = CARTESIAN_POINT ( 'NONE',  ( 3.000000000000016431, -1.640110314129924921E-14, 4.399999999999999467 ) ) ;
#3169 = DIRECTION ( 'NONE',  ( 0.000000000000000000, -0.9967800569107644337, -0.08018427617041558320 ) ) ;
#3170 = CARTESIAN_POINT ( 'NONE',  ( 1.662041016787807912, -1.662041016787823011, -4.224999999999997868 ) ) ;
#3171 = CARTESIAN_POINT ( 'NONE',  ( -3.054126587736543996, -1.598064352771865946E-14, 6.993750000000000355 ) ) ;
#3172 = FACE_OUTER_BOUND ( 'NONE', #4090, .T. ) ;
#3173 = CARTESIAN_POINT ( 'NONE',  ( -2.878508968398398972E-16, -2.350480947161701639, -7.224999999999998757 ) ) ;
#3174 = DIRECTION ( 'NONE',  ( 0.9945218953682734009, 0.000000000000000000, -0.1045284632676529435 ) ) ;
#3175 = CARTESIAN_POINT ( 'NONE',  ( -0.9736010864139292842, -2.350480947161702083, 2.712500000000001243 ) ) ;
#3176 = VERTEX_POINT ( 'NONE', #6820 ) ;
#3177 = CARTESIAN_POINT ( 'NONE',  ( 0.3057325481516314780, 3.058033318125262134, 10.76374999999999815 ) ) ;
#3178 = EDGE_CURVE ( 'NONE', #997, #1143, #1760, .T. ) ;
#3179 = CARTESIAN_POINT ( 'NONE',  ( 3.000000000000015987, 1.242640687119278553, -7.412500000000001421 ) ) ;
#3180 = CARTESIAN_POINT ( 'NONE',  ( 3.054126587736543996, -1.556527433850115699E-14, -2.506250000000000533 ) ) ;
#3181 = DIRECTION ( 'NONE',  ( -0.000000000000000000, -1.224646799147353207E-16, 1.000000000000000000 ) ) ;
#3182 = CARTESIAN_POINT ( 'NONE',  ( -3.740226349862386965E-16, -3.054126587736559983, 1.181250000000000799 ) ) ;
#3183 = CARTESIAN_POINT ( 'NONE',  ( -3.000000000000016431, -1.537546144701333604E-14, 2.024999999999999911 ) ) ;
#3184 = ORIENTED_EDGE ( 'NONE', *, *, #7114, .F. ) ;
#3185 = CARTESIAN_POINT ( 'NONE',  ( -0.7184349058610355332, -2.237992843824711198, 5.725889215912940422 ) ) ;
#3186 = CARTESIAN_POINT ( 'NONE',  ( 1.662041016787807912, -1.662041016787822567, -7.099999999999998757 ) ) ;
#3187 = CARTESIAN_POINT ( 'NONE',  ( 2.350480947161686540, 0.9736010864139139631, 2.087500000000001688 ) ) ;
#3188 = ORIENTED_EDGE ( 'NONE', *, *, #1052, .F. ) ;
#3189 = CARTESIAN_POINT ( 'NONE',  ( 1.265060653844741090, 3.054126587736528453, -4.381250000000001421 ) ) ;
#3190 = CARTESIAN_POINT ( 'NONE',  ( 0.9736010864139306165, 2.350480947161670553, 6.087500000000001243 ) ) ;
#3191 = CARTESIAN_POINT ( 'NONE',  ( 2.350480947161686984, -1.513368205274205432E-14, -4.974999999999998757 ) ) ;
#3192 = CARTESIAN_POINT ( 'NONE',  ( 3.000000000000016431, -1.676849718104345150E-14, 7.400000000000000355 ) ) ;
#3193 = CARTESIAN_POINT ( 'NONE',  ( 2.350480947161686540, 0.9736010864139145182, -1.912499999999998535 ) ) ;
#3194 = CARTESIAN_POINT ( 'NONE',  ( -2.121320343559653931, 2.121320343559638832, 2.775000000000000355 ) ) ;
#3195 = CARTESIAN_POINT ( 'NONE',  ( -2.975025539244517958, -0.3840784068098215265, 10.76374999999999815 ) ) ;
#3196 = EDGE_CURVE ( 'NONE', #4343, #5387, #2703, .T. ) ;
#3197 = ORIENTED_EDGE ( 'NONE', *, *, #3713, .T. ) ;
#3198 = CARTESIAN_POINT ( 'NONE',  ( 1.662041016787808356, 1.662041016787793035, -5.974999999999998757 ) ) ;
#3199 = CARTESIAN_POINT ( 'NONE',  ( 1.803223062354823325, -1.664908914422828845, -12.27594361234601195 ) ) ;
#3200 = CARTESIAN_POINT ( 'NONE',  ( 1.868283014299820799, 1.733285538621292421, 6.255577600878832634 ) ) ;
#3201 = CARTESIAN_POINT ( 'NONE',  ( -3.740226349862386965E-16, -3.054126587736559095, -6.756250000000000533 ) ) ;
#3202 = ORIENTED_EDGE ( 'NONE', *, *, #4115, .F. ) ;
#3203 = LINE ( 'NONE', #4304, #2369 ) ;
#3204 = AXIS2_PLACEMENT_3D ( 'NONE', #156, #2455, #1178 ) ;
#3205 = EDGE_CURVE ( 'NONE', #3855, #1860, #1553, .T. ) ;
#3206 = CARTESIAN_POINT ( 'NONE',  ( -3.000000000000015987, -1.242640687119306309, -5.912500000000000533 ) ) ;
#3207 = CARTESIAN_POINT ( 'NONE',  ( -2.350480947161686984, -1.497129855377460752E-14, -1.599999999999998090 ) ) ;
#3208 = CARTESIAN_POINT ( 'NONE',  ( 0.3840784068098099802, -2.971464112645131106, 10.76374999999999815 ) ) ;
#3209 = CARTESIAN_POINT ( 'NONE',  ( 3.673940397442061840E-16, 2.999999999999999556, 12.34999999999999964 ) ) ;
#3210 = VECTOR ( 'NONE', #1692, 1000.000000000000000 ) ;
#3211 = CARTESIAN_POINT ( 'NONE',  ( 0.9736010864139287291, -2.350480947161702083, -7.162499999999999645 ) ) ;
#3212 = CARTESIAN_POINT ( 'NONE',  ( -0.5436799907859360959, -1.922160659580468112, 12.14276737506911452 ) ) ;
#3213 = CARTESIAN_POINT ( 'NONE',  ( 0.9736010864139287291, -2.350480947161701639, -11.28749999999999964 ) ) ;
#3214 = ORIENTED_EDGE ( 'NONE', *, *, #4167, .F. ) ;
#3215 = CARTESIAN_POINT ( 'NONE',  ( -1.662041016787807912, 1.662041016787792369, 3.400000000000002132 ) ) ;
#3216 = ORIENTED_EDGE ( 'NONE', *, *, #2504, .T. ) ;
#3217 = CARTESIAN_POINT ( 'NONE',  ( -3.124136323086221800, 0.3816727961795178259, 11.46821267412673784 ) ) ;
#3218 = AXIS2_PLACEMENT_3D ( 'NONE', #7041, #4179, #6487 ) ;
#3219 = CARTESIAN_POINT ( 'NONE',  ( 1.242640687119294984, -3.000000000000030198, -0.6625000000000005329 ) ) ;
#3220 = CARTESIAN_POINT ( 'NONE',  ( 3.054126587736543996, -1.544280965858642184E-14, -3.506250000000000533 ) ) ;
#3221 = CARTESIAN_POINT ( 'NONE',  ( 3.081781509970241473, 0.4966640741418585359, 11.83493107131888067 ) ) ;
#3222 = EDGE_CURVE ( 'NONE', #769, #4067, #7309, .T. ) ;
#3223 = CIRCLE ( 'NONE', #3465, 2.375000000000007105 ) ;
#3224 = CARTESIAN_POINT ( 'NONE',  ( 3.054126587736543996, 1.265060653844723992, 2.493750000000000355 ) ) ;
#3225 = CARTESIAN_POINT ( 'NONE',  ( -1.662041016787807912, 1.662041016787792591, 1.275000000000001910 ) ) ;
#3226 = VERTEX_POINT ( 'NONE', #4445 ) ;
#3227 = CARTESIAN_POINT ( 'NONE',  ( -1.662041016787808134, -1.662041016787823677, 4.650000000000001243 ) ) ;
#3228 = VECTOR ( 'NONE', #6951, 1000.000000000000000 ) ;
#3229 = CARTESIAN_POINT ( 'NONE',  ( 0.9736010864139306165, 2.350480947161671885, -6.787500000000000533 ) ) ;
#3230 = CARTESIAN_POINT ( 'NONE',  ( 0.9736010864139306165, 2.350480947161670997, 1.212500000000002132 ) ) ;
#3231 = EDGE_LOOP ( 'NONE', ( #1493, #899, #7217, #2735 ) ) ;
#3232 = PRODUCT_DEFINITION_FORMATION_WITH_SPECIFIED_SOURCE ( 'ANY', '', #4208, .NOT_KNOWN. ) ;
#3233 = CARTESIAN_POINT ( 'NONE',  ( 1.662041016787807912, -1.662041016787824566, 8.775000000000002132 ) ) ;
#3234 = CARTESIAN_POINT ( 'NONE',  ( -0.9736010864139290621, 2.350480947161672329, -5.662499999999997868 ) ) ;
#3235 = CARTESIAN_POINT ( 'NONE',  ( -2.044095216605290588, -0.3840784068098210824, 10.76374999999999815 ) ) ;
#3236 = CARTESIAN_POINT ( 'NONE',  ( -1.662041016787807912, 1.662041016787793035, -2.599999999999998312 ) ) ;
#3237 = CARTESIAN_POINT ( 'NONE',  ( -2.420167763077770484, -0.8804171007811296690, 6.328678157392518600 ) ) ;
#3238 = CARTESIAN_POINT ( 'NONE',  ( -3.050289141263780923, -0.3339643013229468549, 10.76374999999999815 ) ) ;
#3239 = EDGE_LOOP ( 'NONE', ( #7321, #4865, #2213, #2891 ) ) ;
#3240 = DIRECTION ( 'NONE',  ( 0.000000000000000000, -1.000000000000000000, 0.000000000000000000 ) ) ;
#3241 = CARTESIAN_POINT ( 'NONE',  ( 2.413163066042152138, 0.8671246096868087117, -12.16579162421185956 ) ) ;
#3242 = CARTESIAN_POINT ( 'NONE',  ( 1.883831193635314927, -1.555230390887182512, 5.964739843845546119 ) ) ;
#3243 = CARTESIAN_POINT ( 'NONE',  ( 3.054126587736543996, -1.265060653844755301, -7.568750000000001421 ) ) ;
#3244 = CARTESIAN_POINT ( 'NONE',  ( -3.125570367958554474, 0.3831821998184015698, 11.48214195384787217 ) ) ;
#3245 = EDGE_LOOP ( 'NONE', ( #828, #5988, #1570, #568 ) ) ;
#3246 = CARTESIAN_POINT ( 'NONE',  ( 0.000000000000000000, 3.183625345212607538, 11.81363098836948744 ) ) ;
#3247 = CARTESIAN_POINT ( 'NONE',  ( 0.000000000000000000, 2.350480947161672329, -4.724999999999997868 ) ) ;
#3248 =( BOUNDED_CURVE ( )  B_SPLINE_CURVE ( 2, ( #343, #5000, #2035, #3898, #5608, #6054, #2114, #415, #2720 ),
 .UNSPECIFIED., .F., .F. ) 
 B_SPLINE_CURVE_WITH_KNOTS ( ( 3, 2, 2, 2, 3 ),
 ( 0.6875000000000000000, 0.7031250000000000000, 0.7187500000000000000, 0.7343750000000000000, 0.7500000000000000000 ),
 .UNSPECIFIED. ) 
 CURVE ( )  GEOMETRIC_REPRESENTATION_ITEM ( )  RATIONAL_B_SPLINE_CURVE ( ( 1.000000000000000000, 0.9238795325112867385, 1.000000000000000000, 0.9238795325112867385, 1.000000000000000000, 0.9238795325112867385, 1.000000000000000000, 0.9238795325112867385, 1.000000000000000000 ) ) 
 REPRESENTATION_ITEM ( '' )  );
#3249 = CARTESIAN_POINT ( 'NONE',  ( 1.662041016787808356, 1.662041016787792147, 1.025000000000001688 ) ) ;
#3250 = CARTESIAN_POINT ( 'NONE',  ( 2.159593620790641655, -2.159593620790658530, 6.368749999999998579 ) ) ;
#3251 = CARTESIAN_POINT ( 'NONE',  ( 0.3822469489895024553, -2.991755456503481625, 10.76374999999999815 ) ) ;
#3252 = APPLICATION_PROTOCOL_DEFINITION ( 'international standard', 'config_control_design', 1994, #5395 ) ;
#3253 = CARTESIAN_POINT ( 'NONE',  ( -3.000000000000015987, 1.242640687119277221, -1.162499999999999423 ) ) ;
#3254 = CARTESIAN_POINT ( 'NONE',  ( 2.350480947161686540, -0.9736010864139444942, -12.16249999999999787 ) ) ;
#3255 = ADVANCED_FACE ( 'NONE', ( #1566 ), #10, .T. ) ;
#3256 = ORIENTED_EDGE ( 'NONE', *, *, #2222, .F. ) ;
#3257 = CARTESIAN_POINT ( 'NONE',  ( -2.350480947161686984, -0.9736010864139448273, 4.587500000000001243 ) ) ;
#3258 = ORIENTED_EDGE ( 'NONE', *, *, #1052, .T. ) ;
#3259 = CARTESIAN_POINT ( 'NONE',  ( -3.000000000000015987, -1.242640687119306309, -7.912499999999998757 ) ) ;
#3260 = CARTESIAN_POINT ( 'NONE',  ( -0.5744240720839459691, -1.851216920838282931, 12.15470632317383348 ) ) ;
#3261 = CARTESIAN_POINT ( 'NONE',  ( 2.159593620790642099, 2.159593620790625668, 1.618749999999999467 ) ) ;
#3262 = CARTESIAN_POINT ( 'NONE',  ( -0.3840784068098204718, -2.971464112645128886, 10.76374999999999815 ) ) ;
#3263 = CARTESIAN_POINT ( 'NONE',  ( 2.350480947161686984, -1.537861141257152462E-14, -2.974999999999998312 ) ) ;
#3264 = CARTESIAN_POINT ( 'NONE',  ( 1.265060653844738425, -3.054126587736560872, 3.243750000000000355 ) ) ;
#3265 = ORIENTED_EDGE ( 'NONE', *, *, #6431, .F. ) ;
#3266 = CARTESIAN_POINT ( 'NONE',  ( -2.350480947161686984, -0.9736010864139449383, 5.587500000000003020 ) ) ;
#3267 = CARTESIAN_POINT ( 'NONE',  ( -1.662041016787807912, 1.662041016787793923, -8.599999999999997868 ) ) ;
#3268 = CARTESIAN_POINT ( 'NONE',  ( -1.662041016787808134, -1.662041016787822567, -4.474999999999997868 ) ) ;
#3269 = VERTEX_POINT ( 'NONE', #578 ) ;
#3270 = CARTESIAN_POINT ( 'NONE',  ( -2.350480947161686984, -1.595101599309248555E-14, 6.400000000000001243 ) ) ;
#3271 = CARTESIAN_POINT ( 'NONE',  ( -2.350480947161686984, -0.9736010864139432730, -7.537499999999999645 ) ) ;
#3272 = CARTESIAN_POINT ( 'NONE',  ( 2.620735779368169371, -0.6413198280751174485, 6.665053865430434321 ) ) ;
#3273 = CARTESIAN_POINT ( 'NONE',  ( -0.9736010864139292842, -2.350480947161702083, -0.2874999999999978129 ) ) ;
#3274 = DIRECTION ( 'NONE',  ( 0.000000000000000000, 1.000000000000000000, 1.339015806322086631E-16 ) ) ;
#3275 = CARTESIAN_POINT ( 'NONE',  ( 0.5462873287922366261, -2.076360577286920250, 12.30706480146733384 ) ) ;
#3276 = EDGE_LOOP ( 'NONE', ( #4400, #5932, #585, #2966 ) ) ;
#3277 = CARTESIAN_POINT ( 'NONE',  ( 2.350480947161686984, -1.487344460792324213E-14, -7.099999999999998757 ) ) ;
#3278 = DIRECTION ( 'NONE',  ( 0.000000000000000000, -1.000000000000000000, 0.000000000000000000 ) ) ;
#3279 = CARTESIAN_POINT ( 'NONE',  ( -2.121320343559653931, 2.121320343559638832, -3.224999999999999645 ) ) ;
#3280 = CARTESIAN_POINT ( 'NONE',  ( 3.054126587736543996, 1.265060653844725547, -7.443750000000000533 ) ) ;
#3281 = CARTESIAN_POINT ( 'NONE',  ( 0.4027076121036556877, -2.988323700032715191, 10.94099504865817885 ) ) ;
#3282 = ORIENTED_EDGE ( 'NONE', *, *, #5569, .T. ) ;
#3283 = CARTESIAN_POINT ( 'NONE',  ( -2.350480947161686984, 0.9736010864139132970, 4.337500000000002132 ) ) ;
#3284 = B_SPLINE_CURVE_WITH_KNOTS ( 'NONE', 3,
 ( #1531, #6640, #1982, #6602, #1421, #2629, #7236, #3732, #6040, #3770, #4336, #5513, #6863, #5737, #549, #4031 ),
 .UNSPECIFIED., .F., .F.,
 ( 4, 3, 3, 3, 3, 4 ),
 ( 0.000000000000000000, 2.927462721033425219E-05, 5.856014464051529885E-05, 8.769709714780462293E-05, 0.0001167907553591526662, 0.0001273437871731204730 ),
 .UNSPECIFIED. ) ;
#3285 = CARTESIAN_POINT ( 'NONE',  ( 0.000000000000000000, 3.000000000000000444, 4.774999999999999467 ) ) ;
#3286 = CARTESIAN_POINT ( 'NONE',  ( -2.350480947161686984, -0.9736010864139444942, 1.462500000000002132 ) ) ;
#3287 = CARTESIAN_POINT ( 'NONE',  ( -2.159593620790641655, 2.159593620790625224, 6.868749999999999467 ) ) ;
#3288 = CARTESIAN_POINT ( 'NONE',  ( 0.3840784068098201387, 2.036277184650554874E-15, 10.76374999999999815 ) ) ;
#3289 = FACE_OUTER_BOUND ( 'NONE', #5121, .T. ) ;
#3290 = CARTESIAN_POINT ( 'NONE',  ( 1.662041016787808356, 1.662041016787793923, -11.97499999999999787 ) ) ;
#3291 = ORIENTED_EDGE ( 'NONE', *, *, #4831, .T. ) ;
#3292 = CARTESIAN_POINT ( 'NONE',  ( 0.9736010864139287291, -2.350480947161703416, 5.837500000000000355 ) ) ;
#3293 = LINE ( 'NONE', #7370, #1513 ) ;
#3294 =( BOUNDED_CURVE ( )  B_SPLINE_CURVE ( 2, ( #5967, #786, #4724, #7014, #3091, #5407, #1949, #826, #2024 ),
 .UNSPECIFIED., .F., .T. ) 
 B_SPLINE_CURVE_WITH_KNOTS ( ( 3, 2, 2, 2, 3 ),
 ( 0.06249999999999995837, 0.07812499999999997224, 0.09374999999999997224, 0.1093749999999999861, 0.1250000000000000000 ),
 .UNSPECIFIED. ) 
 CURVE ( )  GEOMETRIC_REPRESENTATION_ITEM ( )  RATIONAL_B_SPLINE_CURVE ( ( 1.000000000000000222, 0.9238795325112865164, 1.000000000000000000, 0.9238795325112867385, 1.000000000000000000, 0.9238795325112867385, 1.000000000000000000, 0.9238795325112867385, 1.000000000000000000 ) ) 
 REPRESENTATION_ITEM ( '' )  );
#3295 = ADVANCED_FACE ( 'NONE', ( #14 ), #6387, .F. ) ;
#3296 = CARTESIAN_POINT ( 'NONE',  ( 3.000000000000015987, 1.242640687119278331, -7.537499999999999645 ) ) ;
#3297 = CARTESIAN_POINT ( 'NONE',  ( 3.054126587736543996, -1.605513305816010073E-14, 1.493749999999999467 ) ) ;
#3298 = CARTESIAN_POINT ( 'NONE',  ( 2.121320343559653931, -2.121320343559670363, 0.2750000000000000777 ) ) ;
#3299 = CARTESIAN_POINT ( 'NONE',  ( 2.350480947161686540, -0.9736010864139452714, -4.037499999999997868 ) ) ;
#3300 = CARTESIAN_POINT ( 'NONE',  ( -2.159593620790641655, 2.159593620790626112, 2.806250000000000799 ) ) ;
#3301 = VERTEX_POINT ( 'NONE', #407 ) ;
#3302 = CARTESIAN_POINT ( 'NONE',  ( 0.3647944945682992102, -2.917832969183738356, 7.331688800573775922 ) ) ;
#3303 = LINE ( 'NONE', #7343, #2250 ) ;
#3304 = EDGE_CURVE ( 'NONE', #3545, #2462, #7060, .T. ) ;
#3305 = CARTESIAN_POINT ( 'NONE',  ( -0.9736010864139290621, 2.350480947161671885, -1.787499999999998312 ) ) ;
#3306 = ORIENTED_EDGE ( 'NONE', *, *, #5216, .T. ) ;
#3307 = CARTESIAN_POINT ( 'NONE',  ( -2.878508968398398972E-16, -2.350480947161703416, 6.650000000000000355 ) ) ;
#3308 = CARTESIAN_POINT ( 'NONE',  ( -2.878508968398398972E-16, -2.350480947161701195, -9.349999999999999645 ) ) ;
#3309 = CARTESIAN_POINT ( 'NONE',  ( 0.1764411995209875517, 2.775925576265895423, 6.894788727604986178 ) ) ;
#3310 = CARTESIAN_POINT ( 'NONE',  ( 1.662041016787807912, -1.662041016787823011, -4.224999999999997868 ) ) ;
#3311 = CARTESIAN_POINT ( 'NONE',  ( -1.405380263633067006, -1.405380263633068560, 12.25628821341698682 ) ) ;
#3312 = DIRECTION ( 'NONE',  ( -0.000000000000000000, -1.224646799147353207E-16, 1.000000000000000000 ) ) ;
#3313 = AXIS2_PLACEMENT_3D ( 'NONE', #6660, #7107, #1927 ) ;
#3314 = ORIENTED_EDGE ( 'NONE', *, *, #60, .T. ) ;
#3315 = FACE_OUTER_BOUND ( 'NONE', #3245, .T. ) ;
#3316 = CARTESIAN_POINT ( 'NONE',  ( -0.3834009397239837025, -2.970850935971617979, 10.75730433123960772 ) ) ;
#3317 = EDGE_CURVE ( 'NONE', #769, #2577, #3223, .T. ) ;
#3318 = CARTESIAN_POINT ( 'NONE',  ( 3.018726747482550099, 0.3708272119471948125, 10.76374999999999815 ) ) ;
#3319 = CARTESIAN_POINT ( 'NONE',  ( -3.000000000000015987, 1.242640687119278331, -10.03750000000000142 ) ) ;
#3320 = CARTESIAN_POINT ( 'NONE',  ( -3.000000000000015987, 1.242640687119277887, -7.162499999999999645 ) ) ;
#3321 = ORIENTED_EDGE ( 'NONE', *, *, #150, .T. ) ;
#3322 = CARTESIAN_POINT ( 'NONE',  ( 2.350480947161686984, -1.609809140707059361E-14, 2.900000000000001688 ) ) ;
#3323 = LINE ( 'NONE', #5640, #5530 ) ;
#3324 = CARTESIAN_POINT ( 'NONE',  ( -2.350480947161686984, -0.9736010864139442722, -0.5374999999999980904 ) ) ;
#3325 = CARTESIAN_POINT ( 'NONE',  ( -3.673940397442080083E-16, -3.000000000000031086, -4.724999999999998757 ) ) ;
#3326 = CARTESIAN_POINT ( 'NONE',  ( 0.000000000000000000, 3.000000000000000444, 6.650000000000000355 ) ) ;
#3327 = CARTESIAN_POINT ( 'NONE',  ( -0.9736010864139290621, 2.350480947161670997, 4.212500000000002132 ) ) ;
#3328 = CARTESIAN_POINT ( 'NONE',  ( 0.000000000000000000, 2.350480947161672773, -10.84999999999999787 ) ) ;
#3329 = VERTEX_POINT ( 'NONE', #5636 ) ;
#3330 = CARTESIAN_POINT ( 'NONE',  ( -1.662041016787808134, -1.662041016787823899, 6.650000000000001243 ) ) ;
#3331 = CARTESIAN_POINT ( 'NONE',  ( 3.000000000000016431, -1.666134058611806140E-14, 6.525000000000000355 ) ) ;
#3332 = FACE_OUTER_BOUND ( 'NONE', #5728, .T. ) ;
#3333 = AXIS2_PLACEMENT_3D ( 'NONE', #657, #622, #3604 ) ;
#3334 = CARTESIAN_POINT ( 'NONE',  ( 3.054126587736543996, -1.265060653844755967, -0.5687500000000006439 ) ) ;
#3335 = CARTESIAN_POINT ( 'NONE',  ( 3.000000000000016431, -1.591124442164031178E-14, 0.4000000000000001887 ) ) ;
#3336 = CARTESIAN_POINT ( 'NONE',  ( 0.9736010864139287291, -2.350480947161701639, -12.16249999999999787 ) ) ;
#3337 = CARTESIAN_POINT ( 'NONE',  ( 0.000000000000000000, 2.350480947161671885, -3.724999999999998312 ) ) ;
#3338 = CARTESIAN_POINT ( 'NONE',  ( 3.054126587736543996, 1.265060653844723992, 4.493750000000000355 ) ) ;
#3339 = EDGE_CURVE ( 'NONE', #4277, #7411, #567, .T. ) ;
#3340 = ORIENTED_EDGE ( 'NONE', *, *, #3958, .T. ) ;
#3341 = CARTESIAN_POINT ( 'NONE',  ( 0.4652957277608849584, 1.681762795653071149E-15, 2.682494925704428823 ) ) ;
#3342 = AXIS2_PLACEMENT_3D ( 'NONE', #2877, #4837, #6490 ) ;
#3343 =( BOUNDED_CURVE ( )  B_SPLINE_CURVE ( 2, ( #2959, #89, #1813, #4129, #5001, #2721, #6134, #806, #6768 ),
 .UNSPECIFIED., .F., .T. ) 
 B_SPLINE_CURVE_WITH_KNOTS ( ( 3, 2, 2, 2, 3 ),
 ( 0.5000000000000000000, 0.5156250000000000000, 0.5312500000000000000, 0.5468750000000001110, 0.5625000000000001110 ),
 .UNSPECIFIED. ) 
 CURVE ( )  GEOMETRIC_REPRESENTATION_ITEM ( )  RATIONAL_B_SPLINE_CURVE ( ( 1.000000000000000000, 0.9238795325112867385, 1.000000000000000000, 0.9238795325112867385, 1.000000000000000000, 0.9238795325112867385, 1.000000000000000000, 0.9238795325112861834, 1.000000000000000444 ) ) 
 REPRESENTATION_ITEM ( '' )  );
#3344 = CARTESIAN_POINT ( 'NONE',  ( 1.405380263633066784, 1.405380263633065452, 12.25628821341698682 ) ) ;
#3345 = CARTESIAN_POINT ( 'NONE',  ( -2.878508968398398972E-16, -2.350480947161702083, -1.349999999999997868 ) ) ;
#3346 = ORIENTED_EDGE ( 'NONE', *, *, #5034, .T. ) ;
#3347 = AXIS2_PLACEMENT_3D ( 'NONE', #703, #4682, #7043 ) ;
#3348 = CARTESIAN_POINT ( 'NONE',  ( -2.159593620790641655, -2.159593620790657198, 2.118749999999999023 ) ) ;
#3349 = CARTESIAN_POINT ( 'NONE',  ( -2.350480947161686984, -1.399158111445672318E-14, -9.599999999999997868 ) ) ;
#3350 = VECTOR ( 'NONE', #6924, 1000.000000000000000 ) ;
#3351 = CARTESIAN_POINT ( 'NONE',  ( 1.356285494418935089, 2.422860032010854425, 6.835130574394967518 ) ) ;
#3352 = CARTESIAN_POINT ( 'NONE',  ( 0.000000000000000000, 2.350480947161672329, -5.849999999999998757 ) ) ;
#3353 = EDGE_CURVE ( 'NONE', #916, #621, #4352, .T. ) ;
#3354 = CARTESIAN_POINT ( 'NONE',  ( -0.7184349058610355332, -2.237992843824711198, 5.725889215912940422 ) ) ;
#3355 = CARTESIAN_POINT ( 'NONE',  ( 2.121320343559654820, 2.121320343559638832, -6.350000000000000533 ) ) ;
#3356 = AXIS2_PLACEMENT_3D ( 'NONE', #2259, #5713, #4614 ) ;
#3357 = ORIENTED_EDGE ( 'NONE', *, *, #222, .F. ) ;
#3358 = CARTESIAN_POINT ( 'NONE',  ( -1.662041016787808134, -1.662041016787822345, -5.474999999999997868 ) ) ;
#3359 = CARTESIAN_POINT ( 'NONE',  ( -0.9736010864139290621, 2.350480947161673662, -11.66249999999999787 ) ) ;
#3360 = FACE_OUTER_BOUND ( 'NONE', #4542, .T. ) ;
#3361 = CARTESIAN_POINT ( 'NONE',  ( -3.673940397442080083E-16, -3.000000000000031086, -6.724999999999999645 ) ) ;
#3362 = CARTESIAN_POINT ( 'NONE',  ( -0.4967494505816545391, -3.076575913768324178, 11.83666282597237718 ) ) ;
#3363 = CARTESIAN_POINT ( 'NONE',  ( -2.350480947161686984, 0.9736010864139136300, 2.337500000000001688 ) ) ;
#3364 = EDGE_CURVE ( 'NONE', #82, #7208, #1983, .T. ) ;
#3365 = CARTESIAN_POINT ( 'NONE',  ( -3.058033318125262134, -0.3057325481516325327, 10.76374999999999815 ) ) ;
#3366 = CARTESIAN_POINT ( 'NONE',  ( -1.662041016787807912, 1.662041016787792813, -0.7249999999999982014 ) ) ;
#3367 = DIRECTION ( 'NONE',  ( -0.000000000000000000, -1.224646799147353207E-16, 1.000000000000000000 ) ) ;
#3368 = CARTESIAN_POINT ( 'NONE',  ( -3.000000000000016431, -1.597247676159766988E-14, 6.899999999999999467 ) ) ;
#3369 = CARTESIAN_POINT ( 'NONE',  ( 1.662041016787808356, 1.662041016787791703, 5.025000000000002132 ) ) ;
#3370 = CARTESIAN_POINT ( 'NONE',  ( 2.350480947161686984, -1.499590928783798043E-14, -6.099999999999998757 ) ) ;
#3371 = VERTEX_POINT ( 'NONE', #3630 ) ;
#3372 = CARTESIAN_POINT ( 'NONE',  ( -0.9736010864139290621, 2.350480947161670997, 5.337500000000002132 ) ) ;
#3373 = FACE_OUTER_BOUND ( 'NONE', #3239, .T. ) ;
#3374 = DIRECTION ( 'NONE',  ( 0.000000000000000000, -1.000000000000000000, 0.000000000000000000 ) ) ;
#3375 = CARTESIAN_POINT ( 'NONE',  ( 0.000000000000000000, 3.054126587736528453, 1.743749999999999689 ) ) ;
#3376 = DIRECTION ( 'NONE',  ( 1.000000000000000000, 0.000000000000000000, 0.000000000000000000 ) ) ;
#3377 = CARTESIAN_POINT ( 'NONE',  ( -1.662041016787808134, -1.662041016787821457, -12.34999999999999787 ) ) ;
#3378 = CARTESIAN_POINT ( 'NONE',  ( -0.9736010864139292842, -2.350480947161702083, -2.287499999999998312 ) ) ;
#3379 = CARTESIAN_POINT ( 'NONE',  ( 0.000000000000000000, -9.368548013477250272E-16, 7.649999999999998579 ) ) ;
#3380 = VERTEX_POINT ( 'NONE', #6504 ) ;
#3381 = CARTESIAN_POINT ( 'NONE',  ( 0.4586699509811662523, -3.115381264654518478, 11.47344113644774666 ) ) ;
#3382 = CARTESIAN_POINT ( 'NONE',  ( 2.350480947161686540, -0.9736010864139450494, -6.037499999999997868 ) ) ;
#3383 = CARTESIAN_POINT ( 'NONE',  ( 0.9736010864139287291, -2.350480947161702083, -1.287499999999998979 ) ) ;
#3384 = ORIENTED_EDGE ( 'NONE', *, *, #4731, .T. ) ;
#3385 = CARTESIAN_POINT ( 'NONE',  ( 1.662041016787807912, -1.662041016787822789, -6.224999999999998757 ) ) ;
#3386 = CARTESIAN_POINT ( 'NONE',  ( 2.614754418308759654, 0.7591426558395987234, 6.732909500159904859 ) ) ;
#3387 = CARTESIAN_POINT ( 'NONE',  ( 0.000000000000000000, 2.350480947161671441, 1.275000000000001910 ) ) ;
#3388 = CARTESIAN_POINT ( 'NONE',  ( -0.4849943610818459594, -2.321233262090124150, 5.747606940986884183 ) ) ;
#3389 = CARTESIAN_POINT ( 'NONE',  ( -1.662041016787808134, -1.662041016787823233, 1.650000000000001243 ) ) ;
#3390 = PRODUCT_DEFINITION ( 'UNKNOWN', '', #3232, #2657 ) ;
#3391 = ADVANCED_FACE ( 'NONE', ( #1322 ), #5673, .F. ) ;
#3392 = VERTEX_POINT ( 'NONE', #6307 ) ;
#3393 = CARTESIAN_POINT ( 'NONE',  ( -3.054126587736543996, -1.364616056684402227E-14, -12.06874999999999964 ) ) ;
#3394 = CARTESIAN_POINT ( 'NONE',  ( -2.878508968398398972E-16, -2.350480947161700751, -12.22499999999999787 ) ) ;
#3395 = CARTESIAN_POINT ( 'NONE',  ( -0.3339643013229136592, 3.050289141263784032, 10.76374999999999815 ) ) ;
#3396 = CARTESIAN_POINT ( 'NONE',  ( -3.054126587736543996, -1.438860268882710569E-14, -6.006250000000000533 ) ) ;
#3397 = CARTESIAN_POINT ( 'NONE',  ( -0.4639314746820046298, -3.137372266755808159, 11.81783640862403750 ) ) ;
#3398 = CARTESIAN_POINT ( 'NONE',  ( -2.878508968398398972E-16, -2.350480947161702527, 2.650000000000000799 ) ) ;
#3399 = ADVANCED_FACE ( 'NONE', ( #3503 ), #5276, .T. ) ;
#3400 = CARTESIAN_POINT ( 'NONE',  ( -2.350480947161686984, -1.474167727893447596E-14, -3.474999999999997868 ) ) ;
#3401 = CARTESIAN_POINT ( 'NONE',  ( -1.009738695057560420, 0.4182474619457691167, 10.76374999999999815 ) ) ;
#3402 = CARTESIAN_POINT ( 'NONE',  ( -3.673940397442080083E-16, -3.000000000000031530, -1.849999999999999645 ) ) ;
#3403 = CARTESIAN_POINT ( 'NONE',  ( 1.662041016787807912, -1.662041016787823677, 1.775000000000001021 ) ) ;
#3404 = PERSON_AND_ORGANIZATION_ROLE ( 'classification_officer' ) ;
#3405 = CARTESIAN_POINT ( 'NONE',  ( 2.350480947161686984, -1.634302076690006391E-14, 4.900000000000001243 ) ) ;
#3406 = CARTESIAN_POINT ( 'NONE',  ( -0.9736010864139290621, 2.350480947161672329, -5.787499999999997868 ) ) ;
#3407 = VERTEX_POINT ( 'NONE', #6342 ) ;
#3408 = CARTESIAN_POINT ( 'NONE',  ( -1.662041016787807912, 1.662041016787791925, 6.400000000000002132 ) ) ;
#3409 = DIRECTION ( 'NONE',  ( -0.000000000000000000, 2.449293598294706414E-16, -1.000000000000000000 ) ) ;
#3410 = DIRECTION ( 'NONE',  ( -0.000000000000000000, -1.224646799147353207E-16, 1.000000000000000000 ) ) ;
#3411 = CARTESIAN_POINT ( 'NONE',  ( -1.265060653844739091, 3.054126587736528897, -1.193750000000000533 ) ) ;
#3412 = CARTESIAN_POINT ( 'NONE',  ( -3.000000000000015987, 1.242640687119276777, 1.837500000000000577 ) ) ;
#3413 = CARTESIAN_POINT ( 'NONE',  ( -1.265060653844739536, -3.054126587736559095, -6.881249999999999645 ) ) ;
#3414 = ADVANCED_FACE ( 'NONE', ( #6830 ), #556, .T. ) ;
#3415 = CARTESIAN_POINT ( 'NONE',  ( -2.878508968398398972E-16, -2.350480947161701639, -4.224999999999997868 ) ) ;
#3416 = CARTESIAN_POINT ( 'NONE',  ( -3.054126587736543996, 1.265060653844723770, 3.868750000000001243 ) ) ;
#3417 = VERTEX_POINT ( 'NONE', #5137 ) ;
#3418 = CARTESIAN_POINT ( 'NONE',  ( 0.000000000000000000, 3.000000000000001776, -4.349999999999999645 ) ) ;
#3419 = CARTESIAN_POINT ( 'NONE',  ( -2.350480947161686984, -1.449674791910500567E-14, -5.474999999999997868 ) ) ;
#3420 = CARTESIAN_POINT ( 'NONE',  ( 0.000000000000000000, 2.350480947161672329, -4.849999999999998757 ) ) ;
#3421 = VERTEX_POINT ( 'NONE', #3433 ) ;
#3422 = CARTESIAN_POINT ( 'NONE',  ( 0.9736010864139287291, -2.350480947161702083, -7.287499999999999645 ) ) ;
#3423 = CARTESIAN_POINT ( 'NONE',  ( -0.4213453062241951375, 3.155595111206031866, 11.81363967714851526 ) ) ;
#3424 = CARTESIAN_POINT ( 'NONE',  ( 1.662041016787807912, -1.662041016787823677, 1.900000000000001465 ) ) ;
#3425 = CARTESIAN_POINT ( 'NONE',  ( 3.071965366029781208, -0.4970064592694122263, 11.83818864820600325 ) ) ;
#3426 = CARTESIAN_POINT ( 'NONE',  ( -3.000000000000016431, -1.402834996795124783E-14, -8.974999999999999645 ) ) ;
#3427 = VERTEX_POINT ( 'NONE', #2294 ) ;
#3428 = CARTESIAN_POINT ( 'NONE',  ( 3.054126587736543996, -1.265060653844755079, -11.63124999999999964 ) ) ;
#3429 = CARTESIAN_POINT ( 'NONE',  ( -0.9736010864139290621, 2.350480947161673662, -12.66249999999999787 ) ) ;
#3430 = CARTESIAN_POINT ( 'NONE',  ( -0.3510658276060077965, 3.040449911526544202, 10.76374999999999815 ) ) ;
#3431 = CARTESIAN_POINT ( 'NONE',  ( 0.000000000000000000, 3.000000000000002220, -10.22500000000000142 ) ) ;
#3432 = CIRCLE ( 'NONE', #85, 9.713516018797379914 ) ;
#3433 = CARTESIAN_POINT ( 'NONE',  ( -3.673940397442080083E-16, -3.000000000000032419, 3.274999999999999911 ) ) ;
#3434 = ADVANCED_FACE ( 'NONE', ( #1610 ), #6271, .T. ) ;
#3435 = CARTESIAN_POINT ( 'NONE',  ( -2.121320343559653931, 2.121320343559638832, -3.100000000000000533 ) ) ;
#3436 = CARTESIAN_POINT ( 'NONE',  ( -2.350480947161686984, -1.498660663876394626E-14, -1.474999999999998090 ) ) ;
#3437 = CARTESIAN_POINT ( 'NONE',  ( 2.350480947161686984, -1.622055608698532876E-14, 3.900000000000001243 ) ) ;
#3438 = CARTESIAN_POINT ( 'NONE',  ( -2.350480947161686984, 0.9736010864139130749, 6.337500000000002132 ) ) ;
#3439 = CARTESIAN_POINT ( 'NONE',  ( -0.9736010864139290621, 2.350480947161673217, -8.787499999999999645 ) ) ;
#3440 = ORIENTED_EDGE ( 'NONE', *, *, #5210, .F. ) ;
#3441 = EDGE_CURVE ( 'NONE', #5097, #494, #5088, .T. ) ;
#3442 = CARTESIAN_POINT ( 'NONE',  ( -1.183421894625692250, 0.8695253588932837507, 12.31724921319468180 ) ) ;
#3443 = B_SPLINE_CURVE_WITH_KNOTS ( 'NONE', 3,
 ( #2344, #6957, #1775, #4890 ),
 .UNSPECIFIED., .F., .F.,
 ( 4, 4 ),
 ( 0.000000000000000000, 0.0002303704617441059549 ),
 .UNSPECIFIED. ) ;
#3444 = DIRECTION ( 'NONE',  ( 0.000000000000000000, -1.000000000000000000, -1.224646799147353207E-16 ) ) ;
#3445 = CARTESIAN_POINT ( 'NONE',  ( -2.438356106626999420, -1.294048946282744694, 6.836448621639786616 ) ) ;
#3446 = CARTESIAN_POINT ( 'NONE',  ( 3.000000000000015987, 1.242640687119277443, 0.4625000000000002442 ) ) ;
#3447 = CARTESIAN_POINT ( 'NONE',  ( -3.054126587736543996, -1.450341332624716831E-14, -5.068749999999999645 ) ) ;
#3448 = CARTESIAN_POINT ( 'NONE',  ( 0.000000000000000000, 2.350480947161671441, 2.275000000000001688 ) ) ;
#3449 = CARTESIAN_POINT ( 'NONE',  ( -1.265060653844739536, -3.054126587736560872, 8.118750000000002132 ) ) ;
#3450 =( BOUNDED_CURVE ( )  B_SPLINE_CURVE ( 2, ( #7443, #4693, #5224, #3548, #4588, #5828, #1136, #5722, #7018 ),
 .UNSPECIFIED., .F., .F. ) 
 B_SPLINE_CURVE_WITH_KNOTS ( ( 3, 2, 2, 2, 3 ),
 ( 0.6250000000000000000, 0.6406250000000000000, 0.6562500000000000000, 0.6718750000000000000, 0.6875000000000000000 ),
 .UNSPECIFIED. ) 
 CURVE ( )  GEOMETRIC_REPRESENTATION_ITEM ( )  RATIONAL_B_SPLINE_CURVE ( ( 1.000000000000000000, 0.9238795325112867385, 1.000000000000000000, 0.9238795325112867385, 1.000000000000000000, 0.9238795325112867385, 1.000000000000000000, 0.9238795325112867385, 1.000000000000000000 ) ) 
 REPRESENTATION_ITEM ( '' )  );
#3451 = ORIENTED_EDGE ( 'NONE', *, *, #1777, .T. ) ;
#3452 = LINE ( 'NONE', #6743, #795 ) ;
#3453 = CIRCLE ( 'NONE', #2967, 3.183625345212363289 ) ;
#3454 = CARTESIAN_POINT ( 'NONE',  ( -1.242640687119292098, 3.000000000000002665, -8.287499999999999645 ) ) ;
#3455 = EDGE_CURVE ( 'NONE', #3719, #6294, #1277, .T. ) ;
#3456 = CARTESIAN_POINT ( 'NONE',  ( 0.000000000000000000, 3.054126587736529341, -6.256250000000000533 ) ) ;
#3457 = ORIENTED_EDGE ( 'NONE', *, *, #2737, .F. ) ;
#3458 = CARTESIAN_POINT ( 'NONE',  ( -2.350480947161686984, -0.9736010864139434950, -5.537499999999997868 ) ) ;
#3459 = VECTOR ( 'NONE', #1497, 1000.000000000000000 ) ;
#3460 = CARTESIAN_POINT ( 'NONE',  ( -3.740226349862386965E-16, -3.054126587736559539, -1.818749999999999645 ) ) ;
#3461 = CARTESIAN_POINT ( 'NONE',  ( 0.9736010864139287291, -2.350480947161702527, 0.8375000000000014655 ) ) ;
#3462 = ORIENTED_EDGE ( 'NONE', *, *, #3756, .T. ) ;
#3463 = CARTESIAN_POINT ( 'NONE',  ( 0.3057325481516314780, 3.058033318125262134, 10.76374999999999815 ) ) ;
#3464 = CARTESIAN_POINT ( 'NONE',  ( 3.154656918694978884, -0.4286100534128655104, 11.81363098836964909 ) ) ;
#3465 = AXIS2_PLACEMENT_3D ( 'NONE', #3891, #4458, #1921 ) ;
#3466 = ORIENTED_EDGE ( 'NONE', *, *, #790, .F. ) ;
#3467 = AXIS2_PLACEMENT_3D ( 'NONE', #1837, #3410, #3444 ) ;
#3468 = FACE_OUTER_BOUND ( 'NONE', #1200, .T. ) ;
#3469 = CARTESIAN_POINT ( 'NONE',  ( 2.350480947161686984, -1.427642929333890513E-14, -11.97499999999999787 ) ) ;
#3470 = CARTESIAN_POINT ( 'NONE',  ( -0.3708272119471644479, 3.018726747482553208, 10.76374999999999815 ) ) ;
#3471 = CARTESIAN_POINT ( 'NONE',  ( 3.000000000000015543, -1.242640687119309639, 5.462499999999999467 ) ) ;
#3472 = CARTESIAN_POINT ( 'NONE',  ( -0.7382479019680402432, 2.614631899549312966, -12.01451348477003478 ) ) ;
#3473 = B_SPLINE_CURVE_WITH_KNOTS ( 'NONE', 3,
 ( #6393, #4623, #2450, #6356, #4770, #2917, #5226, #43, #2339, #642, #4811, #5374, #341, #755, #7099, #4347, #232, #3139, #6651, #7214, #6088, #4885 ),
 .UNSPECIFIED., .F., .F.,
 ( 4, 2, 2, 2, 2, 2, 2, 2, 2, 2, 4 ),
 ( 4.934070555111465675E-16, 0.0008255091829754321016, 0.001651018365950371108, 0.002063772957437840991, 0.002476527548925310657, 0.003302036731900250422, 0.003714791323387719654, 0.004127545914875189320, 0.004953055097850126917, 0.005778564280825065382, 0.006604073463800002979 ),
 .UNSPECIFIED. ) ;
#3474 = CARTESIAN_POINT ( 'NONE',  ( -2.878508968398398972E-16, -2.350480947161700751, -11.34999999999999964 ) ) ;
#3475 = EDGE_CURVE ( 'NONE', #1835, #1510, #4065, .T. ) ;
#3476 = CARTESIAN_POINT ( 'NONE',  ( -3.000000000000015987, 1.242640687119278553, -11.03749999999999787 ) ) ;
#3477 = CARTESIAN_POINT ( 'NONE',  ( -2.350480947161686984, 0.9736010864139131860, 4.337500000000002132 ) ) ;
#3478 = CARTESIAN_POINT ( 'NONE',  ( 2.350480947161686984, -1.622055608698532876E-14, 3.900000000000001243 ) ) ;
#3479 = CARTESIAN_POINT ( 'NONE',  ( -0.9736010864139290621, 2.350480947161673217, -7.787499999999999645 ) ) ;
#3480 = ORIENTED_EDGE ( 'NONE', *, *, #855, .T. ) ;
#3481 = CARTESIAN_POINT ( 'NONE',  ( -1.652131457627509681, -2.251703389675017153, 6.925693705046606752 ) ) ;
#3482 = EDGE_CURVE ( 'NONE', #6913, #6781, #5403, .T. ) ;
#3483 = CARTESIAN_POINT ( 'NONE',  ( -3.098207601105211317, 0.4924286494250425528, 11.82964088027498839 ) ) ;
#3484 = CARTESIAN_POINT ( 'NONE',  ( -0.9736010864139290621, 2.350480947161673217, -10.66249999999999964 ) ) ;
#3485 = CARTESIAN_POINT ( 'NONE',  ( 2.350480947161686540, 0.9736010864139140741, 1.087500000000001688 ) ) ;
#3486 = CARTESIAN_POINT ( 'NONE',  ( -2.159593620790641655, 2.159593620790625224, 8.806250000000000355 ) ) ;
#3487 = ORIENTED_EDGE ( 'NONE', *, *, #5522, .F. ) ;
#3488 = LINE ( 'NONE', #684, #2602 ) ;
#3489 = CARTESIAN_POINT ( 'NONE',  ( -0.3514425167191008725, -3.040146102008131290, 10.76374999999999815 ) ) ;
#3490 = CARTESIAN_POINT ( 'NONE',  ( -3.054126587736543996, 1.265060653844724659, -6.068750000000000533 ) ) ;
#3491 = ORIENTED_EDGE ( 'NONE', *, *, #405, .F. ) ;
#3492 = CARTESIAN_POINT ( 'NONE',  ( 3.039212490081853790, 0.4595844361532254174, 11.48214188166439165 ) ) ;
#3493 = CARTESIAN_POINT ( 'NONE',  ( -2.159593620790641655, -2.159593620790656754, -2.943749999999999645 ) ) ;
#3494 = CARTESIAN_POINT ( 'NONE',  ( 1.662041016787807912, -1.662041016787823233, -2.224999999999998312 ) ) ;
#3495 = ORIENTED_EDGE ( 'NONE', *, *, #7266, .F. ) ;
#3496 = CARTESIAN_POINT ( 'NONE',  ( -2.971464112645127997, -0.3840784068098216375, 10.76374999999999815 ) ) ;
#3497 = CARTESIAN_POINT ( 'NONE',  ( -2.350480947161686984, -0.9736010864139444942, 2.587500000000001243 ) ) ;
#3498 = EDGE_LOOP ( 'NONE', ( #2807, #6316, #2046, #3987 ) ) ;
#3499 = DIRECTION ( 'NONE',  ( -0.000000000000000000, -1.224646799147353207E-16, 1.000000000000000000 ) ) ;
#3500 = CARTESIAN_POINT ( 'NONE',  ( -1.662041016787808134, -1.662041016787821901, -8.349999999999997868 ) ) ;
#3501 = DIRECTION ( 'NONE',  ( -0.000000000000000000, -0.8660254037844378194, 0.5000000000000015543 ) ) ;
#3502 = CARTESIAN_POINT ( 'NONE',  ( -0.9736010864139290621, 2.350480947161672329, -5.662499999999997868 ) ) ;
#3503 = FACE_OUTER_BOUND ( 'NONE', #5198, .T. ) ;
#3504 = ADVANCED_FACE ( 'NONE', ( #4613 ), #1646, .T. ) ;
#3505 = DIRECTION ( 'NONE',  ( -0.000000000000000000, -1.224646799147353207E-16, 1.000000000000000000 ) ) ;
#3506 = CARTESIAN_POINT ( 'NONE',  ( 1.242640687119300758, 2.999999999999995115, -10.28750000000000142 ) ) ;
#3507 = CARTESIAN_POINT ( 'NONE',  ( -1.662041016787808134, -1.662041016787823455, 2.525000000000001243 ) ) ;
#3508 = DIRECTION ( 'NONE',  ( -0.000000000000000000, -1.224646799147353207E-16, 1.000000000000000000 ) ) ;
#3509 = CARTESIAN_POINT ( 'NONE',  ( -2.350480947161686984, -0.9736010864139433840, -6.537499999999999645 ) ) ;
#3510 = ORIENTED_EDGE ( 'NONE', *, *, #2129, .T. ) ;
#3511 = CARTESIAN_POINT ( 'NONE',  ( 3.055320958419897703, -0.4779929817609914755, 11.65728749364872563 ) ) ;
#3512 = CARTESIAN_POINT ( 'NONE',  ( 0.000000000000000000, 3.000000000000000444, 3.774999999999999911 ) ) ;
#3513 = DIRECTION ( 'NONE',  ( -0.000000000000000000, -1.224646799147353207E-16, 1.000000000000000000 ) ) ;
#3514 = CARTESIAN_POINT ( 'NONE',  ( -2.878508968398398972E-16, -2.350480947161702527, 2.650000000000000799 ) ) ;
#3515 = CARTESIAN_POINT ( 'NONE',  ( -1.242640687119292542, -3.000000000000031974, -3.787500000000000533 ) ) ;
#3516 = CARTESIAN_POINT ( 'NONE',  ( 1.662041016787807912, -1.662041016787822567, -8.099999999999999645 ) ) ;
#3517 = CARTESIAN_POINT ( 'NONE',  ( 2.350480947161686540, 0.9736010864139142962, 0.08750000000000164591 ) ) ;
#3518 = CARTESIAN_POINT ( 'NONE',  ( -1.265060653844739536, -3.054126587736560872, 5.118750000000000355 ) ) ;
#3519 = ORIENTED_EDGE ( 'NONE', *, *, #3475, .T. ) ;
#3520 = DIRECTION ( 'NONE',  ( -0.000000000000000000, -1.224646799147353207E-16, 1.000000000000000000 ) ) ;
#3521 = EDGE_CURVE ( 'NONE', #3545, #3719, #4646, .T. ) ;
#3522 = DIRECTION ( 'NONE',  ( -0.1045058763748857034, -0.02078751127481439503, -0.9943069954385902465 ) ) ;
#3523 = CARTESIAN_POINT ( 'NONE',  ( 3.054126587736543996, -1.519788029875695154E-14, -5.506250000000000533 ) ) ;
#3524 = CARTESIAN_POINT ( 'NONE',  ( -2.121320343559653931, 2.121320343559638832, -1.100000000000000089 ) ) ;
#3525 = CARTESIAN_POINT ( 'NONE',  ( -3.071965366029778544, 0.4970064592694307670, 11.83818864820600503 ) ) ;
#3526 = CARTESIAN_POINT ( 'NONE',  ( -2.159593620790641655, -2.159593620790656310, -4.943749999999999645 ) ) ;
#3527 = CARTESIAN_POINT ( 'NONE',  ( 2.350480947161686984, -1.548576800749692103E-14, -2.099999999999998757 ) ) ;
#3528 = ORIENTED_EDGE ( 'NONE', *, *, #3339, .F. ) ;
#3529 = DIRECTION ( 'NONE',  ( 0.000000000000000000, -2.449293598294706414E-16, 1.000000000000000000 ) ) ;
#3530 = CARTESIAN_POINT ( 'NONE',  ( -0.9736010864139292842, -2.350480947161702083, 2.712500000000001243 ) ) ;
#3531 = EDGE_CURVE ( 'NONE', #5175, #647, #3098, .T. ) ;
#3533 = B_SPLINE_CURVE_WITH_KNOTS ( 'NONE', 3,
 ( #2174, #6786, #3388, #3354 ),
 .UNSPECIFIED., .F., .F.,
 ( 4, 4 ),
 ( 0.02297822554203225384, 0.02371490636273696287 ),
 .UNSPECIFIED. ) ;
#3532 =( BOUNDED_CURVE ( )  B_SPLINE_CURVE ( 2, ( #4489, #5671, #2781, #5095, #511, #7386, #5874, #2932, #5312 ),
 .UNSPECIFIED., .F., .F. ) 
 B_SPLINE_CURVE_WITH_KNOTS ( ( 3, 2, 2, 2, 3 ),
 ( 0.000000000000000000, 0.01562499999999998959, 0.03124999999999997918, 0.04687499999999997224, 0.06249999999999995837 ),
 .UNSPECIFIED. ) 
 CURVE ( )  GEOMETRIC_REPRESENTATION_ITEM ( )  RATIONAL_B_SPLINE_CURVE ( ( 1.000000000000000000, 0.9238795325112867385, 1.000000000000000000, 0.9238795325112867385, 1.000000000000000000, 0.9238795325112867385, 1.000000000000000000, 0.9238795325112869605, 0.9999999999999997780 ) ) 
 REPRESENTATION_ITEM ( '' )  );
#3534 = ORIENTED_EDGE ( 'NONE', *, *, #2605, .F. ) ;
#3535 = CARTESIAN_POINT ( 'NONE',  ( -2.159593620790641655, -2.159593620790655422, -11.94374999999999964 ) ) ;
#3536 = CARTESIAN_POINT ( 'NONE',  ( 0.9736010864139287291, -2.350480947161702083, -8.162499999999999645 ) ) ;
#3537 = DIRECTION ( 'NONE',  ( -0.000000000000000000, -1.224646799147353207E-16, 1.000000000000000000 ) ) ;
#3538 = CARTESIAN_POINT ( 'NONE',  ( 3.000000000000015987, 1.242640687119277221, 2.462500000000000799 ) ) ;
#3539 = CARTESIAN_POINT ( 'NONE',  ( -2.563902933163202391, 1.138838944735603764, -11.92572594943927911 ) ) ;
#3540 = CARTESIAN_POINT ( 'NONE',  ( -3.740226349862386965E-16, -3.054126587736560428, 4.243749999999999467 ) ) ;
#3541 = DIRECTION ( 'NONE',  ( 0.000000000000000000, -0.9967800569107644337, 0.08018427617041556932 ) ) ;
#3542 = DIRECTION ( 'NONE',  ( 0.000000000000000000, -1.000000000000000000, 0.000000000000000000 ) ) ;
#3543 = CARTESIAN_POINT ( 'NONE',  ( -0.9736010864139292842, -2.350480947161703416, 8.587500000000002132 ) ) ;
#3544 = CARTESIAN_POINT ( 'NONE',  ( -2.878508968398398972E-16, -2.350480947161701639, -5.349999999999998757 ) ) ;
#3545 = VERTEX_POINT ( 'NONE', #6938 ) ;
#3546 = B_SPLINE_CURVE_WITH_KNOTS ( 'NONE', 3,
 ( #3124, #4984, #6599, #965, #323, #6671, #3729, #2094, #853, #3844, #253, #217, #5436, #6152, #3272, #2514, #4834, #6637, #6222, #3386, #7418, #433, #1037, #1076, #6749, #5128, #3351, #3953, #1149, #2779, #3309, #3990 ),
 .UNSPECIFIED., .F., .F.,
 ( 4, 2, 2, 2, 2, 2, 2, 2, 2, 2, 2, 2, 2, 2, 2, 4 ),
 ( 0.01441855061600927877, 0.01494826998020942245, 0.01547798934440956613, 0.01600770870860971154, 0.01653742807280985522, 0.01706714743700999889, 0.01759686680121014257, 0.01812658616541028625, 0.01865630552961042993, 0.01918602489381057014, 0.01971574425801071728, 0.02024546362221086096, 0.02077518298641100464, 0.02183462171481129199, 0.02236434107901143567, 0.02289406044321157935 ),
 .UNSPECIFIED. ) ;
#3547 = DIRECTION ( 'NONE',  ( 0.000000000000000000, 1.000000000000000000, 0.000000000000000000 ) ) ;
#3548 = CARTESIAN_POINT ( 'NONE',  ( 3.000000000000015987, 1.242640687119277887, -3.412500000000000089 ) ) ;
#3549 = CARTESIAN_POINT ( 'NONE',  ( -1.358898445543188949, -2.450629603073184004, 6.951518369752927917 ) ) ;
#3550 = CARTESIAN_POINT ( 'NONE',  ( 0.9736010864139287291, -2.350480947161703860, 8.837500000000002132 ) ) ;
#3551 = CARTESIAN_POINT ( 'NONE',  ( 3.005041006285193106, 0.4213380958116592634, 11.11825226061449534 ) ) ;
#3552 = CARTESIAN_POINT ( 'NONE',  ( 0.000000000000000000, 2.350480947161672773, -9.724999999999997868 ) ) ;
#3553 = CARTESIAN_POINT ( 'NONE',  ( 0.9736010864139287291, -2.350480947161702527, 1.837500000000001465 ) ) ;
#3554 = CARTESIAN_POINT ( 'NONE',  ( 0.000000000000000000, 3.054126587736528009, 5.681250000000000355 ) ) ;
#3555 = ORIENTED_EDGE ( 'NONE', *, *, #949, .T. ) ;
#3556 = CARTESIAN_POINT ( 'NONE',  ( 0.000000000000000000, 2.702303767449099947, 1.946875000000000799 ) ) ;
#3557 = CARTESIAN_POINT ( 'NONE',  ( 0.000000000000000000, -3.000000000000003997, 12.34999999999999964 ) ) ;
#3558 = CARTESIAN_POINT ( 'NONE',  ( 0.9736010864139287291, -2.350480947161702527, 1.712500000000001243 ) ) ;
#3559 = CARTESIAN_POINT ( 'NONE',  ( 0.000000000000000000, -2.044870920353165796E-15, 12.34999999999999964 ) ) ;
#3560 = LINE ( 'NONE', #1707, #2248 ) ;
#3561 = CARTESIAN_POINT ( 'NONE',  ( -3.054126587736543996, -1.450341332624716831E-14, -5.068749999999999645 ) ) ;
#3562 = CARTESIAN_POINT ( 'NONE',  ( -2.878508968398398972E-16, -2.350480947161702527, -0.3499999999999987566 ) ) ;
#3563 = EDGE_LOOP ( 'NONE', ( #2100, #3660, #6742, #3440 ) ) ;
#3564 = FACE_OUTER_BOUND ( 'NONE', #1960, .T. ) ;
#3565 = CARTESIAN_POINT ( 'NONE',  ( -0.9736010864139292842, -2.350480947161702527, 5.712500000000002132 ) ) ;
#3566 = CARTESIAN_POINT ( 'NONE',  ( -2.350480947161686984, -0.9736010864139429399, -11.41249999999999964 ) ) ;
#3567 = CARTESIAN_POINT ( 'NONE',  ( -1.662041016787807912, 1.662041016787793035, -2.599999999999998312 ) ) ;
#3568 = ORIENTED_EDGE ( 'NONE', *, *, #2086, .F. ) ;
#3569 = CIRCLE ( 'NONE', #3333, 9.705139063893135187 ) ;
#3570 = CARTESIAN_POINT ( 'NONE',  ( 3.054126587736543996, -1.482283221651807042E-14, -8.568749999999999645 ) ) ;
#3571 = EDGE_CURVE ( 'NONE', #4067, #5699, #2912, .T. ) ;
#3572 = CARTESIAN_POINT ( 'NONE',  ( -1.662041016787807912, 1.662041016787793923, -8.599999999999997868 ) ) ;
#3573 = CARTESIAN_POINT ( 'NONE',  ( -1.036642802245208994, 0.9228527345938062343, 12.25158244037723954 ) ) ;
#3574 = CARTESIAN_POINT ( 'NONE',  ( 2.121320343559653931, -2.121320343559669475, -5.724999999999998757 ) ) ;
#3575 = CARTESIAN_POINT ( 'NONE',  ( 0.000000000000000000, -4.658104324049653577, 7.649999999999997691 ) ) ;
#3576 = VECTOR ( 'NONE', #5179, 1000.000000000000000 ) ;
#3577 =( BOUNDED_CURVE ( )  B_SPLINE_CURVE ( 2, ( #6206, #5005, #7295, #1022, #3331, #5650, #460, #3019, #2914 ),
 .UNSPECIFIED., .F., .F. ) 
 B_SPLINE_CURVE_WITH_KNOTS ( ( 3, 2, 2, 2, 3 ),
 ( 0.2500000000000002220, 0.2656250000000002220, 0.2812500000000002220, 0.2968750000000002776, 0.3125000000000002776 ),
 .UNSPECIFIED. ) 
 CURVE ( )  GEOMETRIC_REPRESENTATION_ITEM ( )  RATIONAL_B_SPLINE_CURVE ( ( 0.9999999999999988898, 0.9238795325112878487, 1.000000000000000000, 0.9238795325112867385, 1.000000000000000000, 0.9238795325112867385, 1.000000000000000000, 0.9238795325112854062, 1.000000000000001332 ) ) 
 REPRESENTATION_ITEM ( '' )  );
#3578 = CIRCLE ( 'NONE', #322, 4.116911427901126963 ) ;
#3579 = CARTESIAN_POINT ( 'NONE',  ( -2.159593620790641655, -2.159593620790657642, 4.118749999999999467 ) ) ;
#3580 = CARTESIAN_POINT ( 'NONE',  ( 2.350480947161686540, -0.9736010864139444942, -10.16249999999999787 ) ) ;
#3581 = CARTESIAN_POINT ( 'NONE',  ( 3.000000000000016431, -1.445697634765282558E-14, -11.47500000000000142 ) ) ;
#3582 = CIRCLE ( 'NONE', #5526, 4.116911427901126963 ) ;
#3583 = CARTESIAN_POINT ( 'NONE',  ( 4.305398569692497650E-15, 0.5507999999999982910, 12.34999999999999964 ) ) ;
#3584 = CARTESIAN_POINT ( 'NONE',  ( 2.159593620790641655, -2.159593620790655866, -11.63125000000000142 ) ) ;
#3585 = ORIENTED_EDGE ( 'NONE', *, *, #2804, .T. ) ;
#3586 = CARTESIAN_POINT ( 'NONE',  ( 0.000000000000000000, -1.808457094051053516E-15, 10.41953460812772647 ) ) ;
#3587 = EDGE_CURVE ( 'NONE', #6281, #20, #5131, .T. ) ;
#3588 = DIRECTION ( 'NONE',  ( 0.07992773943613228071, -0.07992773943613293297, 0.9935910189495773537 ) ) ;
#3589 = CARTESIAN_POINT ( 'NONE',  ( -2.699370463106108620, -0.4474812983650948151, 6.769830212754641252 ) ) ;
#3590 = CARTESIAN_POINT ( 'NONE',  ( 1.662041016787807912, -1.662041016787823899, 2.775000000000001243 ) ) ;
#3591 = CARTESIAN_POINT ( 'NONE',  ( -1.995859359895136631, 0.5275177333914451427, 12.12848403016564625 ) ) ;
#3592 = CARTESIAN_POINT ( 'NONE',  ( -1.662041016787807912, 1.662041016787794145, -10.59999999999999787 ) ) ;
#3593 = CARTESIAN_POINT ( 'NONE',  ( 1.662041016787808356, 1.662041016787792369, -0.8499999999999983125 ) ) ;
#3594 = CARTESIAN_POINT ( 'NONE',  ( -3.054126587736543996, -1.265060653844755301, 6.993750000000000355 ) ) ;
#3595 = VERTEX_POINT ( 'NONE', #5283 ) ;
#3596 = DIRECTION ( 'NONE',  ( 0.9188184237650790509, 0.3805870524817659972, -0.1045284632676536929 ) ) ;
#3597 = CARTESIAN_POINT ( 'NONE',  ( -2.121320343559653931, -2.121320343559670363, 5.149999999999999467 ) ) ;
#3598 = CARTESIAN_POINT ( 'NONE',  ( -2.350480947161686984, -1.533869259351881297E-14, 1.400000000000001910 ) ) ;
#3599 = CARTESIAN_POINT ( 'NONE',  ( -2.044095216605290588, -0.3840784068098210824, 10.76374999999999815 ) ) ;
#3600 = CARTESIAN_POINT ( 'NONE',  ( 1.242640687119307641, 2.999999999999985789, 2.712499999999998579 ) ) ;
#3601 = CARTESIAN_POINT ( 'NONE',  ( -2.159593620790641655, -2.159593620790656754, -1.943749999999999645 ) ) ;
#3602 = CARTESIAN_POINT ( 'NONE',  ( 0.000000000000000000, 2.350480947161671885, -0.8499999999999983125 ) ) ;
#3603 = ORIENTED_EDGE ( 'NONE', *, *, #6095, .T. ) ;
#3604 = DIRECTION ( 'NONE',  ( 0.000000000000000000, -0.1045284632676536929, -0.9945218953682732899 ) ) ;
#3605 = CARTESIAN_POINT ( 'NONE',  ( -1.662041016787807912, 1.662041016787792369, 2.400000000000002132 ) ) ;
#3606 = CARTESIAN_POINT ( 'NONE',  ( 1.662041016787808356, 1.662041016787793923, -11.84999999999999787 ) ) ;
#3607 = CARTESIAN_POINT ( 'NONE',  ( -2.350480947161686984, -0.9736010864139436061, -4.412499999999997868 ) ) ;
#3608 = ORIENTED_EDGE ( 'NONE', *, *, #3205, .T. ) ;
#3609 = CARTESIAN_POINT ( 'NONE',  ( -3.740226349862386965E-16, -3.054126587736558207, -10.81874999999999964 ) ) ;
#3610 = CARTESIAN_POINT ( 'NONE',  ( 0.000000000000000000, 2.350480947161672773, -9.724999999999997868 ) ) ;
#3611 = CARTESIAN_POINT ( 'NONE',  ( -1.552333443974295735, -1.771748589601333856, -12.34999999999999432 ) ) ;
#3612 = CARTESIAN_POINT ( 'NONE',  ( 2.350480947161686540, 0.9736010864139147403, -4.912499999999998757 ) ) ;
#3613 = CARTESIAN_POINT ( 'NONE',  ( 2.121320343559654820, 2.121320343559638388, 0.6499999999999998002 ) ) ;
#3614 = ADVANCED_FACE ( 'NONE', ( #2359 ), #6123, .T. ) ;
#3615 = CARTESIAN_POINT ( 'NONE',  ( 1.265060653844741090, 3.054126587736527121, 4.681249999999999467 ) ) ;
#3616 = CARTESIAN_POINT ( 'NONE',  ( -2.350480947161686984, -1.423651047428619348E-14, -7.599999999999997868 ) ) ;
#3617 = CARTESIAN_POINT ( 'NONE',  ( -2.121320343559653931, 2.121320343559638388, 3.775000000000000355 ) ) ;
#3618 = CARTESIAN_POINT ( 'NONE',  ( -2.350480947161686984, -1.619594535292195900E-14, 8.400000000000000355 ) ) ;
#3619 = CARTESIAN_POINT ( 'NONE',  ( 0.000000000000000000, 3.054126587736530229, -12.25624999999999964 ) ) ;
#3620 = EDGE_LOOP ( 'NONE', ( #4750, #312, #170, #3258 ) ) ;
#3621 =( BOUNDED_CURVE ( )  B_SPLINE_CURVE ( 2, ( #2522, #258, #1948, #4340, #825, #6566, #1385, #3695, #5443 ),
 .UNSPECIFIED., .F., .F. ) 
 B_SPLINE_CURVE_WITH_KNOTS ( ( 3, 2, 2, 2, 3 ),
 ( 0.1875000000000000278, 0.2031250000000000278, 0.2187500000000000000, 0.2343750000000000000, 0.2500000000000000000 ),
 .UNSPECIFIED. ) 
 CURVE ( )  GEOMETRIC_REPRESENTATION_ITEM ( )  RATIONAL_B_SPLINE_CURVE ( ( 0.9999999999999998890, 0.9238795325112868495, 1.000000000000000000, 0.9238795325112867385, 1.000000000000000000, 0.9238795325112867385, 1.000000000000000000, 0.9238795325112867385, 1.000000000000000000 ) ) 
 REPRESENTATION_ITEM ( '' )  );
#3622 = DIRECTION ( 'NONE',  ( 0.000000000000000000, 0.000000000000000000, 1.000000000000000000 ) ) ;
#3623 = EDGE_CURVE ( 'NONE', #368, #1598, #630, .T. ) ;
#3624 = B_SPLINE_CURVE_WITH_KNOTS ( 'NONE', 3,
 ( #1051, #2715, #5105, #2030, #5603, #6164, #3779 ),
 .UNSPECIFIED., .F., .F.,
 ( 4, 3, 4 ),
 ( 1.748223473168675632E-18, 0.0005479726153433485186, 0.001085021823248778425 ),
 .UNSPECIFIED. ) ;
#3625 = CARTESIAN_POINT ( 'NONE',  ( 0.3840784068098205828, 1.967675189122390922, 10.76374999999999815 ) ) ;
#3626 = CARTESIAN_POINT ( 'NONE',  ( 0.9736010864139287291, -2.350480947161702527, -3.287499999999998312 ) ) ;
#3627 = CARTESIAN_POINT ( 'NONE',  ( -2.350480947161686984, -0.9736010864139447163, 3.462500000000000799 ) ) ;
#3628 = CARTESIAN_POINT ( 'NONE',  ( -2.072279788034152581, 0.5257718158228189553, 12.11187273411069931 ) ) ;
#3629 = CARTESIAN_POINT ( 'NONE',  ( -1.662041016787807912, 1.662041016787793701, -6.599999999999997868 ) ) ;
#3630 = CARTESIAN_POINT ( 'NONE',  ( 2.044095216605290588, -0.3840784068098289095, 10.76374999999999815 ) ) ;
#3631 = CARTESIAN_POINT ( 'NONE',  ( -1.662041016787807912, 1.662041016787792147, 4.400000000000002132 ) ) ;
#3632 = EDGE_LOOP ( 'NONE', ( #5463, #6971, #5189, #5880 ) ) ;
#3633 = DIRECTION ( 'NONE',  ( 0.000000000000000000, 0.000000000000000000, 1.000000000000000000 ) ) ;
#3634 = CARTESIAN_POINT ( 'NONE',  ( 1.822136847597923159, 0.4282286714488017232, 10.76374999999999815 ) ) ;
#3635 = CARTESIAN_POINT ( 'NONE',  ( -1.265060653844739536, -3.054126587736559539, -1.818750000000000089 ) ) ;
#3636 = CARTESIAN_POINT ( 'NONE',  ( -0.3840784068098203607, -1.967675189122394253, 10.76374999999999815 ) ) ;
#3637 = EDGE_CURVE ( 'NONE', #962, #3892, #2939, .T. ) ;
#3638 = CARTESIAN_POINT ( 'NONE',  ( 0.9736010864139306165, 2.350480947161672329, -9.912499999999997868 ) ) ;
#3639 = CARTESIAN_POINT ( 'NONE',  ( 2.159593620790641655, -2.159593620790657198, -0.6937499999999998668 ) ) ;
#3640 = CARTESIAN_POINT ( 'NONE',  ( 0.000000000000000000, 2.350480947161671441, 0.1500000000000016875 ) ) ;
#3641 = VERTEX_POINT ( 'NONE', #5321 ) ;
#3642 = CARTESIAN_POINT ( 'NONE',  ( 1.242640687119298093, -3.000000000000026645, -1.787499999999999201 ) ) ;
#3643 = CARTESIAN_POINT ( 'NONE',  ( 1.662041016787808356, 1.662041016787792147, 2.150000000000001688 ) ) ;
#3644 = FACE_OUTER_BOUND ( 'NONE', #7051, .T. ) ;
#3645 = CARTESIAN_POINT ( 'NONE',  ( 0.000000000000000000, 2.350480947161671885, -1.724999999999998312 ) ) ;
#3646 = ORIENTED_EDGE ( 'NONE', *, *, #160, .F. ) ;
#3647 = CARTESIAN_POINT ( 'NONE',  ( -3.054126587736543996, -1.376862524675875742E-14, -11.06874999999999964 ) ) ;
#3648 = CARTESIAN_POINT ( 'NONE',  ( 0.9736010864139287291, -2.350480947161703416, 5.712500000000000355 ) ) ;
#3649 = CARTESIAN_POINT ( 'NONE',  ( -0.9736010864139290621, 2.350480947161673662, -11.78749999999999964 ) ) ;
#3650 = CARTESIAN_POINT ( 'NONE',  ( 0.000000000000000000, -2.044870920353165796E-15, 12.34999999999999964 ) ) ;
#3651 = CARTESIAN_POINT ( 'NONE',  ( -0.9736010864139292842, -2.350480947161702083, -4.287499999999997868 ) ) ;
#3652 = CARTESIAN_POINT ( 'NONE',  ( -3.673940397442080083E-16, -3.000000000000031086, -5.849999999999999645 ) ) ;
#3653 = CARTESIAN_POINT ( 'NONE',  ( -3.673940397442080083E-16, -3.000000000000031086, -6.724999999999999645 ) ) ;
#3654 = CARTESIAN_POINT ( 'NONE',  ( -2.159593620790641655, -2.159593620790657642, 3.118749999999999023 ) ) ;
#3655 = CARTESIAN_POINT ( 'NONE',  ( 1.662041016787807912, -1.662041016787822567, -7.224999999999998757 ) ) ;
#3656 = CARTESIAN_POINT ( 'NONE',  ( -3.000000000000016431, -1.560508272185346444E-14, 3.900000000000000799 ) ) ;
#3657 = CARTESIAN_POINT ( 'NONE',  ( 0.000000000000000000, 2.350480947161670553, 8.150000000000000355 ) ) ;
#3658 = CARTESIAN_POINT ( 'NONE',  ( -2.159593620790641655, 2.159593620790627888, -12.13124999999999964 ) ) ;
#3659 = EDGE_CURVE ( 'NONE', #938, #4032, #5401, .T. ) ;
#3660 = ORIENTED_EDGE ( 'NONE', *, *, #3482, .T. ) ;
#3661 = FACE_OUTER_BOUND ( 'NONE', #4672, .T. ) ;
#3662 = CARTESIAN_POINT ( 'NONE',  ( 0.3840784068098127557, -1.967675189122392920, 10.76374999999999815 ) ) ;
#3663 = CARTESIAN_POINT ( 'NONE',  ( -2.878508968398398972E-16, -2.350480947161702083, -2.349999999999998312 ) ) ;
#3664 = CARTESIAN_POINT ( 'NONE',  ( -2.878508968398398972E-16, -2.350480947161703416, 8.775000000000002132 ) ) ;
#3665 = CARTESIAN_POINT ( 'NONE',  ( 3.000000000000015987, 1.242640687119277887, -2.412500000000000977 ) ) ;
#3666 = CARTESIAN_POINT ( 'NONE',  ( 1.662041016787807912, -1.662041016787822789, -5.099999999999998757 ) ) ;
#3667 = EDGE_CURVE ( 'NONE', #3641, #621, #3828, .T. ) ;
#3668 = CARTESIAN_POINT ( 'NONE',  ( -0.4595844439516378888, 3.039212496907778061, 11.48214195586161956 ) ) ;
#3669 = CARTESIAN_POINT ( 'NONE',  ( 3.054126587736543996, -1.702719645498330939E-14, 9.431250000000000355 ) ) ;
#3670 = VERTEX_POINT ( 'NONE', #140 ) ;
#3671 = FACE_OUTER_BOUND ( 'NONE', #4507, .T. ) ;
#3672 = CARTESIAN_POINT ( 'NONE',  ( 1.058453292898873244, 0.7445567571664454265, 10.76374999999999815 ) ) ;
#3673 = CARTESIAN_POINT ( 'NONE',  ( 1.265060653844738425, -3.054126587736560872, -3.693750000000000533 ) ) ;
#3674 = CARTESIAN_POINT ( 'NONE',  ( 3.050412029386038171, -0.3349682037019392489, 10.76374999999999815 ) ) ;
#3675 = CARTESIAN_POINT ( 'NONE',  ( -1.662041016787807912, 1.662041016787793923, -9.724999999999997868 ) ) ;
#3676 = CARTESIAN_POINT ( 'NONE',  ( 1.265060653844741090, 3.054126587736527565, 0.6187500000000004663 ) ) ;
#3677 = DIRECTION ( 'NONE',  ( -0.000000000000000000, -1.224646799147353207E-16, 1.000000000000000000 ) ) ;
#3678 = ORIENTED_EDGE ( 'NONE', *, *, #5468, .F. ) ;
#3679 = CARTESIAN_POINT ( 'NONE',  ( 0.9736010864139306165, 2.350480947161670553, 4.212500000000002132 ) ) ;
#3680 = CARTESIAN_POINT ( 'NONE',  ( 0.000000000000000000, 2.350480947161670997, 6.275000000000002132 ) ) ;
#3681 = CARTESIAN_POINT ( 'NONE',  ( -2.350480947161686984, -1.376195983961659478E-14, -11.47499999999999964 ) ) ;
#3682 = EDGE_CURVE ( 'NONE', #5699, #4277, #6603, .T. ) ;
#3683 = CARTESIAN_POINT ( 'NONE',  ( 0.9736010864139306165, 2.350480947161670997, 2.212500000000001688 ) ) ;
#3684 = ORIENTED_EDGE ( 'NONE', *, *, #4461, .F. ) ;
#3685 = CARTESIAN_POINT ( 'NONE',  ( 3.054126587736543996, -1.457790285668860012E-14, -10.56874999999999964 ) ) ;
#3686 = CARTESIAN_POINT ( 'NONE',  ( -0.9736010864139290621, 2.350480947161671441, 2.212500000000001688 ) ) ;
#3687 = CARTESIAN_POINT ( 'NONE',  ( 2.350480947161686540, -0.9736010864139451604, -5.037499999999998757 ) ) ;
#3688 = CARTESIAN_POINT ( 'NONE',  ( -1.613485226318263965, -1.827674171950569804, -12.29407961901602775 ) ) ;
#3689 = CARTESIAN_POINT ( 'NONE',  ( 2.350480947161686540, -0.9736010864139453824, -3.037499999999997868 ) ) ;
#3690 = CARTESIAN_POINT ( 'NONE',  ( -3.673940397442080083E-16, -3.000000000000031086, -4.850000000000000533 ) ) ;
#3691 = LINE ( 'NONE', #857, #1276 ) ;
#3692 = CIRCLE ( 'NONE', #1395, 3.183625345212382829 ) ;
#3693 = CARTESIAN_POINT ( 'NONE',  ( -2.159593620790641655, 2.159593620790625668, 3.868749999999999911 ) ) ;
#3694 = CARTESIAN_POINT ( 'NONE',  ( -2.350480947161686984, -0.9736010864139431620, -8.537499999999997868 ) ) ;
#3695 = CARTESIAN_POINT ( 'NONE',  ( 1.242640687119293874, 2.999999999999999112, 3.587500000000000799 ) ) ;
#3696 = CARTESIAN_POINT ( 'NONE',  ( -1.967675189122388701, 0.3840784068098394566, 10.76374999999999815 ) ) ;
#3697 = CARTESIAN_POINT ( 'NONE',  ( 3.054126587736543996, 1.265060653844725769, -10.44375000000000142 ) ) ;
#3698 = ORIENTED_EDGE ( 'NONE', *, *, #2888, .T. ) ;
#3699 = VECTOR ( 'NONE', #4450, 999.9999999999998863 ) ;
#3700 = CARTESIAN_POINT ( 'NONE',  ( 3.000000000000015987, 1.242640687119276777, 4.462499999999999467 ) ) ;
#3701 = EDGE_CURVE ( 'NONE', #4343, #4324, #6959, .T. ) ;
#3702 = DIRECTION ( 'NONE',  ( 0.02078751127481443320, 0.1045058763748859809, -0.9943069954385901354 ) ) ;
#3703 = AXIS2_PLACEMENT_3D ( 'NONE', #5556, #6751, #891 ) ;
#3704 = CARTESIAN_POINT ( 'NONE',  ( -2.878508968398398972E-16, -2.350480947161702083, -3.349999999999998312 ) ) ;
#3705 = CARTESIAN_POINT ( 'NONE',  ( 1.913242219710362457, -1.427827120760289059, 5.784752458771814432 ) ) ;
#3706 = DIRECTION ( 'NONE',  ( 0.3805870524817673850, 0.9188184237650784958, 0.1045284632676539288 ) ) ;
#3707 = AXIS2_PLACEMENT_3D ( 'NONE', #675, #533, #6421 ) ;
#3708 = CARTESIAN_POINT ( 'NONE',  ( -0.9736010864139292842, -2.350480947161702083, -5.287499999999996980 ) ) ;
#3709 = CARTESIAN_POINT ( 'NONE',  ( 2.350480947161686540, -0.9736010864139460486, 1.962500000000001688 ) ) ;
#3710 = EDGE_LOOP ( 'NONE', ( #3942, #1167, #2876, #4829 ) ) ;
#3711 = CARTESIAN_POINT ( 'NONE',  ( -3.091509112269791526, 0.3439604872180281325, 11.11825110038119391 ) ) ;
#3712 = VECTOR ( 'NONE', #7337, 1000.000000000000114 ) ;
#3713 = EDGE_CURVE ( 'NONE', #1658, #6116, #1456, .T. ) ;
#3714 = CARTESIAN_POINT ( 'NONE',  ( -3.000000000000015987, 1.242640687119276555, 3.962499999999999911 ) ) ;
#3715 = CARTESIAN_POINT ( 'NONE',  ( -1.265060653844739091, 3.054126587736528897, -4.193750000000000533 ) ) ;
#3716 = CARTESIAN_POINT ( 'NONE',  ( 0.000000000000000000, -3.000000000000003997, 12.34999999999999964 ) ) ;
#3717 = CARTESIAN_POINT ( 'NONE',  ( 1.265060653844741090, 3.054126587736527565, 1.618750000000000355 ) ) ;
#3718 = CARTESIAN_POINT ( 'NONE',  ( -2.878508968398398972E-16, -2.350480947161702527, 1.650000000000001243 ) ) ;
#3719 = VERTEX_POINT ( 'NONE', #6075 ) ;
#3720 = CARTESIAN_POINT ( 'NONE',  ( -2.121320343559653931, -2.121320343559669475, -1.849999999999999645 ) ) ;
#3721 = CARTESIAN_POINT ( 'NONE',  ( -2.350480947161686984, -0.9736010864139450494, 6.587500000000002132 ) ) ;
#3722 = CARTESIAN_POINT ( 'NONE',  ( 0.000000000000000000, 2.350480947161672773, -7.724999999999998757 ) ) ;
#3723 = CARTESIAN_POINT ( 'NONE',  ( 2.350480947161686540, 0.9736010864139140741, 1.087500000000001688 ) ) ;
#3724 = ORIENTED_EDGE ( 'NONE', *, *, #726, .T. ) ;
#3725 = CARTESIAN_POINT ( 'NONE',  ( -1.265060653844739536, -3.054126587736557763, -10.88124999999999964 ) ) ;
#3726 = B_SPLINE_CURVE_WITH_KNOTS ( 'NONE', 3,
 ( #2963, #2427, #7033, #5348 ),
 .UNSPECIFIED., .F., .F.,
 ( 4, 4 ),
 ( 5.270114830199497847E-17, 0.0007342971000859131563 ),
 .UNSPECIFIED. ) ;
#3727 = CARTESIAN_POINT ( 'NONE',  ( -1.662041016787808134, -1.662041016787823899, 6.525000000000001243 ) ) ;
#3728 = CARTESIAN_POINT ( 'NONE',  ( -1.662041016787807912, 1.662041016787794145, -10.72499999999999787 ) ) ;
#3729 = CARTESIAN_POINT ( 'NONE',  ( 1.358408072267775157, -2.287215630357076090, 6.560495336832871338 ) ) ;
#3730 = CARTESIAN_POINT ( 'NONE',  ( 0.9736010864139306165, 2.350480947161670997, 0.2125000000000017986 ) ) ;
#3731 = CARTESIAN_POINT ( 'NONE',  ( -1.183421894625700466, -0.8695253588932748690, 12.31724921319468180 ) ) ;
#3732 = CARTESIAN_POINT ( 'NONE',  ( -3.033515027855350432, 0.3589123793729751544, 10.76374999999999815 ) ) ;
#3733 = EDGE_LOOP ( 'NONE', ( #4029, #6746, #1632, #6408, #6933, #2783, #294, #3534, #1808, #1988, #7439, #2379, #1177, #4654, #6056, #2848, #5894 ) ) ;
#3734 = CARTESIAN_POINT ( 'NONE',  ( -0.9736010864139290621, 2.350480947161673217, -8.787499999999997868 ) ) ;
#3735 = DIRECTION ( 'NONE',  ( -0.000000000000000000, -1.224646799147353207E-16, 1.000000000000000000 ) ) ;
#3736 = EDGE_CURVE ( 'NONE', #539, #6692, #6337, .T. ) ;
#3737 = EDGE_CURVE ( 'NONE', #6033, #6818, #2736, .T. ) ;
#3738 = CARTESIAN_POINT ( 'NONE',  ( -0.5507999999999998453, -2.976363991558876103E-15, 12.34999999999999964 ) ) ;
#3739 = CARTESIAN_POINT ( 'NONE',  ( -2.159593620790641655, 2.159593620790627444, -9.131249999999999645 ) ) ;
#3740 =( BOUNDED_CURVE ( )  B_SPLINE_CURVE ( 2, ( #2370, #4114, #6352, #6420, #1169, #6317, #1235, #5858, #673 ),
 .UNSPECIFIED., .F., .F. ) 
 B_SPLINE_CURVE_WITH_KNOTS ( ( 3, 2, 2, 2, 3 ),
 ( 0.4375000000000000555, 0.4531250000000000555, 0.4687500000000000000, 0.4843750000000000000, 0.5000000000000000000 ),
 .UNSPECIFIED. ) 
 CURVE ( )  GEOMETRIC_REPRESENTATION_ITEM ( )  RATIONAL_B_SPLINE_CURVE ( ( 0.9999999999999997780, 0.9238795325112869605, 1.000000000000000000, 0.9238795325112867385, 1.000000000000000000, 0.9238795325112867385, 1.000000000000000000, 0.9238795325112867385, 1.000000000000000000 ) ) 
 REPRESENTATION_ITEM ( '' )  );
#3741 = VERTEX_POINT ( 'NONE', #1981 ) ;
#3742 = CARTESIAN_POINT ( 'NONE',  ( -3.673940397442080083E-16, -3.000000000000032419, 4.149999999999999467 ) ) ;
#3743 = CARTESIAN_POINT ( 'NONE',  ( -2.076360577286916698, -0.5462873287922453969, 12.30706480146733384 ) ) ;
#3744 = CARTESIAN_POINT ( 'NONE',  ( 0.000000000000000000, 2.350480947161671885, -1.849999999999998312 ) ) ;
#3745 = CARTESIAN_POINT ( 'NONE',  ( 1.275495817776578500, 2.111372852577990678, 6.004348402346416869 ) ) ;
#3746 = CARTESIAN_POINT ( 'NONE',  ( 3.000000000000015543, -1.242640687119308973, -2.537500000000000089 ) ) ;
#3747 = FACE_OUTER_BOUND ( 'NONE', #4976, .T. ) ;
#3748 = CARTESIAN_POINT ( 'NONE',  ( -3.048904827688117880, -0.3826289599682859977, 10.74995943449260771 ) ) ;
#3749 = CARTESIAN_POINT ( 'NONE',  ( -1.265060653844739536, -3.054126587736560872, 9.118750000000000355 ) ) ;
#3750 = ORIENTED_EDGE ( 'NONE', *, *, #6864, .F. ) ;
#3751 = CARTESIAN_POINT ( 'NONE',  ( -2.121320343559653931, -2.121320343559670363, 4.149999999999999467 ) ) ;
#3752 = CARTESIAN_POINT ( 'NONE',  ( -2.159593620790641655, -2.159593620790656754, -3.881250000000000533 ) ) ;
#3753 = LINE ( 'NONE', #3716, #1492 ) ;
#3754 = CARTESIAN_POINT ( 'NONE',  ( -3.054126587736543996, -1.523820140573558235E-14, 0.9312500000000006883 ) ) ;
#3755 = CARTESIAN_POINT ( 'NONE',  ( -2.072279788034156578, -0.5257718158227998595, 12.11187273411069931 ) ) ;
#3756 = EDGE_CURVE ( 'NONE', #3269, #1835, #1376, .T. ) ;
#3757 = ORIENTED_EDGE ( 'NONE', *, *, #6309, .T. ) ;
#3758 = CARTESIAN_POINT ( 'NONE',  ( -1.662041016787808134, -1.662041016787823677, 5.650000000000002132 ) ) ;
#3759 = CARTESIAN_POINT ( 'NONE',  ( -1.662041016787808134, -1.662041016787824121, 7.650000000000002132 ) ) ;
#3760 = CARTESIAN_POINT ( 'NONE',  ( -0.9736010864139292842, -2.350480947161702527, -7.287499999999998757 ) ) ;
#3761 = CARTESIAN_POINT ( 'NONE',  ( 0.9736010864139287291, -2.350480947161703416, 1.837500000000001465 ) ) ;
#3762 = VERTEX_POINT ( 'NONE', #2667 ) ;
#3763 = CARTESIAN_POINT ( 'NONE',  ( -2.159593620790641655, 2.159593620790627000, -6.193749999999999645 ) ) ;
#3764 = CARTESIAN_POINT ( 'NONE',  ( 0.000000000000000000, 2.350480947161670997, 6.150000000000002132 ) ) ;
#3765 = CARTESIAN_POINT ( 'NONE',  ( 2.350480947161686540, -0.9736010864139444942, -12.16249999999999787 ) ) ;
#3766 = CARTESIAN_POINT ( 'NONE',  ( -0.7232198445647605167, -2.504181248885396283, -12.12522185058925572 ) ) ;
#3767 = CARTESIAN_POINT ( 'NONE',  ( 0.000000000000000000, 2.350480947161671885, -0.7249999999999982014 ) ) ;
#3768 = ADVANCED_FACE ( 'NONE', ( #2097 ), #5439, .T. ) ;
#3769 = CARTESIAN_POINT ( 'NONE',  ( -1.277389564033695191, -2.275014158768965178, 6.421848605553074130 ) ) ;
#3770 = CARTESIAN_POINT ( 'NONE',  ( -3.045282526901880615, 0.3431998058198705293, 10.76374999999999815 ) ) ;
#3771 = ORIENTED_EDGE ( 'NONE', *, *, #1447, .T. ) ;
#3772 = CARTESIAN_POINT ( 'NONE',  ( 2.121320343559653931, -2.121320343559670363, 1.275000000000000133 ) ) ;
#3773 = CARTESIAN_POINT ( 'NONE',  ( 1.002804753733022913, -2.196641960493108225, -12.31564222755836902 ) ) ;
#3774 = CARTESIAN_POINT ( 'NONE',  ( 2.231311800853804428, 1.191912422349735490, 6.203985195703336508 ) ) ;
#3775 = CARTESIAN_POINT ( 'NONE',  ( -1.265060653844739536, -3.054126587736559095, -7.818749999999998757 ) ) ;
#3776 = ORIENTED_EDGE ( 'NONE', *, *, #3587, .F. ) ;
#3777 = CARTESIAN_POINT ( 'NONE',  ( 2.312698411146422828, 1.910870497726324890, 7.510428147091732676 ) ) ;
#3778 = EDGE_CURVE ( 'NONE', #1069, #4395, #7148, .T. ) ;
#3779 = CARTESIAN_POINT ( 'NONE',  ( -0.3840784068098204718, -2.971464112645128886, 10.76374999999999815 ) ) ;
#3780 =( BOUNDED_CURVE ( )  B_SPLINE_CURVE ( 2, ( #3247, #2679, #2109, #6832, #774, #3607, #1859, #1088, #5745, #7077, #1649, #3077, #3967, #2825, #5918, #5954, #735, #5139, #1257, #3038, #3400, #5712, #7394, #521, #7431, #2870, #2220, #4535, #6518, #4577, #6274, #2258, #5879, #1, #3567, #6872, #1685, #1300, #1125, #1899, #3004, #4173, #4002, #1337, #5352, #7003, #169, #2467, #3645, #1820, #6310, #4788, #3436, #559, #5183, #2393, #4713, #4136, #6443, #698, #5315, #134, #4218, #2431, #4749, #7037, #6481, #5431, #246, #279, #5993, #2544, #4399, #6067, #961, #5392, #6632, #7189, #7117, #6705, #6593, #1973, #6104, #4864, #7153, #4328, #5550, #4287, #884, #1413, #3119, #2620, #210, #3723, #920, #3230, #2013, #6032, #848, #360, #1521, #3152, #2661, #1449, #1373, #3761, #4980, #6555, #3798, #3187, #7268, #3683, #4942 ),
 .UNSPECIFIED., .F., .F. ) 
 B_SPLINE_CURVE_WITH_KNOTS ( ( 3, 2, 2, 2, 2, 2, 2, 2, 2, 2, 2, 2, 2, 2, 2, 2, 2, 2, 2, 2, 2, 2, 2, 2, 2, 2, 2, 2, 2, 2, 2, 2, 2, 2, 2, 2, 2, 2, 2, 2, 2, 2, 2, 2, 2, 2, 2, 2, 2, 2, 2, 2, 2, 2, 2, 2, 3 ),
 ( 0.1250000000000000000, 0.1406250000000000000, 0.1562500000000000000, 0.1718750000000000000, 0.1875000000000000000, 0.2031250000000000000, 0.2187500000000000000, 0.2343750000000000000, 0.2500000000000000000, 0.2656250000000000000, 0.2812500000000000000, 0.2968750000000000000, 0.3125000000000000000, 0.3281250000000000000, 0.3437500000000000000, 0.3593750000000000000, 0.3750000000000000000, 0.3906250000000000000, 0.4062500000000000000, 0.4218750000000000000, 0.4375000000000000000, 0.4531250000000000000, 0.4687500000000000000, 0.4843750000000000000, 0.5000000000000000000, 0.5156250000000000000, 0.5312500000000000000, 0.5468750000000000000, 0.5625000000000000000, 0.5781250000000000000, 0.5937500000000000000, 0.6093750000000000000, 0.6250000000000000000, 0.6406250000000000000, 0.6562500000000000000, 0.6718750000000000000, 0.6875000000000000000, 0.7031250000000000000, 0.7187500000000000000, 0.7343750000000000000, 0.7500000000000000000, 0.7656250000000000000, 0.7812500000000000000, 0.7968750000000000000, 0.8125000000000000000, 0.8281250000000000000, 0.8437500000000000000, 0.8593750000000000000, 0.8750000000000000000, 0.8906250000000000000, 0.9062500000000000000, 0.9218750000000000000, 0.9375000000000000000, 0.9531250000000000000, 0.9687500000000000000, 0.9843750000000000000, 1.000000000000000000 ),
 .UNSPECIFIED. ) 
 CURVE ( )  GEOMETRIC_REPRESENTATION_ITEM ( )  RATIONAL_B_SPLINE_CURVE ( ( 1.000000000000000000, 0.9238795325112867385, 1.000000000000000000, 0.9238795325112867385, 1.000000000000000000, 0.9238795325112867385, 1.000000000000000000, 0.9238795325112867385, 1.000000000000000000, 0.9238795325112867385, 1.000000000000000000, 0.9238795325112867385, 1.000000000000000000, 0.9238795325112867385, 1.000000000000000000, 0.9238795325112867385, 1.000000000000000000, 0.9238795325112867385, 1.000000000000000000, 0.9238795325112867385, 1.000000000000000000, 0.9238795325112867385, 1.000000000000000000, 0.9238795325112867385, 1.000000000000000000, 0.9238795325112867385, 1.000000000000000000, 0.9238795325112867385, 1.000000000000000000, 0.9238795325112867385, 1.000000000000000000, 0.9238795325112867385, 1.000000000000000000, 0.9238795325112867385, 1.000000000000000000, 0.9238795325112867385, 1.000000000000000000, 0.9238795325112867385, 1.000000000000000000, 0.9238795325112867385, 1.000000000000000000, 0.9238795325112867385, 1.000000000000000000, 0.9238795325112867385, 1.000000000000000000, 0.9238795325112867385, 1.000000000000000000, 0.9238795325112867385, 1.000000000000000000, 0.9238795325112867385, 1.000000000000000000, 0.9238795325112867385, 1.000000000000000000, 0.9238795325112867385, 1.000000000000000000, 0.9238795325112867385, 1.000000000000000000, 0.9238795325112867385, 1.000000000000000000, 0.9238795325112867385, 1.000000000000000000, 0.9238795325112867385, 1.000000000000000000, 0.9238795325112867385, 1.000000000000000000, 0.9238795325112867385, 1.000000000000000000, 0.9238795325112867385, 1.000000000000000000, 0.9238795325112867385, 1.000000000000000000, 0.9238795325112867385, 1.000000000000000000, 0.9238795325112867385, 1.000000000000000000, 0.9238795325112867385, 1.000000000000000000, 0.9238795325112867385, 1.000000000000000000, 0.9238795325112867385, 1.000000000000000000, 0.9238795325112867385, 1.000000000000000000, 0.9238795325112867385, 1.000000000000000000, 0.9238795325112867385, 1.000000000000000000, 0.9238795325112867385, 1.000000000000000000, 0.9238795325112867385, 1.000000000000000000, 0.9238795325112867385, 1.000000000000000000, 0.9238795325112867385, 1.000000000000000000, 0.9238795325112867385, 1.000000000000000000, 0.9238795325112867385, 1.000000000000000000, 0.9238795325112867385, 1.000000000000000000, 0.9238795325112867385, 1.000000000000000000, 0.9238795325112867385, 1.000000000000000000, 0.9238795325112867385, 1.000000000000000000, 0.9238795325112867385, 1.000000000000000000, 0.9238795325112867385, 1.000000000000000000, 0.9238795325112867385, 1.000000000000000000 ) ) 
 REPRESENTATION_ITEM ( '' )  );
#3781 = CARTESIAN_POINT ( 'NONE',  ( 2.350480947161686540, 0.9736010864139147403, -4.037499999999998757 ) ) ;
#3782 = CARTESIAN_POINT ( 'NONE',  ( 2.159593620790642099, 2.159593620790624779, 8.618750000000000355 ) ) ;
#3783 = CARTESIAN_POINT ( 'NONE',  ( -0.4188713088899074233, 3.155949487122284403, 11.81363098836948744 ) ) ;
#3784 = CARTESIAN_POINT ( 'NONE',  ( 3.000000000000015987, 1.242640687119276777, 6.462500000000001243 ) ) ;
#3785 = ORIENTED_EDGE ( 'NONE', *, *, #6684, .T. ) ;
#3786 = CARTESIAN_POINT ( 'NONE',  ( -2.878508968398398972E-16, -2.350480947161702527, 1.775000000000001465 ) ) ;
#3787 = VERTEX_POINT ( 'NONE', #3690 ) ;
#3788 = CARTESIAN_POINT ( 'NONE',  ( 3.125570367958556250, -0.3831821998183820854, 11.48214195384786862 ) ) ;
#3789 = CARTESIAN_POINT ( 'NONE',  ( 0.000000000000000000, 3.000000000000000444, 2.774999999999999467 ) ) ;
#3790 = CARTESIAN_POINT ( 'NONE',  ( -2.159593620790641655, -2.159593620790656310, -4.881250000000000533 ) ) ;
#3791 = CARTESIAN_POINT ( 'NONE',  ( 3.145348765581085448, 0.4510293419240943291, 11.81574533325309773 ) ) ;
#3792 = VECTOR ( 'NONE', #6575, 999.9999999999998863 ) ;
#3793 = CARTESIAN_POINT ( 'NONE',  ( 2.159593620790641655, -2.159593620790657642, 2.306250000000000355 ) ) ;
#3794 = CARTESIAN_POINT ( 'NONE',  ( -0.9736010864139290621, 2.350480947161671441, 1.212500000000002132 ) ) ;
#3795 = EDGE_LOOP ( 'NONE', ( #858, #6330, #4427, #1427, #468, #6723, #6083, #1627, #775, #6182, #580, #3106, #6376, #256, #975, #1414 ) ) ;
#3796 = CARTESIAN_POINT ( 'NONE',  ( -2.350480947161686984, -1.572139471825235715E-14, 4.525000000000002132 ) ) ;
#3797 = CARTESIAN_POINT ( 'NONE',  ( -2.350480947161686984, -0.9736010864139432730, -7.412499999999998757 ) ) ;
#3798 = CARTESIAN_POINT ( 'NONE',  ( 2.350480947161686984, -1.599093481214520351E-14, 2.025000000000001688 ) ) ;
#3799 = ORIENTED_EDGE ( 'NONE', *, *, #6892, .T. ) ;
#3800 = CARTESIAN_POINT ( 'NONE',  ( 2.350480947161686984, -1.671041480664427251E-14, 7.900000000000000355 ) ) ;
#3801 = CARTESIAN_POINT ( 'NONE',  ( 0.9736010864139287291, -2.350480947161701639, -12.28749999999999787 ) ) ;
#3802 = CARTESIAN_POINT ( 'NONE',  ( -0.8902735123314111654, -2.420336680754470837, -12.15274311477170599 ) ) ;
#3803 = CARTESIAN_POINT ( 'NONE',  ( -2.878508968398398972E-16, -2.350480947161702083, -2.224999999999998312 ) ) ;
#3804 = CARTESIAN_POINT ( 'NONE',  ( -0.5744240720839267622, 1.851216920838283375, 12.15470632317383348 ) ) ;
#3805 = CARTESIAN_POINT ( 'NONE',  ( -3.673940397442080083E-16, -3.000000000000031530, -2.725000000000000089 ) ) ;
#3806 = ADVANCED_FACE ( 'NONE', ( #821 ), #5512, .T. ) ;
#3807 = ORIENTED_EDGE ( 'NONE', *, *, #6207, .T. ) ;
#3808 = CARTESIAN_POINT ( 'NONE',  ( -1.662041016787807912, 1.662041016787793479, -5.724999999999998757 ) ) ;
#3809 = CYLINDRICAL_SURFACE ( 'NONE', #6318, 3.000000000000001776 ) ;
#3810 = CARTESIAN_POINT ( 'NONE',  ( 2.167288136417948152, -1.158577498198178013, 6.005154396976586817 ) ) ;
#3811 = CARTESIAN_POINT ( 'NONE',  ( 1.265060653844741090, 3.054126587736528453, -7.318750000000000533 ) ) ;
#3812 = CARTESIAN_POINT ( 'NONE',  ( -0.4586699493280680939, 3.115381263243729215, 11.47344112072294919 ) ) ;
#3813 = ORIENTED_EDGE ( 'NONE', *, *, #2804, .F. ) ;
#3814 = CARTESIAN_POINT ( 'NONE',  ( -2.350480947161686984, -1.558362195334828011E-14, 3.400000000000001688 ) ) ;
#3815 = VECTOR ( 'NONE', #3520, 1000.000000000000000 ) ;
#3816 = CARTESIAN_POINT ( 'NONE',  ( -3.000000000000015987, -1.242640687119308529, 4.962500000000000355 ) ) ;
#3817 = CARTESIAN_POINT ( 'NONE',  ( 0.000000000000000000, 3.000000000000002220, -8.224999999999999645 ) ) ;
#3818 = CARTESIAN_POINT ( 'NONE',  ( -3.054126587736543996, -1.610310820763339776E-14, 7.993749999999999467 ) ) ;
#3819 = CARTESIAN_POINT ( 'NONE',  ( -1.242640687119292542, -3.000000000000033307, 7.087500000000000355 ) ) ;
#3820 = CONICAL_SURFACE ( 'NONE', #6239, 3.239999999999997105, 0.1047197551196600018 ) ;
#3821 = DATE_AND_TIME ( #6278, #335 ) ;
#3822 = CARTESIAN_POINT ( 'NONE',  ( 0.000000000000000000, 3.000000000000002220, -8.224999999999999645 ) ) ;
#3823 = CARTESIAN_POINT ( 'NONE',  ( 0.9736010864139306165, 2.350480947161673217, -11.91249999999999964 ) ) ;
#3824 = ORIENTED_EDGE ( 'NONE', *, *, #4603, .T. ) ;
#3825 = CARTESIAN_POINT ( 'NONE',  ( 2.350480947161686540, -0.9736010864139467147, 7.962500000000001243 ) ) ;
#3826 = ORIENTED_EDGE ( 'NONE', *, *, #4820, .T. ) ;
#3827 = CARTESIAN_POINT ( 'NONE',  ( -3.000000000000016431, -1.513053208718386574E-14, 0.02500000000000009853 ) ) ;
#3828 = CIRCLE ( 'NONE', #1048, 9.705139063893133411 ) ;
#3829 =( BOUNDED_SURFACE ( )  B_SPLINE_SURFACE ( 1, 2, ( 
 ( #2073, #5574, #4247, #1928, #7331, #3899, #1584, #2501, #4468, #6691, #766, #3254, #5609, #5947, #3290, #3823, #6203, #3070, #4385, #5384, #947, #6169, #416, #6734, #200, #3213, #1507, #344, #1018, #1330, #5533, #4821, #3328, #1548, #2685, #5647, #4425, #457, #4965, #4780, #7067, #7291, #1892, #2115, #2646, #4209, #6511, #3638, #6548, #1366, #3675, #5985, #7253, #1690, #6242, #1131, #6, #2300, #5791, #2911, #4007, #6315, #2226, #5077, #2875, #3439, #5750, #6803, #6280, #527, #566, #4505, #5188, #6348, #2332, #4618, #4044, #6911, #5718, #1617, #4584, #3479, #1725, #1165, #2797, #603, #1094, #5221, #39, #2265, #492, #4653, #6944, #4541, #1762, #6839, #6877, #4079, #6386, #1199, #1657, #3509, #5825, #2761, #7367, #2192, #3932, #1059, #3370, #5687, #5110, #7399, #3973, #3406, #2830, #5145, #7437, #7131, #5291, #70, #3544, #6496, #710, #1873, #1233, #2943, #1913, #1271, #6456 ),
 ( #1350, #4231, #5408, #5856, #5968, #2405, #1387, #1314, #5366, #7015, #4190, #109, #748, #670, #635, #2979, #3619, #5931, #3658, #4149, #226, #2367, #3052, #2481, #4725, #1834, #3584, #4268, #4689, #5893, #3016, #6981, #787, #6532, #1950, #182, #3092, #2524, #1797, #4804, #7092, #4842, #5327, #6568, #145, #3697, #5251, #6418, #4112, #2443, #4764, #7050, #7207, #3133, #4375, #862, #7280, #2104, #372, #7166, #4342, #333, #1464, #1537, #2559, #2025, #3739, #7319, #2674, #2635, #6160, #5563, #1574, #6082, #2146, #4457, #6120, #3852, #7243, #6645, #406, #973, #2711, #5519, #4955, #6757, #2064, #3775, #6680, #1987, #1498, #3243, #4992, #3280, #5599, #3811, #4916, #4413, #936, #5029, #898, #4878, #6010, #827, #3201, #6721, #5445, #260, #4301, #6609, #1426, #6046, #3166, #5483, #293, #2594, #3396, #6306, #2904, #5679, #3924, #33, #2180, #4495, #6937, #4532, #3890, #1682, #1009 ) ),
 .UNSPECIFIED., .F., .F., .F. ) 
 B_SPLINE_SURFACE_WITH_KNOTS ( ( 2, 2 ),
 ( 3, 2, 2, 2, 2, 2, 2, 2, 2, 2, 2, 2, 2, 2, 2, 2, 2, 2, 2, 2, 2, 2, 2, 2, 2, 2, 2, 2, 2, 2, 2, 2, 2, 2, 2, 2, 2, 2, 2, 2, 2, 2, 2, 2, 2, 2, 2, 2, 2, 2, 2, 2, 2, 2, 2, 2, 2, 2, 2, 2, 2, 2, 2, 2, 3 ),
 ( 0.000000000000000000, 1.000000000000000000 ),
 ( 0.000000000000000000, 0.01562500000000000000, 0.03125000000000000000, 0.04687500000000000000, 0.06250000000000000000, 0.07812500000000000000, 0.09375000000000000000, 0.1093750000000000000, 0.1250000000000000000, 0.1406250000000000000, 0.1562500000000000000, 0.1718750000000000000, 0.1875000000000000000, 0.2031250000000000000, 0.2187500000000000000, 0.2343750000000000000, 0.2500000000000000000, 0.2656250000000000000, 0.2812500000000000000, 0.2968750000000000000, 0.3125000000000000000, 0.3281250000000000000, 0.3437500000000000000, 0.3593750000000000000, 0.3750000000000000000, 0.3906250000000000000, 0.4062500000000000000, 0.4218750000000000000, 0.4375000000000000000, 0.4531250000000000000, 0.4687500000000000000, 0.4843750000000000000, 0.5000000000000000000, 0.5156250000000000000, 0.5312500000000000000, 0.5468750000000000000, 0.5625000000000000000, 0.5781250000000000000, 0.5937500000000000000, 0.6093750000000000000, 0.6250000000000000000, 0.6406250000000000000, 0.6562500000000000000, 0.6718750000000000000, 0.6875000000000000000, 0.7031250000000000000, 0.7187500000000000000, 0.7343750000000000000, 0.7500000000000000000, 0.7656250000000000000, 0.7812500000000000000, 0.7968750000000000000, 0.8125000000000000000, 0.8281250000000000000, 0.8437500000000000000, 0.8593750000000000000, 0.8750000000000000000, 0.8906250000000000000, 0.9062500000000000000, 0.9218750000000000000, 0.9375000000000000000, 0.9531250000000000000, 0.9687500000000000000, 0.9843750000000000000, 1.000000000000000000 ),
 .UNSPECIFIED. ) 
 GEOMETRIC_REPRESENTATION_ITEM ( )  RATIONAL_B_SPLINE_SURFACE ( (
 ( 1.000000000000000000, 0.9238795325112867385, 1.000000000000000000, 0.9238795325112867385, 1.000000000000000000, 0.9238795325112867385, 1.000000000000000000, 0.9238795325112867385, 1.000000000000000000, 0.9238795325112867385, 1.000000000000000000, 0.9238795325112867385, 1.000000000000000000, 0.9238795325112867385, 1.000000000000000000, 0.9238795325112867385, 1.000000000000000000, 0.9238795325112867385, 1.000000000000000000, 0.9238795325112867385, 1.000000000000000000, 0.9238795325112867385, 1.000000000000000000, 0.9238795325112867385, 1.000000000000000000, 0.9238795325112867385, 1.000000000000000000, 0.9238795325112867385, 1.000000000000000000, 0.9238795325112867385, 1.000000000000000000, 0.9238795325112867385, 1.000000000000000000, 0.9238795325112867385, 1.000000000000000000, 0.9238795325112867385, 1.000000000000000000, 0.9238795325112867385, 1.000000000000000000, 0.9238795325112867385, 1.000000000000000000, 0.9238795325112867385, 1.000000000000000000, 0.9238795325112867385, 1.000000000000000000, 0.9238795325112867385, 1.000000000000000000, 0.9238795325112867385, 1.000000000000000000, 0.9238795325112867385, 1.000000000000000000, 0.9238795325112867385, 1.000000000000000000, 0.9238795325112867385, 1.000000000000000000, 0.9238795325112867385, 1.000000000000000000, 0.9238795325112867385, 1.000000000000000000, 0.9238795325112867385, 1.000000000000000000, 0.9238795325112867385, 1.000000000000000000, 0.9238795325112867385, 1.000000000000000000, 0.9238795325112867385, 1.000000000000000000, 0.9238795325112867385, 1.000000000000000000, 0.9238795325112867385, 1.000000000000000000, 0.9238795325112867385, 1.000000000000000000, 0.9238795325112867385, 1.000000000000000000, 0.9238795325112867385, 1.000000000000000000, 0.9238795325112867385, 1.000000000000000000, 0.9238795325112867385, 1.000000000000000000, 0.9238795325112867385, 1.000000000000000000, 0.9238795325112867385, 1.000000000000000000, 0.9238795325112867385, 1.000000000000000000, 0.9238795325112867385, 1.000000000000000000, 0.9238795325112867385, 1.000000000000000000, 0.9238795325112867385, 1.000000000000000000, 0.9238795325112867385, 1.000000000000000000, 0.9238795325112867385, 1.000000000000000000, 0.9238795325112867385, 1.000000000000000000, 0.9238795325112867385, 1.000000000000000000, 0.9238795325112867385, 1.000000000000000000, 0.9238795325112867385, 1.000000000000000000, 0.9238795325112867385, 1.000000000000000000, 0.9238795325112867385, 1.000000000000000000, 0.9238795325112867385, 1.000000000000000000, 0.9238795325112867385, 1.000000000000000000, 0.9238795325112867385, 1.000000000000000000, 0.9238795325112867385, 1.000000000000000000, 0.9238795325112867385, 1.000000000000000000, 0.9238795325112867385, 1.000000000000000000, 0.9238795325112867385, 1.000000000000000000, 0.9238795325112867385, 1.000000000000000000, 0.9238795325112867385, 1.000000000000000000, 0.9238795325112867385, 1.000000000000000000),
 ( 1.000000000000000000, 0.9238795325112867385, 1.000000000000000000, 0.9238795325112867385, 1.000000000000000000, 0.9238795325112867385, 1.000000000000000000, 0.9238795325112867385, 1.000000000000000000, 0.9238795325112867385, 1.000000000000000000, 0.9238795325112867385, 1.000000000000000000, 0.9238795325112867385, 1.000000000000000000, 0.9238795325112867385, 1.000000000000000000, 0.9238795325112867385, 1.000000000000000000, 0.9238795325112867385, 1.000000000000000000, 0.9238795325112867385, 1.000000000000000000, 0.9238795325112867385, 1.000000000000000000, 0.9238795325112867385, 1.000000000000000000, 0.9238795325112867385, 1.000000000000000000, 0.9238795325112867385, 1.000000000000000000, 0.9238795325112867385, 1.000000000000000000, 0.9238795325112867385, 1.000000000000000000, 0.9238795325112867385, 1.000000000000000000, 0.9238795325112867385, 1.000000000000000000, 0.9238795325112867385, 1.000000000000000000, 0.9238795325112867385, 1.000000000000000000, 0.9238795325112867385, 1.000000000000000000, 0.9238795325112867385, 1.000000000000000000, 0.9238795325112867385, 1.000000000000000000, 0.9238795325112867385, 1.000000000000000000, 0.9238795325112867385, 1.000000000000000000, 0.9238795325112867385, 1.000000000000000000, 0.9238795325112867385, 1.000000000000000000, 0.9238795325112867385, 1.000000000000000000, 0.9238795325112867385, 1.000000000000000000, 0.9238795325112867385, 1.000000000000000000, 0.9238795325112867385, 1.000000000000000000, 0.9238795325112867385, 1.000000000000000000, 0.9238795325112867385, 1.000000000000000000, 0.9238795325112867385, 1.000000000000000000, 0.9238795325112867385, 1.000000000000000000, 0.9238795325112867385, 1.000000000000000000, 0.9238795325112867385, 1.000000000000000000, 0.9238795325112867385, 1.000000000000000000, 0.9238795325112867385, 1.000000000000000000, 0.9238795325112867385, 1.000000000000000000, 0.9238795325112867385, 1.000000000000000000, 0.9238795325112867385, 1.000000000000000000, 0.9238795325112867385, 1.000000000000000000, 0.9238795325112867385, 1.000000000000000000, 0.9238795325112867385, 1.000000000000000000, 0.9238795325112867385, 1.000000000000000000, 0.9238795325112867385, 1.000000000000000000, 0.9238795325112867385, 1.000000000000000000, 0.9238795325112867385, 1.000000000000000000, 0.9238795325112867385, 1.000000000000000000, 0.9238795325112867385, 1.000000000000000000, 0.9238795325112867385, 1.000000000000000000, 0.9238795325112867385, 1.000000000000000000, 0.9238795325112867385, 1.000000000000000000, 0.9238795325112867385, 1.000000000000000000, 0.9238795325112867385, 1.000000000000000000, 0.9238795325112867385, 1.000000000000000000, 0.9238795325112867385, 1.000000000000000000, 0.9238795325112867385, 1.000000000000000000, 0.9238795325112867385, 1.000000000000000000, 0.9238795325112867385, 1.000000000000000000, 0.9238795325112867385, 1.000000000000000000, 0.9238795325112867385, 1.000000000000000000) ) ) 
 REPRESENTATION_ITEM ( '' )  SURFACE ( )  );
#3830 = CARTESIAN_POINT ( 'NONE',  ( 0.000000000000000000, -2.044870920353165796E-15, 12.34999999999999964 ) ) ;
#3831 = VECTOR ( 'NONE', #3522, 999.9999999999998863 ) ;
#3832 = CARTESIAN_POINT ( 'NONE',  ( 0.000000000000000000, 3.054126587736528453, -0.2562500000000004219 ) ) ;
#3833 = CARTESIAN_POINT ( 'NONE',  ( 3.140406665209070969, 0.4599814375623797469, 11.81699852180753396 ) ) ;
#3834 = VECTOR ( 'NONE', #4213, 1000.000000000000000 ) ;
#3835 = CARTESIAN_POINT ( 'NONE',  ( 2.350480947161686984, -1.525614673265678947E-14, -3.974999999999998312 ) ) ;
#3836 = CARTESIAN_POINT ( 'NONE',  ( -2.121320343559653931, -2.121320343559669919, 2.149999999999999023 ) ) ;
#3837 = ORIENTED_EDGE ( 'NONE', *, *, #6592, .T. ) ;
#3838 = CARTESIAN_POINT ( 'NONE',  ( -1.662041016787807912, 1.662041016787792147, 5.400000000000002132 ) ) ;
#3839 = CARTESIAN_POINT ( 'NONE',  ( -2.350480947161686984, 0.9736010864139152954, -10.53749999999999787 ) ) ;
#3840 = CARTESIAN_POINT ( 'NONE',  ( -2.350480947161686984, -0.9736010864139434950, -5.537499999999997868 ) ) ;
#3841 = ORIENTED_EDGE ( 'NONE', *, *, #4429, .T. ) ;
#3842 = CARTESIAN_POINT ( 'NONE',  ( 1.662041016787807912, -1.662041016787824343, 6.775000000000000355 ) ) ;
#3843 = CARTESIAN_POINT ( 'NONE',  ( -0.9736010864139292842, -2.350480947161701639, -8.412499999999997868 ) ) ;
#3844 = CARTESIAN_POINT ( 'NONE',  ( 2.041203095318359306, -1.729867046498908323, 6.603177434390640421 ) ) ;
#3845 = CARTESIAN_POINT ( 'NONE',  ( -2.350480947161686984, 0.9736010864139139631, -0.5374999999999980904 ) ) ;
#3846 = CARTESIAN_POINT ( 'NONE',  ( -2.211180970468389795, -1.338656046692557666, 6.355034235419383393 ) ) ;
#3847 = CARTESIAN_POINT ( 'NONE',  ( -3.140105396654361058, -0.4002753624766968166, 11.64091641152976209 ) ) ;
#3848 = VERTEX_POINT ( 'NONE', #325 ) ;
#3849 = CARTESIAN_POINT ( 'NONE',  ( 0.9736010864139287291, -2.350480947161702527, -6.287499999999999645 ) ) ;
#3850 = CARTESIAN_POINT ( 'NONE',  ( 1.292284380703438762, -2.055989763759535460, -12.30193491044701659 ) ) ;
#3851 = LINE ( 'NONE', #1425, #3459 ) ;
#3852 = CARTESIAN_POINT ( 'NONE',  ( 3.054126587736543996, 1.265060653844725547, -8.443749999999999645 ) ) ;
#3853 = B_SPLINE_CURVE_WITH_KNOTS ( 'NONE', 3,
 ( #4152, #5412, #5971, #714, #5486, #5370, #3020 ),
 .UNSPECIFIED., .F., .F.,
 ( 4, 3, 4 ),
 ( 0.000000000000000000, 0.0005233034761062351934, 0.001060489861268949351 ),
 .UNSPECIFIED. ) ;
#3854 = CARTESIAN_POINT ( 'NONE',  ( -2.121320343559653931, 2.121320343559639721, -7.224999999999999645 ) ) ;
#3855 = VERTEX_POINT ( 'NONE', #2816 ) ;
#3856 = EDGE_CURVE ( 'NONE', #3034, #5814, #1303, .T. ) ;
#3857 = CARTESIAN_POINT ( 'NONE',  ( -3.000000000000015987, -1.242640687119306087, -11.03749999999999964 ) ) ;
#3858 = CARTESIAN_POINT ( 'NONE',  ( 0.000000000000000000, -2.044870920353165796E-15, 12.34999999999999964 ) ) ;
#3859 = CARTESIAN_POINT ( 'NONE',  ( 2.350480947161686540, 0.9736010864139140741, 0.9625000000000015765 ) ) ;
#3860 = CARTESIAN_POINT ( 'NONE',  ( 1.265060653844738425, -3.054126587736561316, 6.306249999999998579 ) ) ;
#3861 = CARTESIAN_POINT ( 'NONE',  ( -0.9736010864139290621, 2.350480947161671441, 1.212500000000002132 ) ) ;
#3862 = SECURITY_CLASSIFICATION_LEVEL ( 'unclassified' ) ;
#3863 = CARTESIAN_POINT ( 'NONE',  ( -0.5744240720839459691, -1.851216920838282931, 12.15470632317383348 ) ) ;
#3864 = FACE_OUTER_BOUND ( 'NONE', #750, .T. ) ;
#3865 = CARTESIAN_POINT ( 'NONE',  ( -2.878508968398398972E-16, -2.350480947161702971, 5.775000000000002132 ) ) ;
#3866 = ADVANCED_FACE ( 'NONE', ( #2245 ), #6862, .T. ) ;
#3867 = CYLINDRICAL_SURFACE ( 'NONE', #2726, 3.000000000000001776 ) ;
#3868 = CARTESIAN_POINT ( 'NONE',  ( 2.121320343559653931, -2.121320343559670363, -0.6000000000000004219 ) ) ;
#3869 = CARTESIAN_POINT ( 'NONE',  ( 2.159593620790642099, 2.159593620790626112, -1.381250000000000533 ) ) ;
#3870 = CARTESIAN_POINT ( 'NONE',  ( 2.121320343559654820, 2.121320343559638832, -1.350000000000000311 ) ) ;
#3871 = CARTESIAN_POINT ( 'NONE',  ( -2.350480947161686984, -1.449674791910500567E-14, -5.474999999999997868 ) ) ;
#3872 = CARTESIAN_POINT ( 'NONE',  ( 3.054126587736543996, 1.265060653844723992, 2.493750000000000355 ) ) ;
#3873 = VERTEX_POINT ( 'NONE', #3425 ) ;
#3874 = DIRECTION ( 'NONE',  ( -0.02078751127481443320, -0.1045058763748859948, 0.9943069954385902465 ) ) ;
#3875 =( BOUNDED_SURFACE ( )  B_SPLINE_SURFACE ( 1, 2, ( 
 ( #1119, #3429, #2291, #4493, #1716, #5740, #6902, #4034, #3394, #2749, #6339, #1156, #3469, #5066, #2709, #7353, #6192, #3359, #5027, #7317, #2144, #6792, #4455, #1607, #1083, #481, #1643, #6228, #6755, #1572, #1044, #5677, #5706, #2785, #515, #5099, #3888, #7389, #2215, #4530, #6827, #2820, #5134, #7426, #2252, #6867, #3042, #6378, #3610, #63, #6522, #6446, #3007, #4679, #1824, #5244, #5883, #5816, #5783, #1191, #4139, #1260, #1304, #1789, #5356, #31, #3572, #137, #627, #2936, #3500, #1904, #2325, #3536, #6410, #5213, #5922, #1862, #4792, #701, #739, #4178, #4642, #5318, #2434, #7040, #2356, #4752, #5849, #6485, #173, #4070, #2471, #7082, #6973, #4222, #1341, #594, #2901, #4104, #6935, #1224, #1751, #662, #4716, #2969, #5280, #98, #2396, #7006, #5398, #7195, #7232, #3234, #6073, #4946, #4332, #6598, #215, #5473, #4366, #6636, #321, #3687, #3191, #1977, #2017, #1453, #3157 ),
 ( #363, #252, #283, #6670, #2054, #6107, #5435, #4983, #1487, #3801, #2664, #3765, #5998, #923, #5553, #7271, #6559, #3649, #4258, #1940, #1417, #5958, #4403, #2093, #818, #3081, #1378, #2513, #888, #6708, #779, #5508, #4833, #2625, #3728, #7121, #2585, #3123, #2548, #4868, #7157, #4291, #6036, #852, #4906, #1036, #6748, #6261, #1111, #999, #5733, #5626, #3349, #2241, #5127, #3989, #3308, #2849, #2813, #1673, #545, #4522, #1565, #6295, #7417, #4563, #4444, #1525, #2134, #7308, #4486, #3843, #2283, #5168, #6184, #964, #3881, #7383, #1600, #2778, #431, #6151, #6859, #2171, #7347, #3271, #6783, #5591, #2739, #3422, #7458, #4600, #5058, #397, #3914, #2702, #2208, #1075, #6221, #5093, #5668, #1633, #473, #5019, #6819, #3951, #3385, #5700, #508, #4164, #1148, #4706, #1248, #6927, #1741, #4632, #3031, #3458, #4668, #53, #6331, #7029, #2996, #5911, #2385, #1851, #5308, #5773, #6435 ) ),
 .UNSPECIFIED., .F., .F., .T. ) 
 B_SPLINE_SURFACE_WITH_KNOTS ( ( 2, 2 ),
 ( 3, 2, 2, 2, 2, 2, 2, 2, 2, 2, 2, 2, 2, 2, 2, 2, 2, 2, 2, 2, 2, 2, 2, 2, 2, 2, 2, 2, 2, 2, 2, 2, 2, 2, 2, 2, 2, 2, 2, 2, 2, 2, 2, 2, 2, 2, 2, 2, 2, 2, 2, 2, 2, 2, 2, 2, 2, 2, 2, 2, 2, 2, 2, 2, 3 ),
 ( 0.000000000000000000, 1.000000000000000000 ),
 ( 0.000000000000000000, 0.01562500000000000000, 0.03125000000000000000, 0.04687500000000000000, 0.06250000000000000000, 0.07812500000000000000, 0.09375000000000000000, 0.1093750000000000000, 0.1250000000000000000, 0.1406250000000000000, 0.1562500000000000000, 0.1718750000000000000, 0.1875000000000000000, 0.2031250000000000000, 0.2187500000000000000, 0.2343750000000000000, 0.2500000000000000000, 0.2656250000000000000, 0.2812500000000000000, 0.2968750000000000000, 0.3125000000000000000, 0.3281250000000000000, 0.3437500000000000000, 0.3593750000000000000, 0.3750000000000000000, 0.3906250000000000000, 0.4062500000000000000, 0.4218750000000000000, 0.4375000000000000000, 0.4531250000000000000, 0.4687500000000000000, 0.4843750000000000000, 0.5000000000000000000, 0.5156250000000000000, 0.5312500000000000000, 0.5468750000000000000, 0.5625000000000000000, 0.5781250000000000000, 0.5937500000000000000, 0.6093750000000000000, 0.6250000000000000000, 0.6406250000000000000, 0.6562500000000000000, 0.6718750000000000000, 0.6875000000000000000, 0.7031250000000000000, 0.7187500000000000000, 0.7343750000000000000, 0.7500000000000000000, 0.7656250000000000000, 0.7812500000000000000, 0.7968750000000000000, 0.8125000000000000000, 0.8281250000000000000, 0.8437500000000000000, 0.8593750000000000000, 0.8750000000000000000, 0.8906250000000000000, 0.9062500000000000000, 0.9218750000000000000, 0.9375000000000000000, 0.9531250000000000000, 0.9687500000000000000, 0.9843750000000000000, 1.000000000000000000 ),
 .UNSPECIFIED. ) 
 GEOMETRIC_REPRESENTATION_ITEM ( )  RATIONAL_B_SPLINE_SURFACE ( (
 ( 1.000000000000000000, 0.9238795325112867385, 1.000000000000000000, 0.9238795325112867385, 1.000000000000000000, 0.9238795325112867385, 1.000000000000000000, 0.9238795325112867385, 1.000000000000000000, 0.9238795325112867385, 1.000000000000000000, 0.9238795325112867385, 1.000000000000000000, 0.9238795325112867385, 1.000000000000000000, 0.9238795325112867385, 1.000000000000000000, 0.9238795325112867385, 1.000000000000000000, 0.9238795325112867385, 1.000000000000000000, 0.9238795325112867385, 1.000000000000000000, 0.9238795325112867385, 1.000000000000000000, 0.9238795325112867385, 1.000000000000000000, 0.9238795325112867385, 1.000000000000000000, 0.9238795325112867385, 1.000000000000000000, 0.9238795325112867385, 1.000000000000000000, 0.9238795325112867385, 1.000000000000000000, 0.9238795325112867385, 1.000000000000000000, 0.9238795325112867385, 1.000000000000000000, 0.9238795325112867385, 1.000000000000000000, 0.9238795325112867385, 1.000000000000000000, 0.9238795325112867385, 1.000000000000000000, 0.9238795325112867385, 1.000000000000000000, 0.9238795325112867385, 1.000000000000000000, 0.9238795325112867385, 1.000000000000000000, 0.9238795325112867385, 1.000000000000000000, 0.9238795325112867385, 1.000000000000000000, 0.9238795325112867385, 1.000000000000000000, 0.9238795325112867385, 1.000000000000000000, 0.9238795325112867385, 1.000000000000000000, 0.9238795325112867385, 1.000000000000000000, 0.9238795325112867385, 1.000000000000000000, 0.9238795325112867385, 1.000000000000000000, 0.9238795325112867385, 1.000000000000000000, 0.9238795325112867385, 1.000000000000000000, 0.9238795325112867385, 1.000000000000000000, 0.9238795325112867385, 1.000000000000000000, 0.9238795325112867385, 1.000000000000000000, 0.9238795325112867385, 1.000000000000000000, 0.9238795325112867385, 1.000000000000000000, 0.9238795325112867385, 1.000000000000000000, 0.9238795325112867385, 1.000000000000000000, 0.9238795325112867385, 1.000000000000000000, 0.9238795325112867385, 1.000000000000000000, 0.9238795325112867385, 1.000000000000000000, 0.9238795325112867385, 1.000000000000000000, 0.9238795325112867385, 1.000000000000000000, 0.9238795325112867385, 1.000000000000000000, 0.9238795325112867385, 1.000000000000000000, 0.9238795325112867385, 1.000000000000000000, 0.9238795325112867385, 1.000000000000000000, 0.9238795325112867385, 1.000000000000000000, 0.9238795325112867385, 1.000000000000000000, 0.9238795325112867385, 1.000000000000000000, 0.9238795325112867385, 1.000000000000000000, 0.9238795325112867385, 1.000000000000000000, 0.9238795325112867385, 1.000000000000000000, 0.9238795325112867385, 1.000000000000000000, 0.9238795325112867385, 1.000000000000000000, 0.9238795325112867385, 1.000000000000000000, 0.9238795325112867385, 1.000000000000000000, 0.9238795325112867385, 1.000000000000000000, 0.9238795325112867385, 1.000000000000000000, 0.9238795325112867385, 1.000000000000000000),
 ( 1.000000000000000000, 0.9238795325112867385, 1.000000000000000000, 0.9238795325112867385, 1.000000000000000000, 0.9238795325112867385, 1.000000000000000000, 0.9238795325112867385, 1.000000000000000000, 0.9238795325112867385, 1.000000000000000000, 0.9238795325112867385, 1.000000000000000000, 0.9238795325112867385, 1.000000000000000000, 0.9238795325112867385, 1.000000000000000000, 0.9238795325112867385, 1.000000000000000000, 0.9238795325112867385, 1.000000000000000000, 0.9238795325112867385, 1.000000000000000000, 0.9238795325112867385, 1.000000000000000000, 0.9238795325112867385, 1.000000000000000000, 0.9238795325112867385, 1.000000000000000000, 0.9238795325112867385, 1.000000000000000000, 0.9238795325112867385, 1.000000000000000000, 0.9238795325112867385, 1.000000000000000000, 0.9238795325112867385, 1.000000000000000000, 0.9238795325112867385, 1.000000000000000000, 0.9238795325112867385, 1.000000000000000000, 0.9238795325112867385, 1.000000000000000000, 0.9238795325112867385, 1.000000000000000000, 0.9238795325112867385, 1.000000000000000000, 0.9238795325112867385, 1.000000000000000000, 0.9238795325112867385, 1.000000000000000000, 0.9238795325112867385, 1.000000000000000000, 0.9238795325112867385, 1.000000000000000000, 0.9238795325112867385, 1.000000000000000000, 0.9238795325112867385, 1.000000000000000000, 0.9238795325112867385, 1.000000000000000000, 0.9238795325112867385, 1.000000000000000000, 0.9238795325112867385, 1.000000000000000000, 0.9238795325112867385, 1.000000000000000000, 0.9238795325112867385, 1.000000000000000000, 0.9238795325112867385, 1.000000000000000000, 0.9238795325112867385, 1.000000000000000000, 0.9238795325112867385, 1.000000000000000000, 0.9238795325112867385, 1.000000000000000000, 0.9238795325112867385, 1.000000000000000000, 0.9238795325112867385, 1.000000000000000000, 0.9238795325112867385, 1.000000000000000000, 0.9238795325112867385, 1.000000000000000000, 0.9238795325112867385, 1.000000000000000000, 0.9238795325112867385, 1.000000000000000000, 0.9238795325112867385, 1.000000000000000000, 0.9238795325112867385, 1.000000000000000000, 0.9238795325112867385, 1.000000000000000000, 0.9238795325112867385, 1.000000000000000000, 0.9238795325112867385, 1.000000000000000000, 0.9238795325112867385, 1.000000000000000000, 0.9238795325112867385, 1.000000000000000000, 0.9238795325112867385, 1.000000000000000000, 0.9238795325112867385, 1.000000000000000000, 0.9238795325112867385, 1.000000000000000000, 0.9238795325112867385, 1.000000000000000000, 0.9238795325112867385, 1.000000000000000000, 0.9238795325112867385, 1.000000000000000000, 0.9238795325112867385, 1.000000000000000000, 0.9238795325112867385, 1.000000000000000000, 0.9238795325112867385, 1.000000000000000000, 0.9238795325112867385, 1.000000000000000000, 0.9238795325112867385, 1.000000000000000000, 0.9238795325112867385, 1.000000000000000000, 0.9238795325112867385, 1.000000000000000000) ) ) 
 REPRESENTATION_ITEM ( '' )  SURFACE ( )  );
#3876 = CARTESIAN_POINT ( 'NONE',  ( 0.9736010864139306165, 2.350480947161672329, -8.787499999999997868 ) ) ;
#3877 = ADVANCED_FACE ( 'NONE', ( #4636 ), #3956, .T. ) ;
#3878 = CARTESIAN_POINT ( 'NONE',  ( -2.350480947161686984, -1.460390451403040208E-14, -4.599999999999997868 ) ) ;
#3879 = ORIENTED_EDGE ( 'NONE', *, *, #2222, .T. ) ;
#3880 = CARTESIAN_POINT ( 'NONE',  ( 1.265060653844738425, -3.054126587736560872, 1.306249999999999467 ) ) ;
#3881 = CARTESIAN_POINT ( 'NONE',  ( 2.350480947161686984, -1.475097992800850698E-14, -8.099999999999999645 ) ) ;
#3882 = CARTESIAN_POINT ( 'NONE',  ( -0.4422697142959721162, 3.150184611924637945, 11.81451908796616301 ) ) ;
#3883 = CARTESIAN_POINT ( 'NONE',  ( 2.350480947161686540, 0.9736010864139139631, 2.087500000000001688 ) ) ;
#3884 = CARTESIAN_POINT ( 'NONE',  ( -0.4182474619457435816, 1.009738695057569524, 10.76374999999999815 ) ) ;
#3885 = CARTESIAN_POINT ( 'NONE',  ( -0.3816727961794866286, -3.124136323086227573, 11.46821267412673784 ) ) ;
#3886 = ORIENTED_EDGE ( 'NONE', *, *, #5888, .T. ) ;
#3887 = CARTESIAN_POINT ( 'NONE',  ( 0.000000000000000000, 3.000000000000000888, 1.650000000000000355 ) ) ;
#3888 = CARTESIAN_POINT ( 'NONE',  ( -2.350480947161686984, -1.388442451953133151E-14, -10.47499999999999787 ) ) ;
#3889 = CARTESIAN_POINT ( 'NONE',  ( 3.001312884207464116, 0.3794033297728171550, 10.76374999999999815 ) ) ;
#3890 = CARTESIAN_POINT ( 'NONE',  ( 2.159593620790642099, 2.159593620790626556, -5.381250000000000533 ) ) ;
#3891 = CARTESIAN_POINT ( 'NONE',  ( 0.000000000000000000, 9.800066735407961890E-16, -12.34999999999999609 ) ) ;
#3892 = VERTEX_POINT ( 'NONE', #1677 ) ;
#3893 = CARTESIAN_POINT ( 'NONE',  ( -1.242640687119298981, 2.999999999999996447, -11.28749999999999787 ) ) ;
#3894 = CARTESIAN_POINT ( 'NONE',  ( 0.000000000000000000, 3.000000000000000444, 4.650000000000000355 ) ) ;
#3895 = CARTESIAN_POINT ( 'NONE',  ( -1.662041016787808134, -1.662041016787823233, 1.525000000000002132 ) ) ;
#3896 = CARTESIAN_POINT ( 'NONE',  ( -3.673940397442080083E-16, -3.000000000000030642, -10.72499999999999964 ) ) ;
#3897 = CARTESIAN_POINT ( 'NONE',  ( 0.3751181655940341031, -3.010013938068634598, 10.76374999999999815 ) ) ;
#3898 = CARTESIAN_POINT ( 'NONE',  ( 3.000000000000015543, -1.242640687119308529, -6.662500000000000533 ) ) ;
#3899 = CARTESIAN_POINT ( 'NONE',  ( -2.350480947161686984, -0.9736010864139428289, -12.53749999999999787 ) ) ;
#3900 = CARTESIAN_POINT ( 'NONE',  ( 2.350480947161686540, 0.9736010864139135190, 6.087500000000001243 ) ) ;
#3901 = DIRECTION ( 'NONE',  ( -9.870766523774935194E-15, -1.000000000000000000, 0.000000000000000000 ) ) ;
#3902 = CARTESIAN_POINT ( 'NONE',  ( 0.000000000000000000, 3.000000000000000888, -0.2250000000000001166 ) ) ;
#3903 = LINE ( 'NONE', #2161, #4439 ) ;
#3904 = EDGE_CURVE ( 'NONE', #4057, #4903, #1603, .T. ) ;
#3905 = CARTESIAN_POINT ( 'NONE',  ( -2.878508968398398972E-16, -2.350480947161700751, -12.22499999999999787 ) ) ;
#3906 = CARTESIAN_POINT ( 'NONE',  ( 0.000000000000000000, 2.350480947161672329, -4.724999999999997868 ) ) ;
#3907 = CARTESIAN_POINT ( 'NONE',  ( 2.159593620790642099, 2.159593620790625224, 3.556250000000000355 ) ) ;
#3908 = ORIENTED_EDGE ( 'NONE', *, *, #2324, .F. ) ;
#3909 = CARTESIAN_POINT ( 'NONE',  ( -3.000000000000016431, -1.462536528253558326E-14, -4.099999999999999645 ) ) ;
#3910 = CARTESIAN_POINT ( 'NONE',  ( 0.000000000000000000, 2.350480947161672329, -6.724999999999998757 ) ) ;
#3911 = CARTESIAN_POINT ( 'NONE',  ( -1.662041016787808134, -1.662041016787822789, -1.474999999999998090 ) ) ;
#3912 = ORIENTED_EDGE ( 'NONE', *, *, #1495, .F. ) ;
#3913 = CARTESIAN_POINT ( 'NONE',  ( -3.054126587736543996, -1.265060653844754412, 2.056249999999999023 ) ) ;
#3914 = CARTESIAN_POINT ( 'NONE',  ( 1.662041016787808356, 1.662041016787793257, -6.974999999999998757 ) ) ;
#3915 = CARTESIAN_POINT ( 'NONE',  ( -3.054126587736543996, 1.265060653844724436, -5.131249999999999645 ) ) ;
#3916 = CARTESIAN_POINT ( 'NONE',  ( 0.9736010864139306165, 2.350480947161671441, -3.912499999999998312 ) ) ;
#3917 = CARTESIAN_POINT ( 'NONE',  ( 2.121320343559653931, -2.121320343559669030, -9.724999999999999645 ) ) ;
#3918 = CARTESIAN_POINT ( 'NONE',  ( 3.078870477417031903, -0.4964777381573154957, 11.83590978048453479 ) ) ;
#3919 = EDGE_CURVE ( 'NONE', #2022, #1450, #5736, .T. ) ;
#3920 = ORIENTED_EDGE ( 'NONE', *, *, #7316, .F. ) ;
#3921 = CARTESIAN_POINT ( 'NONE',  ( 1.662041016787808356, 1.662041016787793257, -6.974999999999998757 ) ) ;
#3922 = CARTESIAN_POINT ( 'NONE',  ( 0.000000000000000000, 3.000000000000000444, 6.650000000000000355 ) ) ;
#3923 = CARTESIAN_POINT ( 'NONE',  ( 0.3840784068098185289, 9.708504833397308969E-16, 10.76374999999999815 ) ) ;
#3924 = CARTESIAN_POINT ( 'NONE',  ( -3.740226349862386965E-16, -3.054126587736559095, -5.756250000000000533 ) ) ;
#3925 = DIRECTION ( 'NONE',  ( 0.1045058763748857866, -0.02078751127481493280, 0.9943069954385901354 ) ) ;
#3926 = CARTESIAN_POINT ( 'NONE',  ( -0.9736010864139290621, 2.350480947161671441, 2.212500000000001688 ) ) ;
#3927 = CARTESIAN_POINT ( 'NONE',  ( 0.000000000000000000, 3.000000000000001332, -2.349999999999999645 ) ) ;
#3928 = CARTESIAN_POINT ( 'NONE',  ( -0.9736010864139290621, 2.350480947161671441, 0.2125000000000017708 ) ) ;
#3929 = CARTESIAN_POINT ( 'NONE',  ( -1.242640687119305865, 2.999999999999989342, -11.16250000000000142 ) ) ;
#3930 = CYLINDRICAL_SURFACE ( 'NONE', #646, 3.000000000000001776 ) ;
#3931 = CARTESIAN_POINT ( 'NONE',  ( -1.662041016787807912, 1.662041016787792147, 4.275000000000002132 ) ) ;
#3932 = CARTESIAN_POINT ( 'NONE',  ( 1.662041016787807912, -1.662041016787822789, -6.224999999999998757 ) ) ;
#3933 = CARTESIAN_POINT ( 'NONE',  ( 2.350480947161686984, -1.648079353180414095E-14, 6.025000000000002132 ) ) ;
#3934 = CARTESIAN_POINT ( 'NONE',  ( -0.3840784068098184179, 5.861254490317878125E-15, 10.76374999999999815 ) ) ;
#3935 = CYLINDRICAL_SURFACE ( 'NONE', #3952, 3.000000000000001776 ) ;
#3936 = AXIS2_PLACEMENT_3D ( 'NONE', #1886, #6993, #1210 ) ;
#3937 = CARTESIAN_POINT ( 'NONE',  ( 2.159593620790642099, 2.159593620790625668, -0.3812500000000005329 ) ) ;
#3938 = CARTESIAN_POINT ( 'NONE',  ( 0.000000000000000000, 3.000000000000000444, 3.774999999999999911 ) ) ;
#3939 = CARTESIAN_POINT ( 'NONE',  ( -1.265060653844739536, -3.054126587736559095, -5.881249999999998757 ) ) ;
#3940 = CARTESIAN_POINT ( 'NONE',  ( -1.662041016787808134, -1.662041016787822789, -2.349999999999998312 ) ) ;
#3941 = CARTESIAN_POINT ( 'NONE',  ( -3.054126587736543996, -1.572806012539451979E-14, 4.931249999999999467 ) ) ;
#3942 = ORIENTED_EDGE ( 'NONE', *, *, #5888, .F. ) ;
#3943 = CARTESIAN_POINT ( 'NONE',  ( 1.406659508367496203, -2.602839263086484944, 7.381408427881388512 ) ) ;
#3944 = CIRCLE ( 'NONE', #676, 9.713516018797381690 ) ;
#3945 = EDGE_CURVE ( 'NONE', #1706, #4635, #4452, .T. ) ;
#3946 = CARTESIAN_POINT ( 'NONE',  ( -2.350480947161686984, 0.9736010864139145182, -5.537499999999996980 ) ) ;
#3947 = VECTOR ( 'NONE', #3367, 1000.000000000000000 ) ;
#3948 = CARTESIAN_POINT ( 'NONE',  ( 2.350480947161686540, -0.9736010864139457155, -2.162499999999997868 ) ) ;
#3949 = ORIENTED_EDGE ( 'NONE', *, *, #5351, .F. ) ;
#3950 = VECTOR ( 'NONE', #3501, 1000.000000000000000 ) ;
#3951 = CARTESIAN_POINT ( 'NONE',  ( 0.9736010864139287291, -2.350480947161702083, -6.287499999999999645 ) ) ;
#3952 = AXIS2_PLACEMENT_3D ( 'NONE', #1063, #2725, #385 ) ;
#3953 = CARTESIAN_POINT ( 'NONE',  ( 0.8697342286743233730, 2.629095183857285356, 6.860961529254291591 ) ) ;
#3954 = CARTESIAN_POINT ( 'NONE',  ( 0.9736010864139306165, 2.350480947161670997, 1.212500000000002132 ) ) ;
#3955 = VECTOR ( 'NONE', #1231, 999.9999999999998863 ) ;
#3956 = CYLINDRICAL_SURFACE ( 'NONE', #7076, 3.000000000000001776 ) ;
#3957 = CARTESIAN_POINT ( 'NONE',  ( -1.242640687119292098, 3.000000000000002665, -9.162499999999999645 ) ) ;
#3958 = EDGE_CURVE ( 'NONE', #6214, #5484, #27, .T. ) ;
#3959 = VECTOR ( 'NONE', #4649, 1000.000000000000000 ) ;
#3960 = ORIENTED_EDGE ( 'NONE', *, *, #6915, .F. ) ;
#3961 = CARTESIAN_POINT ( 'NONE',  ( -0.9209014929240876279, 2.645334230934832664, 6.946563375258874906 ) ) ;
#3962 = DIRECTION ( 'NONE',  ( 0.000000000000000000, 0.000000000000000000, 1.000000000000000000 ) ) ;
#3963 = CARTESIAN_POINT ( 'NONE',  ( 1.189866628898292976E-11, -2.373111318880623877, 5.788065651204538753 ) ) ;
#3964 = CARTESIAN_POINT ( 'NONE',  ( 1.242640687119287879, -3.000000000000036859, 5.337499999999998579 ) ) ;
#3965 = DIRECTION ( 'NONE',  ( 0.000000000000000000, -1.000000000000000000, 0.000000000000000000 ) ) ;
#3966 = CARTESIAN_POINT ( 'NONE',  ( 2.350480947161686540, -0.9736010864139463816, 4.837500000000001243 ) ) ;
#3967 = CARTESIAN_POINT ( 'NONE',  ( 2.350480947161686984, -1.525614673265678947E-14, -3.974999999999998312 ) ) ;
#3968 = CARTESIAN_POINT ( 'NONE',  ( -3.673940397442080083E-16, -3.000000000000030642, -8.724999999999997868 ) ) ;
#3969 = CARTESIAN_POINT ( 'NONE',  ( -3.673940397442080083E-16, -3.000000000000031086, -4.724999999999998757 ) ) ;
#3970 = CARTESIAN_POINT ( 'NONE',  ( 3.124136323086224465, -0.3816727961794988411, 11.46821267412673606 ) ) ;
#3971 = MECHANICAL_CONTEXT ( 'NONE', #5014, 'mechanical' ) ;
#3972 = CARTESIAN_POINT ( 'NONE',  ( -0.9736010864139290621, 2.350480947161670997, 5.212500000000002132 ) ) ;
#3973 = CARTESIAN_POINT ( 'NONE',  ( 0.000000000000000000, 2.350480947161672329, -5.849999999999998757 ) ) ;
#3974 = ORIENTED_EDGE ( 'NONE', *, *, #4648, .F. ) ;
#3975 = CARTESIAN_POINT ( 'NONE',  ( 1.662041016787807912, -1.662041016787824343, 6.900000000000001243 ) ) ;
#3976 = CARTESIAN_POINT ( 'NONE',  ( 0.000000000000000000, 3.000000000000002220, -8.224999999999999645 ) ) ;
#3977 = CARTESIAN_POINT ( 'NONE',  ( 2.121320343559654820, 2.121320343559638388, -0.3500000000000002554 ) ) ;
#3978 = CARTESIAN_POINT ( 'NONE',  ( 3.054126587736543996, -1.581020369833062728E-14, -0.5062500000000006439 ) ) ;
#3979 = CARTESIAN_POINT ( 'NONE',  ( 1.242640687119293874, 3.000000000000000888, -1.287500000000000311 ) ) ;
#3980 = CARTESIAN_POINT ( 'NONE',  ( 2.159593620790642099, 2.159593620790626556, -5.443749999999999645 ) ) ;
#3981 = CARTESIAN_POINT ( 'NONE',  ( 0.9736010864139287291, -2.350480947161702083, -5.162499999999997868 ) ) ;
#3982 = CARTESIAN_POINT ( 'NONE',  ( -2.159593620790641655, 2.159593620790625668, 3.806250000000000799 ) ) ;
#3983 = ORIENTED_EDGE ( 'NONE', *, *, #5103, .T. ) ;
#3984 = DIRECTION ( 'NONE',  ( -0.9945218953682732899, 1.131980223180177828E-16, -0.1045284632676536929 ) ) ;
#3985 = CARTESIAN_POINT ( 'NONE',  ( 2.350480947161686984, -1.501121737282731917E-14, -5.974999999999998757 ) ) ;
#3986 = CARTESIAN_POINT ( 'NONE',  ( -2.350480947161686984, -1.472636919394513723E-14, -3.599999999999998312 ) ) ;
#3987 = ORIENTED_EDGE ( 'NONE', *, *, #111, .T. ) ;
#3988 = ADVANCED_FACE ( 'NONE', ( #1568 ), #1002, .T. ) ;
#3989 = CARTESIAN_POINT ( 'NONE',  ( -0.9736010864139292842, -2.350480947161701639, -9.412499999999999645 ) ) ;
#3990 = CARTESIAN_POINT ( 'NONE',  ( 0.000000000000000000, 2.778807139508755686, 6.902705757547443532 ) ) ;
#3991 = CARTESIAN_POINT ( 'NONE',  ( -2.350480947161686984, 0.9736010864139145182, -5.662499999999997868 ) ) ;
#3992 = CARTESIAN_POINT ( 'NONE',  ( 0.8695253588932689848, -1.183421894625704685, 12.31724921319468180 ) ) ;
#3993 = CARTESIAN_POINT ( 'NONE',  ( -2.121320343559653931, 2.121320343559639721, -9.099999999999999645 ) ) ;
#3994 = ORIENTED_EDGE ( 'NONE', *, *, #2631, .F. ) ;
#3995 = CARTESIAN_POINT ( 'NONE',  ( 1.283497702428826814E-13, -2.704246824526926218, -12.02075317547307343 ) ) ;
#3996 = EDGE_CURVE ( 'NONE', #1598, #809, #3533, .T. ) ;
#3997 = CARTESIAN_POINT ( 'NONE',  ( -0.4976841216532561507, -3.072558534747847681, 11.84463617510292899 ) ) ;
#3998 = CARTESIAN_POINT ( 'NONE',  ( -0.3057325481515992260, 3.058033318125265687, 10.76374999999999815 ) ) ;
#3999 = CARTESIAN_POINT ( 'NONE',  ( -2.121320343559653931, 2.121320343559639721, -10.10000000000000142 ) ) ;
#4000 = CARTESIAN_POINT ( 'NONE',  ( -0.4188713088899579384, -3.155949487122295949, 11.81363098836964909 ) ) ;
#4001 = CARTESIAN_POINT ( 'NONE',  ( -1.662041016787808134, -1.662041016787821679, -11.34999999999999964 ) ) ;
#4002 = CARTESIAN_POINT ( 'NONE',  ( 1.662041016787807912, -1.662041016787823233, -2.099999999999998312 ) ) ;
#4003 = CARTESIAN_POINT ( 'NONE',  ( 0.000000000000000000, 2.350480947161673217, -11.84999999999999964 ) ) ;
#4004 = CARTESIAN_POINT ( 'NONE',  ( 1.851216920838277602, 0.5744240720839449699, 12.15470632317383526 ) ) ;
#4005 = CARTESIAN_POINT ( 'NONE',  ( -1.662041016787808134, -1.662041016787823455, 3.525000000000001243 ) ) ;
#4006 = CARTESIAN_POINT ( 'NONE',  ( 1.662041016787808356, 1.662041016787791703, 6.025000000000002132 ) ) ;
#4007 = CARTESIAN_POINT ( 'NONE',  ( 2.350480947161686984, -1.462851524809377183E-14, -9.099999999999997868 ) ) ;
#4008 = ORIENTED_EDGE ( 'NONE', *, *, #345, .T. ) ;
#4009 = CARTESIAN_POINT ( 'NONE',  ( 2.121320343559653931, -2.121320343559670363, 0.3999999999999995781 ) ) ;
#4010 = B_SPLINE_CURVE_WITH_KNOTS ( 'NONE', 3,
 ( #3127, #928, #255, #3238, #2058, #2552, #5557, #6713, #5024, #5477, #892, #2668, #4295, #7275, #3195, #1491 ),
 .UNSPECIFIED., .F., .F.,
 ( 4, 3, 3, 3, 3, 4 ),
 ( 5.421010862427522170E-20, 2.927463342875399630E-05, 5.856015463983755800E-05, 8.769713700750364689E-05, 0.0001167907796613679627, 0.0001273437867678681710 ),
 .UNSPECIFIED. ) ;
#4011 = EDGE_CURVE ( 'NONE', #5432, #4528, #3532, .T. ) ;
#4012 = EDGE_CURVE ( 'NONE', #5446, #3762, #6668, .T. ) ;
#4013 = CARTESIAN_POINT ( 'NONE',  ( -0.3840784068097890525, 2.971464112645131994, 10.76374999999999815 ) ) ;
#4014 = CARTESIAN_POINT ( 'NONE',  ( 2.121320343559653931, -2.121320343559669030, -8.724999999999999645 ) ) ;
#4015 = DIRECTION ( 'NONE',  ( 0.1045284632676538317, 0.000000000000000000, -0.9945218953682734009 ) ) ;
#4016 = CARTESIAN_POINT ( 'NONE',  ( -3.740226349862386965E-16, -3.054126587736559095, -4.818750000000000533 ) ) ;
#4017 = CARTESIAN_POINT ( 'NONE',  ( 2.350480947161686540, -0.9736010864139460486, 1.962500000000001688 ) ) ;
#4018 = CARTESIAN_POINT ( 'NONE',  ( -2.159593620790641655, 2.159593620790625224, 7.806250000000000355 ) ) ;
#4019 = ORIENTED_EDGE ( 'NONE', *, *, #2748, .F. ) ;
#4020 = CARTESIAN_POINT ( 'NONE',  ( 8.544238906678659773E-14, -2.628423406328327605, 6.489529846380927225 ) ) ;
#4021 = CARTESIAN_POINT ( 'NONE',  ( 0.9736010864139306165, 2.350480947161671885, -4.787499999999998757 ) ) ;
#4022 = CARTESIAN_POINT ( 'NONE',  ( 0.5981793365594115786, 1.855942136732822823, 12.38072256709985375 ) ) ;
#4023 = CARTESIAN_POINT ( 'NONE',  ( 0.9736010864139287291, -2.350480947161702083, -2.287499999999998312 ) ) ;
#4024 = ORIENTED_EDGE ( 'NONE', *, *, #3571, .F. ) ;
#4025 =( BOUNDED_CURVE ( )  B_SPLINE_CURVE ( 2, ( #3512, #5859, #5756, #2983, #2915, #114, #2409, #2835, #5192 ),
 .UNSPECIFIED., .F., .F. ) 
 B_SPLINE_CURVE_WITH_KNOTS ( ( 3, 2, 2, 2, 3 ),
 ( 0.6250000000000002220, 0.6406250000000002220, 0.6562500000000001110, 0.6718750000000000000, 0.6875000000000000000 ),
 .UNSPECIFIED. ) 
 CURVE ( )  GEOMETRIC_REPRESENTATION_ITEM ( )  RATIONAL_B_SPLINE_CURVE ( ( 0.9999999999999988898, 0.9238795325112878487, 1.000000000000000000, 0.9238795325112867385, 1.000000000000000000, 0.9238795325112867385, 1.000000000000000000, 0.9238795325112867385, 1.000000000000000000 ) ) 
 REPRESENTATION_ITEM ( '' )  );
#4026 = CARTESIAN_POINT ( 'NONE',  ( 3.148072318399629310, 0.4969619869040690086, 11.83776552191411113 ) ) ;
#4027 = CARTESIAN_POINT ( 'NONE',  ( -1.995859359895139740, -0.5275177333914262690, 12.12848403016564269 ) ) ;
#4028 = CARTESIAN_POINT ( 'NONE',  ( -0.9736010864139290621, 2.350480947161672329, -4.787499999999997868 ) ) ;
#4029 = ORIENTED_EDGE ( 'NONE', *, *, #6915, .T. ) ;
#4030 = DIRECTION ( 'NONE',  ( -0.000000000000000000, -1.224646799147353207E-16, 1.000000000000000000 ) ) ;
#4031 = CARTESIAN_POINT ( 'NONE',  ( -3.058033318125251476, 0.3057325481517339516, 10.76374999999999815 ) ) ;
#4032 = VERTEX_POINT ( 'NONE', #6931 ) ;
#4033 = CARTESIAN_POINT ( 'NONE',  ( -0.7423411567793640753, 2.697449985783688664, 6.937614006913510600 ) ) ;
#4034 = CARTESIAN_POINT ( 'NONE',  ( -0.9736010864139292842, -2.350480947161700751, -12.28749999999999787 ) ) ;
#4035 = CARTESIAN_POINT ( 'NONE',  ( -0.3580362349316035253, 3.033617658635285430, 10.76374999999999815 ) ) ;
#4036 = DIRECTION ( 'NONE',  ( 0.000000000000000000, -1.000000000000000000, -1.224646799147353207E-16 ) ) ;
#4037 = AXIS2_PLACEMENT_3D ( 'NONE', #2837, #1697, #4015 ) ;
#4038 = CARTESIAN_POINT ( 'NONE',  ( 0.8695253588932726485, 1.183421894625699577, 12.31724921319468180 ) ) ;
#4039 = EDGE_CURVE ( 'NONE', #5969, #5844, #1817, .T. ) ;
#4040 = CARTESIAN_POINT ( 'NONE',  ( -1.662041016787808134, -1.662041016787821679, -11.47499999999999964 ) ) ;
#4041 = LINE ( 'NONE', #2872, #5163 ) ;
#4042 = CARTESIAN_POINT ( 'NONE',  ( 0.9736010864139306165, 2.350480947161670553, 3.087500000000001688 ) ) ;
#4043 = CARTESIAN_POINT ( 'NONE',  ( 0.9736010864139306165, 2.350480947161670553, 4.087500000000002132 ) ) ;
#4044 = CARTESIAN_POINT ( 'NONE',  ( 2.350480947161686984, -1.475097992800850698E-14, -8.099999999999999645 ) ) ;
#4045 = ORIENTED_EDGE ( 'NONE', *, *, #3129, .T. ) ;
#4046 = FACE_OUTER_BOUND ( 'NONE', #6542, .T. ) ;
#4047 = CARTESIAN_POINT ( 'NONE',  ( 0.5436799907859364289, 1.922160659580463005, 12.14276737506911452 ) ) ;
#4048 = LINE ( 'NONE', #1769, #3228 ) ;
#4049 = CARTESIAN_POINT ( 'NONE',  ( -3.673940397442080083E-16, -3.000000000000031974, -0.7250000000000006439 ) ) ;
#4050 = CARTESIAN_POINT ( 'NONE',  ( 2.350480947161686540, 0.9736010864139152954, -7.912500000000000533 ) ) ;
#4051 = CARTESIAN_POINT ( 'NONE',  ( -1.662041016787807912, 1.662041016787792591, 1.400000000000001910 ) ) ;
#4052 = CARTESIAN_POINT ( 'NONE',  ( -3.054126587736543996, -1.597298948522399009E-14, 6.931250000000000355 ) ) ;
#4053 = ORIENTED_EDGE ( 'NONE', *, *, #6673, .T. ) ;
#4054 = CARTESIAN_POINT ( 'NONE',  ( 3.273141563280447199E-15, -1.571416937540668701E-15, 10.76374999999999815 ) ) ;
#4055 = CARTESIAN_POINT ( 'NONE',  ( -0.3431998058198394985, -3.045282526901885500, 10.76374999999999815 ) ) ;
#4056 = CARTESIAN_POINT ( 'NONE',  ( -1.662041016787808134, -1.662041016787823233, 0.5250000000000020206 ) ) ;
#4057 = VERTEX_POINT ( 'NONE', #3000 ) ;
#4058 = CARTESIAN_POINT ( 'NONE',  ( -3.038542441356784529, 0.4589807812382696861, 11.47639848879861724 ) ) ;
#4059 = AXIS2_PLACEMENT_3D ( 'NONE', #4872, #287, #6752 ) ;
#4060 = CARTESIAN_POINT ( 'NONE',  ( 2.159593620790641655, -2.159593620790656754, -3.693749999999999645 ) ) ;
#4061 = CARTESIAN_POINT ( 'NONE',  ( 0.9736010864139287291, -2.350480947161702083, -1.287499999999998979 ) ) ;
#4062 = EDGE_LOOP ( 'NONE', ( #1042, #3480, #361, #1508 ) ) ;
#4063 = DIRECTION ( 'NONE',  ( 0.000000000000000000, -1.000000000000000000, 0.000000000000000000 ) ) ;
#4064 = DIRECTION ( 'NONE',  ( 0.9238795325112895140, 0.3826834323650832870, 2.652041090826859901E-14 ) ) ;
#4065 = CIRCLE ( 'NONE', #2486, 9.705139063893135187 ) ;
#4066 =( BOUNDED_SURFACE ( )  B_SPLINE_SURFACE ( 3, 2, ( 
 ( #6893, #4026, #1182 ),
 ( #2315, #6369, #3492 ),
 ( #5808, #618, #2927 ),
 ( #5235, #2347, #653 ) ),
 .UNSPECIFIED., .F., .F., .T. ) 
 B_SPLINE_SURFACE_WITH_KNOTS ( ( 4, 4 ),
 ( 3, 3 ),
 ( 0.001868060289150777703, 0.002966099350684061470 ),
 ( 0.000000000000000000, 1.000000000000000000 ),
 .UNSPECIFIED. ) 
 GEOMETRIC_REPRESENTATION_ITEM ( )  RATIONAL_B_SPLINE_SURFACE ( (
 ( 1.000000000000000000, 0.7556328946113299860, 1.000000000000000000),
 ( 1.000000000000000000, 0.7521437354010654941, 1.000000000000000000),
 ( 1.000000000000000000, 0.7485026158158120113, 1.000000000000000000),
 ( 1.000000000000000000, 0.7446872030537285969, 1.000000000000000000) ) ) 
 REPRESENTATION_ITEM ( '' )  SURFACE ( )  );
#4067 = VERTEX_POINT ( 'NONE', #6515 ) ;
#4068 = AXIS2_PLACEMENT_3D ( 'NONE', #6647, #5368, #1989 ) ;
#4069 = CARTESIAN_POINT ( 'NONE',  ( -2.712500595142974813, 0.8599080145096313910, 7.069234282728095842 ) ) ;
#4070 = CARTESIAN_POINT ( 'NONE',  ( 2.350480947161686540, -0.9736010864139448273, -7.037499999999999645 ) ) ;
#4071 = CYLINDRICAL_SURFACE ( 'NONE', #1163, 3.000000000000001776 ) ;
#4072 = CARTESIAN_POINT ( 'NONE',  ( -2.350480947161686984, 0.9736010864139145182, -3.537499999999997868 ) ) ;
#4073 = DIRECTION ( 'NONE',  ( -0.000000000000000000, -1.224646799147353207E-16, 1.000000000000000000 ) ) ;
#4074 = AXIS2_PLACEMENT_3D ( 'NONE', #1275, #2485, #4808 ) ;
#4075 = CARTESIAN_POINT ( 'NONE',  ( 0.4286100534128405304, 3.154656918694966006, 11.81363098836948744 ) ) ;
#4076 = CARTESIAN_POINT ( 'NONE',  ( 2.121320343559654820, 2.121320343559639277, -11.35000000000000142 ) ) ;
#4077 = CARTESIAN_POINT ( 'NONE',  ( -0.9736010864139292842, -2.350480947161702083, 2.587500000000000355 ) ) ;
#4078 = CARTESIAN_POINT ( 'NONE',  ( -1.662041016787808134, -1.662041016787823677, 4.525000000000001243 ) ) ;
#4079 = CARTESIAN_POINT ( 'NONE',  ( -0.9736010864139290621, 2.350480947161672329, -6.787499999999999645 ) ) ;
#4080 = EDGE_CURVE ( 'NONE', #3380, #7282, #6788, .T. ) ;
#4081 = ORIENTED_EDGE ( 'NONE', *, *, #4496, .T. ) ;
#4082 = FACE_OUTER_BOUND ( 'NONE', #40, .T. ) ;
#4083 = FACE_OUTER_BOUND ( 'NONE', #2066, .T. ) ;
#4084 = CARTESIAN_POINT ( 'NONE',  ( 3.000000000000016431, -1.480906230240768913E-14, -8.599999999999999645 ) ) ;
#4085 = CARTESIAN_POINT ( 'NONE',  ( -1.922160659580459674, 0.5436799907859548586, 12.14276737506911452 ) ) ;
#4086 = CARTESIAN_POINT ( 'NONE',  ( -2.350480947161686984, -1.388442451953133151E-14, -10.47499999999999787 ) ) ;
#4087 = EDGE_CURVE ( 'NONE', #3417, #4608, #5274, .T. ) ;
#4088 = CARTESIAN_POINT ( 'NONE',  ( -2.350480947161686984, -0.9736010864139442722, -1.412499999999998090 ) ) ;
#4089 = CARTESIAN_POINT ( 'NONE',  ( 0.000000000000000000, 3.054126587736528009, 6.681250000000000355 ) ) ;
#4090 = EDGE_LOOP ( 'NONE', ( #1678, #3197, #2038, #5064 ) ) ;
#4091 = LINE ( 'NONE', #3556, #6234 ) ;
#4092 = CARTESIAN_POINT ( 'NONE',  ( -0.3257410691792611557, -3.054192331804056693, 10.76374999999999815 ) ) ;
#4093 = CARTESIAN_POINT ( 'NONE',  ( 2.350480947161686540, -0.9736010864139460486, 1.837500000000001465 ) ) ;
#4094 = CARTESIAN_POINT ( 'NONE',  ( 0.000000000000000000, 3.000000000000000000, 6.774999999999999467 ) ) ;
#4095 = CARTESIAN_POINT ( 'NONE',  ( -3.055320958419895039, 0.4779929817610100162, 11.65728749364872741 ) ) ;
#4096 = CARTESIAN_POINT ( 'NONE',  ( 0.000000000000000000, 3.054126587736528897, -3.318749999999999645 ) ) ;
#4097 = CARTESIAN_POINT ( 'NONE',  ( -0.9736010864139292842, -2.350480947161702083, -0.4124999999999979239 ) ) ;
#4098 = ORIENTED_EDGE ( 'NONE', *, *, #7188, .T. ) ;
#4099 = CARTESIAN_POINT ( 'NONE',  ( -3.000000000000015987, -1.242640687119308529, 6.087500000000000355 ) ) ;
#4100 = CARTESIAN_POINT ( 'NONE',  ( -2.350480947161686984, -0.9736010864139448273, 4.587500000000001243 ) ) ;
#4101 = ADVANCED_FACE ( 'NONE', ( #3564 ), #572, .F. ) ;
#4102 = VERTEX_POINT ( 'NONE', #695 ) ;
#4103 = CARTESIAN_POINT ( 'NONE',  ( -3.587224226330448399E-16, -2.929190872689197533, 7.315881668713993591 ) ) ;
#4104 = CARTESIAN_POINT ( 'NONE',  ( -2.350480947161686984, 0.9736010864139146292, -6.537499999999999645 ) ) ;
#4105 = CARTESIAN_POINT ( 'NONE',  ( -3.673940397442080083E-16, -3.000000000000031530, -0.8499999999999992006 ) ) ;
#4106 = CARTESIAN_POINT ( 'NONE',  ( -2.350480947161686984, -1.449674791910500567E-14, -5.474999999999997868 ) ) ;
#4107 = CARTESIAN_POINT ( 'NONE',  ( -1.870494937245823053, -2.262755352471775172, -11.79507972454681664 ) ) ;
#4108 =( BOUNDED_CURVE ( )  B_SPLINE_CURVE ( 2, ( #4105, #6411, #1225, #5817, #174, #5850, #4753, #663, #1261 ),
 .UNSPECIFIED., .F., .F. ) 
 B_SPLINE_CURVE_WITH_KNOTS ( ( 3, 2, 2, 2, 3 ),
 ( 0.5625000000000001110, 0.5781250000000001110, 0.5937500000000000000, 0.6093750000000000000, 0.6250000000000000000 ),
 .UNSPECIFIED. ) 
 CURVE ( )  GEOMETRIC_REPRESENTATION_ITEM ( )  RATIONAL_B_SPLINE_CURVE ( ( 0.9999999999999994449, 0.9238795325112872936, 1.000000000000000000, 0.9238795325112867385, 1.000000000000000000, 0.9238795325112867385, 1.000000000000000000, 0.9238795325112867385, 1.000000000000000000 ) ) 
 REPRESENTATION_ITEM ( '' )  );
#4109 = CARTESIAN_POINT ( 'NONE',  ( 1.265060653844741090, 3.054126587736527121, 2.681249999999999467 ) ) ;
#4110 = CYLINDRICAL_SURFACE ( 'NONE', #90, 0.5831999999999999407 ) ;
#4111 = LINE ( 'NONE', #6494, #3955 ) ;
#4112 = CARTESIAN_POINT ( 'NONE',  ( 0.000000000000000000, 3.054126587736529785, -10.25625000000000142 ) ) ;
#4113 = ORIENTED_EDGE ( 'NONE', *, *, #5210, .T. ) ;
#4114 = CARTESIAN_POINT ( 'NONE',  ( 1.242640687119294984, -3.000000000000030198, 5.212500000000003020 ) ) ;
#4115 = EDGE_CURVE ( 'NONE', #4232, #4442, #1745, .T. ) ;
#4116 = FACE_OUTER_BOUND ( 'NONE', #348, .T. ) ;
#4117 = CARTESIAN_POINT ( 'NONE',  ( -0.7041255674774765660, -2.731974210696180183, 7.004006936805695638 ) ) ;
#4118 = CARTESIAN_POINT ( 'NONE',  ( 2.350480947161686540, 0.9736010864139139631, 1.962500000000001688 ) ) ;
#4119 = CARTESIAN_POINT ( 'NONE',  ( 0.000000000000000000, 3.000000000000001332, -4.225000000000000533 ) ) ;
#4120 = CARTESIAN_POINT ( 'NONE',  ( -1.662041016787807912, 1.662041016787794145, -11.59999999999999964 ) ) ;
#4121 = CARTESIAN_POINT ( 'NONE',  ( -1.662041016787808134, -1.662041016787822789, -1.349999999999997868 ) ) ;
#4122 = CARTESIAN_POINT ( 'NONE',  ( -2.159593620790641655, -2.159593620790657642, 6.056250000000000355 ) ) ;
#4123 = ORIENTED_EDGE ( 'NONE', *, *, #4011, .T. ) ;
#4124 = CARTESIAN_POINT ( 'NONE',  ( 0.1851942501326464818, -2.350480947161682099, 5.725889215913015917 ) ) ;
#4125 = EDGE_CURVE ( 'NONE', #4442, #4705, #1211, .T. ) ;
#4126 = FACE_OUTER_BOUND ( 'NONE', #205, .T. ) ;
#4127 = CARTESIAN_POINT ( 'NONE',  ( 0.000000000000000000, 2.350480947161671441, 2.150000000000001688 ) ) ;
#4128 = CARTESIAN_POINT ( 'NONE',  ( -2.121320343559653931, -2.121320343559669919, -0.8499999999999998668 ) ) ;
#4129 = CARTESIAN_POINT ( 'NONE',  ( -3.000000000000015987, 1.242640687119276111, 5.837500000000001243 ) ) ;
#4130 = CARTESIAN_POINT ( 'NONE',  ( -2.159593620790641655, -2.159593620790656310, -3.943749999999999201 ) ) ;
#4131 = CARTESIAN_POINT ( 'NONE',  ( 2.350480947161686540, -0.9736010864139458265, -1.162499999999998535 ) ) ;
#4132 = VERTEX_POINT ( 'NONE', #131 ) ;
#4133 = CARTESIAN_POINT ( 'NONE',  ( 3.000000000000015543, -1.242640687119309195, -1.662499999999999423 ) ) ;
#4134 = CARTESIAN_POINT ( 'NONE',  ( 2.350480947161686984, -1.599093481214520036E-14, 2.025000000000001688 ) ) ;
#4135 = CARTESIAN_POINT ( 'NONE',  ( -1.242640687119285881, -3.000000000000038636, -2.787499999999999645 ) ) ;
#4136 = CARTESIAN_POINT ( 'NONE',  ( 0.9736010864139287291, -2.350480947161702527, -1.162499999999998312 ) ) ;
#4137 = EDGE_LOOP ( 'NONE', ( #5546, #3603, #3960, #5781 ) ) ;
#4138 = CARTESIAN_POINT ( 'NONE',  ( -2.159593620790641655, -2.159593620790655422, -10.94374999999999964 ) ) ;
#4139 = CARTESIAN_POINT ( 'NONE',  ( 2.350480947161686984, -1.464382333308311057E-14, -8.974999999999997868 ) ) ;
#4140 = ADVANCED_FACE ( 'NONE', ( #4169 ), #5753, .T. ) ;
#4141 = DIRECTION ( 'NONE',  ( -0.000000000000000000, 2.449293598294706414E-16, -1.000000000000000000 ) ) ;
#4142 = EDGE_CURVE ( 'NONE', #6302, #3407, #3569, .T. ) ;
#4143 = DIRECTION ( 'NONE',  ( 0.000000000000000000, -1.000000000000000000, -1.224646799147353207E-16 ) ) ;
#4144 = CARTESIAN_POINT ( 'NONE',  ( -3.000000000000015987, 1.242640687119278109, -7.037499999999999645 ) ) ;
#4145 = CARTESIAN_POINT ( 'NONE',  ( -1.265060653844739536, -3.054126587736560872, 5.181250000000000355 ) ) ;
#4146 = CARTESIAN_POINT ( 'NONE',  ( 0.4880061563870965458, 3.107043799119213912, 11.82688928363194236 ) ) ;
#4147 = DIRECTION ( 'NONE',  ( -1.000000000000000000, 0.000000000000000000, -0.000000000000000000 ) ) ;
#4148 = CARTESIAN_POINT ( 'NONE',  ( -0.9736010864139292842, -2.350480947161703416, 7.587500000000001243 ) ) ;
#4149 = CARTESIAN_POINT ( 'NONE',  ( -3.054126587736543996, 1.265060653844725547, -12.06875000000000142 ) ) ;
#4150 = ORIENTED_EDGE ( 'NONE', *, *, #519, .T. ) ;
#4151 = DIRECTION ( 'NONE',  ( 0.000000000000000000, -1.000000000000000000, 0.000000000000000000 ) ) ;
#4152 = CARTESIAN_POINT ( 'NONE',  ( 3.155949487122295061, 0.4188713088899563841, 11.81363098836964909 ) ) ;
#4153 = CARTESIAN_POINT ( 'NONE',  ( -1.789348299691172040, -2.138461940545607565, 6.912969503253688863 ) ) ;
#4154 = CARTESIAN_POINT ( 'NONE',  ( -2.350480947161686984, -0.9736010864139444942, 2.462500000000000799 ) ) ;
#4155 = CARTESIAN_POINT ( 'NONE',  ( 0.8042301465352805767, -0.9143889869718616614, 10.76374999999999815 ) ) ;
#4156 = CARTESIAN_POINT ( 'NONE',  ( -1.662041016787808134, -1.662041016787821901, -8.349999999999997868 ) ) ;
#4157 = CARTESIAN_POINT ( 'NONE',  ( 0.9736010864139306165, 2.350480947161670997, 0.2125000000000017986 ) ) ;
#4158 = CARTESIAN_POINT ( 'NONE',  ( -2.159593620790641655, 2.159593620790625668, 5.806250000000000355 ) ) ;
#4159 = ORIENTED_EDGE ( 'NONE', *, *, #7237, .T. ) ;
#4160 = CARTESIAN_POINT ( 'NONE',  ( 0.000000000000000000, 3.000000000000000888, 1.650000000000000355 ) ) ;
#4161 = DIRECTION ( 'NONE',  ( 0.000000000000000000, -1.224646799147353207E-16, 1.000000000000000000 ) ) ;
#4162 = CARTESIAN_POINT ( 'NONE',  ( 0.9736010864139287291, -2.350480947161702527, 0.7125000000000013545 ) ) ;
#4163 = CARTESIAN_POINT ( 'NONE',  ( -1.058453292898866804, 0.7445567571664561957, 10.76374999999999815 ) ) ;
#4164 = CARTESIAN_POINT ( 'NONE',  ( 2.350480947161686540, 0.9736010864139149623, -6.037499999999997868 ) ) ;
#4165 = CARTESIAN_POINT ( 'NONE',  ( 3.054126587736543996, 1.265060653844724659, -3.506249999999999645 ) ) ;
#4166 = CARTESIAN_POINT ( 'NONE',  ( 2.350480947161686540, -0.9736010864139459375, -0.1624999999999985900 ) ) ;
#4167 = EDGE_CURVE ( 'NONE', #809, #368, #3726, .T. ) ;
#4168 = EDGE_LOOP ( 'NONE', ( #814, #879, #6641, #1080 ) ) ;
#4169 = FACE_OUTER_BOUND ( 'NONE', #5004, .T. ) ;
#4170 = CARTESIAN_POINT ( 'NONE',  ( -2.350480947161686984, 0.9736010864139135190, 3.462500000000001688 ) ) ;
#4171 = AXIS2_PLACEMENT_3D ( 'NONE', #3586, #6914, #6458 ) ;
#4172 = CARTESIAN_POINT ( 'NONE',  ( -3.000000000000015987, -1.242640687119306753, -2.912500000000000089 ) ) ;
#4173 = CARTESIAN_POINT ( 'NONE',  ( 0.9736010864139287291, -2.350480947161702527, -2.162499999999998312 ) ) ;
#4174 = VERTEX_POINT ( 'NONE', #3035 ) ;
#4175 = AXIS2_PLACEMENT_3D ( 'NONE', #6193, #2216, #1573 ) ;
#4176 = CARTESIAN_POINT ( 'NONE',  ( 3.054126587736543996, -1.265060653844755301, -7.631249999999999645 ) ) ;
#4177 = B_SPLINE_CURVE_WITH_KNOTS ( 'NONE', 3,
 ( #1008, #4531, #2253, #5067, #6756, #5741, #5100, #2786, #3318, #6828, #3889, #4494, #2292, #554, #1717, #2179 ),
 .UNSPECIFIED., .F., .F.,
 ( 4, 3, 3, 3, 3, 4 ),
 ( 5.421010862427522170E-20, 2.927463342875409456E-05, 5.856015463983765286E-05, 8.769713700750422964E-05, 0.0001167907796613689927, 0.0001273437867678683878 ),
 .UNSPECIFIED. ) ;
#4178 = CARTESIAN_POINT ( 'NONE',  ( -0.9736010864139290621, 2.350480947161673217, -7.662499999999999645 ) ) ;
#4179 = DIRECTION ( 'NONE',  ( 0.3805870524817674405, 0.9188184237650786068, -0.1045284632676537206 ) ) ;
#4180 = CARTESIAN_POINT ( 'NONE',  ( 3.000000000000015543, -1.242640687119309195, 2.337500000000000355 ) ) ;
#4181 = EDGE_CURVE ( 'NONE', #5914, #809, #4307, .T. ) ;
#4182 = CARTESIAN_POINT ( 'NONE',  ( -2.150996007296153589, 1.758222864023918364, -11.95303028498697806 ) ) ;
#4183 = CARTESIAN_POINT ( 'NONE',  ( 3.673940397442061840E-16, 2.999999999999999556, 12.34999999999999964 ) ) ;
#4184 = AXIS2_PLACEMENT_3D ( 'NONE', #484, #2788, #5680 ) ;
#4185 = CONICAL_SURFACE ( 'NONE', #924, 3.239999999999997105, 0.1047197551196600018 ) ;
#4186 = CARTESIAN_POINT ( 'NONE',  ( 3.054126587736543996, 1.265060653844723992, 4.556249999999999467 ) ) ;
#4187 = CARTESIAN_POINT ( 'NONE',  ( -0.9736010864139290621, 2.350480947161673217, -7.787499999999999645 ) ) ;
#4188 = CARTESIAN_POINT ( 'NONE',  ( 0.000000000000000000, 3.000000000000002220, -10.22500000000000142 ) ) ;
#4189 = CARTESIAN_POINT ( 'NONE',  ( -3.000000000000015987, -1.242640687119307641, 0.9625000000000007994 ) ) ;
#4190 = CARTESIAN_POINT ( 'NONE',  ( 2.159593620790641655, -2.159593620790655866, -12.63124999999999964 ) ) ;
#4191 = EDGE_LOOP ( 'NONE', ( #4212, #7294, #183, #4453, #1374 ) ) ;
#4192 = VECTOR ( 'NONE', #1916, 999.9999999999998863 ) ;
#4193 = DIRECTION ( 'NONE',  ( 1.000000000000000000, 0.000000000000000000, 0.000000000000000000 ) ) ;
#4194 = EDGE_CURVE ( 'NONE', #2333, #1798, #446, .T. ) ;
#4195 = DIRECTION ( 'NONE',  ( -0.000000000000000000, -1.224646799147353207E-16, 1.000000000000000000 ) ) ;
#4196 = CC_DESIGN_SECURITY_CLASSIFICATION ( #4570, ( #3232 ) ) ;
#4197 = CARTESIAN_POINT ( 'NONE',  ( 1.662041016787808356, 1.662041016787792813, -3.974999999999998312 ) ) ;
#4198 = CARTESIAN_POINT ( 'NONE',  ( -0.9736010864139292842, -2.350480947161702083, 1.587500000000000577 ) ) ;
#4199 = CARTESIAN_POINT ( 'NONE',  ( -2.121320343559653931, 2.121320343559638832, -4.100000000000000533 ) ) ;
#4200 = CARTESIAN_POINT ( 'NONE',  ( 2.350480947161686984, -1.476628801299784572E-14, -7.974999999999999645 ) ) ;
#4201 =( BOUNDED_CURVE ( )  B_SPLINE_CURVE ( 2, ( #421, #4475, #3298, #2692, #3335, #3446, #2233, #463, #4512 ),
 .UNSPECIFIED., .F., .T. ) 
 B_SPLINE_CURVE_WITH_KNOTS ( ( 3, 2, 2, 2, 3 ),
 ( 0.6875000000000000000, 0.7031250000000000000, 0.7187500000000000000, 0.7343750000000000000, 0.7500000000000000000 ),
 .UNSPECIFIED. ) 
 CURVE ( )  GEOMETRIC_REPRESENTATION_ITEM ( )  RATIONAL_B_SPLINE_CURVE ( ( 1.000000000000000000, 0.9238795325112867385, 1.000000000000000000, 0.9238795325112867385, 1.000000000000000000, 0.9238795325112867385, 1.000000000000000000, 0.9238795325112867385, 1.000000000000000000 ) ) 
 REPRESENTATION_ITEM ( '' )  );
#4202 = CARTESIAN_POINT ( 'NONE',  ( 0.9365692712961266597, -2.677623956772051006, -11.89441404679356573 ) ) ;
#4203 = CARTESIAN_POINT ( 'NONE',  ( -2.878508968398398972E-16, -2.350480947161702971, 3.775000000000001243 ) ) ;
#4204 = ORIENTED_EDGE ( 'NONE', *, *, #6716, .F. ) ;
#4205 = LINE ( 'NONE', #5303, #2354 ) ;
#4206 = DIRECTION ( 'NONE',  ( 1.000000000000000000, 7.993605777301128669E-15, 0.000000000000000000 ) ) ;
#4207 = CARTESIAN_POINT ( 'NONE',  ( -1.662041016787808134, -1.662041016787823011, -0.4749999999999979794 ) ) ;
#4208 = PRODUCT ( '92000A428_Passivated 18-8 Stainless Steel Pan Head Phillips Screws', '92000A428_Passivated 18-8 Stainless Steel Pan Head Phillips Screws', '', ( #3971 ) ) ;
#4209 = CARTESIAN_POINT ( 'NONE',  ( 2.350480947161686540, 0.9736010864139155174, -10.03749999999999787 ) ) ;
#4210 = CARTESIAN_POINT ( 'NONE',  ( 1.265060653844738425, -3.054126587736560428, -4.756250000000000533 ) ) ;
#4211 = CARTESIAN_POINT ( 'NONE',  ( -2.350480947161686984, -0.9736010864139439391, -2.537499999999998312 ) ) ;
#4212 = ORIENTED_EDGE ( 'NONE', *, *, #5216, .F. ) ;
#4213 = DIRECTION ( 'NONE',  ( -0.000000000000000000, -1.224646799147353207E-16, 1.000000000000000000 ) ) ;
#4214 = CARTESIAN_POINT ( 'NONE',  ( 2.350480947161686984, -1.623586417197467065E-14, 4.025000000000001243 ) ) ;
#4215 = CC_DESIGN_PERSON_AND_ORGANIZATION_ASSIGNMENT ( #5143, #6837, ( #3232 ) ) ;
#4216 = CARTESIAN_POINT ( 'NONE',  ( 0.5686945971823283985, -2.350480947161702971, 5.686507161731724658 ) ) ;
#4217 = EDGE_CURVE ( 'NONE', #7264, #5132, #3452, .T. ) ;
#4218 = CARTESIAN_POINT ( 'NONE',  ( 1.662041016787808356, 1.662041016787792369, -0.8499999999999983125 ) ) ;
#4219 = ORIENTED_EDGE ( 'NONE', *, *, #7316, .T. ) ;
#4220 = CARTESIAN_POINT ( 'NONE',  ( -3.054126587736543996, -1.265060653844752858, -11.00625000000000142 ) ) ;
#4221 = CARTESIAN_POINT ( 'NONE',  ( -1.662041016787808134, -1.662041016787823677, 5.525000000000001243 ) ) ;
#4222 = CARTESIAN_POINT ( 'NONE',  ( 0.9736010864139306165, 2.350480947161671885, -6.787499999999999645 ) ) ;
#4223 = CARTESIAN_POINT ( 'NONE',  ( -2.878508968398398972E-16, -2.350480947161700751, -12.34999999999999787 ) ) ;
#4224 = CARTESIAN_POINT ( 'NONE',  ( 0.000000000000000000, -2.044870920353165796E-15, 12.34999999999999964 ) ) ;
#4225 = CARTESIAN_POINT ( 'NONE',  ( -2.704951089355131177, 0.7942198054114225636, -11.91200723205257184 ) ) ;
#4226 = CARTESIAN_POINT ( 'NONE',  ( 3.000000000000015543, -1.242640687119308529, -9.537500000000001421 ) ) ;
#4227 = ADVANCED_FACE ( 'NONE', ( #6815 ), #5660, .T. ) ;
#4228 = CARTESIAN_POINT ( 'NONE',  ( 1.265060653844738425, -3.054126587736560872, 4.306250000000000355 ) ) ;
#4229 = CARTESIAN_POINT ( 'NONE',  ( 0.9736010864139306165, 2.350480947161672329, -8.912499999999997868 ) ) ;
#4230 = CARTESIAN_POINT ( 'NONE',  ( 1.242640687119291210, -3.000000000000031530, -11.66250000000000142 ) ) ;
#4231 = CARTESIAN_POINT ( 'NONE',  ( -1.265060653844739091, 3.054126587736530674, -13.19374999999999964 ) ) ;
#4232 = VERTEX_POINT ( 'NONE', #4481 ) ;
#4233 = DIRECTION ( 'NONE',  ( 0.000000000000000000, -1.000000000000000000, 0.000000000000000000 ) ) ;
#4234 = CYLINDRICAL_SURFACE ( 'NONE', #5410, 0.5831999999999998296 ) ;
#4235 = CARTESIAN_POINT ( 'NONE',  ( -2.350480947161686984, 0.9736010864139142962, -2.662499999999998312 ) ) ;
#4236 = CARTESIAN_POINT ( 'NONE',  ( -2.350480947161686984, -1.621125343791130090E-14, 8.525000000000002132 ) ) ;
#4237 = LINE ( 'NONE', #3209, #2336 ) ;
#4238 = CARTESIAN_POINT ( 'NONE',  ( 2.350480947161686540, 0.9736010864139149623, -5.912499999999997868 ) ) ;
#4239 = CARTESIAN_POINT ( 'NONE',  ( 0.3840784068098099802, -2.971464112645131106, 10.76374999999999815 ) ) ;
#4240 = CARTESIAN_POINT ( 'NONE',  ( 3.054126587736543996, -1.265060653844757299, 9.368750000000000355 ) ) ;
#4241 = EDGE_CURVE ( 'NONE', #2165, #2545, #6070, .T. ) ;
#4242 = ORIENTED_EDGE ( 'NONE', *, *, #4638, .T. ) ;
#4243 = CARTESIAN_POINT ( 'NONE',  ( -3.140105338715593053, 0.4002752944749612962, 11.64091577994608606 ) ) ;
#4244 = CARTESIAN_POINT ( 'NONE',  ( -3.000000000000016431, -1.562039080684280633E-14, 4.025000000000000355 ) ) ;
#4245 = CARTESIAN_POINT ( 'NONE',  ( -2.159593620790641655, 2.159593620790626556, -4.131250000000000533 ) ) ;
#4246 = CARTESIAN_POINT ( 'NONE',  ( 3.000000000000015987, 1.242640687119278997, -10.53750000000000142 ) ) ;
#4247 = CARTESIAN_POINT ( 'NONE',  ( -1.662041016787807912, 1.662041016787794367, -12.72499999999999787 ) ) ;
#4248 = CARTESIAN_POINT ( 'NONE',  ( -3.054126587736543996, -1.265060653844753968, -1.006249999999999201 ) ) ;
#4249 = CARTESIAN_POINT ( 'NONE',  ( 2.350480947161686540, 0.9736010864139140741, 0.9625000000000014655 ) ) ;
#4250 = ORIENTED_EDGE ( 'NONE', *, *, #1945, .F. ) ;
#4251 = CARTESIAN_POINT ( 'NONE',  ( 0.9736010864139287291, -2.350480947161703416, 3.837500000000002132 ) ) ;
#4252 = CARTESIAN_POINT ( 'NONE',  ( 1.662041016787807912, -1.662041016787824343, 5.900000000000000355 ) ) ;
#4253 = CARTESIAN_POINT ( 'NONE',  ( 0.000000000000000000, 2.350480947161670997, 5.150000000000002132 ) ) ;
#4254 = CARTESIAN_POINT ( 'NONE',  ( -2.350480947161686984, -1.448143983411566693E-14, -5.599999999999997868 ) ) ;
#4255 = ORIENTED_EDGE ( 'NONE', *, *, #6592, .F. ) ;
#4256 = CARTESIAN_POINT ( 'NONE',  ( -3.054126587736543996, -1.389108992667349257E-14, -10.06874999999999964 ) ) ;
#4257 = CARTESIAN_POINT ( 'NONE',  ( 0.9736010864139306165, 2.350480947161670553, 5.087500000000002132 ) ) ;
#4258 = CARTESIAN_POINT ( 'NONE',  ( -1.662041016787807912, 1.662041016787794145, -11.72499999999999964 ) ) ;
#4259 = CARTESIAN_POINT ( 'NONE',  ( -3.000000000000015987, 1.242640687119276777, 2.962500000000000799 ) ) ;
#4260 = CARTESIAN_POINT ( 'NONE',  ( 1.662041016787807912, -1.662041016787823233, -2.099999999999998312 ) ) ;
#4261 = DIRECTION ( 'NONE',  ( 0.1045284632676538455, 8.881784197001254296E-16, 0.9945218953682732899 ) ) ;
#4262 = CARTESIAN_POINT ( 'NONE',  ( 2.350480947161686540, -0.9736010864139470478, 8.962500000000000355 ) ) ;
#4263 = ADVANCED_FACE ( 'NONE', ( #2276 ), #5619, .T. ) ;
#4264 = CARTESIAN_POINT ( 'NONE',  ( -3.054126587736543996, 1.265060653844723326, 5.931250000000000355 ) ) ;
#4265 = CARTESIAN_POINT ( 'NONE',  ( -2.350480947161686984, -0.9736010864139430510, -9.537499999999999645 ) ) ;
#4266 = CARTESIAN_POINT ( 'NONE',  ( 0.6349662838698354461, 2.587135051169517030, -12.06588834398919374 ) ) ;
#4267 = CARTESIAN_POINT ( 'NONE',  ( 2.350480947161686540, -0.9736010864139470478, 8.837500000000002132 ) ) ;
#4268 = CARTESIAN_POINT ( 'NONE',  ( 3.054126587736543996, -1.265060653844755079, -11.56874999999999964 ) ) ;
#4269 = ORIENTED_EDGE ( 'NONE', *, *, #1965, .F. ) ;
#4270 = ADVANCED_FACE ( 'NONE', ( #1070 ), #777, .F. ) ;
#4271 = CARTESIAN_POINT ( 'NONE',  ( 0.4510293419240873347, -3.145348765581087669, 11.81574533325309773 ) ) ;
#4272 = FACE_OUTER_BOUND ( 'NONE', #4709, .T. ) ;
#4273 = CARTESIAN_POINT ( 'NONE',  ( 2.350480947161686540, -0.9736010864139452714, -4.162499999999998757 ) ) ;
#4274 = CARTESIAN_POINT ( 'NONE',  ( 0.9736010864139306165, 2.350480947161670553, 3.087500000000001688 ) ) ;
#4275 = CARTESIAN_POINT ( 'NONE',  ( -0.8632880660056395650, -1.177184601738069158, 12.23971270034656733 ) ) ;
#4276 = CARTESIAN_POINT ( 'NONE',  ( 1.662041016787807912, -1.662041016787823899, 3.900000000000001688 ) ) ;
#4277 = VERTEX_POINT ( 'NONE', #1668 ) ;
#4278 = CARTESIAN_POINT ( 'NONE',  ( -3.155949487122295061, -0.4188713088899593262, 11.81363098836964909 ) ) ;
#4279 = CARTESIAN_POINT ( 'NONE',  ( 3.000000000000016431, -1.494683506731176617E-14, -7.475000000000000533 ) ) ;
#4280 = CARTESIAN_POINT ( 'NONE',  ( -1.265060653844739091, 3.054126587736528897, -3.193750000000000533 ) ) ;
#4281 = CARTESIAN_POINT ( 'NONE',  ( 3.133884491904692648, 0.4681485676321509026, 11.81881367368264080 ) ) ;
#4282 = CARTESIAN_POINT ( 'NONE',  ( 1.265060653844741090, 3.054126587736528009, -0.3812499999999996447 ) ) ;
#4283 = VERTEX_POINT ( 'NONE', #1560 ) ;
#4284 = CARTESIAN_POINT ( 'NONE',  ( 2.350480947161686984, -1.635832885188940580E-14, 5.025000000000002132 ) ) ;
#4285 = CARTESIAN_POINT ( 'NONE',  ( 0.9736010864139287291, -2.350480947161703860, 6.837500000000002132 ) ) ;
#4286 = CARTESIAN_POINT ( 'NONE',  ( 1.662041016787808356, 1.662041016787793479, -9.849999999999997868 ) ) ;
#4287 = CARTESIAN_POINT ( 'NONE',  ( -0.9736010864139292842, -2.350480947161702527, 0.7125000000000022427 ) ) ;
#4288 = ORIENTED_EDGE ( 'NONE', *, *, #3736, .T. ) ;
#4289 = CARTESIAN_POINT ( 'NONE',  ( -3.054126587736543996, -1.265060653844753080, -8.006249999999999645 ) ) ;
#4290 = CARTESIAN_POINT ( 'NONE',  ( -1.662041016787808134, -1.662041016787824121, 8.525000000000002132 ) ) ;
#4291 = CARTESIAN_POINT ( 'NONE',  ( 0.9736010864139287291, -2.350480947161702083, -10.28749999999999787 ) ) ;
#4292 = DIRECTION ( 'NONE',  ( 0.000000000000000000, -1.000000000000000000, 0.000000000000000000 ) ) ;
#4293 = CARTESIAN_POINT ( 'NONE',  ( 2.350480947161686984, -1.550107609248625976E-14, -1.974999999999998535 ) ) ;
#4294 = CARTESIAN_POINT ( 'NONE',  ( -0.8205113545069584458, -2.486745358065410638, 6.447890687204361981 ) ) ;
#4295 = CARTESIAN_POINT ( 'NONE',  ( -2.982128540515192050, -0.3834273975857843686, 10.76374999999999815 ) ) ;
#4296 = VECTOR ( 'NONE', #4807, 1000.000000000000000 ) ;
#4297 = ORIENTED_EDGE ( 'NONE', *, *, #195, .T. ) ;
#4298 = CARTESIAN_POINT ( 'NONE',  ( -2.878508968398398972E-16, -2.350480947161701195, -9.349999999999999645 ) ) ;
#4299 = CARTESIAN_POINT ( 'NONE',  ( 0.5393291084971933991, -2.332383647040358277, -12.33642317582019565 ) ) ;
#4300 = LINE ( 'NONE', #5518, #6474 ) ;
#4301 = CARTESIAN_POINT ( 'NONE',  ( 3.054126587736543996, -1.507541561884221639E-14, -6.506250000000000533 ) ) ;
#4302 = ORIENTED_EDGE ( 'NONE', *, *, #2596, .F. ) ;
#4303 = AXIS2_PLACEMENT_3D ( 'NONE', #2855, #3312, #6336 ) ;
#4304 = CARTESIAN_POINT ( 'NONE',  ( 1.009738695057565749, -0.4182474619457590692, 10.76374999999999815 ) ) ;
#4305 = CARTESIAN_POINT ( 'NONE',  ( 0.000000000000000000, 2.350480947161672329, -4.849999999999998757 ) ) ;
#4306 = VECTOR ( 'NONE', #7124, 1000.000000000000000 ) ;
#4307 =( BOUNDED_CURVE ( )  B_SPLINE_CURVE ( 2, ( #166, #2463, #1334, #4861, #958, #3115, #5428, #391, #5464, #4825, #2617, #1932, #2659, #1445, #7265, #2088, #917, #4977, #7150, #276, #313, #1370, #2578, #5502, #7112, #4251, #6064, #6628, #6552, #6145, #6028, #3679, #4360, #4939, #6102, #1969, #3796, #4899, #3227, #4396, #243, #2047, #5989, #356, #4284, #2009, #7226, #6588, #1408, #6703, #3838, #1519, #2541, #3266, #3758, #810, #3185 ),
 .UNSPECIFIED., .F., .F. ) 
 B_SPLINE_CURVE_WITH_KNOTS ( ( 3, 2, 2, 2, 2, 2, 2, 2, 2, 2, 2, 2, 2, 2, 2, 2, 2, 2, 2, 2, 2, 2, 2, 2, 2, 2, 2, 2, 3 ),
 ( 0.1250000000000000000, 0.1406250000000000000, 0.1562500000000000000, 0.1718750000000000000, 0.1875000000000000000, 0.2031250000000000000, 0.2187500000000000000, 0.2343750000000000000, 0.2500000000000000000, 0.2656250000000000000, 0.2812500000000000000, 0.2968750000000000000, 0.3125000000000000000, 0.3281250000000000000, 0.3437500000000000000, 0.3593750000000000000, 0.3750000000000000000, 0.3906250000000000000, 0.4062500000000000000, 0.4218750000000000000, 0.4375000000000000000, 0.4531250000000000000, 0.4687499999999999445, 0.4843750000000000000, 0.5000000000000000000, 0.5156250000000000000, 0.5312500000000000000, 0.5468750000000000000, 0.5563001666275773083 ),
 .UNSPECIFIED. ) 
 CURVE ( )  GEOMETRIC_REPRESENTATION_ITEM ( )  RATIONAL_B_SPLINE_CURVE ( ( 1.000000000000000000, 0.9238795325112867385, 1.000000000000000000, 0.9238795325112867385, 1.000000000000000000, 0.9238795325112867385, 1.000000000000000000, 0.9238795325112867385, 1.000000000000000000, 0.9238795325112867385, 1.000000000000000000, 0.9238795325112867385, 1.000000000000000000, 0.9238795325112867385, 1.000000000000000000, 0.9238795325112867385, 1.000000000000000000, 0.9238795325112867385, 1.000000000000000000, 0.9238795325112867385, 1.000000000000000000, 0.9238795325112867385, 1.000000000000000000, 0.9238795325112867385, 1.000000000000000000, 0.9238795325112867385, 1.000000000000000000, 0.9238795325112867385, 1.000000000000000000, 0.9238795325112867385, 1.000000000000000000, 0.9238795325112867385, 1.000000000000000000, 0.9238795325112867385, 1.000000000000000000, 0.9238795325112867385, 1.000000000000000000, 0.9238795325112867385, 1.000000000000000000, 0.9238795325112867385, 1.000000000000000000, 0.9238795325112867385, 1.000000000000000000, 0.9238795325112867385, 1.000000000000000000, 0.9238795325112867385, 1.000000000000000000, 0.9238795325112867385, 1.000000000000000000, 0.9238795325112867385, 1.000000000000000000, 0.9238795325112867385, 1.000000000000000000, 0.9238795325112867385, 1.000000000000000000, 0.9540833222495869181, 0.9635615038633229545 ) ) 
 REPRESENTATION_ITEM ( '' )  );
#4308 = CARTESIAN_POINT ( 'NONE',  ( -1.662041016787808134, -1.662041016787822567, -3.474999999999998312 ) ) ;
#4309 = EDGE_CURVE ( 'NONE', #4783, #1444, #2809, .T. ) ;
#4310 = CARTESIAN_POINT ( 'NONE',  ( 2.169085475597366308, 1.119244528331884592, 5.932793754702553102 ) ) ;
#4311 = CARTESIAN_POINT ( 'NONE',  ( -0.3057325481515992260, 3.058033318125265687, 10.76374999999999815 ) ) ;
#4312 = CARTESIAN_POINT ( 'NONE',  ( -2.350480947161686984, -0.9736010864139432730, -7.412499999999999645 ) ) ;
#4313 = CARTESIAN_POINT ( 'NONE',  ( -2.121320343559653931, -2.121320343559669475, -0.9749999999999992006 ) ) ;
#4314 = CARTESIAN_POINT ( 'NONE',  ( 2.350480947161686984, -1.623586417197467065E-14, 4.025000000000001243 ) ) ;
#4315 = ORIENTED_EDGE ( 'NONE', *, *, #405, .T. ) ;
#4316 = CYLINDRICAL_SURFACE ( 'NONE', #1273, 3.000000000000001776 ) ;
#4317 = AXIS2_PLACEMENT_3D ( 'NONE', #2632, #6677, #3240 ) ;
#4318 = CARTESIAN_POINT ( 'NONE',  ( 2.121320343559653931, -2.121320343559669475, -7.600000000000000533 ) ) ;
#4319 = CARTESIAN_POINT ( 'NONE',  ( -2.159593620790641655, 2.159593620790626556, -3.131250000000000533 ) ) ;
#4320 = EDGE_CURVE ( 'NONE', #494, #4951, #432, .T. ) ;
#4321 = CARTESIAN_POINT ( 'NONE',  ( 3.155949487122295061, 0.4188713088899563841, 11.81363098836964909 ) ) ;
#4322 = CARTESIAN_POINT ( 'NONE',  ( -2.159593620790641655, 2.159593620790626112, 0.8062500000000005773 ) ) ;
#4323 = CARTESIAN_POINT ( 'NONE',  ( -2.350480947161686984, 0.9736010864139137411, 1.337500000000002354 ) ) ;
#4324 = VERTEX_POINT ( 'NONE', #4020 ) ;
#4325 = CARTESIAN_POINT ( 'NONE',  ( -3.000000000000016431, -1.488560272735439545E-14, -1.974999999999999867 ) ) ;
#4326 = CARTESIAN_POINT ( 'NONE',  ( 2.350480947161686540, 0.9736010864139131860, 7.087500000000001243 ) ) ;
#4327 = CARTESIAN_POINT ( 'NONE',  ( -2.350480947161686984, -1.425181855927553537E-14, -7.474999999999997868 ) ) ;
#4328 = CARTESIAN_POINT ( 'NONE',  ( -2.350480947161686984, -0.9736010864139444942, 0.5875000000000021316 ) ) ;
#4329 = ORIENTED_EDGE ( 'NONE', *, *, #2921, .F. ) ;
#4330 = CARTESIAN_POINT ( 'NONE',  ( -2.159593620790641655, -2.159593620790656310, -4.943749999999999645 ) ) ;
#4331 = CARTESIAN_POINT ( 'NONE',  ( 0.000000000000000000, 3.054126587736528453, 0.7437499999999995781 ) ) ;
#4332 = CARTESIAN_POINT ( 'NONE',  ( -2.350480947161686984, -1.449674791910500567E-14, -5.474999999999997868 ) ) ;
#4333 = CARTESIAN_POINT ( 'NONE',  ( 2.121320343559653931, -2.121320343559671251, 7.274999999999999467 ) ) ;
#4334 = CARTESIAN_POINT ( 'NONE',  ( -2.350480947161686984, -0.9736010864139444942, 0.5875000000000020206 ) ) ;
#4335 = CARTESIAN_POINT ( 'NONE',  ( -0.1666398956764585659, -2.625546205218553197, 6.481624801300569061 ) ) ;
#4336 = CARTESIAN_POINT ( 'NONE',  ( -3.050412029386035506, 0.3349682037019577896, 10.76374999999999815 ) ) ;
#4337 = EDGE_CURVE ( 'NONE', #4350, #612, #2204, .T. ) ;
#4338 = EDGE_LOOP ( 'NONE', ( #1937, #7025, #3466, #1539 ) ) ;
#4339 = CARTESIAN_POINT ( 'NONE',  ( 2.350480947161686540, -0.9736010864139444942, -11.16249999999999964 ) ) ;
#4340 = CARTESIAN_POINT ( 'NONE',  ( 3.000000000000015543, -1.242640687119309417, 3.337500000000000355 ) ) ;
#4341 = CARTESIAN_POINT ( 'NONE',  ( -2.121320343559653931, -2.121320343559669919, 0.02500000000000073344 ) ) ;
#4342 = CARTESIAN_POINT ( 'NONE',  ( 3.054126587736543996, -1.470802157909800779E-14, -9.506250000000001421 ) ) ;
#4343 = VERTEX_POINT ( 'NONE', #2923 ) ;
#4344 = CARTESIAN_POINT ( 'NONE',  ( 0.4213453062242253910, -3.155595111206030090, 11.81363967714851348 ) ) ;
#4345 = CARTESIAN_POINT ( 'NONE',  ( 2.350480947161686540, -0.9736010864139457155, -1.162499999999998312 ) ) ;
#4346 = CARTESIAN_POINT ( 'NONE',  ( -2.159593620790641655, -2.159593620790658086, 8.118749999999998579 ) ) ;
#4347 = CARTESIAN_POINT ( 'NONE',  ( 2.016468785927365115, -2.088616227763552491, 7.208693582504328567 ) ) ;
#4348 = DIRECTION ( 'NONE',  ( 1.000000000000000000, 0.000000000000000000, 0.000000000000000000 ) ) ;
#4349 = CARTESIAN_POINT ( 'NONE',  ( -1.662041016787808134, -1.662041016787823233, 1.650000000000001243 ) ) ;
#4350 = VERTEX_POINT ( 'NONE', #5231 ) ;
#4351 = LINE ( 'NONE', #6619, #4910 ) ;
#4353 =( BOUNDED_CURVE ( )  B_SPLINE_CURVE ( 2, ( #4188, #3506, #224, #4650, #5249, #2941, #106, #6941, #5406 ),
 .UNSPECIFIED., .F., .F. ) 
 B_SPLINE_CURVE_WITH_KNOTS ( ( 3, 2, 2, 2, 3 ),
 ( 0.6250000000000001110, 0.6406250000000000000, 0.6562500000000000000, 0.6718750000000000000, 0.6874999999999998890 ),
 .UNSPECIFIED. ) 
 CURVE ( )  GEOMETRIC_REPRESENTATION_ITEM ( )  RATIONAL_B_SPLINE_CURVE ( ( 0.9999999999999994449, 0.9238795325112872936, 1.000000000000000000, 0.9238795325112867385, 1.000000000000000000, 0.9238795325112867385, 1.000000000000000000, 0.9238795325112872936, 0.9999999999999994449 ) ) 
 REPRESENTATION_ITEM ( '' )  );
#4352 = B_SPLINE_CURVE_WITH_KNOTS ( 'NONE', 3,
 ( #4239, #3281, #6161, #6195, #3061, #1010, #6540 ),
 .UNSPECIFIED., .F., .F.,
 ( 4, 3, 4 ),
 ( 0.000000000000000000, 0.0005370511169855478545, 0.001085021815052031758 ),
 .UNSPECIFIED. ) ;
#4354 = CARTESIAN_POINT ( 'NONE',  ( -0.5981793365593917056, 1.855942136732827930, 12.38072256709985375 ) ) ;
#4355 = CARTESIAN_POINT ( 'NONE',  ( -3.054126587736543996, 1.265060653844724436, -5.068750000000001421 ) ) ;
#4356 = PLANE ( 'NONE',  #3313 ) ;
#4357 = CARTESIAN_POINT ( 'NONE',  ( -3.054126587736543996, -1.265060653844754412, 0.9937500000000007994 ) ) ;
#4358 = FACE_OUTER_BOUND ( 'NONE', #6865, .T. ) ;
#4359 = ORIENTED_EDGE ( 'NONE', *, *, #4477, .T. ) ;
#4360 = CARTESIAN_POINT ( 'NONE',  ( 0.000000000000000000, 2.350480947161670997, 4.275000000000002132 ) ) ;
#4361 = EDGE_CURVE ( 'NONE', #1812, #6255, #5033, .T. ) ;
#4362 = CARTESIAN_POINT ( 'NONE',  ( -1.662041016787808134, -1.662041016787822123, -7.349999999999997868 ) ) ;
#4363 = CARTESIAN_POINT ( 'NONE',  ( 1.662041016787807912, -1.662041016787822789, -5.224999999999998757 ) ) ;
#4364 = ORIENTED_EDGE ( 'NONE', *, *, #5124, .T. ) ;
#4365 = CARTESIAN_POINT ( 'NONE',  ( -3.054126587736543996, 1.265060653844723992, 0.9312499999999994671 ) ) ;
#4366 = CARTESIAN_POINT ( 'NONE',  ( -2.878508968398398972E-16, -2.350480947161701639, -5.224999999999998757 ) ) ;
#4367 = CARTESIAN_POINT ( 'NONE',  ( -1.351729090438178904, -2.096144056616204843, -12.23770470503700913 ) ) ;
#4368 = CARTESIAN_POINT ( 'NONE',  ( -0.9736010864139292842, -2.350480947161702083, -2.287499999999998312 ) ) ;
#4369 = CARTESIAN_POINT ( 'NONE',  ( -1.553253558085408104, -2.088698914137901763, 6.404864379371976391 ) ) ;
#4370 = LINE ( 'NONE', #2139, #5995 ) ;
#4371 = VERTEX_POINT ( 'NONE', #4160 ) ;
#4372 = CARTESIAN_POINT ( 'NONE',  ( 1.662041016787807912, -1.662041016787822789, -6.224999999999998757 ) ) ;
#4373 = DIRECTION ( 'NONE',  ( 0.000000000000000000, -0.9945218953682734009, 0.1045284632676529435 ) ) ;
#4374 = CARTESIAN_POINT ( 'NONE',  ( 1.099581084405311993, 2.329843452590077302, 6.331989069730098230 ) ) ;
#4375 = CARTESIAN_POINT ( 'NONE',  ( -2.159593620790641655, -2.159593620790655866, -9.881250000000001421 ) ) ;
#4376 = CARTESIAN_POINT ( 'NONE',  ( -3.057421916954497387, 0.3050373034875727973, 10.75730433123960772 ) ) ;
#4377 = ORIENTED_EDGE ( 'NONE', *, *, #5493, .F. ) ;
#4378 = CARTESIAN_POINT ( 'NONE',  ( 1.662041016787808356, 1.662041016787791703, 4.025000000000001243 ) ) ;
#4379 = CARTESIAN_POINT ( 'NONE',  ( -3.000000000000016431, -1.572754740176819959E-14, 4.900000000000000355 ) ) ;
#4380 = CARTESIAN_POINT ( 'NONE',  ( 0.000000000000000000, 2.350480947161671441, 2.150000000000001688 ) ) ;
#4381 = CARTESIAN_POINT ( 'NONE',  ( 3.054126587736543996, -1.678992113764850847E-14, 7.493749999999999467 ) ) ;
#4382 = CARTESIAN_POINT ( 'NONE',  ( 0.000000000000000000, 3.000000000000001332, -2.225000000000000533 ) ) ;
#4383 = CARTESIAN_POINT ( 'NONE',  ( -0.9736010864139290621, 2.350480947161672329, -5.662499999999997868 ) ) ;
#4384 = CARTESIAN_POINT ( 'NONE',  ( -3.000000000000016431, -1.499275932227978870E-14, -1.099999999999999201 ) ) ;
#4385 = CARTESIAN_POINT ( 'NONE',  ( -1.662041016787807912, 1.662041016787794145, -11.72499999999999964 ) ) ;
#4386 = EDGE_LOOP ( 'NONE', ( #2350, #7141, #3698, #1154 ) ) ;
#4387 = CARTESIAN_POINT ( 'NONE',  ( 0.9736010864139287291, -2.350480947161703860, 7.837500000000000355 ) ) ;
#4388 = ORIENTED_EDGE ( 'NONE', *, *, #4741, .T. ) ;
#4389 = CARTESIAN_POINT ( 'NONE',  ( -3.140406665209071857, -0.4599814375623819118, 11.81699852180753396 ) ) ;
#4390 = CARTESIAN_POINT ( 'NONE',  ( 0.4976841217457334543, 3.072558534828785159, 11.84463617598279228 ) ) ;
#4391 = CARTESIAN_POINT ( 'NONE',  ( -1.265060653844739091, 3.054126587736528453, 0.8062499999999996891 ) ) ;
#4392 = CARTESIAN_POINT ( 'NONE',  ( 3.009538747578936135, -0.3759569741867389570, 10.76374999999999815 ) ) ;
#4393 = CARTESIAN_POINT ( 'NONE',  ( -1.265060653844739091, 3.054126587736528453, 1.743750000000000355 ) ) ;
#4394 = CARTESIAN_POINT ( 'NONE',  ( -1.242640687119278997, 3.000000000000014211, 1.837499999999999023 ) ) ;
#4395 = VERTEX_POINT ( 'NONE', #83 ) ;
#4396 = CARTESIAN_POINT ( 'NONE',  ( -0.9736010864139292842, -2.350480947161703416, 4.712500000000001243 ) ) ;
#4397 =( BOUNDED_SURFACE ( )  B_SPLINE_SURFACE ( 1, 2, ( 
 ( #100, #3502, #7008, #6380, #4106, #4794, #175, #6524, #2358, #1906, #664, #2515, #2436, #3612, #2971, #139, #1226, #1864, #6412, #1753, #4681, #7042, #5923, #3651, #5282, #218, #5246, #741, #3044, #2398, #6448, #1262, #4835, #5885, #702, #4072, #1193, #3009, #890, #1455, #1380, #966, #854, #3689, #6672, #4948, #926, #1979, #6111, #4907, #3236, #4405, #5437, #2056, #1489, #4368, #3803, #3159, #4260, #5511, #4293, #3193, #6600, #1942, #7234, #6074, #324, #6000, #5475, #7197, #2627, #820, #5555, #365, #6711, #2666, #4985, #7273, #2587, #3125, #3767, #2095, #1529, #3845, #7159, #6153, #285, #3273, #5593, #6638, #4870, #399, #2704, #1419, #7123, #3730, #6561, #254, #2550, #6038, #2019, #4334, #6297, #1675, #1709, #3461, #5171, #1077, #4488, #7310, #5129, #3954, #3387, #1567, #1038, #2780, #5702, #6750, #510, #1113, #4602, #7419, #3424, #2815, #475, #3883, #6821, #5735, #2244 ),
 ( #3352, #2742, #6333, #3991, #1636, #7460, #4566, #588, #5094, #1150, #5775, #6861, #2852, #6263, #5670, #6895, #2285, #4028, #4524, #547, #5021, #2137, #7385, #4447, #1001, #6186, #3310, #5628, #434, #5060, #7348, #3916, #2173, #6785, #1602, #2210, #6223, #5346, #7070, #5842, #92, #2387, #2425, #655, #3033, #6999, #2961, #2929, #164, #6476, #1894, #4708, #5310, #4211, #4671, #5237, #6513, #1184, #3494, #5949, #3527, #2894, #693, #24, #2998, #1815, #2317, #129, #1294, #729, #55, #5272, #5872, #4061, #4744, #4131, #1250, #5206, #6437, #620, #3602, #1782, #7031, #1853, #6967, #5913, #2349, #4097, #3562, #2461, #6404, #4166, #1218, #4782, #1332, #4634, #3640, #6929, #1743, #6372, #5810, #915, #2656, #274, #4897, #2085, #7182, #6586, #2007, #4249, #6625, #5500, #311, #3794, #3225, #4323, #7147, #2045, #878, #4975, #3718, #7110, #5545, #7263, #6026, #5462, #2576, #2615, #842 ) ),
 .UNSPECIFIED., .F., .F., .F. ) 
 B_SPLINE_SURFACE_WITH_KNOTS ( ( 2, 2 ),
 ( 3, 2, 2, 2, 2, 2, 2, 2, 2, 2, 2, 2, 2, 2, 2, 2, 2, 2, 2, 2, 2, 2, 2, 2, 2, 2, 2, 2, 2, 2, 2, 2, 2, 2, 2, 2, 2, 2, 2, 2, 2, 2, 2, 2, 2, 2, 2, 2, 2, 2, 2, 2, 2, 2, 2, 2, 2, 2, 2, 2, 2, 2, 2, 2, 3 ),
 ( 0.000000000000000000, 1.000000000000000000 ),
 ( 0.000000000000000000, 0.01562500000000000000, 0.03125000000000000000, 0.04687500000000000000, 0.06250000000000000000, 0.07812500000000000000, 0.09375000000000000000, 0.1093750000000000000, 0.1250000000000000000, 0.1406250000000000000, 0.1562500000000000000, 0.1718750000000000000, 0.1875000000000000000, 0.2031250000000000000, 0.2187500000000000000, 0.2343750000000000000, 0.2500000000000000000, 0.2656250000000000000, 0.2812500000000000000, 0.2968750000000000000, 0.3125000000000000000, 0.3281250000000000000, 0.3437500000000000000, 0.3593750000000000000, 0.3750000000000000000, 0.3906250000000000000, 0.4062500000000000000, 0.4218750000000000000, 0.4375000000000000000, 0.4531250000000000000, 0.4687500000000000000, 0.4843750000000000000, 0.5000000000000000000, 0.5156250000000000000, 0.5312500000000000000, 0.5468750000000000000, 0.5625000000000000000, 0.5781250000000000000, 0.5937500000000000000, 0.6093750000000000000, 0.6250000000000000000, 0.6406250000000000000, 0.6562500000000000000, 0.6718750000000000000, 0.6875000000000000000, 0.7031250000000000000, 0.7187500000000000000, 0.7343750000000000000, 0.7500000000000000000, 0.7656250000000000000, 0.7812500000000000000, 0.7968750000000000000, 0.8125000000000000000, 0.8281250000000000000, 0.8437500000000000000, 0.8593750000000000000, 0.8750000000000000000, 0.8906250000000000000, 0.9062500000000000000, 0.9218750000000000000, 0.9375000000000000000, 0.9531250000000000000, 0.9687500000000000000, 0.9843750000000000000, 1.000000000000000000 ),
 .UNSPECIFIED. ) 
 GEOMETRIC_REPRESENTATION_ITEM ( )  RATIONAL_B_SPLINE_SURFACE ( (
 ( 1.000000000000000000, 0.9238795325112867385, 1.000000000000000000, 0.9238795325112867385, 1.000000000000000000, 0.9238795325112867385, 1.000000000000000000, 0.9238795325112867385, 1.000000000000000000, 0.9238795325112867385, 1.000000000000000000, 0.9238795325112867385, 1.000000000000000000, 0.9238795325112867385, 1.000000000000000000, 0.9238795325112867385, 1.000000000000000000, 0.9238795325112867385, 1.000000000000000000, 0.9238795325112867385, 1.000000000000000000, 0.9238795325112867385, 1.000000000000000000, 0.9238795325112867385, 1.000000000000000000, 0.9238795325112867385, 1.000000000000000000, 0.9238795325112867385, 1.000000000000000000, 0.9238795325112867385, 1.000000000000000000, 0.9238795325112867385, 1.000000000000000000, 0.9238795325112867385, 1.000000000000000000, 0.9238795325112867385, 1.000000000000000000, 0.9238795325112867385, 1.000000000000000000, 0.9238795325112867385, 1.000000000000000000, 0.9238795325112867385, 1.000000000000000000, 0.9238795325112867385, 1.000000000000000000, 0.9238795325112867385, 1.000000000000000000, 0.9238795325112867385, 1.000000000000000000, 0.9238795325112867385, 1.000000000000000000, 0.9238795325112867385, 1.000000000000000000, 0.9238795325112867385, 1.000000000000000000, 0.9238795325112867385, 1.000000000000000000, 0.9238795325112867385, 1.000000000000000000, 0.9238795325112867385, 1.000000000000000000, 0.9238795325112867385, 1.000000000000000000, 0.9238795325112867385, 1.000000000000000000, 0.9238795325112867385, 1.000000000000000000, 0.9238795325112867385, 1.000000000000000000, 0.9238795325112867385, 1.000000000000000000, 0.9238795325112867385, 1.000000000000000000, 0.9238795325112867385, 1.000000000000000000, 0.9238795325112867385, 1.000000000000000000, 0.9238795325112867385, 1.000000000000000000, 0.9238795325112867385, 1.000000000000000000, 0.9238795325112867385, 1.000000000000000000, 0.9238795325112867385, 1.000000000000000000, 0.9238795325112867385, 1.000000000000000000, 0.9238795325112867385, 1.000000000000000000, 0.9238795325112867385, 1.000000000000000000, 0.9238795325112867385, 1.000000000000000000, 0.9238795325112867385, 1.000000000000000000, 0.9238795325112867385, 1.000000000000000000, 0.9238795325112867385, 1.000000000000000000, 0.9238795325112867385, 1.000000000000000000, 0.9238795325112867385, 1.000000000000000000, 0.9238795325112867385, 1.000000000000000000, 0.9238795325112867385, 1.000000000000000000, 0.9238795325112867385, 1.000000000000000000, 0.9238795325112867385, 1.000000000000000000, 0.9238795325112867385, 1.000000000000000000, 0.9238795325112867385, 1.000000000000000000, 0.9238795325112867385, 1.000000000000000000, 0.9238795325112867385, 1.000000000000000000, 0.9238795325112867385, 1.000000000000000000, 0.9238795325112867385, 1.000000000000000000, 0.9238795325112867385, 1.000000000000000000, 0.9238795325112867385, 1.000000000000000000, 0.9238795325112867385, 1.000000000000000000),
 ( 1.000000000000000000, 0.9238795325112867385, 1.000000000000000000, 0.9238795325112867385, 1.000000000000000000, 0.9238795325112867385, 1.000000000000000000, 0.9238795325112867385, 1.000000000000000000, 0.9238795325112867385, 1.000000000000000000, 0.9238795325112867385, 1.000000000000000000, 0.9238795325112867385, 1.000000000000000000, 0.9238795325112867385, 1.000000000000000000, 0.9238795325112867385, 1.000000000000000000, 0.9238795325112867385, 1.000000000000000000, 0.9238795325112867385, 1.000000000000000000, 0.9238795325112867385, 1.000000000000000000, 0.9238795325112867385, 1.000000000000000000, 0.9238795325112867385, 1.000000000000000000, 0.9238795325112867385, 1.000000000000000000, 0.9238795325112867385, 1.000000000000000000, 0.9238795325112867385, 1.000000000000000000, 0.9238795325112867385, 1.000000000000000000, 0.9238795325112867385, 1.000000000000000000, 0.9238795325112867385, 1.000000000000000000, 0.9238795325112867385, 1.000000000000000000, 0.9238795325112867385, 1.000000000000000000, 0.9238795325112867385, 1.000000000000000000, 0.9238795325112867385, 1.000000000000000000, 0.9238795325112867385, 1.000000000000000000, 0.9238795325112867385, 1.000000000000000000, 0.9238795325112867385, 1.000000000000000000, 0.9238795325112867385, 1.000000000000000000, 0.9238795325112867385, 1.000000000000000000, 0.9238795325112867385, 1.000000000000000000, 0.9238795325112867385, 1.000000000000000000, 0.9238795325112867385, 1.000000000000000000, 0.9238795325112867385, 1.000000000000000000, 0.9238795325112867385, 1.000000000000000000, 0.9238795325112867385, 1.000000000000000000, 0.9238795325112867385, 1.000000000000000000, 0.9238795325112867385, 1.000000000000000000, 0.9238795325112867385, 1.000000000000000000, 0.9238795325112867385, 1.000000000000000000, 0.9238795325112867385, 1.000000000000000000, 0.9238795325112867385, 1.000000000000000000, 0.9238795325112867385, 1.000000000000000000, 0.9238795325112867385, 1.000000000000000000, 0.9238795325112867385, 1.000000000000000000, 0.9238795325112867385, 1.000000000000000000, 0.9238795325112867385, 1.000000000000000000, 0.9238795325112867385, 1.000000000000000000, 0.9238795325112867385, 1.000000000000000000, 0.9238795325112867385, 1.000000000000000000, 0.9238795325112867385, 1.000000000000000000, 0.9238795325112867385, 1.000000000000000000, 0.9238795325112867385, 1.000000000000000000, 0.9238795325112867385, 1.000000000000000000, 0.9238795325112867385, 1.000000000000000000, 0.9238795325112867385, 1.000000000000000000, 0.9238795325112867385, 1.000000000000000000, 0.9238795325112867385, 1.000000000000000000, 0.9238795325112867385, 1.000000000000000000, 0.9238795325112867385, 1.000000000000000000, 0.9238795325112867385, 1.000000000000000000, 0.9238795325112867385, 1.000000000000000000, 0.9238795325112867385, 1.000000000000000000, 0.9238795325112867385, 1.000000000000000000, 0.9238795325112867385, 1.000000000000000000) ) ) 
 REPRESENTATION_ITEM ( '' )  SURFACE ( )  );
#4398 = CARTESIAN_POINT ( 'NONE',  ( 0.9736010864139287291, -2.350480947161702527, -9.162499999999999645 ) ) ;
#4399 = CARTESIAN_POINT ( 'NONE',  ( -2.878508968398398972E-16, -2.350480947161702527, -0.2249999999999986455 ) ) ;
#4400 = ORIENTED_EDGE ( 'NONE', *, *, #60, .F. ) ;
#4401 = ADVANCED_FACE ( 'NONE', ( #6398 ), #6923, .T. ) ;
#4402 = CARTESIAN_POINT ( 'NONE',  ( -1.662041016787808134, -1.662041016787824121, 7.525000000000001243 ) ) ;
#4403 = CARTESIAN_POINT ( 'NONE',  ( -1.662041016787808134, -1.662041016787821679, -11.47499999999999964 ) ) ;
#4404 = CARTESIAN_POINT ( 'NONE',  ( -0.8695253588932728706, -1.183421894625702464, 12.31724921319468180 ) ) ;
#4405 = CARTESIAN_POINT ( 'NONE',  ( -2.350480947161686984, 0.9736010864139142962, -2.537499999999997868 ) ) ;
#4406 = CARTESIAN_POINT ( 'NONE',  ( 0.000000000000000000, 1.734723475976807094E-15, 2.633590374065734707 ) ) ;
#4407 = DIRECTION ( 'NONE',  ( -0.02078751127481409666, 0.1045058763748859115, -0.9943069954385901354 ) ) ;
#4408 = ORIENTED_EDGE ( 'NONE', *, *, #4125, .F. ) ;
#4409 = CARTESIAN_POINT ( 'NONE',  ( -2.350480947161686984, -1.448143983411566693E-14, -5.599999999999997868 ) ) ;
#4410 = EDGE_CURVE ( 'NONE', #2649, #5623, #3488, .T. ) ;
#4411 = CARTESIAN_POINT ( 'NONE',  ( 0.2186408601196219992, -2.364914623043754549, -12.34999999999999609 ) ) ;
#4412 = CARTESIAN_POINT ( 'NONE',  ( -2.121320343559653931, -2.121320343559669475, -2.974999999999999645 ) ) ;
#4413 = CARTESIAN_POINT ( 'NONE',  ( -1.265060653844739091, 3.054126587736529341, -7.193750000000000533 ) ) ;
#4414 = CARTESIAN_POINT ( 'NONE',  ( -2.121320343559653931, -2.121320343559669030, -6.975000000000000533 ) ) ;
#4415 = ORIENTED_EDGE ( 'NONE', *, *, #2856, .T. ) ;
#4416 = CARTESIAN_POINT ( 'NONE',  ( 2.350480947161686540, 0.9736010864139138521, 2.962500000000001688 ) ) ;
#4417 = AXIS2_PLACEMENT_3D ( 'NONE', #2878, #1201, #5827 ) ;
#4418 = CARTESIAN_POINT ( 'NONE',  ( -1.242640687119289211, -3.000000000000034195, -8.912499999999997868 ) ) ;
#4419 = CARTESIAN_POINT ( 'NONE',  ( -1.662041016787807912, 1.662041016787792813, 0.2750000000000017986 ) ) ;
#4420 = CARTESIAN_POINT ( 'NONE',  ( 1.265060653844741090, 3.054126587736527121, 7.681249999999999467 ) ) ;
#4421 = CARTESIAN_POINT ( 'NONE',  ( 0.3838608518364270972, -2.978593589760878846, 10.76374999999999815 ) ) ;
#4422 = CIRCLE ( 'NONE', #2608, 9.716409625934264938 ) ;
#4423 = DATE_AND_TIME ( #5572, #939 ) ;
#4424 = CARTESIAN_POINT ( 'NONE',  ( -3.673940397442080083E-16, -3.000000000000030198, -10.84999999999999964 ) ) ;
#4425 = CARTESIAN_POINT ( 'NONE',  ( -2.350480947161686984, -1.386911643454198803E-14, -10.59999999999999787 ) ) ;
#4426 = CARTESIAN_POINT ( 'NONE',  ( 0.9736010864139306165, 2.350480947161670109, 8.212500000000000355 ) ) ;
#4427 = ORIENTED_EDGE ( 'NONE', *, *, #855, .F. ) ;
#4428 = DIRECTION ( 'NONE',  ( 0.000000000000000000, -1.000000000000000000, 0.000000000000000000 ) ) ;
#4429 = EDGE_CURVE ( 'NONE', #7176, #6156, #6350, .T. ) ;
#4430 = VECTOR ( 'NONE', #284, 1000.000000000000114 ) ;
#4431 = CARTESIAN_POINT ( 'NONE',  ( 0.4595844361532261946, 3.039212490081772966, 11.48214188166438632 ) ) ;
#4432 = AXIS2_PLACEMENT_3D ( 'NONE', #6508, #5421, #1327 ) ;
#4433 = CARTESIAN_POINT ( 'NONE',  ( -3.054126587736543996, 1.265060653844723992, 0.9312499999999996891 ) ) ;
#4434 = DIRECTION ( 'NONE',  ( -0.000000000000000000, -1.224646799147353207E-16, 1.000000000000000000 ) ) ;
#4435 = CARTESIAN_POINT ( 'NONE',  ( -2.878508968398398972E-16, -2.350480947161701639, -5.224999999999998757 ) ) ;
#4436 = FACE_OUTER_BOUND ( 'NONE', #5994, .T. ) ;
#4437 = ORIENTED_EDGE ( 'NONE', *, *, #2141, .F. ) ;
#4438 = CARTESIAN_POINT ( 'NONE',  ( 0.3826289599682741183, -3.048904827688120989, 10.74995943449261127 ) ) ;
#4439 = VECTOR ( 'NONE', #4474, 1000.000000000000114 ) ;
#4440 = CARTESIAN_POINT ( 'NONE',  ( -0.9736010864139292842, -2.350480947161701639, -8.287499999999997868 ) ) ;
#4441 = CARTESIAN_POINT ( 'NONE',  ( 0.9736010864139287291, -2.350480947161702083, -3.287499999999998312 ) ) ;
#4442 = VERTEX_POINT ( 'NONE', #2380 ) ;
#4443 = CARTESIAN_POINT ( 'NONE',  ( 0.000000000000000000, 2.350480947161670553, 8.150000000000000355 ) ) ;
#4444 = CARTESIAN_POINT ( 'NONE',  ( -1.662041016787807912, 1.662041016787793923, -8.724999999999997868 ) ) ;
#4445 = CARTESIAN_POINT ( 'NONE',  ( 0.000000000000000000, 3.000000000000000888, 1.774999999999999911 ) ) ;
#4446 = EDGE_CURVE ( 'NONE', #3226, #4912, #4091, .T. ) ;
#4447 = CARTESIAN_POINT ( 'NONE',  ( -0.9736010864139292842, -2.350480947161702083, -4.412499999999997868 ) ) ;
#4448 =( BOUNDED_CURVE ( )  B_SPLINE_CURVE ( 2, ( #6623, #4935, #7145, #1441, #1964, #4246, #2574, #1404, #840 ),
 .UNSPECIFIED., .F., .T. ) 
 B_SPLINE_CURVE_WITH_KNOTS ( ( 3, 2, 2, 2, 3 ),
 ( 0.1875000000000000278, 0.2031250000000000278, 0.2187500000000000000, 0.2343750000000000000, 0.2500000000000000000 ),
 .UNSPECIFIED. ) 
 CURVE ( )  GEOMETRIC_REPRESENTATION_ITEM ( )  RATIONAL_B_SPLINE_CURVE ( ( 0.9999999999999998890, 0.9238795325112868495, 1.000000000000000000, 0.9238795325112867385, 1.000000000000000000, 0.9238795325112867385, 1.000000000000000000, 0.9238795325112867385, 1.000000000000000000 ) ) 
 REPRESENTATION_ITEM ( '' )  );
#4449 = CARTESIAN_POINT ( 'NONE',  ( -3.673940397442080083E-16, -3.000000000000031974, 3.149999999999999911 ) ) ;
#4450 = DIRECTION ( 'NONE',  ( -0.1045058763748857728, 0.02078751127481493280, -0.9943069954385902465 ) ) ;
#4451 = EDGE_CURVE ( 'NONE', #6214, #5847, #5991, .T. ) ;
#4452 = B_SPLINE_CURVE_WITH_KNOTS ( 'NONE', 3,
 ( #1711, #548, #476, #2854, #7461, #2896, #6265, #5061, #6335, #5208, #2286, #6224, #1152, #1039, #6187, #3463 ),
 .UNSPECIFIED., .F., .F.,
 ( 4, 3, 3, 3, 3, 4 ),
 ( 0.000000000000000000, 2.927462721033384562E-05, 5.856014464051525142E-05, 8.769709714780538187E-05, 0.0001167907553591531269, 0.0001273437871731921116 ),
 .UNSPECIFIED. ) ;
#4453 = ORIENTED_EDGE ( 'NONE', *, *, #4776, .F. ) ;
#4454 = CARTESIAN_POINT ( 'NONE',  ( 0.000000000000000000, 2.350480947161672329, -5.849999999999998757 ) ) ;
#4455 = CARTESIAN_POINT ( 'NONE',  ( -1.662041016787808134, -1.662041016787821679, -11.34999999999999964 ) ) ;
#4456 = CARTESIAN_POINT ( 'NONE',  ( -0.3834273975857517280, 2.982128540515195159, 10.76374999999999815 ) ) ;
#4457 = CARTESIAN_POINT ( 'NONE',  ( 3.054126587736543996, -1.265060653844755301, -8.568749999999999645 ) ) ;
#4458 = DIRECTION ( 'NONE',  ( -0.000000000000000000, -1.224646799147353207E-16, 1.000000000000000000 ) ) ;
#4459 = VERTEX_POINT ( 'NONE', #17 ) ;
#4460 = CARTESIAN_POINT ( 'NONE',  ( -1.242640687119290765, -3.000000000000031530, -10.91249999999999787 ) ) ;
#4461 = EDGE_CURVE ( 'NONE', #5601, #1735, #4205, .T. ) ;
#4462 = CARTESIAN_POINT ( 'NONE',  ( -3.673940397442080083E-16, -3.000000000000030642, -8.849999999999999645 ) ) ;
#4463 = CARTESIAN_POINT ( 'NONE',  ( 0.9736010864139287291, -2.350480947161703416, 0.7125000000000013545 ) ) ;
#4464 = CARTESIAN_POINT ( 'NONE',  ( 1.265060653844738425, -3.054126587736561316, 7.306249999999998579 ) ) ;
#4465 = CARTESIAN_POINT ( 'NONE',  ( 3.091509112269771098, -0.3439604872179827799, 11.11825110038094699 ) ) ;
#4466 = APPROVAL_ROLE ( '' ) ;
#4467 = CARTESIAN_POINT ( 'NONE',  ( -3.091799824511848094, -0.3441256579233226698, 11.11969348175684935 ) ) ;
#4468 = CARTESIAN_POINT ( 'NONE',  ( -2.878508968398398972E-16, -2.350480947161700751, -12.34999999999999787 ) ) ;
#4469 = ORIENTED_EDGE ( 'NONE', *, *, #5569, .F. ) ;
#4470 = CARTESIAN_POINT ( 'NONE',  ( 2.350480947161686540, 0.9736010864139136300, 5.087500000000002132 ) ) ;
#4471 = B_SPLINE_CURVE_WITH_KNOTS ( 'NONE', 3,
 ( #5364, #746, #7090, #6416, #5966, #5929, #4801 ),
 .UNSPECIFIED., .F., .F.,
 ( 4, 3, 4 ),
 ( 0.000000000000000000, 0.0005233015624940158799, 0.001060489861271224441 ),
 .UNSPECIFIED. ) ;
#4472 = CARTESIAN_POINT ( 'NONE',  ( -1.242640687119289211, -3.000000000000035083, -7.787499999999999645 ) ) ;
#4473 = DIRECTION ( 'NONE',  ( -0.000000000000000000, -1.224646799147353207E-16, 1.000000000000000000 ) ) ;
#4474 = DIRECTION ( 'NONE',  ( 0.07992773943613173948, -0.07992773943613323828, -0.9935910189495773537 ) ) ;
#4475 = CARTESIAN_POINT ( 'NONE',  ( 1.242640687119291210, -3.000000000000033307, 0.2125000000000000500 ) ) ;
#4476 = CARTESIAN_POINT ( 'NONE',  ( -3.054126587736543996, -1.265060653844753524, -5.006249999999999645 ) ) ;
#4477 = EDGE_CURVE ( 'NONE', #3417, #3034, #6422, .T. ) ;
#4478 = CARTESIAN_POINT ( 'NONE',  ( 0.000000000000000000, 2.350480947161671885, -1.724999999999998312 ) ) ;
#4479 = CARTESIAN_POINT ( 'NONE',  ( 3.054126587736543996, -1.629240837549489535E-14, 3.431250000000000355 ) ) ;
#4480 = ORIENTED_EDGE ( 'NONE', *, *, #624, .T. ) ;
#4481 = CARTESIAN_POINT ( 'NONE',  ( -3.673940397442080083E-16, -3.000000000000032419, 6.150000000000001243 ) ) ;
#4482 = CARTESIAN_POINT ( 'NONE',  ( -2.350480947161686984, -1.437428323919027052E-14, -6.474999999999997868 ) ) ;
#4483 = CARTESIAN_POINT ( 'NONE',  ( -1.662041016787807912, 1.662041016787793035, -1.724999999999998312 ) ) ;
#4484 = ORIENTED_EDGE ( 'NONE', *, *, #614, .T. ) ;
#4485 = CARTESIAN_POINT ( 'NONE',  ( 3.054126587736543996, -1.605513305816009758E-14, 1.493749999999999467 ) ) ;
#4486 = CARTESIAN_POINT ( 'NONE',  ( -1.662041016787808134, -1.662041016787821901, -8.474999999999997868 ) ) ;
#4487 = CARTESIAN_POINT ( 'NONE',  ( 0.000000000000000000, 3.000000000000000000, 6.774999999999999467 ) ) ;
#4488 = CARTESIAN_POINT ( 'NONE',  ( 2.350480947161686984, -1.586847013223046836E-14, 1.025000000000001688 ) ) ;
#4489 = CARTESIAN_POINT ( 'NONE',  ( 0.000000000000000000, 3.000000000000001776, -5.225000000000000533 ) ) ;
#4490 = FACE_OUTER_BOUND ( 'NONE', #6968, .T. ) ;
#4491 = ORIENTED_EDGE ( 'NONE', *, *, #614, .F. ) ;
#4492 = CARTESIAN_POINT ( 'NONE',  ( 2.350480947161686540, -0.9736010864139448273, -7.162499999999999645 ) ) ;
#4493 = CARTESIAN_POINT ( 'NONE',  ( -2.350480947161686984, 0.9736010864139155174, -12.53749999999999787 ) ) ;
#4494 = CARTESIAN_POINT ( 'NONE',  ( 2.991755456503479405, 0.3822469489895113925, 10.76374999999999815 ) ) ;
#4495 = CARTESIAN_POINT ( 'NONE',  ( 3.054126587736543996, -1.265060653844755301, -5.568750000000000533 ) ) ;
#4496 = EDGE_CURVE ( 'NONE', #3329, #3719, #2476, .T. ) ;
#4497 = DIRECTION ( 'NONE',  ( -0.3826834323650948333, -0.9238795325112846291, 0.000000000000000000 ) ) ;
#4498 = CARTESIAN_POINT ( 'NONE',  ( 2.350480947161686984, -1.622055608698532876E-14, 3.900000000000001243 ) ) ;
#4499 = CARTESIAN_POINT ( 'NONE',  ( 0.000000000000000000, -3.000000000000003997, 12.34999999999999964 ) ) ;
#4500 = CARTESIAN_POINT ( 'NONE',  ( 1.662041016787807912, -1.662041016787823677, 1.775000000000001465 ) ) ;
#4501 = CARTESIAN_POINT ( 'NONE',  ( -3.000000000000015987, -1.242640687119305865, -10.91249999999999787 ) ) ;
#4502 = CARTESIAN_POINT ( 'NONE',  ( 0.000000000000000000, 2.350480947161671441, 1.150000000000001688 ) ) ;
#4503 = PERSON_AND_ORGANIZATION ( #107, #6845 ) ;
#4504 = CARTESIAN_POINT ( 'NONE',  ( -1.662041016787807912, 1.662041016787791925, 7.275000000000002132 ) ) ;
#4505 = CARTESIAN_POINT ( 'NONE',  ( -0.9736010864139292842, -2.350480947161701639, -8.412499999999997868 ) ) ;
#4506 = EDGE_CURVE ( 'NONE', #368, #4102, #1362, .T. ) ;
#4507 = EDGE_LOOP ( 'NONE', ( #4714, #1522, #2322, #4700 ) ) ;
#4508 = CARTESIAN_POINT ( 'NONE',  ( -2.350480947161686984, 0.9736010864139130749, 7.462500000000002132 ) ) ;
#4509 = CARTESIAN_POINT ( 'NONE',  ( 0.000000000000000000, -5.928000000000000824, 10.23500000000000476 ) ) ;
#4510 = CARTESIAN_POINT ( 'NONE',  ( 0.4214895896941827091, 3.005328598979747579, 11.11969362862539690 ) ) ;
#4511 = CARTESIAN_POINT ( 'NONE',  ( -3.054126587736543996, -1.524585544823025488E-14, 0.9937499999999998002 ) ) ;
#4512 = CARTESIAN_POINT ( 'NONE',  ( 0.000000000000000000, 3.000000000000000888, 0.6500000000000004663 ) ) ;
#4513 = CARTESIAN_POINT ( 'NONE',  ( -1.265060653844739091, 3.054126587736529341, -6.256249999999999645 ) ) ;
#4514 = CARTESIAN_POINT ( 'NONE',  ( 1.662041016787807912, -1.662041016787823233, -2.099999999999998312 ) ) ;
#4515 = CARTESIAN_POINT ( 'NONE',  ( -3.054126587736543996, -1.265060653844755079, 2.993750000000000355 ) ) ;
#4516 =( BOUNDED_SURFACE ( )  B_SPLINE_SURFACE ( 1, 2, ( 
 ( #6666, #5504, #2090, #2581, #4254, #3840, #6147, #4902, #7228, #2050, #4363, #1483, #4828, #2509, #1936, #2776, #3420, #6856, #2281, #5090, #3878, #1109, #3268, #6745, #5622, #4598, #6328, #2699, #2206, #5588, #4520, #1671, #5731, #7381, #543, #2847, #3986, #5165, #428, #6218, #6817, #4441, #7456, #6890, #1631, #394, #471, #996, #6293, #2168, #5125, #506, #7344, #1705, #2811, #5016, #1597, #4023, #7304, #3948, #2734, #5055, #2130, #1562, #6181, #3305, #4483, #6259, #6780, #1072, #3911, #1033, #3345, #3383, #5664, #5698, #7415, #2239, #4559, #1889, #4740, #2995, #2312, #6962, #724, #584, #4207, #5234, #5770, #7027, #2458, #4778, #5267, #1289, #689, #1146, #4630, #6925, #1246, #87, #5839, #2890, #4056, #1847, #7065, #4162, #6367, #2382, #6470, #1739, #5305, #6995, #1180, #1811, #5869, #125, #3598, #5909, #4704, #50, #2420, #3558, #5342, #4093, #19, #3030, #159, #6400, #4127 ),
 ( #3456, #5202, #651, #3490, #5806, #616, #2956, #2925, #2345, #4666, #1778, #1214, #3523, #6433, #5945, #5459, #1328, #272, #4934, #4355, #3144, #1477, #3790, #2611, #6659, #1364, #1963, #2573, #198, #6097, #912, #4893, #2081, #3715, #4245, #7220, #5422, #875, #3752, #3110, #2042, #3673, #804, #7179, #3220, #6545, #2002, #5982, #238, #4280, #4319, #2499, #5542, #351, #6622, #6509, #6023, #2536, #2652, #4856, #3180, #6060, #7144, #4972, #6583, #1402, #1440, #7260, #839, #5497, #307, #3635, #764, #3067, #5382, #4818, #7106, #1926, #3869, #1555, #4548, #3411, #6285, #2122, #1661, #6209, #386, #2768, #5116, #5579, #2801, #3334, #3978, #2691, #3937, #6738, #3832, #5151, #498, #6249, #5007, #2727, #1100, #6139, #7445, #988, #1514, #7405, #5723, #534, #1024, #6846, #1064, #4391, #7297, #4433, #4511, #5654, #1589, #952, #6174, #2231, #2836, #6698, #3297, #462, #3261, #5613, #3375 ) ),
 .UNSPECIFIED., .F., .F., .F. ) 
 B_SPLINE_SURFACE_WITH_KNOTS ( ( 2, 2 ),
 ( 3, 2, 2, 2, 2, 2, 2, 2, 2, 2, 2, 2, 2, 2, 2, 2, 2, 2, 2, 2, 2, 2, 2, 2, 2, 2, 2, 2, 2, 2, 2, 2, 2, 2, 2, 2, 2, 2, 2, 2, 2, 2, 2, 2, 2, 2, 2, 2, 2, 2, 2, 2, 2, 2, 2, 2, 2, 2, 2, 2, 2, 2, 2, 2, 3 ),
 ( 0.000000000000000000, 1.000000000000000000 ),
 ( 0.000000000000000000, 0.01562500000000000000, 0.03125000000000000000, 0.04687500000000000000, 0.06250000000000000000, 0.07812500000000000000, 0.09375000000000000000, 0.1093750000000000000, 0.1250000000000000000, 0.1406250000000000000, 0.1562500000000000000, 0.1718750000000000000, 0.1875000000000000000, 0.2031250000000000000, 0.2187500000000000000, 0.2343750000000000000, 0.2500000000000000000, 0.2656250000000000000, 0.2812500000000000000, 0.2968750000000000000, 0.3125000000000000000, 0.3281250000000000000, 0.3437500000000000000, 0.3593750000000000000, 0.3750000000000000000, 0.3906250000000000000, 0.4062500000000000000, 0.4218750000000000000, 0.4375000000000000000, 0.4531250000000000000, 0.4687500000000000000, 0.4843750000000000000, 0.5000000000000000000, 0.5156250000000000000, 0.5312500000000000000, 0.5468750000000000000, 0.5625000000000000000, 0.5781250000000000000, 0.5937500000000000000, 0.6093750000000000000, 0.6250000000000000000, 0.6406250000000000000, 0.6562500000000000000, 0.6718750000000000000, 0.6875000000000000000, 0.7031250000000000000, 0.7187500000000000000, 0.7343750000000000000, 0.7500000000000000000, 0.7656250000000000000, 0.7812500000000000000, 0.7968750000000000000, 0.8125000000000000000, 0.8281250000000000000, 0.8437500000000000000, 0.8593750000000000000, 0.8750000000000000000, 0.8906250000000000000, 0.9062500000000000000, 0.9218750000000000000, 0.9375000000000000000, 0.9531250000000000000, 0.9687500000000000000, 0.9843750000000000000, 1.000000000000000000 ),
 .UNSPECIFIED. ) 
 GEOMETRIC_REPRESENTATION_ITEM ( )  RATIONAL_B_SPLINE_SURFACE ( (
 ( 1.000000000000000000, 0.9238795325112867385, 1.000000000000000000, 0.9238795325112867385, 1.000000000000000000, 0.9238795325112867385, 1.000000000000000000, 0.9238795325112867385, 1.000000000000000000, 0.9238795325112867385, 1.000000000000000000, 0.9238795325112867385, 1.000000000000000000, 0.9238795325112867385, 1.000000000000000000, 0.9238795325112867385, 1.000000000000000000, 0.9238795325112867385, 1.000000000000000000, 0.9238795325112867385, 1.000000000000000000, 0.9238795325112867385, 1.000000000000000000, 0.9238795325112867385, 1.000000000000000000, 0.9238795325112867385, 1.000000000000000000, 0.9238795325112867385, 1.000000000000000000, 0.9238795325112867385, 1.000000000000000000, 0.9238795325112867385, 1.000000000000000000, 0.9238795325112867385, 1.000000000000000000, 0.9238795325112867385, 1.000000000000000000, 0.9238795325112867385, 1.000000000000000000, 0.9238795325112867385, 1.000000000000000000, 0.9238795325112867385, 1.000000000000000000, 0.9238795325112867385, 1.000000000000000000, 0.9238795325112867385, 1.000000000000000000, 0.9238795325112867385, 1.000000000000000000, 0.9238795325112867385, 1.000000000000000000, 0.9238795325112867385, 1.000000000000000000, 0.9238795325112867385, 1.000000000000000000, 0.9238795325112867385, 1.000000000000000000, 0.9238795325112867385, 1.000000000000000000, 0.9238795325112867385, 1.000000000000000000, 0.9238795325112867385, 1.000000000000000000, 0.9238795325112867385, 1.000000000000000000, 0.9238795325112867385, 1.000000000000000000, 0.9238795325112867385, 1.000000000000000000, 0.9238795325112867385, 1.000000000000000000, 0.9238795325112867385, 1.000000000000000000, 0.9238795325112867385, 1.000000000000000000, 0.9238795325112867385, 1.000000000000000000, 0.9238795325112867385, 1.000000000000000000, 0.9238795325112867385, 1.000000000000000000, 0.9238795325112867385, 1.000000000000000000, 0.9238795325112867385, 1.000000000000000000, 0.9238795325112867385, 1.000000000000000000, 0.9238795325112867385, 1.000000000000000000, 0.9238795325112867385, 1.000000000000000000, 0.9238795325112867385, 1.000000000000000000, 0.9238795325112867385, 1.000000000000000000, 0.9238795325112867385, 1.000000000000000000, 0.9238795325112867385, 1.000000000000000000, 0.9238795325112867385, 1.000000000000000000, 0.9238795325112867385, 1.000000000000000000, 0.9238795325112867385, 1.000000000000000000, 0.9238795325112867385, 1.000000000000000000, 0.9238795325112867385, 1.000000000000000000, 0.9238795325112867385, 1.000000000000000000, 0.9238795325112867385, 1.000000000000000000, 0.9238795325112867385, 1.000000000000000000, 0.9238795325112867385, 1.000000000000000000, 0.9238795325112867385, 1.000000000000000000, 0.9238795325112867385, 1.000000000000000000, 0.9238795325112867385, 1.000000000000000000, 0.9238795325112867385, 1.000000000000000000, 0.9238795325112867385, 1.000000000000000000, 0.9238795325112867385, 1.000000000000000000),
 ( 1.000000000000000000, 0.9238795325112867385, 1.000000000000000000, 0.9238795325112867385, 1.000000000000000000, 0.9238795325112867385, 1.000000000000000000, 0.9238795325112867385, 1.000000000000000000, 0.9238795325112867385, 1.000000000000000000, 0.9238795325112867385, 1.000000000000000000, 0.9238795325112867385, 1.000000000000000000, 0.9238795325112867385, 1.000000000000000000, 0.9238795325112867385, 1.000000000000000000, 0.9238795325112867385, 1.000000000000000000, 0.9238795325112867385, 1.000000000000000000, 0.9238795325112867385, 1.000000000000000000, 0.9238795325112867385, 1.000000000000000000, 0.9238795325112867385, 1.000000000000000000, 0.9238795325112867385, 1.000000000000000000, 0.9238795325112867385, 1.000000000000000000, 0.9238795325112867385, 1.000000000000000000, 0.9238795325112867385, 1.000000000000000000, 0.9238795325112867385, 1.000000000000000000, 0.9238795325112867385, 1.000000000000000000, 0.9238795325112867385, 1.000000000000000000, 0.9238795325112867385, 1.000000000000000000, 0.9238795325112867385, 1.000000000000000000, 0.9238795325112867385, 1.000000000000000000, 0.9238795325112867385, 1.000000000000000000, 0.9238795325112867385, 1.000000000000000000, 0.9238795325112867385, 1.000000000000000000, 0.9238795325112867385, 1.000000000000000000, 0.9238795325112867385, 1.000000000000000000, 0.9238795325112867385, 1.000000000000000000, 0.9238795325112867385, 1.000000000000000000, 0.9238795325112867385, 1.000000000000000000, 0.9238795325112867385, 1.000000000000000000, 0.9238795325112867385, 1.000000000000000000, 0.9238795325112867385, 1.000000000000000000, 0.9238795325112867385, 1.000000000000000000, 0.9238795325112867385, 1.000000000000000000, 0.9238795325112867385, 1.000000000000000000, 0.9238795325112867385, 1.000000000000000000, 0.9238795325112867385, 1.000000000000000000, 0.9238795325112867385, 1.000000000000000000, 0.9238795325112867385, 1.000000000000000000, 0.9238795325112867385, 1.000000000000000000, 0.9238795325112867385, 1.000000000000000000, 0.9238795325112867385, 1.000000000000000000, 0.9238795325112867385, 1.000000000000000000, 0.9238795325112867385, 1.000000000000000000, 0.9238795325112867385, 1.000000000000000000, 0.9238795325112867385, 1.000000000000000000, 0.9238795325112867385, 1.000000000000000000, 0.9238795325112867385, 1.000000000000000000, 0.9238795325112867385, 1.000000000000000000, 0.9238795325112867385, 1.000000000000000000, 0.9238795325112867385, 1.000000000000000000, 0.9238795325112867385, 1.000000000000000000, 0.9238795325112867385, 1.000000000000000000, 0.9238795325112867385, 1.000000000000000000, 0.9238795325112867385, 1.000000000000000000, 0.9238795325112867385, 1.000000000000000000, 0.9238795325112867385, 1.000000000000000000, 0.9238795325112867385, 1.000000000000000000, 0.9238795325112867385, 1.000000000000000000, 0.9238795325112867385, 1.000000000000000000, 0.9238795325112867385, 1.000000000000000000) ) ) 
 REPRESENTATION_ITEM ( '' )  SURFACE ( )  );
#4517 = ORIENTED_EDGE ( 'NONE', *, *, #2062, .T. ) ;
#4518 = CARTESIAN_POINT ( 'NONE',  ( 0.000000000000000000, -3.000000000000003997, 12.34999999999999964 ) ) ;
#4519 = DIRECTION ( 'NONE',  ( 1.000000000000000000, 6.165490492839600316E-16, -0.000000000000000000 ) ) ;
#4520 = CARTESIAN_POINT ( 'NONE',  ( 1.662041016787808356, 1.662041016787792813, -3.974999999999998312 ) ) ;
#4521 = ORIENTED_EDGE ( 'NONE', *, *, #1953, .T. ) ;
#4522 = CARTESIAN_POINT ( 'NONE',  ( 2.350480947161686540, 0.9736010864139154064, -9.037499999999999645 ) ) ;
#4523 = CARTESIAN_POINT ( 'NONE',  ( -1.265060653844739091, 3.054126587736529341, -5.256249999999999645 ) ) ;
#4524 = CARTESIAN_POINT ( 'NONE',  ( -1.662041016787807912, 1.662041016787793257, -4.724999999999997868 ) ) ;
#4525 = CARTESIAN_POINT ( 'NONE',  ( 3.000000000000015543, -1.242640687119308529, -9.662500000000001421 ) ) ;
#4526 = CARTESIAN_POINT ( 'NONE',  ( -2.350480947161686984, 0.9736010864139137411, 1.462500000000001465 ) ) ;
#4527 = EDGE_CURVE ( 'NONE', #6497, #3371, #7193, .T. ) ;
#4528 = VERTEX_POINT ( 'NONE', #1844 ) ;
#4529 = CARTESIAN_POINT ( 'NONE',  ( 0.000000000000000000, -2.044870920353165796E-15, 12.34999999999999964 ) ) ;
#4530 = CARTESIAN_POINT ( 'NONE',  ( -0.9736010864139292842, -2.350480947161701639, -10.28749999999999787 ) ) ;
#4531 = CARTESIAN_POINT ( 'NONE',  ( 3.057062562351390955, 0.3154423533987636974, 10.76374999999999815 ) ) ;
#4532 = CARTESIAN_POINT ( 'NONE',  ( 3.054126587736543996, 1.265060653844725103, -5.443750000000000533 ) ) ;
#4533 = CARTESIAN_POINT ( 'NONE',  ( 0.9228527345937966864, 1.036642802245216766, 12.25158244037724131 ) ) ;
#4534 = CARTESIAN_POINT ( 'NONE',  ( 1.662041016787807912, -1.662041016787823899, 3.775000000000001243 ) ) ;
#4535 = CARTESIAN_POINT ( 'NONE',  ( 2.350480947161686540, -0.9736010864139453824, -3.037499999999998312 ) ) ;
#4536 = CARTESIAN_POINT ( 'NONE',  ( 2.350480947161686984, -1.573069736732638817E-14, -0.09999999999999853451 ) ) ;
#4537 = DIRECTION ( 'NONE',  ( 0.1045284632676537068, 0.000000000000000000, 0.9945218953682734009 ) ) ;
#4538 = CARTESIAN_POINT ( 'NONE',  ( -0.7184349058610355332, -2.237992843824711198, 5.725889215912940422 ) ) ;
#4539 = CALENDAR_DATE ( 2026, 8, 1 ) ;
#4540 = CARTESIAN_POINT ( 'NONE',  ( 0.000000000000000000, 2.350480947161670997, 6.150000000000002132 ) ) ;
#4541 = CARTESIAN_POINT ( 'NONE',  ( 2.350480947161686540, 0.9736010864139150733, -7.037499999999999645 ) ) ;
#4542 = EDGE_LOOP ( 'NONE', ( #5069, #2510, #1272, #5695, #275, #6664, #7093, #4480 ) ) ;
#4543 = CC_DESIGN_PERSON_AND_ORGANIZATION_ASSIGNMENT ( #5075, #3404, ( #4570 ) ) ;
#4544 = CARTESIAN_POINT ( 'NONE',  ( 2.350480947161686540, -0.9736010864139463816, 4.962500000000002132 ) ) ;
#4545 = CARTESIAN_POINT ( 'NONE',  ( -1.242640687119298981, 2.999999999999996003, -8.162499999999997868 ) ) ;
#4546 = ADVANCED_FACE ( 'NONE', ( #1736 ), #5340, .T. ) ;
#4547 = CARTESIAN_POINT ( 'NONE',  ( 0.4586699414514328055, 3.115381256518266806, 11.47344104577778978 ) ) ;
#4548 = CARTESIAN_POINT ( 'NONE',  ( 0.000000000000000000, 3.054126587736528897, -1.256250000000000533 ) ) ;
#4549 = CARTESIAN_POINT ( 'NONE',  ( 3.673940397442061840E-16, 2.999999999999999556, 12.34999999999999964 ) ) ;
#4550 = CARTESIAN_POINT ( 'NONE',  ( 3.054126587736543996, -1.531269093617701416E-14, -4.568749999999999645 ) ) ;
#4551 = CARTESIAN_POINT ( 'NONE',  ( -2.878508968398398972E-16, -2.350480947161702083, -2.224999999999998312 ) ) ;
#4552 = CARTESIAN_POINT ( 'NONE',  ( -3.740226349862386965E-16, -3.054126587736559983, 2.181249999999999467 ) ) ;
#4553 = EDGE_LOOP ( 'NONE', ( #3491, #872, #4297, #3134 ) ) ;
#4554 = DIRECTION ( 'NONE',  ( -0.000000000000000000, -1.224646799147353207E-16, 1.000000000000000000 ) ) ;
#4555 = AXIS2_PLACEMENT_3D ( 'NONE', #7391, #5785, #4036 ) ;
#4556 = CARTESIAN_POINT ( 'NONE',  ( 1.662041016787808356, 1.662041016787793035, -4.849999999999998757 ) ) ;
#4557 = AXIS2_PLACEMENT_3D ( 'NONE', #49, #4161, #86 ) ;
#4558 = EDGE_CURVE ( 'NONE', #6814, #3641, #3443, .T. ) ;
#4559 = CARTESIAN_POINT ( 'NONE',  ( 1.662041016787808356, 1.662041016787792369, -0.9749999999999984235 ) ) ;
#4560 = EDGE_LOOP ( 'NONE', ( #3451, #589, #1474, #3750 ) ) ;
#4561 = VECTOR ( 'NONE', #398, 1000.000000000000000 ) ;
#4562 =( BOUNDED_CURVE ( )  B_SPLINE_CURVE ( 2, ( #632, #6873, #68, #5854, #1686, #522, #2363, #4686, #4003, #667, #2, #1127, #2296, #6906, #4040, #6344, #3474, #5787, #599, #4339, #5362, #1947, #7204, #6007, #824, #859, #745, #5480, #5405, #2591, #4913, #5324, #3130, #2521, #1268, #3580, #3013, #3163, #2556, #6565, #5442, #2440, #257, #7128, #4760, #4265, #4875, #7163, #4298, #1423, #4839, #179, #1985, #1384, #290, #4229, #143, #3734, #2023, #6529, #223, #3694, #3089, #5964, #7046, #5890, #6606, #6043, #1870, #707, #3049, #7089, #784, #4187, #6493, #1311, #3616, #5928, #2478, #4800, #1910, #1347, #3655, #4492, #3277, #1606, #3921, #2747, #6791, #1494, #2101, #5597, #330, #6227, #1043, #5026, #2214, #3849, #4372, #5065, #5559, #369, #3198, #6191, #4454, #439, #3808, #5632, #4409, #7352, #3358, #4952, #1571, #1006, #2784, #6157, #480, #403, #7315, #6117, #2708 ),
 .UNSPECIFIED., .F., .F. ) 
 B_SPLINE_CURVE_WITH_KNOTS ( ( 3, 2, 2, 2, 2, 2, 2, 2, 2, 2, 2, 2, 2, 2, 2, 2, 2, 2, 2, 2, 2, 2, 2, 2, 2, 2, 2, 2, 2, 2, 2, 2, 2, 2, 2, 2, 2, 2, 2, 2, 2, 2, 2, 2, 2, 2, 2, 2, 2, 2, 2, 2, 2, 2, 2, 2, 2, 2, 2, 2, 3 ),
 ( 0.06250000000000012490, 0.07812500000000012490, 0.09375000000000012490, 0.1093750000000001110, 0.1250000000000001110, 0.1406250000000001110, 0.1562500000000001110, 0.1718750000000001110, 0.1875000000000001110, 0.2031250000000001110, 0.2187500000000001110, 0.2343750000000001110, 0.2500000000000001110, 0.2656250000000001110, 0.2812500000000001110, 0.2968750000000001110, 0.3125000000000001110, 0.3281250000000000555, 0.3437500000000000555, 0.3593750000000000555, 0.3750000000000000555, 0.3906250000000000555, 0.4062500000000000555, 0.4218750000000000555, 0.4375000000000000555, 0.4531250000000000555, 0.4687500000000000555, 0.4843750000000000555, 0.5000000000000001110, 0.5156250000000001110, 0.5312500000000001110, 0.5468750000000001110, 0.5625000000000001110, 0.5781250000000000000, 0.5937500000000000000, 0.6093750000000000000, 0.6250000000000000000, 0.6406250000000000000, 0.6562500000000000000, 0.6718750000000000000, 0.6875000000000000000, 0.7031250000000000000, 0.7187500000000000000, 0.7343750000000000000, 0.7500000000000000000, 0.7656250000000000000, 0.7812500000000000000, 0.7968750000000000000, 0.8125000000000000000, 0.8281250000000000000, 0.8437500000000000000, 0.8593750000000000000, 0.8750000000000000000, 0.8906250000000000000, 0.9062500000000000000, 0.9218750000000000000, 0.9375000000000000000, 0.9531250000000000000, 0.9687500000000000000, 0.9843750000000000000, 1.000000000000000000 ),
 .UNSPECIFIED. ) 
 CURVE ( )  GEOMETRIC_REPRESENTATION_ITEM ( )  RATIONAL_B_SPLINE_CURVE ( ( 0.9999999999999994449, 0.9238795325112872936, 1.000000000000000000, 0.9238795325112867385, 1.000000000000000000, 0.9238795325112867385, 1.000000000000000000, 0.9238795325112867385, 1.000000000000000000, 0.9238795325112867385, 1.000000000000000000, 0.9238795325112867385, 1.000000000000000000, 0.9238795325112867385, 1.000000000000000000, 0.9238795325112867385, 1.000000000000000000, 0.9238795325112867385, 1.000000000000000000, 0.9238795325112867385, 1.000000000000000000, 0.9238795325112867385, 1.000000000000000000, 0.9238795325112867385, 1.000000000000000000, 0.9238795325112867385, 1.000000000000000000, 0.9238795325112867385, 1.000000000000000000, 0.9238795325112867385, 1.000000000000000000, 0.9238795325112867385, 1.000000000000000000, 0.9238795325112867385, 1.000000000000000000, 0.9238795325112867385, 1.000000000000000000, 0.9238795325112867385, 1.000000000000000000, 0.9238795325112867385, 1.000000000000000000, 0.9238795325112867385, 1.000000000000000000, 0.9238795325112867385, 1.000000000000000000, 0.9238795325112867385, 1.000000000000000000, 0.9238795325112867385, 1.000000000000000000, 0.9238795325112867385, 1.000000000000000000, 0.9238795325112867385, 1.000000000000000000, 0.9238795325112867385, 1.000000000000000000, 0.9238795325112867385, 1.000000000000000000, 0.9238795325112867385, 1.000000000000000000, 0.9238795325112867385, 1.000000000000000000, 0.9238795325112867385, 1.000000000000000000, 0.9238795325112867385, 1.000000000000000000, 0.9238795325112867385, 1.000000000000000000, 0.9238795325112867385, 1.000000000000000000, 0.9238795325112867385, 1.000000000000000000, 0.9238795325112867385, 1.000000000000000000, 0.9238795325112867385, 1.000000000000000000, 0.9238795325112867385, 1.000000000000000000, 0.9238795325112867385, 1.000000000000000000, 0.9238795325112867385, 1.000000000000000000, 0.9238795325112867385, 1.000000000000000000, 0.9238795325112867385, 1.000000000000000000, 0.9238795325112867385, 1.000000000000000000, 0.9238795325112867385, 1.000000000000000000, 0.9238795325112867385, 1.000000000000000000, 0.9238795325112867385, 1.000000000000000000, 0.9238795325112867385, 1.000000000000000000, 0.9238795325112867385, 1.000000000000000000, 0.9238795325112867385, 1.000000000000000000, 0.9238795325112867385, 1.000000000000000000, 0.9238795325112867385, 1.000000000000000000, 0.9238795325112867385, 1.000000000000000000, 0.9238795325112867385, 1.000000000000000000, 0.9238795325112867385, 1.000000000000000000, 0.9238795325112867385, 1.000000000000000000, 0.9238795325112867385, 1.000000000000000000, 0.9238795325112867385, 1.000000000000000000, 0.9238795325112867385, 1.000000000000000000, 0.9238795325112867385, 1.000000000000000000, 0.9238795325112867385, 1.000000000000000000 ) ) 
 REPRESENTATION_ITEM ( '' )  );
#4563 = CARTESIAN_POINT ( 'NONE',  ( -0.9736010864139290621, 2.350480947161673217, -8.787499999999999645 ) ) ;
#4564 = LOCAL_TIME ( 3, 38, 27.00000000000000000, #1057 ) ;
#4565 = CARTESIAN_POINT ( 'NONE',  ( -0.4945301565105298947, 3.091699671808942007, 11.83171823620718399 ) ) ;
#4566 = CARTESIAN_POINT ( 'NONE',  ( -1.662041016787808134, -1.662041016787822345, -5.474999999999997868 ) ) ;
#4567 = VECTOR ( 'NONE', #7047, 1000.000000000000000 ) ;
#4568 = CARTESIAN_POINT ( 'NONE',  ( 3.000000000000016431, -1.468659762249295398E-14, -9.600000000000001421 ) ) ;
#4569 = CARTESIAN_POINT ( 'NONE',  ( -1.242640687119269227, -3.000000000000053735, -8.787499999999996092 ) ) ;
#4570 = SECURITY_CLASSIFICATION ( '', '', #3862 ) ;
#4571 = ORIENTED_EDGE ( 'NONE', *, *, #4776, .T. ) ;
#4572 = CARTESIAN_POINT ( 'NONE',  ( -1.882146196337985744, -2.207862658047005766, 7.222571087521334476 ) ) ;
#4573 = DIRECTION ( 'NONE',  ( 0.000000000000000000, 0.000000000000000000, 1.000000000000000000 ) ) ;
#4574 = EDGE_CURVE ( 'NONE', #5941, #6930, #21, .T. ) ;
#4575 = CARTESIAN_POINT ( 'NONE',  ( -0.3714158708765127881, 2.677252294493764229, -12.02851027966848640 ) ) ;
#4576 = CARTESIAN_POINT ( 'NONE',  ( -0.9736010864139292842, -2.350480947161703416, 5.587500000000001243 ) ) ;
#4577 = CARTESIAN_POINT ( 'NONE',  ( 2.350480947161686540, 0.9736010864139145182, -2.912499999999998312 ) ) ;
#4578 = B_SPLINE_CURVE_WITH_KNOTS ( 'NONE', 3,
 ( #717, #5334, #1205, #1280, #1172, #5258, #4733 ),
 .UNSPECIFIED., .F., .F.,
 ( 4, 3, 4 ),
 ( 0.000000000000000000, 0.0005370492038494424809, 0.001085021815054307715 ),
 .UNSPECIFIED. ) ;
#4579 = CARTESIAN_POINT ( 'NONE',  ( 0.4964777381573037829, 3.078870477417029239, 11.83590978048453657 ) ) ;
#4580 = CARTESIAN_POINT ( 'NONE',  ( 0.3439604872179705120, 3.091509112269772874, 11.11825110038094699 ) ) ;
#4581 = CARTESIAN_POINT ( 'NONE',  ( -3.000000000000015987, -1.242640687119308529, 6.962500000000001243 ) ) ;
#4582 = DATE_AND_TIME ( #2759, #1292 ) ;
#4583 = CARTESIAN_POINT ( 'NONE',  ( 2.350480947161686540, 0.9736010864139136300, 4.962500000000002132 ) ) ;
#4584 = CARTESIAN_POINT ( 'NONE',  ( 0.000000000000000000, 2.350480947161672773, -7.849999999999999645 ) ) ;
#4585 = ORIENTED_EDGE ( 'NONE', *, *, #5103, .F. ) ;
#4586 = CARTESIAN_POINT ( 'NONE',  ( 0.000000000000000000, 3.000000000000000888, 0.7749999999999999112 ) ) ;
#4587 = DIRECTION ( 'NONE',  ( -0.000000000000000000, -0.000000000000000000, -1.000000000000000000 ) ) ;
#4588 = CARTESIAN_POINT ( 'NONE',  ( 3.000000000000016431, -1.543669378697070992E-14, -3.475000000000000533 ) ) ;
#4589 = CARTESIAN_POINT ( 'NONE',  ( 3.000000000000016431, -1.529892102206663288E-14, -4.599999999999999645 ) ) ;
#4590 = DIRECTION ( 'NONE',  ( 0.02078751127481344788, -0.1045058763748858005, -0.9943069954385901354 ) ) ;
#4591 = CARTESIAN_POINT ( 'NONE',  ( -2.159593620790641655, -2.159593620790656310, -5.943749999999999645 ) ) ;
#4592 = CARTESIAN_POINT ( 'NONE',  ( 0.9736010864139287291, -2.350480947161702527, -0.1624999999999985900 ) ) ;
#4593 = CARTESIAN_POINT ( 'NONE',  ( -3.054126587736543996, -1.265060653844754412, 1.993749999999999911 ) ) ;
#4594 = ORIENTED_EDGE ( 'NONE', *, *, #4854, .F. ) ;
#4595 = CARTESIAN_POINT ( 'NONE',  ( 0.4222095120784949418, -3.158792416831662564, 11.84463617491952725 ) ) ;
#4596 = CARTESIAN_POINT ( 'NONE',  ( -1.662041016787807912, 1.662041016787793701, -6.599999999999997868 ) ) ;
#4597 = CARTESIAN_POINT ( 'NONE',  ( -3.000000000000016431, -1.413550656287664266E-14, -8.099999999999999645 ) ) ;
#4598 = CARTESIAN_POINT ( 'NONE',  ( 0.9736010864139287291, -2.350480947161702083, -4.287499999999997868 ) ) ;
#4599 = ORIENTED_EDGE ( 'NONE', *, *, #4087, .T. ) ;
#4600 = CARTESIAN_POINT ( 'NONE',  ( 2.350480947161686540, -0.9736010864139448273, -7.162499999999999645 ) ) ;
#4601 = CARTESIAN_POINT ( 'NONE',  ( -1.922160659580463671, -0.5436799907859377612, 12.14276737506911630 ) ) ;
#4602 = CARTESIAN_POINT ( 'NONE',  ( -2.878508968398398972E-16, -2.350480947161702527, 1.775000000000001465 ) ) ;
#4603 = EDGE_CURVE ( 'NONE', #7282, #334, #5794, .T. ) ;
#4604 = VERTEX_POINT ( 'NONE', #6543 ) ;
#4605 = DIRECTION ( 'NONE',  ( -0.3805870524817627776, 0.9188184237650803832, 0.1045284632676538455 ) ) ;
#4606 = CARTESIAN_POINT ( 'NONE',  ( 3.155949487122293284, -0.4188713088899705950, 11.81363098836964909 ) ) ;
#4607 =( BOUNDED_CURVE ( )  B_SPLINE_CURVE ( 2, ( #354, #6701, #3072, #5386, #1406, #203, #6550, #4823, #1930 ),
 .UNSPECIFIED., .F., .T. ) 
 B_SPLINE_CURVE_WITH_KNOTS ( ( 3, 2, 2, 2, 3 ),
 ( 0.5000000000000002220, 0.5156250000000002220, 0.5312500000000002220, 0.5468750000000001110, 0.5625000000000001110 ),
 .UNSPECIFIED. ) 
 CURVE ( )  GEOMETRIC_REPRESENTATION_ITEM ( )  RATIONAL_B_SPLINE_CURVE ( ( 0.9999999999999988898, 0.9238795325112878487, 1.000000000000000000, 0.9238795325112867385, 1.000000000000000000, 0.9238795325112867385, 1.000000000000000000, 0.9238795325112861834, 1.000000000000000444 ) ) 
 REPRESENTATION_ITEM ( '' )  );
#4608 = VERTEX_POINT ( 'NONE', #5495 ) ;
#4609 = CARTESIAN_POINT ( 'NONE',  ( -1.426612141115746191, -2.536872334611798951, 7.248111017235038034 ) ) ;
#4610 = CARTESIAN_POINT ( 'NONE',  ( -0.3831821998184052891, -3.125570367958556250, 11.48214195384787573 ) ) ;
#4611 = DIRECTION ( 'NONE',  ( 6.131715290813908848E-16, -0.9945218953682732899, -0.1045284632676539427 ) ) ;
#4612 = LINE ( 'NONE', #5136, #5394 ) ;
#4613 = FACE_OUTER_BOUND ( 'NONE', #4553, .T. ) ;
#4614 = DIRECTION ( 'NONE',  ( -1.000000000000000000, 0.000000000000000000, 0.000000000000000000 ) ) ;
#4615 = CARTESIAN_POINT ( 'NONE',  ( -1.242640687119285881, -3.000000000000037303, -10.78750000000000142 ) ) ;
#4616 = CARTESIAN_POINT ( 'NONE',  ( -2.350480947161686984, -0.9736010864139447163, 3.462500000000000799 ) ) ;
#4617 = CARTESIAN_POINT ( 'NONE',  ( 0.000000000000000000, 2.350480947161670997, 5.150000000000002132 ) ) ;
#4618 = CARTESIAN_POINT ( 'NONE',  ( 2.350480947161686540, -0.9736010864139447163, -8.162499999999999645 ) ) ;
#4619 = ORIENTED_EDGE ( 'NONE', *, *, #4527, .T. ) ;
#4620 = DIRECTION ( 'NONE',  ( 0.000000000000000000, 1.224646799147352961E-16, -1.000000000000000000 ) ) ;
#4621 = DIRECTION ( 'NONE',  ( -1.000000000000000000, 0.000000000000000000, -0.000000000000000000 ) ) ;
#4622 = CARTESIAN_POINT ( 'NONE',  ( -1.805265463325881115, 1.959245727482698207, 6.571431953828221317 ) ) ;
#4623 = CARTESIAN_POINT ( 'NONE',  ( 2.484301734833498809, 1.692734894928540568, 7.492146291441390993 ) ) ;
#4624 = CARTESIAN_POINT ( 'NONE',  ( -2.350480947161686984, -1.412935387936080180E-14, -8.474999999999997868 ) ) ;
#4625 = CARTESIAN_POINT ( 'NONE',  ( 2.350480947161686540, -0.9736010864139458265, -1.037499999999998535 ) ) ;
#4626 = CARTESIAN_POINT ( 'NONE',  ( 1.265060653844741090, 3.054126587736527121, 7.618750000000001243 ) ) ;
#4627 = VERTEX_POINT ( 'NONE', #5379 ) ;
#4628 = CARTESIAN_POINT ( 'NONE',  ( -3.000000000000015987, 1.242640687119278331, -10.16250000000000142 ) ) ;
#4629 = CARTESIAN_POINT ( 'NONE',  ( 0.4213380958116605957, 3.005041006285192662, 11.11825226061449534 ) ) ;
#4630 = CARTESIAN_POINT ( 'NONE',  ( 0.000000000000000000, 2.350480947161671441, 0.1500000000000016875 ) ) ;
#4631 = CARTESIAN_POINT ( 'NONE',  ( -3.000000000000016431, -1.438043592270611296E-14, -6.099999999999999645 ) ) ;
#4632 = CARTESIAN_POINT ( 'NONE',  ( -2.350480947161686984, 0.9736010864139145182, -5.662499999999997868 ) ) ;
#4633 = CARTESIAN_POINT ( 'NONE',  ( -3.054126587736543996, -1.462587800616190346E-14, -4.068749999999999645 ) ) ;
#4634 = CARTESIAN_POINT ( 'NONE',  ( 0.9736010864139306165, 2.350480947161670997, 0.08750000000000164591 ) ) ;
#4635 = VERTEX_POINT ( 'NONE', #3177 ) ;
#4636 = FACE_OUTER_BOUND ( 'NONE', #135, .T. ) ;
#4637 = CARTESIAN_POINT ( 'NONE',  ( 3.000000000000016431, -1.506929974722650448E-14, -6.474999999999999645 ) ) ;
#4638 = EDGE_CURVE ( 'NONE', #528, #647, #4351, .T. ) ;
#4639 = EDGE_LOOP ( 'NONE', ( #1422, #2992, #3724, #2922 ) ) ;
#4640 = DIRECTION ( 'NONE',  ( -0.000000000000000000, -1.224646799147353207E-16, 1.000000000000000000 ) ) ;
#4641 = B_SPLINE_CURVE_WITH_KNOTS ( 'NONE', 3,
 ( #4950, #3847, #6113, #7312, #401, #6076, #7199 ),
 .UNSPECIFIED., .F., .F.,
 ( 4, 3, 4 ),
 ( 0.000000000000000000, 0.0005233015624940157715, 0.001060489861271224441 ),
 .UNSPECIFIED. ) ;
#4642 = CARTESIAN_POINT ( 'NONE',  ( -1.662041016787807912, 1.662041016787793701, -7.599999999999997868 ) ) ;
#4643 = CARTESIAN_POINT ( 'NONE',  ( -2.121320343559653931, -2.121320343559669030, -4.974999999999999645 ) ) ;
#4644 = FACE_OUTER_BOUND ( 'NONE', #6627, .T. ) ;
#4645 = VECTOR ( 'NONE', #1329, 1000.000000000000000 ) ;
#4646 = LINE ( 'NONE', #4038, #2005 ) ;
#4647 =( BOUNDED_CURVE ( )  B_SPLINE_CURVE ( 2, ( #2892, #3600, #2423, #5344, #6997, #162, #4742, #5204, #691 ),
 .UNSPECIFIED., .F., .T. ) 
 B_SPLINE_CURVE_WITH_KNOTS ( ( 3, 2, 2, 2, 3 ),
 ( 0.7500000000000002220, 0.7656250000000002220, 0.7812500000000002220, 0.7968750000000001110, 0.8125000000000001110 ),
 .UNSPECIFIED. ) 
 CURVE ( )  GEOMETRIC_REPRESENTATION_ITEM ( )  RATIONAL_B_SPLINE_CURVE ( ( 0.9999999999999988898, 0.9238795325112878487, 1.000000000000000000, 0.9238795325112867385, 1.000000000000000000, 0.9238795325112867385, 1.000000000000000000, 0.9238795325112861834, 1.000000000000000444 ) ) 
 REPRESENTATION_ITEM ( '' )  );
#4648 = EDGE_CURVE ( 'NONE', #3301, #4774, #1749, .T. ) ;
#4649 = DIRECTION ( 'NONE',  ( -0.000000000000000000, -1.224646799147353207E-16, 1.000000000000000000 ) ) ;
#4650 = CARTESIAN_POINT ( 'NONE',  ( 3.000000000000015987, 1.242640687119278997, -10.41250000000000142 ) ) ;
#4651 = CARTESIAN_POINT ( 'NONE',  ( 2.350480947161686540, -0.9736010864139461596, 2.837500000000000799 ) ) ;
#4652 = CARTESIAN_POINT ( 'NONE',  ( 2.350480947161686540, 0.9736010864139131860, 6.962500000000001243 ) ) ;
#4653 = CARTESIAN_POINT ( 'NONE',  ( 2.350480947161686540, -0.9736010864139448273, -7.162499999999999645 ) ) ;
#4654 = ORIENTED_EDGE ( 'NONE', *, *, #2569, .F. ) ;
#4655 = CARTESIAN_POINT ( 'NONE',  ( 3.673940397442061840E-16, 2.999999999999999556, 12.34999999999999964 ) ) ;
#4656 = DIRECTION ( 'NONE',  ( 0.000000000000000000, -0.1045284632676539566, 0.9945218953682734009 ) ) ;
#4657 = CARTESIAN_POINT ( 'NONE',  ( 0.000000000000000000, 3.000000000000001776, -4.349999999999999645 ) ) ;
#4658 = CARTESIAN_POINT ( 'NONE',  ( -3.078870477417028795, 0.4964777381573340365, 11.83590978048453479 ) ) ;
#4659 = CARTESIAN_POINT ( 'NONE',  ( 1.662041016787807912, -1.662041016787822345, -9.099999999999997868 ) ) ;
#4660 = CARTESIAN_POINT ( 'NONE',  ( 1.662041016787807912, -1.662041016787823455, -1.099999999999998535 ) ) ;
#4661 = CARTESIAN_POINT ( 'NONE',  ( -1.265060653844739091, 3.054126587736527565, 7.743750000000001243 ) ) ;
#4662 = EDGE_LOOP ( 'NONE', ( #7190, #4517, #2468, #4019 ) ) ;
#4663 = CARTESIAN_POINT ( 'NONE',  ( 1.892739746863325578, -0.3989839930302205850, 10.76374999999999815 ) ) ;
#4664 = CIRCLE ( 'NONE', #5264, 3.073278406809817120 ) ;
#4665 = DIRECTION ( 'NONE',  ( -0.000000000000000000, -1.224646799147353207E-16, 1.000000000000000000 ) ) ;
#4666 = CARTESIAN_POINT ( 'NONE',  ( 1.265060653844738425, -3.054126587736560428, -5.693750000000001421 ) ) ;
#4667 = CARTESIAN_POINT ( 'NONE',  ( -0.8042301465352742484, 0.9143889869718648811, 10.76374999999999815 ) ) ;
#4668 = CARTESIAN_POINT ( 'NONE',  ( -1.662041016787808134, -1.662041016787822345, -5.474999999999997868 ) ) ;
#4669 = VECTOR ( 'NONE', #586, 1000.000000000000000 ) ;
#4670 = CARTESIAN_POINT ( 'NONE',  ( 3.054126587736543996, -1.555762029600648446E-14, -2.568749999999999645 ) ) ;
#4671 = CARTESIAN_POINT ( 'NONE',  ( -1.662041016787808134, -1.662041016787822789, -2.474999999999998312 ) ) ;
#4672 = EDGE_LOOP ( 'NONE', ( #5792, #6594, #3162, #7368 ) ) ;
#4673 = CARTESIAN_POINT ( 'NONE',  ( -2.121320343559653931, 2.121320343559638388, 5.900000000000000355 ) ) ;
#4674 = CARTESIAN_POINT ( 'NONE',  ( 0.9736010864139306165, 2.350480947161670997, 2.212500000000001688 ) ) ;
#4675 = CIRCLE ( 'NONE', #5877, 1.292500000000001981 ) ;
#4676 = ORIENTED_EDGE ( 'NONE', *, *, #3057, .T. ) ;
#4677 = VECTOR ( 'NONE', #900, 1000.000000000000000 ) ;
#4678 = CARTESIAN_POINT ( 'NONE',  ( -2.472181152431591311, -1.489459216617865955, 7.181100151853758717 ) ) ;
#4679 = CARTESIAN_POINT ( 'NONE',  ( -2.350480947161686984, -0.9736010864139430510, -9.412499999999999645 ) ) ;
#4680 = CARTESIAN_POINT ( 'NONE',  ( 3.000000000000015543, -1.242640687119309195, 1.462499999999999911 ) ) ;
#4681 = CARTESIAN_POINT ( 'NONE',  ( -2.350480947161686984, -1.461921259901974082E-14, -4.474999999999997868 ) ) ;
#4682 = DIRECTION ( 'NONE',  ( -0.000000000000000000, -1.224646799147353207E-16, 1.000000000000000000 ) ) ;
#4683 = ADVANCED_FACE ( 'NONE', ( #349 ), #2571, .T. ) ;
#4684 = VECTOR ( 'NONE', #2907, 999.9999999999998863 ) ;
#4685 = CARTESIAN_POINT ( 'NONE',  ( -2.159593620790641655, -2.159593620790657642, 5.118749999999999467 ) ) ;
#4686 = CARTESIAN_POINT ( 'NONE',  ( 0.9736010864139306165, 2.350480947161673217, -11.91249999999999964 ) ) ;
#4687 = CARTESIAN_POINT ( 'NONE',  ( 3.155949487122293284, -0.4188713088899705950, 11.81363098836964909 ) ) ;
#4688 = CARTESIAN_POINT ( 'NONE',  ( 0.000000000000000000, 1.734723475976807094E-15, 2.633590374065734707 ) ) ;
#4689 = CARTESIAN_POINT ( 'NONE',  ( 3.054126587736543996, -1.446309221926853750E-14, -11.50625000000000142 ) ) ;
#4690 = ORIENTED_EDGE ( 'NONE', *, *, #6071, .F. ) ;
#4691 = ADVANCED_FACE ( 'NONE', ( #3671 ), #4316, .T. ) ;
#4692 = CARTESIAN_POINT ( 'NONE',  ( 3.000000000000016431, -1.554385038189610318E-14, -2.600000000000000089 ) ) ;
#4693 = CARTESIAN_POINT ( 'NONE',  ( 1.242640687119293874, 3.000000000000000888, -3.287500000000000533 ) ) ;
#4694 = CARTESIAN_POINT ( 'NONE',  ( 3.000000000000015543, -1.242640687119308751, -4.662500000000000533 ) ) ;
#4695 = CARTESIAN_POINT ( 'NONE',  ( -2.878508968398398972E-16, -2.350480947161703416, 7.775000000000002132 ) ) ;
#4696 = LINE ( 'NONE', #5194, #2099 ) ;
#4697 = CARTESIAN_POINT ( 'NONE',  ( 0.000000000000000000, 2.350480947161672773, -7.724999999999998757 ) ) ;
#4698 = CARTESIAN_POINT ( 'NONE',  ( -0.9736010864139292842, -2.350480947161702083, 1.712500000000002576 ) ) ;
#4699 = CARTESIAN_POINT ( 'NONE',  ( -2.159593620790641655, 2.159593620790625668, 6.806250000000000355 ) ) ;
#4700 = ORIENTED_EDGE ( 'NONE', *, *, #6021, .T. ) ;
#4701 = DIRECTION ( 'NONE',  ( -0.000000000000000000, -1.224646799147353207E-16, 1.000000000000000000 ) ) ;
#4702 = DIRECTION ( 'NONE',  ( 0.000000000000000000, -1.000000000000000000, 0.000000000000000000 ) ) ;
#4703 = ADVANCED_FACE ( 'NONE', ( #5538 ), #7438, .F. ) ;
#4704 = CARTESIAN_POINT ( 'NONE',  ( -1.662041016787808134, -1.662041016787823233, 1.525000000000002132 ) ) ;
#4705 = VERTEX_POINT ( 'NONE', #800 ) ;
#4706 = CARTESIAN_POINT ( 'NONE',  ( 0.9736010864139306165, 2.350480947161671885, -5.912499999999997868 ) ) ;
#4707 = CARTESIAN_POINT ( 'NONE',  ( 3.054126587736543996, -1.531269093617701416E-14, -4.568749999999999645 ) ) ;
#4708 = CARTESIAN_POINT ( 'NONE',  ( -2.350480947161686984, 0.9736010864139142962, -2.662499999999998312 ) ) ;
#4709 = EDGE_LOOP ( 'NONE', ( #5857, #5031, #3265, #4269 ) ) ;
#4710 = CARTESIAN_POINT ( 'NONE',  ( 2.121320343559654820, 2.121320343559638832, -1.474999999999999645 ) ) ;
#4711 = CARTESIAN_POINT ( 'NONE',  ( 0.9736010864139306165, 2.350480947161670553, 5.212500000000002132 ) ) ;
#4712 = CARTESIAN_POINT ( 'NONE',  ( -2.350480947161686984, -1.582855131317775040E-14, 5.400000000000002132 ) ) ;
#4713 = CARTESIAN_POINT ( 'NONE',  ( -2.878508968398398972E-16, -2.350480947161702083, -1.224999999999997868 ) ) ;
#4714 = ORIENTED_EDGE ( 'NONE', *, *, #2527, .F. ) ;
#4715 = CARTESIAN_POINT ( 'NONE',  ( 3.054126587736543996, 1.265060653844725547, -9.506250000000003197 ) ) ;
#4716 = CARTESIAN_POINT ( 'NONE',  ( -2.878508968398398972E-16, -2.350480947161701639, -6.224999999999997868 ) ) ;
#4717 = CARTESIAN_POINT ( 'NONE',  ( -1.431553063514199975, -1.870548604958521821, -12.34999999999998899 ) ) ;
#4718 = DIRECTION ( 'NONE',  ( 0.000000000000000000, -1.000000000000000000, 0.000000000000000000 ) ) ;
#4719 = CARTESIAN_POINT ( 'NONE',  ( -2.758593700568354290, 0.6132094002215024986, -11.90514131798700959 ) ) ;
#4720 = CARTESIAN_POINT ( 'NONE',  ( -3.000000000000016431, -1.427327932778072286E-14, -6.975000000000000533 ) ) ;
#4721 = CARTESIAN_POINT ( 'NONE',  ( 3.054126587736543996, -1.654499177781903502E-14, 5.493749999999999467 ) ) ;
#4722 = DIRECTION ( 'NONE',  ( 0.000000000000000000, -1.000000000000000000, 0.000000000000000000 ) ) ;
#4723 = CARTESIAN_POINT ( 'NONE',  ( 1.036642802245214989, -0.9228527345938017934, 12.25158244037723954 ) ) ;
#4724 = CARTESIAN_POINT ( 'NONE',  ( -2.121320343559653931, -2.121320343559669919, 1.150000000000000133 ) ) ;
#4725 = CARTESIAN_POINT ( 'NONE',  ( -3.740226349862386965E-16, -3.054126587736558207, -11.75625000000000142 ) ) ;
#4726 = EDGE_LOOP ( 'NONE', ( #4329, #2282, #6983, #121 ) ) ;
#4727 = CARTESIAN_POINT ( 'NONE',  ( -0.9143889869718576646, -0.8042301465352850176, 10.76374999999999815 ) ) ;
#4728 = CC_DESIGN_PERSON_AND_ORGANIZATION_ASSIGNMENT ( #5645, #6240, ( #4208 ) ) ;
#4729 = CARTESIAN_POINT ( 'NONE',  ( -3.673940397442080083E-16, -3.000000000000031974, 0.1499999999999999944 ) ) ;
#4730 = CARTESIAN_POINT ( 'NONE',  ( -2.628090745505394565, -0.7954286116419748698, 6.796311551284528463 ) ) ;
#4731 = EDGE_CURVE ( 'NONE', #7016, #2266, #2846, .T. ) ;
#4732 = CARTESIAN_POINT ( 'NONE',  ( 0.000000000000000000, 2.350480947161670553, 9.275000000000002132 ) ) ;
#4733 = CARTESIAN_POINT ( 'NONE',  ( -0.4970064592693679284, 3.071965366029788758, 11.83818864820600503 ) ) ;
#4734 = CARTESIAN_POINT ( 'NONE',  ( 0.9736010864139306165, 2.350480947161672329, -8.787499999999999645 ) ) ;
#4735 = CARTESIAN_POINT ( 'NONE',  ( -2.878508968398398972E-16, -2.350480947161702083, -1.224999999999997868 ) ) ;
#4736 = CARTESIAN_POINT ( 'NONE',  ( 1.265060653844738425, -3.054126587736561316, 8.243750000000000355 ) ) ;
#4737 = ORIENTED_EDGE ( 'NONE', *, *, #3339, .T. ) ;
#4738 = CARTESIAN_POINT ( 'NONE',  ( 1.074489722339891484, -2.090510109890911128, 5.725889215912934205 ) ) ;
#4739 = CARTESIAN_POINT ( 'NONE',  ( 0.4970064592694000138, 3.071965366029782096, 11.83818864820600325 ) ) ;
#4740 = CARTESIAN_POINT ( 'NONE',  ( 0.000000000000000000, 2.350480947161671885, -0.8499999999999983125 ) ) ;
#4741 = EDGE_CURVE ( 'NONE', #5941, #6825, #5514, .T. ) ;
#4742 = CARTESIAN_POINT ( 'NONE',  ( 2.121320343559653931, -2.121320343559670363, 2.399999999999999911 ) ) ;
#4743 = CARTESIAN_POINT ( 'NONE',  ( 3.054126587736543996, -1.543515561609174931E-14, -3.568750000000000089 ) ) ;
#4744 = CARTESIAN_POINT ( 'NONE',  ( 1.662041016787807912, -1.662041016787823455, -1.224999999999998757 ) ) ;
#4745 = VERTEX_POINT ( 'NONE', #6842 ) ;
#4746 = CARTESIAN_POINT ( 'NONE',  ( -3.005041125390445877, -0.4213382285472889732, 11.11825352350962604 ) ) ;
#4747 = CARTESIAN_POINT ( 'NONE',  ( -1.662041016787808134, -1.662041016787823455, 2.650000000000001243 ) ) ;
#4748 = CARTESIAN_POINT ( 'NONE',  ( -1.662041016787807912, 1.662041016787794145, -11.59999999999999964 ) ) ;
#4749 = CARTESIAN_POINT ( 'NONE',  ( 0.000000000000000000, 2.350480947161671885, -0.7249999999999982014 ) ) ;
#4750 = ORIENTED_EDGE ( 'NONE', *, *, #3637, .F. ) ;
#4751 = CARTESIAN_POINT ( 'NONE',  ( 3.054126587736543996, 1.265060653844725769, -10.50625000000000142 ) ) ;
#4752 = CARTESIAN_POINT ( 'NONE',  ( -0.9736010864139292842, -2.350480947161702083, -7.287499999999999645 ) ) ;
#4753 = CARTESIAN_POINT ( 'NONE',  ( 2.121320343559654820, 2.121320343559638832, -0.4749999999999997002 ) ) ;
#4754 = CARTESIAN_POINT ( 'NONE',  ( -0.8632880660056281297, 1.177184601738074710, 12.23971270034656911 ) ) ;
#4755 = CARTESIAN_POINT ( 'NONE',  ( -2.547062245257082136, -1.382243872355994441, -11.83303131173941836 ) ) ;
#4756 = CARTESIAN_POINT ( 'NONE',  ( 2.350480947161686984, -1.684818757154834955E-14, 9.025000000000002132 ) ) ;
#4757 = ADVANCED_FACE ( 'NONE', ( #3373 ), #3867, .T. ) ;
#4758 =( BOUNDED_CURVE ( )  B_SPLINE_CURVE ( 2, ( #2107, #3926, #2714, #3363, #2219, #5566, #7358, #6796, #3398, #6761, #5710, #6197, #3322, #4416, #1012, #1540, #7246, #5070, #5638, #447, #3814, #2754, #485, #6124, #2789, #2184, #4534, #375, #4498, #6163, #4378, #520, #5104, #1611, #941, #3283, #6831, #6683, #4958, #977, #2067, #5602, #7393, #3966, #409, #5032, #7323, #2149, #4253, #6554, #6871, #1819, #4712, #2429, #6517, #4576, #4827, #4216, #734 ),
 .UNSPECIFIED., .F., .F. ) 
 B_SPLINE_CURVE_WITH_KNOTS ( ( 3, 2, 2, 2, 2, 2, 2, 2, 2, 2, 2, 2, 2, 2, 2, 2, 2, 2, 2, 2, 2, 2, 2, 2, 2, 2, 2, 2, 2, 3 ),
 ( 0.1250000000000000000, 0.1406250000000000000, 0.1562500000000000000, 0.1718750000000000000, 0.1875000000000000000, 0.2031250000000000000, 0.2187500000000000000, 0.2343750000000000000, 0.2500000000000000000, 0.2656250000000000000, 0.2812500000000000000, 0.2968750000000000000, 0.3125000000000000000, 0.3281250000000000000, 0.3437500000000000000, 0.3593750000000000000, 0.3750000000000000000, 0.3906250000000000000, 0.4062500000000000000, 0.4218750000000000000, 0.4375000000000000000, 0.4531250000000000000, 0.4687500000000000000, 0.4843750000000000000, 0.4999999999999999445, 0.5156250000000000000, 0.5312500000000000000, 0.5468750000000000000, 0.5625000000000000000, 0.5719251666275768642 ),
 .UNSPECIFIED. ) 
 CURVE ( )  GEOMETRIC_REPRESENTATION_ITEM ( )  RATIONAL_B_SPLINE_CURVE ( ( 1.000000000000000000, 0.9238795325112867385, 1.000000000000000000, 0.9238795325112867385, 1.000000000000000000, 0.9238795325112867385, 1.000000000000000000, 0.9238795325112867385, 1.000000000000000000, 0.9238795325112867385, 1.000000000000000000, 0.9238795325112867385, 1.000000000000000000, 0.9238795325112867385, 1.000000000000000000, 0.9238795325112867385, 1.000000000000000000, 0.9238795325112867385, 1.000000000000000000, 0.9238795325112867385, 1.000000000000000000, 0.9238795325112867385, 1.000000000000000000, 0.9238795325112867385, 1.000000000000000000, 0.9238795325112867385, 1.000000000000000000, 0.9238795325112867385, 1.000000000000000000, 0.9238795325112867385, 1.000000000000000000, 0.9238795325112867385, 1.000000000000000000, 0.9238795325112867385, 1.000000000000000000, 0.9238795325112867385, 1.000000000000000000, 0.9238795325112867385, 1.000000000000000000, 0.9238795325112867385, 1.000000000000000000, 0.9238795325112867385, 1.000000000000000000, 0.9238795325112867385, 1.000000000000000000, 0.9238795325112867385, 1.000000000000000000, 0.9238795325112867385, 1.000000000000000000, 0.9238795325112867385, 1.000000000000000000, 0.9238795325112867385, 1.000000000000000000, 0.9238795325112867385, 1.000000000000000000, 0.9238795325112867385, 1.000000000000000000, 0.9540833222495896937, 0.9635615038633218443 ) ) 
 REPRESENTATION_ITEM ( '' )  );
#4759 = CARTESIAN_POINT ( 'NONE',  ( 0.000000000000000000, 3.054126587736528009, 4.743749999999999467 ) ) ;
#4760 = CARTESIAN_POINT ( 'NONE',  ( -2.350480947161686984, -1.399158111445672318E-14, -9.599999999999997868 ) ) ;
#4761 = VECTOR ( 'NONE', #1545, 1000.000000000000000 ) ;
#4762 = CARTESIAN_POINT ( 'NONE',  ( 3.000000000000015987, 1.242640687119278997, -11.41249999999999964 ) ) ;
#4763 = CARTESIAN_POINT ( 'NONE',  ( 0.000000000000000000, -1.517883041479706208E-15, 9.468415858748846503 ) ) ;
#4764 = CARTESIAN_POINT ( 'NONE',  ( -2.159593620790641655, 2.159593620790627444, -10.13125000000000142 ) ) ;
#4765 = ORIENTED_EDGE ( 'NONE', *, *, #4361, .T. ) ;
#4766 = CARTESIAN_POINT ( 'NONE',  ( 2.121320343559654820, 2.121320343559638832, -2.474999999999999645 ) ) ;
#4767 = DIRECTION ( 'NONE',  ( 0.000000000000000000, -0.9945218953682734009, 0.1045284632676529157 ) ) ;
#4768 = CARTESIAN_POINT ( 'NONE',  ( -2.878508968398398972E-16, -2.350480947161701639, -4.349999999999997868 ) ) ;
#4769 = CARTESIAN_POINT ( 'NONE',  ( 2.350480947161686540, -0.9736010864139460486, 1.837500000000001021 ) ) ;
#4770 = CARTESIAN_POINT ( 'NONE',  ( 2.900446916634130901, 0.6765880829987008793, 7.415985145370021847 ) ) ;
#4771 = CARTESIAN_POINT ( 'NONE',  ( 2.350480947161686540, -0.9736010864139446053, -9.037499999999999645 ) ) ;
#4772 = CARTESIAN_POINT ( 'NONE',  ( -3.158792416848462903, 0.4222095120982835570, 11.84463617510293076 ) ) ;
#4773 = CARTESIAN_POINT ( 'NONE',  ( 3.054126587736543996, 1.265060653844723770, 7.493750000000001243 ) ) ;
#4774 = VERTEX_POINT ( 'NONE', #4509 ) ;
#4775 = DIRECTION ( 'NONE',  ( 3.572751616271196524E-15, 0.9945218953682734009, 0.1045284632676538317 ) ) ;
#4776 = EDGE_CURVE ( 'NONE', #2353, #1763, #6247, .T. ) ;
#4777 = CARTESIAN_POINT ( 'NONE',  ( -3.673940397442080083E-16, -3.000000000000031974, 1.150000000000000799 ) ) ;
#4778 = CARTESIAN_POINT ( 'NONE',  ( 2.350480947161686540, -0.9736010864139459375, -0.1624999999999985900 ) ) ;
#4779 = CARTESIAN_POINT ( 'NONE',  ( -1.892739746863325134, -0.3989839930302134796, 10.76374999999999815 ) ) ;
#4780 = CARTESIAN_POINT ( 'NONE',  ( -0.9736010864139292842, -2.350480947161701639, -10.41249999999999787 ) ) ;
#4781 = CARTESIAN_POINT ( 'NONE',  ( 3.054126587736543996, 1.265060653844724881, -4.506250000000000533 ) ) ;
#4782 = CARTESIAN_POINT ( 'NONE',  ( 2.350480947161686540, 0.9736010864139142962, -0.03749999999999848593 ) ) ;
#4783 = VERTEX_POINT ( 'NONE', #418 ) ;
#4784 = CARTESIAN_POINT ( 'NONE',  ( -2.350480947161686984, -1.559893003833762200E-14, 3.525000000000002132 ) ) ;
#4785 = CONICAL_SURFACE ( 'NONE', #189, 3.050799999999997070, 0.3490658503988666728 ) ;
#4786 = EDGE_CURVE ( 'NONE', #6334, #4132, #6736, .T. ) ;
#4787 = CARTESIAN_POINT ( 'NONE',  ( -0.9736010864139222898, -2.350480947161700751, -12.28749999999999609 ) ) ;
#4788 = CARTESIAN_POINT ( 'NONE',  ( -2.350480947161686984, 0.9736010864139140741, -1.537499999999998090 ) ) ;
#4789 = ORIENTED_EDGE ( 'NONE', *, *, #5536, .T. ) ;
#4790 = CARTESIAN_POINT ( 'NONE',  ( 0.000000000000000000, 3.054126587736529785, -7.318749999999999645 ) ) ;
#4791 = CARTESIAN_POINT ( 'NONE',  ( 0.000000000000000000, 2.350480947161670997, 5.150000000000002132 ) ) ;
#4792 = CARTESIAN_POINT ( 'NONE',  ( 1.662041016787808356, 1.662041016787793257, -7.849999999999999645 ) ) ;
#4793 = CARTESIAN_POINT ( 'NONE',  ( -1.176266761067571887, -2.040757889602971442, -12.34999999999999076 ) ) ;
#4794 = CARTESIAN_POINT ( 'NONE',  ( -2.350480947161686984, -0.9736010864139434950, -5.412499999999996980 ) ) ;
#4795 = CARTESIAN_POINT ( 'NONE',  ( -2.252580299965820210, -1.853796014915831902, -11.81360315004952710 ) ) ;
#4796 = CARTESIAN_POINT ( 'NONE',  ( 0.000000000000000000, 3.000000000000002220, -9.225000000000001421 ) ) ;
#4797 = AXIS2_PLACEMENT_3D ( 'NONE', #5652, #461, #3374 ) ;
#4798 = CARTESIAN_POINT ( 'NONE',  ( 3.054126587736543996, -1.265060653844756411, 2.431249999999999911 ) ) ;
#4799 = ADVANCED_FACE ( 'NONE', ( #2834 ), #6771, .T. ) ;
#4800 = CARTESIAN_POINT ( 'NONE',  ( -0.9736010864139292842, -2.350480947161702527, -7.412499999999998757 ) ) ;
#4801 = CARTESIAN_POINT ( 'NONE',  ( 0.3057325481516207089, -3.058033318125265243, 10.76374999999999815 ) ) ;
#4802 = VECTOR ( 'NONE', #6298, 1000.000000000000114 ) ;
#4803 = CARTESIAN_POINT ( 'NONE',  ( -0.9736010864139290621, 2.350480947161670553, 8.212500000000000355 ) ) ;
#4804 = CARTESIAN_POINT ( 'NONE',  ( -1.265060653844739536, -3.054126587736558207, -10.81875000000000142 ) ) ;
#4805 = ORIENTED_EDGE ( 'NONE', *, *, #1252, .F. ) ;
#4806 = AXIS2_PLACEMENT_3D ( 'NONE', #6303, #3499, #2355 ) ;
#4807 = DIRECTION ( 'NONE',  ( -1.138215486709825995E-16, -1.000000000000000000, 0.000000000000000000 ) ) ;
#4808 = DIRECTION ( 'NONE',  ( 0.000000000000000000, -1.000000000000000000, 0.000000000000000000 ) ) ;
#4809 = CARTESIAN_POINT ( 'NONE',  ( -0.9736010864139290621, 2.350480947161671885, -2.787499999999997868 ) ) ;
#4810 = CARTESIAN_POINT ( 'NONE',  ( -0.9736010864139290621, 2.350480947161671441, 2.212500000000001688 ) ) ;
#4811 = CARTESIAN_POINT ( 'NONE',  ( 2.777946456610707937, -0.9556538926960674862, 7.304276306562664800 ) ) ;
#4812 = CARTESIAN_POINT ( 'NONE',  ( -2.350480947161686984, -1.449674791910500567E-14, -5.474999999999997868 ) ) ;
#4813 = CARTESIAN_POINT ( 'NONE',  ( -2.970850935971612206, 0.3834009397240134565, 10.75730433123960772 ) ) ;
#4814 = CARTESIAN_POINT ( 'NONE',  ( 1.662041016787807912, -1.662041016787823899, 2.900000000000001688 ) ) ;
#4815 = ORIENTED_EDGE ( 'NONE', *, *, #4574, .T. ) ;
#4816 = CARTESIAN_POINT ( 'NONE',  ( 3.158792416848465123, -0.4222095120982642946, 11.84463617510292899 ) ) ;
#4817 = CARTESIAN_POINT ( 'NONE',  ( -3.000000000000015987, -1.242640687119308085, 4.087499999999999467 ) ) ;
#4818 = CARTESIAN_POINT ( 'NONE',  ( 3.054126587736543996, -1.265060653844755967, -1.568750000000000755 ) ) ;
#4819 = CARTESIAN_POINT ( 'NONE',  ( 3.054192331804054028, -0.3257410691792737567, 10.76374999999999815 ) ) ;
#4820 = EDGE_CURVE ( 'NONE', #3392, #7176, #4664, .T. ) ;
#4821 = CARTESIAN_POINT ( 'NONE',  ( 0.9736010864139306165, 2.350480947161672329, -10.91249999999999964 ) ) ;
#4822 = CARTESIAN_POINT ( 'NONE',  ( -3.740226349862386965E-16, -3.054126587736559983, 2.181249999999999911 ) ) ;
#4823 = CARTESIAN_POINT ( 'NONE',  ( 1.242640687119284548, -3.000000000000039968, 4.337500000000000355 ) ) ;
#4824 = EDGE_LOOP ( 'NONE', ( #5302, #2590, #5347, #289, #4024 ) ) ;
#4825 = CARTESIAN_POINT ( 'NONE',  ( 0.9736010864139287291, -2.350480947161703416, 2.837500000000001688 ) ) ;
#4826 = CARTESIAN_POINT ( 'NONE',  ( 0.9736010864139287291, -2.350480947161703416, 4.837500000000001243 ) ) ;
#4827 = CARTESIAN_POINT ( 'NONE',  ( -2.878508968398398972E-16, -2.350480947161702971, 5.650000000000001243 ) ) ;
#4828 = CARTESIAN_POINT ( 'NONE',  ( 2.350480947161686984, -1.511837396775271558E-14, -5.099999999999998757 ) ) ;
#4829 = ORIENTED_EDGE ( 'NONE', *, *, #2278, .F. ) ;
#4830 = CARTESIAN_POINT ( 'NONE',  ( -3.054126587736543996, 1.265060653844725103, -10.13125000000000142 ) ) ;
#4831 = EDGE_CURVE ( 'NONE', #1951, #4951, #3293, .T. ) ;
#4832 = CARTESIAN_POINT ( 'NONE',  ( 2.350480947161686540, -0.9736010864139464926, 5.837500000000000355 ) ) ;
#4833 = CARTESIAN_POINT ( 'NONE',  ( 0.000000000000000000, 2.350480947161672773, -10.84999999999999787 ) ) ;
#4834 = CARTESIAN_POINT ( 'NONE',  ( 2.704879848097480721, -0.1184351858146418107, 6.690598345876140662 ) ) ;
#4835 = CARTESIAN_POINT ( 'NONE',  ( 0.000000000000000000, 2.350480947161671885, -3.724999999999998312 ) ) ;
#4836 = DIRECTION ( 'NONE',  ( -4.188538737677001009E-17, -0.3420201433256696011, 0.9396926207859082059 ) ) ;
#4837 = DIRECTION ( 'NONE',  ( 1.000000000000000000, -1.224646799147353207E-16, -1.499759782661857608E-32 ) ) ;
#4838 = CARTESIAN_POINT ( 'NONE',  ( -1.265060653844739091, 3.054126587736528009, 5.806250000000000355 ) ) ;
#4839 = CARTESIAN_POINT ( 'NONE',  ( 1.662041016787807912, -1.662041016787822345, -9.224999999999999645 ) ) ;
#4840 = CARTESIAN_POINT ( 'NONE',  ( 1.854224711822912042, 1.834282781858521227, -12.12181403097014609 ) ) ;
#4841 = CARTESIAN_POINT ( 'NONE',  ( -2.878508968398398972E-16, -2.350480947161703416, 8.650000000000002132 ) ) ;
#4842 = CARTESIAN_POINT ( 'NONE',  ( 1.265060653844738425, -3.054126587736559539, -10.69374999999999964 ) ) ;
#4843 = EDGE_LOOP ( 'NONE', ( #2686, #4150, #390, #4053 ) ) ;
#4844 = CARTESIAN_POINT ( 'NONE',  ( 3.582545006821692742E-15, -1.571416937540668701E-15, 12.34999999999999964 ) ) ;
#4845 = CARTESIAN_POINT ( 'NONE',  ( 1.851216920838277380, -0.5744240720839545178, 12.15470632317383348 ) ) ;
#4846 =( BOUNDED_CURVE ( )  B_SPLINE_CURVE ( 3, ( #5598, #4915, #3696, #2063 ),
 .UNSPECIFIED., .F., .F. ) 
 B_SPLINE_CURVE_WITH_KNOTS ( ( 4, 4 ),
 ( 2.946332657651819176, 3.336852649527769277 ),
 .UNSPECIFIED. ) 
 CURVE ( )  GEOMETRIC_REPRESENTATION_ITEM ( )  RATIONAL_B_SPLINE_CURVE ( ( 1.000000000000000000, 0.9873315052531760339, 0.9873315052531760339, 1.000000000000000000 ) ) 
 REPRESENTATION_ITEM ( '' )  );
#4847 = CARTESIAN_POINT ( 'NONE',  ( 1.662041016787808356, 1.662041016787792591, -1.974999999999998535 ) ) ;
#4848 = CARTESIAN_POINT ( 'NONE',  ( -1.662041016787808134, -1.662041016787823455, 2.525000000000001243 ) ) ;
#4849 = LINE ( 'NONE', #7137, #3792 ) ;
#4850 = CARTESIAN_POINT ( 'NONE',  ( 2.350480947161686984, -1.513368205274205432E-14, -4.974999999999998757 ) ) ;
#4851 = CARTESIAN_POINT ( 'NONE',  ( -2.350480947161686984, 0.9736010864139135190, 3.462500000000001688 ) ) ;
#4852 = ORIENTED_EDGE ( 'NONE', *, *, #1004, .F. ) ;
#4853 = CARTESIAN_POINT ( 'NONE',  ( -3.118843115716659842, -0.4815894377106181845, 11.82323739410218266 ) ) ;
#4854 = EDGE_CURVE ( 'NONE', #4459, #5367, #3453, .T. ) ;
#4855 = LINE ( 'NONE', #237, #569 ) ;
#4856 = CARTESIAN_POINT ( 'NONE',  ( 3.054126587736543996, -1.265060653844755745, -2.568750000000000533 ) ) ;
#4857 = DIRECTION ( 'NONE',  ( -0.000000000000000000, -1.224646799147353207E-16, 1.000000000000000000 ) ) ;
#4858 = CARTESIAN_POINT ( 'NONE',  ( 3.054126587736543996, -1.604747901566542821E-14, 1.431250000000000133 ) ) ;
#4859 = FACE_OUTER_BOUND ( 'NONE', #5418, .T. ) ;
#4860 = EDGE_LOOP ( 'NONE', ( #6753, #6891, #1388, #5316 ) ) ;
#4861 = CARTESIAN_POINT ( 'NONE',  ( -2.350480947161686984, 0.9736010864139136300, 2.462500000000001688 ) ) ;
#4862 = CARTESIAN_POINT ( 'NONE',  ( -0.9736010864139292842, -2.350480947161703416, 6.712500000000002132 ) ) ;
#4863 = CARTESIAN_POINT ( 'NONE',  ( 2.350480947161686540, -0.9736010864139447163, -8.037499999999999645 ) ) ;
#4864 = CARTESIAN_POINT ( 'NONE',  ( -2.350480947161686984, 0.9736010864139138521, 0.4625000000000020761 ) ) ;
#4865 = ORIENTED_EDGE ( 'NONE', *, *, #7221, .T. ) ;
#4866 = CARTESIAN_POINT ( 'NONE',  ( 0.000000000000000000, 3.054126587736529785, -8.318749999999999645 ) ) ;
#4867 = CARTESIAN_POINT ( 'NONE',  ( -1.662041016787807912, 1.662041016787791925, 7.275000000000002132 ) ) ;
#4868 = CARTESIAN_POINT ( 'NONE',  ( -0.9736010864139292842, -2.350480947161701639, -10.41249999999999787 ) ) ;
#4869 = DIRECTION ( 'NONE',  ( -0.000000000000000000, -1.224646799147353207E-16, 1.000000000000000000 ) ) ;
#4870 = CARTESIAN_POINT ( 'NONE',  ( 1.662041016787807912, -1.662041016787823455, -0.09999999999999853451 ) ) ;
#4871 = DIRECTION ( 'NONE',  ( 0.07992773943613253051, 0.07992773943613268317, -0.9935910189495773537 ) ) ;
#4872 = CARTESIAN_POINT ( 'NONE',  ( 1.671542950581487322E-15, 0.4652957277608846809, 2.682494925704428823 ) ) ;
#4873 = EDGE_CURVE ( 'NONE', #1577, #5097, #3692, .T. ) ;
#4874 = VERTEX_POINT ( 'NONE', #2724 ) ;
#4875 = CARTESIAN_POINT ( 'NONE',  ( -1.662041016787808134, -1.662041016787821901, -9.474999999999999645 ) ) ;
#4876 = CARTESIAN_POINT ( 'NONE',  ( -3.673940397442080083E-16, -3.000000000000031086, -3.849999999999999645 ) ) ;
#4877 = CARTESIAN_POINT ( 'NONE',  ( -3.000000000000015987, -1.242640687119307419, -0.03749999999999931860 ) ) ;
#4878 = CARTESIAN_POINT ( 'NONE',  ( -3.054126587736543996, -1.265060653844753302, -6.943750000000000533 ) ) ;
#4879 = VERTEX_POINT ( 'NONE', #1619 ) ;
#4880 = DIRECTION ( 'NONE',  ( 0.000000000000000000, -2.449293598294706414E-16, 1.000000000000000000 ) ) ;
#4881 = EDGE_CURVE ( 'NONE', #761, #2075, #493, .T. ) ;
#4882 = CARTESIAN_POINT ( 'NONE',  ( -1.851216920838274271, 0.5744240720839645098, 12.15470632317383348 ) ) ;
#4883 = CARTESIAN_POINT ( 'NONE',  ( -0.9736010864139292842, -2.350480947161702527, -4.412499999999997868 ) ) ;
#4884 = CARTESIAN_POINT ( 'NONE',  ( 3.054126587736543996, -1.265060653844757077, 7.431249999999998579 ) ) ;
#4885 = CARTESIAN_POINT ( 'NONE',  ( -3.470543478231753047E-16, -2.833913811433713015, 7.054110094322556535 ) ) ;
#4886 = CARTESIAN_POINT ( 'NONE',  ( -0.9736010864139290621, 2.350480947161672329, -6.662499999999998757 ) ) ;
#4887 = FACE_OUTER_BOUND ( 'NONE', #5241, .T. ) ;
#4888 = CARTESIAN_POINT ( 'NONE',  ( 0.000000000000000000, 3.054126587736527565, 9.681250000000000355 ) ) ;
#4889 = ORIENTED_EDGE ( 'NONE', *, *, #6989, .T. ) ;
#4890 = CARTESIAN_POINT ( 'NONE',  ( 0.5257718158227909777, -2.072279788034158798, 12.11187273411069931 ) ) ;
#4891 =( BOUNDED_CURVE ( )  B_SPLINE_CURVE ( 2, ( #6159, #6045, #3279, #5482, #6081, #7279, #4412, #292, #7318 ),
 .UNSPECIFIED., .F., .T. ) 
 B_SPLINE_CURVE_WITH_KNOTS ( ( 3, 2, 2, 2, 3 ),
 ( 0.2500000000000000000, 0.2656250000000000000, 0.2812500000000000555, 0.2968750000000001110, 0.3125000000000001110 ),
 .UNSPECIFIED. ) 
 CURVE ( )  GEOMETRIC_REPRESENTATION_ITEM ( )  RATIONAL_B_SPLINE_CURVE ( ( 1.000000000000000000, 0.9238795325112867385, 1.000000000000000000, 0.9238795325112867385, 1.000000000000000000, 0.9238795325112867385, 1.000000000000000000, 0.9238795325112861834, 1.000000000000000444 ) ) 
 REPRESENTATION_ITEM ( '' )  );
#4892 = CARTESIAN_POINT ( 'NONE',  ( 1.242640687119287435, 3.000000000000007994, -7.287500000000000533 ) ) ;
#4893 = CARTESIAN_POINT ( 'NONE',  ( 1.265060653844741090, 3.054126587736528009, -4.318750000000002309 ) ) ;
#4894 = FACE_OUTER_BOUND ( 'NONE', #4726, .T. ) ;
#4895 = EDGE_CURVE ( 'NONE', #5132, #5623, #2027, .T. ) ;
#4896 = CARTESIAN_POINT ( 'NONE',  ( 3.054126587736543996, -1.592501433575068991E-14, 0.4312500000000001887 ) ) ;
#4897 = CARTESIAN_POINT ( 'NONE',  ( -2.878508968398398972E-16, -2.350480947161702527, 0.6500000000000021316 ) ) ;
#4898 = ORIENTED_EDGE ( 'NONE', *, *, #2247, .T. ) ;
#4899 = CARTESIAN_POINT ( 'NONE',  ( -2.350480947161686984, -0.9736010864139448273, 4.587500000000001243 ) ) ;
#4900 = CARTESIAN_POINT ( 'NONE',  ( 0.9736010864139306165, 2.350480947161670109, 7.212500000000001243 ) ) ;
#4901 = CARTESIAN_POINT ( 'NONE',  ( 0.000000000000000000, 2.350480947161672773, -8.724999999999997868 ) ) ;
#4902 = CARTESIAN_POINT ( 'NONE',  ( -0.9736010864139292842, -2.350480947161702083, -5.412499999999996980 ) ) ;
#4903 = VERTEX_POINT ( 'NONE', #5114 ) ;
#4904 = CARTESIAN_POINT ( 'NONE',  ( -3.054126587736543996, -1.265060653844753302, -7.006249999999998757 ) ) ;
#4905 = CARTESIAN_POINT ( 'NONE',  ( 0.9736010864139287291, -2.350480947161703860, 8.712500000000002132 ) ) ;
#4906 = CARTESIAN_POINT ( 'NONE',  ( 2.350480947161686984, -1.450605056817903668E-14, -10.09999999999999787 ) ) ;
#4907 = CARTESIAN_POINT ( 'NONE',  ( -0.9736010864139290621, 2.350480947161671885, -2.662499999999998312 ) ) ;
#4908 = DIRECTION ( 'NONE',  ( -0.000000000000000000, -1.224646799147353207E-16, 1.000000000000000000 ) ) ;
#4909 = LINE ( 'NONE', #6675, #6354 ) ;
#4910 = VECTOR ( 'NONE', #6094, 1000.000000000000114 ) ;
#4911 = B_SPLINE_CURVE_WITH_KNOTS ( 'NONE', 3,
 ( #99, #3611, #4717, #4793, #7007, #1825, #7083, #6447, #1905, #4223 ),
 .UNSPECIFIED., .F., .F.,
 ( 4, 2, 2, 2, 4 ),
 ( 0.000000000000000000, 0.0004647892841659333630, 0.0009295785683318662923, 0.001394367852497799005, 0.001859157136663732151 ),
 .UNSPECIFIED. ) ;
#4912 = VERTEX_POINT ( 'NONE', #5721 ) ;
#4913 = CARTESIAN_POINT ( 'NONE',  ( -1.662041016787808134, -1.662041016787821679, -10.47499999999999787 ) ) ;
#4914 = CARTESIAN_POINT ( 'NONE',  ( 0.3225058490148360324, 2.656537190591891306, -12.05374098744846911 ) ) ;
#4915 = CARTESIAN_POINT ( 'NONE',  ( -1.892739746863323358, 0.3989839930302310766, 10.76374999999999815 ) ) ;
#4916 = CARTESIAN_POINT ( 'NONE',  ( 0.000000000000000000, 3.054126587736529341, -7.256250000000000533 ) ) ;
#4917 = EDGE_CURVE ( 'NONE', #96, #4442, #3577, .T. ) ;
#4918 = ORIENTED_EDGE ( 'NONE', *, *, #2195, .T. ) ;
#4919 = CIRCLE ( 'NONE', #1639, 4.658104324049652689 ) ;
#4920 = CARTESIAN_POINT ( 'NONE',  ( 0.4188713088899468917, -3.155949487122298169, 11.81363098836964909 ) ) ;
#4921 = CARTESIAN_POINT ( 'NONE',  ( -3.000000000000016431, -1.401304188296190751E-14, -9.099999999999999645 ) ) ;
#4922 = VECTOR ( 'NONE', #6681, 1000.000000000000000 ) ;
#4923 = CARTESIAN_POINT ( 'NONE',  ( 0.9736010864139287291, -2.350480947161702527, -1.287499999999998979 ) ) ;
#4924 = CARTESIAN_POINT ( 'NONE',  ( -1.265060653844739091, 3.054126587736527565, 6.806250000000000355 ) ) ;
#4925 = CARTESIAN_POINT ( 'NONE',  ( 3.000000000000016431, -1.542138570198137118E-14, -3.600000000000000089 ) ) ;
#4926 = AXIS2_PLACEMENT_3D ( 'NONE', #2155, #6202, #4348 ) ;
#4927 = CARTESIAN_POINT ( 'NONE',  ( -1.662041016787808134, -1.662041016787822345, -6.349999999999997868 ) ) ;
#4928 = DIRECTION ( 'NONE',  ( -0.000000000000000000, -1.224646799147353207E-16, 1.000000000000000000 ) ) ;
#4929 = EDGE_CURVE ( 'NONE', #1181, #683, #6463, .T. ) ;
#4930 = CARTESIAN_POINT ( 'NONE',  ( 0.000000000000000000, 2.350480947161671441, 1.275000000000001910 ) ) ;
#4931 = B_SPLINE_CURVE_WITH_KNOTS ( 'NONE', 3,
 ( #3525, #4095, #4058, #1291, #127, #727, #6402 ),
 .UNSPECIFIED., .F., .F.,
 ( 4, 3, 4 ),
 ( 0.000000000000000000, 0.0005479726153433501449, 0.001085021823248780160 ),
 .UNSPECIFIED. ) ;
#4932 = ORIENTED_EDGE ( 'NONE', *, *, #1676, .F. ) ;
#4933 = CARTESIAN_POINT ( 'NONE',  ( -3.074843869529762408, 0.3248502992575597048, 10.94099322423884857 ) ) ;
#4934 = CARTESIAN_POINT ( 'NONE',  ( -2.159593620790641655, 2.159593620790627000, -5.131250000000000533 ) ) ;
#4935 = CARTESIAN_POINT ( 'NONE',  ( 1.242640687119292764, -3.000000000000030198, -10.78749999999999787 ) ) ;
#4936 = CARTESIAN_POINT ( 'NONE',  ( -3.054126587736543996, 1.265060653844723992, -0.1312499999999994227 ) ) ;
#4937 = CARTESIAN_POINT ( 'NONE',  ( -3.000000000000015987, 1.242640687119276777, 1.962499999999999911 ) ) ;
#4938 = ORIENTED_EDGE ( 'NONE', *, *, #1447, .F. ) ;
#4939 = CARTESIAN_POINT ( 'NONE',  ( -0.9736010864139290621, 2.350480947161670997, 4.337500000000002132 ) ) ;
#4940 = CARTESIAN_POINT ( 'NONE',  ( 2.350480947161686540, 0.9736010864139154064, -9.912499999999997868 ) ) ;
#4941 = EDGE_CURVE ( 'NONE', #5230, #2545, #911, .T. ) ;
#4942 = CARTESIAN_POINT ( 'NONE',  ( 0.000000000000000000, 2.350480947161671441, 2.275000000000001688 ) ) ;
#4943 = ORIENTED_EDGE ( 'NONE', *, *, #1166, .T. ) ;
#4944 = CARTESIAN_POINT ( 'NONE',  ( 3.054126587736543996, -1.265060653844755301, -6.631250000000000533 ) ) ;
#4945 = CARTESIAN_POINT ( 'NONE',  ( 0.9736010864139287291, -2.350480947161703860, 7.712500000000000355 ) ) ;
#4946 = CARTESIAN_POINT ( 'NONE',  ( -2.350480947161686984, 0.9736010864139145182, -5.537499999999997868 ) ) ;
#4947 = DIRECTION ( 'NONE',  ( -0.000000000000000000, -1.224646799147353207E-16, 1.000000000000000000 ) ) ;
#4948 = CARTESIAN_POINT ( 'NONE',  ( 2.350480947161686540, 0.9736010864139145182, -2.912499999999998312 ) ) ;
#4949 = CARTESIAN_POINT ( 'NONE',  ( -2.236767390262416999, 1.226251816377049053, 6.216561757078321371 ) ) ;
#4950 = CARTESIAN_POINT ( 'NONE',  ( -3.155949487122295061, -0.4188713088899593262, 11.81363098836964909 ) ) ;
#4951 = VERTEX_POINT ( 'NONE', #6389 ) ;
#4952 = CARTESIAN_POINT ( 'NONE',  ( -0.9736010864139292842, -2.350480947161702527, -5.412499999999996980 ) ) ;
#4953 = CARTESIAN_POINT ( 'NONE',  ( 2.360447678402237681, 1.018255898255850944, -12.15933027229431751 ) ) ;
#4954 = CARTESIAN_POINT ( 'NONE',  ( 2.244864893996676436, -1.012260129221278504, 6.019069824188110651 ) ) ;
#4955 = CARTESIAN_POINT ( 'NONE',  ( -3.054126587736543996, -1.414367332899763223E-14, -8.006249999999999645 ) ) ;
#4956 = CARTESIAN_POINT ( 'NONE',  ( -0.4976841216532241208, 3.072558534747851233, 11.84463617510293076 ) ) ;
#4957 = ORIENTED_EDGE ( 'NONE', *, *, #478, .T. ) ;
#4958 = CARTESIAN_POINT ( 'NONE',  ( -1.662041016787808134, -1.662041016787823677, 4.525000000000001243 ) ) ;
#4959 = CARTESIAN_POINT ( 'NONE',  ( 6.482119387943680831E-16, 4.658104324049650913, 7.649999999999999467 ) ) ;
#4960 = CARTESIAN_POINT ( 'NONE',  ( 2.121320343559654820, 2.121320343559639277, -8.349999999999999645 ) ) ;
#4961 = CARTESIAN_POINT ( 'NONE',  ( 0.000000000000000000, 3.054126587736527565, 6.743749999999999467 ) ) ;
#4962 = CARTESIAN_POINT ( 'NONE',  ( 0.000000000000000000, 3.000000000000001332, -3.349999999999999645 ) ) ;
#4963 = CARTESIAN_POINT ( 'NONE',  ( 2.350480947161686540, 0.9736010864139150733, -6.912499999999999645 ) ) ;
#4964 = CARTESIAN_POINT ( 'NONE',  ( -3.072558534730975399, -0.4976841216339814022, 11.84463617491952725 ) ) ;
#4965 = CARTESIAN_POINT ( 'NONE',  ( -1.662041016787808134, -1.662041016787821679, -10.47499999999999787 ) ) ;
#4966 = ORIENTED_EDGE ( 'NONE', *, *, #5620, .T. ) ;
#4967 = CARTESIAN_POINT ( 'NONE',  ( 1.662041016787808356, 1.662041016787791925, 3.150000000000001688 ) ) ;
#4968 = ORIENTED_EDGE ( 'NONE', *, *, #1713, .T. ) ;
#4969 = CARTESIAN_POINT ( 'NONE',  ( 2.970850935971614870, -0.3834009397239953043, 10.75730433123960594 ) ) ;
#4970 = EDGE_CURVE ( 'NONE', #2022, #6444, #637, .T. ) ;
#4971 = PLANE ( 'NONE',  #687 ) ;
#4972 = CARTESIAN_POINT ( 'NONE',  ( 1.265060653844741090, 3.054126587736528009, -2.318750000000000533 ) ) ;
#4973 = CARTESIAN_POINT ( 'NONE',  ( 3.126380839535692679, 0.4748537796649394127, 11.82102052362714950 ) ) ;
#4974 = CARTESIAN_POINT ( 'NONE',  ( 3.054126587736543996, 1.265060653844723992, 1.493750000000000355 ) ) ;
#4975 = CARTESIAN_POINT ( 'NONE',  ( -0.9736010864139292842, -2.350480947161702083, 1.587500000000002354 ) ) ;
#4976 = EDGE_LOOP ( 'NONE', ( #2637, #5505, #6196, #1110, #5455 ) ) ;
#4977 = CARTESIAN_POINT ( 'NONE',  ( -0.9736010864139290621, 2.350480947161670997, 3.337500000000002132 ) ) ;
#4978 = CARTESIAN_POINT ( 'NONE',  ( -2.350480947161686984, 0.9736010864139149623, -8.537499999999997868 ) ) ;
#4979 = EDGE_CURVE ( 'NONE', #2695, #6887, #1935, .T. ) ;
#4980 = CARTESIAN_POINT ( 'NONE',  ( 1.662041016787807912, -1.662041016787823677, 1.900000000000001465 ) ) ;
#4981 = ORIENTED_EDGE ( 'NONE', *, *, #2430, .T. ) ;
#4982 = CARTESIAN_POINT ( 'NONE',  ( -0.9736010864139292842, -2.350480947161703416, 7.587500000000001243 ) ) ;
#4983 = CARTESIAN_POINT ( 'NONE',  ( -0.9736010864139292842, -2.350480947161700751, -12.41249999999999787 ) ) ;
#4984 = CARTESIAN_POINT ( 'NONE',  ( 0.1765677264640800048, -2.631472021166170183, 6.497905846808469832 ) ) ;
#4985 = CARTESIAN_POINT ( 'NONE',  ( 2.350480947161686984, -1.562354077240099491E-14, -0.9749999999999984235 ) ) ;
#4986 = CARTESIAN_POINT ( 'NONE',  ( -0.3355444088253408119, -2.606293703876635615, 6.473266997882724638 ) ) ;
#4987 = CARTESIAN_POINT ( 'NONE',  ( 4.061780482236395637E-15, 0.3840784068098188064, 10.76374999999999815 ) ) ;
#4988 = ORIENTED_EDGE ( 'NONE', *, *, #4970, .T. ) ;
#4989 = CARTESIAN_POINT ( 'NONE',  ( 3.000000000000016431, -1.603370910155504693E-14, 1.400000000000000133 ) ) ;
#4990 = CARTESIAN_POINT ( 'NONE',  ( 2.531266065341832405, 0.07332271814393237497, -12.19775310493884390 ) ) ;
#4991 = CARTESIAN_POINT ( 'NONE',  ( 0.000000000000000000, 3.000000000000001332, -0.3499999999999995892 ) ) ;
#4992 = CARTESIAN_POINT ( 'NONE',  ( 3.054126587736543996, -1.495295093892747809E-14, -7.506250000000000533 ) ) ;
#4993 = CARTESIAN_POINT ( 'NONE',  ( -3.000000000000015987, -1.242640687119306309, -7.037499999999999645 ) ) ;
#4994 = ORIENTED_EDGE ( 'NONE', *, *, #103, .T. ) ;
#4995 = LINE ( 'NONE', #7283, #5767 ) ;
#4996 = DIRECTION ( 'NONE',  ( -0.3805870524817674405, -0.9188184237650786068, -0.1045284632676539427 ) ) ;
#4997 = CARTESIAN_POINT ( 'NONE',  ( 2.350480947161686540, -0.9736010864139458265, -0.1624999999999985900 ) ) ;
#4998 = CARTESIAN_POINT ( 'NONE',  ( 2.065716644951749448, -1.207352494359978934, 5.799708714552005873 ) ) ;
#4999 = CARTESIAN_POINT ( 'NONE',  ( 0.3510658276060291683, -3.040449911526542870, 10.76374999999999815 ) ) ;
#5000 = CARTESIAN_POINT ( 'NONE',  ( 1.242640687119291210, -3.000000000000032419, -6.787500000000000533 ) ) ;
#5001 = CARTESIAN_POINT ( 'NONE',  ( -3.000000000000016431, -1.585001208168293474E-14, 5.900000000000000355 ) ) ;
#5002 = ORIENTED_EDGE ( 'NONE', *, *, #7408, .F. ) ;
#5003 = CARTESIAN_POINT ( 'NONE',  ( 1.662041016787807912, -1.662041016787824343, 5.900000000000000355 ) ) ;
#5004 = EDGE_LOOP ( 'NONE', ( #7162, #6047, #3053 ) ) ;
#5005 = CARTESIAN_POINT ( 'NONE',  ( 1.242640687119307641, 2.999999999999985789, 6.712499999999997691 ) ) ;
#5006 = DIRECTION ( 'NONE',  ( 0.000000000000000000, -1.000000000000000000, 0.000000000000000000 ) ) ;
#5007 = CARTESIAN_POINT ( 'NONE',  ( -3.054126587736543996, -1.512339076831551658E-14, -0.006250000000000179023 ) ) ;
#5008 = FACE_OUTER_BOUND ( 'NONE', #3563, .T. ) ;
#5009 = CARTESIAN_POINT ( 'NONE',  ( 0.9736010864139306165, 2.350480947161671885, -4.787499999999997868 ) ) ;
#5010 = CARTESIAN_POINT ( 'NONE',  ( 1.265060653844741090, 3.054126587736527121, 3.618750000000000799 ) ) ;
#5011 = EDGE_CURVE ( 'NONE', #1854, #6717, #1727, .T. ) ;
#5012 = ORIENTED_EDGE ( 'NONE', *, *, #2902, .T. ) ;
#5013 = CARTESIAN_POINT ( 'NONE',  ( 1.243210266627922334, -2.681501392753075752, 7.373137398287257227 ) ) ;
#5014 = APPLICATION_CONTEXT ( 'configuration controlled 3d designs of mechanical parts and assemblies' ) ;
#5015 = CARTESIAN_POINT ( 'NONE',  ( 2.350480947161686540, 0.9736010864139152954, -8.912499999999997868 ) ) ;
#5016 = CARTESIAN_POINT ( 'NONE',  ( -0.9736010864139292842, -2.350480947161702083, -2.412499999999998312 ) ) ;
#5017 = EDGE_LOOP ( 'NONE', ( #7463, #7314 ) ) ;
#5018 = CARTESIAN_POINT ( 'NONE',  ( 1.662041016787808356, 1.662041016787791481, 9.025000000000002132 ) ) ;
#5019 = CARTESIAN_POINT ( 'NONE',  ( -0.9736010864139292842, -2.350480947161702083, -6.412499999999999645 ) ) ;
#5020 = CARTESIAN_POINT ( 'NONE',  ( 0.000000000000000000, 3.050799999999996182, 7.649999999999998579 ) ) ;
#5021 = CARTESIAN_POINT ( 'NONE',  ( -2.350480947161686984, -1.460390451403040208E-14, -4.599999999999997868 ) ) ;
#5022 = ADVANCED_FACE ( 'NONE', ( #4046 ), #4785, .T. ) ;
#5023 = CARTESIAN_POINT ( 'NONE',  ( -2.426517333530702203, 0.7647481841836107908, 6.243110541626614385 ) ) ;
#5024 = CARTESIAN_POINT ( 'NONE',  ( -3.018726747482550099, -0.3708272119471971995, 10.76374999999999815 ) ) ;
#5025 = ORIENTED_EDGE ( 'NONE', *, *, #2669, .F. ) ;
#5026 = CARTESIAN_POINT ( 'NONE',  ( -0.9736010864139292842, -2.350480947161702527, -6.412499999999999645 ) ) ;
#5027 = CARTESIAN_POINT ( 'NONE',  ( -1.662041016787807912, 1.662041016787794145, -11.59999999999999964 ) ) ;
#5028 = CARTESIAN_POINT ( 'NONE',  ( 2.152769549279021088, 1.337849140952232396, 6.217423466451572622 ) ) ;
#5029 = CARTESIAN_POINT ( 'NONE',  ( -3.054126587736543996, 1.265060653844724881, -7.068750000000000533 ) ) ;
#5030 = CARTESIAN_POINT ( 'NONE',  ( 0.7520166481978176609, -2.709025839905194744, -11.91974457531373588 ) ) ;
#5031 = ORIENTED_EDGE ( 'NONE', *, *, #6673, .F. ) ;
#5032 = CARTESIAN_POINT ( 'NONE',  ( 2.350480947161686540, 0.9736010864139136300, 4.962500000000001243 ) ) ;
#5033 = CIRCLE ( 'NONE', #7423, 3.073278406809817120 ) ;
#5034 = EDGE_CURVE ( 'NONE', #6116, #3176, #2466, .T. ) ;
#5035 = DIRECTION ( 'NONE',  ( 0.000000000000000000, -1.000000000000000000, 0.000000000000000000 ) ) ;
#5036 = CARTESIAN_POINT ( 'NONE',  ( 1.662041016787808356, 1.662041016787792147, 2.025000000000001688 ) ) ;
#5037 = CARTESIAN_POINT ( 'NONE',  ( 3.054126587736543996, 1.265060653844723992, 6.556250000000000355 ) ) ;
#5038 = AXIS2_PLACEMENT_3D ( 'NONE', #477, #1115, #7350 ) ;
#5039 = CARTESIAN_POINT ( 'NONE',  ( -1.242640687119292098, 3.000000000000001776, -1.287499999999999645 ) ) ;
#5040 = DIRECTION ( 'NONE',  ( 0.000000000000000000, 1.224646799147352961E-16, -1.000000000000000000 ) ) ;
#5041 = ORIENTED_EDGE ( 'NONE', *, *, #4142, .T. ) ;
#5042 = CARTESIAN_POINT ( 'NONE',  ( 2.350480947161686984, -1.672572289163361440E-14, 8.025000000000000355 ) ) ;
#5043 = CARTESIAN_POINT ( 'NONE',  ( 0.000000000000000000, 2.070106209874711453E-15, 11.81363098836948744 ) ) ;
#5044 = VECTOR ( 'NONE', #4871, 1000.000000000000000 ) ;
#5045 = CARTESIAN_POINT ( 'NONE',  ( -1.058453292898873466, -0.7445567571664479800, 10.76374999999999815 ) ) ;
#5046 = VECTOR ( 'NONE', #1476, 999.9999999999998863 ) ;
#5047 = CARTESIAN_POINT ( 'NONE',  ( 0.000000000000000000, 3.050799999999996182, 7.649999999999998579 ) ) ;
#5048 = CARTESIAN_POINT ( 'NONE',  ( 3.273141563280447199E-15, -1.571416937540668701E-15, 10.76374999999999815 ) ) ;
#5049 = CARTESIAN_POINT ( 'NONE',  ( -0.9736010864139292842, -2.350480947161702083, -4.287499999999997868 ) ) ;
#5050 = DIRECTION ( 'NONE',  ( -0.000000000000000000, -1.224646799147352961E-16, 1.000000000000000000 ) ) ;
#5051 =( BOUNDED_CURVE ( )  B_SPLINE_CURVE ( 2, ( #6014, #1990, #2598, #7210, #4921, #376, #1014, #4418, #4462 ),
 .UNSPECIFIED., .F., .F. ) 
 B_SPLINE_CURVE_WITH_KNOTS ( ( 3, 2, 2, 2, 3 ),
 ( 0.3749999999999998890, 0.3906249999999999445, 0.4062500000000000000, 0.4218750000000000000, 0.4375000000000000555 ),
 .UNSPECIFIED. ) 
 CURVE ( )  GEOMETRIC_REPRESENTATION_ITEM ( )  RATIONAL_B_SPLINE_CURVE ( ( 1.000000000000000444, 0.9238795325112861834, 1.000000000000000000, 0.9238795325112867385, 1.000000000000000000, 0.9238795325112867385, 1.000000000000000000, 0.9238795325112865164, 1.000000000000000222 ) ) 
 REPRESENTATION_ITEM ( '' )  );
#5052 = ORIENTED_EDGE ( 'NONE', *, *, #530, .F. ) ;
#5053 = CARTESIAN_POINT ( 'NONE',  ( 2.822649587299719265, -0.9976805268890693856, 7.477986880838595418 ) ) ;
#5054 = CARTESIAN_POINT ( 'NONE',  ( -0.9736010864139292842, -2.350480947161702527, -6.287499999999999645 ) ) ;
#5055 = CARTESIAN_POINT ( 'NONE',  ( 2.350480947161686540, 0.9736010864139145182, -2.037499999999998757 ) ) ;
#5056 = ORIENTED_EDGE ( 'NONE', *, *, #575, .F. ) ;
#5057 = CARTESIAN_POINT ( 'NONE',  ( -1.265060653844739091, 3.054126587736528453, 1.806250000000000133 ) ) ;
#5058 = CARTESIAN_POINT ( 'NONE',  ( 2.350480947161686984, -1.487344460792324213E-14, -7.099999999999998757 ) ) ;
#5059 = CARTESIAN_POINT ( 'NONE',  ( 0.000000000000000000, -3.000000000000003997, 12.34999999999999964 ) ) ;
#5060 = CARTESIAN_POINT ( 'NONE',  ( 2.350480947161686540, 0.9736010864139146292, -4.037499999999997868 ) ) ;
#5061 = CARTESIAN_POINT ( 'NONE',  ( 0.3589123793729445122, 3.033515027855354873, 10.76374999999999815 ) ) ;
#5062 = CARTESIAN_POINT ( 'NONE',  ( 0.000000000000000000, 3.000000000000002220, -9.225000000000001421 ) ) ;
#5063 = EDGE_CURVE ( 'NONE', #3670, #6093, #3740, .T. ) ;
#5064 = ORIENTED_EDGE ( 'NONE', *, *, #749, .T. ) ;
#5065 = CARTESIAN_POINT ( 'NONE',  ( 2.350480947161686540, -0.9736010864139450494, -6.162499999999999645 ) ) ;
#5066 = CARTESIAN_POINT ( 'NONE',  ( 2.350480947161686540, 0.9736010864139158505, -11.91249999999999787 ) ) ;
#5067 = CARTESIAN_POINT ( 'NONE',  ( 3.050289141263780923, 0.3339643013229443569, 10.76374999999999815 ) ) ;
#5068 = CARTESIAN_POINT ( 'NONE',  ( -1.437805686161146790, 2.360259643146861208, -11.98621944084764657 ) ) ;
#5069 = ORIENTED_EDGE ( 'NONE', *, *, #6824, .F. ) ;
#5070 = CARTESIAN_POINT ( 'NONE',  ( -0.9736010864139290621, 2.350480947161670997, 3.212500000000002132 ) ) ;
#5071 = CARTESIAN_POINT ( 'NONE',  ( -3.000000000000015987, 1.242640687119276111, 4.837500000000000355 ) ) ;
#5072 = CARTESIAN_POINT ( 'NONE',  ( 0.9736010864139306165, 2.350480947161670997, 1.087500000000001688 ) ) ;
#5073 = DIRECTION ( 'NONE',  ( 1.000000000000000000, -1.224646799147353207E-16, -1.499759782661857608E-32 ) ) ;
#5074 = FACE_OUTER_BOUND ( 'NONE', #472, .T. ) ;
#5075 = PERSON_AND_ORGANIZATION ( #107, #6845 ) ;
#5076 = CARTESIAN_POINT ( 'NONE',  ( -2.350480947161686984, 0.9736010864139130749, 5.337500000000002132 ) ) ;
#5077 = CARTESIAN_POINT ( 'NONE',  ( 0.9736010864139306165, 2.350480947161672329, -8.912499999999997868 ) ) ;
#5078 = ORIENTED_EDGE ( 'NONE', *, *, #2840, .F. ) ;
#5079 = CARTESIAN_POINT ( 'NONE',  ( 0.000000000000000000, 2.350480947161670553, 7.275000000000002132 ) ) ;
#5080 = CARTESIAN_POINT ( 'NONE',  ( -3.000000000000016431, -1.415081464786598298E-14, -7.974999999999999645 ) ) ;
#5081 = CARTESIAN_POINT ( 'NONE',  ( 0.000000000000000000, 3.000000000000001332, -4.225000000000000533 ) ) ;
#5082 = CARTESIAN_POINT ( 'NONE',  ( 2.350480947161686540, 0.9736010864139158505, -11.91249999999999787 ) ) ;
#5083 = ADVANCED_FACE ( 'NONE', ( #605 ), #2408, .T. ) ;
#5084 = CARTESIAN_POINT ( 'NONE',  ( 2.350480947161686984, -1.513368205274205432E-14, -4.974999999999998757 ) ) ;
#5085 = CARTESIAN_POINT ( 'NONE',  ( -3.054126587736543996, 1.265060653844723326, 4.868750000000000355 ) ) ;
#5086 = ORIENTED_EDGE ( 'NONE', *, *, #3996, .T. ) ;
#5087 = DIRECTION ( 'NONE',  ( 0.1045284632676536929, 1.243449787580175168E-14, -0.9945218953682732899 ) ) ;
#5088 = B_SPLINE_CURVE_WITH_KNOTS ( 'NONE', 3,
 ( #4000, #1047, #2752, #1719, #1086, #3397, #2181, #5709, #7428, #6232, #1194, #2865, #5215, #3362, #5786, #2218 ),
 .UNSPECIFIED., .F., .F.,
 ( 4, 3, 3, 3, 3, 4 ),
 ( 0.000000000000000000, 2.947244309848666229E-05, 5.890462578490433435E-05, 8.894244717985880591E-05, 0.0001197152098233060974, 0.0001269103415979534722 ),
 .UNSPECIFIED. ) ;
#5089 = LINE ( 'NONE', #2205, #5524 ) ;
#5090 = CARTESIAN_POINT ( 'NONE',  ( -2.350480947161686984, 0.9736010864139145182, -4.662499999999997868 ) ) ;
#5091 = ORIENTED_EDGE ( 'NONE', *, *, #3587, .T. ) ;
#5092 =( BOUNDED_CURVE ( )  B_SPLINE_CURVE ( 2, ( #4382, #6688, #1432, #3665, #5975, #3746, #7172, #868, #794 ),
 .UNSPECIFIED., .F., .T. ) 
 B_SPLINE_CURVE_WITH_KNOTS ( ( 3, 2, 2, 2, 3 ),
 ( 0.5000000000000000000, 0.5156250000000000000, 0.5312500000000000000, 0.5468749999999998890, 0.5624999999999998890 ),
 .UNSPECIFIED. ) 
 CURVE ( )  GEOMETRIC_REPRESENTATION_ITEM ( )  RATIONAL_B_SPLINE_CURVE ( ( 1.000000000000000000, 0.9238795325112867385, 1.000000000000000000, 0.9238795325112867385, 1.000000000000000000, 0.9238795325112867385, 1.000000000000000000, 0.9238795325112872936, 0.9999999999999994449 ) ) 
 REPRESENTATION_ITEM ( '' )  );
#5093 = CARTESIAN_POINT ( 'NONE',  ( -2.350480947161686984, 0.9736010864139146292, -6.662499999999998757 ) ) ;
#5094 = CARTESIAN_POINT ( 'NONE',  ( -2.878508968398398972E-16, -2.350480947161701639, -5.349999999999998757 ) ) ;
#5095 = CARTESIAN_POINT ( 'NONE',  ( 3.000000000000015987, 1.242640687119278331, -5.412500000000001421 ) ) ;
#5096 = CARTESIAN_POINT ( 'NONE',  ( 0.000000000000000000, 2.350480947161671441, 1.275000000000001910 ) ) ;
#5097 = VERTEX_POINT ( 'NONE', #1766 ) ;
#5098 = DIRECTION ( 'NONE',  ( 0.9945218953682734009, 0.000000000000000000, 0.1045284632676529435 ) ) ;
#5099 = CARTESIAN_POINT ( 'NONE',  ( -2.350480947161686984, 0.9736010864139152954, -10.53749999999999787 ) ) ;
#5100 = CARTESIAN_POINT ( 'NONE',  ( 3.033617658635281877, 0.3580362349316338899, 10.76374999999999815 ) ) ;
#5101 = CARTESIAN_POINT ( 'NONE',  ( 3.000000000000016431, -1.653887590620332310E-14, 5.524999999999999467 ) ) ;
#5102 = DIRECTION ( 'NONE',  ( 0.1045284632676538317, 0.000000000000000000, -0.9945218953682732899 ) ) ;
#5103 = EDGE_CURVE ( 'NONE', #3873, #2203, #2392, .T. ) ;
#5104 = CARTESIAN_POINT ( 'NONE',  ( 0.000000000000000000, 2.350480947161670997, 4.150000000000002132 ) ) ;
#5105 = CARTESIAN_POINT ( 'NONE',  ( -0.4589807812382393215, -3.038542441356789858, 11.47639848879861724 ) ) ;
#5106 = CARTESIAN_POINT ( 'NONE',  ( -3.000000000000016431, -1.451820868761019000E-14, -4.975000000000000533 ) ) ;
#5107 = CARTESIAN_POINT ( 'NONE',  ( 2.076360577286914033, -1.126292498171030054, 12.24610380168963886 ) ) ;
#5108 = PERSON_AND_ORGANIZATION ( #107, #6845 ) ;
#5109 = CARTESIAN_POINT ( 'NONE',  ( -2.878508968398398972E-16, -2.350480947161702971, 4.650000000000001243 ) ) ;
#5110 = CARTESIAN_POINT ( 'NONE',  ( 1.662041016787808356, 1.662041016787793035, -5.974999999999998757 ) ) ;
#5111 = EDGE_LOOP ( 'NONE', ( #1247, #5339, #1816, #3813 ) ) ;
#5112 = CARTESIAN_POINT ( 'NONE',  ( -2.350480947161686984, -0.9736010864139450494, 6.587500000000002132 ) ) ;
#5113 = ADVANCED_FACE ( 'NONE', ( #4082 ), #1134, .T. ) ;
#5114 = CARTESIAN_POINT ( 'NONE',  ( 0.7445567571664429840, -1.058453292898877685, 10.76374999999999815 ) ) ;
#5115 = CARTESIAN_POINT ( 'NONE',  ( -3.673940397442080083E-16, -3.000000000000030642, -7.849999999999999645 ) ) ;
#5116 = CARTESIAN_POINT ( 'NONE',  ( -3.740226349862386965E-16, -3.054126587736559983, -0.7562500000000008660 ) ) ;
#5117 = CARTESIAN_POINT ( 'NONE',  ( -1.242640687119292098, 3.000000000000001776, 1.712500000000000577 ) ) ;
#5118 = CARTESIAN_POINT ( 'NONE',  ( 0.000000000000000000, 2.350480947161673217, -11.72499999999999964 ) ) ;
#5119 = CARTESIAN_POINT ( 'NONE',  ( 2.350480947161686540, 0.9736010864139146292, -3.912499999999998312 ) ) ;
#5120 = CARTESIAN_POINT ( 'NONE',  ( -3.740226349862386965E-16, -3.054126587736560428, 4.181249999999999467 ) ) ;
#5121 = EDGE_LOOP ( 'NONE', ( #3256, #29, #6368, #130 ) ) ;
#5122 = CARTESIAN_POINT ( 'NONE',  ( 0.5507999999999984020, -3.095951502036170173E-15, 12.34999999999999964 ) ) ;
#5123 = CARTESIAN_POINT ( 'NONE',  ( -2.350480947161686984, -0.9736010864139434950, -5.412499999999996980 ) ) ;
#5124 = EDGE_CURVE ( 'NONE', #1951, #211, #5191, .T. ) ;
#5125 = CARTESIAN_POINT ( 'NONE',  ( -1.662041016787807912, 1.662041016787793035, -2.724999999999998312 ) ) ;
#5126 = ORIENTED_EDGE ( 'NONE', *, *, #2930, .T. ) ;
#5127 = CARTESIAN_POINT ( 'NONE',  ( -1.662041016787808134, -1.662041016787821901, -9.474999999999999645 ) ) ;
#5128 = CARTESIAN_POINT ( 'NONE',  ( 1.657165020534250521, 2.220082808035142463, 6.817624775551623273 ) ) ;
#5129 = CARTESIAN_POINT ( 'NONE',  ( 1.662041016787808356, 1.662041016787792147, 1.150000000000001688 ) ) ;
#5130 = CARTESIAN_POINT ( 'NONE',  ( -3.673940397442080083E-16, -3.000000000000031530, -1.724999999999999645 ) ) ;
#5131 =( BOUNDED_CURVE ( )  B_SPLINE_CURVE ( 2, ( #3652, #2972, #3574, #1307, #6976, #1907, #5886, #6489, #5820 ),
 .UNSPECIFIED., .F., .F. ) 
 B_SPLINE_CURVE_WITH_KNOTS ( ( 3, 2, 2, 2, 3 ),
 ( 0.8125000000000001110, 0.8281250000000001110, 0.8437500000000000000, 0.8593750000000000000, 0.8750000000000000000 ),
 .UNSPECIFIED. ) 
 CURVE ( )  GEOMETRIC_REPRESENTATION_ITEM ( )  RATIONAL_B_SPLINE_CURVE ( ( 0.9999999999999994449, 0.9238795325112872936, 1.000000000000000000, 0.9238795325112867385, 1.000000000000000000, 0.9238795325112867385, 1.000000000000000000, 0.9238795325112867385, 1.000000000000000000 ) ) 
 REPRESENTATION_ITEM ( '' )  );
#5132 = VERTEX_POINT ( 'NONE', #184 ) ;
#5133 = FACE_OUTER_BOUND ( 'NONE', #2051, .T. ) ;
#5134 = CARTESIAN_POINT ( 'NONE',  ( 1.662041016787807912, -1.662041016787822123, -10.09999999999999787 ) ) ;
#5135 = CARTESIAN_POINT ( 'NONE',  ( 0.1629346152722255803, -2.377885135926595783, 5.801181605745200365 ) ) ;
#5136 = CARTESIAN_POINT ( 'NONE',  ( 0.000000000000000000, -3.000000000000003997, 12.34999999999999964 ) ) ;
#5137 = CARTESIAN_POINT ( 'NONE',  ( 0.000000000000000000, 3.000000000000002220, -10.34999999999999964 ) ) ;
#5138 = CARTESIAN_POINT ( 'NONE',  ( 0.9736010864139306165, 2.350480947161673217, -11.78749999999999964 ) ) ;
#5139 = CARTESIAN_POINT ( 'NONE',  ( -0.9736010864139290621, 2.350480947161671885, -3.662499999999998312 ) ) ;
#5140 = CARTESIAN_POINT ( 'NONE',  ( 0.4382656198790223501, 3.151720930266300513, 11.81418354427970918 ) ) ;
#5141 = CYLINDRICAL_SURFACE ( 'NONE', #931, 3.000000000000001776 ) ;
#5142 = CARTESIAN_POINT ( 'NONE',  ( 3.140105338715595718, -0.4002752944749422559, 11.64091577994608606 ) ) ;
#5143 = PERSON_AND_ORGANIZATION ( #107, #6845 ) ;
#5144 = CARTESIAN_POINT ( 'NONE',  ( -2.350480947161686984, 0.9736010864139130749, 7.337500000000002132 ) ) ;
#5145 = CARTESIAN_POINT ( 'NONE',  ( -2.350480947161686984, 0.9736010864139145182, -5.662499999999997868 ) ) ;
#5146 = ORIENTED_EDGE ( 'NONE', *, *, #2288, .F. ) ;
#5147 = DIRECTION ( 'NONE',  ( 0.9945218953682734009, 0.000000000000000000, 0.1045284632676529435 ) ) ;
#5148 = DIRECTION ( 'NONE',  ( -0.1045058763748857034, -0.02078751127481464137, 0.9943069954385901354 ) ) ;
#5149 = DIRECTION ( 'NONE',  ( -0.000000000000000000, -1.224646799147353207E-16, 1.000000000000000000 ) ) ;
#5150 = CIRCLE ( 'NONE', #1875, 9.705139063893133411 ) ;
#5151 = CARTESIAN_POINT ( 'NONE',  ( -1.265060653844739091, 3.054126587736528453, -0.1937500000000003386 ) ) ;
#5152 = EDGE_CURVE ( 'NONE', #621, #736, #59, .T. ) ;
#5153 = DIRECTION ( 'NONE',  ( 0.000000000000000000, -1.000000000000000000, -1.224646799147353207E-16 ) ) ;
#5154 = CARTESIAN_POINT ( 'NONE',  ( 0.000000000000000000, 3.054126587736529341, -6.318749999999999645 ) ) ;
#5155 = CARTESIAN_POINT ( 'NONE',  ( -2.350480947161686984, -0.9736010864139438281, -3.412499999999998312 ) ) ;
#5156 = CARTESIAN_POINT ( 'NONE',  ( -1.265060653844739091, 3.054126587736528453, 2.743750000000000355 ) ) ;
#5157 = UNCERTAINTY_MEASURE_WITH_UNIT (LENGTH_MEASURE( 1.000000000000000082E-05 ), #2034, 'distance_accuracy_value', 'NONE');
#5158 = ORIENTED_EDGE ( 'NONE', *, *, #250, .T. ) ;
#5159 = CARTESIAN_POINT ( 'NONE',  ( 2.263728247833261431, -1.931839191358392105, 7.429098646299252096 ) ) ;
#5160 = AXIS2_PLACEMENT_3D ( 'NONE', #7459, #7384, #2284 ) ;
#5161 = CARTESIAN_POINT ( 'NONE',  ( -2.350480947161686984, -0.9736010864139433840, -6.412499999999999645 ) ) ;
#5162 = AXIS2_PLACEMENT_3D ( 'NONE', #6390, #41, #4656 ) ;
#5163 = VECTOR ( 'NONE', #6834, 1000.000000000000114 ) ;
#5164 = CARTESIAN_POINT ( 'NONE',  ( -0.3128050330942011570, -3.057107592275122077, 10.76374999999999815 ) ) ;
#5165 = CARTESIAN_POINT ( 'NONE',  ( -2.350480947161686984, -0.9736010864139438281, -3.537499999999998312 ) ) ;
#5166 = ORIENTED_EDGE ( 'NONE', *, *, #6021, .F. ) ;
#5167 = VECTOR ( 'NONE', #57, 1000.000000000000000 ) ;
#5168 = CARTESIAN_POINT ( 'NONE',  ( 0.9736010864139287291, -2.350480947161702083, -8.287499999999999645 ) ) ;
#5169 = AXIS2_PLACEMENT_3D ( 'NONE', #5448, #6499, #3136 ) ;
#5170 = LINE ( 'NONE', #5059, #4561 ) ;
#5171 = CARTESIAN_POINT ( 'NONE',  ( 1.662041016787807912, -1.662041016787823677, 0.9000000000000014655 ) ) ;
#5172 = AXIS2_PLACEMENT_3D ( 'NONE', #3014, #4147, #2364 ) ;
#5173 = CARTESIAN_POINT ( 'NONE',  ( -3.673940397442080083E-16, -3.000000000000030642, -9.849999999999999645 ) ) ;
#5174 = CARTESIAN_POINT ( 'NONE',  ( 3.137372266755804606, -0.4639314746820175084, 11.81783640862403928 ) ) ;
#5175 = VERTEX_POINT ( 'NONE', #1915 ) ;
#5176 = CARTESIAN_POINT ( 'NONE',  ( -3.740226349862386965E-16, -3.054126587736558207, -11.81874999999999964 ) ) ;
#5177 = CARTESIAN_POINT ( 'NONE',  ( -0.4205411125839982889, -3.082321503823266529, 11.11066947172303898 ) ) ;
#5178 = CARTESIAN_POINT ( 'NONE',  ( 1.653130333454632339, -1.785741634206037709, 5.938849395270183962 ) ) ;
#5179 = DIRECTION ( 'NONE',  ( -0.000000000000000000, -0.000000000000000000, 1.000000000000000000 ) ) ;
#5180 = CARTESIAN_POINT ( 'NONE',  ( 1.177184601738066938, 0.8632880660056386768, 12.23971270034656911 ) ) ;
#5181 = CARTESIAN_POINT ( 'NONE',  ( -2.368031765690895940E-16, 0.3840784068098171966, 10.76374999999999815 ) ) ;
#5182 =( BOUNDED_CURVE ( )  B_SPLINE_CURVE ( 2, ( #3326, #2223, #7328, #6835, #3368, #4581, #5643, #3819, #1581 ),
 .UNSPECIFIED., .F., .T. ) 
 B_SPLINE_CURVE_WITH_KNOTS ( ( 3, 2, 2, 2, 3 ),
 ( 0.6250000000000000000, 0.6406250000000000000, 0.6562500000000000000, 0.6718750000000000000, 0.6875000000000000000 ),
 .UNSPECIFIED. ) 
 CURVE ( )  GEOMETRIC_REPRESENTATION_ITEM ( )  RATIONAL_B_SPLINE_CURVE ( ( 1.000000000000000000, 0.9238795325112867385, 1.000000000000000000, 0.9238795325112867385, 1.000000000000000000, 0.9238795325112867385, 1.000000000000000000, 0.9238795325112867385, 1.000000000000000000 ) ) 
 REPRESENTATION_ITEM ( '' )  );
#5183 = CARTESIAN_POINT ( 'NONE',  ( -1.662041016787808134, -1.662041016787822789, -1.349999999999997868 ) ) ;
#5184 = FACE_OUTER_BOUND ( 'NONE', #7401, .T. ) ;
#5185 = CARTESIAN_POINT ( 'NONE',  ( 0.3248502992574757164, 3.074843869529719775, 10.94099322423835829 ) ) ;
#5186 = CARTESIAN_POINT ( 'NONE',  ( 1.662041016787807912, -1.662041016787823899, 2.775000000000001243 ) ) ;
#5187 = CARTESIAN_POINT ( 'NONE',  ( 1.662041016787808356, 1.662041016787791703, 7.025000000000002132 ) ) ;
#5188 = CARTESIAN_POINT ( 'NONE',  ( -2.878508968398398972E-16, -2.350480947161701195, -8.349999999999997868 ) ) ;
#5189 = ORIENTED_EDGE ( 'NONE', *, *, #5536, .F. ) ;
#5190 = CARTESIAN_POINT ( 'NONE',  ( -2.878508968398398972E-16, -2.350480947161703416, 8.775000000000002132 ) ) ;
#5191 = LINE ( 'NONE', #8, #4296 ) ;
#5192 = CARTESIAN_POINT ( 'NONE',  ( -3.673940397442080083E-16, -3.000000000000032419, 3.274999999999999911 ) ) ;
#5193 = CARTESIAN_POINT ( 'NONE',  ( -3.470543478231753047E-16, -2.833913811433713015, 7.054110094322556535 ) ) ;
#5194 = CARTESIAN_POINT ( 'NONE',  ( -3.736152454838741773E-16, -3.050799999999997958, 7.649999999999998579 ) ) ;
#5195 = CARTESIAN_POINT ( 'NONE',  ( 1.662041016787808356, 1.662041016787793257, -7.849999999999999645 ) ) ;
#5196 = CARTESIAN_POINT ( 'NONE',  ( -1.662041016787808134, -1.662041016787823011, -0.3499999999999978684 ) ) ;
#5197 = CARTESIAN_POINT ( 'NONE',  ( 2.159593620790642099, 2.159593620790624779, 8.556250000000000355 ) ) ;
#5198 = EDGE_LOOP ( 'NONE', ( #5955, #5659, #1189, #1369 ) ) ;
#5199 = CARTESIAN_POINT ( 'NONE',  ( -1.242640687119282328, -3.000000000000040856, -9.912500000000001421 ) ) ;
#5200 = ADVANCED_FACE ( 'NONE', ( #2562 ), #1648, .F. ) ;
#5201 = CARTESIAN_POINT ( 'NONE',  ( 0.4779929817609793186, 3.055320958419899480, 11.65728749364872741 ) ) ;
#5202 = CARTESIAN_POINT ( 'NONE',  ( -1.265060653844739091, 3.054126587736529341, -6.193750000000000533 ) ) ;
#5203 = ORIENTED_EDGE ( 'NONE', *, *, #4741, .F. ) ;
#5204 = CARTESIAN_POINT ( 'NONE',  ( 1.242640687119284548, -3.000000000000039968, 2.337499999999999911 ) ) ;
#5205 = CARTESIAN_POINT ( 'NONE',  ( -3.054126587736543996, -1.487080736599137375E-14, -2.068749999999999201 ) ) ;
#5206 = CARTESIAN_POINT ( 'NONE',  ( 2.350480947161686540, 0.9736010864139145182, -1.037499999999998535 ) ) ;
#5207 = ORIENTED_EDGE ( 'NONE', *, *, #25, .F. ) ;
#5208 = CARTESIAN_POINT ( 'NONE',  ( 0.3431998058198395540, 3.045282526901884612, 10.76374999999999815 ) ) ;
#5209 = CARTESIAN_POINT ( 'NONE',  ( 3.130631860001521272, -0.4707973867033417581, 11.81978164122127950 ) ) ;
#5210 = EDGE_CURVE ( 'NONE', #6818, #6033, #448, .T. ) ;
#5211 = ORIENTED_EDGE ( 'NONE', *, *, #4361, .F. ) ;
#5212 = CARTESIAN_POINT ( 'NONE',  ( -2.855258929079816710, 0.1259547499323946107, 7.103736158353019192 ) ) ;
#5213 = CARTESIAN_POINT ( 'NONE',  ( 2.350480947161686540, -0.9736010864139447163, -8.037499999999999645 ) ) ;
#5214 = CARTESIAN_POINT ( 'NONE',  ( -0.3822469489894812500, 2.991755456503483401, 10.76374999999999815 ) ) ;
#5215 = CARTESIAN_POINT ( 'NONE',  ( -0.4964777381573030057, -3.078870477417035900, 11.83590978048453302 ) ) ;
#5216 = EDGE_CURVE ( 'NONE', #2577, #4283, #5835, .T. ) ;
#5217 = CARTESIAN_POINT ( 'NONE',  ( -3.071965366029784317, -0.4970064592694015126, 11.83818864820600147 ) ) ;
#5218 = CARTESIAN_POINT ( 'NONE',  ( -3.000000000000015987, 1.242640687119277221, -2.162499999999999645 ) ) ;
#5219 = CARTESIAN_POINT ( 'NONE',  ( 0.9736010864139287291, -2.350480947161703416, 3.712500000000001688 ) ) ;
#5220 = CARTESIAN_POINT ( 'NONE',  ( 2.350480947161686984, -1.658795012672953420E-14, 6.900000000000001243 ) ) ;
#5221 = CARTESIAN_POINT ( 'NONE',  ( -0.9736010864139292842, -2.350480947161702083, -7.412499999999999645 ) ) ;
#5222 = ORIENTED_EDGE ( 'NONE', *, *, #5522, .T. ) ;
#5223 = CARTESIAN_POINT ( 'NONE',  ( 0.000000000000000000, -2.044870920353165796E-15, 12.34999999999999964 ) ) ;
#5224 = CARTESIAN_POINT ( 'NONE',  ( 2.121320343559654820, 2.121320343559638832, -3.350000000000000089 ) ) ;
#5225 = CARTESIAN_POINT ( 'NONE',  ( -2.637366963747506787, 0.6148649926624110140, 6.692256360529007964 ) ) ;
#5226 = CARTESIAN_POINT ( 'NONE',  ( 2.952572571297024773, 0.1276663038164229935, 7.378904150635099413 ) ) ;
#5227 = CARTESIAN_POINT ( 'NONE',  ( -0.9736010864139292842, -2.350480947161701639, -9.287499999999999645 ) ) ;
#5228 = CARTESIAN_POINT ( 'NONE',  ( -2.878508968398398972E-16, -2.350480947161702527, -0.2249999999999986455 ) ) ;
#5229 = CARTESIAN_POINT ( 'NONE',  ( -3.054126587736543996, -1.621791884505346354E-14, 8.931250000000000355 ) ) ;
#5230 = VERTEX_POINT ( 'NONE', #3777 ) ;
#5231 = CARTESIAN_POINT ( 'NONE',  ( -3.673940397442080083E-16, -3.000000000000031530, -0.8499999999999992006 ) ) ;
#5232 = APPROVAL ( #1582, 'UNSPECIFIED' ) ;
#5233 = CARTESIAN_POINT ( 'NONE',  ( -0.3824046323609550657, -2.991115787872126397, 10.76374999999999815 ) ) ;
#5234 = CARTESIAN_POINT ( 'NONE',  ( -0.9736010864139292842, -2.350480947161702083, -0.4124999999999979239 ) ) ;
#5235 = CARTESIAN_POINT ( 'NONE',  ( 3.057421916788463090, 0.3050373032987516164, 10.75730432948934201 ) ) ;
#5236 = CARTESIAN_POINT ( 'NONE',  ( 0.000000000000000000, 3.054126587736528897, -2.318749999999999645 ) ) ;
#5237 = CARTESIAN_POINT ( 'NONE',  ( -0.9736010864139292842, -2.350480947161702083, -2.412499999999998312 ) ) ;
#5238 = ORIENTED_EDGE ( 'NONE', *, *, #7048, .F. ) ;
#5239 = CARTESIAN_POINT ( 'NONE',  ( 0.000000000000000000, -3.000000000000003997, 12.34999999999999964 ) ) ;
#5240 = CARTESIAN_POINT ( 'NONE',  ( 1.662041016787807912, -1.662041016787823899, 3.900000000000001688 ) ) ;
#5241 = EDGE_LOOP ( 'NONE', ( #4255, #921, #7032, #2953 ) ) ;
#5242 = CARTESIAN_POINT ( 'NONE',  ( -2.481356709538817373, 1.372801201533836224, 7.042454925045998237 ) ) ;
#5243 = ADVANCED_FACE ( 'NONE', ( #1428 ), #4185, .F. ) ;
#5244 = CARTESIAN_POINT ( 'NONE',  ( -0.9736010864139292842, -2.350480947161701639, -9.287499999999999645 ) ) ;
#5245 = CARTESIAN_POINT ( 'NONE',  ( -1.242640687119292098, 3.000000000000002220, -5.287500000000000533 ) ) ;
#5246 = CARTESIAN_POINT ( 'NONE',  ( 1.662041016787807912, -1.662041016787823011, -4.099999999999997868 ) ) ;
#5247 = CARTESIAN_POINT ( 'NONE',  ( 3.673940397442061840E-16, 2.999999999999999556, 12.34999999999999964 ) ) ;
#5248 = CARTESIAN_POINT ( 'NONE',  ( 0.4953309318289715879, 3.088555055217934608, 11.83273142994336169 ) ) ;
#5249 = CARTESIAN_POINT ( 'NONE',  ( 3.000000000000016431, -1.457944102756756073E-14, -10.47500000000000142 ) ) ;
#5250 = DIRECTION ( 'NONE',  ( -1.051746089376965561E-14, -0.9945218953682734009, 0.1045284632676535819 ) ) ;
#5251 = CARTESIAN_POINT ( 'NONE',  ( 2.159593620790642099, 2.159593620790627000, -10.38125000000000142 ) ) ;
#5252 = ORIENTED_EDGE ( 'NONE', *, *, #1676, .T. ) ;
#5253 = CARTESIAN_POINT ( 'NONE',  ( 3.000000000000015987, 1.242640687119277665, -2.537499999999999645 ) ) ;
#5254 = ADVANCED_FACE ( 'NONE', ( #3661 ), #5485, .T. ) ;
#5255 = CARTESIAN_POINT ( 'NONE',  ( 0.3834009395400230225, 2.970850935805096960, 10.75730432948934023 ) ) ;
#5256 = CARTESIAN_POINT ( 'NONE',  ( 2.121320343559654820, 2.121320343559639277, -8.474999999999999645 ) ) ;
#5257 = CARTESIAN_POINT ( 'NONE',  ( -0.9736010864139290621, 2.350480947161670997, 3.212500000000001243 ) ) ;
#5258 = CARTESIAN_POINT ( 'NONE',  ( -0.4779929817609473441, 3.055320958419904365, 11.65728749364872741 ) ) ;
#5259 = CARTESIAN_POINT ( 'NONE',  ( -2.350480947161686984, -0.9736010864139430510, -10.41249999999999787 ) ) ;
#5260 = CARTESIAN_POINT ( 'NONE',  ( -2.350480947161686984, -1.535400067850815486E-14, 1.525000000000002132 ) ) ;
#5261 = CARTESIAN_POINT ( 'NONE',  ( 3.054126587736543996, -1.653733773532436565E-14, 5.431250000000000355 ) ) ;
#5262 = ORIENTED_EDGE ( 'NONE', *, *, #1438, .T. ) ;
#5263 = CARTESIAN_POINT ( 'NONE',  ( -1.664606546329496538E-13, -2.350480947161702971, 5.725889215912939534 ) ) ;
#5264 = AXIS2_PLACEMENT_3D ( 'NONE', #496, #6172, #986 ) ;
#5265 = B_SPLINE_CURVE_WITH_KNOTS ( 'NONE', 3,
 ( #326, #2098, #2589, #2021, #3885, #6188, #5440 ),
 .UNSPECIFIED., .F., .F.,
 ( 4, 3, 4 ),
 ( 7.360025952833063331E-16, 0.0005371863664108484293, 0.001060489824250556660 ),
 .UNSPECIFIED. ) ;
#5266 = CARTESIAN_POINT ( 'NONE',  ( -0.3092763164257790187, -3.057679023324712642, 10.76374999999999815 ) ) ;
#5267 = CARTESIAN_POINT ( 'NONE',  ( 2.350480947161686984, -1.573069736732638817E-14, -0.09999999999999853451 ) ) ;
#5268 = CARTESIAN_POINT ( 'NONE',  ( -1.242640687119285881, -3.000000000000038192, -5.912500000000000533 ) ) ;
#5269 = LINE ( 'NONE', #6964, #4669 ) ;
#5270 = AXIS2_PLACEMENT_3D ( 'NONE', #3583, #5250, #144 ) ;
#5271 = CARTESIAN_POINT ( 'NONE',  ( 0.000000000000000000, 3.054126587736528897, -1.318749999999999645 ) ) ;
#5272 = CARTESIAN_POINT ( 'NONE',  ( -0.9736010864139292842, -2.350480947161702083, -1.412499999999998090 ) ) ;
#5273 = EDGE_LOOP ( 'NONE', ( #3148, #6101, #5378, #3291 ) ) ;
#5274 = LINE ( 'NONE', #770, #1532 ) ;
#5275 = CARTESIAN_POINT ( 'NONE',  ( 1.662041016787807912, -1.662041016787824121, 4.900000000000001243 ) ) ;
#5276 = CONICAL_SURFACE ( 'NONE', #4184, 3.050799999999997070, 0.3490658503988666728 ) ;
#5277 = ORIENTED_EDGE ( 'NONE', *, *, #6301, .T. ) ;
#5278 = AXIS2_PLACEMENT_3D ( 'NONE', #3830, #6772, #987 ) ;
#5279 = CARTESIAN_POINT ( 'NONE',  ( 1.265060653844738425, -3.054126587736559095, -11.75624999999999964 ) ) ;
#5280 = CARTESIAN_POINT ( 'NONE',  ( 1.662041016787807912, -1.662041016787822789, -6.099999999999998757 ) ) ;
#5281 = CARTESIAN_POINT ( 'NONE',  ( -3.000000000000015987, -1.242640687119306531, -5.037499999999999645 ) ) ;
#5282 = CARTESIAN_POINT ( 'NONE',  ( -2.878508968398398972E-16, -2.350480947161701639, -4.224999999999997868 ) ) ;
#5283 = CARTESIAN_POINT ( 'NONE',  ( 0.000000000000000000, 3.000000000000001776, -6.349999999999999645 ) ) ;
#5284 =( BOUNDED_CURVE ( )  B_SPLINE_CURVE ( 2, ( #5081, #7371, #2198, #6808, #5691, #3021, #2947, #7019, #2881 ),
 .UNSPECIFIED., .F., .F. ) 
 B_SPLINE_CURVE_WITH_KNOTS ( ( 3, 2, 2, 2, 3 ),
 ( 0.7500000000000000000, 0.7656250000000000000, 0.7812499999999998890, 0.7968749999999997780, 0.8124999999999997780 ),
 .UNSPECIFIED. ) 
 CURVE ( )  GEOMETRIC_REPRESENTATION_ITEM ( )  RATIONAL_B_SPLINE_CURVE ( ( 1.000000000000000000, 0.9238795325112867385, 1.000000000000000000, 0.9238795325112867385, 1.000000000000000000, 0.9238795325112867385, 1.000000000000000000, 0.9238795325112878487, 0.9999999999999988898 ) ) 
 REPRESENTATION_ITEM ( '' )  );
#5285 = AXIS2_PLACEMENT_3D ( 'NONE', #5976, #905, #6053 ) ;
#5286 = EDGE_CURVE ( 'NONE', #5969, #1854, #2422, .T. ) ;
#5287 = CARTESIAN_POINT ( 'NONE',  ( 1.265060653844738425, -3.054126587736560872, 2.306249999999999467 ) ) ;
#5288 = CARTESIAN_POINT ( 'NONE',  ( 0.4969260523963486276, 3.074270622234533512, 11.83742362791116953 ) ) ;
#5289 = CARTESIAN_POINT ( 'NONE',  ( -3.000000000000015987, 1.242640687119276777, 3.837500000000001243 ) ) ;
#5290 = CARTESIAN_POINT ( 'NONE',  ( -2.121320343559653931, 2.121320343559638832, 0.7750000000000004663 ) ) ;
#5291 = CARTESIAN_POINT ( 'NONE',  ( -1.662041016787808134, -1.662041016787822345, -5.474999999999997868 ) ) ;
#5292 = ORIENTED_EDGE ( 'NONE', *, *, #358, .T. ) ;
#5293 = CARTESIAN_POINT ( 'NONE',  ( 0.000000000000000000, -9.197621790562058097E-16, 7.510428147091716689 ) ) ;
#5294 = EDGE_CURVE ( 'NONE', #4879, #788, #1353, .T. ) ;
#5295 = CARTESIAN_POINT ( 'NONE',  ( -0.7445567571664356565, 1.058453292898880127, 10.76374999999999815 ) ) ;
#5296 = CARTESIAN_POINT ( 'NONE',  ( 0.000000000000000000, 3.000000000000002220, -8.349999999999999645 ) ) ;
#5297 = CARTESIAN_POINT ( 'NONE',  ( -1.662041016787808134, -1.662041016787824121, 8.650000000000002132 ) ) ;
#5298 = CARTESIAN_POINT ( 'NONE',  ( -3.071965366029778544, 0.4970064592694307670, 11.83818864820600503 ) ) ;
#5299 = CARTESIAN_POINT ( 'NONE',  ( 2.350480947161686984, -1.464382333308311057E-14, -8.974999999999997868 ) ) ;
#5300 = CARTESIAN_POINT ( 'NONE',  ( 2.350480947161686984, -1.586847013223046836E-14, 1.025000000000001688 ) ) ;
#5301 = CARTESIAN_POINT ( 'NONE',  ( -3.054126587736543996, -1.265060653844755301, 5.993750000000001243 ) ) ;
#5302 = ORIENTED_EDGE ( 'NONE', *, *, #3222, .F. ) ;
#5303 = CARTESIAN_POINT ( 'NONE',  ( 0.000000000000000000, -3.000000000000003997, 12.34999999999999964 ) ) ;
#5304 = DIRECTION ( 'NONE',  ( -0.000000000000000000, -1.224646799147353207E-16, 1.000000000000000000 ) ) ;
#5305 = CARTESIAN_POINT ( 'NONE',  ( 1.662041016787808356, 1.662041016787792147, 1.025000000000001688 ) ) ;
#5306 = VERTEX_POINT ( 'NONE', #7169 ) ;
#5307 = EDGE_CURVE ( 'NONE', #5470, #4903, #3203, .T. ) ;
#5308 = CARTESIAN_POINT ( 'NONE',  ( 1.662041016787808356, 1.662041016787793035, -4.974999999999998757 ) ) ;
#5309 = CARTESIAN_POINT ( 'NONE',  ( 2.159593620790642099, 2.159593620790626112, -3.443749999999999645 ) ) ;
#5310 = CARTESIAN_POINT ( 'NONE',  ( -2.350480947161686984, -1.484883387385987237E-14, -2.599999999999998312 ) ) ;
#5311 = VERTEX_POINT ( 'NONE', #6048 ) ;
#5312 = CARTESIAN_POINT ( 'NONE',  ( -3.673940397442080083E-16, -3.000000000000031086, -5.725000000000000533 ) ) ;
#5313 = CARTESIAN_POINT ( 'NONE',  ( 2.350480947161686984, -1.611339949205993550E-14, 3.025000000000001688 ) ) ;
#5314 = CARTESIAN_POINT ( 'NONE',  ( 1.662041016787807912, -1.662041016787821901, -12.09999999999999787 ) ) ;
#5315 = CARTESIAN_POINT ( 'NONE',  ( 2.350480947161686984, -1.562354077240099491E-14, -0.9749999999999984235 ) ) ;
#5316 = ORIENTED_EDGE ( 'NONE', *, *, #5468, .T. ) ;
#5317 = CARTESIAN_POINT ( 'NONE',  ( 1.265060653844738425, -3.054126587736559539, -7.756250000000000533 ) ) ;
#5318 = CARTESIAN_POINT ( 'NONE',  ( -2.350480947161686984, 0.9736010864139147403, -7.537499999999999645 ) ) ;
#5319 = LINE ( 'NONE', #780, #1878 ) ;
#5320 = CYLINDRICAL_SURFACE ( 'NONE', #2732, 3.000000000000001776 ) ;
#5321 = CARTESIAN_POINT ( 'NONE',  ( 0.5257718158227909777, -2.072279788034158798, 12.11187273411069931 ) ) ;
#5322 = CARTESIAN_POINT ( 'NONE',  ( -0.9736010864139292842, -2.350480947161703416, 8.712500000000002132 ) ) ;
#5323 = CARTESIAN_POINT ( 'NONE',  ( -1.265060653844739536, -3.054126587736560428, 2.181249999999999467 ) ) ;
#5324 = CARTESIAN_POINT ( 'NONE',  ( -0.9736010864139292842, -2.350480947161701639, -10.41249999999999787 ) ) ;
#5325 = CARTESIAN_POINT ( 'NONE',  ( -1.242640687119296095, -3.000000000000029754, 4.087499999999999467 ) ) ;
#5326 = CARTESIAN_POINT ( 'NONE',  ( 2.350480947161686540, 0.9736010864139130749, 7.962500000000001243 ) ) ;
#5327 = CARTESIAN_POINT ( 'NONE',  ( 2.159593620790641655, -2.159593620790656310, -10.63124999999999964 ) ) ;
#5328 = ADVANCED_FACE ( 'NONE', ( #3096 ), #2740, .F. ) ;
#5329 = ORIENTED_EDGE ( 'NONE', *, *, #5307, .T. ) ;
#5330 = DIRECTION ( 'NONE',  ( -0.000000000000000000, -1.224646799147353207E-16, 1.000000000000000000 ) ) ;
#5331 = LINE ( 'NONE', #148, #7329 ) ;
#5332 = PLANE ( 'NONE',  #5881 ) ;
#5333 = CARTESIAN_POINT ( 'NONE',  ( -2.350480947161686984, -0.9736010864139444942, 1.462500000000001243 ) ) ;
#5334 = CARTESIAN_POINT ( 'NONE',  ( -0.4027075457408550441, 2.988323639973842649, 10.94099441725850852 ) ) ;
#5335 = CARTESIAN_POINT ( 'NONE',  ( 0.9736010864139287291, -2.350480947161701639, -11.16249999999999964 ) ) ;
#5336 = EDGE_CURVE ( 'NONE', #5914, #1069, #7052, .T. ) ;
#5337 = CARTESIAN_POINT ( 'NONE',  ( 2.350480947161686540, 0.9736010864139139631, 2.087500000000001688 ) ) ;
#5338 = CARTESIAN_POINT ( 'NONE',  ( 1.265060653844738425, -3.054126587736560872, 5.243750000000000355 ) ) ;
#5339 = ORIENTED_EDGE ( 'NONE', *, *, #2246, .F. ) ;
#5340 = CYLINDRICAL_SURFACE ( 'NONE', #3204, 3.000000000000001776 ) ;
#5341 = CARTESIAN_POINT ( 'NONE',  ( 0.000000000000000000, 3.000000000000000444, 4.774999999999999467 ) ) ;
#5342 = CARTESIAN_POINT ( 'NONE',  ( 1.662041016787807912, -1.662041016787823677, 1.775000000000001465 ) ) ;
#5343 = CARTESIAN_POINT ( 'NONE',  ( 0.000000000000000000, 3.000000000000001776, -5.349999999999999645 ) ) ;
#5344 = CARTESIAN_POINT ( 'NONE',  ( 3.000000000000015987, 1.242640687119277221, 2.587499999999999467 ) ) ;
#5345 = CARTESIAN_POINT ( 'NONE',  ( 1.265060653844738425, -3.054126587736560872, -2.756249999999999645 ) ) ;
#5346 = CARTESIAN_POINT ( 'NONE',  ( -2.350480947161686984, -0.9736010864139438281, -3.537499999999998312 ) ) ;
#5347 = ORIENTED_EDGE ( 'NONE', *, *, #3103, .F. ) ;
#5348 = CARTESIAN_POINT ( 'NONE',  ( -1.664606546329496538E-13, -2.350480947161702971, 5.725889215912939534 ) ) ;
#5349 = CARTESIAN_POINT ( 'NONE',  ( 2.350480947161686540, -0.9736010864139460486, 1.962500000000001688 ) ) ;
#5350 = CARTESIAN_POINT ( 'NONE',  ( -1.662041016787808134, -1.662041016787821457, -12.34999999999999787 ) ) ;
#5351 = EDGE_CURVE ( 'NONE', #5470, #6814, #4995, .T. ) ;
#5352 = CARTESIAN_POINT ( 'NONE',  ( 2.350480947161686984, -1.550107609248625976E-14, -1.974999999999998535 ) ) ;
#5353 = ORIENTED_EDGE ( 'NONE', *, *, #3958, .F. ) ;
#5354 = CARTESIAN_POINT ( 'NONE',  ( -3.054126587736543996, 1.265060653844724881, -8.131249999999999645 ) ) ;
#5355 = CARTESIAN_POINT ( 'NONE',  ( -1.662041016787807912, 1.662041016787792369, 3.275000000000001688 ) ) ;
#5356 = CARTESIAN_POINT ( 'NONE',  ( 0.000000000000000000, 2.350480947161672773, -8.724999999999997868 ) ) ;
#5357 = DIRECTION ( 'NONE',  ( 1.000000000000000000, -1.224646799147353207E-16, -1.499759782661857608E-32 ) ) ;
#5358 = CARTESIAN_POINT ( 'NONE',  ( 0.000000000000000000, -2.044870920353165796E-15, 12.34999999999999964 ) ) ;
#5359 = CARTESIAN_POINT ( 'NONE',  ( -1.255148924835357116, -2.682377272910745347, -11.76927202377451209 ) ) ;
#5360 = CARTESIAN_POINT ( 'NONE',  ( 1.242640687119299647, -3.000000000000024869, 0.3375000000000001887 ) ) ;
#5361 = CARTESIAN_POINT ( 'NONE',  ( 1.265060653844741090, 3.054126587736527121, 3.681249999999999911 ) ) ;
#5362 = CARTESIAN_POINT ( 'NONE',  ( 2.350480947161686984, -1.438358588826430154E-14, -11.09999999999999787 ) ) ;
#5363 = VECTOR ( 'NONE', #4590, 1000.000000000000114 ) ;
#5364 = CARTESIAN_POINT ( 'NONE',  ( 0.4188713088899468917, -3.155949487122298169, 11.81363098836964909 ) ) ;
#5365 = CARTESIAN_POINT ( 'NONE',  ( -1.242640687119285881, -3.000000000000039080, 1.087500000000001243 ) ) ;
#5366 = CARTESIAN_POINT ( 'NONE',  ( -3.740226349862386965E-16, -3.054126587736558207, -12.75624999999999964 ) ) ;
#5367 = VERTEX_POINT ( 'NONE', #3246 ) ;
#5368 = DIRECTION ( 'NONE',  ( -0.000000000000000000, -1.224646799147353207E-16, 1.000000000000000000 ) ) ;
#5369 = EDGE_CURVE ( 'NONE', #962, #5601, #1126, .T. ) ;
#5370 = CARTESIAN_POINT ( 'NONE',  ( 3.074843869529719775, 0.3248502992574742176, 10.94099322423835652 ) ) ;
#5371 =( BOUNDED_CURVE ( )  B_SPLINE_CURVE ( 2, ( #5754, #1308, #3613, #782, #2438, #7125, #4009, #5360, #7087 ),
 .UNSPECIFIED., .F., .T. ) 
 B_SPLINE_CURVE_WITH_KNOTS ( ( 3, 2, 2, 2, 3 ),
 ( 0.1250000000000000000, 0.1406249999999999722, 0.1562499999999999445, 0.1718749999999998890, 0.1874999999999998612 ),
 .UNSPECIFIED. ) 
 CURVE ( )  GEOMETRIC_REPRESENTATION_ITEM ( )  RATIONAL_B_SPLINE_CURVE ( ( 1.000000000000000000, 0.9238795325112867385, 1.000000000000000000, 0.9238795325112867385, 1.000000000000000000, 0.9238795325112867385, 1.000000000000000000, 0.9238795325112874046, 0.9999999999999993339 ) ) 
 REPRESENTATION_ITEM ( '' )  );
#5372 = CARTESIAN_POINT ( 'NONE',  ( -1.662041016787808134, -1.662041016787822567, -4.474999999999997868 ) ) ;
#5373 = CARTESIAN_POINT ( 'NONE',  ( -0.9736010864139290621, 2.350480947161670553, 8.337500000000000355 ) ) ;
#5374 = CARTESIAN_POINT ( 'NONE',  ( 2.599277903656505906, -1.325189116301381809, 7.275214396845606224 ) ) ;
#5375 = CARTESIAN_POINT ( 'NONE',  ( -2.350480947161686984, -1.437428323919027052E-14, -6.474999999999997868 ) ) ;
#5376 = CARTESIAN_POINT ( 'NONE',  ( -3.000000000000016431, -1.425797124279137781E-14, -7.099999999999999645 ) ) ;
#5377 = CARTESIAN_POINT ( 'NONE',  ( 2.350480947161686984, -1.599093481214520036E-14, 2.025000000000001688 ) ) ;
#5378 = ORIENTED_EDGE ( 'NONE', *, *, #5124, .F. ) ;
#5379 = CARTESIAN_POINT ( 'NONE',  ( 0.4188713088899404524, 3.155949487122279962, 11.81363098836948744 ) ) ;
#5380 = EDGE_CURVE ( 'NONE', #4912, #4102, #4758, .T. ) ;
#5381 = CARTESIAN_POINT ( 'NONE',  ( -3.000000000000015987, 1.242640687119276555, 4.962499999999999467 ) ) ;
#5382 = CARTESIAN_POINT ( 'NONE',  ( 2.159593620790641655, -2.159593620790657198, -1.631250000000000755 ) ) ;
#5383 = CARTESIAN_POINT ( 'NONE',  ( -0.3989839930302127025, -1.892739746863329131, 10.76374999999999815 ) ) ;
#5384 = CARTESIAN_POINT ( 'NONE',  ( -2.350480947161686984, 0.9736010864139154064, -11.66249999999999787 ) ) ;
#5385 = CARTESIAN_POINT ( 'NONE',  ( 2.159593620790642099, 2.159593620790625668, 1.556250000000000355 ) ) ;
#5386 = CARTESIAN_POINT ( 'NONE',  ( 3.000000000000015987, 1.242640687119277221, 4.587500000000000355 ) ) ;
#5387 = VERTEX_POINT ( 'NONE', #3076 ) ;
#5388 = CARTESIAN_POINT ( 'NONE',  ( -3.000000000000016431, -1.586532016667227663E-14, 6.025000000000001243 ) ) ;
#5389 = CARTESIAN_POINT ( 'NONE',  ( -2.350480947161686984, 0.9736010864139131860, 4.462500000000002132 ) ) ;
#5390 = AXIS2_PLACEMENT_3D ( 'NONE', #2506, #3529, #4063 ) ;
#5391 = DIRECTION ( 'NONE',  ( 0.000000000000000000, -0.1045284632676539566, 0.9945218953682734009 ) ) ;
#5392 = CARTESIAN_POINT ( 'NONE',  ( 2.350480947161686540, -0.9736010864139458265, -0.03749999999999848593 ) ) ;
#5393 = ORIENTED_EDGE ( 'NONE', *, *, #467, .T. ) ;
#5394 = VECTOR ( 'NONE', #6270, 1000.000000000000000 ) ;
#5395 = APPLICATION_CONTEXT ( 'configuration controlled 3d designs of mechanical parts and assemblies' ) ;
#5396 = CARTESIAN_POINT ( 'NONE',  ( 0.000000000000000000, 3.054126587736529785, -9.318750000000001421 ) ) ;
#5397 = CARTESIAN_POINT ( 'NONE',  ( 0.9736010864139306165, 2.350480947161670553, 4.087500000000002132 ) ) ;
#5398 = CARTESIAN_POINT ( 'NONE',  ( 1.662041016787808356, 1.662041016787793035, -5.849999999999998757 ) ) ;
#5399 = CARTESIAN_POINT ( 'NONE',  ( 1.242640687119293874, 2.999999999999999556, 1.712500000000000133 ) ) ;
#5400 = CARTESIAN_POINT ( 'NONE',  ( 1.242640687119293874, 2.999999999999999556, 2.587500000000000355 ) ) ;
#5401 = LINE ( 'NONE', #219, #4306 ) ;
#5402 = CARTESIAN_POINT ( 'NONE',  ( -2.350480947161686984, -0.9736010864139452714, 8.587500000000002132 ) ) ;
#5403 = CIRCLE ( 'NONE', #2132, 4.658104324049652689 ) ;
#5404 = CARTESIAN_POINT ( 'NONE',  ( -3.740226349862386965E-16, -3.054126587736559983, 2.243749999999999023 ) ) ;
#5405 = CARTESIAN_POINT ( 'NONE',  ( -2.350480947161686984, -1.386911643454198803E-14, -10.59999999999999787 ) ) ;
#5406 = CARTESIAN_POINT ( 'NONE',  ( -3.673940397442080083E-16, -3.000000000000030642, -10.72499999999999964 ) ) ;
#5407 = CARTESIAN_POINT ( 'NONE',  ( -3.000000000000015987, 1.242640687119277221, 0.9625000000000000222 ) ) ;
#5408 = CARTESIAN_POINT ( 'NONE',  ( -2.159593620790641655, 2.159593620790627888, -13.13125000000000142 ) ) ;
#5409 = ORIENTED_EDGE ( 'NONE', *, *, #2930, .F. ) ;
#5410 = AXIS2_PLACEMENT_3D ( 'NONE', #830, #3588, #3169 ) ;
#5411 = CARTESIAN_POINT ( 'NONE',  ( 0.4748537796649324738, -3.126380839535692679, 11.82102052362714772 ) ) ;
#5412 = CARTESIAN_POINT ( 'NONE',  ( 3.140105338715597938, 0.4002752944749281561, 11.64091577994608429 ) ) ;
#5413 = CARTESIAN_POINT ( 'NONE',  ( 0.9736010864139287291, -2.350480947161702527, -2.287499999999998312 ) ) ;
#5414 = CARTESIAN_POINT ( 'NONE',  ( -1.662041016787807912, 1.662041016787792591, 1.275000000000001465 ) ) ;
#5415 = CARTESIAN_POINT ( 'NONE',  ( -1.036641778415221093, -0.9228531685151993846, 12.25158252684686033 ) ) ;
#5416 = CARTESIAN_POINT ( 'NONE',  ( -0.3050373034875096812, 3.057421916954504937, 10.75730433123960772 ) ) ;
#5417 = CARTESIAN_POINT ( 'NONE',  ( 0.9736010864139306165, 2.350480947161670553, 3.212500000000001243 ) ) ;
#5418 = EDGE_LOOP ( 'NONE', ( #7111, #1748, #3216, #2394, #4098, #3799, #1640, #4081, #5873, #1999, #227, #5041, #3321, #2980, #61, #550, #4898, #4288, #6858, #699, #3555, #6896, #7457, #304, #5126 ) ) ;
#5419 = DIRECTION ( 'NONE',  ( 0.000000000000000000, 1.224646799147352961E-16, -1.000000000000000000 ) ) ;
#5420 =( BOUNDED_CURVE ( )  B_SPLINE_CURVE ( 3, ( #2751, #1085, #483, #2293 ),
 .UNSPECIFIED., .F., .T. ) 
 B_SPLINE_CURVE_WITH_KNOTS ( ( 4, 4 ),
 ( 2.946332657651819176, 3.336852649527770609 ),
 .UNSPECIFIED. ) 
 CURVE ( )  GEOMETRIC_REPRESENTATION_ITEM ( )  RATIONAL_B_SPLINE_CURVE ( ( 1.000000000000000000, 0.9873315052531760339, 0.9873315052531760339, 1.000000000000000000 ) ) 
 REPRESENTATION_ITEM ( '' )  );
#5421 = DIRECTION ( 'NONE',  ( -0.9945218953682734009, 8.759593272591302580E-17, 0.1045284632676537068 ) ) ;
#5422 = CARTESIAN_POINT ( 'NONE',  ( -3.054126587736543996, -1.463353204865657598E-14, -4.006250000000000533 ) ) ;
#5423 = CYLINDRICAL_SURFACE ( 'NONE', #5615, 3.000000000000001776 ) ;
#5424 = CARTESIAN_POINT ( 'NONE',  ( 2.159593620790641655, -2.159593620790657642, 1.306250000000000133 ) ) ;
#5425 = CARTESIAN_POINT ( 'NONE',  ( 1.855942136732821934, 0.5981793365594101353, 12.38072256709985375 ) ) ;
#5426 = EDGE_CURVE ( 'NONE', #1812, #1577, #772, .T. ) ;
#5427 = ORIENTED_EDGE ( 'NONE', *, *, #195, .F. ) ;
#5428 = CARTESIAN_POINT ( 'NONE',  ( -1.662041016787808134, -1.662041016787823455, 2.650000000000001243 ) ) ;
#5429 = CARTESIAN_POINT ( 'NONE',  ( 2.350480947161686984, -1.648079353180414095E-14, 6.025000000000002132 ) ) ;
#5430 = CARTESIAN_POINT ( 'NONE',  ( -0.9736010864139290621, 2.350480947161673217, -8.662499999999997868 ) ) ;
#5431 = CARTESIAN_POINT ( 'NONE',  ( -2.350480947161686984, 0.9736010864139139631, -0.5374999999999980904 ) ) ;
#5432 = VERTEX_POINT ( 'NONE', #7002 ) ;
#5433 = CARTESIAN_POINT ( 'NONE',  ( 3.054126587736543996, -1.265060653844755301, -8.631250000000003197 ) ) ;
#5434 = CARTESIAN_POINT ( 'NONE',  ( -2.350480947161686984, -1.570608663326301526E-14, 4.400000000000001243 ) ) ;
#5435 = CARTESIAN_POINT ( 'NONE',  ( -1.662041016787808134, -1.662041016787821457, -12.47499999999999787 ) ) ;
#5436 = CARTESIAN_POINT ( 'NONE',  ( 2.434239324092467793, -1.141154525675847076, 6.638306263344839309 ) ) ;
#5437 = CARTESIAN_POINT ( 'NONE',  ( -2.350480947161686984, -1.486414195884921111E-14, -2.474999999999997868 ) ) ;
#5438 = ADVANCED_FACE ( 'NONE', ( #3644 ), #1858, .T. ) ;
#5439 = SPHERICAL_SURFACE ( 'NONE', #685, 9.716409625934264938 ) ;
#5440 = CARTESIAN_POINT ( 'NONE',  ( -0.4188713088899579384, -3.155949487122295949, 11.81363098836964909 ) ) ;
#5441 = CARTESIAN_POINT ( 'NONE',  ( 2.159593620790642099, 2.159593620790625224, 4.618749999999999467 ) ) ;
#5442 = CARTESIAN_POINT ( 'NONE',  ( 0.000000000000000000, 2.350480947161672773, -9.849999999999997868 ) ) ;
#5443 = CARTESIAN_POINT ( 'NONE',  ( 0.000000000000000000, 3.000000000000000444, 3.650000000000000355 ) ) ;
#5444 = CARTESIAN_POINT ( 'NONE',  ( 1.510503276197944666, 2.069476794194529123, 6.293175596559779983 ) ) ;
#5445 = CARTESIAN_POINT ( 'NONE',  ( 2.159593620790641655, -2.159593620790656754, -6.631250000000000533 ) ) ;
#5446 = VERTEX_POINT ( 'NONE', #2508 ) ;
#5447 = CARTESIAN_POINT ( 'NONE',  ( 3.000000000000015543, -1.242640687119309639, 4.337499999999999467 ) ) ;
#5448 = CARTESIAN_POINT ( 'NONE',  ( 0.000000000000000000, -2.044870920353165796E-15, 12.34999999999999964 ) ) ;
#5449 = CARTESIAN_POINT ( 'NONE',  ( -2.350480947161686984, -0.9736010864139438281, -3.537499999999999201 ) ) ;
#5450 = CARTESIAN_POINT ( 'NONE',  ( 2.399635689795978966, 0.3469831904461181948, 5.887966564980040118 ) ) ;
#5451 = CARTESIAN_POINT ( 'NONE',  ( -3.673940397442080083E-16, -3.000000000000031974, 0.2750000000000002998 ) ) ;
#5452 = CARTESIAN_POINT ( 'NONE',  ( 0.9736010864139306165, 2.350480947161671885, -4.787499999999997868 ) ) ;
#5453 = CARTESIAN_POINT ( 'NONE',  ( -3.673940397442080083E-16, -3.000000000000032419, 6.150000000000001243 ) ) ;
#5454 = CARTESIAN_POINT ( 'NONE',  ( -1.662041016787808134, -1.662041016787823455, 2.650000000000001243 ) ) ;
#5455 = ORIENTED_EDGE ( 'NONE', *, *, #2641, .T. ) ;
#5456 = DIRECTION ( 'NONE',  ( 1.000000000000000000, 0.000000000000000000, 0.000000000000000000 ) ) ;
#5457 = CARTESIAN_POINT ( 'NONE',  ( 0.000000000000000000, 3.000000000000000444, 3.774999999999999911 ) ) ;
#5458 = B_SPLINE_CURVE_WITH_KNOTS ( 'NONE', 3,
 ( #4275, #1357, #5415, #3101 ),
 .UNSPECIFIED., .F., .F.,
 ( 4, 4 ),
 ( 0.000000000000000000, 0.0004527996949924892713 ),
 .UNSPECIFIED. ) ;
#5459 = CARTESIAN_POINT ( 'NONE',  ( 1.265060653844741090, 3.054126587736528453, -5.318750000000000533 ) ) ;
#5460 = CARTESIAN_POINT ( 'NONE',  ( 3.155785101478133736, 0.4201098582477527099, 11.81363098836951409 ) ) ;
#5461 = CARTESIAN_POINT ( 'NONE',  ( 2.159593620790642099, 2.159593620790625668, 2.556250000000000355 ) ) ;
#5462 = CARTESIAN_POINT ( 'NONE',  ( 2.350480947161686540, 0.9736010864139139631, 1.962500000000001688 ) ) ;
#5463 = ORIENTED_EDGE ( 'NONE', *, *, #2653, .F. ) ;
#5464 = CARTESIAN_POINT ( 'NONE',  ( -2.878508968398398972E-16, -2.350480947161702527, 2.775000000000001243 ) ) ;
#5465 = CARTESIAN_POINT ( 'NONE',  ( -1.662041016787808134, -1.662041016787823899, 6.650000000000001243 ) ) ;
#5466 = CC_DESIGN_PERSON_AND_ORGANIZATION_ASSIGNMENT ( #1092, #2154, ( #3232 ) ) ;
#5467 = CARTESIAN_POINT ( 'NONE',  ( -0.9736010864139292842, -2.350480947161701639, -10.28749999999999787 ) ) ;
#5468 = EDGE_CURVE ( 'NONE', #2275, #788, #5584, .T. ) ;
#5469 = CARTESIAN_POINT ( 'NONE',  ( -3.155949487122290176, 0.4188713088899896908, 11.81363098836964909 ) ) ;
#5470 = VERTEX_POINT ( 'NONE', #1898 ) ;
#5471 = CARTESIAN_POINT ( 'NONE',  ( -2.159593620790641655, 2.159593620790627888, -11.19374999999999964 ) ) ;
#5472 = CARTESIAN_POINT ( 'NONE',  ( 0.9736010864139306165, 2.350480947161670109, 8.087500000000000355 ) ) ;
#5473 = CARTESIAN_POINT ( 'NONE',  ( -0.9736010864139292842, -2.350480947161702083, -5.287499999999996980 ) ) ;
#5474 = CARTESIAN_POINT ( 'NONE',  ( 0.3840784068098126447, -2.044095216605292809, 10.76374999999999815 ) ) ;
#5475 = CARTESIAN_POINT ( 'NONE',  ( -2.350480947161686984, -1.498660663876394626E-14, -1.474999999999998090 ) ) ;
#5476 = CARTESIAN_POINT ( 'NONE',  ( 1.922160659580462783, -0.5436799907859446446, 12.14276737506911452 ) ) ;
#5477 = CARTESIAN_POINT ( 'NONE',  ( -3.010013938068632822, -0.3751181655940454829, 10.76374999999999815 ) ) ;
#5478 = EDGE_CURVE ( 'NONE', #5777, #3741, #2867, .T. ) ;
#5479 = ORIENTED_EDGE ( 'NONE', *, *, #2295, .F. ) ;
#5480 = CARTESIAN_POINT ( 'NONE',  ( -2.350480947161686984, 0.9736010864139152954, -10.66249999999999787 ) ) ;
#5481 = DIRECTION ( 'NONE',  ( 0.000000000000000000, -1.000000000000000000, 0.000000000000000000 ) ) ;
#5482 = CARTESIAN_POINT ( 'NONE',  ( -3.000000000000015987, 1.242640687119277443, -3.162499999999999645 ) ) ;
#5483 = CARTESIAN_POINT ( 'NONE',  ( -1.265060653844739091, 3.054126587736529341, -6.193750000000000533 ) ) ;
#5484 = VERTEX_POINT ( 'NONE', #1336 ) ;
#5485 = CYLINDRICAL_SURFACE ( 'NONE', #6363, 3.000000000000001776 ) ;
#5486 = CARTESIAN_POINT ( 'NONE',  ( 3.091509112269773318, 0.3439604872179690132, 11.11825110038094699 ) ) ;
#5487 = CARTESIAN_POINT ( 'NONE',  ( -0.9736010864139292842, -2.350480947161702527, -1.412499999999997868 ) ) ;
#5488 = CARTESIAN_POINT ( 'NONE',  ( 0.2700750632092174808, 2.473093574301588049, 6.062764640319784348 ) ) ;
#5489 = DIRECTION ( 'NONE',  ( -0.000000000000000000, -1.224646799147353207E-16, 1.000000000000000000 ) ) ;
#5490 = CARTESIAN_POINT ( 'NONE',  ( 0.000000000000000000, 2.350480947161672329, -6.724999999999998757 ) ) ;
#5491 = CARTESIAN_POINT ( 'NONE',  ( -3.005328585241041406, -0.4214895745171132191, 11.11969348422521264 ) ) ;
#5492 = CARTESIAN_POINT ( 'NONE',  ( -2.878508968398398972E-16, -2.350480947161702527, 2.775000000000001243 ) ) ;
#5493 = EDGE_CURVE ( 'NONE', #4283, #5771, #6626, .T. ) ;
#5494 = ORIENTED_EDGE ( 'NONE', *, *, #2247, .F. ) ;
#5495 = CARTESIAN_POINT ( 'NONE',  ( 0.000000000000000000, 3.000000000000002220, -10.22500000000000142 ) ) ;
#5496 = CARTESIAN_POINT ( 'NONE',  ( 0.000000000000000000, -2.044870920353165796E-15, 12.34999999999999964 ) ) ;
#5497 = CARTESIAN_POINT ( 'NONE',  ( -3.054126587736543996, -1.265060653844753746, -1.943750000000000089 ) ) ;
#5498 = CARTESIAN_POINT ( 'NONE',  ( 3.155379854719140731, 0.4225759122075713470, 11.81365701814858760 ) ) ;
#5499 = CARTESIAN_POINT ( 'NONE',  ( 1.265060653844738425, -3.054126587736560872, 1.243749999999999911 ) ) ;
#5500 = CARTESIAN_POINT ( 'NONE',  ( 0.9736010864139306165, 2.350480947161670997, 1.087500000000001688 ) ) ;
#5501 = ORIENTED_EDGE ( 'NONE', *, *, #1845, .F. ) ;
#5502 = CARTESIAN_POINT ( 'NONE',  ( -0.9736010864139292842, -2.350480947161703416, 3.712500000000001688 ) ) ;
#5503 = CARTESIAN_POINT ( 'NONE',  ( 2.350480947161686540, -0.9736010864139448273, -7.037499999999999645 ) ) ;
#5504 = CARTESIAN_POINT ( 'NONE',  ( -0.9736010864139290621, 2.350480947161672329, -5.787499999999997868 ) ) ;
#5505 = ORIENTED_EDGE ( 'NONE', *, *, #4506, .T. ) ;
#5506 = CARTESIAN_POINT ( 'NONE',  ( 1.265060653844741090, 3.054126587736528453, -6.381249999999999645 ) ) ;
#5507 = CARTESIAN_POINT ( 'NONE',  ( -2.878508968398398972E-16, -2.350480947161703416, 8.650000000000002132 ) ) ;
#5508 = CARTESIAN_POINT ( 'NONE',  ( 0.9736010864139306165, 2.350480947161672329, -10.91249999999999964 ) ) ;
#5509 = VECTOR ( 'NONE', #3901, 1000.000000000000000 ) ;
#5510 = CARTESIAN_POINT ( 'NONE',  ( -1.242640687119278997, 3.000000000000014211, 2.837499999999999911 ) ) ;
#5511 = CARTESIAN_POINT ( 'NONE',  ( 2.350480947161686540, -0.9736010864139457155, -2.037499999999998312 ) ) ;
#5512 = CYLINDRICAL_SURFACE ( 'NONE', #7200, 3.000000000000001776 ) ;
#5513 = CARTESIAN_POINT ( 'NONE',  ( -3.054192331804051364, 0.3257410691792920754, 10.76374999999999815 ) ) ;
#5514 = CIRCLE ( 'NONE', #1266, 3.073278406809817120 ) ;
#5515 = ORIENTED_EDGE ( 'NONE', *, *, #1666, .T. ) ;
#5516 = CYLINDRICAL_SURFACE ( 'NONE', #4317, 3.000000000000001776 ) ;
#5517 = CARTESIAN_POINT ( 'NONE',  ( 2.286158134432291433, -1.018413985093409080, -12.24278791065666994 ) ) ;
#5518 = CARTESIAN_POINT ( 'NONE',  ( 0.000000000000000000, -3.000000000000003997, 12.34999999999999964 ) ) ;
#5519 = CARTESIAN_POINT ( 'NONE',  ( -3.054126587736543996, 1.265060653844724881, -8.068749999999999645 ) ) ;
#5520 = ORIENTED_EDGE ( 'NONE', *, *, #2288, .T. ) ;
#5521 = CIRCLE ( 'NONE', #2483, 9.713516018797381690 ) ;
#5522 = EDGE_CURVE ( 'NONE', #4277, #962, #929, .T. ) ;
#5523 = CARTESIAN_POINT ( 'NONE',  ( 0.000000000000000000, 2.070106209874711453E-15, 12.34999999999999964 ) ) ;
#5524 = VECTOR ( 'NONE', #4519, 1000.000000000000000 ) ;
#5525 = CARTESIAN_POINT ( 'NONE',  ( -3.000000000000015987, 1.242640687119277887, -6.037500000000000533 ) ) ;
#5526 = AXIS2_PLACEMENT_3D ( 'NONE', #3043, #5357, #2357 ) ;
#5527 = CARTESIAN_POINT ( 'NONE',  ( 0.9736010864139306165, 2.350480947161670997, 0.08750000000000163203 ) ) ;
#5528 = CARTESIAN_POINT ( 'NONE',  ( 0.000000000000000000, 3.054126587736527565, 8.743750000000000355 ) ) ;
#5529 = CYLINDRICAL_SURFACE ( 'NONE', #7036, 3.000000000000001776 ) ;
#5530 = VECTOR ( 'NONE', #450, 999.9999999999998863 ) ;
#5531 = CARTESIAN_POINT ( 'NONE',  ( -2.350480947161686984, -0.9736010864139433840, -6.412499999999999645 ) ) ;
#5532 = CARTESIAN_POINT ( 'NONE',  ( 0.000000000000000000, 3.000000000000000444, 6.650000000000000355 ) ) ;
#5533 = CARTESIAN_POINT ( 'NONE',  ( 1.662041016787808356, 1.662041016787793701, -10.97499999999999787 ) ) ;
#5534 = AXIS2_PLACEMENT_3D ( 'NONE', #7013, #1832, #5891 ) ;
#5535 = CARTESIAN_POINT ( 'NONE',  ( 0.9736010864139287291, -2.350480947161703416, 3.837500000000002132 ) ) ;
#5536 = EDGE_CURVE ( 'NONE', #938, #6497, #3303, .T. ) ;
#5537 = ORIENTED_EDGE ( 'NONE', *, *, #6003, .F. ) ;
#5538 = FACE_OUTER_BOUND ( 'NONE', #7239, .T. ) ;
#5539 =( BOUNDED_CURVE ( )  B_SPLINE_CURVE ( 2, ( #1846, #1288, #3597, #3066, #6022, #5381, #763, #271, #5341 ),
 .UNSPECIFIED., .F., .F. ) 
 B_SPLINE_CURVE_WITH_KNOTS ( ( 3, 2, 2, 2, 3 ),
 ( 0.4375000000000000555, 0.4531250000000001110, 0.4687500000000001110, 0.4843750000000001665, 0.5000000000000002220 ),
 .UNSPECIFIED. ) 
 CURVE ( )  GEOMETRIC_REPRESENTATION_ITEM ( )  RATIONAL_B_SPLINE_CURVE ( ( 0.9999999999999997780, 0.9238795325112869605, 1.000000000000000000, 0.9238795325112867385, 1.000000000000000000, 0.9238795325112867385, 1.000000000000000000, 0.9238795325112856283, 1.000000000000001110 ) ) 
 REPRESENTATION_ITEM ( '' )  );
#5540 = APPROVAL_PERSON_ORGANIZATION ( #4503, #5232, #6132 ) ;
#5541 = CARTESIAN_POINT ( 'NONE',  ( -3.673940397442080083E-16, -3.000000000000031974, -0.7250000000000006439 ) ) ;
#5542 = CARTESIAN_POINT ( 'NONE',  ( -3.054126587736543996, -1.475599672857131113E-14, -3.006250000000000089 ) ) ;
#5543 = CARTESIAN_POINT ( 'NONE',  ( 3.110101974821271487, 0.4870458400202330451, 11.82591190759382549 ) ) ;
#5544 = CARTESIAN_POINT ( 'NONE',  ( 1.265060653844741090, 3.054126587736527565, 2.618750000000000355 ) ) ;
#5545 = CARTESIAN_POINT ( 'NONE',  ( 1.662041016787807912, -1.662041016787823677, 1.775000000000001465 ) ) ;
#5546 = ORIENTED_EDGE ( 'NONE', *, *, #7126, .T. ) ;
#5547 = CARTESIAN_POINT ( 'NONE',  ( -3.000000000000015987, -1.242640687119306753, -1.912499999999999867 ) ) ;
#5548 = CARTESIAN_POINT ( 'NONE',  ( 0.000000000000000000, 2.350480947161672773, -10.72499999999999787 ) ) ;
#5549 = ADVANCED_FACE ( 'NONE', ( #6779 ), #6216, .T. ) ;
#5550 = CARTESIAN_POINT ( 'NONE',  ( -1.662041016787808134, -1.662041016787823233, 0.6500000000000021316 ) ) ;
#5551 = ORIENTED_EDGE ( 'NONE', *, *, #5493, .T. ) ;
#5552 = CARTESIAN_POINT ( 'NONE',  ( 0.000000000000000000, 2.350480947161670553, 7.150000000000002132 ) ) ;
#5553 = CARTESIAN_POINT ( 'NONE',  ( 1.662041016787808356, 1.662041016787793923, -11.97499999999999787 ) ) ;
#5554 = CARTESIAN_POINT ( 'NONE',  ( 2.312698411146422828, 1.910870497726324890, 7.510428147091732676 ) ) ;
#5555 = CARTESIAN_POINT ( 'NONE',  ( -2.878508968398398972E-16, -2.350480947161702083, -1.224999999999997868 ) ) ;
#5556 = CARTESIAN_POINT ( 'NONE',  ( 0.000000000000000000, -1.598099159361430338E-15, 8.701831717497686469 ) ) ;
#5557 = CARTESIAN_POINT ( 'NONE',  ( -3.033617658635281877, -0.3580362349316363879, 10.76374999999999815 ) ) ;
#5558 = ORIENTED_EDGE ( 'NONE', *, *, #6217, .F. ) ;
#5559 = CARTESIAN_POINT ( 'NONE',  ( 2.350480947161686984, -1.499590928783798043E-14, -6.099999999999998757 ) ) ;
#5560 = B_SPLINE_CURVE_WITH_KNOTS ( 'NONE', 3,
 ( #2719, #945, #453, #2682, #6201, #4999, #1653, #6130, #6277, #3897, #7288, #3251, #2112, #4421, #6730, #1091 ),
 .UNSPECIFIED., .F., .F.,
 ( 4, 3, 3, 3, 3, 4 ),
 ( 0.000000000000000000, 2.927463342875436561E-05, 5.856015463983815431E-05, 8.769713700750470398E-05, 0.0001167907796613693993, 0.0001273437867678678728 ),
 .UNSPECIFIED. ) ;
#5561 = CARTESIAN_POINT ( 'NONE',  ( 2.524962024124755011, -0.08671346046385873529, -12.20369738917700353 ) ) ;
#5562 = CARTESIAN_POINT ( 'NONE',  ( 2.429152939942393008, -0.5616861358655158565, 6.059907616581181600 ) ) ;
#5563 = CARTESIAN_POINT ( 'NONE',  ( -1.265060653844739536, -3.054126587736558207, -8.818749999999999645 ) ) ;
#5564 = CARTESIAN_POINT ( 'NONE',  ( 1.009738695057564195, 0.4182474619457566822, 10.76374999999999815 ) ) ;
#5565 = ORIENTED_EDGE ( 'NONE', *, *, #5426, .T. ) ;
#5566 = CARTESIAN_POINT ( 'NONE',  ( -2.350480947161686984, -0.9736010864139444942, 2.462500000000000799 ) ) ;
#5567 = CARTESIAN_POINT ( 'NONE',  ( 7.259706225345509514E-16, 5.927999999999999048, 8.701831717497686469 ) ) ;
#5568 = CARTESIAN_POINT ( 'NONE',  ( 2.350480947161686540, 0.9736010864139145182, -1.037499999999998535 ) ) ;
#5569 = EDGE_CURVE ( 'NONE', #3380, #3028, #5089, .T. ) ;
#5570 = CARTESIAN_POINT ( 'NONE',  ( 2.159593620790642099, 2.159593620790624779, 7.618749999999999467 ) ) ;
#5571 = FACE_OUTER_BOUND ( 'NONE', #5111, .T. ) ;
#5572 = CALENDAR_DATE ( 2026, 8, 1 ) ;
#5573 = CARTESIAN_POINT ( 'NONE',  ( -3.115381264654595306, -0.4586699509811785758, 11.47344113644774843 ) ) ;
#5574 = CARTESIAN_POINT ( 'NONE',  ( -0.9736010864139290621, 2.350480947161673662, -12.78749999999999787 ) ) ;
#5575 = CARTESIAN_POINT ( 'NONE',  ( 2.350480947161686984, -1.635832885188940580E-14, 5.025000000000002132 ) ) ;
#5576 = ORIENTED_EDGE ( 'NONE', *, *, #6273, .T. ) ;
#5577 = CARTESIAN_POINT ( 'NONE',  ( -3.000000000000015987, 1.242640687119278109, -8.037499999999999645 ) ) ;
#5578 = CARTESIAN_POINT ( 'NONE',  ( -3.673940397442080083E-16, -3.000000000000032863, 7.275000000000000355 ) ) ;
#5579 = CARTESIAN_POINT ( 'NONE',  ( 1.265060653844738425, -3.054126587736560872, -0.6937500000000007550 ) ) ;
#5580 = EDGE_CURVE ( 'NONE', #6887, #1798, #6816, .T. ) ;
#5581 = LINE ( 'NONE', #2500, #7284 ) ;
#5582 = CARTESIAN_POINT ( 'NONE',  ( 0.000000000000000000, 2.350480947161671885, -2.724999999999998312 ) ) ;
#5583 = CARTESIAN_POINT ( 'NONE',  ( -3.054126587736543996, 1.265060653844723770, 2.868749999999999911 ) ) ;
#5584 =( BOUNDED_CURVE ( )  B_SPLINE_CURVE ( 2, ( #3037, #4135, #5917, #4172, #5992, #2824, #3435, #5744, #5876 ),
 .UNSPECIFIED., .F., .F. ) 
 B_SPLINE_CURVE_WITH_KNOTS ( ( 3, 2, 2, 2, 3 ),
 ( 0.5624999999999998890, 0.5781249999999998890, 0.5937500000000000000, 0.6093750000000000000, 0.6250000000000000000 ),
 .UNSPECIFIED. ) 
 CURVE ( )  GEOMETRIC_REPRESENTATION_ITEM ( )  RATIONAL_B_SPLINE_CURVE ( ( 1.000000000000000444, 0.9238795325112861834, 1.000000000000000000, 0.9238795325112867385, 1.000000000000000000, 0.9238795325112867385, 1.000000000000000000, 0.9238795325112867385, 1.000000000000000000 ) ) 
 REPRESENTATION_ITEM ( '' )  );
#5585 = ORIENTED_EDGE ( 'NONE', *, *, #7212, .T. ) ;
#5586 = CARTESIAN_POINT ( 'NONE',  ( -3.000000000000015987, 1.242640687119277443, -2.037499999999999645 ) ) ;
#5587 = CARTESIAN_POINT ( 'NONE',  ( 2.350480947161686984, -1.452135865316837542E-14, -9.974999999999997868 ) ) ;
#5588 = CARTESIAN_POINT ( 'NONE',  ( 2.350480947161686540, 0.9736010864139146292, -4.037499999999997868 ) ) ;
#5589 = ORIENTED_EDGE ( 'NONE', *, *, #6030, .F. ) ;
#5590 = CARTESIAN_POINT ( 'NONE',  ( 0.000000000000000000, 2.350480947161670553, 9.150000000000002132 ) ) ;
#5591 = CARTESIAN_POINT ( 'NONE',  ( -0.9736010864139292842, -2.350480947161702083, -7.412499999999999645 ) ) ;
#5592 = CARTESIAN_POINT ( 'NONE',  ( -3.000000000000015987, -1.242640687119308529, 7.087500000000000355 ) ) ;
#5593 = CARTESIAN_POINT ( 'NONE',  ( -2.878508968398398972E-16, -2.350480947161702527, -0.2249999999999986455 ) ) ;
#5594 = LINE ( 'NONE', #3275, #3699 ) ;
#5595 = EDGE_CURVE ( 'NONE', #3762, #4350, #2186, .T. ) ;
#5596 = ORIENTED_EDGE ( 'NONE', *, *, #2295, .T. ) ;
#5597 = CARTESIAN_POINT ( 'NONE',  ( -2.350480947161686984, 0.9736010864139147403, -6.662500000000000533 ) ) ;
#5598 = CARTESIAN_POINT ( 'NONE',  ( -1.822136847597922271, 0.4282286714488209300, 10.76374999999999815 ) ) ;
#5599 = CARTESIAN_POINT ( 'NONE',  ( 2.159593620790642099, 2.159593620790626556, -7.381250000000000533 ) ) ;
#5600 = CARTESIAN_POINT ( 'NONE',  ( -0.3831821998182662337, 3.125570367958574458, 11.48214195384788994 ) ) ;
#5601 = VERTEX_POINT ( 'NONE', #4424 ) ;
#5602 = CARTESIAN_POINT ( 'NONE',  ( 0.9736010864139287291, -2.350480947161703416, 4.712500000000001243 ) ) ;
#5603 = CARTESIAN_POINT ( 'NONE',  ( -0.4213380958116608177, -3.005041006285193550, 11.11825226061449534 ) ) ;
#5604 = CARTESIAN_POINT ( 'NONE',  ( -0.9736010864139292842, -2.350480947161702527, 1.587500000000002354 ) ) ;
#5605 = CARTESIAN_POINT ( 'NONE',  ( -3.054126587736543996, -1.265060653844755301, 8.056249999999998579 ) ) ;
#5606 = CARTESIAN_POINT ( 'NONE',  ( 2.350480947161686540, -0.9736010864139460486, 1.837500000000001021 ) ) ;
#5607 = APPLICATION_PROTOCOL_DEFINITION ( 'international standard', 'config_control_design', 1994, #5014 ) ;
#5608 = CARTESIAN_POINT ( 'NONE',  ( 3.000000000000016431, -1.505399166223715943E-14, -6.599999999999999645 ) ) ;
#5609 = CARTESIAN_POINT ( 'NONE',  ( 2.350480947161686984, -1.426112120834956639E-14, -12.09999999999999787 ) ) ;
#5610 = CARTESIAN_POINT ( 'NONE',  ( -2.350480947161686984, -1.584385939816709230E-14, 5.525000000000002132 ) ) ;
#5611 = CARTESIAN_POINT ( 'NONE',  ( -2.121320343559653931, -2.121320343559669919, 0.1500000000000002165 ) ) ;
#5612 = CARTESIAN_POINT ( 'NONE',  ( 2.121320343559654820, 2.121320343559639277, -7.474999999999999645 ) ) ;
#5613 = CARTESIAN_POINT ( 'NONE',  ( 1.265060653844741090, 3.054126587736527565, 1.681249999999999911 ) ) ;
#5614 = DIRECTION ( 'NONE',  ( 0.000000000000000000, 0.000000000000000000, 1.000000000000000000 ) ) ;
#5615 = AXIS2_PLACEMENT_3D ( 'NONE', #239, #4857, #7180 ) ;
#5616 = CARTESIAN_POINT ( 'NONE',  ( -2.878508968398398972E-16, -2.350480947161702083, -3.224999999999998312 ) ) ;
#5617 = CARTESIAN_POINT ( 'NONE',  ( -3.740226349862386965E-16, -3.054126587736559983, 3.181249999999999467 ) ) ;
#5618 = ORIENTED_EDGE ( 'NONE', *, *, #2888, .F. ) ;
#5619 = PLANE ( 'NONE',  #7058 ) ;
#5620 = EDGE_CURVE ( 'NONE', #4951, #6214, #1670, .T. ) ;
#5621 = CARTESIAN_POINT ( 'NONE',  ( -0.9736010864139290621, 2.350480947161672329, -5.662499999999996980 ) ) ;
#5622 = CARTESIAN_POINT ( 'NONE',  ( -2.878508968398398972E-16, -2.350480947161701639, -4.349999999999997868 ) ) ;
#5623 = VERTEX_POINT ( 'NONE', #3822 ) ;
#5624 =( BOUNDED_CURVE ( )  B_SPLINE_CURVE ( 2, ( #6936, #5399, #1752, #6974, #1192, #4680, #138, #2397, #5884 ),
 .UNSPECIFIED., .F., .F. ) 
 B_SPLINE_CURVE_WITH_KNOTS ( ( 3, 2, 2, 2, 3 ),
 ( 0.000000000000000000, 0.01562499999999998959, 0.03124999999999997918, 0.04687499999999997224, 0.06249999999999995837 ),
 .UNSPECIFIED. ) 
 CURVE ( )  GEOMETRIC_REPRESENTATION_ITEM ( )  RATIONAL_B_SPLINE_CURVE ( ( 1.000000000000000000, 0.9238795325112867385, 1.000000000000000000, 0.9238795325112867385, 1.000000000000000000, 0.9238795325112867385, 1.000000000000000000, 0.9238795325112869605, 0.9999999999999997780 ) ) 
 REPRESENTATION_ITEM ( '' )  );
#5625 = CARTESIAN_POINT ( 'NONE',  ( -0.9736010864139292842, -2.350480947161703416, 6.587500000000001243 ) ) ;
#5626 = CARTESIAN_POINT ( 'NONE',  ( -2.350480947161686984, 0.9736010864139150733, -9.662499999999997868 ) ) ;
#5627 = CARTESIAN_POINT ( 'NONE',  ( 2.908536147974972588E-16, 2.375000000000007994, -12.34999999999999609 ) ) ;
#5628 = CARTESIAN_POINT ( 'NONE',  ( 2.350480947161686540, -0.9736010864139452714, -4.162499999999998757 ) ) ;
#5629 = DIRECTION ( 'NONE',  ( -0.07992773943613253051, -0.07992773943613266929, 0.9935910189495773537 ) ) ;
#5630 = CYLINDRICAL_SURFACE ( 'NONE', #5038, 3.000000000000001776 ) ;
#5631 = VERTEX_POINT ( 'NONE', #1434 ) ;
#5632 = CARTESIAN_POINT ( 'NONE',  ( -2.350480947161686984, 0.9736010864139145182, -5.662499999999996980 ) ) ;
#5633 = CARTESIAN_POINT ( 'NONE',  ( 0.000000000000000000, 2.070106209874711453E-15, 10.76374999999999815 ) ) ;
#5634 = CARTESIAN_POINT ( 'NONE',  ( -2.868776385868622539E-16, 0.4652957277608872344, 2.682494925704429267 ) ) ;
#5635 = CARTESIAN_POINT ( 'NONE',  ( -1.242640687119285436, 3.000000000000009326, -10.16250000000000142 ) ) ;
#5636 = CARTESIAN_POINT ( 'NONE',  ( 0.5744240720839468572, 1.851216920838278046, 12.15470632317383348 ) ) ;
#5637 = ORIENTED_EDGE ( 'NONE', *, *, #2973, .T. ) ;
#5638 = CARTESIAN_POINT ( 'NONE',  ( -1.662041016787807912, 1.662041016787792369, 3.275000000000001688 ) ) ;
#5639 = VECTOR ( 'NONE', #7017, 1000.000000000000000 ) ;
#5640 = CARTESIAN_POINT ( 'NONE',  ( -3.736152454838741773E-16, -3.050799999999997958, 7.649999999999998579 ) ) ;
#5641 = CARTESIAN_POINT ( 'NONE',  ( 2.350480947161686984, -1.585316204724112647E-14, 0.9000000000000014655 ) ) ;
#5642 = CARTESIAN_POINT ( 'NONE',  ( -2.121320343559653931, -2.121320343559669030, -4.850000000000000533 ) ) ;
#5643 = CARTESIAN_POINT ( 'NONE',  ( -2.121320343559653931, -2.121320343559670807, 7.025000000000000355 ) ) ;
#5644 = AXIS2_PLACEMENT_3D ( 'NONE', #983, #5040, #7108 ) ;
#5645 = PERSON_AND_ORGANIZATION ( #107, #6845 ) ;
#5646 = CARTESIAN_POINT ( 'NONE',  ( -2.350480947161686984, -0.9736010864139448273, 4.462500000000001243 ) ) ;
#5647 = CARTESIAN_POINT ( 'NONE',  ( -2.350480947161686984, 0.9736010864139152954, -10.66249999999999964 ) ) ;
#5648 = EDGE_LOOP ( 'NONE', ( #5479, #2616, #1744, #4988 ) ) ;
#5649 = CARTESIAN_POINT ( 'NONE',  ( -1.662041016787808134, -1.662041016787823677, 4.650000000000001243 ) ) ;
#5650 = CARTESIAN_POINT ( 'NONE',  ( 3.000000000000015543, -1.242640687119309639, 6.462499999999999467 ) ) ;
#5651 = AXIS2_PLACEMENT_3D ( 'NONE', #7158, #4869, #364 ) ;
#5652 = CARTESIAN_POINT ( 'NONE',  ( 0.000000000000000000, -2.044870920353165796E-15, 12.34999999999999964 ) ) ;
#5653 = AXIS2_PLACEMENT_3D ( 'NONE', #5496, #197, #838 ) ;
#5654 = CARTESIAN_POINT ( 'NONE',  ( -3.054126587736543996, -1.265060653844754190, 1.056249999999999911 ) ) ;
#5655 = CARTESIAN_POINT ( 'NONE',  ( 1.662041016787807912, -1.662041016787821901, -12.09999999999999787 ) ) ;
#5656 = B_SPLINE_CURVE_WITH_KNOTS ( 'NONE', 3,
 ( #2938, #3573, #2473, #4754 ),
 .UNSPECIFIED., .F., .F.,
 ( 4, 4 ),
 ( 0.000000000000000000, 0.0004527996949924890545 ),
 .UNSPECIFIED. ) ;
#5657 = CARTESIAN_POINT ( 'NONE',  ( -0.9736010864139290621, 2.350480947161671885, -2.662499999999998312 ) ) ;
#5658 = CARTESIAN_POINT ( 'NONE',  ( 1.265060653844741090, 3.054126587736527121, 4.618750000000000355 ) ) ;
#5659 = ORIENTED_EDGE ( 'NONE', *, *, #6824, .T. ) ;
#5660 = CYLINDRICAL_SURFACE ( 'NONE', #2120, 0.5831999999999999407 ) ;
#5661 = VECTOR ( 'NONE', #4195, 1000.000000000000000 ) ;
#5662 = DIRECTION ( 'NONE',  ( 0.07992773943613253051, 0.07992773943613243337, 0.9935910189495773537 ) ) ;
#5663 = PRODUCT_RELATED_PRODUCT_CATEGORY ( 'detail', '', ( #4208 ) ) ;
#5664 = CARTESIAN_POINT ( 'NONE',  ( 1.662041016787807912, -1.662041016787823455, -1.224999999999998757 ) ) ;
#5665 = ORIENTED_EDGE ( 'NONE', *, *, #4451, .T. ) ;
#5666 = ADVANCED_FACE ( 'NONE', ( #4887 ), #870, .T. ) ;
#5667 = CARTESIAN_POINT ( 'NONE',  ( 3.054126587736543996, 1.265060653844724214, 1.556249999999999689 ) ) ;
#5668 = CARTESIAN_POINT ( 'NONE',  ( -2.350480947161686984, -1.435897515420092863E-14, -6.599999999999997868 ) ) ;
#5669 = CARTESIAN_POINT ( 'NONE',  ( -3.000000000000016431, -1.598778484658701178E-14, 7.025000000000000355 ) ) ;
#5670 = CARTESIAN_POINT ( 'NONE',  ( 1.662041016787808356, 1.662041016787793035, -4.974999999999998757 ) ) ;
#5671 = CARTESIAN_POINT ( 'NONE',  ( 1.242640687119293874, 3.000000000000001776, -5.287500000000000533 ) ) ;
#5672 = CARTESIAN_POINT ( 'NONE',  ( -2.878508968398398972E-16, -2.350480947161700751, -12.34999999999999787 ) ) ;
#5673 =( BOUNDED_SURFACE ( )  B_SPLINE_SURFACE ( 3, 2, ( 
 ( #2065, #974, #4956 ),
 ( #5600, #3812, #3668 ),
 ( #5977, #6121, #797 ),
 ( #5416, #937, #2676 ) ),
 .UNSPECIFIED., .F., .F., .F. ) 
 B_SPLINE_SURFACE_WITH_KNOTS ( ( 4, 4 ),
 ( 3, 3 ),
 ( 0.002048936869926229476, 0.003146975347669595142 ),
 ( 0.000000000000000000, 1.000000000000000000 ),
 .UNSPECIFIED. ) 
 GEOMETRIC_REPRESENTATION_ITEM ( )  RATIONAL_B_SPLINE_SURFACE ( (
 ( 1.000000000000000000, 0.7556328946028614268, 1.000000000000000000),
 ( 1.000000000000000000, 0.7521437361520153519, 1.000000000000000000),
 ( 1.000000000000000000, 0.7485026146018717297, 1.000000000000000000),
 ( 1.000000000000000000, 0.7446872030721578550, 1.000000000000000000) ) ) 
 REPRESENTATION_ITEM ( '' )  SURFACE ( )  );
#5674 = ORIENTED_EDGE ( 'NONE', *, *, #1460, .F. ) ;
#5675 = CARTESIAN_POINT ( 'NONE',  ( 0.000000000000000000, 3.000000000000001776, -7.224999999999999645 ) ) ;
#5676 = ADVANCED_FACE ( 'NONE', ( #3289 ), #113, .F. ) ;
#5677 = CARTESIAN_POINT ( 'NONE',  ( 0.9736010864139306165, 2.350480947161672329, -10.78749999999999787 ) ) ;
#5678 = DIRECTION ( 'NONE',  ( -0.000000000000000000, -1.224646799147352961E-16, 1.000000000000000000 ) ) ;
#5679 = CARTESIAN_POINT ( 'NONE',  ( -1.265060653844739536, -3.054126587736559095, -5.818750000000000533 ) ) ;
#5680 = DIRECTION ( 'NONE',  ( 0.000000000000000000, 1.000000000000000000, 0.000000000000000000 ) ) ;
#5681 = DIRECTION ( 'NONE',  ( -0.000000000000000000, -1.224646799147353207E-16, 1.000000000000000000 ) ) ;
#5682 = CARTESIAN_POINT ( 'NONE',  ( 1.662041016787807912, -1.662041016787823677, 0.7750000000000013545 ) ) ;
#5683 = CARTESIAN_POINT ( 'NONE',  ( 3.673940397442061840E-16, 2.999999999999999556, 12.34999999999999964 ) ) ;
#5684 = CARTESIAN_POINT ( 'NONE',  ( -2.350480947161686984, -1.533869259351880981E-14, 1.400000000000001243 ) ) ;
#5685 = COORDINATED_UNIVERSAL_TIME_OFFSET ( 6, 0, .BEHIND. ) ;
#5686 = CARTESIAN_POINT ( 'NONE',  ( -1.662041016787808134, -1.662041016787823677, 5.525000000000001243 ) ) ;
#5687 = CARTESIAN_POINT ( 'NONE',  ( 2.350480947161686540, 0.9736010864139149623, -6.037499999999997868 ) ) ;
#5688 = CARTESIAN_POINT ( 'NONE',  ( 0.9736010864139287291, -2.350480947161703416, 4.837500000000001243 ) ) ;
#5689 = CARTESIAN_POINT ( 'NONE',  ( 0.2186408601196219992, -2.364914623043754549, -12.34999999999999609 ) ) ;
#5690 = CARTESIAN_POINT ( 'NONE',  ( 3.000000000000015543, -1.242640687119308529, -7.662500000000001421 ) ) ;
#5691 = CARTESIAN_POINT ( 'NONE',  ( 3.000000000000016431, -1.531422910705597477E-14, -4.475000000000000533 ) ) ;
#5692 = CARTESIAN_POINT ( 'NONE',  ( 3.673940397442061840E-16, 2.999999999999999556, 12.34999999999999964 ) ) ;
#5693 = CARTESIAN_POINT ( 'NONE',  ( -2.350480947161686984, 0.9736010864139155174, -12.53749999999999787 ) ) ;
#5694 = CARTESIAN_POINT ( 'NONE',  ( -1.662041016787807912, 1.662041016787793035, -1.599999999999998090 ) ) ;
#5695 = ORIENTED_EDGE ( 'NONE', *, *, #1620, .T. ) ;
#5696 = CARTESIAN_POINT ( 'NONE',  ( 2.966230547417997077, -0.4669408935451176967, 7.502519132759334575 ) ) ;
#5697 = CARTESIAN_POINT ( 'NONE',  ( -2.878508968398398972E-16, -2.350480947161701639, -6.224999999999997868 ) ) ;
#5698 = CARTESIAN_POINT ( 'NONE',  ( 2.350480947161686540, -0.9736010864139458265, -1.162499999999998535 ) ) ;
#5699 = VERTEX_POINT ( 'NONE', #2684 ) ;
#5700 = CARTESIAN_POINT ( 'NONE',  ( 2.350480947161686540, -0.9736010864139450494, -6.162499999999999645 ) ) ;
#5701 = CARTESIAN_POINT ( 'NONE',  ( -1.242640687119278997, 3.000000000000013323, 6.837499999999999467 ) ) ;
#5702 = CARTESIAN_POINT ( 'NONE',  ( -2.350480947161686984, -1.535400067850815486E-14, 1.525000000000002132 ) ) ;
#5703 = CARTESIAN_POINT ( 'NONE',  ( 1.242640687119293874, 3.000000000000001776, -6.287500000000000533 ) ) ;
#5704 = ORIENTED_EDGE ( 'NONE', *, *, #4429, .F. ) ;
#5705 = CARTESIAN_POINT ( 'NONE',  ( 0.000000000000000000, 2.778807139508755686, 6.902705757547443532 ) ) ;
#5706 = CARTESIAN_POINT ( 'NONE',  ( 0.000000000000000000, 2.350480947161672773, -10.72499999999999787 ) ) ;
#5707 = CARTESIAN_POINT ( 'NONE',  ( 0.000000000000000000, -9.368548013477250272E-16, 7.649999999999998579 ) ) ;
#5708 = DIRECTION ( 'NONE',  ( 1.000000000000000000, 0.000000000000000000, -0.000000000000000000 ) ) ;
#5709 = CARTESIAN_POINT ( 'NONE',  ( -0.4778037265529208044, -3.123753592365948073, 11.82176665947091898 ) ) ;
#5710 = CARTESIAN_POINT ( 'NONE',  ( 1.662041016787807912, -1.662041016787823899, 2.775000000000001243 ) ) ;
#5711 = EDGE_CURVE ( 'NONE', #7208, #3595, #3248, .T. ) ;
#5712 = CARTESIAN_POINT ( 'NONE',  ( -2.350480947161686984, -0.9736010864139438281, -3.412499999999998312 ) ) ;
#5713 = DIRECTION ( 'NONE',  ( -0.000000000000000000, -0.000000000000000000, -1.000000000000000000 ) ) ;
#5714 = CARTESIAN_POINT ( 'NONE',  ( 0.000000000000000000, 3.000000000000001776, -5.225000000000000533 ) ) ;
#5715 = CARTESIAN_POINT ( 'NONE',  ( 0.000000000000000000, 3.000000000000001332, -3.225000000000000089 ) ) ;
#5716 = APPROVAL_STATUS ( 'not_yet_approved' ) ;
#5717 = CARTESIAN_POINT ( 'NONE',  ( -2.350480947161686984, -1.595101599309248555E-14, 6.400000000000001243 ) ) ;
#5718 = CARTESIAN_POINT ( 'NONE',  ( 1.662041016787808356, 1.662041016787793257, -7.974999999999999645 ) ) ;
#5719 = ORIENTED_EDGE ( 'NONE', *, *, #2697, .T. ) ;
#5720 = CARTESIAN_POINT ( 'NONE',  ( -2.350480947161686984, 0.9736010864139130749, 6.462500000000002132 ) ) ;
#5721 = CARTESIAN_POINT ( 'NONE',  ( 0.000000000000000000, 2.350480947161671441, 2.150000000000001688 ) ) ;
#5722 = CARTESIAN_POINT ( 'NONE',  ( 1.242640687119291210, -3.000000000000032863, -3.662499999999999645 ) ) ;
#5723 = CARTESIAN_POINT ( 'NONE',  ( 3.054126587736543996, -1.593266837824536559E-14, 0.4937499999999994116 ) ) ;
#5724 = CARTESIAN_POINT ( 'NONE',  ( -1.664606546329496538E-13, -2.350480947161702971, 5.725889215912939534 ) ) ;
#5725 = CARTESIAN_POINT ( 'NONE',  ( -3.740226349862386965E-16, -3.054126587736559095, -6.818750000000000533 ) ) ;
#5726 = CARTESIAN_POINT ( 'NONE',  ( -1.662041016787808134, -1.662041016787822345, -5.349999999999997868 ) ) ;
#5727 = CARTESIAN_POINT ( 'NONE',  ( 2.159593620790641655, -2.159593620790658086, 4.306250000000000355 ) ) ;
#5728 = EDGE_LOOP ( 'NONE', ( #7028, #2533, #6467, #544 ) ) ;
#5729 = CARTESIAN_POINT ( 'NONE',  ( 0.3834009397634882688, -2.970850936007389365, 10.75730433161556832 ) ) ;
#5730 = CARTESIAN_POINT ( 'NONE',  ( -0.9736010864139292842, -2.350480947161702527, -5.287499999999997868 ) ) ;
#5731 = CARTESIAN_POINT ( 'NONE',  ( 0.000000000000000000, 2.350480947161671885, -3.849999999999998312 ) ) ;
#5732 = ORIENTED_EDGE ( 'NONE', *, *, #4917, .F. ) ;
#5733 = CARTESIAN_POINT ( 'NONE',  ( -1.662041016787807912, 1.662041016787793923, -9.724999999999997868 ) ) ;
#5734 = CARTESIAN_POINT ( 'NONE',  ( -1.242640687119297871, -3.000000000000027978, 7.212499999999998579 ) ) ;
#5735 = CARTESIAN_POINT ( 'NONE',  ( 0.9736010864139306165, 2.350480947161670997, 2.212500000000001688 ) ) ;
#5736 = LINE ( 'NONE', #3884, #4802 ) ;
#5737 = CARTESIAN_POINT ( 'NONE',  ( -3.057107592275117192, 0.3128050330942318547, 10.76374999999999815 ) ) ;
#5738 = ORIENTED_EDGE ( 'NONE', *, *, #3475, .F. ) ;
#5739 = CARTESIAN_POINT ( 'NONE',  ( -0.1881876771471207577, -2.926275258403301383, 7.307871084299653930 ) ) ;
#5740 = CARTESIAN_POINT ( 'NONE',  ( -2.350480947161686984, -0.9736010864139428289, -12.41249999999999787 ) ) ;
#5741 = CARTESIAN_POINT ( 'NONE',  ( 3.040449911526540649, 0.3510658276060381611, 10.76374999999999815 ) ) ;
#5742 = CARTESIAN_POINT ( 'NONE',  ( -3.673940397442080083E-16, -3.000000000000032419, 5.275000000000000355 ) ) ;
#5743 = DIRECTION ( 'NONE',  ( 0.9945218953682734009, 0.000000000000000000, -0.1045284632676529435 ) ) ;
#5744 = CARTESIAN_POINT ( 'NONE',  ( -1.242640687119292098, 3.000000000000001776, -3.162500000000000533 ) ) ;
#5745 = CARTESIAN_POINT ( 'NONE',  ( -2.878508968398398972E-16, -2.350480947161701639, -4.224999999999997868 ) ) ;
#5746 = CARTESIAN_POINT ( 'NONE',  ( 0.000000000000000000, -2.044870920353165796E-15, 12.34999999999999964 ) ) ;
#5747 = CARTESIAN_POINT ( 'NONE',  ( -3.000000000000015987, -1.242640687119307197, -2.037499999999999645 ) ) ;
#5748 = CARTESIAN_POINT ( 'NONE',  ( 2.350480947161686540, 0.9736010864139136300, 4.962500000000002132 ) ) ;
#5749 = CARTESIAN_POINT ( 'NONE',  ( 0.9736010864139287291, -2.350480947161703860, 6.712500000000001243 ) ) ;
#5750 = CARTESIAN_POINT ( 'NONE',  ( -1.662041016787807912, 1.662041016787793923, -8.724999999999997868 ) ) ;
#5751 = ADVANCED_FACE ( 'NONE', ( #6767 ), #6604, .F. ) ;
#5752 = ORIENTED_EDGE ( 'NONE', *, *, #4011, .F. ) ;
#5753 = CONICAL_SURFACE ( 'NONE', #6709, 2.375000000000007105, 0.7853981633974456145 ) ;
#5754 = CARTESIAN_POINT ( 'NONE',  ( 0.000000000000000000, 3.000000000000000888, 0.7749999999999999112 ) ) ;
#5755 = CARTESIAN_POINT ( 'NONE',  ( 3.038542441356787194, -0.4589807812382512564, 11.47639848879861546 ) ) ;
#5756 = CARTESIAN_POINT ( 'NONE',  ( 2.121320343559654820, 2.121320343559637944, 3.649999999999999911 ) ) ;
#5757 = CIRCLE ( 'NONE', #4303, 2.375000000000007105 ) ;
#5758 = CARTESIAN_POINT ( 'NONE',  ( -2.181682334321009442, 1.583331018770247400, 6.609975257129746318 ) ) ;
#5759 = CARTESIAN_POINT ( 'NONE',  ( -3.088555055217933720, 0.4953309318290014529, 11.83273142994335991 ) ) ;
#5760 = CARTESIAN_POINT ( 'NONE',  ( -1.662041016787808134, -1.662041016787821679, -10.34999999999999787 ) ) ;
#5761 = EDGE_CURVE ( 'NONE', #4232, #1484, #3003, .T. ) ;
#5762 = CARTESIAN_POINT ( 'NONE',  ( -2.350480947161686984, -0.9736010864139444942, 0.5875000000000020206 ) ) ;
#5763 = CARTESIAN_POINT ( 'NONE',  ( 3.054126587736543996, 1.265060653844723326, 8.493750000000000355 ) ) ;
#5764 = ORIENTED_EDGE ( 'NONE', *, *, #2049, .F. ) ;
#5765 = DIRECTION ( 'NONE',  ( 0.000000000000000000, -0.9945218953682734009, -0.1045284632676529435 ) ) ;
#5766 = AXIS2_PLACEMENT_3D ( 'NONE', #1683, #3925, #5743 ) ;
#5767 = VECTOR ( 'NONE', #2678, 1000.000000000000114 ) ;
#5768 = AXIS2_PLACEMENT_3D ( 'NONE', #3, #5073, #7396 ) ;
#5769 = CARTESIAN_POINT ( 'NONE',  ( -0.3759569741867268555, -3.009538747578939244, 10.76374999999999815 ) ) ;
#5770 = CARTESIAN_POINT ( 'NONE',  ( -2.878508968398398972E-16, -2.350480947161702527, -0.3499999999999987566 ) ) ;
#5771 = VERTEX_POINT ( 'NONE', #2645 ) ;
#5772 = AXIS2_PLACEMENT_3D ( 'NONE', #3311, #5629, #2211 ) ;
#5773 = CARTESIAN_POINT ( 'NONE',  ( 0.9736010864139306165, 2.350480947161671885, -4.912499999999998757 ) ) ;
#5774 = CARTESIAN_POINT ( 'NONE',  ( 1.265060653844738425, -3.054126587736560872, -1.756249999999999645 ) ) ;
#5775 = CARTESIAN_POINT ( 'NONE',  ( 1.662041016787807912, -1.662041016787822789, -5.224999999999998757 ) ) ;
#5776 = CIRCLE ( 'NONE', #5172, 0.3000000000000016542 ) ;
#5777 = VERTEX_POINT ( 'NONE', #2889 ) ;
#5778 = CARTESIAN_POINT ( 'NONE',  ( 0.4820490534771467717, -1.163769362633648496, 12.34999999999999964 ) ) ;
#5779 = CARTESIAN_POINT ( 'NONE',  ( 3.107043799119214356, -0.4880061563871076480, 11.82688928363194059 ) ) ;
#5780 = ADVANCED_FACE ( 'NONE', ( #723 ), #6469, .T. ) ;
#5781 = ORIENTED_EDGE ( 'NONE', *, *, #1666, .F. ) ;
#5782 = DIRECTION ( 'NONE',  ( 0.000000000000000000, -1.000000000000000000, 0.000000000000000000 ) ) ;
#5783 = CARTESIAN_POINT ( 'NONE',  ( 1.662041016787807912, -1.662041016787822345, -9.099999999999997868 ) ) ;
#5784 = CARTESIAN_POINT ( 'NONE',  ( -0.3751181655940128423, 3.010013938068635930, 10.76374999999999815 ) ) ;
#5785 = DIRECTION ( 'NONE',  ( -0.000000000000000000, -1.224646799147353207E-16, 1.000000000000000000 ) ) ;
#5786 = CARTESIAN_POINT ( 'NONE',  ( -0.4969260523963484055, -3.074270622234537065, 11.83742362791116598 ) ) ;
#5787 = CARTESIAN_POINT ( 'NONE',  ( 0.9736010864139287291, -2.350480947161701639, -11.28749999999999964 ) ) ;
#5788 = CARTESIAN_POINT ( 'NONE',  ( 0.3816727961794806334, 3.124136323086221356, 11.46821267412668099 ) ) ;
#5789 = CARTESIAN_POINT ( 'NONE',  ( -0.9736010864139292842, -2.350480947161702527, 4.587500000000001243 ) ) ;
#5790 = CARTESIAN_POINT ( 'NONE',  ( 2.350480947161686540, 0.9736010864139137411, 3.962500000000001688 ) ) ;
#5791 = CARTESIAN_POINT ( 'NONE',  ( 1.662041016787807912, -1.662041016787822345, -9.224999999999999645 ) ) ;
#5792 = ORIENTED_EDGE ( 'NONE', *, *, #4410, .F. ) ;
#5793 = CARTESIAN_POINT ( 'NONE',  ( 3.000000000000015543, -1.242640687119309195, -2.662499999999999645 ) ) ;
#5794 = B_SPLINE_CURVE_WITH_KNOTS ( 'NONE', 3,
 ( #1511, #6020, #7257, #2079, #6057, #4853, #837, #3065, #4389, #6695, #2039, #1361, #7177, #5942, #2000, #4278 ),
 .UNSPECIFIED., .F., .F.,
 ( 4, 3, 3, 3, 3, 4 ),
 ( 8.741117365843378158E-19, 3.104466861633465755E-05, 6.209498229182891017E-05, 9.301453609172817983E-05, 0.0001232671903671729910, 0.0001269606182456745893 ),
 .UNSPECIFIED. ) ;
#5795 = EDGE_CURVE ( 'NONE', #2649, #7264, #5821, .T. ) ;
#5796 = FACE_OUTER_BOUND ( 'NONE', #7118, .T. ) ;
#5797 = CARTESIAN_POINT ( 'NONE',  ( -0.8798506366381829702, 2.483131460559008019, 6.489435429071535921 ) ) ;
#5798 = CARTESIAN_POINT ( 'NONE',  ( 3.021623086677271974, 0.4399699554494117537, 11.29552256366799057 ) ) ;
#5799 = CARTESIAN_POINT ( 'NONE',  ( 2.350480947161686984, -1.452135865316837542E-14, -9.974999999999997868 ) ) ;
#5800 = CARTESIAN_POINT ( 'NONE',  ( -2.350480947161686984, 0.9736010864139137411, 1.462500000000002132 ) ) ;
#5801 = CARTESIAN_POINT ( 'NONE',  ( 3.054126587736543996, -1.265060653844757077, 7.368749999999999467 ) ) ;
#5802 = ORIENTED_EDGE ( 'NONE', *, *, #7071, .F. ) ;
#5803 = CARTESIAN_POINT ( 'NONE',  ( -1.242640687119292098, 3.000000000000002665, -10.28749999999999964 ) ) ;
#5804 = ADVANCED_FACE ( 'NONE', ( #4126 ), #2981, .T. ) ;
#5805 = CARTESIAN_POINT ( 'NONE',  ( -0.3589123793729447898, -3.033515027855355761, 10.76374999999999815 ) ) ;
#5806 = CARTESIAN_POINT ( 'NONE',  ( -3.054126587736543996, -1.438860268882710569E-14, -6.006250000000000533 ) ) ;
#5807 = ORIENTED_EDGE ( 'NONE', *, *, #2108, .F. ) ;
#5808 = CARTESIAN_POINT ( 'NONE',  ( 3.091799838212543339, 0.3441256734989034394, 11.11969362615539580 ) ) ;
#5809 = CARTESIAN_POINT ( 'NONE',  ( 3.054126587736543996, -1.265060653844755967, -1.631249999999999423 ) ) ;
#5810 = CARTESIAN_POINT ( 'NONE',  ( -2.350480947161686984, -1.521622791360408097E-14, 0.4000000000000019096 ) ) ;
#5811 = ORIENTED_EDGE ( 'NONE', *, *, #150, .F. ) ;
#5812 = CARTESIAN_POINT ( 'NONE',  ( -1.242640687119278997, 3.000000000000014211, 5.837499999999998579 ) ) ;
#5813 = CARTESIAN_POINT ( 'NONE',  ( 0.000000000000000000, 2.350480947161670997, 5.275000000000002132 ) ) ;
#5814 = VERTEX_POINT ( 'NONE', #1704 ) ;
#5815 = CARTESIAN_POINT ( 'NONE',  ( -0.3741713051000432610, -2.905174350567942820, 7.299611186862074774 ) ) ;
#5816 = CARTESIAN_POINT ( 'NONE',  ( 0.9736010864139287291, -2.350480947161702083, -9.162499999999997868 ) ) ;
#5817 = CARTESIAN_POINT ( 'NONE',  ( 3.000000000000015543, -1.242640687119309195, -0.6624999999999998668 ) ) ;
#5818 = CARTESIAN_POINT ( 'NONE',  ( 0.000000000000000000, 3.000000000000001332, -2.225000000000000533 ) ) ;
#5819 = EDGE_CURVE ( 'NONE', #2026, #1706, #1142, .T. ) ;
#5820 = CARTESIAN_POINT ( 'NONE',  ( 0.000000000000000000, 3.000000000000001776, -5.349999999999999645 ) ) ;
#5821 =( BOUNDED_CURVE ( )  B_SPLINE_CURVE ( 2, ( #2419, #3454, #6994, #18, #4597, #5907, #1245, #1810, #6327 ),
 .UNSPECIFIED., .F., .F. ) 
 B_SPLINE_CURVE_WITH_KNOTS ( ( 3, 2, 2, 2, 3 ),
 ( 0.5000000000000000000, 0.5156250000000000000, 0.5312500000000000000, 0.5468750000000001110, 0.5625000000000001110 ),
 .UNSPECIFIED. ) 
 CURVE ( )  GEOMETRIC_REPRESENTATION_ITEM ( )  RATIONAL_B_SPLINE_CURVE ( ( 1.000000000000000000, 0.9238795325112867385, 1.000000000000000000, 0.9238795325112867385, 1.000000000000000000, 0.9238795325112867385, 1.000000000000000000, 0.9238795325112861834, 1.000000000000000444 ) ) 
 REPRESENTATION_ITEM ( '' )  );
#5822 = DIRECTION ( 'NONE',  ( -0.07992773943613171173, 0.07992773943613323828, 0.9935910189495773537 ) ) ;
#5823 = CYLINDRICAL_SURFACE ( 'NONE', #5534, 3.000000000000001776 ) ;
#5824 = CARTESIAN_POINT ( 'NONE',  ( 0.9736010864139306165, 2.350480947161670109, 9.087500000000002132 ) ) ;
#5825 = CARTESIAN_POINT ( 'NONE',  ( -1.662041016787808134, -1.662041016787822345, -6.474999999999997868 ) ) ;
#5826 = VERTEX_POINT ( 'NONE', #1145 ) ;
#5827 = DIRECTION ( 'NONE',  ( 0.3826834323651012726, 0.9238795325112820755, 0.000000000000000000 ) ) ;
#5828 = CARTESIAN_POINT ( 'NONE',  ( 3.000000000000015543, -1.242640687119308973, -3.537499999999999645 ) ) ;
#5829 = DIRECTION ( 'NONE',  ( 0.9188184237650790509, 0.3805870524817659972, 0.1045284632676538039 ) ) ;
#5830 = CARTESIAN_POINT ( 'NONE',  ( 1.662041016787808356, 1.662041016787791481, 9.150000000000002132 ) ) ;
#5831 = CARTESIAN_POINT ( 'NONE',  ( -3.000000000000016431, -1.464067336752492515E-14, -3.974999999999999201 ) ) ;
#5832 = CARTESIAN_POINT ( 'NONE',  ( -2.350480947161686984, 0.9736010864139154064, -11.53749999999999964 ) ) ;
#5833 = CARTESIAN_POINT ( 'NONE',  ( -0.9736010864139292842, -2.350480947161702083, 0.7125000000000021316 ) ) ;
#5834 = CARTESIAN_POINT ( 'NONE',  ( 2.159593620790642099, 2.159593620790625224, 6.556250000000000355 ) ) ;
#5835 = B_SPLINE_CURVE_WITH_KNOTS ( 'NONE', 3,
 ( #6571, #1389, #6612, #1952 ),
 .UNSPECIFIED., .F., .F.,
 ( 4, 4 ),
 ( 0.001031669571886745891, 0.001248316850616796366 ),
 .UNSPECIFIED. ) ;
#5836 = ORIENTED_EDGE ( 'NONE', *, *, #2856, .F. ) ;
#5837 = DIRECTION ( 'NONE',  ( 0.000000000000000000, -0.1045284632676538317, 0.9945218953682734009 ) ) ;
#5838 = CARTESIAN_POINT ( 'NONE',  ( -0.3840784068098204718, -2.981222321715240486, 10.76374999999999815 ) ) ;
#5839 = CARTESIAN_POINT ( 'NONE',  ( -2.350480947161686984, -1.521622791360408097E-14, 0.4000000000000019096 ) ) ;
#5840 = CARTESIAN_POINT ( 'NONE',  ( -1.242640687119292098, 3.000000000000001776, -1.162500000000000089 ) ) ;
#5841 = CARTESIAN_POINT ( 'NONE',  ( 1.265060653844741090, 3.054126587736528009, -1.381249999999999645 ) ) ;
#5842 = CARTESIAN_POINT ( 'NONE',  ( -0.9736010864139292842, -2.350480947161702083, -3.412499999999998312 ) ) ;
#5843 = EDGE_CURVE ( 'NONE', #2695, #2275, #2955, .T. ) ;
#5844 = VERTEX_POINT ( 'NONE', #5868 ) ;
#5845 = DIRECTION ( 'NONE',  ( 0.000000000000000000, -1.000000000000000000, 0.000000000000000000 ) ) ;
#5846 = CARTESIAN_POINT ( 'NONE',  ( 0.9736010864139287291, -2.350480947161702527, 2.837500000000001243 ) ) ;
#5847 = VERTEX_POINT ( 'NONE', #1738 ) ;
#5848 = CARTESIAN_POINT ( 'NONE',  ( -1.265060653844739536, -3.054126587736557763, -11.88124999999999964 ) ) ;
#5849 = CARTESIAN_POINT ( 'NONE',  ( -2.878508968398398972E-16, -2.350480947161701639, -7.224999999999998757 ) ) ;
#5850 = CARTESIAN_POINT ( 'NONE',  ( 3.000000000000015987, 1.242640687119277443, -0.5374999999999998668 ) ) ;
#5851 = CARTESIAN_POINT ( 'NONE',  ( 0.000000000000000000, 3.000000000000000444, 4.650000000000000355 ) ) ;
#5852 = CARTESIAN_POINT ( 'NONE',  ( -1.561642258850310050, 1.972497406407504483, 6.164996780772077578 ) ) ;
#5853 = CARTESIAN_POINT ( 'NONE',  ( -1.265060653844739091, 3.054126587736528009, 4.806250000000000355 ) ) ;
#5854 = CARTESIAN_POINT ( 'NONE',  ( 2.350480947161686540, -0.9736010864139444942, -12.16249999999999787 ) ) ;
#5855 = DIRECTION ( 'NONE',  ( 0.000000000000000000, -1.000000000000000000, -1.862048759857611870E-16 ) ) ;
#5856 = CARTESIAN_POINT ( 'NONE',  ( -3.054126587736543996, 1.265060653844725769, -13.06874999999999964 ) ) ;
#5857 = ORIENTED_EDGE ( 'NONE', *, *, #449, .F. ) ;
#5858 = CARTESIAN_POINT ( 'NONE',  ( 1.242640687119293874, 2.999999999999999112, 5.587500000000000355 ) ) ;
#5859 = CARTESIAN_POINT ( 'NONE',  ( 1.242640687119307641, 2.999999999999985789, 3.712499999999999467 ) ) ;
#5860 = CARTESIAN_POINT ( 'NONE',  ( -2.155663296609259039, -1.746891126775439451, 6.875665313405309398 ) ) ;
#5861 = CARTESIAN_POINT ( 'NONE',  ( -2.350480947161686984, -0.9736010864139452714, 8.587500000000002132 ) ) ;
#5862 = CARTESIAN_POINT ( 'NONE',  ( -0.9736010864139292842, -2.350480947161701639, -10.28749999999999787 ) ) ;
#5863 = CARTESIAN_POINT ( 'NONE',  ( 1.662041016787807912, -1.662041016787823677, 1.900000000000001465 ) ) ;
#5864 = CARTESIAN_POINT ( 'NONE',  ( 1.265060653844741090, 3.054126587736527121, 6.618750000000001243 ) ) ;
#5865 = ORIENTED_EDGE ( 'NONE', *, *, #4558, .F. ) ;
#5866 = DIRECTION ( 'NONE',  ( -0.000000000000000000, -0.8660254037844378194, 0.5000000000000015543 ) ) ;
#5867 = AXIS2_PLACEMENT_3D ( 'NONE', #5293, #4620, #2945 ) ;
#5868 = CARTESIAN_POINT ( 'NONE',  ( -3.673940397442080083E-16, -3.000000000000032419, 4.274999999999999467 ) ) ;
#5869 = CARTESIAN_POINT ( 'NONE',  ( -1.662041016787807912, 1.662041016787792591, 1.275000000000001910 ) ) ;
#5870 = CARTESIAN_POINT ( 'NONE',  ( 0.000000000000000000, 3.000000000000002220, -7.349999999999999645 ) ) ;
#5871 = CARTESIAN_POINT ( 'NONE',  ( -1.265060653844739091, 3.054126587736528897, -1.256249999999999423 ) ) ;
#5872 = CARTESIAN_POINT ( 'NONE',  ( -2.878508968398398972E-16, -2.350480947161702083, -1.349999999999997868 ) ) ;
#5873 = ORIENTED_EDGE ( 'NONE', *, *, #3455, .T. ) ;
#5874 = CARTESIAN_POINT ( 'NONE',  ( 2.121320343559653931, -2.121320343559669475, -5.600000000000000533 ) ) ;
#5875 = CARTESIAN_POINT ( 'NONE',  ( -2.350480947161686984, -1.572139471825235715E-14, 4.525000000000002132 ) ) ;
#5876 = CARTESIAN_POINT ( 'NONE',  ( 0.000000000000000000, 3.000000000000001332, -3.225000000000000089 ) ) ;
#5877 = AXIS2_PLACEMENT_3D ( 'NONE', #6230, #441, #4573 ) ;
#5878 = EDGE_CURVE ( 'NONE', #3329, #2462, #6961, .T. ) ;
#5879 = CARTESIAN_POINT ( 'NONE',  ( 0.000000000000000000, 2.350480947161671885, -2.724999999999998312 ) ) ;
#5880 = ORIENTED_EDGE ( 'NONE', *, *, #3659, .T. ) ;
#5881 = AXIS2_PLACEMENT_3D ( 'NONE', #2270, #5829, #6391 ) ;
#5882 = CARTESIAN_POINT ( 'NONE',  ( 3.054126587736543996, 1.265060653844725547, -8.506250000000003197 ) ) ;
#5883 = CARTESIAN_POINT ( 'NONE',  ( -2.878508968398398972E-16, -2.350480947161701195, -9.224999999999999645 ) ) ;
#5884 = CARTESIAN_POINT ( 'NONE',  ( -3.673940397442080083E-16, -3.000000000000031974, 1.274999999999999467 ) ) ;
#5885 = CARTESIAN_POINT ( 'NONE',  ( -0.9736010864139290621, 2.350480947161671885, -3.662499999999997868 ) ) ;
#5886 = CARTESIAN_POINT ( 'NONE',  ( 2.121320343559654820, 2.121320343559638832, -5.474999999999999645 ) ) ;
#5887 = PLANE ( 'NONE',  #801 ) ;
#5888 = EDGE_CURVE ( 'NONE', #211, #3093, #3027, .T. ) ;
#5889 = CARTESIAN_POINT ( 'NONE',  ( 3.054126587736543996, -1.265060653844756633, 4.431249999999999467 ) ) ;
#5890 = CARTESIAN_POINT ( 'NONE',  ( 0.9736010864139287291, -2.350480947161702527, -8.287499999999999645 ) ) ;
#5891 = DIRECTION ( 'NONE',  ( 0.000000000000000000, -1.000000000000000000, 0.000000000000000000 ) ) ;
#5892 = CARTESIAN_POINT ( 'NONE',  ( -2.878508968398398972E-16, -2.350480947161703416, 7.650000000000001243 ) ) ;
#5893 = CARTESIAN_POINT ( 'NONE',  ( 3.054126587736543996, 1.265060653844725991, -11.44375000000000142 ) ) ;
#5894 = ORIENTED_EDGE ( 'NONE', *, *, #1188, .F. ) ;
#5895 = CARTESIAN_POINT ( 'NONE',  ( -3.673940397442080083E-16, -3.000000000000031530, -2.849999999999999645 ) ) ;
#5896 = CARTESIAN_POINT ( 'NONE',  ( 0.4282286714487967272, -1.822136847597926046, 10.76374999999999815 ) ) ;
#5897 =( BOUNDED_SURFACE ( )  B_SPLINE_SURFACE ( 1, 2, ( 
 ( #423, #2274, #7410, #2806, #2842, #4593, #6289, #1104, #4552, #6850, #1558, #6143, #6741, #3872, #1593, #956, #6886, #5156, #3300, #5583, #992, #4515, #6213, #6813, #5617, #3264, #2236, #6776, #4479, #2694, #3907, #5010, #2729, #1665, #3982, #3416, #7340, #2164, #1028, #1700, #5120, #2772, #5727, #502, #7300, #3338, #2125, #5658, #6253, #538, #1626, #5085, #3941, #1068, #5903, #3518, #645, #5338, #2952, #2342, #5261, #15, #2378, #1242, #3554, #7024, #4158, #81, #2920, #5301, #4122, #720, #6955, #2885, #6466, #3026, #1773, #1208, #5834, #5864, #4089, #1283, #4699, #6396, #4052, #3594, #120, #154, #6991, #6428, #2453, #5801, #6359, #4773, #2307, #4626, #7061, #4661, #4018, #1807, #1141, #682, #2990, #3449, #2416, #4736, #1842, #1176, #6324, #5763, #5197, #579, #6921, #1734, #3486, #611, #5229, #46, #798, #3749, #6617, #5978, #2604, #4240, #3669, #835, #2037, #1922, #4888 ),
 ( #4930, #6541, #6578, #2568, #1359, #3105, #4349, #907, #3786, #7102, #6655, #3709, #5377, #268, #7216, #3062, #303, #3140, #1473, #192, #1397, #2494, #5454, #3175, #5492, #6055, #4814, #234, #6092, #1323, #4967, #5417, #2532, #7175, #3215, #4851, #1998, #7139, #1959, #1435, #4203, #5535, #4276, #6018, #4314, #871, #347, #2648, #1884, #6505, #3631, #5940, #760, #3257, #5649, #495, #948, #5688, #6205, #4544, #5575, #4470, #382, #1021, #1061, #3372, #1618, #2687, #5610, #6841, #6693, #2833, #3865, #3292, #5003, #1096, #3933, #3900, #7402, #6804, #7255, #7333, #3408, #5720, #7369, #5112, #3330, #417, #1659, #2228, #3975, #6769, #459, #529, #2763, #2723, #5079, #7293, #2194, #4508, #6243, #2799, #6282, #2076, #6171, #4387, #1509, #3825, #5042, #6135, #2116, #4426, #2158, #1586, #6735, #1551, #985, #5402, #1866, #5322, #5190, #220, #1345, #4262, #4756, #177, #6563, #7010, #102 ) ),
 .UNSPECIFIED., .F., .F., .T. ) 
 B_SPLINE_SURFACE_WITH_KNOTS ( ( 2, 2 ),
 ( 3, 2, 2, 2, 2, 2, 2, 2, 2, 2, 2, 2, 2, 2, 2, 2, 2, 2, 2, 2, 2, 2, 2, 2, 2, 2, 2, 2, 2, 2, 2, 2, 2, 2, 2, 2, 2, 2, 2, 2, 2, 2, 2, 2, 2, 2, 2, 2, 2, 2, 2, 2, 2, 2, 2, 2, 2, 2, 2, 2, 2, 2, 2, 2, 3 ),
 ( 0.000000000000000000, 1.000000000000000000 ),
 ( 0.000000000000000000, 0.01562500000000000000, 0.03125000000000000000, 0.04687500000000000000, 0.06250000000000000000, 0.07812500000000000000, 0.09375000000000000000, 0.1093750000000000000, 0.1250000000000000000, 0.1406250000000000000, 0.1562500000000000000, 0.1718750000000000000, 0.1875000000000000000, 0.2031250000000000000, 0.2187500000000000000, 0.2343750000000000000, 0.2500000000000000000, 0.2656250000000000000, 0.2812500000000000000, 0.2968750000000000000, 0.3125000000000000000, 0.3281250000000000000, 0.3437500000000000000, 0.3593750000000000000, 0.3750000000000000000, 0.3906250000000000000, 0.4062500000000000000, 0.4218750000000000000, 0.4375000000000000000, 0.4531250000000000000, 0.4687500000000000000, 0.4843750000000000000, 0.5000000000000000000, 0.5156250000000000000, 0.5312500000000000000, 0.5468750000000000000, 0.5625000000000000000, 0.5781250000000000000, 0.5937500000000000000, 0.6093750000000000000, 0.6250000000000000000, 0.6406250000000000000, 0.6562500000000000000, 0.6718750000000000000, 0.6875000000000000000, 0.7031250000000000000, 0.7187500000000000000, 0.7343750000000000000, 0.7500000000000000000, 0.7656250000000000000, 0.7812500000000000000, 0.7968750000000000000, 0.8125000000000000000, 0.8281250000000000000, 0.8437500000000000000, 0.8593750000000000000, 0.8750000000000000000, 0.8906250000000000000, 0.9062500000000000000, 0.9218750000000000000, 0.9375000000000000000, 0.9531250000000000000, 0.9687500000000000000, 0.9843750000000000000, 1.000000000000000000 ),
 .UNSPECIFIED. ) 
 GEOMETRIC_REPRESENTATION_ITEM ( )  RATIONAL_B_SPLINE_SURFACE ( (
 ( 1.000000000000000000, 0.9238795325112867385, 1.000000000000000000, 0.9238795325112867385, 1.000000000000000000, 0.9238795325112867385, 1.000000000000000000, 0.9238795325112867385, 1.000000000000000000, 0.9238795325112867385, 1.000000000000000000, 0.9238795325112867385, 1.000000000000000000, 0.9238795325112867385, 1.000000000000000000, 0.9238795325112867385, 1.000000000000000000, 0.9238795325112867385, 1.000000000000000000, 0.9238795325112867385, 1.000000000000000000, 0.9238795325112867385, 1.000000000000000000, 0.9238795325112867385, 1.000000000000000000, 0.9238795325112867385, 1.000000000000000000, 0.9238795325112867385, 1.000000000000000000, 0.9238795325112867385, 1.000000000000000000, 0.9238795325112867385, 1.000000000000000000, 0.9238795325112867385, 1.000000000000000000, 0.9238795325112867385, 1.000000000000000000, 0.9238795325112867385, 1.000000000000000000, 0.9238795325112867385, 1.000000000000000000, 0.9238795325112867385, 1.000000000000000000, 0.9238795325112867385, 1.000000000000000000, 0.9238795325112867385, 1.000000000000000000, 0.9238795325112867385, 1.000000000000000000, 0.9238795325112867385, 1.000000000000000000, 0.9238795325112867385, 1.000000000000000000, 0.9238795325112867385, 1.000000000000000000, 0.9238795325112867385, 1.000000000000000000, 0.9238795325112867385, 1.000000000000000000, 0.9238795325112867385, 1.000000000000000000, 0.9238795325112867385, 1.000000000000000000, 0.9238795325112867385, 1.000000000000000000, 0.9238795325112867385, 1.000000000000000000, 0.9238795325112867385, 1.000000000000000000, 0.9238795325112867385, 1.000000000000000000, 0.9238795325112867385, 1.000000000000000000, 0.9238795325112867385, 1.000000000000000000, 0.9238795325112867385, 1.000000000000000000, 0.9238795325112867385, 1.000000000000000000, 0.9238795325112867385, 1.000000000000000000, 0.9238795325112867385, 1.000000000000000000, 0.9238795325112867385, 1.000000000000000000, 0.9238795325112867385, 1.000000000000000000, 0.9238795325112867385, 1.000000000000000000, 0.9238795325112867385, 1.000000000000000000, 0.9238795325112867385, 1.000000000000000000, 0.9238795325112867385, 1.000000000000000000, 0.9238795325112867385, 1.000000000000000000, 0.9238795325112867385, 1.000000000000000000, 0.9238795325112867385, 1.000000000000000000, 0.9238795325112867385, 1.000000000000000000, 0.9238795325112867385, 1.000000000000000000, 0.9238795325112867385, 1.000000000000000000, 0.9238795325112867385, 1.000000000000000000, 0.9238795325112867385, 1.000000000000000000, 0.9238795325112867385, 1.000000000000000000, 0.9238795325112867385, 1.000000000000000000, 0.9238795325112867385, 1.000000000000000000, 0.9238795325112867385, 1.000000000000000000, 0.9238795325112867385, 1.000000000000000000, 0.9238795325112867385, 1.000000000000000000, 0.9238795325112867385, 1.000000000000000000, 0.9238795325112867385, 1.000000000000000000, 0.9238795325112867385, 1.000000000000000000),
 ( 1.000000000000000000, 0.9238795325112867385, 1.000000000000000000, 0.9238795325112867385, 1.000000000000000000, 0.9238795325112867385, 1.000000000000000000, 0.9238795325112867385, 1.000000000000000000, 0.9238795325112867385, 1.000000000000000000, 0.9238795325112867385, 1.000000000000000000, 0.9238795325112867385, 1.000000000000000000, 0.9238795325112867385, 1.000000000000000000, 0.9238795325112867385, 1.000000000000000000, 0.9238795325112867385, 1.000000000000000000, 0.9238795325112867385, 1.000000000000000000, 0.9238795325112867385, 1.000000000000000000, 0.9238795325112867385, 1.000000000000000000, 0.9238795325112867385, 1.000000000000000000, 0.9238795325112867385, 1.000000000000000000, 0.9238795325112867385, 1.000000000000000000, 0.9238795325112867385, 1.000000000000000000, 0.9238795325112867385, 1.000000000000000000, 0.9238795325112867385, 1.000000000000000000, 0.9238795325112867385, 1.000000000000000000, 0.9238795325112867385, 1.000000000000000000, 0.9238795325112867385, 1.000000000000000000, 0.9238795325112867385, 1.000000000000000000, 0.9238795325112867385, 1.000000000000000000, 0.9238795325112867385, 1.000000000000000000, 0.9238795325112867385, 1.000000000000000000, 0.9238795325112867385, 1.000000000000000000, 0.9238795325112867385, 1.000000000000000000, 0.9238795325112867385, 1.000000000000000000, 0.9238795325112867385, 1.000000000000000000, 0.9238795325112867385, 1.000000000000000000, 0.9238795325112867385, 1.000000000000000000, 0.9238795325112867385, 1.000000000000000000, 0.9238795325112867385, 1.000000000000000000, 0.9238795325112867385, 1.000000000000000000, 0.9238795325112867385, 1.000000000000000000, 0.9238795325112867385, 1.000000000000000000, 0.9238795325112867385, 1.000000000000000000, 0.9238795325112867385, 1.000000000000000000, 0.9238795325112867385, 1.000000000000000000, 0.9238795325112867385, 1.000000000000000000, 0.9238795325112867385, 1.000000000000000000, 0.9238795325112867385, 1.000000000000000000, 0.9238795325112867385, 1.000000000000000000, 0.9238795325112867385, 1.000000000000000000, 0.9238795325112867385, 1.000000000000000000, 0.9238795325112867385, 1.000000000000000000, 0.9238795325112867385, 1.000000000000000000, 0.9238795325112867385, 1.000000000000000000, 0.9238795325112867385, 1.000000000000000000, 0.9238795325112867385, 1.000000000000000000, 0.9238795325112867385, 1.000000000000000000, 0.9238795325112867385, 1.000000000000000000, 0.9238795325112867385, 1.000000000000000000, 0.9238795325112867385, 1.000000000000000000, 0.9238795325112867385, 1.000000000000000000, 0.9238795325112867385, 1.000000000000000000, 0.9238795325112867385, 1.000000000000000000, 0.9238795325112867385, 1.000000000000000000, 0.9238795325112867385, 1.000000000000000000, 0.9238795325112867385, 1.000000000000000000, 0.9238795325112867385, 1.000000000000000000, 0.9238795325112867385, 1.000000000000000000, 0.9238795325112867385, 1.000000000000000000) ) ) 
 REPRESENTATION_ITEM ( '' )  SURFACE ( )  );
#5898 = CARTESIAN_POINT ( 'NONE',  ( -2.720801616349699525, 0.08789985444665351921, 6.731311336638642118 ) ) ;
#5899 = CARTESIAN_POINT ( 'NONE',  ( 2.350480947161686540, -0.9736010864139461596, 2.837500000000000799 ) ) ;
#5900 = CARTESIAN_POINT ( 'NONE',  ( -0.4282286714487835155, 1.822136847597927378, 10.76374999999999815 ) ) ;
#5901 = CARTESIAN_POINT ( 'NONE',  ( 1.662041016787808356, 1.662041016787793479, -9.849999999999997868 ) ) ;
#5902 = CARTESIAN_POINT ( 'NONE',  ( -0.9736010864139290621, 2.350480947161671885, -0.6624999999999982014 ) ) ;
#5903 = CARTESIAN_POINT ( 'NONE',  ( -2.159593620790641655, -2.159593620790657642, 5.056250000000000355 ) ) ;
#5904 = ADVANCED_FACE ( 'NONE', ( #2994 ), #2924, .F. ) ;
#5905 = ORIENTED_EDGE ( 'NONE', *, *, #4873, .F. ) ;
#5906 = CARTESIAN_POINT ( 'NONE',  ( 1.967675189122390922, -0.3840784068098285209, 10.76374999999999815 ) ) ;
#5907 = CARTESIAN_POINT ( 'NONE',  ( -3.000000000000015987, -1.242640687119306309, -8.037499999999999645 ) ) ;
#5908 = B_SPLINE_CURVE_WITH_KNOTS ( 'NONE', 3,
 ( #340, #7171, #1393, #3705, #4998, #2111, #832, #3138, #5450, #1992, #4310, #6614, #1431, #3745, #6051, #867, #5488, #7213 ),
 .UNSPECIFIED., .F., .F.,
 ( 4, 2, 2, 2, 2, 2, 2, 2, 4 ),
 ( 5.290440343146526312E-15, 0.0008024489033704467920, 0.001604897806735603111, 0.002407346710100759322, 0.003209795613465915749, 0.004012244516831070876, 0.004814693420196227737, 0.005617142323561384598, 0.006419591226926538857 ),
 .UNSPECIFIED. ) ;
#5909 = CARTESIAN_POINT ( 'NONE',  ( -2.350480947161686984, -0.9736010864139444942, 1.462500000000002132 ) ) ;
#5910 = CARTESIAN_POINT ( 'NONE',  ( -3.000000000000015987, 1.242640687119277221, -1.037500000000000089 ) ) ;
#5911 = CARTESIAN_POINT ( 'NONE',  ( 2.350480947161686540, -0.9736010864139451604, -5.162499999999997868 ) ) ;
#5912 = CARTESIAN_POINT ( 'NONE',  ( -2.159593620790641655, 2.159593620790626556, -2.193749999999999645 ) ) ;
#5913 = CARTESIAN_POINT ( 'NONE',  ( -2.350480947161686984, -0.9736010864139443832, -0.5374999999999980904 ) ) ;
#5914 = VERTEX_POINT ( 'NONE', #1213 ) ;
#5915 = CARTESIAN_POINT ( 'NONE',  ( -3.055321016530499811, -0.4779930481427107636, 11.65728812522869795 ) ) ;
#5916 = CARTESIAN_POINT ( 'NONE',  ( -2.350480947161686984, 0.9736010864139136300, 2.462500000000001688 ) ) ;
#5917 = CARTESIAN_POINT ( 'NONE',  ( -2.121320343559653931, -2.121320343559669475, -2.850000000000000533 ) ) ;
#5918 = CARTESIAN_POINT ( 'NONE',  ( 1.662041016787808356, 1.662041016787792813, -3.849999999999998312 ) ) ;
#5919 = ORIENTED_EDGE ( 'NONE', *, *, #2335, .F. ) ;
#5920 = CARTESIAN_POINT ( 'NONE',  ( -2.159593620790641655, 2.159593620790627444, -9.193750000000001421 ) ) ;
#5921 = CARTESIAN_POINT ( 'NONE',  ( -1.662041016787808134, -1.662041016787823677, 4.525000000000001243 ) ) ;
#5922 = CARTESIAN_POINT ( 'NONE',  ( 2.350480947161686984, -1.476628801299784572E-14, -7.974999999999999645 ) ) ;
#5923 = CARTESIAN_POINT ( 'NONE',  ( -1.662041016787808134, -1.662041016787822567, -4.349999999999997868 ) ) ;
#5924 = CARTESIAN_POINT ( 'NONE',  ( -0.3354789181766279493, 2.467163720596698528, 6.093559391469347553 ) ) ;
#5925 = CARTESIAN_POINT ( 'NONE',  ( -1.126292498171021395, -2.076360577286920250, 12.24610380168963886 ) ) ;
#5926 = EDGE_CURVE ( 'NONE', #2176, #6717, #5539, .T. ) ;
#5927 = CARTESIAN_POINT ( 'NONE',  ( -3.740226349862386965E-16, -3.054126587736560428, 5.243749999999999467 ) ) ;
#5928 = CARTESIAN_POINT ( 'NONE',  ( -2.350480947161686984, -0.9736010864139432730, -7.537499999999998757 ) ) ;
#5929 = CARTESIAN_POINT ( 'NONE',  ( 0.3248503673603862496, -3.074843929413735744, 10.94099385562963889 ) ) ;
#5930 = FACE_OUTER_BOUND ( 'NONE', #1691, .T. ) ;
#5931 = CARTESIAN_POINT ( 'NONE',  ( -1.265060653844739091, 3.054126587736530674, -12.19374999999999787 ) ) ;
#5932 = ORIENTED_EDGE ( 'NONE', *, *, #6484, .F. ) ;
#5933 = EDGE_CURVE ( 'NONE', #82, #7332, #2041, .T. ) ;
#5934 = CARTESIAN_POINT ( 'NONE',  ( 0.000000000000000000, 2.702303767449099947, 2.478125000000001243 ) ) ;
#5935 = FACE_OUTER_BOUND ( 'NONE', #2713, .T. ) ;
#5936 = CARTESIAN_POINT ( 'NONE',  ( 2.350480947161686984, -1.536330332758218588E-14, -3.099999999999998757 ) ) ;
#5937 = CARTESIAN_POINT ( 'NONE',  ( -1.662041016787808134, -1.662041016787823455, 3.525000000000001243 ) ) ;
#5938 = DIRECTION ( 'NONE',  ( 0.000000000000000000, -1.000000000000000000, 0.000000000000000000 ) ) ;
#5939 = CARTESIAN_POINT ( 'NONE',  ( -2.350480947161686984, 0.9736010864139146292, -6.537499999999999645 ) ) ;
#5940 = CARTESIAN_POINT ( 'NONE',  ( -2.350480947161686984, 0.9736010864139131860, 4.462500000000002132 ) ) ;
#5941 = VERTEX_POINT ( 'NONE', #6658 ) ;
#5942 = CARTESIAN_POINT ( 'NONE',  ( -3.155595111206027426, -0.4213453062242352720, 11.81363967714851348 ) ) ;
#5943 =( BOUNDED_CURVE ( )  B_SPLINE_CURVE ( 2, ( #2586, #6560, #4333, #925, #3192, #6710, #5554 ),
 .UNSPECIFIED., .F., .F. ) 
 B_SPLINE_CURVE_WITH_KNOTS ( ( 3, 2, 2, 3 ),
 ( 0.6875000000000000000, 0.7031250000000000000, 0.7187500000000000000, 0.7324552239946007237 ),
 .UNSPECIFIED. ) 
 CURVE ( )  GEOMETRIC_REPRESENTATION_ITEM ( )  RATIONAL_B_SPLINE_CURVE ( ( 1.000000000000000000, 0.9238795325112867385, 1.000000000000000000, 0.9238795325112867385, 1.000000000000000000, 0.9332321243195815796, 0.9835930411951681052 ) ) 
 REPRESENTATION_ITEM ( '' )  );
#5944 = CARTESIAN_POINT ( 'NONE',  ( 0.000000000000000000, 3.000000000000000444, 5.650000000000000355 ) ) ;
#5945 = CARTESIAN_POINT ( 'NONE',  ( 2.159593620790642099, 2.159593620790626556, -5.381250000000000533 ) ) ;
#5946 = DIRECTION ( 'NONE',  ( 0.000000000000000000, -1.000000000000000000, 0.000000000000000000 ) ) ;
#5947 = CARTESIAN_POINT ( 'NONE',  ( 2.350480947161686540, 0.9736010864139158505, -12.03749999999999787 ) ) ;
#5948 = CARTESIAN_POINT ( 'NONE',  ( 0.000000000000000000, 3.054126587736528897, -0.3187499999999995892 ) ) ;
#5949 = CARTESIAN_POINT ( 'NONE',  ( 2.350480947161686540, -0.9736010864139457155, -2.162499999999997868 ) ) ;
#5950 = EDGE_LOOP ( 'NONE', ( #1563, #6605, #2753, #1974 ) ) ;
#5951 = CARTESIAN_POINT ( 'NONE',  ( 0.000000000000000000, 3.000000000000001332, -1.349999999999999645 ) ) ;
#5952 = CARTESIAN_POINT ( 'NONE',  ( -2.350480947161686984, -0.9736010864139447163, 3.587500000000001243 ) ) ;
#5953 = CARTESIAN_POINT ( 'NONE',  ( 3.582545006821692742E-15, -3.239999999999998881, 12.34999999999999964 ) ) ;
#5954 = CARTESIAN_POINT ( 'NONE',  ( 0.9736010864139306165, 2.350480947161671441, -3.787499999999997868 ) ) ;
#5955 = ORIENTED_EDGE ( 'NONE', *, *, #3701, .T. ) ;
#5956 = CARTESIAN_POINT ( 'NONE',  ( -3.740226349862386965E-16, -3.054126587736558651, -9.818749999999999645 ) ) ;
#5957 = CARTESIAN_POINT ( 'NONE',  ( 1.662041016787807912, -1.662041016787824343, 5.775000000000000355 ) ) ;
#5958 = CARTESIAN_POINT ( 'NONE',  ( -2.350480947161686984, -0.9736010864139429399, -11.53749999999999964 ) ) ;
#5959 = CARTESIAN_POINT ( 'NONE',  ( -0.3840784068097889969, 2.975025539244521511, 10.76374999999999815 ) ) ;
#5960 = DIRECTION ( 'NONE',  ( -0.000000000000000000, -1.224646799147353207E-16, 1.000000000000000000 ) ) ;
#5961 = CARTESIAN_POINT ( 'NONE',  ( -2.459300195168181880, -1.545223697093694115, -11.82647836488948201 ) ) ;
#5962 = CARTESIAN_POINT ( 'NONE',  ( -1.242640687119283882, -3.000000000000039968, -6.787499999999998757 ) ) ;
#5963 = CARTESIAN_POINT ( 'NONE',  ( -3.740226349862386965E-16, -3.054126587736560428, 3.243749999999999023 ) ) ;
#5964 = CARTESIAN_POINT ( 'NONE',  ( -0.9736010864139292842, -2.350480947161701639, -8.412499999999997868 ) ) ;
#5965 = VECTOR ( 'NONE', #7338, 1000.000000000000000 ) ;
#5966 = CARTESIAN_POINT ( 'NONE',  ( 0.3439606233699534221, -3.091509231002913527, 11.11825236326803257 ) ) ;
#5967 = CARTESIAN_POINT ( 'NONE',  ( -3.673940397442080083E-16, -3.000000000000031974, 1.274999999999999467 ) ) ;
#5968 = CARTESIAN_POINT ( 'NONE',  ( -3.054126587736543996, -1.353134992942395649E-14, -13.00624999999999964 ) ) ;
#5969 = VERTEX_POINT ( 'NONE', #2498 ) ;
#5970 = CARTESIAN_POINT ( 'NONE',  ( 3.673940397442061840E-16, 2.999999999999999556, 12.34999999999999964 ) ) ;
#5971 = CARTESIAN_POINT ( 'NONE',  ( 3.124136323086226685, 0.3816727961794849078, 11.46821267412673606 ) ) ;
#5972 = CARTESIAN_POINT ( 'NONE',  ( 0.9736010864139287291, -2.350480947161702527, -4.287499999999997868 ) ) ;
#5973 = EDGE_CURVE ( 'NONE', #7332, #5132, #638, .T. ) ;
#5974 = CARTESIAN_POINT ( 'NONE',  ( 0.000000000000000000, 2.350480947161671441, 1.150000000000001688 ) ) ;
#5975 = CARTESIAN_POINT ( 'NONE',  ( 3.000000000000016431, -1.555915846688544507E-14, -2.475000000000000533 ) ) ;
#5976 = CARTESIAN_POINT ( 'NONE',  ( 0.000000000000000000, -9.368548013477250272E-16, 7.649999999999998579 ) ) ;
#5977 = CARTESIAN_POINT ( 'NONE',  ( -0.3441256606735244583, 3.091799826931094231, 11.11969350725439654 ) ) ;
#5978 = CARTESIAN_POINT ( 'NONE',  ( 1.265060653844738425, -3.054126587736561316, 9.243750000000002132 ) ) ;
#5979 = ORIENTED_EDGE ( 'NONE', *, *, #6301, .F. ) ;
#5980 = DIRECTION ( 'NONE',  ( 0.000000000000000000, -1.000000000000000000, 0.000000000000000000 ) ) ;
#5981 = CARTESIAN_POINT ( 'NONE',  ( 0.8042301465352824641, 0.9143889869718567764, 10.76374999999999815 ) ) ;
#5982 = CARTESIAN_POINT ( 'NONE',  ( 1.265060653844741090, 3.054126587736528009, -3.318750000000000533 ) ) ;
#5983 = ADVANCED_FACE ( 'NONE', ( #1962 ), #6582, .T. ) ;
#5984 = CARTESIAN_POINT ( 'NONE',  ( 3.071965366029783429, 0.4970064592693989036, 11.83818864820600503 ) ) ;
#5985 = CARTESIAN_POINT ( 'NONE',  ( -2.350480947161686984, 0.9736010864139150733, -9.662499999999997868 ) ) ;
#5986 = CARTESIAN_POINT ( 'NONE',  ( -1.265060653844739091, 3.054126587736528453, 0.7437500000000006883 ) ) ;
#5987 = DIRECTION ( 'NONE',  ( 0.000000000000000000, -1.000000000000000000, 0.000000000000000000 ) ) ;
#5988 = ORIENTED_EDGE ( 'NONE', *, *, #6790, .T. ) ;
#5989 = CARTESIAN_POINT ( 'NONE',  ( 1.662041016787807912, -1.662041016787824121, 4.900000000000001243 ) ) ;
#5990 = CARTESIAN_POINT ( 'NONE',  ( -2.878508968398398972E-16, -2.350480947161703416, 6.775000000000001243 ) ) ;
#5991 = CIRCLE ( 'NONE', #3936, 9.713516018797381690 ) ;
#5992 = CARTESIAN_POINT ( 'NONE',  ( -3.000000000000016431, -1.476313804743966030E-14, -2.974999999999999645 ) ) ;
#5993 = CARTESIAN_POINT ( 'NONE',  ( -1.662041016787808134, -1.662041016787823011, -0.3499999999999978684 ) ) ;
#5994 = EDGE_LOOP ( 'NONE', ( #659, #885, #5086 ) ) ;
#5995 = VECTOR ( 'NONE', #7161, 1000.000000000000000 ) ;
#5996 = CARTESIAN_POINT ( 'NONE',  ( 0.000000000000000000, 3.054126587736529785, -10.31874999999999964 ) ) ;
#5997 = CARTESIAN_POINT ( 'NONE',  ( 1.662041016787808356, 1.662041016787791925, 3.025000000000001688 ) ) ;
#5998 = CARTESIAN_POINT ( 'NONE',  ( 2.350480947161686984, -1.426112120834956639E-14, -12.09999999999999787 ) ) ;
#5999 = CARTESIAN_POINT ( 'NONE',  ( 1.283497702428826814E-13, -2.704246824526926218, -12.02075317547307343 ) ) ;
#6000 = CARTESIAN_POINT ( 'NONE',  ( -2.350480947161686984, 0.9736010864139140741, -1.537499999999998090 ) ) ;
#6001 = CARTESIAN_POINT ( 'NONE',  ( -0.6619120968390735937, -2.536752355264692671, 6.456423669394606435 ) ) ;
#6002 = CARTESIAN_POINT ( 'NONE',  ( 0.000000000000000000, 3.000000000000001776, -7.224999999999999645 ) ) ;
#6003 = EDGE_CURVE ( 'NONE', #3595, #2707, #1401, .T. ) ;
#6004 = VECTOR ( 'NONE', #1635, 1000.000000000000114 ) ;
#6005 = CIRCLE ( 'NONE', #1050, 3.183625345212363289 ) ;
#6006 = CARTESIAN_POINT ( 'NONE',  ( -2.159593620790641655, -2.159593620790658086, 6.118749999999999467 ) ) ;
#6007 = CARTESIAN_POINT ( 'NONE',  ( 0.9736010864139306165, 2.350480947161672329, -10.91249999999999787 ) ) ;
#6008 = CARTESIAN_POINT ( 'NONE',  ( 2.120575463058922860, -1.303541706694941293, -12.25651268759097334 ) ) ;
#6009 = CARTESIAN_POINT ( 'NONE',  ( 1.241830752530214799, 2.251736143271810153, 6.318972865882613199 ) ) ;
#6010 = CARTESIAN_POINT ( 'NONE',  ( -2.159593620790641655, -2.159593620790656310, -6.881250000000000533 ) ) ;
#6011 = VERTEX_POINT ( 'NONE', #4777 ) ;
#6012 = CIRCLE ( 'NONE', #2745, 9.713516018797381690 ) ;
#6013 = DIRECTION ( 'NONE',  ( -1.224646799147353207E-16, -1.224646799147340388E-16, 1.000000000000000000 ) ) ;
#6014 = CARTESIAN_POINT ( 'NONE',  ( 0.000000000000000000, 3.000000000000002220, -9.350000000000001421 ) ) ;
#6015 = CARTESIAN_POINT ( 'NONE',  ( -2.350480947161686984, -1.484883387385987237E-14, -2.599999999999998312 ) ) ;
#6016 = CARTESIAN_POINT ( 'NONE',  ( 2.159593620790641655, -2.159593620790658530, 7.368749999999998579 ) ) ;
#6017 = CARTESIAN_POINT ( 'NONE',  ( 0.4188713088899468917, -3.155949487122298169, 11.81363098836964909 ) ) ;
#6018 = CARTESIAN_POINT ( 'NONE',  ( 2.350480947161686540, -0.9736010864139462706, 3.962500000000001688 ) ) ;
#6019 = ORIENTED_EDGE ( 'NONE', *, *, #1392, .T. ) ;
#6020 = CARTESIAN_POINT ( 'NONE',  ( -3.081781509970241473, -0.4966640741418610339, 11.83493107131887712 ) ) ;
#6021 = EDGE_CURVE ( 'NONE', #5844, #383, #2958, .T. ) ;
#6022 = CARTESIAN_POINT ( 'NONE',  ( -3.000000000000016431, -1.574285548675753833E-14, 5.025000000000000355 ) ) ;
#6023 = CARTESIAN_POINT ( 'NONE',  ( -3.740226349862386965E-16, -3.054126587736559539, -2.756250000000000533 ) ) ;
#6024 = CARTESIAN_POINT ( 'NONE',  ( 3.018321721208290676, -0.3710920280353152134, 10.76374999999999815 ) ) ;
#6025 = CARTESIAN_POINT ( 'NONE',  ( -1.265060653844739536, -3.054126587736560428, 2.118750000000000799 ) ) ;
#6026 = CARTESIAN_POINT ( 'NONE',  ( 2.350480947161686984, -1.597562672715586162E-14, 1.900000000000001465 ) ) ;
#6027 = ORIENTED_EDGE ( 'NONE', *, *, #3531, .T. ) ;
#6028 = CARTESIAN_POINT ( 'NONE',  ( 1.662041016787808356, 1.662041016787791703, 4.150000000000002132 ) ) ;
#6029 = CARTESIAN_POINT ( 'NONE',  ( 0.000000000000000000, 2.350480947161670553, 7.275000000000002132 ) ) ;
#6030 = EDGE_CURVE ( 'NONE', #3427, #3545, #157, .T. ) ;
#6031 = CARTESIAN_POINT ( 'NONE',  ( 2.350480947161686540, -0.9736010864139444942, -10.03749999999999787 ) ) ;
#6032 = CARTESIAN_POINT ( 'NONE',  ( -0.9736010864139290621, 2.350480947161671441, 1.337500000000002132 ) ) ;
#6033 = VERTEX_POINT ( 'NONE', #6621 ) ;
#6034 = CARTESIAN_POINT ( 'NONE',  ( -3.054126587736543996, -1.265060653844752858, -10.00624999999999964 ) ) ;
#6035 = CARTESIAN_POINT ( 'NONE',  ( -2.350480947161686984, -0.9736010864139451604, 7.462500000000001243 ) ) ;
#6036 = CARTESIAN_POINT ( 'NONE',  ( 1.662041016787807912, -1.662041016787822123, -10.22499999999999787 ) ) ;
#6037 = CARTESIAN_POINT ( 'NONE',  ( -1.729492275778960586, -1.680419218421803196, -12.32087298962275845 ) ) ;
#6038 = CARTESIAN_POINT ( 'NONE',  ( -2.350480947161686984, 0.9736010864139138521, 0.4625000000000020206 ) ) ;
#6039 = CARTESIAN_POINT ( 'NONE',  ( -1.242640687119292098, 3.000000000000001776, 2.712500000000000355 ) ) ;
#6040 = CARTESIAN_POINT ( 'NONE',  ( -3.040146102008125961, 0.3514425167191315702, 10.76374999999999815 ) ) ;
#6041 = ORIENTED_EDGE ( 'NONE', *, *, #5711, .T. ) ;
#6042 = EDGE_CURVE ( 'NONE', #503, #3269, #1439, .T. ) ;
#6043 = CARTESIAN_POINT ( 'NONE',  ( 2.350480947161686540, -0.9736010864139447163, -8.162499999999999645 ) ) ;
#6044 = CARTESIAN_POINT ( 'NONE',  ( -1.822136847597922271, 0.4282286714488209300, 10.76374999999999815 ) ) ;
#6045 = CARTESIAN_POINT ( 'NONE',  ( -1.242640687119292098, 3.000000000000001776, -3.287499999999999645 ) ) ;
#6046 = CARTESIAN_POINT ( 'NONE',  ( 1.265060653844741090, 3.054126587736528453, -6.318750000000001421 ) ) ;
#6047 = ORIENTED_EDGE ( 'NONE', *, *, #3222, .T. ) ;
#6048 = CARTESIAN_POINT ( 'NONE',  ( 0.000000000000000000, 3.000000000000001332, -4.225000000000000533 ) ) ;
#6049 = CARTESIAN_POINT ( 'NONE',  ( 0.3989839930302128135, 1.892739746863325356, 10.76374999999999815 ) ) ;
#6050 = CARTESIAN_POINT ( 'NONE',  ( -2.350480947161686984, 0.9736010864139140741, -1.662499999999998090 ) ) ;
#6051 = CARTESIAN_POINT ( 'NONE',  ( 1.042306197323022765, 2.241503381318317611, 6.018962334510700174 ) ) ;
#6052 = CARTESIAN_POINT ( 'NONE',  ( -0.3439604872179380379, 3.091509112269775983, 11.11825110038094877 ) ) ;
#6053 = DIRECTION ( 'NONE',  ( 0.000000000000000000, 1.000000000000000000, 0.000000000000000000 ) ) ;
#6054 = CARTESIAN_POINT ( 'NONE',  ( 3.000000000000015987, 1.242640687119278331, -6.537499999999999645 ) ) ;
#6055 = CARTESIAN_POINT ( 'NONE',  ( 0.9736010864139287291, -2.350480947161702527, 2.837500000000001243 ) ) ;
#6056 = ORIENTED_EDGE ( 'NONE', *, *, #631, .F. ) ;
#6057 = CARTESIAN_POINT ( 'NONE',  ( -3.110101974821271931, -0.4870458400202352656, 11.82591190759382371 ) ) ;
#6058 =( BOUNDED_CURVE ( )  B_SPLINE_CURVE ( 2, ( #3817, #2151, #4960, #6275, #6833, #2221, #6686, #943, #3968 ),
 .UNSPECIFIED., .F., .F. ) 
 B_SPLINE_CURVE_WITH_KNOTS ( ( 3, 2, 2, 2, 3 ),
 ( 0.3749999999999998890, 0.3906249999999998335, 0.4062499999999997780, 0.4218749999999996669, 0.4374999999999996114 ),
 .UNSPECIFIED. ) 
 CURVE ( )  GEOMETRIC_REPRESENTATION_ITEM ( )  RATIONAL_B_SPLINE_CURVE ( ( 1.000000000000000444, 0.9238795325112861834, 1.000000000000000000, 0.9238795325112867385, 1.000000000000000000, 0.9238795325112867385, 1.000000000000000000, 0.9238795325112886259, 0.9999999999999981126 ) ) 
 REPRESENTATION_ITEM ( '' )  );
#6059 = CARTESIAN_POINT ( 'NONE',  ( 2.121320343559654820, 2.121320343559638832, -7.350000000000000533 ) ) ;
#6060 = CARTESIAN_POINT ( 'NONE',  ( 3.054126587736543996, 1.265060653844724659, -2.443750000000000977 ) ) ;
#6061 = CARTESIAN_POINT ( 'NONE',  ( 3.045282526901883280, -0.3431998058198518775, 10.76374999999999815 ) ) ;
#6062 = CARTESIAN_POINT ( 'NONE',  ( 2.159593620790641655, -2.159593620790657642, 0.3062500000000000777 ) ) ;
#6063 = VERTEX_POINT ( 'NONE', #3789 ) ;
#6064 = CARTESIAN_POINT ( 'NONE',  ( 1.662041016787807912, -1.662041016787823899, 3.900000000000001688 ) ) ;
#6065 = CARTESIAN_POINT ( 'NONE',  ( -0.9736010864139292842, -2.350480947161703416, 7.712500000000002132 ) ) ;
#6066 = CARTESIAN_POINT ( 'NONE',  ( -2.878508968398398972E-16, -2.350480947161701639, -7.224999999999998757 ) ) ;
#6067 = CARTESIAN_POINT ( 'NONE',  ( 0.9736010864139287291, -2.350480947161703416, -0.1624999999999985900 ) ) ;
#6068 = ORIENTED_EDGE ( 'NONE', *, *, #4786, .F. ) ;
#6069 = CARTESIAN_POINT ( 'NONE',  ( 0.000000000000000000, 3.054126587736529341, -5.318749999999999645 ) ) ;
#6070 = B_SPLINE_CURVE_WITH_KNOTS ( 'NONE', 3,
 ( #6326, #994, #3302, #2696, #1628, #5013, #3943, #1106, #540, #6256, #5159, #7451, #6291, #2844, #5053, #469, #5696, #6179 ),
 .UNSPECIFIED., .F., .F.,
 ( 4, 2, 2, 2, 2, 2, 2, 2, 4 ),
 ( 0.03184176809612781350, 0.03238736598755549007, 0.03293296387898317357, 0.03347856177041085013, 0.03402415966183852669, 0.03456975755326621019, 0.03511535544469388676, 0.03566095333612156332, 0.03620655122754923988 ),
 .UNSPECIFIED. ) ;
#6071 = EDGE_CURVE ( 'NONE', #5367, #4627, #6005, .T. ) ;
#6072 = CARTESIAN_POINT ( 'NONE',  ( -2.350480947161686984, 0.9736010864139130749, 7.337500000000002132 ) ) ;
#6073 = CARTESIAN_POINT ( 'NONE',  ( -1.662041016787807912, 1.662041016787793479, -5.599999999999997868 ) ) ;
#6074 = CARTESIAN_POINT ( 'NONE',  ( -0.9736010864139290621, 2.350480947161671885, -1.662499999999998090 ) ) ;
#6075 = CARTESIAN_POINT ( 'NONE',  ( 0.8632880660056397870, 1.177184601738066272, 12.23971270034656911 ) ) ;
#6076 = CARTESIAN_POINT ( 'NONE',  ( -3.074843929413733523, -0.3248503673603982955, 10.94099385562963889 ) ) ;
#6077 = ORIENTED_EDGE ( 'NONE', *, *, #1188, .T. ) ;
#6078 = CYLINDRICAL_SURFACE ( 'NONE', #2618, 0.5831999999999999407 ) ;
#6079 = ADVANCED_FACE ( 'NONE', ( #1363 ), #3109, .T. ) ;
#6080 = CYLINDRICAL_SURFACE ( 'NONE', #6486, 0.5831999999999999407 ) ;
#6081 = CARTESIAN_POINT ( 'NONE',  ( -3.000000000000016431, -1.474782996245031840E-14, -3.099999999999999645 ) ) ;
#6082 = CARTESIAN_POINT ( 'NONE',  ( 1.265060653844738425, -3.054126587736559539, -8.693749999999999645 ) ) ;
#6083 = ORIENTED_EDGE ( 'NONE', *, *, #6790, .F. ) ;
#6084 = CARTESIAN_POINT ( 'NONE',  ( 0.000000000000000000, 3.000000000000000444, 4.650000000000000355 ) ) ;
#6085 = CYLINDRICAL_SURFACE ( 'NONE', #2372, 3.000000000000001776 ) ;
#6086 = CARTESIAN_POINT ( 'NONE',  ( 0.9736010864139306165, 2.350480947161671441, -1.912499999999998312 ) ) ;
#6087 = CARTESIAN_POINT ( 'NONE',  ( 3.054126587736543996, -1.265060653844757077, 8.431250000000000355 ) ) ;
#6088 = CARTESIAN_POINT ( 'NONE',  ( 0.2748317871359904907, -2.840656775517234500, 7.072636235882217903 ) ) ;
#6089 = CARTESIAN_POINT ( 'NONE',  ( -2.350480947161686984, -1.425181855927553537E-14, -7.474999999999997868 ) ) ;
#6090 = CARTESIAN_POINT ( 'NONE',  ( 2.121320343559654820, 2.121320343559637944, 6.525000000000000355 ) ) ;
#6091 = VERTEX_POINT ( 'NONE', #3634 ) ;
#6092 = CARTESIAN_POINT ( 'NONE',  ( 2.350480947161686984, -1.611339949205993550E-14, 3.025000000000001688 ) ) ;
#6093 = VERTEX_POINT ( 'NONE', #5944 ) ;
#6094 = DIRECTION ( 'NONE',  ( -0.02078751127481344094, 0.1045058763748858005, 0.9943069954385901354 ) ) ;
#6095 = EDGE_CURVE ( 'NONE', #4912, #5914, #4855, .T. ) ;
#6096 = DIRECTION ( 'NONE',  ( -0.000000000000000000, -1.224646799147353207E-16, 1.000000000000000000 ) ) ;
#6097 = CARTESIAN_POINT ( 'NONE',  ( 3.054126587736543996, 1.265060653844724881, -4.443750000000002309 ) ) ;
#6098 = CARTESIAN_POINT ( 'NONE',  ( 3.118843115716659842, 0.4815894377106156310, 11.82323739410218444 ) ) ;
#6099 = CARTESIAN_POINT ( 'NONE',  ( -3.054126587736543996, -1.511573672582084405E-14, -0.06874999999999936717 ) ) ;
#6100 = CARTESIAN_POINT ( 'NONE',  ( 0.000000000000000000, 2.070106209874711453E-15, 12.34999999999999964 ) ) ;
#6101 = ORIENTED_EDGE ( 'NONE', *, *, #6770, .T. ) ;
#6102 = CARTESIAN_POINT ( 'NONE',  ( -1.662041016787807912, 1.662041016787792147, 4.400000000000002132 ) ) ;
#6103 = CARTESIAN_POINT ( 'NONE',  ( -2.350480947161686984, 0.9736010864139149623, -7.537499999999998757 ) ) ;
#6104 = CARTESIAN_POINT ( 'NONE',  ( -1.662041016787807912, 1.662041016787792813, 0.4000000000000019096 ) ) ;
#6105 = EDGE_LOOP ( 'NONE', ( #1011, #3073, #7072, #2343, #7305, #6777, #5979, #5166, #4250, #7225, #3120, #4408, #5732, #969, #374, #47, #5002, #1325, #6706 ) ) ;
#6106 = CARTESIAN_POINT ( 'NONE',  ( -2.350480947161686984, -0.9736010864139452714, 8.462500000000000355 ) ) ;
#6107 = CARTESIAN_POINT ( 'NONE',  ( -2.350480947161686984, -0.9736010864139428289, -12.53749999999999787 ) ) ;
#6108 = APPROVAL ( #5716, 'UNSPECIFIED' ) ;
#6109 = AXIS2_PLACEMENT_3D ( 'NONE', #3029, #4775, #5837 ) ;
#6110 = FACE_OUTER_BOUND ( 'NONE', #2388, .T. ) ;
#6111 = CARTESIAN_POINT ( 'NONE',  ( 0.000000000000000000, 2.350480947161671885, -2.724999999999998312 ) ) ;
#6112 = CARTESIAN_POINT ( 'NONE',  ( -0.5436799907859156678, 1.922160659580469000, 12.14276737506911630 ) ) ;
#6113 = CARTESIAN_POINT ( 'NONE',  ( -3.124136439876691984, -0.3816729322304457939, 11.46821393720580140 ) ) ;
#6114 = ADVANCED_FACE ( 'NONE', ( #7143 ), #350, .T. ) ;
#6115 = VECTOR ( 'NONE', #2903, 1000.000000000000000 ) ;
#6116 = VERTEX_POINT ( 'NONE', #5045 ) ;
#6117 = CARTESIAN_POINT ( 'NONE',  ( 0.9736010864139306165, 2.350480947161671885, -4.912499999999998757 ) ) ;
#6118 = DIRECTION ( 'NONE',  ( -0.02078751127481344441, 0.1045058763748858005, 0.9943069954385902465 ) ) ;
#6119 = CARTESIAN_POINT ( 'NONE',  ( 2.404759185920817277, 0.7374091621474081482, 6.164042714965447978 ) ) ;
#6120 = CARTESIAN_POINT ( 'NONE',  ( 3.054126587736543996, -1.483048625901274294E-14, -8.506249999999999645 ) ) ;
#6121 = CARTESIAN_POINT ( 'NONE',  ( -0.4205411125839153552, 3.082321503822637254, 11.11066947172313313 ) ) ;
#6122 = ORIENTED_EDGE ( 'NONE', *, *, #6534, .F. ) ;
#6123 = TOROIDAL_SURFACE ( 'NONE', #2858, 4.658104324049653577, 1.292500000000001537 ) ;
#6124 = CARTESIAN_POINT ( 'NONE',  ( -0.9736010864139292842, -2.350480947161703416, 3.587500000000000799 ) ) ;
#6125 = ADVANCED_FACE ( 'NONE', ( #6248 ), #3935, .T. ) ;
#6126 = CARTESIAN_POINT ( 'NONE',  ( -2.121320343559653931, 2.121320343559638388, 4.775000000000000355 ) ) ;
#6127 = VECTOR ( 'NONE', #7349, 1000.000000000000000 ) ;
#6128 = CARTESIAN_POINT ( 'NONE',  ( 1.662041016787807912, -1.662041016787823455, -0.2249999999999986455 ) ) ;
#6129 = CARTESIAN_POINT ( 'NONE',  ( 3.054126587736543996, 1.265060653844723770, 7.556249999999999467 ) ) ;
#6130 = CARTESIAN_POINT ( 'NONE',  ( 0.3649721341422563770, -3.026819229903392472, 10.76374999999999815 ) ) ;
#6131 = VECTOR ( 'NONE', #1612, 1000.000000000000000 ) ;
#6132 = APPROVAL_ROLE ( '' ) ;
#6133 = CARTESIAN_POINT ( 'NONE',  ( -2.121320343559653931, 2.121320343559638832, -1.224999999999999423 ) ) ;
#6134 = CARTESIAN_POINT ( 'NONE',  ( -2.121320343559653931, -2.121320343559670363, 6.025000000000000355 ) ) ;
#6135 = CARTESIAN_POINT ( 'NONE',  ( 2.350480947161686540, 0.9736010864139130749, 8.087500000000000355 ) ) ;
#6136 = ORIENTED_EDGE ( 'NONE', *, *, #5761, .T. ) ;
#6137 = CARTESIAN_POINT ( 'NONE',  ( -1.242640687119292098, 3.000000000000001776, -0.1625000000000000333 ) ) ;
#6138 = FACE_OUTER_BOUND ( 'NONE', #3498, .T. ) ;
#6139 = CARTESIAN_POINT ( 'NONE',  ( -1.265060653844739536, -3.054126587736560428, 0.1812500000000000500 ) ) ;
#6140 = CARTESIAN_POINT ( 'NONE',  ( 2.971464112645125777, -0.3840784068098322956, 10.76374999999999815 ) ) ;
#6141 = ADVANCED_FACE ( 'NONE', ( #2080 ), #1168, .T. ) ;
#6142 = CARTESIAN_POINT ( 'NONE',  ( 0.9736010864139287291, -2.350480947161702083, -4.162499999999997868 ) ) ;
#6143 = CARTESIAN_POINT ( 'NONE',  ( 3.054126587736543996, -1.265060653844756411, 2.368749999999999467 ) ) ;
#6144 = ORIENTED_EDGE ( 'NONE', *, *, #1212, .F. ) ;
#6145 = CARTESIAN_POINT ( 'NONE',  ( 2.350480947161686540, 0.9736010864139137411, 4.087500000000002132 ) ) ;
#6146 = CARTESIAN_POINT ( 'NONE',  ( -2.350480947161686984, -1.388442451953133151E-14, -10.47499999999999787 ) ) ;
#6147 = CARTESIAN_POINT ( 'NONE',  ( -1.662041016787808134, -1.662041016787822345, -5.474999999999997868 ) ) ;
#6148 = ORIENTED_EDGE ( 'NONE', *, *, #1174, .T. ) ;
#6149 =( BOUNDED_CURVE ( )  B_SPLINE_CURVE ( 2, ( #2744, #4569, #591, #2897, #3426, #28, #3993, #3957, #5062 ),
 .UNSPECIFIED., .F., .F. ) 
 B_SPLINE_CURVE_WITH_KNOTS ( ( 3, 2, 2, 2, 3 ),
 ( 0.4374999999999996114, 0.4531249999999997224, 0.4687499999999997780, 0.4843749999999998890, 0.5000000000000000000 ),
 .UNSPECIFIED. ) 
 CURVE ( )  GEOMETRIC_REPRESENTATION_ITEM ( )  RATIONAL_B_SPLINE_CURVE ( ( 1.000000000000001998, 0.9238795325112848511, 1.000000000000000000, 0.9238795325112867385, 1.000000000000000000, 0.9238795325112867385, 1.000000000000000000, 0.9238795325112867385, 1.000000000000000000 ) ) 
 REPRESENTATION_ITEM ( '' )  );
#6150 = CARTESIAN_POINT ( 'NONE',  ( -2.350480947161686984, 0.9736010864139130749, 6.337500000000002132 ) ) ;
#6151 = CARTESIAN_POINT ( 'NONE',  ( -0.9736010864139290621, 2.350480947161673217, -7.787499999999999645 ) ) ;
#6152 = CARTESIAN_POINT ( 'NONE',  ( 2.569505810614935548, -0.8125821744335030017, 6.656154371387584590 ) ) ;
#6153 = CARTESIAN_POINT ( 'NONE',  ( -2.350480947161686984, -0.9736010864139443832, -0.4124999999999979239 ) ) ;
#6154 = CARTESIAN_POINT ( 'NONE',  ( 1.851216920838277380, -0.5744240720839545178, 12.15470632317383348 ) ) ;
#6155 = DIRECTION ( 'NONE',  ( -1.000000000000000000, 1.057539400867088940E-14, -0.000000000000000000 ) ) ;
#6156 = VERTEX_POINT ( 'NONE', #1660 ) ;
#6157 = CARTESIAN_POINT ( 'NONE',  ( 2.350480947161686540, -0.9736010864139451604, -5.162499999999997868 ) ) ;
#6158 = CARTESIAN_POINT ( 'NONE',  ( 2.226230049012011936, 1.311071798641737951, -12.14641272647681625 ) ) ;
#6159 = CARTESIAN_POINT ( 'NONE',  ( 0.000000000000000000, 3.000000000000001332, -3.349999999999999645 ) ) ;
#6160 = CARTESIAN_POINT ( 'NONE',  ( -2.159593620790641655, -2.159593620790655866, -8.881249999999999645 ) ) ;
#6161 = CARTESIAN_POINT ( 'NONE',  ( 0.4213382285472772049, -3.005041125390448542, 11.11825352350962604 ) ) ;
#6162 = ORIENTED_EDGE ( 'NONE', *, *, #2905, .T. ) ;
#6163 = CARTESIAN_POINT ( 'NONE',  ( 2.350480947161686540, 0.9736010864139137411, 3.962500000000001688 ) ) ;
#6164 = CARTESIAN_POINT ( 'NONE',  ( -0.4027075457408864634, -2.988323639973839096, 10.94099441725850852 ) ) ;
#6165 = CARTESIAN_POINT ( 'NONE',  ( -2.350480947161686984, -1.509376323368934267E-14, -0.5999999999999980904 ) ) ;
#6166 = CARTESIAN_POINT ( 'NONE',  ( 0.000000000000000000, 3.054126587736527565, 7.743749999999999467 ) ) ;
#6167 = CARTESIAN_POINT ( 'NONE',  ( -1.662041016787807912, 1.662041016787792591, 1.275000000000001465 ) ) ;
#6168 = CARTESIAN_POINT ( 'NONE',  ( -3.673940397442080083E-16, -3.000000000000031530, -0.8499999999999992006 ) ) ;
#6169 = CARTESIAN_POINT ( 'NONE',  ( -2.350480947161686984, -0.9736010864139429399, -11.53749999999999964 ) ) ;
#6170 = ADVANCED_FACE ( 'NONE', ( #6138 ), #1588, .T. ) ;
#6171 = CARTESIAN_POINT ( 'NONE',  ( -2.878508968398398972E-16, -2.350480947161703416, 7.775000000000002132 ) ) ;
#6172 = DIRECTION ( 'NONE',  ( 0.000000000000000000, 0.000000000000000000, 1.000000000000000000 ) ) ;
#6173 = CARTESIAN_POINT ( 'NONE',  ( 1.242640687119298093, -3.000000000000025757, -7.787499999999998757 ) ) ;
#6174 = CARTESIAN_POINT ( 'NONE',  ( -3.740226349862386965E-16, -3.054126587736559983, 1.243749999999999245 ) ) ;
#6175 = CARTESIAN_POINT ( 'NONE',  ( 3.000000000000016431, -1.568162314680018022E-14, -1.475000000000000311 ) ) ;
#6176 = CARTESIAN_POINT ( 'NONE',  ( -2.350480947161686984, 0.9736010864139145182, -5.537499999999997868 ) ) ;
#6177 = FACE_OUTER_BOUND ( 'NONE', #3795, .T. ) ;
#6178 = ORIENTED_EDGE ( 'NONE', *, *, #2096, .T. ) ;
#6179 = CARTESIAN_POINT ( 'NONE',  ( 2.986514216272652789, -0.2841352424488192696, 7.510428147091761986 ) ) ;
#6180 = CARTESIAN_POINT ( 'NONE',  ( 2.121320343559653931, -2.121320343559668586, -11.72499999999999964 ) ) ;
#6181 = CARTESIAN_POINT ( 'NONE',  ( 0.000000000000000000, 2.350480947161671885, -1.849999999999998312 ) ) ;
#6182 = ORIENTED_EDGE ( 'NONE', *, *, #1438, .F. ) ;
#6183 = CARTESIAN_POINT ( 'NONE',  ( 0.9736010864139306165, 2.350480947161670109, 7.087500000000001243 ) ) ;
#6184 = CARTESIAN_POINT ( 'NONE',  ( 1.662041016787807912, -1.662041016787822567, -8.224999999999999645 ) ) ;
#6185 = DIRECTION ( 'NONE',  ( 8.659560562354909439E-17, 0.7071067811865454633, 0.7071067811865495711 ) ) ;
#6186 = CARTESIAN_POINT ( 'NONE',  ( 0.9736010864139287291, -2.350480947161702083, -4.287499999999997868 ) ) ;
#6187 = CARTESIAN_POINT ( 'NONE',  ( 0.3092763164257375519, 3.057679023324717971, 10.76374999999999815 ) ) ;
#6188 = CARTESIAN_POINT ( 'NONE',  ( -0.4002752944749299324, -3.140105338715598826, 11.64091577994608606 ) ) ;
#6189 =( BOUNDED_CURVE ( )  B_SPLINE_CURVE ( 2, ( #3653, #5962, #570, #7440, #4720, #4144, #2475, #2267, #6002 ),
 .UNSPECIFIED., .F., .T. ) 
 B_SPLINE_CURVE_WITH_KNOTS ( ( 3, 2, 2, 2, 3 ),
 ( 0.1874999999999998612, 0.2031249999999998612, 0.2187499999999998890, 0.2343749999999998890, 0.2499999999999998890 ),
 .UNSPECIFIED. ) 
 CURVE ( )  GEOMETRIC_REPRESENTATION_ITEM ( )  RATIONAL_B_SPLINE_CURVE ( ( 1.000000000000000666, 0.9238795325112860723, 1.000000000000000000, 0.9238795325112867385, 1.000000000000000000, 0.9238795325112867385, 1.000000000000000000, 0.9238795325112872936, 0.9999999999999994449 ) ) 
 REPRESENTATION_ITEM ( '' )  );
#6190 = ORIENTED_EDGE ( 'NONE', *, *, #2108, .T. ) ;
#6191 = CARTESIAN_POINT ( 'NONE',  ( 0.9736010864139306165, 2.350480947161671885, -5.912499999999997868 ) ) ;
#6192 = CARTESIAN_POINT ( 'NONE',  ( 0.000000000000000000, 2.350480947161673217, -11.72499999999999964 ) ) ;
#6193 = CARTESIAN_POINT ( 'NONE',  ( 0.09024213516340022501, -0.2178637866089868924, 2.608805317272258950 ) ) ;
#6194 = CARTESIAN_POINT ( 'NONE',  ( -3.000000000000015987, -1.242640687119306087, -9.912500000000001421 ) ) ;
#6195 = CARTESIAN_POINT ( 'NONE',  ( 0.4399701545668769365, -3.021623263888886690, 11.29552445814421091 ) ) ;
#6196 = ORIENTED_EDGE ( 'NONE', *, *, #940, .T. ) ;
#6197 = CARTESIAN_POINT ( 'NONE',  ( 2.350480947161686540, -0.9736010864139461596, 2.837500000000001243 ) ) ;
#6198 = CARTESIAN_POINT ( 'NONE',  ( 0.000000000000000000, -2.044870920353165796E-15, 12.34999999999999964 ) ) ;
#6199 = CARTESIAN_POINT ( 'NONE',  ( 2.350480947161686540, 0.9736010864139142962, -0.03749999999999848593 ) ) ;
#6200 = FACE_OUTER_BOUND ( 'NONE', #1843, .T. ) ;
#6201 = CARTESIAN_POINT ( 'NONE',  ( 0.3428103904263057888, -3.046164463648494802, 10.76374999999999815 ) ) ;
#6202 = DIRECTION ( 'NONE',  ( 0.000000000000000000, 0.000000000000000000, 1.000000000000000000 ) ) ;
#6203 = CARTESIAN_POINT ( 'NONE',  ( 0.000000000000000000, 2.350480947161673217, -11.84999999999999964 ) ) ;
#6204 = ORIENTED_EDGE ( 'NONE', *, *, #2129, .F. ) ;
#6205 = CARTESIAN_POINT ( 'NONE',  ( 1.662041016787807912, -1.662041016787824121, 4.900000000000001243 ) ) ;
#6206 = CARTESIAN_POINT ( 'NONE',  ( 0.000000000000000000, 2.999999999999999556, 6.774999999999999467 ) ) ;
#6207 = EDGE_CURVE ( 'NONE', #2075, #612, #1412, .T. ) ;
#6208 = DIRECTION ( 'NONE',  ( 0.000000000000000000, -0.1045284632676537068, -0.9945218953682734009 ) ) ;
#6209 = CARTESIAN_POINT ( 'NONE',  ( -3.054126587736543996, -1.265060653844753968, -0.9437500000000003109 ) ) ;
#6210 = CARTESIAN_POINT ( 'NONE',  ( 1.822136847597923159, 0.4282286714488017232, 10.76374999999999815 ) ) ;
#6211 = CARTESIAN_POINT ( 'NONE',  ( -2.159593620790641655, -2.159593620790656310, -6.943749999999999645 ) ) ;
#6212 = CARTESIAN_POINT ( 'NONE',  ( -0.9736010864139290621, 2.350480947161671885, -1.662499999999998090 ) ) ;
#6213 = CARTESIAN_POINT ( 'NONE',  ( -2.159593620790641655, -2.159593620790657198, 3.056249999999999911 ) ) ;
#6214 = VERTEX_POINT ( 'NONE', #3260 ) ;
#6215 = CARTESIAN_POINT ( 'NONE',  ( -2.121320343559653931, -2.121320343559669030, -3.974999999999999201 ) ) ;
#6216 = CYLINDRICAL_SURFACE ( 'NONE', #84, 0.5832000000000002737 ) ;
#6217 = EDGE_CURVE ( 'NONE', #7264, #82, #882, .T. ) ;
#6218 = CARTESIAN_POINT ( 'NONE',  ( -0.9736010864139292842, -2.350480947161702083, -3.412499999999998312 ) ) ;
#6219 = EDGE_LOOP ( 'NONE', ( #6041, #2525, #1020, #6204 ) ) ;
#6220 = CARTESIAN_POINT ( 'NONE',  ( -3.054126587736543996, -1.536832012814498687E-14, 1.993749999999999467 ) ) ;
#6221 = CARTESIAN_POINT ( 'NONE',  ( -1.662041016787807912, 1.662041016787793701, -6.724999999999998757 ) ) ;
#6222 = CARTESIAN_POINT ( 'NONE',  ( 2.684822122742164474, 0.4133264281519950512, 6.715633291188222387 ) ) ;
#6223 = CARTESIAN_POINT ( 'NONE',  ( -2.350480947161686984, -1.472636919394513723E-14, -3.599999999999998312 ) ) ;
#6224 = CARTESIAN_POINT ( 'NONE',  ( 0.3257410691792611557, 3.054192331804055804, 10.76374999999999815 ) ) ;
#6225 = CARTESIAN_POINT ( 'NONE',  ( 3.074270622234533068, -0.4969260523963606735, 11.83742362791116598 ) ) ;
#6226 = ORIENTED_EDGE ( 'NONE', *, *, #2278, .T. ) ;
#6227 = CARTESIAN_POINT ( 'NONE',  ( -2.350480947161686984, -0.9736010864139433840, -6.537499999999999645 ) ) ;
#6228 = CARTESIAN_POINT ( 'NONE',  ( 2.350480947161686540, -0.9736010864139444942, -11.03749999999999787 ) ) ;
#6229 = ADVANCED_FACE ( 'NONE', ( #6737 ), #4971, .T. ) ;
#6230 = CARTESIAN_POINT ( 'NONE',  ( 0.000000000000000000, -4.658104324049654466, 8.942500000000002558 ) ) ;
#6231 = CARTESIAN_POINT ( 'NONE',  ( -1.242640687119292542, -3.000000000000030642, -9.787499999999999645 ) ) ;
#6232 = CARTESIAN_POINT ( 'NONE',  ( -0.4880061563870948804, -3.107043799119218352, 11.82688928363193881 ) ) ;
#6233 = DIRECTION ( 'NONE',  ( -0.000000000000000000, 0.8660254037844397068, 0.4999999999999983347 ) ) ;
#6234 = VECTOR ( 'NONE', #5866, 1000.000000000000000 ) ;
#6235 = CARTESIAN_POINT ( 'NONE',  ( -0.09024213516340146013, -0.2178637866089868091, 2.608805317272258950 ) ) ;
#6236 = CARTESIAN_POINT ( 'NONE',  ( -1.662041016787808134, -1.662041016787823233, 0.5250000000000020206 ) ) ;
#6237 = CARTESIAN_POINT ( 'NONE',  ( 3.239999999999997105, 2.070106209874711453E-15, 12.34999999999999964 ) ) ;
#6238 = CARTESIAN_POINT ( 'NONE',  ( 3.293534485456918666E-16, 2.375000000000008438, -12.34999999999999609 ) ) ;
#6239 = AXIS2_PLACEMENT_3D ( 'NONE', #6100, #2539, #1517 ) ;
#6240 = PERSON_AND_ORGANIZATION_ROLE ( 'design_owner' ) ;
#6241 = CARTESIAN_POINT ( 'NONE',  ( 0.000000000000000000, 2.350480947161670997, 4.150000000000002132 ) ) ;
#6242 = CARTESIAN_POINT ( 'NONE',  ( -1.662041016787808134, -1.662041016787821901, -9.474999999999999645 ) ) ;
#6243 = CARTESIAN_POINT ( 'NONE',  ( -2.350480947161686984, -1.608878875799656259E-14, 7.525000000000002132 ) ) ;
#6244 = CARTESIAN_POINT ( 'NONE',  ( -3.673940397442080083E-16, -3.000000000000031974, 0.2750000000000002998 ) ) ;
#6245 = B_SPLINE_CURVE_WITH_KNOTS ( 'NONE', 3,
 ( #1160, #4075, #5140, #6382, #35, #2975, #2940, #560, #2826, #4146, #6978, #5248, #4579, #1721, #5288, #7432 ),
 .UNSPECIFIED., .F., .F.,
 ( 4, 3, 3, 3, 3, 4 ),
 ( 0.000000000000000000, 2.947244309850212234E-05, 5.890462578493567457E-05, 8.894244717989566878E-05, 0.0001197152098233511460, 0.0001269103415979940485 ),
 .UNSPECIFIED. ) ;
#6246 = AXIS2_PLACEMENT_3D ( 'NONE', #5778, #4605, #1637 ) ;
#6247 = B_SPLINE_CURVE_WITH_KNOTS ( 'NONE', 3,
 ( #6806, #2268, #1062, #5689 ),
 .UNSPECIFIED., .F., .F.,
 ( 4, 4 ),
 ( 0.000000000000000000, 0.0002174373787867467183 ),
 .UNSPECIFIED. ) ;
#6248 = FACE_OUTER_BOUND ( 'NONE', #4560, .T. ) ;
#6249 = CARTESIAN_POINT ( 'NONE',  ( -3.054126587736543996, 1.265060653844723992, -0.06875000000000025535 ) ) ;
#6250 = CARTESIAN_POINT ( 'NONE',  ( 0.000000000000000000, 3.000000000000000888, 1.650000000000000355 ) ) ;
#6251 = CARTESIAN_POINT ( 'NONE',  ( -3.054126587736543996, 1.265060653844724659, -6.131249999999999645 ) ) ;
#6252 = CARTESIAN_POINT ( 'NONE',  ( -1.662041016787807912, 1.662041016787793257, -3.599999999999998312 ) ) ;
#6253 = CARTESIAN_POINT ( 'NONE',  ( 0.000000000000000000, 3.054126587736528009, 4.681250000000000355 ) ) ;
#6254 = EDGE_CURVE ( 'NONE', #2545, #1095, #1694, .T. ) ;
#6255 = VERTEX_POINT ( 'NONE', #2230 ) ;
#6256 = CARTESIAN_POINT ( 'NONE',  ( 2.139796420524294085, -2.064286207139648610, 7.421515152155318873 ) ) ;
#6257 = AXIS2_PLACEMENT_3D ( 'NONE', #490, #6766, #2795 ) ;
#6258 = CARTESIAN_POINT ( 'NONE',  ( 0.000000000000000000, 2.350480947161672329, -5.724999999999998757 ) ) ;
#6259 = CARTESIAN_POINT ( 'NONE',  ( -2.350480947161686984, 0.9736010864139140741, -1.662499999999998090 ) ) ;
#6260 = ORIENTED_EDGE ( 'NONE', *, *, #6484, .T. ) ;
#6261 = CARTESIAN_POINT ( 'NONE',  ( 0.9736010864139306165, 2.350480947161672329, -9.912499999999997868 ) ) ;
#6262 = CARTESIAN_POINT ( 'NONE',  ( -1.851216920838277380, -0.5744240720839477454, 12.15470632317383348 ) ) ;
#6263 = CARTESIAN_POINT ( 'NONE',  ( 2.350480947161686540, 0.9736010864139147403, -5.037499999999998757 ) ) ;
#6264 = ADVANCED_FACE ( 'NONE', ( #3332 ), #686, .F. ) ;
#6265 = CARTESIAN_POINT ( 'NONE',  ( 0.3649870894194067183, 3.025937228602973317, 10.76374999999999815 ) ) ;
#6266 = ORIENTED_EDGE ( 'NONE', *, *, #1460, .T. ) ;
#6267 = CARTESIAN_POINT ( 'NONE',  ( -2.145763223161557764, -1.943905325700204800, 7.206391775940520716 ) ) ;
#6268 = DIRECTION ( 'NONE',  ( 1.000000000000000000, 0.000000000000000000, 0.000000000000000000 ) ) ;
#6269 = CARTESIAN_POINT ( 'NONE',  ( 1.246643999191688347E-16, -5.029297544443180504E-15, 11.81363098836964909 ) ) ;
#6270 = DIRECTION ( 'NONE',  ( -0.000000000000000000, -1.224646799147353207E-16, 1.000000000000000000 ) ) ;
#6271 = CYLINDRICAL_SURFACE ( 'NONE', #5766, 0.5831999999999999407 ) ;
#6272 = CARTESIAN_POINT ( 'NONE',  ( -2.121320343559653931, 2.121320343559640165, -11.22499999999999964 ) ) ;
#6273 = EDGE_CURVE ( 'NONE', #788, #5631, #3450, .T. ) ;
#6274 = CARTESIAN_POINT ( 'NONE',  ( 1.662041016787808356, 1.662041016787792591, -2.849999999999998312 ) ) ;
#6275 = CARTESIAN_POINT ( 'NONE',  ( 3.000000000000015987, 1.242640687119278553, -8.412499999999999645 ) ) ;
#6276 = LINE ( 'NONE', #6237, #2492 ) ;
#6277 = CARTESIAN_POINT ( 'NONE',  ( 0.3708272119471858752, -3.018726747482552319, 10.76374999999999815 ) ) ;
#6278 = CALENDAR_DATE ( 2026, 8, 1 ) ;
#6279 = CARTESIAN_POINT ( 'NONE',  ( -2.350480947161686984, -1.570608663326301526E-14, 4.400000000000001243 ) ) ;
#6280 = CARTESIAN_POINT ( 'NONE',  ( -2.350480947161686984, -1.411404579437145833E-14, -8.599999999999997868 ) ) ;
#6281 = VERTEX_POINT ( 'NONE', #2371 ) ;
#6282 = CARTESIAN_POINT ( 'NONE',  ( -1.662041016787808134, -1.662041016787824121, 7.650000000000002132 ) ) ;
#6283 =( BOUNDED_CURVE ( )  B_SPLINE_CURVE ( 3, ( #6926, #5383, #3636, #1779 ),
 .UNSPECIFIED., .F., .T. ) 
 B_SPLINE_CURVE_WITH_KNOTS ( ( 4, 4 ),
 ( 2.946332657651820952, 3.336852649527770165 ),
 .UNSPECIFIED. ) 
 CURVE ( )  GEOMETRIC_REPRESENTATION_ITEM ( )  RATIONAL_B_SPLINE_CURVE ( ( 1.000000000000000000, 0.9873315052531760339, 0.9873315052531760339, 1.000000000000000000 ) ) 
 REPRESENTATION_ITEM ( '' )  );
#6284 = DIRECTION ( 'NONE',  ( -0.9188184237650790509, -0.3805870524817659972, 0.1045284632676536929 ) ) ;
#6285 = CARTESIAN_POINT ( 'NONE',  ( -2.159593620790641655, 2.159593620790626556, -1.131250000000000311 ) ) ;
#6286 = CARTESIAN_POINT ( 'NONE',  ( -3.143133547082762380, 0.4558050900064769539, 11.81627329366151535 ) ) ;
#6287 = CARTESIAN_POINT ( 'NONE',  ( -1.265060653844739536, -3.054126587736559095, -4.881249999999999645 ) ) ;
#6288 = CARTESIAN_POINT ( 'NONE',  ( 1.662041016787808356, 1.662041016787793035, -4.849999999999998757 ) ) ;
#6289 = CARTESIAN_POINT ( 'NONE',  ( -2.159593620790641655, -2.159593620790657198, 2.056249999999999911 ) ) ;
#6290 = VERTEX_POINT ( 'NONE', #4729 ) ;
#6291 = CARTESIAN_POINT ( 'NONE',  ( 2.587263826449079485, -1.488258720189590711, 7.453396235213693544 ) ) ;
#6292 = CARTESIAN_POINT ( 'NONE',  ( 1.242640687119287435, 3.000000000000008882, -11.41250000000000142 ) ) ;
#6293 = CARTESIAN_POINT ( 'NONE',  ( 0.000000000000000000, 2.350480947161671885, -2.849999999999998312 ) ) ;
#6294 = VERTEX_POINT ( 'NONE', #73 ) ;
#6295 = CARTESIAN_POINT ( 'NONE',  ( 0.9736010864139306165, 2.350480947161672329, -8.912499999999997868 ) ) ;
#6296 = CARTESIAN_POINT ( 'NONE',  ( -0.4599814375623480500, 3.140406665209076298, 11.81699852180753574 ) ) ;
#6297 = CARTESIAN_POINT ( 'NONE',  ( -1.662041016787808134, -1.662041016787823233, 0.6500000000000021316 ) ) ;
#6298 = DIRECTION ( 'NONE',  ( -0.9238795325112905132, -0.3826834323650806780, 0.000000000000000000 ) ) ;
#6299 = CARTESIAN_POINT ( 'NONE',  ( 3.000000000000015987, 1.242640687119278331, -6.412500000000000533 ) ) ;
#6300 =( BOUNDED_CURVE ( )  B_SPLINE_CURVE ( 3, ( #1390, #6049, #3625, #865 ),
 .UNSPECIFIED., .F., .F. ) 
 B_SPLINE_CURVE_WITH_KNOTS ( ( 4, 4 ),
 ( 2.946332657651818732, 3.336852649527768389 ),
 .UNSPECIFIED. ) 
 CURVE ( )  GEOMETRIC_REPRESENTATION_ITEM ( )  RATIONAL_B_SPLINE_CURVE ( ( 1.000000000000000000, 0.9873315052531760339, 0.9873315052531760339, 1.000000000000000000 ) ) 
 REPRESENTATION_ITEM ( '' )  );
#6301 = EDGE_CURVE ( 'NONE', #383, #3421, #4025, .T. ) ;
#6302 = VERTEX_POINT ( 'NONE', #1236 ) ;
#6303 = CARTESIAN_POINT ( 'NONE',  ( 0.000000000000000000, -2.044870920353165796E-15, 12.34999999999999964 ) ) ;
#6304 = CARTESIAN_POINT ( 'NONE',  ( -0.3441256606734613421, -3.091799826931101336, 11.11969350725440364 ) ) ;
#6305 = DIRECTION ( 'NONE',  ( 1.000000000000000000, 5.329070518200751394E-15, 0.000000000000000000 ) ) ;
#6306 = CARTESIAN_POINT ( 'NONE',  ( -3.054126587736543996, -1.265060653844753302, -5.943750000000000533 ) ) ;
#6307 = CARTESIAN_POINT ( 'NONE',  ( 3.058033318125259914, -0.3057325481516436905, 10.76374999999999815 ) ) ;
#6308 = CARTESIAN_POINT ( 'NONE',  ( 2.350480947161686540, 0.9736010864139156284, -10.91249999999999787 ) ) ;
#6309 = EDGE_CURVE ( 'NONE', #6033, #4774, #3578, .T. ) ;
#6310 = CARTESIAN_POINT ( 'NONE',  ( -1.662041016787807912, 1.662041016787793035, -1.599999999999998090 ) ) ;
#6311 = CARTESIAN_POINT ( 'NONE',  ( -1.405380263633052573, 1.405380263633080107, 12.25628821341698682 ) ) ;
#6312 = CARTESIAN_POINT ( 'NONE',  ( 0.4002752944749180530, 3.140105338715587724, 11.64091577994597948 ) ) ;
#6313 = CARTESIAN_POINT ( 'NONE',  ( 0.000000000000000000, 2.350480947161670997, 3.150000000000001688 ) ) ;
#6314 = CARTESIAN_POINT ( 'NONE',  ( -0.9736010864139292842, -2.350480947161703416, 6.587500000000001243 ) ) ;
#6315 = CARTESIAN_POINT ( 'NONE',  ( 2.350480947161686540, 0.9736010864139154064, -9.037499999999999645 ) ) ;
#6316 = ORIENTED_EDGE ( 'NONE', *, *, #5595, .T. ) ;
#6317 = CARTESIAN_POINT ( 'NONE',  ( 3.000000000000015987, 1.242640687119276777, 5.462500000000000355 ) ) ;
#6318 = AXIS2_PLACEMENT_3D ( 'NONE', #2633, #6719, #5481 ) ;
#6319 = CARTESIAN_POINT ( 'NONE',  ( 1.995859359895140184, 0.5275177333914232713, 12.12848403016564269 ) ) ;
#6320 = CARTESIAN_POINT ( 'NONE',  ( 3.000000000000015543, -1.242640687119308529, -8.662500000000001421 ) ) ;
#6321 = CARTESIAN_POINT ( 'NONE',  ( 2.121320343559653931, -2.121320343559669919, -1.600000000000000533 ) ) ;
#6322 = CARTESIAN_POINT ( 'NONE',  ( 1.265060653844738425, -3.054126587736560428, -4.756250000000000533 ) ) ;
#6323 = CARTESIAN_POINT ( 'NONE',  ( 1.662041016787808356, 1.662041016787792147, 2.150000000000001688 ) ) ;
#6324 = CARTESIAN_POINT ( 'NONE',  ( 3.054126587736543996, -1.690473177506857425E-14, 8.431250000000000355 ) ) ;
#6325 = VERTEX_POINT ( 'NONE', #5295 ) ;
#6326 = CARTESIAN_POINT ( 'NONE',  ( -3.587224226330448399E-16, -2.929190872689197533, 7.315881668713993591 ) ) ;
#6327 = CARTESIAN_POINT ( 'NONE',  ( -3.673940397442080083E-16, -3.000000000000030642, -7.849999999999999645 ) ) ;
#6328 = CARTESIAN_POINT ( 'NONE',  ( 1.662041016787807912, -1.662041016787823011, -4.224999999999997868 ) ) ;
#6329 = AXIS2_PLACEMENT_3D ( 'NONE', #1065, #4434, #5153 ) ;
#6330 = ORIENTED_EDGE ( 'NONE', *, *, #3086, .F. ) ;
#6331 = CARTESIAN_POINT ( 'NONE',  ( -2.878508968398398972E-16, -2.350480947161701639, -5.349999999999998757 ) ) ;
#6332 = CARTESIAN_POINT ( 'NONE',  ( -2.072279788034156578, -0.5257718158227998595, 12.11187273411069931 ) ) ;
#6333 = CARTESIAN_POINT ( 'NONE',  ( -1.662041016787807912, 1.662041016787793479, -5.724999999999998757 ) ) ;
#6334 = VERTEX_POINT ( 'NONE', #4013 ) ;
#6335 = CARTESIAN_POINT ( 'NONE',  ( 0.3514425167191008170, 3.040146102008130402, 10.76374999999999815 ) ) ;
#6336 = DIRECTION ( 'NONE',  ( 0.000000000000000000, -1.000000000000000000, 0.000000000000000000 ) ) ;
#6337 = B_SPLINE_CURVE_WITH_KNOTS ( 'NONE', 3,
 ( #1490, #3160, #5476, #6154 ),
 .UNSPECIFIED., .F., .F.,
 ( 4, 4 ),
 ( 0.000000000000000000, 0.0002303704617441050876 ),
 .UNSPECIFIED. ) ;
#6338 = EDGE_LOOP ( 'NONE', ( #2426, #1060, #2777, #1029 ) ) ;
#6339 = CARTESIAN_POINT ( 'NONE',  ( 1.662041016787807912, -1.662041016787821901, -12.09999999999999787 ) ) ;
#6340 = CARTESIAN_POINT ( 'NONE',  ( -0.3649721341422351162, 3.026819229903393804, 10.76374999999999815 ) ) ;
#6341 = CARTESIAN_POINT ( 'NONE',  ( 0.000000000000000000, 2.350480947161672329, -4.787499999999998757 ) ) ;
#6342 = CARTESIAN_POINT ( 'NONE',  ( 3.071965366029783429, 0.4970064592693989036, 11.83818864820600503 ) ) ;
#6343 = ADVANCED_FACE ( 'NONE', ( #4116 ), #1099, .T. ) ;
#6344 = CARTESIAN_POINT ( 'NONE',  ( -0.9736010864139292842, -2.350480947161700751, -11.41249999999999964 ) ) ;
#6345 = CARTESIAN_POINT ( 'NONE',  ( 0.000000000000000000, 3.000000000000002220, -11.22499999999999964 ) ) ;
#6346 = CARTESIAN_POINT ( 'NONE',  ( -1.662041016787807912, 1.662041016787792147, 4.275000000000002132 ) ) ;
#6347 = CARTESIAN_POINT ( 'NONE',  ( -0.9736010864139292842, -2.350480947161702527, 5.587500000000001243 ) ) ;
#6348 = CARTESIAN_POINT ( 'NONE',  ( 0.9736010864139287291, -2.350480947161702083, -8.287499999999999645 ) ) ;
#6349 = ORIENTED_EDGE ( 'NONE', *, *, #1074, .T. ) ;
#6350 = CIRCLE ( 'NONE', #3087, 3.073278406809817120 ) ;
#6351 = ADVANCED_FACE ( 'NONE', ( #2337 ), #6726, .T. ) ;
#6352 = CARTESIAN_POINT ( 'NONE',  ( 2.121320343559653931, -2.121320343559670807, 5.275000000000000355 ) ) ;
#6353 = CARTESIAN_POINT ( 'NONE',  ( 0.5744240720839468572, 1.851216920838278046, 12.15470632317383348 ) ) ;
#6354 = VECTOR ( 'NONE', #4407, 1000.000000000000114 ) ;
#6355 = CARTESIAN_POINT ( 'NONE',  ( 1.242640687119291210, -3.000000000000032419, -4.787499999999999645 ) ) ;
#6356 = CARTESIAN_POINT ( 'NONE',  ( 2.832509792465267573, 0.9431536519071567204, 7.435006054748553694 ) ) ;
#6357 = CARTESIAN_POINT ( 'NONE',  ( -2.350480947161686984, -0.9736010864139429399, -11.41249999999999787 ) ) ;
#6358 = CARTESIAN_POINT ( 'NONE',  ( -1.662041016787807912, 1.662041016787792813, -0.5999999999999980904 ) ) ;
#6359 = CARTESIAN_POINT ( 'NONE',  ( 3.054126587736543996, -1.678226709515383594E-14, 7.431250000000000355 ) ) ;
#6360 = ORIENTED_EDGE ( 'NONE', *, *, #713, .F. ) ;
#6361 = CARTESIAN_POINT ( 'NONE',  ( 0.3733879408961316426, -2.328029835567515082, 5.725889215912939534 ) ) ;
#6362 = AXIS2_PLACEMENT_3D ( 'NONE', #7392, #4073, #3965 ) ;
#6363 = AXIS2_PLACEMENT_3D ( 'NONE', #3135, #1466, #4233 ) ;
#6364 = CARTESIAN_POINT ( 'NONE',  ( -0.3162793359103640567, -3.056324624633576015, 10.76374999999999815 ) ) ;
#6365 = ADVANCED_FACE ( 'NONE', ( #1767 ), #6948, .T. ) ;
#6366 = B_SPLINE_CURVE_WITH_KNOTS ( 'NONE', 3,
 ( #5984, #3221, #6584, #2004, #5543, #6098, #4973, #4281, #3833, #3791, #2654, #6699, #5498, #2537, #5460, #4321 ),
 .UNSPECIFIED., .F., .F.,
 ( 4, 3, 3, 3, 3, 4 ),
 ( 0.000000000000000000, 3.104466861633430519E-05, 6.209498229182958779E-05, 9.301453609172797654E-05, 0.0001232671903671735873, 0.0001269606182456758361 ),
 .UNSPECIFIED. ) ;
#6367 = CARTESIAN_POINT ( 'NONE',  ( 1.662041016787807912, -1.662041016787823677, 0.7750000000000013545 ) ) ;
#6368 = ORIENTED_EDGE ( 'NONE', *, *, #4603, .F. ) ;
#6369 = CARTESIAN_POINT ( 'NONE',  ( 3.115381256518351183, 0.4586699414509374795, 11.47344104577782709 ) ) ;
#6370 = VECTOR ( 'NONE', #7012, 1000.000000000000000 ) ;
#6371 = CARTESIAN_POINT ( 'NONE',  ( 3.054126587736543996, -1.265060653844755523, -4.631250000000000533 ) ) ;
#6372 = CARTESIAN_POINT ( 'NONE',  ( -2.350480947161686984, 0.9736010864139138521, 0.3375000000000017986 ) ) ;
#6373 = ORIENTED_EDGE ( 'NONE', *, *, #1212, .T. ) ;
#6374 = CARTESIAN_POINT ( 'NONE',  ( 1.242640687119293874, 3.000000000000000888, -1.412499999999999645 ) ) ;
#6375 = CARTESIAN_POINT ( 'NONE',  ( 1.662041016787808356, 1.662041016787791703, 5.150000000000002132 ) ) ;
#6376 = ORIENTED_EDGE ( 'NONE', *, *, #4181, .T. ) ;
#6377 = CARTESIAN_POINT ( 'NONE',  ( -2.776340392487504083, -0.8075765506273379080, 7.146089417244537501 ) ) ;
#6378 = CARTESIAN_POINT ( 'NONE',  ( 0.9736010864139306165, 2.350480947161672329, -9.787499999999996092 ) ) ;
#6379 = DIRECTION ( 'NONE',  ( 0.000000000000000000, -1.000000000000000000, 0.000000000000000000 ) ) ;
#6380 = CARTESIAN_POINT ( 'NONE',  ( -2.350480947161686984, 0.9736010864139145182, -5.537499999999997868 ) ) ;
#6381 = DIRECTION ( 'NONE',  ( 0.000000000000000000, -1.000000000000000000, -1.862048759857611870E-16 ) ) ;
#6382 = CARTESIAN_POINT ( 'NONE',  ( 0.4470389042088223075, 3.147425500941997356, 11.81522884184978572 ) ) ;
#6383 = CARTESIAN_POINT ( 'NONE',  ( 3.000000000000015543, -1.242640687119308085, -11.53750000000000142 ) ) ;
#6384 = CARTESIAN_POINT ( 'NONE',  ( -2.350480947161686984, -0.9736010864139444942, 2.462500000000000799 ) ) ;
#6385 = CARTESIAN_POINT ( 'NONE',  ( 2.350480947161686540, 0.9736010864139135190, 5.962500000000001243 ) ) ;
#6386 = CARTESIAN_POINT ( 'NONE',  ( -1.662041016787807912, 1.662041016787793701, -6.724999999999998757 ) ) ;
#6387 =( BOUNDED_SURFACE ( )  B_SPLINE_SURFACE ( 3, 2, ( 
 ( #191, #7281, #4772 ),
 ( #2493, #7244, #3244 ),
 ( #7101, #2712, #1576 ),
 ( #4813, #7320, #4376 ) ),
 .UNSPECIFIED., .F., .F., .F. ) 
 B_SPLINE_SURFACE_WITH_KNOTS ( ( 4, 4 ),
 ( 3, 3 ),
 ( 0.002048936869926275012, 0.003146975347669640245 ),
 ( 0.000000000000000000, 1.000000000000000000 ),
 .UNSPECIFIED. ) 
 GEOMETRIC_REPRESENTATION_ITEM ( )  RATIONAL_B_SPLINE_SURFACE ( (
 ( 1.000000000000000000, 0.7556328946028649796, 1.000000000000000000),
 ( 1.000000000000000000, 0.7521437361520121323, 1.000000000000000000),
 ( 1.000000000000000000, 0.7485026146018743942, 1.000000000000000000),
 ( 1.000000000000000000, 0.7446872030721588542, 1.000000000000000000) ) ) 
 REPRESENTATION_ITEM ( '' )  SURFACE ( )  );
#6388 = ORIENTED_EDGE ( 'NONE', *, *, #661, .T. ) ;
#6389 = CARTESIAN_POINT ( 'NONE',  ( -0.5257718158227986383, -2.072279788034159242, 12.11187273411069754 ) ) ;
#6390 = CARTESIAN_POINT ( 'NONE',  ( 3.395952163456032459E-16, -0.5507999999999999563, 12.34999999999999964 ) ) ;
#6391 = DIRECTION ( 'NONE',  ( -0.3826834323650902814, 0.9238795325112866275, 0.000000000000000000 ) ) ;
#6392 = ADVANCED_FACE ( 'NONE', ( #4083 ), #639, .T. ) ;
#6393 = CARTESIAN_POINT ( 'NONE',  ( 2.312698411146422828, 1.910870497726324890, 7.510428147091732676 ) ) ;
#6394 = CARTESIAN_POINT ( 'NONE',  ( -2.350480947161686984, 0.9736010864139150733, -9.537499999999997868 ) ) ;
#6395 = CARTESIAN_POINT ( 'NONE',  ( 0.9736010864139306165, 2.350480947161671441, -0.7874999999999983125 ) ) ;
#6396 = CARTESIAN_POINT ( 'NONE',  ( -3.054126587736543996, 1.265060653844723104, 6.868750000000002132 ) ) ;
#6397 = ORIENTED_EDGE ( 'NONE', *, *, #467, .F. ) ;
#6398 = FACE_OUTER_BOUND ( 'NONE', #2308, .T. ) ;
#6399 = CARTESIAN_POINT ( 'NONE',  ( -0.3791811720821969822, -3.000326213925641916, 10.76374999999999815 ) ) ;
#6400 = CARTESIAN_POINT ( 'NONE',  ( 0.9736010864139306165, 2.350480947161670997, 2.087500000000001688 ) ) ;
#6401 = CARTESIAN_POINT ( 'NONE',  ( -1.242640687119289211, -3.000000000000035971, -0.7874999999999994227 ) ) ;
#6402 = CARTESIAN_POINT ( 'NONE',  ( -2.971464112645123556, 0.3840784068098502257, 10.76374999999999815 ) ) ;
#6403 = CARTESIAN_POINT ( 'NONE',  ( -1.265060653844739091, 3.054126587736528897, -2.256249999999999645 ) ) ;
#6404 = CARTESIAN_POINT ( 'NONE',  ( 1.662041016787807912, -1.662041016787823455, -0.2249999999999986455 ) ) ;
#6405 = ORIENTED_EDGE ( 'NONE', *, *, #6547, .T. ) ;
#6406 = CARTESIAN_POINT ( 'NONE',  ( 0.000000000000000000, 9.800066735407961890E-16, -12.34999999999999609 ) ) ;
#6407 = CARTESIAN_POINT ( 'NONE',  ( -2.350480947161686984, -0.9736010864139449383, 5.587500000000003020 ) ) ;
#6408 = ORIENTED_EDGE ( 'NONE', *, *, #309, .F. ) ;
#6409 = CARTESIAN_POINT ( 'NONE',  ( -3.054126587736543996, 1.265060653844725547, -12.13124999999999964 ) ) ;
#6410 = CARTESIAN_POINT ( 'NONE',  ( 1.662041016787807912, -1.662041016787822567, -8.099999999999999645 ) ) ;
#6411 = CARTESIAN_POINT ( 'NONE',  ( 1.242640687119298093, -3.000000000000026645, -0.7874999999999995337 ) ) ;
#6412 = CARTESIAN_POINT ( 'NONE',  ( -1.662041016787807912, 1.662041016787793257, -4.599999999999997868 ) ) ;
#6413 = CARTESIAN_POINT ( 'NONE',  ( -1.135942946907782858, 2.234050361357453607, 6.138512125612559878 ) ) ;
#6414 = CARTESIAN_POINT ( 'NONE',  ( -3.054126587736543996, -1.265060653844754412, 3.056249999999999911 ) ) ;
#6415 = LINE ( 'NONE', #6453, #3959 ) ;
#6416 = CARTESIAN_POINT ( 'NONE',  ( 0.3630636920843020032, -3.108036455983465896, 11.29552445814421091 ) ) ;
#6417 = CARTESIAN_POINT ( 'NONE',  ( 0.000000000000000000, -1.469286924753909535E-15, 7.649999999999998579 ) ) ;
#6418 = CARTESIAN_POINT ( 'NONE',  ( 1.265060653844741090, 3.054126587736528897, -10.31875000000000142 ) ) ;
#6419 = ORIENTED_EDGE ( 'NONE', *, *, #3945, .T. ) ;
#6420 = CARTESIAN_POINT ( 'NONE',  ( 3.000000000000015543, -1.242640687119309639, 5.337499999999999467 ) ) ;
#6421 = DIRECTION ( 'NONE',  ( 0.9238795325112905132, 0.3826834323650806780, 0.000000000000000000 ) ) ;
#6422 =( BOUNDED_CURVE ( )  B_SPLINE_CURVE ( 2, ( #613, #5803, #6507, #4628, #2954, #2993, #2887, #5199, #1809 ),
 .UNSPECIFIED., .F., .F. ) 
 B_SPLINE_CURVE_WITH_KNOTS ( ( 3, 2, 2, 2, 3 ),
 ( 0.2500000000000000000, 0.2656250000000000555, 0.2812500000000001110, 0.2968750000000001110, 0.3125000000000001665 ),
 .UNSPECIFIED. ) 
 CURVE ( )  GEOMETRIC_REPRESENTATION_ITEM ( )  RATIONAL_B_SPLINE_CURVE ( ( 1.000000000000000000, 0.9238795325112867385, 1.000000000000000000, 0.9238795325112867385, 1.000000000000000000, 0.9238795325112867385, 1.000000000000000000, 0.9238795325112859613, 1.000000000000000888 ) ) 
 REPRESENTATION_ITEM ( '' )  );
#6423 = CARTESIAN_POINT ( 'NONE',  ( -2.043097823721890194, -1.884174276529676062, 6.888033872048664463 ) ) ;
#6424 = CARTESIAN_POINT ( 'NONE',  ( 0.9736010864139306165, 2.350480947161670997, 2.087500000000001688 ) ) ;
#6425 = CARTESIAN_POINT ( 'NONE',  ( -3.107043799119211247, 0.4880061563871262442, 11.82688928363194059 ) ) ;
#6426 = CARTESIAN_POINT ( 'NONE',  ( 0.9736010864139306165, 2.350480947161672329, -10.78749999999999787 ) ) ;
#6427 = CARTESIAN_POINT ( 'NONE',  ( -1.662041016787808134, -1.662041016787823233, 0.6500000000000021316 ) ) ;
#6428 = CARTESIAN_POINT ( 'NONE',  ( 1.265060653844738425, -3.054126587736561316, 7.243749999999999467 ) ) ;
#6429 = ORIENTED_EDGE ( 'NONE', *, *, #2516, .T. ) ;
#6430 = DIRECTION ( 'NONE',  ( 0.000000000000000000, 0.000000000000000000, 1.000000000000000000 ) ) ;
#6431 = EDGE_CURVE ( 'NONE', #950, #6302, #1850, .T. ) ;
#6432 = CARTESIAN_POINT ( 'NONE',  ( 0.000000000000000000, -1.517883041479706208E-15, 9.468415858748846503 ) ) ;
#6433 = CARTESIAN_POINT ( 'NONE',  ( 3.054126587736543996, 1.265060653844725103, -5.443750000000000533 ) ) ;
#6434 = ORIENTED_EDGE ( 'NONE', *, *, #3659, .F. ) ;
#6435 = CARTESIAN_POINT ( 'NONE',  ( 0.000000000000000000, 2.350480947161672329, -4.849999999999998757 ) ) ;
#6436 = CARTESIAN_POINT ( 'NONE',  ( 3.054126587736543996, -1.265060653844755745, -3.631249999999999645 ) ) ;
#6437 = CARTESIAN_POINT ( 'NONE',  ( 1.662041016787808356, 1.662041016787792369, -0.9749999999999984235 ) ) ;
#6438 = ORIENTED_EDGE ( 'NONE', *, *, #5294, .T. ) ;
#6439 = CARTESIAN_POINT ( 'NONE',  ( 3.000000000000016431, -1.566631506181083833E-14, -1.599999999999999645 ) ) ;
#6440 = CARTESIAN_POINT ( 'NONE',  ( 0.000000000000000000, 2.350480947161670997, 3.275000000000001688 ) ) ;
#6441 = EDGE_CURVE ( 'NONE', #1726, #3329, #6907, .T. ) ;
#6442 = CARTESIAN_POINT ( 'NONE',  ( 2.350480947161686540, -0.9736010864139444942, -12.03749999999999787 ) ) ;
#6443 = CARTESIAN_POINT ( 'NONE',  ( 1.662041016787807912, -1.662041016787823455, -1.099999999999998535 ) ) ;
#6444 = VERTEX_POINT ( 'NONE', #2946 ) ;
#6445 = CARTESIAN_POINT ( 'NONE',  ( 1.265060653844738425, -3.054126587736559095, -10.75625000000000142 ) ) ;
#6446 = CARTESIAN_POINT ( 'NONE',  ( -2.350480947161686984, 0.9736010864139150733, -9.537499999999997868 ) ) ;
#6447 = CARTESIAN_POINT ( 'NONE',  ( -0.3076773615626195446, -2.335270185559943368, -12.35000000000000497 ) ) ;
#6448 = CARTESIAN_POINT ( 'NONE',  ( 1.662041016787808356, 1.662041016787792813, -3.849999999999998312 ) ) ;
#6449 = CARTESIAN_POINT ( 'NONE',  ( -0.6627922015921741128, 2.406709550090188277, 6.111287423793998919 ) ) ;
#6450 = CARTESIAN_POINT ( 'NONE',  ( 3.000000000000015987, 1.242640687119278997, -9.412500000000001421 ) ) ;
#6451 = CARTESIAN_POINT ( 'NONE',  ( -1.265060653844739091, 3.054126587736528009, 2.806249999999999911 ) ) ;
#6452 = EDGE_CURVE ( 'NONE', #3039, #5470, #1650, .T. ) ;
#6453 = CARTESIAN_POINT ( 'NONE',  ( 0.000000000000000000, -3.000000000000003997, 12.34999999999999964 ) ) ;
#6454 = FACE_OUTER_BOUND ( 'NONE', #1787, .T. ) ;
#6455 = CARTESIAN_POINT ( 'NONE',  ( 2.350480947161686540, -0.9736010864139467147, 7.837500000000000355 ) ) ;
#6456 = CARTESIAN_POINT ( 'NONE',  ( 0.000000000000000000, 2.350480947161672329, -4.849999999999998757 ) ) ;
#6457 = ORIENTED_EDGE ( 'NONE', *, *, #5478, .T. ) ;
#6458 = DIRECTION ( 'NONE',  ( 0.000000000000000000, -1.000000000000000000, 0.000000000000000000 ) ) ;
#6459 = FACE_OUTER_BOUND ( 'NONE', #3064, .T. ) ;
#6460 = CARTESIAN_POINT ( 'NONE',  ( 1.242640687119293874, 3.000000000000001776, -8.412499999999999645 ) ) ;
#6461 = CARTESIAN_POINT ( 'NONE',  ( 0.9736010864139287291, -2.350480947161702527, 2.712500000000000799 ) ) ;
#6462 = CARTESIAN_POINT ( 'NONE',  ( -2.072279788034152581, 0.5257718158228189553, 12.11187273411069931 ) ) ;
#6463 = CIRCLE ( 'NONE', #4171, 5.812717815533877008 ) ;
#6464 = CARTESIAN_POINT ( 'NONE',  ( -0.9736010864139292842, -2.350480947161701639, -8.287499999999997868 ) ) ;
#6465 = CARTESIAN_POINT ( 'NONE',  ( -0.9736010864139290621, 2.350480947161671441, 0.3375000000000017986 ) ) ;
#6466 = CARTESIAN_POINT ( 'NONE',  ( 2.159593620790641655, -2.159593620790658086, 6.306249999999999467 ) ) ;
#6467 = ORIENTED_EDGE ( 'NONE', *, *, #7188, .F. ) ;
#6468 = VECTOR ( 'NONE', #241, 1000.000000000000114 ) ;
#6469 = CYLINDRICAL_SURFACE ( 'NONE', #6960, 3.000000000000001776 ) ;
#6470 = CARTESIAN_POINT ( 'NONE',  ( 2.350480947161686984, -1.585316204724112647E-14, 0.9000000000000014655 ) ) ;
#6471 = ORIENTED_EDGE ( 'NONE', *, *, #2790, .F. ) ;
#6472 = ADVANCED_FACE ( 'NONE', ( #5796 ), #1954, .T. ) ;
#6473 = DIRECTION ( 'NONE',  ( -0.9238795325112859613, 0.3826834323650916136, -0.000000000000000000 ) ) ;
#6474 = VECTOR ( 'NONE', #897, 1000.000000000000000 ) ;
#6475 = CARTESIAN_POINT ( 'NONE',  ( 2.159593620790642099, 2.159593620790626112, -2.443749999999999645 ) ) ;
#6476 = CARTESIAN_POINT ( 'NONE',  ( -0.9736010864139290621, 2.350480947161671885, -2.787499999999997868 ) ) ;
#6477 = ORIENTED_EDGE ( 'NONE', *, *, #4881, .F. ) ;
#6478 = CARTESIAN_POINT ( 'NONE',  ( 3.000000000000015987, 1.242640687119277665, -1.537499999999999867 ) ) ;
#6479 = CARTESIAN_POINT ( 'NONE',  ( 2.350480947161686540, -0.9736010864139461596, 2.962500000000001688 ) ) ;
#6480 = CONICAL_SURFACE ( 'NONE', #6958, 2.375000000000007105, 0.7853981633974456145 ) ;
#6481 = CARTESIAN_POINT ( 'NONE',  ( -1.662041016787807912, 1.662041016787792813, -0.5999999999999980904 ) ) ;
#6482 = VERTEX_POINT ( 'NONE', #4305 ) ;
#6483 = CARTESIAN_POINT ( 'NONE',  ( -3.054126587736543996, -1.413601928650296287E-14, -8.068749999999999645 ) ) ;
#6484 = EDGE_CURVE ( 'NONE', #1860, #3028, #1429, .T. ) ;
#6485 = CARTESIAN_POINT ( 'NONE',  ( 0.9736010864139287291, -2.350480947161702083, -7.162499999999999645 ) ) ;
#6486 = AXIS2_PLACEMENT_3D ( 'NONE', #6678, #6118, #4373 ) ;
#6487 = DIRECTION ( 'NONE',  ( 0.9238795325112865164, -0.3826834323650902259, 1.415314858235883087E-14 ) ) ;
#6488 = DIRECTION ( 'NONE',  ( 0.000000000000000000, -1.000000000000000000, 0.000000000000000000 ) ) ;
#6489 = CARTESIAN_POINT ( 'NONE',  ( 1.242640687119293874, 3.000000000000001776, -5.412499999999999645 ) ) ;
#6490 = DIRECTION ( 'NONE',  ( 1.224646799147352961E-16, 1.000000000000000000, 0.000000000000000000 ) ) ;
#6491 = APPROVAL_PERSON_ORGANIZATION ( #7365, #6108, #4466 ) ;
#6492 = CARTESIAN_POINT ( 'NONE',  ( 0.000000000000000000, 3.054126587736528009, 3.743749999999999467 ) ) ;
#6493 = CARTESIAN_POINT ( 'NONE',  ( -1.662041016787807912, 1.662041016787793701, -7.724999999999998757 ) ) ;
#6494 = CARTESIAN_POINT ( 'NONE',  ( 0.000000000000000000, 2.702303767449100835, -4.521874999999998757 ) ) ;
#6495 = CARTESIAN_POINT ( 'NONE',  ( 1.662041016787808356, 1.662041016787791481, 9.025000000000002132 ) ) ;
#6496 = CARTESIAN_POINT ( 'NONE',  ( 0.9736010864139287291, -2.350480947161702083, -5.287499999999997868 ) ) ;
#6497 = VERTEX_POINT ( 'NONE', #791 ) ;
#6498 = CARTESIAN_POINT ( 'NONE',  ( 5.897814059367497530E-17, -5.094983803768674030E-15, 12.34999999999999964 ) ) ;
#6499 = DIRECTION ( 'NONE',  ( -0.000000000000000000, -1.224646799147353207E-16, 1.000000000000000000 ) ) ;
#6500 = CARTESIAN_POINT ( 'NONE',  ( -0.9736010864139292842, -2.350480947161702527, -3.412499999999998312 ) ) ;
#6501 = CARTESIAN_POINT ( 'NONE',  ( 1.662041016787807912, -1.662041016787824566, 8.900000000000002132 ) ) ;
#6502 = CARTESIAN_POINT ( 'NONE',  ( -1.851216920838274271, 0.5744240720839645098, 12.15470632317383348 ) ) ;
#6503 = CARTESIAN_POINT ( 'NONE',  ( 1.662041016787808356, 1.662041016787793701, -10.84999999999999787 ) ) ;
#6504 = CARTESIAN_POINT ( 'NONE',  ( -2.971464112645127997, -0.3840784068098216375, 10.76374999999999815 ) ) ;
#6505 = CARTESIAN_POINT ( 'NONE',  ( -0.9736010864139290621, 2.350480947161670997, 4.337500000000002132 ) ) ;
#6506 = ORIENTED_EDGE ( 'NONE', *, *, #2504, .F. ) ;
#6507 = CARTESIAN_POINT ( 'NONE',  ( -2.121320343559653931, 2.121320343559639721, -10.22499999999999964 ) ) ;
#6508 = CARTESIAN_POINT ( 'NONE',  ( 0.5507999999999998453, -4.851360233508646148E-17, 12.34999999999999964 ) ) ;
#6509 = CARTESIAN_POINT ( 'NONE',  ( -1.265060653844739536, -3.054126587736559539, -2.818750000000000533 ) ) ;
#6510 = LINE ( 'NONE', #1590, #5363 ) ;
#6511 = CARTESIAN_POINT ( 'NONE',  ( 1.662041016787808356, 1.662041016787793479, -9.974999999999997868 ) ) ;
#6512 = CARTESIAN_POINT ( 'NONE',  ( -3.054126587736543996, 1.265060653844724214, -3.131249999999999645 ) ) ;
#6513 = CARTESIAN_POINT ( 'NONE',  ( -2.878508968398398972E-16, -2.350480947161702083, -2.349999999999998312 ) ) ;
#6514 = ORIENTED_EDGE ( 'NONE', *, *, #7237, .F. ) ;
#6515 = CARTESIAN_POINT ( 'NONE',  ( -1.240227950011348172E-13, 2.683012701892227625, -12.04198729810777735 ) ) ;
#6516 = CARTESIAN_POINT ( 'NONE',  ( 2.350480947161686540, 0.9736010864139137411, 4.087500000000002132 ) ) ;
#6517 = CARTESIAN_POINT ( 'NONE',  ( -1.662041016787808134, -1.662041016787823677, 5.525000000000001243 ) ) ;
#6518 = CARTESIAN_POINT ( 'NONE',  ( 2.350480947161686984, -1.537861141257152462E-14, -2.974999999999998312 ) ) ;
#6519 = ORIENTED_EDGE ( 'NONE', *, *, #6547, .F. ) ;
#6520 = CARTESIAN_POINT ( 'NONE',  ( 2.159593620790642099, 2.159593620790627000, -8.443749999999999645 ) ) ;
#6521 = CARTESIAN_POINT ( 'NONE',  ( -0.9736010864139292842, -2.350480947161702527, 5.587500000000001243 ) ) ;
#6522 = CARTESIAN_POINT ( 'NONE',  ( -1.662041016787807912, 1.662041016787793923, -9.599999999999997868 ) ) ;
#6523 = LINE ( 'NONE', #2626, #2256 ) ;
#6524 = CARTESIAN_POINT ( 'NONE',  ( -0.9736010864139292842, -2.350480947161702083, -5.287499999999996980 ) ) ;
#6525 = CARTESIAN_POINT ( 'NONE',  ( -2.821424768176069797, -0.4955350014341874942, -11.86638046806990943 ) ) ;
#6526 = CARTESIAN_POINT ( 'NONE',  ( 2.121320343559653931, -2.121320343559669030, -9.600000000000001421 ) ) ;
#6527 = ADVANCED_FACE ( 'NONE', ( #5935 ), #4234, .T. ) ;
#6528 = CARTESIAN_POINT ( 'NONE',  ( -3.054126587736543996, -1.265060653844755079, 5.056250000000000355 ) ) ;
#6529 = CARTESIAN_POINT ( 'NONE',  ( -2.350480947161686984, 0.9736010864139149623, -8.662499999999997868 ) ) ;
#6530 = CARTESIAN_POINT ( 'NONE',  ( -3.673940397442080083E-16, -3.000000000000030198, -11.72500000000000142 ) ) ;
#6531 = CARTESIAN_POINT ( 'NONE',  ( 0.000000000000000000, 2.350480947161670553, 9.150000000000002132 ) ) ;
#6532 = CARTESIAN_POINT ( 'NONE',  ( -1.265060653844739091, 3.054126587736530229, -11.19374999999999964 ) ) ;
#6533 = ORIENTED_EDGE ( 'NONE', *, *, #124, .F. ) ;
#6534 = EDGE_CURVE ( 'NONE', #4745, #6156, #3853, .T. ) ;
#6535 = DIRECTION ( 'NONE',  ( 0.02078751127481446095, 0.1045058763748857034, 0.9943069954385901354 ) ) ;
#6536 = CARTESIAN_POINT ( 'NONE',  ( -0.9736010864139292842, -2.350480947161702527, -2.412499999999998312 ) ) ;
#6537 = CARTESIAN_POINT ( 'NONE',  ( 0.9736010864139306165, 2.350480947161670109, 9.212500000000000355 ) ) ;
#6538 = CARTESIAN_POINT ( 'NONE',  ( 0.000000000000000000, 5.812717815533874344, 10.41953460812772647 ) ) ;
#6539 = CARTESIAN_POINT ( 'NONE',  ( -2.350480947161686984, -0.9736010864139434950, -5.412499999999996980 ) ) ;
#6540 = CARTESIAN_POINT ( 'NONE',  ( 0.4970064592693891337, -3.071965366029795863, 11.83818864820600147 ) ) ;
#6541 = CARTESIAN_POINT ( 'NONE',  ( -0.9736010864139290621, 2.350480947161671441, 1.337500000000002354 ) ) ;
#6542 = EDGE_LOOP ( 'NONE', ( #408, #6579, #3384, #2131 ) ) ;
#6543 = CARTESIAN_POINT ( 'NONE',  ( -3.673940397442080083E-16, -3.000000000000030642, -8.849999999999999645 ) ) ;
#6544 = CARTESIAN_POINT ( 'NONE',  ( -1.242640687119278997, 3.000000000000014211, 3.837499999999999467 ) ) ;
#6545 = CARTESIAN_POINT ( 'NONE',  ( 3.054126587736543996, 1.265060653844724659, -3.443750000000000533 ) ) ;
#6546 = CARTESIAN_POINT ( 'NONE',  ( 3.000326213925638807, -0.3791811720822090281, 10.76374999999999815 ) ) ;
#6547 = EDGE_CURVE ( 'NONE', #3176, #5484, #5331, .T. ) ;
#6548 = CARTESIAN_POINT ( 'NONE',  ( 0.000000000000000000, 2.350480947161672773, -9.849999999999997868 ) ) ;
#6549 = CARTESIAN_POINT ( 'NONE',  ( -3.054126587736543996, -1.265060653844754190, -0.006249999999999311662 ) ) ;
#6550 = CARTESIAN_POINT ( 'NONE',  ( 2.121320343559653931, -2.121320343559670807, 4.399999999999999467 ) ) ;
#6551 = ORIENTED_EDGE ( 'NONE', *, *, #4309, .T. ) ;
#6552 = CARTESIAN_POINT ( 'NONE',  ( 2.350480947161686984, -1.623586417197467065E-14, 4.025000000000001243 ) ) ;
#6553 = CARTESIAN_POINT ( 'NONE',  ( 1.662041016787808356, 1.662041016787791703, 6.150000000000002132 ) ) ;
#6554 = CARTESIAN_POINT ( 'NONE',  ( -0.9736010864139290621, 2.350480947161670997, 5.212500000000002132 ) ) ;
#6555 = CARTESIAN_POINT ( 'NONE',  ( 2.350480947161686540, -0.9736010864139460486, 1.962500000000001465 ) ) ;
#6556 = VERTEX_POINT ( 'NONE', #7054 ) ;
#6557 = CARTESIAN_POINT ( 'NONE',  ( -1.265060653844739536, -3.054126587736558207, -8.881250000000003197 ) ) ;
#6558 = CARTESIAN_POINT ( 'NONE',  ( -2.350480947161686984, -0.9736010864139448273, 4.462500000000001243 ) ) ;
#6559 = CARTESIAN_POINT ( 'NONE',  ( 0.000000000000000000, 2.350480947161673217, -11.84999999999999964 ) ) ;
#6560 = CARTESIAN_POINT ( 'NONE',  ( 1.242640687119291210, -3.000000000000033307, 7.212499999999999467 ) ) ;
#6561 = CARTESIAN_POINT ( 'NONE',  ( 0.000000000000000000, 2.350480947161671441, 0.2750000000000017986 ) ) ;
#6562 = CARTESIAN_POINT ( 'NONE',  ( 0.000000000000000000, 2.478039673147883981, 6.076353935214375390 ) ) ;
#6563 = CARTESIAN_POINT ( 'NONE',  ( 1.662041016787808356, 1.662041016787791481, 9.150000000000002132 ) ) ;
#6564 = CARTESIAN_POINT ( 'NONE',  ( -3.054126587736543996, -1.585817884780392431E-14, 5.993750000000000355 ) ) ;
#6565 = CARTESIAN_POINT ( 'NONE',  ( 0.9736010864139306165, 2.350480947161672329, -9.912499999999997868 ) ) ;
#6566 = CARTESIAN_POINT ( 'NONE',  ( 3.000000000000015987, 1.242640687119277221, 3.462500000000000799 ) ) ;
#6567 = CARTESIAN_POINT ( 'NONE',  ( -3.000000000000015987, 1.242640687119277221, -0.1624999999999994504 ) ) ;
#6568 = CARTESIAN_POINT ( 'NONE',  ( 3.054126587736543996, -1.265060653844755301, -10.56874999999999964 ) ) ;
#6569 = EDGE_CURVE ( 'NONE', #1444, #5631, #1317, .T. ) ;
#6570 = ORIENTED_EDGE ( 'NONE', *, *, #2790, .T. ) ;
#6571 = CARTESIAN_POINT ( 'NONE',  ( -1.826849601716540983, -1.517644732046387945, -12.34999999999999964 ) ) ;
#6572 = CARTESIAN_POINT ( 'NONE',  ( -3.673940397442080083E-16, -3.000000000000031974, 2.149999999999999911 ) ) ;
#6573 = CARTESIAN_POINT ( 'NONE',  ( -0.9736010864139290621, 2.350480947161672329, -4.787499999999998757 ) ) ;
#6574 = CARTESIAN_POINT ( 'NONE',  ( 2.350480947161686984, -1.672572289163361440E-14, 8.025000000000000355 ) ) ;
#6575 = DIRECTION ( 'NONE',  ( -0.02078751127481443667, -0.1045058763748859809, 0.9943069954385902465 ) ) ;
#6576 = CARTESIAN_POINT ( 'NONE',  ( -1.662041016787807912, 1.662041016787793701, -7.599999999999997868 ) ) ;
#6577 = EDGE_CURVE ( 'NONE', #5814, #2630, #7170, .T. ) ;
#6578 = CARTESIAN_POINT ( 'NONE',  ( -1.662041016787807912, 1.662041016787792591, 1.400000000000001910 ) ) ;
#6579 = ORIENTED_EDGE ( 'NONE', *, *, #542, .T. ) ;
#6580 = DIRECTION ( 'NONE',  ( 0.000000000000000000, 0.000000000000000000, 1.000000000000000000 ) ) ;
#6581 =( BOUNDED_CURVE ( )  B_SPLINE_CURVE ( 2, ( #2410, #6355, #607, #4694, #4589, #6985, #2916, #1237, #4657 ),
 .UNSPECIFIED., .F., .F. ) 
 B_SPLINE_CURVE_WITH_KNOTS ( ( 3, 2, 2, 2, 3 ),
 ( 0.9375000000000000000, 0.9531250000000000000, 0.9687500000000000000, 0.9843750000000000000, 1.000000000000000000 ),
 .UNSPECIFIED. ) 
 CURVE ( )  GEOMETRIC_REPRESENTATION_ITEM ( )  RATIONAL_B_SPLINE_CURVE ( ( 1.000000000000000000, 0.9238795325112867385, 1.000000000000000000, 0.9238795325112867385, 1.000000000000000000, 0.9238795325112867385, 1.000000000000000000, 0.9238795325112867385, 1.000000000000000000 ) ) 
 REPRESENTATION_ITEM ( '' )  );
#6582 = CYLINDRICAL_SURFACE ( 'NONE', #5653, 3.000000000000001776 ) ;
#6583 = CARTESIAN_POINT ( 'NONE',  ( 0.000000000000000000, 3.054126587736528897, -2.256250000000000533 ) ) ;
#6584 = CARTESIAN_POINT ( 'NONE',  ( 3.091699671808936678, 0.4945301565105609809, 11.83171823620718399 ) ) ;
#6585 = CARTESIAN_POINT ( 'NONE',  ( -1.265060653844739536, -3.054126587736560428, 1.118750000000000799 ) ) ;
#6586 = CARTESIAN_POINT ( 'NONE',  ( 2.350480947161686540, -0.9736010864139459375, 0.8375000000000014655 ) ) ;
#6587 = ORIENTED_EDGE ( 'NONE', *, *, #5380, .T. ) ;
#6588 = CARTESIAN_POINT ( 'NONE',  ( 0.9736010864139306165, 2.350480947161670553, 5.212500000000002132 ) ) ;
#6589 = CARTESIAN_POINT ( 'NONE',  ( 1.662041016787808356, 1.662041016787791703, 7.150000000000002132 ) ) ;
#6590 = VECTOR ( 'NONE', #5330, 1000.000000000000000 ) ;
#6591 = CARTESIAN_POINT ( 'NONE',  ( -2.350480947161686984, -1.400688919944606665E-14, -9.474999999999997868 ) ) ;
#6592 = EDGE_CURVE ( 'NONE', #2462, #2926, #6300, .T. ) ;
#6593 = CARTESIAN_POINT ( 'NONE',  ( 0.000000000000000000, 2.350480947161671441, 0.2750000000000017986 ) ) ;
#6594 = ORIENTED_EDGE ( 'NONE', *, *, #5795, .T. ) ;
#6595 = AXIS2_PLACEMENT_3D ( 'NONE', #971, #7278, #3278 ) ;
#6596 = CARTESIAN_POINT ( 'NONE',  ( -1.265060653844739091, 3.054126587736530229, -8.256249999999999645 ) ) ;
#6597 = CARTESIAN_POINT ( 'NONE',  ( 2.350480947161686984, -1.646548544681479906E-14, 5.900000000000000355 ) ) ;
#6598 = CARTESIAN_POINT ( 'NONE',  ( -2.350480947161686984, -0.9736010864139434950, -5.412499999999996980 ) ) ;
#6599 = CARTESIAN_POINT ( 'NONE',  ( 0.3523386642585366046, -2.617009554064852139, 6.506561018135235130 ) ) ;
#6600 = CARTESIAN_POINT ( 'NONE',  ( 1.662041016787808356, 1.662041016787792591, -1.849999999999998312 ) ) ;
#6601 = CARTESIAN_POINT ( 'NONE',  ( -2.046816321917724224, 1.511488257476534702, 6.198529820623075004 ) ) ;
#6602 = CARTESIAN_POINT ( 'NONE',  ( -3.000326213925637031, 0.3791811720822268472, 10.76374999999999815 ) ) ;
#6603 = CIRCLE ( 'NONE', #3347, 3.000000000000000888 ) ;
#6604 = CONICAL_SURFACE ( 'NONE', #4926, 3.239999999999997105, 0.1047197551196600018 ) ;
#6605 = ORIENTED_EDGE ( 'NONE', *, *, #2879, .T. ) ;
#6606 = CARTESIAN_POINT ( 'NONE',  ( 1.662041016787807912, -1.662041016787822567, -8.224999999999999645 ) ) ;
#6607 = CYLINDRICAL_SURFACE ( 'NONE', #6595, 3.000000000000001776 ) ;
#6608 = CARTESIAN_POINT ( 'NONE',  ( -2.121320343559653931, 2.121320343559638832, -0.2249999999999995060 ) ) ;
#6609 = CARTESIAN_POINT ( 'NONE',  ( 3.054126587736543996, 1.265060653844725103, -6.443750000000001421 ) ) ;
#6610 = ORIENTED_EDGE ( 'NONE', *, *, #4638, .F. ) ;
#6611 = VECTOR ( 'NONE', #7134, 1000.000000000000000 ) ;
#6612 = CARTESIAN_POINT ( 'NONE',  ( -1.719247836915021921, -1.616282725645805884, -12.34999999999999787 ) ) ;
#6613 = CARTESIAN_POINT ( 'NONE',  ( 2.350480947161686540, 0.9736010864139145182, -2.037499999999998312 ) ) ;
#6614 = CARTESIAN_POINT ( 'NONE',  ( 1.878131752582980596, 1.575567838669321041, 5.962263043885917213 ) ) ;
#6615 = CARTESIAN_POINT ( 'NONE',  ( -0.3816727961794477708, 3.124136323086224909, 11.46821267412668099 ) ) ;
#6616 = CARTESIAN_POINT ( 'NONE',  ( 1.662041016787808356, 1.662041016787793035, -4.849999999999998757 ) ) ;
#6617 = CARTESIAN_POINT ( 'NONE',  ( -3.740226349862386965E-16, -3.054126587736560872, 9.181249999999998579 ) ) ;
#6618 = ORIENTED_EDGE ( 'NONE', *, *, #1124, .T. ) ;
#6619 = CARTESIAN_POINT ( 'NONE',  ( -2.076360577286913145, 0.5462873287922644927, 12.30706480146733384 ) ) ;
#6620 = ADVANCED_FACE ( 'NONE', ( #4272 ), #752, .T. ) ;
#6621 = CARTESIAN_POINT ( 'NONE',  ( 0.000000000000000000, -5.928000000000001712, 8.701831717497686469 ) ) ;
#6622 = CARTESIAN_POINT ( 'NONE',  ( -2.159593620790641655, -2.159593620790656754, -2.881250000000000533 ) ) ;
#6623 = CARTESIAN_POINT ( 'NONE',  ( -3.673940397442080083E-16, -3.000000000000030198, -10.84999999999999964 ) ) ;
#6624 = CARTESIAN_POINT ( 'NONE',  ( -3.054126587736543996, 1.265060653844723992, 0.8687500000000006883 ) ) ;
#6625 = CARTESIAN_POINT ( 'NONE',  ( 1.662041016787808356, 1.662041016787792147, 1.025000000000001688 ) ) ;
#6626 =( BOUNDED_CURVE ( )  B_SPLINE_CURVE ( 2, ( #5350, #4787, #7470, #2391, #5314, #6442, #1256, #1934, #3606, #5138, #7429, #1298, #4748, #1684, #3681, #3566, #4001, #7075, #168, #7115, #697, #2257, #3002, #6308, #133, #7035, #5548, #3118, #6630, #3839, #6146, #2619, #278, #5467, #959, #7303, #2698, #6031, #5587, #4940, #4286, #1520, #1971, #6704, #7227, #392, #6591, #357, #3151, #245, #1561, #4398, #2660, #1411, #1448, #5015, #2543, #3876, #4901, #5430, #3267, #4978, #7267, #2128, #2580, #4440, #2048, #6744, #813, #4863, #7187, #2011, #315, #7152, #3722, #847, #2089, #6103, #4327, #3797, #4362, #3760, #6066, #881, #3186, #5503, #6665, #1482, #919, #3229, #3910, #541, #4596, #7453, #4482, #5161, #1629, #5054, #5697, #1107, #2733, #3382, #3985, #2279, #505, #2810, #6258, #5621, #427, #3946, #3419, #5123, #6889, #5730, #7380, #1032, #2845, #7414, #1703, #2238, #4556, #4021, #6855 ),
 .UNSPECIFIED., .F., .F. ) 
 B_SPLINE_CURVE_WITH_KNOTS ( ( 3, 2, 2, 2, 2, 2, 2, 2, 2, 2, 2, 2, 2, 2, 2, 2, 2, 2, 2, 2, 2, 2, 2, 2, 2, 2, 2, 2, 2, 2, 2, 2, 2, 2, 2, 2, 2, 2, 2, 2, 2, 2, 2, 2, 2, 2, 2, 2, 2, 2, 2, 2, 2, 2, 2, 2, 2, 2, 2, 2, 2, 3 ),
 ( 0.04687500000000010408, 0.06250000000000009714, 0.07812500000000009714, 0.09375000000000009714, 0.1093750000000000971, 0.1250000000000000833, 0.1406250000000000833, 0.1562500000000000833, 0.1718750000000000833, 0.1875000000000000833, 0.2031250000000000833, 0.2187500000000000833, 0.2343750000000000833, 0.2500000000000000555, 0.2656250000000000555, 0.2812500000000000555, 0.2968750000000000555, 0.3125000000000000555, 0.3281250000000000555, 0.3437500000000000555, 0.3593750000000000555, 0.3750000000000000555, 0.3906250000000000555, 0.4062500000000000555, 0.4218750000000000555, 0.4375000000000000555, 0.4531250000000000555, 0.4687500000000000555, 0.4843750000000000555, 0.5000000000000000000, 0.5156250000000000000, 0.5312500000000000000, 0.5468750000000000000, 0.5625000000000000000, 0.5781250000000000000, 0.5937500000000000000, 0.6093750000000000000, 0.6250000000000000000, 0.6406250000000000000, 0.6562500000000000000, 0.6718750000000000000, 0.6875000000000000000, 0.7031250000000000000, 0.7187500000000000000, 0.7343750000000000000, 0.7500000000000000000, 0.7656250000000000000, 0.7812500000000000000, 0.7968750000000000000, 0.8125000000000000000, 0.8281250000000000000, 0.8437500000000000000, 0.8593750000000000000, 0.8750000000000000000, 0.8906250000000000000, 0.9062500000000000000, 0.9218750000000000000, 0.9375000000000000000, 0.9531250000000000000, 0.9687500000000000000, 0.9843750000000000000, 1.000000000000000000 ),
 .UNSPECIFIED. ) 
 CURVE ( )  GEOMETRIC_REPRESENTATION_ITEM ( )  RATIONAL_B_SPLINE_CURVE ( ( 0.9999999999999994449, 0.9238795325112872936, 1.000000000000000000, 0.9238795325112867385, 1.000000000000000000, 0.9238795325112867385, 1.000000000000000000, 0.9238795325112867385, 1.000000000000000000, 0.9238795325112867385, 1.000000000000000000, 0.9238795325112867385, 1.000000000000000000, 0.9238795325112867385, 1.000000000000000000, 0.9238795325112867385, 1.000000000000000000, 0.9238795325112867385, 1.000000000000000000, 0.9238795325112867385, 1.000000000000000000, 0.9238795325112867385, 1.000000000000000000, 0.9238795325112867385, 1.000000000000000000, 0.9238795325112867385, 1.000000000000000000, 0.9238795325112867385, 1.000000000000000000, 0.9238795325112867385, 1.000000000000000000, 0.9238795325112867385, 1.000000000000000000, 0.9238795325112867385, 1.000000000000000000, 0.9238795325112867385, 1.000000000000000000, 0.9238795325112867385, 1.000000000000000000, 0.9238795325112867385, 1.000000000000000000, 0.9238795325112867385, 1.000000000000000000, 0.9238795325112867385, 1.000000000000000000, 0.9238795325112867385, 1.000000000000000000, 0.9238795325112867385, 1.000000000000000000, 0.9238795325112867385, 1.000000000000000000, 0.9238795325112867385, 1.000000000000000000, 0.9238795325112867385, 1.000000000000000000, 0.9238795325112867385, 1.000000000000000000, 0.9238795325112867385, 1.000000000000000000, 0.9238795325112867385, 1.000000000000000000, 0.9238795325112867385, 1.000000000000000000, 0.9238795325112867385, 1.000000000000000000, 0.9238795325112867385, 1.000000000000000000, 0.9238795325112867385, 1.000000000000000000, 0.9238795325112867385, 1.000000000000000000, 0.9238795325112867385, 1.000000000000000000, 0.9238795325112867385, 1.000000000000000000, 0.9238795325112867385, 1.000000000000000000, 0.9238795325112867385, 1.000000000000000000, 0.9238795325112867385, 1.000000000000000000, 0.9238795325112867385, 1.000000000000000000, 0.9238795325112867385, 1.000000000000000000, 0.9238795325112867385, 1.000000000000000000, 0.9238795325112867385, 1.000000000000000000, 0.9238795325112867385, 1.000000000000000000, 0.9238795325112867385, 1.000000000000000000, 0.9238795325112867385, 1.000000000000000000, 0.9238795325112867385, 1.000000000000000000, 0.9238795325112867385, 1.000000000000000000, 0.9238795325112867385, 1.000000000000000000, 0.9238795325112867385, 1.000000000000000000, 0.9238795325112867385, 1.000000000000000000, 0.9238795325112867385, 1.000000000000000000, 0.9238795325112867385, 1.000000000000000000, 0.9238795325112867385, 1.000000000000000000, 0.9238795325112867385, 1.000000000000000000, 0.9238795325112867385, 1.000000000000000000, 0.9238795325112867385, 1.000000000000000000, 0.9238795325112867385, 1.000000000000000000, 0.9238795325112867385, 1.000000000000000000, 0.9238795325112867385, 1.000000000000000000 ) ) 
 REPRESENTATION_ITEM ( '' )  );
#6627 = EDGE_LOOP ( 'NONE', ( #6266, #2368, #458, #4968, #1301, #1559, #2207, #1931, #2087, #5520, #4388, #3879, #3282, #3314, #4994, #3346, #6405, #3153, #4364, #3886, #908, #4765, #799, #1472, #6633, #5329, #993, #4789, #4619, #1407, #2555, #3826, #3841, #2444, #6457, #7416, #247, #2934, #2454, #3837, #6676, #6419 ) ) ;
#6628 = CARTESIAN_POINT ( 'NONE',  ( 2.350480947161686540, -0.9736010864139462706, 3.962500000000001688 ) ) ;
#6629 = CARTESIAN_POINT ( 'NONE',  ( -2.350480947161686984, -1.608878875799656259E-14, 7.525000000000002132 ) ) ;
#6630 = CARTESIAN_POINT ( 'NONE',  ( -1.662041016787807912, 1.662041016787794145, -10.59999999999999787 ) ) ;
#6631 = B_SPLINE_CURVE_WITH_KNOTS ( 'NONE', 3,
 ( #1269, #4723, #668, #1348 ),
 .UNSPECIFIED., .F., .F.,
 ( 4, 4 ),
 ( 0.000000000000000000, 0.0004527996949924892713 ),
 .UNSPECIFIED. ) ;
#6632 = CARTESIAN_POINT ( 'NONE',  ( 2.350480947161686984, -1.574600545231573006E-14, 0.02500000000000158346 ) ) ;
#6633 = ORIENTED_EDGE ( 'NONE', *, *, #6452, .T. ) ;
#6634 = CARTESIAN_POINT ( 'NONE',  ( 3.054126587736543996, 1.265060653844724881, -4.506250000000000533 ) ) ;
#6635 = CARTESIAN_POINT ( 'NONE',  ( -2.350480947161686984, -1.619594535292195900E-14, 8.400000000000000355 ) ) ;
#6636 = CARTESIAN_POINT ( 'NONE',  ( 0.9736010864139287291, -2.350480947161702083, -5.162499999999997868 ) ) ;
#6637 = CARTESIAN_POINT ( 'NONE',  ( 2.703045365035674941, 0.2378413253058318522, 6.707167218703459888 ) ) ;
#6638 = CARTESIAN_POINT ( 'NONE',  ( 0.9736010864139287291, -2.350480947161702527, -0.1624999999999985900 ) ) ;
#6639 = CARTESIAN_POINT ( 'NONE',  ( 8.544238906678659773E-14, -2.628423406328327605, 6.489529846380927225 ) ) ;
#6640 = CARTESIAN_POINT ( 'NONE',  ( -2.981222321715235157, 0.3840784068098502813, 10.76374999999999815 ) ) ;
#6641 = ORIENTED_EDGE ( 'NONE', *, *, #5307, .F. ) ;
#6642 = CARTESIAN_POINT ( 'NONE',  ( -3.673940397442080083E-16, -3.000000000000031974, 1.150000000000000799 ) ) ;
#6643 = FACE_OUTER_BOUND ( 'NONE', #2193, .T. ) ;
#6644 = CARTESIAN_POINT ( 'NONE',  ( 0.1643534826715293551, 2.599123320839777929, 6.409028523113200038 ) ) ;
#6645 = CARTESIAN_POINT ( 'NONE',  ( 1.265060653844741090, 3.054126587736528897, -8.318749999999999645 ) ) ;
#6646 = ORIENTED_EDGE ( 'NONE', *, *, #1098, .F. ) ;
#6647 = CARTESIAN_POINT ( 'NONE',  ( 0.000000000000000000, -1.598099159361430338E-15, 8.701831717497686469 ) ) ;
#6648 = CARTESIAN_POINT ( 'NONE',  ( -2.121320343559653931, -2.121320343559669030, -5.849999999999999645 ) ) ;
#6649 = CARTESIAN_POINT ( 'NONE',  ( 0.000000000000000000, 2.350480947161671885, -2.849999999999998312 ) ) ;
#6650 = CARTESIAN_POINT ( 'NONE',  ( 2.159593620790641655, -2.159593620790658530, 8.368749999999998579 ) ) ;
#6651 = CARTESIAN_POINT ( 'NONE',  ( 1.082700458382044539, -2.663926280827528359, 7.131904459695316056 ) ) ;
#6652 = CARTESIAN_POINT ( 'NONE',  ( -0.9736010864139290621, 2.350480947161673217, -7.662499999999999645 ) ) ;
#6653 = CARTESIAN_POINT ( 'NONE',  ( 2.121320343559653931, -2.121320343559670807, 6.274999999999999467 ) ) ;
#6654 = VERTEX_POINT ( 'NONE', #6572 ) ;
#6655 = CARTESIAN_POINT ( 'NONE',  ( 1.662041016787807912, -1.662041016787823677, 1.900000000000001465 ) ) ;
#6656 = ORIENTED_EDGE ( 'NONE', *, *, #5973, .T. ) ;
#6657 = CARTESIAN_POINT ( 'NONE',  ( 3.148072318320643159, -0.4969619868115676131, 11.83776552103389434 ) ) ;
#6658 = CARTESIAN_POINT ( 'NONE',  ( -3.058033318125251476, 0.3057325481517339516, 10.76374999999999815 ) ) ;
#6659 = CARTESIAN_POINT ( 'NONE',  ( -3.740226349862386965E-16, -3.054126587736559095, -4.756249999999999645 ) ) ;
#6660 = CARTESIAN_POINT ( 'NONE',  ( 0.4820490534771510460, 1.163769362633644944, 12.34999999999999964 ) ) ;
#6661 = CARTESIAN_POINT ( 'NONE',  ( -2.159593620790641655, -2.159593620790657198, 0.05625000000000074385 ) ) ;
#6662 = CARTESIAN_POINT ( 'NONE',  ( 0.000000000000000000, 2.778807139508755686, 6.902705757547443532 ) ) ;
#6663 = ADVANCED_FACE ( 'NONE', ( #6459 ), #2447, .T. ) ;
#6664 = ORIENTED_EDGE ( 'NONE', *, *, #4241, .T. ) ;
#6665 = CARTESIAN_POINT ( 'NONE',  ( 2.350480947161686984, -1.488875269291258087E-14, -6.974999999999998757 ) ) ;
#6666 = CARTESIAN_POINT ( 'NONE',  ( 0.000000000000000000, 2.350480947161672329, -5.849999999999998757 ) ) ;
#6667 = ORIENTED_EDGE ( 'NONE', *, *, #2324, .T. ) ;
#6668 =( BOUNDED_CURVE ( )  B_SPLINE_CURVE ( 2, ( #1896, #3642, #2389, #4133, #6439, #6478, #4710, #6374, #5951 ),
 .UNSPECIFIED., .F., .F. ) 
 B_SPLINE_CURVE_WITH_KNOTS ( ( 3, 2, 2, 2, 3 ),
 ( 0.4375000000000001110, 0.4531250000000001110, 0.4687500000000000555, 0.4843750000000000000, 0.5000000000000000000 ),
 .UNSPECIFIED. ) 
 CURVE ( )  GEOMETRIC_REPRESENTATION_ITEM ( )  RATIONAL_B_SPLINE_CURVE ( ( 0.9999999999999994449, 0.9238795325112872936, 1.000000000000000000, 0.9238795325112867385, 1.000000000000000000, 0.9238795325112867385, 1.000000000000000000, 0.9238795325112867385, 1.000000000000000000 ) ) 
 REPRESENTATION_ITEM ( '' )  );
#6669 = CARTESIAN_POINT ( 'NONE',  ( 1.662041016787807912, -1.662041016787824566, 7.775000000000000355 ) ) ;
#6670 = CARTESIAN_POINT ( 'NONE',  ( -2.350480947161686984, 0.9736010864139155174, -12.66249999999999787 ) ) ;
#6671 = CARTESIAN_POINT ( 'NONE',  ( 1.200141900701709341, -2.370294424193361671, 6.551457136412885518 ) ) ;
#6672 = CARTESIAN_POINT ( 'NONE',  ( 2.350480947161686984, -1.537861141257152462E-14, -2.974999999999998312 ) ) ;
#6673 = EDGE_CURVE ( 'NONE', #6302, #3741, #7096, .T. ) ;
#6674 = CARTESIAN_POINT ( 'NONE',  ( -1.128469167371431103, -2.356021770777922963, 6.430596004170427982 ) ) ;
#6675 = CARTESIAN_POINT ( 'NONE',  ( 1.855942136732822600, -0.5981793365594194611, 12.38072256709985375 ) ) ;
#6676 = ORIENTED_EDGE ( 'NONE', *, *, #790, .T. ) ;
#6677 = DIRECTION ( 'NONE',  ( -0.000000000000000000, -1.224646799147353207E-16, 1.000000000000000000 ) ) ;
#6678 = CARTESIAN_POINT ( 'NONE',  ( -2.076360577286907372, 1.126292498171041379, 12.24610380168963886 ) ) ;
#6679 = CARTESIAN_POINT ( 'NONE',  ( 2.470688919317971965, 0.4167981329177136707, 6.137383644092362367 ) ) ;
#6680 = CARTESIAN_POINT ( 'NONE',  ( -3.740226349862386965E-16, -3.054126587736559095, -7.756250000000001421 ) ) ;
#6681 = DIRECTION ( 'NONE',  ( -0.3826834323650902814, 0.9238795325112866275, -0.000000000000000000 ) ) ;
#6682 = ORIENTED_EDGE ( 'NONE', *, *, #2183, .T. ) ;
#6683 = CARTESIAN_POINT ( 'NONE',  ( -2.350480947161686984, -0.9736010864139448273, 4.462500000000001243 ) ) ;
#6684 = EDGE_CURVE ( 'NONE', #1181, #1577, #6731, .T. ) ;
#6685 = CARTESIAN_POINT ( 'NONE',  ( -3.673940397442080083E-16, -3.000000000000031086, -5.725000000000000533 ) ) ;
#6686 = CARTESIAN_POINT ( 'NONE',  ( 2.121320343559653931, -2.121320343559669030, -8.599999999999999645 ) ) ;
#6687 = CARTESIAN_POINT ( 'NONE',  ( -1.265060653844739091, 3.054126587736527565, 7.806250000000000355 ) ) ;
#6688 = CARTESIAN_POINT ( 'NONE',  ( 1.242640687119293874, 3.000000000000000888, -2.287500000000000089 ) ) ;
#6689 = CARTESIAN_POINT ( 'NONE',  ( 2.350480947161686540, 0.9736010864139147403, -4.912499999999998757 ) ) ;
#6690 = CARTESIAN_POINT ( 'NONE',  ( 1.126292498171021395, 2.076360577286916254, 12.24610380168963886 ) ) ;
#6691 = CARTESIAN_POINT ( 'NONE',  ( 0.9736010864139287291, -2.350480947161701639, -12.28749999999999787 ) ) ;
#6692 = VERTEX_POINT ( 'NONE', #4845 ) ;
#6693 = CARTESIAN_POINT ( 'NONE',  ( -1.662041016787808134, -1.662041016787823677, 5.650000000000002132 ) ) ;
#6694 = ORIENTED_EDGE ( 'NONE', *, *, #3521, .T. ) ;
#6695 = CARTESIAN_POINT ( 'NONE',  ( -3.145348765581086337, -0.4510293419240961055, 11.81574533325309773 ) ) ;
#6696 = ADVANCED_BREP_SHAPE_REPRESENTATION ( '92000A428_Passivated 18-8 Stainless Steel Pan Head Phillips Screws', ( #6857, #6257 ), #1654 ) ;
#6697 = CARTESIAN_POINT ( 'NONE',  ( 3.000000000000015543, -1.242640687119309195, -0.5375000000000004219 ) ) ;
#6698 = CARTESIAN_POINT ( 'NONE',  ( 3.054126587736543996, -1.265060653844756189, 1.431249999999999245 ) ) ;
#6699 = CARTESIAN_POINT ( 'NONE',  ( 3.153643090095638257, 0.4325048716932840542, 11.81379693140229747 ) ) ;
#6700 = CARTESIAN_POINT ( 'NONE',  ( -2.350480947161686984, 0.9736010864139145182, -3.537499999999997868 ) ) ;
#6701 = CARTESIAN_POINT ( 'NONE',  ( 1.242640687119307641, 2.999999999999985789, 4.712499999999999467 ) ) ;
#6702 = VERTEX_POINT ( 'NONE', #4882 ) ;
#6703 = CARTESIAN_POINT ( 'NONE',  ( -0.9736010864139290621, 2.350480947161670997, 5.337500000000002132 ) ) ;
#6704 = CARTESIAN_POINT ( 'NONE',  ( -0.9736010864139290621, 2.350480947161673217, -9.662499999999997868 ) ) ;
#6705 = CARTESIAN_POINT ( 'NONE',  ( 0.9736010864139306165, 2.350480947161670997, 0.2125000000000017708 ) ) ;
#6706 = ORIENTED_EDGE ( 'NONE', *, *, #3701, .F. ) ;
#6707 = CARTESIAN_POINT ( 'NONE',  ( -1.662041016787807912, 1.662041016787791703, 8.275000000000000355 ) ) ;
#6708 = CARTESIAN_POINT ( 'NONE',  ( 2.350480947161686540, 0.9736010864139157395, -11.03749999999999787 ) ) ;
#6709 = AXIS2_PLACEMENT_3D ( 'NONE', #6406, #206, #5845 ) ;
#6710 = CARTESIAN_POINT ( 'NONE',  ( 3.000000000000015987, 1.079039510534142376, 7.454271496263915608 ) ) ;
#6711 = CARTESIAN_POINT ( 'NONE',  ( 1.662041016787807912, -1.662041016787823455, -1.099999999999998535 ) ) ;
#6712 = CARTESIAN_POINT ( 'NONE',  ( -2.291220573408840888, -1.189776423933282423, 6.346250272015191207 ) ) ;
#6713 = CARTESIAN_POINT ( 'NONE',  ( -3.026819229903390696, -0.3649721341422677567, 10.76374999999999815 ) ) ;
#6714 = AXIS2_PLACEMENT_3D ( 'NONE', #4763, #2942, #7130 ) ;
#6715 =( BOUNDED_CURVE ( )  B_SPLINE_CURVE ( 2, ( #2209, #5734, #2243, #5592, #5669, #6894, #1708, #5701, #4487 ),
 .UNSPECIFIED., .F., .F. ) 
 B_SPLINE_CURVE_WITH_KNOTS ( ( 3, 2, 2, 2, 3 ),
 ( 0.1875000000000000833, 0.2031250000000001110, 0.2187500000000001665, 0.2343750000000001943, 0.2500000000000002220 ),
 .UNSPECIFIED. ) 
 CURVE ( )  GEOMETRIC_REPRESENTATION_ITEM ( )  RATIONAL_B_SPLINE_CURVE ( ( 0.9999999999999995559, 0.9238795325112871826, 1.000000000000000000, 0.9238795325112867385, 1.000000000000000000, 0.9238795325112867385, 1.000000000000000000, 0.9238795325112856283, 1.000000000000001110 ) ) 
 REPRESENTATION_ITEM ( '' )  );
#6716 = EDGE_CURVE ( 'NONE', #5814, #4604, #5051, .T. ) ;
#6717 = VERTEX_POINT ( 'NONE', #3285 ) ;
#6718 = CARTESIAN_POINT ( 'NONE',  ( 0.000000000000000000, -2.044870920353165796E-15, 12.34999999999999964 ) ) ;
#6719 = DIRECTION ( 'NONE',  ( -0.000000000000000000, -1.224646799147353207E-16, 1.000000000000000000 ) ) ;
#6720 = DIRECTION ( 'NONE',  ( 0.1045284632676537068, 0.000000000000000000, -0.9945218953682734009 ) ) ;
#6721 = CARTESIAN_POINT ( 'NONE',  ( 1.265060653844738425, -3.054126587736560428, -6.693750000000000533 ) ) ;
#6722 = CARTESIAN_POINT ( 'NONE',  ( -3.673940397442080083E-16, -3.000000000000031086, -6.850000000000000533 ) ) ;
#6723 = ORIENTED_EDGE ( 'NONE', *, *, #5063, .F. ) ;
#6724 = VECTOR ( 'NONE', #516, 1000.000000000000114 ) ;
#6725 = CARTESIAN_POINT ( 'NONE',  ( -2.121320343559653931, -2.121320343559668142, -10.97499999999999964 ) ) ;
#6726 = TOROIDAL_SURFACE ( 'NONE', #3467, 5.633246651616938827, 0.3000000000000008771 ) ;
#6727 = CARTESIAN_POINT ( 'NONE',  ( 0.000000000000000000, 3.000000000000001776, -6.225000000000000533 ) ) ;
#6728 = CARTESIAN_POINT ( 'NONE',  ( -2.878508968398398972E-16, -2.350480947161702527, 0.6500000000000021316 ) ) ;
#6729 = CARTESIAN_POINT ( 'NONE',  ( 1.265060653844741090, 3.054126587736527121, 6.681250000000000355 ) ) ;
#6730 = CARTESIAN_POINT ( 'NONE',  ( 0.3840784068098099246, -2.975025539244520623, 10.76374999999999815 ) ) ;
#6731 = CIRCLE ( 'NONE', #930, 9.716409625934264938 ) ;
#6732 = APPROVAL_DATE_TIME ( #4423, #5232 ) ;
#6733 = CARTESIAN_POINT ( 'NONE',  ( -0.5275177333914252698, -1.995859359895143736, 12.12848403016564269 ) ) ;
#6734 = CARTESIAN_POINT ( 'NONE',  ( -0.9736010864139292842, -2.350480947161700751, -11.41249999999999787 ) ) ;
#6735 = CARTESIAN_POINT ( 'NONE',  ( -1.662041016787807912, 1.662041016787791703, 8.400000000000000355 ) ) ;
#6736 = LINE ( 'NONE', #3934, #5509 ) ;
#6737 = FACE_OUTER_BOUND ( 'NONE', #4843, .T. ) ;
#6738 = CARTESIAN_POINT ( 'NONE',  ( 1.265060653844741090, 3.054126587736527565, -0.3187500000000005329 ) ) ;
#6739 = CARTESIAN_POINT ( 'NONE',  ( -3.155949487122290176, 0.4188713088899896908, 11.81363098836964909 ) ) ;
#6740 = CARTESIAN_POINT ( 'NONE',  ( -2.350480947161686984, -1.486414195884921111E-14, -2.474999999999997868 ) ) ;
#6741 = CARTESIAN_POINT ( 'NONE',  ( 3.054126587736543996, -1.616994369558016020E-14, 2.431250000000000355 ) ) ;
#6742 = ORIENTED_EDGE ( 'NONE', *, *, #2748, .T. ) ;
#6743 = CARTESIAN_POINT ( 'NONE',  ( 0.000000000000000000, -3.000000000000003997, 12.34999999999999964 ) ) ;
#6744 = CARTESIAN_POINT ( 'NONE',  ( 0.9736010864139287291, -2.350480947161702527, -8.162499999999999645 ) ) ;
#6745 = CARTESIAN_POINT ( 'NONE',  ( -0.9736010864139292842, -2.350480947161702083, -4.412499999999997868 ) ) ;
#6746 = ORIENTED_EDGE ( 'NONE', *, *, #5336, .T. ) ;
#6747 = CARTESIAN_POINT ( 'NONE',  ( -1.265060653844739536, -3.054126587736560428, 1.181249999999999245 ) ) ;
#6748 = CARTESIAN_POINT ( 'NONE',  ( 1.662041016787808356, 1.662041016787793479, -9.974999999999997868 ) ) ;
#6749 = CARTESIAN_POINT ( 'NONE',  ( 2.031181104750666488, 1.845984171945813879, 6.793411161553767563 ) ) ;
#6750 = CARTESIAN_POINT ( 'NONE',  ( -2.350480947161686984, -0.9736010864139444942, 1.587500000000002354 ) ) ;
#6751 = DIRECTION ( 'NONE',  ( -0.000000000000000000, -1.224646799147353207E-16, 1.000000000000000000 ) ) ;
#6752 = DIRECTION ( 'NONE',  ( -1.509903313490212895E-14, -0.1045284632676538317, 0.9945218953682732899 ) ) ;
#6753 = ORIENTED_EDGE ( 'NONE', *, *, #5294, .F. ) ;
#6754 = CARTESIAN_POINT ( 'NONE',  ( 1.242640687119293874, 2.999999999999999556, 1.587500000000000355 ) ) ;
#6755 = CARTESIAN_POINT ( 'NONE',  ( 2.350480947161686984, -1.439889397325364027E-14, -10.97499999999999787 ) ) ;
#6756 = CARTESIAN_POINT ( 'NONE',  ( 3.046164463648492582, 0.3428103904263148927, 10.76374999999999815 ) ) ;
#6757 = CARTESIAN_POINT ( 'NONE',  ( -3.054126587736543996, -1.265060653844753080, -7.943749999999998757 ) ) ;
#6758 = CARTESIAN_POINT ( 'NONE',  ( 1.283497702428826814E-13, -2.704246824526926218, -12.02075317547307343 ) ) ;
#6759 = EDGE_LOOP ( 'NONE', ( #6068, #2148, #5738, #1234 ) ) ;
#6760 = ADVANCED_FACE ( 'NONE', ( #6797 ), #6085, .T. ) ;
#6761 = CARTESIAN_POINT ( 'NONE',  ( 0.9736010864139287291, -2.350480947161703416, 2.712500000000000799 ) ) ;
#6762 = CARTESIAN_POINT ( 'NONE',  ( -1.242640687119292098, 3.000000000000000888, 4.712499999999999467 ) ) ;
#6763 = CARTESIAN_POINT ( 'NONE',  ( -2.350480947161686984, 0.9736010864139139631, -0.6624999999999982014 ) ) ;
#6764 = CARTESIAN_POINT ( 'NONE',  ( -3.673940397442080083E-16, -3.000000000000032863, 7.275000000000000355 ) ) ;
#6765 = CARTESIAN_POINT ( 'NONE',  ( 3.155949487122293284, -0.4188713088899705950, 11.81363098836964909 ) ) ;
#6766 = DIRECTION ( 'NONE',  ( 0.000000000000000000, 0.000000000000000000, 1.000000000000000000 ) ) ;
#6767 = FACE_OUTER_BOUND ( 'NONE', #2319, .T. ) ;
#6768 = CARTESIAN_POINT ( 'NONE',  ( -3.673940397442080083E-16, -3.000000000000032419, 6.150000000000001243 ) ) ;
#6769 = CARTESIAN_POINT ( 'NONE',  ( 2.350480947161686540, -0.9736010864139464926, 6.962500000000001243 ) ) ;
#6770 = EDGE_CURVE ( 'NONE', #494, #211, #3624, .T. ) ;
#6771 = PLANE ( 'NONE',  #6946 ) ;
#6772 = DIRECTION ( 'NONE',  ( -0.000000000000000000, -1.224646799147353207E-16, 1.000000000000000000 ) ) ;
#6773 = CARTESIAN_POINT ( 'NONE',  ( -2.121320343559653931, -2.121320343559669919, 2.025000000000000799 ) ) ;
#6774 = CARTESIAN_POINT ( 'NONE',  ( -2.350480947161686984, -0.9736010864139428289, -12.41249999999999787 ) ) ;
#6775 = CARTESIAN_POINT ( 'NONE',  ( -2.350480947161686984, -1.474167727893447596E-14, -3.474999999999997868 ) ) ;
#6776 = CARTESIAN_POINT ( 'NONE',  ( 3.054126587736543996, -1.265060653844756633, 3.368750000000000799 ) ) ;
#6777 = ORIENTED_EDGE ( 'NONE', *, *, #3057, .F. ) ;
#6778 = CARTESIAN_POINT ( 'NONE',  ( -2.121320343559653931, 2.121320343559639277, -4.224999999999999645 ) ) ;
#6779 = FACE_OUTER_BOUND ( 'NONE', #7301, .T. ) ;
#6780 = CARTESIAN_POINT ( 'NONE',  ( -2.350480947161686984, -1.497129855377460752E-14, -1.599999999999998090 ) ) ;
#6781 = VERTEX_POINT ( 'NONE', #411 ) ;
#6782 = CARTESIAN_POINT ( 'NONE',  ( 1.265060653844741090, 3.054126587736527565, 1.681249999999999911 ) ) ;
#6783 = CARTESIAN_POINT ( 'NONE',  ( -1.662041016787808134, -1.662041016787822123, -7.474999999999997868 ) ) ;
#6784 = CARTESIAN_POINT ( 'NONE',  ( -0.4970064592693679284, 3.071965366029788758, 11.83818864820600503 ) ) ;
#6785 = CARTESIAN_POINT ( 'NONE',  ( -0.9736010864139290621, 2.350480947161671885, -3.787499999999998312 ) ) ;
#6786 = CARTESIAN_POINT ( 'NONE',  ( -0.2454588239291465301, -2.365919627195327557, 5.768306640688134479 ) ) ;
#6787 = CARTESIAN_POINT ( 'NONE',  ( -0.09024213516339739394, 0.2178637866089878083, 2.608805317272259394 ) ) ;
#6788 = B_SPLINE_CURVE_WITH_KNOTS ( 'NONE', 3,
 ( #3496, #1296, #4746, #732, #1785, #5915, #1254 ),
 .UNSPECIFIED., .F., .F.,
 ( 4, 3, 4 ),
 ( 0.000000000000000000, 0.0005370511169855288810, 0.001085021815052031758 ),
 .UNSPECIFIED. ) ;
#6789 = EDGE_LOOP ( 'NONE', ( #395, #3017, #2688, #2313 ) ) ;
#6790 = EDGE_CURVE ( 'NONE', #1854, #3670, #7053, .T. ) ;
#6791 = CARTESIAN_POINT ( 'NONE',  ( 0.000000000000000000, 2.350480947161672329, -6.849999999999998757 ) ) ;
#6792 = CARTESIAN_POINT ( 'NONE',  ( -2.350480947161686984, -0.9736010864139429399, -11.41249999999999787 ) ) ;
#6793 = DIRECTION ( 'NONE',  ( 0.000000000000000000, -0.1045284632676539427, 0.9945218953682732899 ) ) ;
#6794 = CARTESIAN_POINT ( 'NONE',  ( -1.177184601738067382, -0.8632880660056415634, 12.23971270034656911 ) ) ;
#6795 = DIRECTION ( 'NONE',  ( 0.000000000000000000, -0.1045284632676535819, -0.9945218953682732899 ) ) ;
#6796 = CARTESIAN_POINT ( 'NONE',  ( -0.9736010864139292842, -2.350480947161702527, 2.587500000000000799 ) ) ;
#6797 = FACE_OUTER_BOUND ( 'NONE', #3231, .T. ) ;
#6798 = CARTESIAN_POINT ( 'NONE',  ( 2.350480947161686540, -0.9736010864139460486, 1.837500000000001465 ) ) ;
#6799 = CARTESIAN_POINT ( 'NONE',  ( 0.4188713088899404524, 3.155949487122279962, 11.81363098836948744 ) ) ;
#6800 = CYLINDRICAL_SURFACE ( 'NONE', #410, 0.5831999999999999407 ) ;
#6801 = APPROVAL_ROLE ( '' ) ;
#6802 = CARTESIAN_POINT ( 'NONE',  ( -2.350480947161686984, -1.607348067300722386E-14, 7.400000000000002132 ) ) ;
#6803 = CARTESIAN_POINT ( 'NONE',  ( -2.350480947161686984, 0.9736010864139149623, -8.662499999999997868 ) ) ;
#6804 = CARTESIAN_POINT ( 'NONE',  ( 0.9736010864139306165, 2.350480947161670553, 6.212500000000002132 ) ) ;
#6805 = B_SPLINE_CURVE_WITH_KNOTS ( 'NONE', 3,
 ( #1615, #2828, #4465, #379, #3970, #5142, #6765 ),
 .UNSPECIFIED., .F., .F.,
 ( 4, 3, 4 ),
 ( 0.000000000000000000, 0.0005371863664115896983, 0.001060489824251299989 ),
 .UNSPECIFIED. ) ;
#6806 = CARTESIAN_POINT ( 'NONE',  ( -2.878508968398398972E-16, -2.350480947161700751, -12.34999999999999787 ) ) ;
#6807 = CARTESIAN_POINT ( 'NONE',  ( 0.4205411249598274837, 3.082321514731705570, 11.11066958947054673 ) ) ;
#6808 = CARTESIAN_POINT ( 'NONE',  ( 3.000000000000015987, 1.242640687119278109, -4.412500000000000533 ) ) ;
#6809 = ADVANCED_FACE ( 'NONE', ( #2150 ), #1578, .T. ) ;
#6810 = LINE ( 'NONE', #5692, #1972 ) ;
#6811 = CARTESIAN_POINT ( 'NONE',  ( -3.740226349862386965E-16, -3.054126587736559095, -5.818749999999999645 ) ) ;
#6812 = CARTESIAN_POINT ( 'NONE',  ( -0.9736010864139292842, -2.350480947161702083, -3.287499999999998312 ) ) ;
#6813 = CARTESIAN_POINT ( 'NONE',  ( -1.265060653844739536, -3.054126587736560428, 3.118750000000000355 ) ) ;
#6814 = VERTEX_POINT ( 'NONE', #7247 ) ;
#6815 = FACE_OUTER_BOUND ( 'NONE', #3276, .T. ) ;
#6816 = LINE ( 'NONE', #1996, #2860 ) ;
#6817 = CARTESIAN_POINT ( 'NONE',  ( -2.878508968398398972E-16, -2.350480947161702083, -3.349999999999998312 ) ) ;
#6818 = VERTEX_POINT ( 'NONE', #5567 ) ;
#6819 = CARTESIAN_POINT ( 'NONE',  ( -2.878508968398398972E-16, -2.350480947161701639, -6.349999999999997868 ) ) ;
#6820 = CARTESIAN_POINT ( 'NONE',  ( -0.7445567571664462037, -1.058453292898875686, 10.76374999999999815 ) ) ;
#6821 = CARTESIAN_POINT ( 'NONE',  ( 1.662041016787808356, 1.662041016787792147, 2.150000000000001688 ) ) ;
#6822 = CARTESIAN_POINT ( 'NONE',  ( 1.242640687119300758, 2.999999999999995115, -9.412500000000001421 ) ) ;
#6823 = CARTESIAN_POINT ( 'NONE',  ( -3.673940397442080083E-16, -3.000000000000031086, -6.724999999999999645 ) ) ;
#6824 = EDGE_CURVE ( 'NONE', #4324, #1185, #3323, .T. ) ;
#6825 = VERTEX_POINT ( 'NONE', #3365 ) ;
#6826 = CARTESIAN_POINT ( 'NONE',  ( -0.7379089216795956530, -2.828383158538076092, 7.282778754813985067 ) ) ;
#6827 = CARTESIAN_POINT ( 'NONE',  ( -2.878508968398398972E-16, -2.350480947161701195, -10.22499999999999787 ) ) ;
#6828 = CARTESIAN_POINT ( 'NONE',  ( 3.010013938068632378, 0.3751181655940431514, 10.76374999999999815 ) ) ;
#6829 = CARTESIAN_POINT ( 'NONE',  ( -3.000000000000016431, -1.390588528803651268E-14, -9.974999999999999645 ) ) ;
#6830 = FACE_OUTER_BOUND ( 'NONE', #4168, .T. ) ;
#6831 = CARTESIAN_POINT ( 'NONE',  ( -2.350480947161686984, -1.570608663326301526E-14, 4.400000000000001243 ) ) ;
#6832 = CARTESIAN_POINT ( 'NONE',  ( -2.350480947161686984, 0.9736010864139145182, -4.537499999999997868 ) ) ;
#6833 = CARTESIAN_POINT ( 'NONE',  ( 3.000000000000016431, -1.482437038739703103E-14, -8.474999999999999645 ) ) ;
#6834 = DIRECTION ( 'NONE',  ( 0.1045058763748856201, -0.02078751127481541852, -0.9943069954385901354 ) ) ;
#6835 = CARTESIAN_POINT ( 'NONE',  ( -3.000000000000015987, 1.242640687119275666, 6.837500000000000355 ) ) ;
#6836 = CIRCLE ( 'NONE', #3342, 1.292500000000001981 ) ;
#6837 = PERSON_AND_ORGANIZATION_ROLE ( 'design_supplier' ) ;
#6838 = CARTESIAN_POINT ( 'NONE',  ( -1.662041016787807912, 1.662041016787791925, 6.275000000000002132 ) ) ;
#6839 = CARTESIAN_POINT ( 'NONE',  ( 0.9736010864139306165, 2.350480947161671885, -6.912499999999999645 ) ) ;
#6840 = ORIENTED_EDGE ( 'NONE', *, *, #2902, .F. ) ;
#6841 = CARTESIAN_POINT ( 'NONE',  ( -2.350480947161686984, -0.9736010864139449383, 5.587500000000003020 ) ) ;
#6842 = CARTESIAN_POINT ( 'NONE',  ( 3.155949487122295061, 0.4188713088899563841, 11.81363098836964909 ) ) ;
#6843 = AXIS2_PLACEMENT_3D ( 'NONE', #6269, #6868, #6305 ) ;
#6844 = CARTESIAN_POINT ( 'NONE',  ( 0.3441256734989019961, 3.091799838212543783, 11.11969362615540113 ) ) ;
#6845 = ORGANIZATION ( 'UNSPECIFIED', 'UNSPECIFIED', '' ) ;
#6846 = CARTESIAN_POINT ( 'NONE',  ( 1.265060653844741090, 3.054126587736527565, 0.6812499999999995781 ) ) ;
#6847 = CARTESIAN_POINT ( 'NONE',  ( -3.147425500941989807, 0.4470389042088592779, 11.81522884184978572 ) ) ;
#6848 = CARTESIAN_POINT ( 'NONE',  ( -2.350480947161686984, -1.363949515970185963E-14, -12.47499999999999787 ) ) ;
#6849 = CARTESIAN_POINT ( 'NONE',  ( -2.350480947161686984, -0.9736010864139434950, -5.412499999999996980 ) ) ;
#6850 = CARTESIAN_POINT ( 'NONE',  ( 1.265060653844738425, -3.054126587736560872, 2.243749999999999467 ) ) ;
#6851 = ORIENTED_EDGE ( 'NONE', *, *, #3571, .T. ) ;
#6852 = DIRECTION ( 'NONE',  ( -0.9945218953682734009, 2.846382064871786378E-15, 0.1045284632676538317 ) ) ;
#6853 = LOCAL_TIME ( 3, 38, 27.00000000000000000, #5685 ) ;
#6854 = EDGE_CURVE ( 'NONE', #1658, #3855, #6012, .T. ) ;
#6855 = CARTESIAN_POINT ( 'NONE',  ( 0.000000000000000000, 2.350480947161672329, -4.724999999999997868 ) ) ;
#6856 = CARTESIAN_POINT ( 'NONE',  ( -0.9736010864139290621, 2.350480947161672329, -4.787499999999997868 ) ) ;
#6857 = MANIFOLD_SOLID_BREP ( 'Boss-Extrude1', #3063 ) ;
#6858 = ORIENTED_EDGE ( 'NONE', *, *, #2653, .T. ) ;
#6859 = CARTESIAN_POINT ( 'NONE',  ( -1.662041016787807912, 1.662041016787793701, -7.724999999999998757 ) ) ;
#6860 = CARTESIAN_POINT ( 'NONE',  ( -0.4870458400202016813, 3.110101974821276372, 11.82591190759382549 ) ) ;
#6861 = CARTESIAN_POINT ( 'NONE',  ( 2.350480947161686540, -0.9736010864139451604, -5.162499999999997868 ) ) ;
#6862 = PLANE ( 'NONE',  #6246 ) ;
#6863 = CARTESIAN_POINT ( 'NONE',  ( -3.056324624633571574, 0.3162793359103948654, 10.76374999999999815 ) ) ;
#6864 = EDGE_CURVE ( 'NONE', #6654, #4874, #7360, .T. ) ;
#6865 = EDGE_LOOP ( 'NONE', ( #3078, #2677, #1594, #711 ) ) ;
#6866 = CARTESIAN_POINT ( 'NONE',  ( -0.9178570182745793282, -2.772001191333061332, 7.274100316820306666 ) ) ;
#6867 = CARTESIAN_POINT ( 'NONE',  ( 2.350480947161686540, 0.9736010864139155174, -9.912499999999997868 ) ) ;
#6868 = DIRECTION ( 'NONE',  ( 1.224646799147353207E-16, 1.224646799147340388E-16, -1.000000000000000000 ) ) ;
#6869 = DIRECTION ( 'NONE',  ( 0.000000000000000000, 0.000000000000000000, 1.000000000000000000 ) ) ;
#6870 = CARTESIAN_POINT ( 'NONE',  ( 1.163769362633644722, -0.4820490534771566526, 12.34999999999999964 ) ) ;
#6871 = CARTESIAN_POINT ( 'NONE',  ( -1.662041016787807912, 1.662041016787792147, 5.275000000000002132 ) ) ;
#6872 = CARTESIAN_POINT ( 'NONE',  ( -2.350480947161686984, 0.9736010864139142962, -2.537499999999997868 ) ) ;
#6873 = CARTESIAN_POINT ( 'NONE',  ( 0.9736010864139347243, -2.350480947161695866, -12.28749999999999787 ) ) ;
#6874 = CARTESIAN_POINT ( 'NONE',  ( -3.000000000000016431, -1.487029464236505355E-14, -2.099999999999999645 ) ) ;
#6875 = CARTESIAN_POINT ( 'NONE',  ( -2.878508968398398972E-16, -2.350480947161702527, 2.650000000000000799 ) ) ;
#6876 = CARTESIAN_POINT ( 'NONE',  ( -0.9736010864139290621, 2.350480947161670997, 6.212500000000002132 ) ) ;
#6877 = CARTESIAN_POINT ( 'NONE',  ( 0.000000000000000000, 2.350480947161672329, -6.849999999999998757 ) ) ;
#6878 = ORIENTED_EDGE ( 'NONE', *, *, #561, .T. ) ;
#6879 = DIRECTION ( 'NONE',  ( 0.000000000000000000, 1.224646799147353207E-16, -1.000000000000000000 ) ) ;
#6880 = CARTESIAN_POINT ( 'NONE',  ( -1.242640687119283882, -3.000000000000041300, 0.2125000000000008271 ) ) ;
#6881 = CARTESIAN_POINT ( 'NONE',  ( 0.5257718158227988603, 2.072279788034155246, 12.11187273411069931 ) ) ;
#6882 = CARTESIAN_POINT ( 'NONE',  ( -1.201160576461888008, -2.537103451593202941, 6.964758477588087082 ) ) ;
#6883 = LINE ( 'NONE', #4549, #5965 ) ;
#6884 = CARTESIAN_POINT ( 'NONE',  ( 3.054126587736543996, 1.265060653844725103, -6.506249999999999645 ) ) ;
#6885 = CARTESIAN_POINT ( 'NONE',  ( 0.9736010864139287291, -2.350480947161702527, 0.8375000000000014655 ) ) ;
#6886 = CARTESIAN_POINT ( 'NONE',  ( 0.000000000000000000, 3.054126587736528453, 2.681250000000000355 ) ) ;
#6887 = VERTEX_POINT ( 'NONE', #3927 ) ;
#6888 = CARTESIAN_POINT ( 'NONE',  ( 0.4976841216339692453, -3.072558534730978952, 11.84463617491952725 ) ) ;
#6889 = CARTESIAN_POINT ( 'NONE',  ( -1.662041016787808134, -1.662041016787822345, -5.349999999999997868 ) ) ;
#6890 = CARTESIAN_POINT ( 'NONE',  ( 2.350480947161686540, -0.9736010864139453824, -3.162499999999998312 ) ) ;
#6891 = ORIENTED_EDGE ( 'NONE', *, *, #2569, .T. ) ;
#6892 = EDGE_CURVE ( 'NONE', #2026, #1726, #2497, .T. ) ;
#6893 = CARTESIAN_POINT ( 'NONE',  ( 3.158792416929106395, 0.4222095121929791417, 11.84463617598279228 ) ) ;
#6894 = CARTESIAN_POINT ( 'NONE',  ( -3.000000000000015987, 1.242640687119276111, 6.962500000000001243 ) ) ;
#6895 = CARTESIAN_POINT ( 'NONE',  ( 0.9736010864139306165, 2.350480947161671885, -4.912499999999998757 ) ) ;
#6896 = ORIENTED_EDGE ( 'NONE', *, *, #4558, .T. ) ;
#6897 = CARTESIAN_POINT ( 'NONE',  ( 1.242640687119301424, -3.000000000000022204, -9.787499999999999645 ) ) ;
#6898 = CARTESIAN_POINT ( 'NONE',  ( 3.098207601105213982, -0.4924286494250240120, 11.82964088027498839 ) ) ;
#6899 = EDGE_LOOP ( 'NONE', ( #5025, #6122, #5811, #1710 ) ) ;
#6900 = CARTESIAN_POINT ( 'NONE',  ( 3.054126587736543996, 1.265060653844725991, -11.50624999999999964 ) ) ;
#6901 = EDGE_CURVE ( 'NONE', #4528, #2707, #359, .T. ) ;
#6902 = CARTESIAN_POINT ( 'NONE',  ( -1.662041016787808134, -1.662041016787821457, -12.34999999999999787 ) ) ;
#6903 = CARTESIAN_POINT ( 'NONE',  ( -0.3251202354752962820, 3.054412875492948043, 10.76374999999999815 ) ) ;
#6904 = CARTESIAN_POINT ( 'NONE',  ( 0.3840784068098204163, 2.971464112645127997, 10.76374999999999815 ) ) ;
#6905 = CARTESIAN_POINT ( 'NONE',  ( 0.4652957277608877340, -2.858102017260859646E-15, 2.682494925704429267 ) ) ;
#6906 = CARTESIAN_POINT ( 'NONE',  ( -2.350480947161686984, -0.9736010864139429399, -11.53749999999999964 ) ) ;
#6907 = B_SPLINE_CURVE_WITH_KNOTS ( 'NONE', 3,
 ( #6881, #1729, #4047, #6353 ),
 .UNSPECIFIED., .F., .F.,
 ( 4, 4 ),
 ( 0.000000000000000000, 0.0002303704617441046268 ),
 .UNSPECIFIED. ) ;
#6908 = CARTESIAN_POINT ( 'NONE',  ( 3.183625345212382385, 2.070106209874711453E-15, 11.81363098836964909 ) ) ;
#6909 = CARTESIAN_POINT ( 'NONE',  ( -2.350480947161686984, 0.9736010864139136300, 2.337500000000001688 ) ) ;
#6910 = CARTESIAN_POINT ( 'NONE',  ( -2.878508968398398972E-16, -2.350480947161702971, 5.650000000000001243 ) ) ;
#6911 = CARTESIAN_POINT ( 'NONE',  ( 2.350480947161686540, 0.9736010864139152954, -8.037499999999999645 ) ) ;
#6912 =( BOUNDED_SURFACE ( )  B_SPLINE_SURFACE ( 1, 2, ( 
 ( #4502, #3861, #6167, #414, #5684, #981, #489, #2794, #2153, #2758, #3403, #5606, #1939, #1162, #817, #778, #7120, #3686, #2470, #6909, #2330, #6384, #3507, #4077, #6875, #4, #5186, #4651, #1688, #251, #5997, #4042, #6313, #2298, #5355, #6942, #738, #4616, #4005, #3080, #37, #5219, #1129, #1759, #3437, #1723, #214, #5397, #2873, #1197, #6346, #3477, #5434, #6558, #5921, #5789, #601, #2909, #3122, #3041, #172, #5748, #2547, #4257, #4791, #7081, #1377, #563, #1903, #2512, #4221, #6521, #1340, #3648, #5957, #4832, #6597, #2624, #1452, #3190, #3764, #2133, #1416, #6150, #3270, #963, #3727, #5625, #3307, #2663, #3842, #3156, #362, #1486, #7270, #6183, #5552, #2584, #4867, #6072, #2092, #6035, #4402, #4982, #887, #4945, #6669, #430, #3800, #7231, #851, #5472, #4443, #282, #6707, #7156, #6635, #6106, #4290, #922, #5507, #4905, #3233, #7194, #2053, #2016, #5018, #1976, #5590 ),
 ( #4331, #320, #396, #4365, #1524, #2701, #7307, #6747, #1564, #3880, #998, #2170, #4485, #5667, #1599, #6782, #2738, #5057, #7346, #1035, #6220, #3913, #3348, #5323, #5404, #5287, #1868, #4798, #7011, #1310, #1830, #4109, #142, #6451, #706, #1267, #7127, #6414, #3654, #783, #5963, #1229, #3128, #823, #178, #1346, #666, #5361, #6492, #7088, #3693, #3048, #104, #2362, #3579, #1909, #3540, #4228, #2477, #5889, #2439, #4186, #5441, #3615, #4759, #5853, #2974, #1946, #2401, #6528, #4685, #4145, #5927, #1793, #744, #3012, #4721, #3088, #7045, #221, #2520, #4838, #6977, #4264, #6564, #1383, #6006, #1544, #2642, #3860, #3250, #1469, #2718, #5037, #1504, #6729, #4961, #4924, #3287, #7287, #3171, #7249, #2070, #944, #264, #4464, #6016, #4884, #4381, #6129, #5570, #4420, #6166, #6687, #299, #2681, #3818, #5605, #4346, #2565, #980, #413, #6650, #6087, #903, #378, #3782, #7327, #5528 ) ),
 .UNSPECIFIED., .F., .F., .T. ) 
 B_SPLINE_SURFACE_WITH_KNOTS ( ( 2, 2 ),
 ( 3, 2, 2, 2, 2, 2, 2, 2, 2, 2, 2, 2, 2, 2, 2, 2, 2, 2, 2, 2, 2, 2, 2, 2, 2, 2, 2, 2, 2, 2, 2, 2, 2, 2, 2, 2, 2, 2, 2, 2, 2, 2, 2, 2, 2, 2, 2, 2, 2, 2, 2, 2, 2, 2, 2, 2, 2, 2, 2, 2, 2, 2, 2, 2, 3 ),
 ( 0.000000000000000000, 1.000000000000000000 ),
 ( 0.000000000000000000, 0.01562500000000000000, 0.03125000000000000000, 0.04687500000000000000, 0.06250000000000000000, 0.07812500000000000000, 0.09375000000000000000, 0.1093750000000000000, 0.1250000000000000000, 0.1406250000000000000, 0.1562500000000000000, 0.1718750000000000000, 0.1875000000000000000, 0.2031250000000000000, 0.2187500000000000000, 0.2343750000000000000, 0.2500000000000000000, 0.2656250000000000000, 0.2812500000000000000, 0.2968750000000000000, 0.3125000000000000000, 0.3281250000000000000, 0.3437500000000000000, 0.3593750000000000000, 0.3750000000000000000, 0.3906250000000000000, 0.4062500000000000000, 0.4218750000000000000, 0.4375000000000000000, 0.4531250000000000000, 0.4687500000000000000, 0.4843750000000000000, 0.5000000000000000000, 0.5156250000000000000, 0.5312500000000000000, 0.5468750000000000000, 0.5625000000000000000, 0.5781250000000000000, 0.5937500000000000000, 0.6093750000000000000, 0.6250000000000000000, 0.6406250000000000000, 0.6562500000000000000, 0.6718750000000000000, 0.6875000000000000000, 0.7031250000000000000, 0.7187500000000000000, 0.7343750000000000000, 0.7500000000000000000, 0.7656250000000000000, 0.7812500000000000000, 0.7968750000000000000, 0.8125000000000000000, 0.8281250000000000000, 0.8437500000000000000, 0.8593750000000000000, 0.8750000000000000000, 0.8906250000000000000, 0.9062500000000000000, 0.9218750000000000000, 0.9375000000000000000, 0.9531250000000000000, 0.9687500000000000000, 0.9843750000000000000, 1.000000000000000000 ),
 .UNSPECIFIED. ) 
 GEOMETRIC_REPRESENTATION_ITEM ( )  RATIONAL_B_SPLINE_SURFACE ( (
 ( 1.000000000000000000, 0.9238795325112867385, 1.000000000000000000, 0.9238795325112867385, 1.000000000000000000, 0.9238795325112867385, 1.000000000000000000, 0.9238795325112867385, 1.000000000000000000, 0.9238795325112867385, 1.000000000000000000, 0.9238795325112867385, 1.000000000000000000, 0.9238795325112867385, 1.000000000000000000, 0.9238795325112867385, 1.000000000000000000, 0.9238795325112867385, 1.000000000000000000, 0.9238795325112867385, 1.000000000000000000, 0.9238795325112867385, 1.000000000000000000, 0.9238795325112867385, 1.000000000000000000, 0.9238795325112867385, 1.000000000000000000, 0.9238795325112867385, 1.000000000000000000, 0.9238795325112867385, 1.000000000000000000, 0.9238795325112867385, 1.000000000000000000, 0.9238795325112867385, 1.000000000000000000, 0.9238795325112867385, 1.000000000000000000, 0.9238795325112867385, 1.000000000000000000, 0.9238795325112867385, 1.000000000000000000, 0.9238795325112867385, 1.000000000000000000, 0.9238795325112867385, 1.000000000000000000, 0.9238795325112867385, 1.000000000000000000, 0.9238795325112867385, 1.000000000000000000, 0.9238795325112867385, 1.000000000000000000, 0.9238795325112867385, 1.000000000000000000, 0.9238795325112867385, 1.000000000000000000, 0.9238795325112867385, 1.000000000000000000, 0.9238795325112867385, 1.000000000000000000, 0.9238795325112867385, 1.000000000000000000, 0.9238795325112867385, 1.000000000000000000, 0.9238795325112867385, 1.000000000000000000, 0.9238795325112867385, 1.000000000000000000, 0.9238795325112867385, 1.000000000000000000, 0.9238795325112867385, 1.000000000000000000, 0.9238795325112867385, 1.000000000000000000, 0.9238795325112867385, 1.000000000000000000, 0.9238795325112867385, 1.000000000000000000, 0.9238795325112867385, 1.000000000000000000, 0.9238795325112867385, 1.000000000000000000, 0.9238795325112867385, 1.000000000000000000, 0.9238795325112867385, 1.000000000000000000, 0.9238795325112867385, 1.000000000000000000, 0.9238795325112867385, 1.000000000000000000, 0.9238795325112867385, 1.000000000000000000, 0.9238795325112867385, 1.000000000000000000, 0.9238795325112867385, 1.000000000000000000, 0.9238795325112867385, 1.000000000000000000, 0.9238795325112867385, 1.000000000000000000, 0.9238795325112867385, 1.000000000000000000, 0.9238795325112867385, 1.000000000000000000, 0.9238795325112867385, 1.000000000000000000, 0.9238795325112867385, 1.000000000000000000, 0.9238795325112867385, 1.000000000000000000, 0.9238795325112867385, 1.000000000000000000, 0.9238795325112867385, 1.000000000000000000, 0.9238795325112867385, 1.000000000000000000, 0.9238795325112867385, 1.000000000000000000, 0.9238795325112867385, 1.000000000000000000, 0.9238795325112867385, 1.000000000000000000, 0.9238795325112867385, 1.000000000000000000, 0.9238795325112867385, 1.000000000000000000, 0.9238795325112867385, 1.000000000000000000, 0.9238795325112867385, 1.000000000000000000),
 ( 1.000000000000000000, 0.9238795325112867385, 1.000000000000000000, 0.9238795325112867385, 1.000000000000000000, 0.9238795325112867385, 1.000000000000000000, 0.9238795325112867385, 1.000000000000000000, 0.9238795325112867385, 1.000000000000000000, 0.9238795325112867385, 1.000000000000000000, 0.9238795325112867385, 1.000000000000000000, 0.9238795325112867385, 1.000000000000000000, 0.9238795325112867385, 1.000000000000000000, 0.9238795325112867385, 1.000000000000000000, 0.9238795325112867385, 1.000000000000000000, 0.9238795325112867385, 1.000000000000000000, 0.9238795325112867385, 1.000000000000000000, 0.9238795325112867385, 1.000000000000000000, 0.9238795325112867385, 1.000000000000000000, 0.9238795325112867385, 1.000000000000000000, 0.9238795325112867385, 1.000000000000000000, 0.9238795325112867385, 1.000000000000000000, 0.9238795325112867385, 1.000000000000000000, 0.9238795325112867385, 1.000000000000000000, 0.9238795325112867385, 1.000000000000000000, 0.9238795325112867385, 1.000000000000000000, 0.9238795325112867385, 1.000000000000000000, 0.9238795325112867385, 1.000000000000000000, 0.9238795325112867385, 1.000000000000000000, 0.9238795325112867385, 1.000000000000000000, 0.9238795325112867385, 1.000000000000000000, 0.9238795325112867385, 1.000000000000000000, 0.9238795325112867385, 1.000000000000000000, 0.9238795325112867385, 1.000000000000000000, 0.9238795325112867385, 1.000000000000000000, 0.9238795325112867385, 1.000000000000000000, 0.9238795325112867385, 1.000000000000000000, 0.9238795325112867385, 1.000000000000000000, 0.9238795325112867385, 1.000000000000000000, 0.9238795325112867385, 1.000000000000000000, 0.9238795325112867385, 1.000000000000000000, 0.9238795325112867385, 1.000000000000000000, 0.9238795325112867385, 1.000000000000000000, 0.9238795325112867385, 1.000000000000000000, 0.9238795325112867385, 1.000000000000000000, 0.9238795325112867385, 1.000000000000000000, 0.9238795325112867385, 1.000000000000000000, 0.9238795325112867385, 1.000000000000000000, 0.9238795325112867385, 1.000000000000000000, 0.9238795325112867385, 1.000000000000000000, 0.9238795325112867385, 1.000000000000000000, 0.9238795325112867385, 1.000000000000000000, 0.9238795325112867385, 1.000000000000000000, 0.9238795325112867385, 1.000000000000000000, 0.9238795325112867385, 1.000000000000000000, 0.9238795325112867385, 1.000000000000000000, 0.9238795325112867385, 1.000000000000000000, 0.9238795325112867385, 1.000000000000000000, 0.9238795325112867385, 1.000000000000000000, 0.9238795325112867385, 1.000000000000000000, 0.9238795325112867385, 1.000000000000000000, 0.9238795325112867385, 1.000000000000000000, 0.9238795325112867385, 1.000000000000000000, 0.9238795325112867385, 1.000000000000000000, 0.9238795325112867385, 1.000000000000000000, 0.9238795325112867385, 1.000000000000000000, 0.9238795325112867385, 1.000000000000000000, 0.9238795325112867385, 1.000000000000000000) ) ) 
 REPRESENTATION_ITEM ( '' )  SURFACE ( )  );
#6913 = VERTEX_POINT ( 'NONE', #4959 ) ;
#6914 = DIRECTION ( 'NONE',  ( -0.000000000000000000, -1.224646799147353207E-16, 1.000000000000000000 ) ) ;
#6915 = EDGE_CURVE ( 'NONE', #5771, #5914, #3780, .T. ) ;
#6916 = CARTESIAN_POINT ( 'NONE',  ( 2.072279788034156578, 0.5257718158227968619, 12.11187273411069931 ) ) ;
#6917 = CARTESIAN_POINT ( 'NONE',  ( -1.367523811276998513, 2.269363155760334649, 6.531134980228487485 ) ) ;
#6918 = CARTESIAN_POINT ( 'NONE',  ( -3.074270622234529959, 0.4969260523963791032, 11.83742362791116598 ) ) ;
#6919 = CARTESIAN_POINT ( 'NONE',  ( 2.350480947161686540, 0.9736010864139157395, -10.91249999999999964 ) ) ;
#6920 = CARTESIAN_POINT ( 'NONE',  ( -2.350480947161686984, 0.9736010864139139631, -0.5374999999999980904 ) ) ;
#6921 = CARTESIAN_POINT ( 'NONE',  ( 0.000000000000000000, 3.054126587736527565, 8.681250000000002132 ) ) ;
#6922 = EDGE_LOOP ( 'NONE', ( #4159, #3785, #2722, #3167, #1073, #4966, #5665, #1480, #2962, #3608, #5719, #3824, #6570, #4957, #6027, #4484, #5596, #7062, #4981, #3462, #3519, #4045, #425, #6506 ) ) ;
#6923 = PLANE ( 'NONE',  #6109 ) ;
#6924 = DIRECTION ( 'NONE',  ( -0.000000000000000000, -1.224646799147353207E-16, 1.000000000000000000 ) ) ;
#6925 = CARTESIAN_POINT ( 'NONE',  ( -0.9736010864139290621, 2.350480947161671441, 0.2125000000000017986 ) ) ;
#6926 = CARTESIAN_POINT ( 'NONE',  ( -0.4282286714488030555, -1.822136847597928044, 10.76374999999999815 ) ) ;
#6927 = CARTESIAN_POINT ( 'NONE',  ( -0.9736010864139290621, 2.350480947161672329, -5.787499999999997868 ) ) ;
#6928 = CARTESIAN_POINT ( 'NONE',  ( -1.265060653844739091, 3.054126587736529341, -4.256250000000000533 ) ) ;
#6929 = CARTESIAN_POINT ( 'NONE',  ( -0.9736010864139290621, 2.350480947161671441, 0.2125000000000017986 ) ) ;
#6930 = VERTEX_POINT ( 'NONE', #5469 ) ;
#6931 = CARTESIAN_POINT ( 'NONE',  ( 1.177184601738064718, -0.8632880660056451161, 12.23971270034656733 ) ) ;
#6932 = CARTESIAN_POINT ( 'NONE',  ( 3.123753592365944520, -0.4778037265529336275, 11.82176665947092076 ) ) ;
#6933 = ORIENTED_EDGE ( 'NONE', *, *, #7359, .F. ) ;
#6934 = CARTESIAN_POINT ( 'NONE',  ( -0.1862713044325253475, 2.781849243878403488, 6.911063870610710147 ) ) ;
#6935 = CARTESIAN_POINT ( 'NONE',  ( -2.350480947161686984, -1.437428323919027052E-14, -6.474999999999997868 ) ) ;
#6936 = CARTESIAN_POINT ( 'NONE',  ( 0.000000000000000000, 3.000000000000000888, 1.774999999999999911 ) ) ;
#6937 = CARTESIAN_POINT ( 'NONE',  ( 3.054126587736543996, -1.519788029875695154E-14, -5.506250000000000533 ) ) ;
#6938 = CARTESIAN_POINT ( 'NONE',  ( 0.7445567571664459816, 1.058453292898873022, 10.76374999999999815 ) ) ;
#6939 = ADVANCED_FACE ( 'NONE', ( #316 ), #4516, .T. ) ;
#6940 = DIRECTION ( 'NONE',  ( -0.000000000000000000, -1.224646799147353207E-16, 1.000000000000000000 ) ) ;
#6941 = CARTESIAN_POINT ( 'NONE',  ( 1.242640687119298093, -3.000000000000025757, -10.66249999999999964 ) ) ;
#6942 = CARTESIAN_POINT ( 'NONE',  ( -2.350480947161686984, 0.9736010864139135190, 3.337500000000001688 ) ) ;
#6943 = CARTESIAN_POINT ( 'NONE',  ( 0.000000000000000000, 2.350480947161670553, 7.150000000000002132 ) ) ;
#6944 = CARTESIAN_POINT ( 'NONE',  ( 2.350480947161686984, -1.487344460792324213E-14, -7.099999999999998757 ) ) ;
#6945 = ORIENTED_EDGE ( 'NONE', *, *, #3521, .F. ) ;
#6946 = AXIS2_PLACEMENT_3D ( 'NONE', #2689, #6284, #531 ) ;
#6947 = CARTESIAN_POINT ( 'NONE',  ( 3.005041006285190885, -0.4213380958116725861, 11.11825226061449534 ) ) ;
#6948 = PLANE ( 'NONE',  #3707 ) ;
#6949 = TOROIDAL_SURFACE ( 'NONE', #4555, 5.633246651616938827, 0.3000000000000008771 ) ;
#6950 =( BOUNDED_CURVE ( )  B_SPLINE_CURVE ( 2, ( #4991, #2103, #6608, #6567, #7165, #4877, #4341, #1386, #2145 ),
 .UNSPECIFIED., .F., .T. ) 
 B_SPLINE_CURVE_WITH_KNOTS ( ( 3, 2, 2, 2, 3 ),
 ( 0.6250000000000000000, 0.6406250000000000000, 0.6562500000000000000, 0.6718750000000000000, 0.6875000000000000000 ),
 .UNSPECIFIED. ) 
 CURVE ( )  GEOMETRIC_REPRESENTATION_ITEM ( )  RATIONAL_B_SPLINE_CURVE ( ( 1.000000000000000000, 0.9238795325112867385, 1.000000000000000000, 0.9238795325112867385, 1.000000000000000000, 0.9238795325112867385, 1.000000000000000000, 0.9238795325112867385, 1.000000000000000000 ) ) 
 REPRESENTATION_ITEM ( '' )  );
#6951 = DIRECTION ( 'NONE',  ( -0.000000000000000000, -1.224646799147353207E-16, 1.000000000000000000 ) ) ;
#6952 = CARTESIAN_POINT ( 'NONE',  ( 3.055320958419899924, 0.4779929817609780418, 11.65728749364872741 ) ) ;
#6953 = CARTESIAN_POINT ( 'NONE',  ( -2.878508968398398972E-16, -2.350480947161700751, -11.22499999999999964 ) ) ;
#6954 = CARTESIAN_POINT ( 'NONE',  ( -2.350480947161686984, 0.9736010864139138521, 0.4625000000000020206 ) ) ;
#6955 = CARTESIAN_POINT ( 'NONE',  ( -3.740226349862386965E-16, -3.054126587736560428, 6.181250000000000355 ) ) ;
#6956 = ORIENTED_EDGE ( 'NONE', *, *, #2516, .F. ) ;
#6957 = CARTESIAN_POINT ( 'NONE',  ( 0.5436799907859293235, -1.922160659580466779, 12.14276737506911807 ) ) ;
#6958 = AXIS2_PLACEMENT_3D ( 'NONE', #1978, #2549, #4292 ) ;
#6959 = B_SPLINE_CURVE_WITH_KNOTS ( 'NONE', 3,
 ( #6562, #1792, #5924, #6449, #1865, #6413, #1228, #5852, #7274, #6601, #4949, #5023, #2628, #2020, #7235, #7160, #2057, #927, #3237, #6712, #3846, #856, #3126, #1420, #4369, #3769, #6674, #4294, #6001, #4986, #4335, #6639 ),
 .UNSPECIFIED., .F., .F.,
 ( 4, 2, 2, 2, 2, 2, 2, 2, 2, 2, 2, 2, 2, 2, 2, 4 ),
 ( 0.006419591226926538857, 0.006919526188744209126, 0.007419461150561880262, 0.007919396112379550531, 0.008419331074197223402, 0.009419200997832565675, 0.009919135959650236811, 0.01041907092146790795, 0.01091900588328557908, 0.01141894084510325022, 0.01191887580692092136, 0.01241881076873859423, 0.01291874573055626536, 0.01341868069237393650, 0.01391861565419160937, 0.01441855061600927877 ),
 .UNSPECIFIED. ) ;
#6960 = AXIS2_PLACEMENT_3D ( 'NONE', #1776, #5304, #4702 ) ;
#6961 = LINE ( 'NONE', #4022, #3831 ) ;
#6962 = CARTESIAN_POINT ( 'NONE',  ( -2.350480947161686984, 0.9736010864139139631, -0.6624999999999982014 ) ) ;
#6963 = CARTESIAN_POINT ( 'NONE',  ( -0.9143889869718502261, 0.8042301465352914569, 10.76374999999999815 ) ) ;
#6964 = CARTESIAN_POINT ( 'NONE',  ( 0.000000000000000000, -2.375000000000006661, -12.34999999999999609 ) ) ;
#6965 = AXIS2_PLACEMENT_3D ( 'NONE', #6198, #5681, #1542 ) ;
#6966 = CARTESIAN_POINT ( 'NONE',  ( -3.054126587736543996, -1.265060653844753746, -3.006249999999999645 ) ) ;
#6967 = CARTESIAN_POINT ( 'NONE',  ( -2.350480947161686984, -1.509376323368934267E-14, -0.5999999999999980904 ) ) ;
#6968 = EDGE_LOOP ( 'NONE', ( #3214, #2647, #2832, #6587, #731 ) ) ;
#6969 = CARTESIAN_POINT ( 'NONE',  ( 0.000000000000000000, -3.000000000000003997, 12.34999999999999964 ) ) ;
#6970 = CARTESIAN_POINT ( 'NONE',  ( -2.350480947161686984, 0.9736010864139130749, 5.462500000000002132 ) ) ;
#6971 = ORIENTED_EDGE ( 'NONE', *, *, #2246, .T. ) ;
#6972 = CARTESIAN_POINT ( 'NONE',  ( 0.000000000000000000, 3.054126587736530229, -12.31874999999999964 ) ) ;
#6973 = CARTESIAN_POINT ( 'NONE',  ( 1.662041016787808356, 1.662041016787793257, -6.849999999999998757 ) ) ;
#6974 = CARTESIAN_POINT ( 'NONE',  ( 3.000000000000015987, 1.242640687119277443, 1.587499999999999911 ) ) ;
#6975 = CARTESIAN_POINT ( 'NONE',  ( 3.582545006821692742E-15, -3.073278406809818897, 10.76374999999999815 ) ) ;
#6976 = CARTESIAN_POINT ( 'NONE',  ( 3.000000000000016431, -1.517645634215189773E-14, -5.599999999999999645 ) ) ;
#6977 = CARTESIAN_POINT ( 'NONE',  ( -2.159593620790641655, 2.159593620790625668, 5.868749999999999467 ) ) ;
#6978 = CARTESIAN_POINT ( 'NONE',  ( 0.4924286494250129653, 3.098207601105213094, 11.82964088027499194 ) ) ;
#6979 = CYLINDRICAL_SURFACE ( 'NONE', #216, 3.000000000000001776 ) ;
#6980 = CARTESIAN_POINT ( 'NONE',  ( 0.9736010864139287291, -2.350480947161703860, 8.712500000000002132 ) ) ;
#6981 = CARTESIAN_POINT ( 'NONE',  ( 1.265060653844741090, 3.054126587736528897, -11.31874999999999964 ) ) ;
#6982 = EDGE_CURVE ( 'NONE', #1923, #2266, #420, .T. ) ;
#6983 = ORIENTED_EDGE ( 'NONE', *, *, #1533, .F. ) ;
#6984 = CARTESIAN_POINT ( 'NONE',  ( 2.121320343559653931, -2.121320343559669919, -2.724999999999999645 ) ) ;
#6985 = CARTESIAN_POINT ( 'NONE',  ( 3.000000000000015987, 1.242640687119278109, -4.537499999999999645 ) ) ;
#6986 = CARTESIAN_POINT ( 'NONE',  ( -1.662041016787808134, -1.662041016787823233, 1.525000000000001243 ) ) ;
#6987 = DIRECTION ( 'NONE',  ( -4.188538737677001009E-17, -0.3420201433256696011, 0.9396926207859082059 ) ) ;
#6988 = CARTESIAN_POINT ( 'NONE',  ( -2.350480947161686984, -1.376195983961659478E-14, -11.47499999999999964 ) ) ;
#6989 = EDGE_CURVE ( 'NONE', #3848, #6325, #3903, .T. ) ;
#6990 = CARTESIAN_POINT ( 'NONE',  ( 0.000000000000000000, 2.350480947161671885, -0.7249999999999982014 ) ) ;
#6991 = CARTESIAN_POINT ( 'NONE',  ( -3.740226349862386965E-16, -3.054126587736560872, 7.181249999999999467 ) ) ;
#6992 = ORIENTED_EDGE ( 'NONE', *, *, #3455, .F. ) ;
#6993 = DIRECTION ( 'NONE',  ( -0.9188184237650790509, -0.3805870524817659972, -0.1045284632676537900 ) ) ;
#6994 = CARTESIAN_POINT ( 'NONE',  ( -2.121320343559653931, 2.121320343559639721, -8.224999999999999645 ) ) ;
#6995 = CARTESIAN_POINT ( 'NONE',  ( 0.9736010864139306165, 2.350480947161670997, 1.087500000000001688 ) ) ;
#6996 = ORIENTED_EDGE ( 'NONE', *, *, #989, .F. ) ;
#6997 = CARTESIAN_POINT ( 'NONE',  ( 3.000000000000016431, -1.617148186645912081E-14, 2.524999999999999467 ) ) ;
#6998 = CARTESIAN_POINT ( 'NONE',  ( 0.000000000000000000, 3.054126587736529341, -4.318749999999999645 ) ) ;
#6999 = CARTESIAN_POINT ( 'NONE',  ( 2.350480947161686540, 0.9736010864139145182, -3.037499999999998312 ) ) ;
#7000 = ORIENTED_EDGE ( 'NONE', *, *, #2430, .F. ) ;
#7001 = CARTESIAN_POINT ( 'NONE',  ( -1.662041016787808134, -1.662041016787823677, 5.650000000000002132 ) ) ;
#7002 = CARTESIAN_POINT ( 'NONE',  ( 0.000000000000000000, 3.000000000000001776, -5.225000000000000533 ) ) ;
#7003 = CARTESIAN_POINT ( 'NONE',  ( 2.350480947161686540, 0.9736010864139145182, -1.912499999999998312 ) ) ;
#7004 = ORIENTED_EDGE ( 'NONE', *, *, #1765, .F. ) ;
#7005 = CARTESIAN_POINT ( 'NONE',  ( -2.159593620790641655, -2.159593620790655866, -7.943749999999999645 ) ) ;
#7006 = CARTESIAN_POINT ( 'NONE',  ( 2.350480947161686540, 0.9736010864139149623, -5.912499999999997868 ) ) ;
#7007 = CARTESIAN_POINT ( 'NONE',  ( -1.041337330627220892, -2.112841013465438511, -12.34999999999999787 ) ) ;
#7008 = CARTESIAN_POINT ( 'NONE',  ( -1.662041016787807912, 1.662041016787793479, -5.599999999999997868 ) ) ;
#7009 = CARTESIAN_POINT ( 'NONE',  ( -0.3752602613900953288, -2.988034278776385833, -11.73696572122358006 ) ) ;
#7010 = CARTESIAN_POINT ( 'NONE',  ( 0.9736010864139306165, 2.350480947161670109, 9.212500000000000355 ) ) ;
#7011 = CARTESIAN_POINT ( 'NONE',  ( 3.054126587736543996, -1.617759773807483273E-14, 2.493749999999999467 ) ) ;
#7012 = DIRECTION ( 'NONE',  ( -0.000000000000000000, -1.224646799147353207E-16, 1.000000000000000000 ) ) ;
#7013 = CARTESIAN_POINT ( 'NONE',  ( 0.000000000000000000, -2.044870920353165796E-15, 12.34999999999999964 ) ) ;
#7014 = CARTESIAN_POINT ( 'NONE',  ( -3.000000000000015987, -1.242640687119307419, 1.087500000000000133 ) ) ;
#7015 = CARTESIAN_POINT ( 'NONE',  ( 1.265060653844738425, -3.054126587736559095, -12.69374999999999964 ) ) ;
#7016 = VERTEX_POINT ( 'NONE', #1622 ) ;
#7017 = DIRECTION ( 'NONE',  ( -0.07992773943613171173, 0.07992773943613326604, 0.9935910189495773537 ) ) ;
#7018 = CARTESIAN_POINT ( 'NONE',  ( -3.673940397442080083E-16, -3.000000000000031530, -3.725000000000000533 ) ) ;
#7019 = CARTESIAN_POINT ( 'NONE',  ( 1.242640687119304754, -3.000000000000019096, -4.662499999999997868 ) ) ;
#7020 = CARTESIAN_POINT ( 'NONE',  ( -2.350480947161686984, 0.9736010864139137411, 1.337500000000001688 ) ) ;
#7021 = CARTESIAN_POINT ( 'NONE',  ( 2.072279788034155246, -0.5257718158228072980, 12.11187273411069931 ) ) ;
#7022 = CARTESIAN_POINT ( 'NONE',  ( -0.9736010864139292842, -2.350480947161700751, -11.28749999999999964 ) ) ;
#7023 = CARTESIAN_POINT ( 'NONE',  ( 2.350480947161686984, -1.562354077240099491E-14, -0.9749999999999984235 ) ) ;
#7024 = CARTESIAN_POINT ( 'NONE',  ( -1.265060653844739091, 3.054126587736528009, 5.743750000000002132 ) ) ;
#7025 = ORIENTED_EDGE ( 'NONE', *, *, #5819, .T. ) ;
#7026 = EDGE_CURVE ( 'NONE', #5311, #957, #5284, .T. ) ;
#7027 = CARTESIAN_POINT ( 'NONE',  ( 0.9736010864139287291, -2.350480947161702527, -0.2874999999999987010 ) ) ;
#7028 = ORIENTED_EDGE ( 'NONE', *, *, #3945, .F. ) ;
#7029 = CARTESIAN_POINT ( 'NONE',  ( 0.9736010864139287291, -2.350480947161702083, -5.287499999999997868 ) ) ;
#7030 = CARTESIAN_POINT ( 'NONE',  ( 2.159593620790641655, -2.159593620790656754, -4.693749999999999645 ) ) ;
#7031 = CARTESIAN_POINT ( 'NONE',  ( -1.662041016787807912, 1.662041016787792813, -0.7249999999999982014 ) ) ;
#7032 = ORIENTED_EDGE ( 'NONE', *, *, #6441, .F. ) ;
#7033 = CARTESIAN_POINT ( 'NONE',  ( -0.2417858158398878965, -2.350480947161705192, 5.725889215913016805 ) ) ;
#7034 = CARTESIAN_POINT ( 'NONE',  ( 2.350480947161686540, 0.9736010864139138521, 3.087500000000001688 ) ) ;
#7035 = CARTESIAN_POINT ( 'NONE',  ( 0.9736010864139306165, 2.350480947161672329, -10.78749999999999787 ) ) ;
#7036 = AXIS2_PLACEMENT_3D ( 'NONE', #2489, #5489, #5938 ) ;
#7037 = CARTESIAN_POINT ( 'NONE',  ( -0.9736010864139290621, 2.350480947161671885, -0.6624999999999982014 ) ) ;
#7038 = ORIENTED_EDGE ( 'NONE', *, *, #2973, .F. ) ;
#7039 = CARTESIAN_POINT ( 'NONE',  ( 2.159593620790641655, -2.159593620790656310, -9.693749999999999645 ) ) ;
#7040 = CARTESIAN_POINT ( 'NONE',  ( -2.350480947161686984, -0.9736010864139432730, -7.412499999999999645 ) ) ;
#7041 = CARTESIAN_POINT ( 'NONE',  ( 0.09024213516339998908, 0.2178637866089866981, 2.608805317272259394 ) ) ;
#7042 = CARTESIAN_POINT ( 'NONE',  ( -2.350480947161686984, -0.9736010864139436061, -4.412499999999997868 ) ) ;
#7043 = DIRECTION ( 'NONE',  ( 0.000000000000000000, -1.000000000000000000, 0.000000000000000000 ) ) ;
#7044 = CARTESIAN_POINT ( 'NONE',  ( 0.4970064592694000138, 3.071965366029782096, 11.83818864820600325 ) ) ;
#7045 = CARTESIAN_POINT ( 'NONE',  ( 2.159593620790642099, 2.159593620790625224, 5.618749999999999467 ) ) ;
#7046 = CARTESIAN_POINT ( 'NONE',  ( -2.878508968398398972E-16, -2.350480947161701195, -8.349999999999997868 ) ) ;
#7047 = DIRECTION ( 'NONE',  ( -0.000000000000000000, -1.224646799147353207E-16, 1.000000000000000000 ) ) ;
#7048 = EDGE_CURVE ( 'NONE', #4604, #2649, #2716, .T. ) ;
#7049 = CARTESIAN_POINT ( 'NONE',  ( -1.242640687119292098, 3.000000000000001776, 0.7125000000000006883 ) ) ;
#7050 = CARTESIAN_POINT ( 'NONE',  ( -3.054126587736543996, 1.265060653844725103, -10.06875000000000142 ) ) ;
#7051 = EDGE_LOOP ( 'NONE', ( #317, #1740, #6656, #2700 ) ) ;
#7052 = LINE ( 'NONE', #5934, #2610 ) ;
#7053 =( BOUNDED_CURVE ( )  B_SPLINE_CURVE ( 2, ( #3894, #6762, #6126, #5071, #4379, #3816, #7325, #2185, #2068 ),
 .UNSPECIFIED., .F., .F. ) 
 B_SPLINE_CURVE_WITH_KNOTS ( ( 3, 2, 2, 2, 3 ),
 ( 0.3750000000000000000, 0.3906250000000000000, 0.4062500000000000000, 0.4218750000000000555, 0.4375000000000000555 ),
 .UNSPECIFIED. ) 
 CURVE ( )  GEOMETRIC_REPRESENTATION_ITEM ( )  RATIONAL_B_SPLINE_CURVE ( ( 1.000000000000000000, 0.9238795325112867385, 1.000000000000000000, 0.9238795325112867385, 1.000000000000000000, 0.9238795325112867385, 1.000000000000000000, 0.9238795325112865164, 1.000000000000000222 ) ) 
 REPRESENTATION_ITEM ( '' )  );
#7054 = CARTESIAN_POINT ( 'NONE',  ( 0.000000000000000000, 3.000000000000001332, -0.3499999999999995892 ) ) ;
#7055 = CARTESIAN_POINT ( 'NONE',  ( -1.662041016787807912, 1.662041016787793257, -3.724999999999998312 ) ) ;
#7056 = CARTESIAN_POINT ( 'NONE',  ( 0.000000000000000000, 2.350480947161671441, 2.150000000000001688 ) ) ;
#7057 = CARTESIAN_POINT ( 'NONE',  ( -3.115673129889709791, 0.4836871998411159113, 11.82420210555577711 ) ) ;
#7058 = AXIS2_PLACEMENT_3D ( 'NONE', #5122, #6852, #1144 ) ;
#7059 = CARTESIAN_POINT ( 'NONE',  ( -1.662041016787807912, 1.662041016787793923, -8.599999999999997868 ) ) ;
#7060 = LINE ( 'NONE', #5564, #4922 ) ;
#7061 = CARTESIAN_POINT ( 'NONE',  ( 0.000000000000000000, 3.054126587736527565, 7.681250000000000355 ) ) ;
#7062 = ORIENTED_EDGE ( 'NONE', *, *, #1845, .T. ) ;
#7063 = CARTESIAN_POINT ( 'NONE',  ( 1.822136847597924492, -0.4282286714488111601, 10.76374999999999815 ) ) ;
#7064 = AXIS2_PLACEMENT_3D ( 'NONE', #4224, #5960, #4718 ) ;
#7065 = CARTESIAN_POINT ( 'NONE',  ( -2.878508968398398972E-16, -2.350480947161702527, 0.6500000000000021316 ) ) ;
#7066 = CARTESIAN_POINT ( 'NONE',  ( 0.000000000000000000, 3.000000000000001776, -6.349999999999999645 ) ) ;
#7067 = CARTESIAN_POINT ( 'NONE',  ( -2.878508968398398972E-16, -2.350480947161701195, -10.34999999999999787 ) ) ;
#7068 = VECTOR ( 'NONE', #4836, 999.9999999999998863 ) ;
#7069 = CARTESIAN_POINT ( 'NONE',  ( -1.265060653844739536, -3.054126587736559539, -2.881249999999999645 ) ) ;
#7070 = CARTESIAN_POINT ( 'NONE',  ( -1.662041016787808134, -1.662041016787822567, -3.474999999999998312 ) ) ;
#7071 = EDGE_CURVE ( 'NONE', #1069, #6063, #640, .T. ) ;
#7072 = ORIENTED_EDGE ( 'NONE', *, *, #4446, .F. ) ;
#7073 = CARTESIAN_POINT ( 'NONE',  ( -0.9736010864139292842, -2.350480947161702527, 3.712500000000001688 ) ) ;
#7074 = AXIS2_PLACEMENT_3D ( 'NONE', #2690, #4473, #5006 ) ;
#7075 = CARTESIAN_POINT ( 'NONE',  ( -0.9736010864139292842, -2.350480947161700751, -11.28749999999999964 ) ) ;
#7076 = AXIS2_PLACEMENT_3D ( 'NONE', #436, #4030, #590 ) ;
#7077 = CARTESIAN_POINT ( 'NONE',  ( 0.9736010864139287291, -2.350480947161702527, -4.162499999999997868 ) ) ;
#7078 = EDGE_LOOP ( 'NONE', ( #2595, #725, #1258, #2843 ) ) ;
#7079 = CIRCLE ( 'NONE', #454, 5.812717815533877008 ) ;
#7080 = CARTESIAN_POINT ( 'NONE',  ( -1.265060653844739091, 3.054126587736530229, -7.256249999999999645 ) ) ;
#7081 = CARTESIAN_POINT ( 'NONE',  ( -0.9736010864139290621, 2.350480947161670997, 5.212500000000002132 ) ) ;
#7082 = CARTESIAN_POINT ( 'NONE',  ( 2.350480947161686540, 0.9736010864139150733, -6.912499999999999645 ) ) ;
#7083 = CARTESIAN_POINT ( 'NONE',  ( -0.6077078835829772263, -2.275707214607010531, -12.34999999999999964 ) ) ;
#7084 = CARTESIAN_POINT ( 'NONE',  ( -0.5257718158227763228, 2.072279788034161019, 12.11187273411069931 ) ) ;
#7085 = ADVANCED_FACE ( 'NONE', ( #115 ), #5332, .T. ) ;
#7086 = CARTESIAN_POINT ( 'NONE',  ( -0.7459023972150375936, -2.903766585241471798, -11.74987721017598297 ) ) ;
#7087 = CARTESIAN_POINT ( 'NONE',  ( -3.673940397442080083E-16, -3.000000000000031974, 0.2750000000000002998 ) ) ;
#7088 = CARTESIAN_POINT ( 'NONE',  ( -1.265060653844739091, 3.054126587736528009, 3.806249999999999911 ) ) ;
#7089 = CARTESIAN_POINT ( 'NONE',  ( 0.9736010864139306165, 2.350480947161672329, -7.912499999999998757 ) ) ;
#7090 = CARTESIAN_POINT ( 'NONE',  ( 0.3816729322304334704, -3.124136439876694649, 11.46821393720580140 ) ) ;
#7091 = DIRECTION ( 'NONE',  ( 0.3826834323650984970, 0.9238795325112830747, 2.826165000830643754E-14 ) ) ;
#7092 = CARTESIAN_POINT ( 'NONE',  ( -3.740226349862386965E-16, -3.054126587736558651, -10.75624999999999964 ) ) ;
#7093 = ORIENTED_EDGE ( 'NONE', *, *, #4941, .F. ) ;
#7094 = CARTESIAN_POINT ( 'NONE',  ( 0.4201098582477442722, -3.155785101478136401, 11.81363098836951231 ) ) ;
#7095 = EDGE_CURVE ( 'NONE', #3670, #2176, #4048, .T. ) ;
#7096 = LINE ( 'NONE', #2528, #4192 ) ;
#7097 = CARTESIAN_POINT ( 'NONE',  ( -1.662041016787807912, 1.662041016787793035, -2.724999999999998312 ) ) ;
#7098 = CARTESIAN_POINT ( 'NONE',  ( -1.662041016787807912, 1.662041016787792369, 2.275000000000001688 ) ) ;
#7099 = CARTESIAN_POINT ( 'NONE',  ( 2.292025358716692551, -1.782541976294867325, 7.236628585626312393 ) ) ;
#7100 = CARTESIAN_POINT ( 'NONE',  ( 2.350480947161686540, -0.9736010864139450494, -6.037499999999997868 ) ) ;
#7101 = CARTESIAN_POINT ( 'NONE',  ( -3.005328587667071005, 0.4214895771970685323, 11.11969350972301029 ) ) ;
#7102 = CARTESIAN_POINT ( 'NONE',  ( 0.9736010864139287291, -2.350480947161702527, 1.837500000000001465 ) ) ;
#7103 = ORIENTED_EDGE ( 'NONE', *, *, #7048, .T. ) ;
#7104 = CARTESIAN_POINT ( 'NONE',  ( 3.048904827653270644, -0.3826289599287635013, 10.74995943411646770 ) ) ;
#7105 = CARTESIAN_POINT ( 'NONE',  ( -1.242640687119299647, -3.000000000000026645, 4.212499999999999467 ) ) ;
#7106 = CARTESIAN_POINT ( 'NONE',  ( 3.054126587736543996, -1.568773901841589213E-14, -1.506250000000000533 ) ) ;
#7107 = DIRECTION ( 'NONE',  ( -0.3805870524817673850, -0.9188184237650784958, 0.1045284632676537068 ) ) ;
#7108 = DIRECTION ( 'NONE',  ( 0.000000000000000000, 1.000000000000000000, 0.000000000000000000 ) ) ;
#7109 = CARTESIAN_POINT ( 'NONE',  ( -1.662041016787807912, 1.662041016787793479, -5.599999999999997868 ) ) ;
#7110 = CARTESIAN_POINT ( 'NONE',  ( 0.9736010864139287291, -2.350480947161702527, 1.712500000000001243 ) ) ;
#7111 = ORIENTED_EDGE ( 'NONE', *, *, #6684, .F. ) ;
#7112 = CARTESIAN_POINT ( 'NONE',  ( -2.878508968398398972E-16, -2.350480947161702971, 3.775000000000001243 ) ) ;
#7113 = CARTESIAN_POINT ( 'NONE',  ( 2.350480947161686984, -1.635832885188940580E-14, 5.025000000000002132 ) ) ;
#7114 = EDGE_CURVE ( 'NONE', #3787, #4783, #6581, .T. ) ;
#7115 = CARTESIAN_POINT ( 'NONE',  ( 0.9736010864139287291, -2.350480947161701639, -11.16249999999999964 ) ) ;
#7116 = EDGE_CURVE ( 'NONE', #1185, #5387, #2442, .T. ) ;
#7117 = CARTESIAN_POINT ( 'NONE',  ( 1.662041016787808356, 1.662041016787792369, 0.1500000000000016875 ) ) ;
#7118 = EDGE_LOOP ( 'NONE', ( #5091, #5393, #4123, #4302 ) ) ;
#7119 = CARTESIAN_POINT ( 'NONE',  ( -3.054126587736543996, -1.401355460658822772E-14, -9.068749999999999645 ) ) ;
#7120 = CARTESIAN_POINT ( 'NONE',  ( 0.000000000000000000, 2.350480947161671441, 2.150000000000001688 ) ) ;
#7121 = CARTESIAN_POINT ( 'NONE',  ( -2.350480947161686984, 0.9736010864139152954, -10.66249999999999964 ) ) ;
#7122 = CARTESIAN_POINT ( 'NONE',  ( -3.673940397442080083E-16, -3.000000000000030642, -9.849999999999999645 ) ) ;
#7123 = CARTESIAN_POINT ( 'NONE',  ( 1.662041016787808356, 1.662041016787792369, 0.1500000000000016875 ) ) ;
#7124 = DIRECTION ( 'NONE',  ( 0.07992773943613228071, -0.07992773943613294685, 0.9935910189495773537 ) ) ;
#7125 = CARTESIAN_POINT ( 'NONE',  ( 3.000000000000015543, -1.242640687119309195, 0.4624999999999995781 ) ) ;
#7126 = EDGE_CURVE ( 'NONE', #6482, #4912, #1891, .T. ) ;
#7127 = CARTESIAN_POINT ( 'NONE',  ( -3.054126587736543996, -1.549078480805972202E-14, 2.993749999999999467 ) ) ;
#7128 = CARTESIAN_POINT ( 'NONE',  ( -2.350480947161686984, 0.9736010864139150733, -9.662499999999997868 ) ) ;
#7129 = CARTESIAN_POINT ( 'NONE',  ( 0.1610275103007871300, 2.677271472389088025, -12.04772852761092494 ) ) ;
#7130 = DIRECTION ( 'NONE',  ( 0.000000000000000000, -1.000000000000000000, -1.224646799147353207E-16 ) ) ;
#7131 = CARTESIAN_POINT ( 'NONE',  ( -2.350480947161686984, -0.9736010864139434950, -5.537499999999997868 ) ) ;
#7132 = ORIENTED_EDGE ( 'NONE', *, *, #2446, .F. ) ;
#7133 = CARTESIAN_POINT ( 'NONE',  ( 0.4970064592693891337, -3.071965366029795863, 11.83818864820600147 ) ) ;
#7134 = DIRECTION ( 'NONE',  ( -0.000000000000000000, -1.224646799147353207E-16, 1.000000000000000000 ) ) ;
#7135 = CARTESIAN_POINT ( 'NONE',  ( -0.9736010864139290621, 2.350480947161671885, -1.787499999999998312 ) ) ;
#7136 = CARTESIAN_POINT ( 'NONE',  ( 2.350480947161686984, -1.609809140707059361E-14, 2.900000000000001688 ) ) ;
#7137 = CARTESIAN_POINT ( 'NONE',  ( -1.855942136732822378, -0.5981793365594131329, 12.38072256709985375 ) ) ;
#7138 =( NAMED_UNIT ( * ) PLANE_ANGLE_UNIT ( ) SI_UNIT ( $, .RADIAN. ) );
#7139 = CARTESIAN_POINT ( 'NONE',  ( -2.350480947161686984, -0.9736010864139447163, 3.587500000000001243 ) ) ;
#7140 = EDGE_CURVE ( 'NONE', #5623, #604, #6058, .T. ) ;
#7141 = ORIENTED_EDGE ( 'NONE', *, *, #674, .T. ) ;
#7142 = DIRECTION ( 'NONE',  ( 0.000000000000000000, -1.000000000000000000, 0.000000000000000000 ) ) ;
#7143 = FACE_OUTER_BOUND ( 'NONE', #2249, .T. ) ;
#7144 = CARTESIAN_POINT ( 'NONE',  ( 2.159593620790642099, 2.159593620790626112, -2.381250000000000533 ) ) ;
#7145 = CARTESIAN_POINT ( 'NONE',  ( 2.121320343559653931, -2.121320343559668586, -10.72499999999999964 ) ) ;
#7146 = CARTESIAN_POINT ( 'NONE',  ( 3.054126587736543996, 1.265060653844724214, -0.5062499999999997558 ) ) ;
#7147 = CARTESIAN_POINT ( 'NONE',  ( -2.350480947161686984, -1.533869259351881297E-14, 1.400000000000001910 ) ) ;
#7148 =( BOUNDED_CURVE ( )  B_SPLINE_CURVE ( 2, ( #400, #6039, #3194, #2705, #286, #2588, #7311, #2138, #4449 ),
 .UNSPECIFIED., .F., .F. ) 
 B_SPLINE_CURVE_WITH_KNOTS ( ( 3, 2, 2, 2, 3 ),
 ( 0.1250000000000000000, 0.1406250000000000000, 0.1562500000000000000, 0.1718750000000000278, 0.1875000000000000278 ),
 .UNSPECIFIED. ) 
 CURVE ( )  GEOMETRIC_REPRESENTATION_ITEM ( )  RATIONAL_B_SPLINE_CURVE ( ( 1.000000000000000000, 0.9238795325112867385, 1.000000000000000000, 0.9238795325112867385, 1.000000000000000000, 0.9238795325112867385, 1.000000000000000000, 0.9238795325112866275, 1.000000000000000222 ) ) 
 REPRESENTATION_ITEM ( '' )  );
#7149 = ORIENTED_EDGE ( 'NONE', *, *, #4970, .F. ) ;
#7150 = CARTESIAN_POINT ( 'NONE',  ( -1.662041016787807912, 1.662041016787792369, 3.400000000000002132 ) ) ;
#7151 = CARTESIAN_POINT ( 'NONE',  ( -0.9736010864139290621, 2.350480947161670997, 6.337500000000002132 ) ) ;
#7152 = CARTESIAN_POINT ( 'NONE',  ( 0.9736010864139306165, 2.350480947161672329, -7.787499999999999645 ) ) ;
#7153 = CARTESIAN_POINT ( 'NONE',  ( -2.350480947161686984, -1.523153599859341656E-14, 0.5250000000000020206 ) ) ;
#7154 = ORIENTED_EDGE ( 'NONE', *, *, #4917, .T. ) ;
#7155 = CARTESIAN_POINT ( 'NONE',  ( -1.265060653844739091, 3.054126587736530229, -10.25624999999999964 ) ) ;
#7156 = CARTESIAN_POINT ( 'NONE',  ( -2.350480947161686984, 0.9736010864139129639, 8.337500000000000355 ) ) ;
#7157 = CARTESIAN_POINT ( 'NONE',  ( -2.878508968398398972E-16, -2.350480947161701195, -10.34999999999999787 ) ) ;
#7158 = CARTESIAN_POINT ( 'NONE',  ( 0.000000000000000000, -2.044870920353165796E-15, 12.34999999999999964 ) ) ;
#7159 = CARTESIAN_POINT ( 'NONE',  ( -2.350480947161686984, -1.510907131867868141E-14, -0.4749999999999979794 ) ) ;
#7160 = CARTESIAN_POINT ( 'NONE',  ( -2.552764907451432919, -0.2253835205490156701, 6.294031646741805375 ) ) ;
#7161 = DIRECTION ( 'NONE',  ( -0.07992773943613253051, -0.07992773943613244725, -0.9935910189495773537 ) ) ;
#7162 = ORIENTED_EDGE ( 'NONE', *, *, #2310, .T. ) ;
#7163 = CARTESIAN_POINT ( 'NONE',  ( -0.9736010864139292842, -2.350480947161701639, -9.412499999999999645 ) ) ;
#7164 = LINE ( 'NONE', #1986, #2850 ) ;
#7165 = CARTESIAN_POINT ( 'NONE',  ( -3.000000000000016431, -1.511522400219452385E-14, -0.09999999999999936717 ) ) ;
#7166 = CARTESIAN_POINT ( 'NONE',  ( 3.054126587736543996, -1.265060653844755301, -9.568749999999999645 ) ) ;
#7167 = ORIENTED_EDGE ( 'NONE', *, *, #5286, .T. ) ;
#7168 = ADVANCED_FACE ( 'NONE', ( #1503 ), #1757, .T. ) ;
#7169 = CARTESIAN_POINT ( 'NONE',  ( 0.000000000000000000, 3.000000000000000444, 3.650000000000000355 ) ) ;
#7170 = LINE ( 'NONE', #229, #6611 ) ;
#7171 = CARTESIAN_POINT ( 'NONE',  ( 1.317945517137717903, -1.971720027501401518, 5.741387523463385101 ) ) ;
#7172 = CARTESIAN_POINT ( 'NONE',  ( 2.121320343559653931, -2.121320343559669919, -2.600000000000000089 ) ) ;
#7173 = CARTESIAN_POINT ( 'NONE',  ( -2.878508968398398972E-16, -2.350480947161701639, -5.224999999999998757 ) ) ;
#7174 = CARTESIAN_POINT ( 'NONE',  ( -3.000000000000015987, -1.242640687119307197, -1.037499999999999423 ) ) ;
#7175 = CARTESIAN_POINT ( 'NONE',  ( -0.9736010864139290621, 2.350480947161670997, 3.337500000000001688 ) ) ;
#7176 = VERTEX_POINT ( 'NONE', #2329 ) ;
#7177 = CARTESIAN_POINT ( 'NONE',  ( -3.155379854719140731, -0.4225759122075736229, 11.81365701814858760 ) ) ;
#7178 = CARTESIAN_POINT ( 'NONE',  ( -3.673940397442080083E-16, -3.000000000000032419, 4.274999999999999467 ) ) ;
#7179 = CARTESIAN_POINT ( 'NONE',  ( 3.054126587736543996, -1.265060653844755745, -3.568750000000000089 ) ) ;
#7180 = DIRECTION ( 'NONE',  ( 0.000000000000000000, -1.000000000000000000, 0.000000000000000000 ) ) ;
#7181 = CARTESIAN_POINT ( 'NONE',  ( -2.159593620790641655, -2.159593620790656754, -0.9437499999999993117 ) ) ;
#7182 = CARTESIAN_POINT ( 'NONE',  ( 1.662041016787807912, -1.662041016787823677, 0.7750000000000013545 ) ) ;
#7183 = ORIENTED_EDGE ( 'NONE', *, *, #3364, .T. ) ;
#7184 = CARTESIAN_POINT ( 'NONE',  ( -3.673940397442080083E-16, -3.000000000000031530, -1.724999999999999645 ) ) ;
#7185 = CARTESIAN_POINT ( 'NONE',  ( 2.350480947161686540, -0.9736010864139464926, 6.962500000000001243 ) ) ;
#7186 = AXIS2_PLACEMENT_3D ( 'NONE', #5223, #1836, #4151 ) ;
#7187 = CARTESIAN_POINT ( 'NONE',  ( 2.350480947161686984, -1.476628801299784572E-14, -7.974999999999999645 ) ) ;
#7188 = EDGE_CURVE ( 'NONE', #4627, #2026, #6245, .T. ) ;
#7189 = CARTESIAN_POINT ( 'NONE',  ( 2.350480947161686540, 0.9736010864139142962, 0.08750000000000163203 ) ) ;
#7190 = ORIENTED_EDGE ( 'NONE', *, *, #2446, .T. ) ;
#7191 = TOROIDAL_SURFACE ( 'NONE', #6714, 1.883088572098873037, 4.116911427901126963 ) ;
#7192 = CARTESIAN_POINT ( 'NONE',  ( 3.054126587736543996, -1.519022625626227902E-14, -5.568749999999999645 ) ) ;
#7193 =( BOUNDED_CURVE ( )  B_SPLINE_CURVE ( 3, ( #7063, #4663, #5906, #722 ),
 .UNSPECIFIED., .F., .F. ) 
 B_SPLINE_CURVE_WITH_KNOTS ( ( 4, 4 ),
 ( 2.946332657651819176, 3.336852649527768833 ),
 .UNSPECIFIED. ) 
 CURVE ( )  GEOMETRIC_REPRESENTATION_ITEM ( )  RATIONAL_B_SPLINE_CURVE ( ( 1.000000000000000000, 0.9873315052531760339, 0.9873315052531760339, 1.000000000000000000 ) ) 
 REPRESENTATION_ITEM ( '' )  );
#7194 = CARTESIAN_POINT ( 'NONE',  ( 2.350480947161686540, -0.9736010864139470478, 8.837500000000002132 ) ) ;
#7195 = CARTESIAN_POINT ( 'NONE',  ( 0.9736010864139306165, 2.350480947161671885, -5.787499999999997868 ) ) ;
#7196 = CARTESIAN_POINT ( 'NONE',  ( -0.1852608770036648922, -2.679789300255434714, -12.04521069974458491 ) ) ;
#7197 = CARTESIAN_POINT ( 'NONE',  ( -2.350480947161686984, -0.9736010864139442722, -1.412499999999998090 ) ) ;
#7198 = DIRECTION ( 'NONE',  ( 0.000000000000000000, -1.000000000000000000, 0.000000000000000000 ) ) ;
#7199 = CARTESIAN_POINT ( 'NONE',  ( -3.058033318125262134, -0.3057325481516325327, 10.76374999999999815 ) ) ;
#7200 = AXIS2_PLACEMENT_3D ( 'NONE', #2551, #4908, #7198 ) ;
#7201 = VECTOR ( 'NONE', #158, 1000.000000000000000 ) ;
#7202 = VECTOR ( 'NONE', #2827, 1000.000000000000000 ) ;
#7203 = EDGE_LOOP ( 'NONE', ( #6397, #4415, #5585, #7229 ) ) ;
#7204 = CARTESIAN_POINT ( 'NONE',  ( 1.662041016787808356, 1.662041016787793701, -10.97499999999999787 ) ) ;
#7205 = FACE_OUTER_BOUND ( 'NONE', #3710, .T. ) ;
#7206 = CARTESIAN_POINT ( 'NONE',  ( 8.636730598685886714E-13, 2.603512565156978376, 6.421087872763027171 ) ) ;
#7207 = CARTESIAN_POINT ( 'NONE',  ( -3.054126587736543996, -1.389874396916816194E-14, -10.00625000000000142 ) ) ;
#7208 = VERTEX_POINT ( 'NONE', #1831 ) ;
#7209 = CARTESIAN_POINT ( 'NONE',  ( 2.121320343559653931, -2.121320343559670807, 4.275000000000001243 ) ) ;
#7210 = CARTESIAN_POINT ( 'NONE',  ( -3.000000000000015987, 1.242640687119278109, -9.162499999999999645 ) ) ;
#7211 = CARTESIAN_POINT ( 'NONE',  ( 1.662041016787807912, -1.662041016787823455, -1.224999999999998757 ) ) ;
#7212 = EDGE_CURVE ( 'NONE', #3787, #957, #6415, .T. ) ;
#7213 = CARTESIAN_POINT ( 'NONE',  ( 0.000000000000000000, 2.478039673147883981, 6.076353935214375390 ) ) ;
#7214 = CARTESIAN_POINT ( 'NONE',  ( 0.5488273858788036419, -2.807983268095780360, 7.092081667677787138 ) ) ;
#7215 = CARTESIAN_POINT ( 'NONE',  ( 2.350480947161686540, -0.9736010864139451604, -5.037499999999998757 ) ) ;
#7216 = CARTESIAN_POINT ( 'NONE',  ( 1.662041016787808356, 1.662041016787792147, 2.150000000000001688 ) ) ;
#7217 = ORIENTED_EDGE ( 'NONE', *, *, #6864, .T. ) ;
#7218 = CARTESIAN_POINT ( 'NONE',  ( -3.108036279359858600, 0.3630634879331524623, 11.29552256366799234 ) ) ;
#7219 = CARTESIAN_POINT ( 'NONE',  ( -3.673940397442080083E-16, -3.000000000000031086, -7.725000000000000533 ) ) ;
#7220 = CARTESIAN_POINT ( 'NONE',  ( -3.054126587736543996, 1.265060653844724436, -4.068750000000000533 ) ) ;
#7221 = EDGE_CURVE ( 'NONE', #6093, #4705, #1230, .T. ) ;
#7222 = CARTESIAN_POINT ( 'NONE',  ( 2.991115787872123288, -0.3824046323609670006, 10.76374999999999815 ) ) ;
#7223 = CARTESIAN_POINT ( 'NONE',  ( -3.054126587736543996, 1.265060653844723992, 1.868750000000000577 ) ) ;
#7224 = CARTESIAN_POINT ( 'NONE',  ( -1.822136847597923603, -0.4282286714488044432, 10.76374999999999815 ) ) ;
#7225 = ORIENTED_EDGE ( 'NONE', *, *, #5926, .F. ) ;
#7226 = CARTESIAN_POINT ( 'NONE',  ( 1.662041016787808356, 1.662041016787791703, 5.150000000000002132 ) ) ;
#7227 = CARTESIAN_POINT ( 'NONE',  ( -1.662041016787807912, 1.662041016787793923, -9.599999999999997868 ) ) ;
#7228 = CARTESIAN_POINT ( 'NONE',  ( -2.878508968398398972E-16, -2.350480947161701639, -5.349999999999998757 ) ) ;
#7229 = ORIENTED_EDGE ( 'NONE', *, *, #979, .T. ) ;
#7230 = CARTESIAN_POINT ( 'NONE',  ( 2.159593620790641655, -2.159593620790656754, -6.693749999999999645 ) ) ;
#7231 = CARTESIAN_POINT ( 'NONE',  ( 2.350480947161686540, 0.9736010864139130749, 7.962500000000001243 ) ) ;
#7232 = CARTESIAN_POINT ( 'NONE',  ( 0.000000000000000000, 2.350480947161672329, -5.724999999999998757 ) ) ;
#7233 = LINE ( 'NONE', #4404, #4430 ) ;
#7234 = CARTESIAN_POINT ( 'NONE',  ( 0.000000000000000000, 2.350480947161671885, -1.724999999999998312 ) ) ;
#7235 = CARTESIAN_POINT ( 'NONE',  ( -2.554445171073821186, 0.1080568414213461670, 6.277606670644673592 ) ) ;
#7236 = CARTESIAN_POINT ( 'NONE',  ( -3.025937228602969320, 0.3649870894194371940, 10.76374999999999815 ) ) ;
#7237 = EDGE_CURVE ( 'NONE', #683, #1181, #7079, .T. ) ;
#7238 = B_SPLINE_CURVE_WITH_KNOTS ( 'NONE', 3,
 ( #7206, #6644, #2710, #3132, #1463, #4374, #6009, #5444, #332, #3200, #259, #5028, #3774, #2558, #6119, #6679, #972, #2634, #5562, #4954, #3810, #935, #3242, #5178, #7427, #1157, #7466, #7390, #1045, #2821, #5135, #3963 ),
 .UNSPECIFIED., .F., .F.,
 ( 4, 2, 2, 2, 2, 2, 2, 2, 2, 2, 2, 2, 2, 2, 2, 4 ),
 ( 0.01515413159982197458, 0.01564313747121011747, 0.01613214334259826035, 0.01662114921398640324, 0.01711015508537454613, 0.01759916095676268555, 0.01808816682815082844, 0.01857717269953897132, 0.01906617857092711421, 0.02004419031370339999, 0.02053319618509153940, 0.02102220205647968229, 0.02151120792786782865, 0.02200021379925596807, 0.02248921967064411095, 0.02297822554203225384 ),
 .UNSPECIFIED. ) ;
#7239 = EDGE_LOOP ( 'NONE', ( #3357, #4585, #355, #26 ) ) ;
#7240 = CARTESIAN_POINT ( 'NONE',  ( 1.242640687119298093, -3.000000000000027089, 1.212500000000000355 ) ) ;
#7241 = CARTESIAN_POINT ( 'NONE',  ( 2.442752432063381551, -0.5644688831707560528, -12.22298336069203017 ) ) ;
#7242 = FACE_OUTER_BOUND ( 'NONE', #5273, .T. ) ;
#7243 = CARTESIAN_POINT ( 'NONE',  ( 2.159593620790642099, 2.159593620790627000, -8.381249999999999645 ) ) ;
#7244 = CARTESIAN_POINT ( 'NONE',  ( -3.115381263243448551, 0.4586699493285949503, 11.47344112072293498 ) ) ;
#7245 = ORIENTED_EDGE ( 'NONE', *, *, #3856, .T. ) ;
#7246 = CARTESIAN_POINT ( 'NONE',  ( 0.000000000000000000, 2.350480947161670997, 3.150000000000001688 ) ) ;
#7247 = CARTESIAN_POINT ( 'NONE',  ( 0.5744240720839399739, -1.851216920838280267, 12.15470632317383348 ) ) ;
#7248 = CARTESIAN_POINT ( 'NONE',  ( 0.000000000000000000, 2.350480947161671885, -0.8499999999999983125 ) ) ;
#7249 = CARTESIAN_POINT ( 'NONE',  ( -3.054126587736543996, -1.265060653844755301, 7.056249999999999467 ) ) ;
#7250 = CARTESIAN_POINT ( 'NONE',  ( -0.3248502992574434090, 3.074843869529722884, 10.94099322423835829 ) ) ;
#7251 = CARTESIAN_POINT ( 'NONE',  ( 1.662041016787808356, 1.662041016787793257, -6.849999999999998757 ) ) ;
#7252 = CARTESIAN_POINT ( 'NONE',  ( -1.242640687119285881, -3.000000000000038636, -0.9124999999999987566 ) ) ;
#7253 = CARTESIAN_POINT ( 'NONE',  ( -2.350480947161686984, -1.399158111445672318E-14, -9.599999999999997868 ) ) ;
#7254 = ORIENTED_EDGE ( 'NONE', *, *, #4446, .T. ) ;
#7255 = CARTESIAN_POINT ( 'NONE',  ( 0.000000000000000000, 2.350480947161670997, 6.275000000000002132 ) ) ;
#7256 = ORIENTED_EDGE ( 'NONE', *, *, #3637, .T. ) ;
#7257 = CARTESIAN_POINT ( 'NONE',  ( -3.091699671808937566, -0.4945301565105633679, 11.83171823620718222 ) ) ;
#7258 = EDGE_CURVE ( 'NONE', #503, #6325, #2402, .T. ) ;
#7259 = CARTESIAN_POINT ( 'NONE',  ( 2.121320343559653931, -2.121320343559669030, -7.725000000000000533 ) ) ;
#7260 = CARTESIAN_POINT ( 'NONE',  ( -3.054126587736543996, 1.265060653844724214, -2.068750000000000089 ) ) ;
#7261 = LINE ( 'NONE', #2612, #1372 ) ;
#7262 = CARTESIAN_POINT ( 'NONE',  ( -0.9736010864139290621, 2.350480947161672329, -5.662499999999997868 ) ) ;
#7263 = CARTESIAN_POINT ( 'NONE',  ( 2.350480947161686540, -0.9736010864139460486, 1.837500000000001465 ) ) ;
#7264 = VERTEX_POINT ( 'NONE', #1794 ) ;
#7265 = CARTESIAN_POINT ( 'NONE',  ( 1.662041016787808356, 1.662041016787791925, 3.150000000000001688 ) ) ;
#7266 = EDGE_CURVE ( 'NONE', #4745, #997, #2140, .T. ) ;
#7267 = CARTESIAN_POINT ( 'NONE',  ( -2.350480947161686984, -1.412935387936080180E-14, -8.474999999999997868 ) ) ;
#7268 = CARTESIAN_POINT ( 'NONE',  ( 1.662041016787808356, 1.662041016787792147, 2.150000000000001688 ) ) ;
#7269 = EDGE_LOOP ( 'NONE', ( #2931, #346, #5292, #7004 ) ) ;
#7270 = CARTESIAN_POINT ( 'NONE',  ( 1.662041016787808356, 1.662041016787791703, 7.025000000000002132 ) ) ;
#7271 = CARTESIAN_POINT ( 'NONE',  ( 0.9736010864139306165, 2.350480947161673217, -11.91249999999999964 ) ) ;
#7272 = CARTESIAN_POINT ( 'NONE',  ( -1.826849601716540983, -1.517644732046387945, -12.34999999999999964 ) ) ;
#7273 = CARTESIAN_POINT ( 'NONE',  ( 2.350480947161686540, 0.9736010864139145182, -0.9124999999999983125 ) ) ;
#7274 = CARTESIAN_POINT ( 'NONE',  ( -1.693313762854935733, 1.864877406494311662, 6.173586501655002223 ) ) ;
#7275 = CARTESIAN_POINT ( 'NONE',  ( -2.978593589760877069, -0.3838608518364387545, 10.76374999999999815 ) ) ;
#7276 = ORIENTED_EDGE ( 'NONE', *, *, #3103, .T. ) ;
#7277 = CYLINDRICAL_SURFACE ( 'NONE', #7444, 3.000000000000001776 ) ;
#7278 = DIRECTION ( 'NONE',  ( -0.000000000000000000, -1.224646799147353207E-16, 1.000000000000000000 ) ) ;
#7279 = CARTESIAN_POINT ( 'NONE',  ( -3.000000000000015987, -1.242640687119306753, -3.037499999999999645 ) ) ;
#7280 = CARTESIAN_POINT ( 'NONE',  ( -3.740226349862386965E-16, -3.054126587736558651, -9.756250000000001421 ) ) ;
#7281 = CARTESIAN_POINT ( 'NONE',  ( -3.148072318320640939, 0.4969619868115863204, 11.83776552103389434 ) ) ;
#7282 = VERTEX_POINT ( 'NONE', #5217 ) ;
#7283 = CARTESIAN_POINT ( 'NONE',  ( 0.5981793365594049172, -1.855942136732825709, 12.38072256709985375 ) ) ;
#7284 = VECTOR ( 'NONE', #3181, 1000.000000000000000 ) ;
#7285 = CARTESIAN_POINT ( 'NONE',  ( -1.242640687119290099, -3.000000000000034195, -5.787499999999999645 ) ) ;
#7286 = CARTESIAN_POINT ( 'NONE',  ( -0.9736010864139292842, -2.350480947161702527, 0.5875000000000021316 ) ) ;
#7287 = CARTESIAN_POINT ( 'NONE',  ( -3.054126587736543996, 1.265060653844723326, 6.931250000000000355 ) ) ;
#7288 = CARTESIAN_POINT ( 'NONE',  ( 0.3794033297728080512, -3.001312884207466336, 10.76374999999999815 ) ) ;
#7289 = PERSON_AND_ORGANIZATION ( #107, #6845 ) ;
#7290 = CARTESIAN_POINT ( 'NONE',  ( -3.158792416831659455, -0.4222095120785074318, 11.84463617491952725 ) ) ;
#7291 = CARTESIAN_POINT ( 'NONE',  ( 0.9736010864139287291, -2.350480947161702083, -10.28749999999999787 ) ) ;
#7292 = ORIENTED_EDGE ( 'NONE', *, *, #111, .F. ) ;
#7293 = CARTESIAN_POINT ( 'NONE',  ( -0.9736010864139290621, 2.350480947161670553, 7.337500000000002132 ) ) ;
#7294 = ORIENTED_EDGE ( 'NONE', *, *, #3317, .F. ) ;
#7295 = CARTESIAN_POINT ( 'NONE',  ( 2.121320343559654820, 2.121320343559637500, 6.649999999999999467 ) ) ;
#7296 = CARTESIAN_POINT ( 'NONE',  ( 1.242640687119286325, -3.000000000000038636, 7.337499999999998579 ) ) ;
#7297 = CARTESIAN_POINT ( 'NONE',  ( -2.159593620790641655, 2.159593620790626112, 0.8687499999999996891 ) ) ;
#7298 = CARTESIAN_POINT ( 'NONE',  ( 1.892739746863324690, 0.3989839930302109816, 10.76374999999999815 ) ) ;
#7299 = CARTESIAN_POINT ( 'NONE',  ( -0.9736010864139290621, 2.350480947161672329, -4.662499999999997868 ) ) ;
#7300 = CARTESIAN_POINT ( 'NONE',  ( 3.054126587736543996, -1.641487305540963050E-14, 4.431249999999999467 ) ) ;
#7301 = EDGE_LOOP ( 'NONE', ( #5589, #836, #6992, #6945 ) ) ;
#7302 = CARTESIAN_POINT ( 'NONE',  ( 0.3831822014944686328, -3.125570369385163527, 11.48214196941593457 ) ) ;
#7303 = CARTESIAN_POINT ( 'NONE',  ( 0.9736010864139287291, -2.350480947161702527, -10.16249999999999787 ) ) ;
#7304 = CARTESIAN_POINT ( 'NONE',  ( 1.662041016787807912, -1.662041016787823233, -2.224999999999998312 ) ) ;
#7305 = ORIENTED_EDGE ( 'NONE', *, *, #1556, .F. ) ;
#7306 = ADVANCED_FACE ( 'NONE', ( #5184 ), #4110, .T. ) ;
#7307 = CARTESIAN_POINT ( 'NONE',  ( -2.159593620790641655, -2.159593620790657198, 1.118749999999999023 ) ) ;
#7308 = CARTESIAN_POINT ( 'NONE',  ( -2.350480947161686984, -0.9736010864139431620, -8.537499999999997868 ) ) ;
#7309 = LINE ( 'NONE', #5627, #327 ) ;
#7310 = CARTESIAN_POINT ( 'NONE',  ( 2.350480947161686540, 0.9736010864139140741, 1.087500000000001688 ) ) ;
#7311 = CARTESIAN_POINT ( 'NONE',  ( -2.121320343559653931, -2.121320343559669919, 3.024999999999999911 ) ) ;
#7312 = CARTESIAN_POINT ( 'NONE',  ( -3.108036455983463675, -0.3630636920843141602, 11.29552445814421091 ) ) ;
#7313 = CIRCLE ( 'NONE', #4059, 9.705139063893135187 ) ;
#7314 = ORIENTED_EDGE ( 'NONE', *, *, #4731, .F. ) ;
#7315 = CARTESIAN_POINT ( 'NONE',  ( 1.662041016787808356, 1.662041016787793035, -4.974999999999998757 ) ) ;
#7316 = EDGE_CURVE ( 'NONE', #2353, #6482, #4562, .T. ) ;
#7317 = CARTESIAN_POINT ( 'NONE',  ( -2.350480947161686984, 0.9736010864139154064, -11.53749999999999964 ) ) ;
#7318 = CARTESIAN_POINT ( 'NONE',  ( -3.673940397442080083E-16, -3.000000000000031530, -2.849999999999999645 ) ) ;
#7319 = CARTESIAN_POINT ( 'NONE',  ( -3.054126587736543996, 1.265060653844725103, -9.068749999999999645 ) ) ;
#7320 = CARTESIAN_POINT ( 'NONE',  ( -3.048904827653267535, 0.3826289599287819865, 10.74995943411647126 ) ) ;
#7321 = ORIENTED_EDGE ( 'NONE', *, *, #5063, .T. ) ;
#7322 = CIRCLE ( 'NONE', #2977, 3.183625345212382829 ) ;
#7323 = CARTESIAN_POINT ( 'NONE',  ( 1.662041016787808356, 1.662041016787791703, 5.025000000000002132 ) ) ;
#7324 = VECTOR ( 'NONE', #6096, 1000.000000000000000 ) ;
#7325 = CARTESIAN_POINT ( 'NONE',  ( -2.121320343559653931, -2.121320343559670363, 5.025000000000000355 ) ) ;
#7326 = CARTESIAN_POINT ( 'NONE',  ( -2.350480947161686984, -1.533869259351881297E-14, 1.400000000000001910 ) ) ;
#7327 = CARTESIAN_POINT ( 'NONE',  ( 1.265060653844741090, 3.054126587736527121, 8.681250000000000355 ) ) ;
#7328 = CARTESIAN_POINT ( 'NONE',  ( -2.121320343559653931, 2.121320343559638388, 6.774999999999999467 ) ) ;
#7329 = VECTOR ( 'NONE', #3097, 1000.000000000000000 ) ;
#7330 = CARTESIAN_POINT ( 'NONE',  ( -3.082321501483607840, -0.4205411099302180378, 11.11066944647294363 ) ) ;
#7331 = CARTESIAN_POINT ( 'NONE',  ( -2.350480947161686984, -1.362418707471251774E-14, -12.59999999999999787 ) ) ;
#7332 = VERTEX_POINT ( 'NONE', #5675 ) ;
#7333 = CARTESIAN_POINT ( 'NONE',  ( -0.9736010864139290621, 2.350480947161670997, 6.337500000000002132 ) ) ;
#7334 = CARTESIAN_POINT ( 'NONE',  ( -3.000000000000015987, -1.242640687119307419, 0.08750000000000016098 ) ) ;
#7335 = ADVANCED_FACE ( 'NONE', ( #2143 ), #6078, .T. ) ;
#7336 = CARTESIAN_POINT ( 'NONE',  ( 1.242640687119293874, 2.999999999999999556, -0.2875000000000001998 ) ) ;
#7337 = DIRECTION ( 'NONE',  ( 0.000000000000000000, 0.3420201433256693235, 0.9396926207859082059 ) ) ;
#7338 = DIRECTION ( 'NONE',  ( -0.000000000000000000, -1.224646799147353207E-16, 1.000000000000000000 ) ) ;
#7339 = CARTESIAN_POINT ( 'NONE',  ( -1.662041016787807912, 1.662041016787793035, -2.599999999999998312 ) ) ;
#7340 = CARTESIAN_POINT ( 'NONE',  ( -3.054126587736543996, -1.560559544547978464E-14, 3.931250000000000799 ) ) ;
#7341 = ORIENTED_EDGE ( 'NONE', *, *, #4929, .F. ) ;
#7342 = CARTESIAN_POINT ( 'NONE',  ( -1.242640687119292098, 3.000000000000002220, -4.287500000000000533 ) ) ;
#7343 = CARTESIAN_POINT ( 'NONE',  ( 0.4182474619457530185, -1.009738695057568192, 10.76374999999999815 ) ) ;
#7344 = CARTESIAN_POINT ( 'NONE',  ( -2.350480947161686984, -1.484883387385987237E-14, -2.599999999999998312 ) ) ;
#7345 = EDGE_LOOP ( 'NONE', ( #3994, #1105, #4491, #6610 ) ) ;
#7346 = CARTESIAN_POINT ( 'NONE',  ( -2.159593620790641655, 2.159593620790626112, 1.868749999999999689 ) ) ;
#7347 = CARTESIAN_POINT ( 'NONE',  ( -2.350480947161686984, -1.423651047428619348E-14, -7.599999999999997868 ) ) ;
#7348 = CARTESIAN_POINT ( 'NONE',  ( 1.662041016787808356, 1.662041016787792813, -3.974999999999998312 ) ) ;
#7349 = DIRECTION ( 'NONE',  ( -0.07992773943613229459, 0.07992773943613293297, -0.9935910189495773537 ) ) ;
#7350 = DIRECTION ( 'NONE',  ( 0.000000000000000000, -1.000000000000000000, 0.000000000000000000 ) ) ;
#7351 = VERTEX_POINT ( 'NONE', #1461 ) ;
#7352 = CARTESIAN_POINT ( 'NONE',  ( -2.350480947161686984, -0.9736010864139434950, -5.537499999999996980 ) ) ;
#7353 = CARTESIAN_POINT ( 'NONE',  ( 0.9736010864139306165, 2.350480947161673217, -11.78749999999999964 ) ) ;
#7354 = CARTESIAN_POINT ( 'NONE',  ( 0.000000000000000000, 3.000000000000002220, -8.349999999999999645 ) ) ;
#7355 = CARTESIAN_POINT ( 'NONE',  ( 2.121320343559654820, 2.121320343559637944, 5.649999999999999467 ) ) ;
#7356 = CARTESIAN_POINT ( 'NONE',  ( -1.757153736442290226, 2.150786144487064178, -11.97250861133308142 ) ) ;
#7357 = EDGE_LOOP ( 'NONE', ( #1821, #6438, #5576, #844 ) ) ;
#7358 = CARTESIAN_POINT ( 'NONE',  ( -1.662041016787808134, -1.662041016787823455, 2.525000000000001243 ) ) ;
#7359 = EDGE_CURVE ( 'NONE', #6011, #4371, #2675, .T. ) ;
#7360 = LINE ( 'NONE', #4499, #6131 ) ;
#7361 = B_SPLINE_CURVE_WITH_KNOTS ( 'NONE', 3,
 ( #6739, #1138, #1662, #6847, #6286, #1239, #2374, #679, #7057, #6425, #3483, #5759, #4658, #2987, #6918, #5298 ),
 .UNSPECIFIED., .F., .F.,
 ( 4, 3, 3, 3, 3, 4 ),
 ( 1.626303258728256651E-19, 2.947244309848666568E-05, 5.890462578490454442E-05, 8.894244717985925314E-05, 0.0001197152098233068428, 0.0001269103415979524151 ),
 .UNSPECIFIED. ) ;
#7362 = CARTESIAN_POINT ( 'NONE',  ( -1.662041016787808134, -1.662041016787823011, -0.4749999999999979794 ) ) ;
#7363 = CARTESIAN_POINT ( 'NONE',  ( -1.242640687119292098, 3.000000000000001776, -2.287499999999999201 ) ) ;
#7364 = CARTESIAN_POINT ( 'NONE',  ( 0.000000000000000000, 3.000000000000001332, -1.225000000000000089 ) ) ;
#7365 = PERSON_AND_ORGANIZATION ( #107, #6845 ) ;
#7366 = CARTESIAN_POINT ( 'NONE',  ( -2.350480947161686984, -0.9736010864139449383, 5.462500000000000355 ) ) ;
#7367 = CARTESIAN_POINT ( 'NONE',  ( -2.878508968398398972E-16, -2.350480947161701639, -6.349999999999997868 ) ) ;
#7368 = ORIENTED_EDGE ( 'NONE', *, *, #4895, .T. ) ;
#7369 = CARTESIAN_POINT ( 'NONE',  ( -2.350480947161686984, -1.596632407808182745E-14, 6.525000000000002132 ) ) ;
#7370 = CARTESIAN_POINT ( 'NONE',  ( -0.5462873287922441756, -2.076360577286920250, 12.30706480146733384 ) ) ;
#7371 = CARTESIAN_POINT ( 'NONE',  ( 1.242640687119293874, 3.000000000000000888, -4.287500000000000533 ) ) ;
#7372 = FACE_OUTER_BOUND ( 'NONE', #6759, .T. ) ;
#7373 = ADVANCED_FACE ( 'NONE', ( #3315 ), #5516, .T. ) ;
#7374 = CARTESIAN_POINT ( 'NONE',  ( 1.662041016787808356, 1.662041016787793923, -11.84999999999999787 ) ) ;
#7375 = ADVANCED_FACE ( 'NONE', ( #2671 ), #7277, .T. ) ;
#7376 = CARTESIAN_POINT ( 'NONE',  ( -2.350480947161686984, 0.9736010864139142962, -2.537499999999997868 ) ) ;
#7377 = SPHERICAL_SURFACE ( 'NONE', #558, 9.716409625934264938 ) ;
#7378 = ORIENTED_EDGE ( 'NONE', *, *, #1174, .F. ) ;
#7379 = CARTESIAN_POINT ( 'NONE',  ( -2.077900505740188919, -1.134034241299206824, 12.31976156732215877 ) ) ;
#7380 = CARTESIAN_POINT ( 'NONE',  ( -2.878508968398398972E-16, -2.350480947161701639, -5.224999999999998757 ) ) ;
#7381 = CARTESIAN_POINT ( 'NONE',  ( -0.9736010864139290621, 2.350480947161671885, -3.787499999999998312 ) ) ;
#7382 = EDGE_LOOP ( 'NONE', ( #894, #6996, #7450, #2670 ) ) ;
#7383 = CARTESIAN_POINT ( 'NONE',  ( 2.350480947161686540, 0.9736010864139152954, -8.037499999999999645 ) ) ;
#7384 = DIRECTION ( 'NONE',  ( -0.000000000000000000, -0.000000000000000000, -1.000000000000000000 ) ) ;
#7385 = CARTESIAN_POINT ( 'NONE',  ( -1.662041016787808134, -1.662041016787822567, -4.474999999999997868 ) ) ;
#7386 = CARTESIAN_POINT ( 'NONE',  ( 3.000000000000015543, -1.242640687119308529, -5.537500000000000533 ) ) ;
#7387 = CARTESIAN_POINT ( 'NONE',  ( 0.000000000000000000, 3.000000000000001776, -6.225000000000000533 ) ) ;
#7388 = ORIENTED_EDGE ( 'NONE', *, *, #6452, .F. ) ;
#7389 = CARTESIAN_POINT ( 'NONE',  ( -2.350480947161686984, -0.9736010864139430510, -10.41249999999999787 ) ) ;
#7390 = CARTESIAN_POINT ( 'NONE',  ( 0.8043736673262463777, -2.265071414537091599, 5.856561065635662366 ) ) ;
#7391 = CARTESIAN_POINT ( 'NONE',  ( 0.000000000000000000, -1.734723475976807094E-15, 10.17913888994144145 ) ) ;
#7392 = CARTESIAN_POINT ( 'NONE',  ( 0.000000000000000000, -2.044870920353165796E-15, 12.34999999999999964 ) ) ;
#7393 = CARTESIAN_POINT ( 'NONE',  ( 1.662041016787807912, -1.662041016787824121, 4.775000000000001243 ) ) ;
#7394 = CARTESIAN_POINT ( 'NONE',  ( -1.662041016787808134, -1.662041016787822567, -3.349999999999998312 ) ) ;
#7395 = CARTESIAN_POINT ( 'NONE',  ( 2.350480947161686984, -1.560823268741165302E-14, -1.099999999999998535 ) ) ;
#7396 = DIRECTION ( 'NONE',  ( 1.224646799147353207E-16, 1.000000000000000000, 0.000000000000000000 ) ) ;
#7397 = DIRECTION ( 'NONE',  ( 0.000000000000000000, -0.9945218953682734009, -0.1045284632676529435 ) ) ;
#7398 = CARTESIAN_POINT ( 'NONE',  ( 1.662041016787807912, -1.662041016787824343, 5.775000000000000355 ) ) ;
#7399 = CARTESIAN_POINT ( 'NONE',  ( 0.9736010864139306165, 2.350480947161671885, -5.912499999999997868 ) ) ;
#7400 = ADVANCED_FACE ( 'NONE', ( #5133 ), #1715, .T. ) ;
#7401 = EDGE_LOOP ( 'NONE', ( #1132, #2658, #5501, #7149 ) ) ;
#7402 = CARTESIAN_POINT ( 'NONE',  ( 1.662041016787808356, 1.662041016787791703, 6.150000000000002132 ) ) ;
#7403 = DIRECTION ( 'NONE',  ( 1.000000000000000000, -7.993605777301128669E-15, 0.000000000000000000 ) ) ;
#7404 = CARTESIAN_POINT ( 'NONE',  ( 3.000000000000016431, -1.493152698232242428E-14, -7.599999999999999645 ) ) ;
#7405 = CARTESIAN_POINT ( 'NONE',  ( 3.054126587736543996, -1.265060653844756189, 0.4312499999999993561 ) ) ;
#7406 = CARTESIAN_POINT ( 'NONE',  ( -2.121320343559653931, 2.121320343559638832, 1.775000000000000577 ) ) ;
#7407 = CARTESIAN_POINT ( 'NONE',  ( 2.159593620790641655, -2.159593620790656754, -5.693749999999999645 ) ) ;
#7408 = EDGE_CURVE ( 'NONE', #1923, #2165, #2083, .T. ) ;
#7409 = CARTESIAN_POINT ( 'NONE',  ( 2.350480947161686540, 0.9736010864139147403, -4.912499999999998757 ) ) ;
#7410 = CARTESIAN_POINT ( 'NONE',  ( -2.159593620790641655, 2.159593620790626112, 1.806250000000000133 ) ) ;
#7411 = VERTEX_POINT ( 'NONE', #3995 ) ;
#7412 = CARTESIAN_POINT ( 'NONE',  ( 0.4595844455879043444, -3.039212498339710411, 11.48214197142945281 ) ) ;
#7413 = B_SPLINE_CURVE_WITH_KNOTS ( 'NONE', 3,
 ( #6784, #2136, #4565, #509, #6860, #2741, #1674, #474, #6296, #2851, #3882, #2814, #1112, #3423, #546, #1601 ),
 .UNSPECIFIED., .F., .F.,
 ( 4, 3, 3, 3, 3, 4 ),
 ( 0.000000000000000000, 3.104466861633419677E-05, 6.209498229182880175E-05, 9.301453609172727181E-05, 0.0001232671903671728826, 0.0001269606182456911234 ),
 .UNSPECIFIED. ) ;
#7414 = CARTESIAN_POINT ( 'NONE',  ( 2.350480947161686540, -0.9736010864139451604, -5.037499999999998757 ) ) ;
#7415 = CARTESIAN_POINT ( 'NONE',  ( 2.350480947161686984, -1.560823268741165302E-14, -1.099999999999998535 ) ) ;
#7416 = ORIENTED_EDGE ( 'NONE', *, *, #449, .T. ) ;
#7417 = CARTESIAN_POINT ( 'NONE',  ( 0.000000000000000000, 2.350480947161672773, -8.849999999999997868 ) ) ;
#7418 = CARTESIAN_POINT ( 'NONE',  ( 2.562009776487129908, 0.9311979017709052231, 6.741815331019825663 ) ) ;
#7419 = CARTESIAN_POINT ( 'NONE',  ( 0.9736010864139287291, -2.350480947161702527, 1.837500000000001465 ) ) ;
#7420 = CARTESIAN_POINT ( 'NONE',  ( 0.000000000000000000, 3.000000000000002220, -9.350000000000001421 ) ) ;
#7421 = CARTESIAN_POINT ( 'NONE',  ( -2.878508968398398972E-16, -2.350480947161702527, 1.775000000000001465 ) ) ;
#7422 = EDGE_LOOP ( 'NONE', ( #3457, #1333, #2773, #6682 ) ) ;
#7423 = AXIS2_PLACEMENT_3D ( 'NONE', #4054, #6430, #1285 ) ;
#7424 = CARTESIAN_POINT ( 'NONE',  ( -1.268377170583096625, 2.504773271668740975, 6.964639112226197248 ) ) ;
#7425 = B_SPLINE_CURVE_WITH_KNOTS ( 'NONE', 3,
 ( #3998, #1084, #6903, #3395, #1120, #3430, #4035, #6340, #3470, #5784, #595, #5214, #4456, #2750, #5959, #628 ),
 .UNSPECIFIED., .F., .F.,
 ( 4, 3, 3, 3, 3, 4 ),
 ( 0.000000000000000000, 2.927463342875414199E-05, 5.856015463983778161E-05, 8.769713700750436517E-05, 0.0001167907796613687352, 0.0001273437867678681439 ),
 .UNSPECIFIED. ) ;
#7426 = CARTESIAN_POINT ( 'NONE',  ( 2.350480947161686540, -0.9736010864139444942, -10.03749999999999787 ) ) ;
#7427 = CARTESIAN_POINT ( 'NONE',  ( 1.524737089539853763, -1.890339685945851222, 5.925694834834696501 ) ) ;
#7428 = CARTESIAN_POINT ( 'NONE',  ( -0.4836871998410844364, -3.115673129889716897, 11.82420210555577533 ) ) ;
#7429 = CARTESIAN_POINT ( 'NONE',  ( 0.000000000000000000, 2.350480947161673217, -11.72499999999999964 ) ) ;
#7430 = CIRCLE ( 'NONE', #4175, 9.713516018797381690 ) ;
#7431 = CARTESIAN_POINT ( 'NONE',  ( -2.878508968398398972E-16, -2.350480947161702083, -3.224999999999998312 ) ) ;
#7432 = CARTESIAN_POINT ( 'NONE',  ( 0.4970064592694000138, 3.071965366029782096, 11.83818864820600325 ) ) ;
#7433 = DIRECTION ( 'NONE',  ( -0.000000000000000000, -1.224646799147353207E-16, 1.000000000000000000 ) ) ;
#7434 = CARTESIAN_POINT ( 'NONE',  ( 0.000000000000000000, -2.044870920353165796E-15, 12.34999999999999964 ) ) ;
#7435 = COORDINATED_UNIVERSAL_TIME_OFFSET ( 6, 0, .BEHIND. ) ;
#7436 = CARTESIAN_POINT ( 'NONE',  ( -2.350480947161686984, -0.9736010864139451604, 7.462500000000001243 ) ) ;
#7437 = CARTESIAN_POINT ( 'NONE',  ( -2.350480947161686984, -1.448143983411566693E-14, -5.599999999999997868 ) ) ;
#7438 =( BOUNDED_SURFACE ( )  B_SPLINE_SURFACE ( 3, 2, ( 
 ( #2607, #6657, #4816 ),
 ( #270, #1475, #3788 ),
 ( #2650, #1399, #2534 ),
 ( #4969, #7104, #1924 ) ),
 .UNSPECIFIED., .F., .F., .F. ) 
 B_SPLINE_SURFACE_WITH_KNOTS ( ( 4, 4 ),
 ( 3, 3 ),
 ( 0.002048936869926266773, 0.003146975347669630271 ),
 ( 0.000000000000000000, 1.000000000000000000 ),
 .UNSPECIFIED. ) 
 GEOMETRIC_REPRESENTATION_ITEM ( )  RATIONAL_B_SPLINE_SURFACE ( (
 ( 1.000000000000000000, 0.7556328946028629812, 1.000000000000000000),
 ( 1.000000000000000000, 0.7521437361520130205, 1.000000000000000000),
 ( 1.000000000000000000, 0.7485026146018758375, 1.000000000000000000),
 ( 1.000000000000000000, 0.7446872030721579661, 1.000000000000000000) ) ) 
 REPRESENTATION_ITEM ( '' )  SURFACE ( )  );
#7439 = ORIENTED_EDGE ( 'NONE', *, *, #4012, .F. ) ;
#7440 = CARTESIAN_POINT ( 'NONE',  ( -3.000000000000015987, -1.242640687119306309, -6.912499999999999645 ) ) ;
#7441 = CARTESIAN_POINT ( 'NONE',  ( 0.000000000000000000, -2.044870920353165796E-15, 12.34999999999999964 ) ) ;
#7442 = ADVANCED_FACE ( 'NONE', ( #1190 ), #1788, .T. ) ;
#7443 = CARTESIAN_POINT ( 'NONE',  ( 0.000000000000000000, 3.000000000000001332, -3.225000000000000089 ) ) ;
#7444 = AXIS2_PLACEMENT_3D ( 'NONE', #6718, #1535, #1081 ) ;
#7445 = CARTESIAN_POINT ( 'NONE',  ( -3.740226349862386965E-16, -3.054126587736559983, 0.2437500000000000500 ) ) ;
#7446 = CARTESIAN_POINT ( 'NONE',  ( -1.242640687119292542, -3.000000000000032419, 2.087500000000000799 ) ) ;
#7447 = CARTESIAN_POINT ( 'NONE',  ( 1.265060653844738425, -3.054126587736560428, -5.756249999999999645 ) ) ;
#7448 = CARTESIAN_POINT ( 'NONE',  ( -1.662041016787808134, -1.662041016787822567, -3.349999999999998312 ) ) ;
#7449 = DIRECTION ( 'NONE',  ( 0.000000000000000000, 1.000000000000000000, 1.339015806322086631E-16 ) ) ;
#7450 = ORIENTED_EDGE ( 'NONE', *, *, #3756, .F. ) ;
#7451 = CARTESIAN_POINT ( 'NONE',  ( 2.487532754836420334, -1.644176346286842172, 7.445115510772184031 ) ) ;
#7452 = CC_DESIGN_APPROVAL ( #6108, ( #3232 ) ) ;
#7453 = CARTESIAN_POINT ( 'NONE',  ( -2.350480947161686984, 0.9736010864139147403, -6.537499999999999645 ) ) ;
#7454 = ADVANCED_FACE ( 'NONE', ( #3468 ), #598, .T. ) ;
#7455 = CARTESIAN_POINT ( 'NONE',  ( 0.3840784068098204163, 2.971464112645127997, 10.76374999999999815 ) ) ;
#7456 = CARTESIAN_POINT ( 'NONE',  ( 1.662041016787807912, -1.662041016787823011, -3.224999999999998312 ) ) ;
#7457 = ORIENTED_EDGE ( 'NONE', *, *, #3667, .T. ) ;
#7458 = CARTESIAN_POINT ( 'NONE',  ( 1.662041016787807912, -1.662041016787822567, -7.224999999999998757 ) ) ;
#7459 = CARTESIAN_POINT ( 'NONE',  ( 0.000000000000000000, 1.734723475976807094E-15, 11.81363098836964909 ) ) ;
#7460 = CARTESIAN_POINT ( 'NONE',  ( -2.350480947161686984, -0.9736010864139434950, -5.537499999999997868 ) ) ;
#7461 = CARTESIAN_POINT ( 'NONE',  ( 0.3759569741867268000, 3.009538747578938356, 10.76374999999999815 ) ) ;
#7462 = CARTESIAN_POINT ( 'NONE',  ( 2.121320343559653931, -2.121320343559669475, -6.599999999999999645 ) ) ;
#7463 = ORIENTED_EDGE ( 'NONE', *, *, #1620, .F. ) ;
#7464 = CARTESIAN_POINT ( 'NONE',  ( 1.265060653844741090, 3.054126587736529341, -11.38124999999999964 ) ) ;
#7465 = FACE_OUTER_BOUND ( 'NONE', #2169, .T. ) ;
#7466 = CARTESIAN_POINT ( 'NONE',  ( 1.109705759982065443, -2.143721436264954150, 5.884812860594458961 ) ) ;
#7467 = CARTESIAN_POINT ( 'NONE',  ( 2.121320343559653931, -2.121320343559670363, 2.274999999999999911 ) ) ;
#7468 = ADVANCED_FACE ( 'NONE', ( #3747 ), #2984, .T. ) ;
#7469 = DIRECTION ( 'NONE',  ( -0.000000000000000000, -1.224646799147353207E-16, 1.000000000000000000 ) ) ;
#7470 = CARTESIAN_POINT ( 'NONE',  ( -2.878508968398398972E-16, -2.350480947161700751, -12.22499999999999787 ) ) ;
ENDSEC;
END-ISO-10303-21;
