# Created by FreeCAD <http://www.freecad.org>
v 0.779283 -2.269139 -12.325755
v 0.218641 -2.364915 -12.350000
v 0.762317 -2.249333 -12.350000
v 1.264240 -2.010553 -12.350000
v 1.302938 -2.043678 -12.301337
v 1.718623 -1.738592 -12.280279
v 1.696919 -1.661653 -12.350000
v 2.030882 -1.394046 -12.261573
v 2.036657 -1.221743 -12.350000
v 2.273426 -0.997226 -12.242247
v 2.264844 -0.714916 -12.350000
v 2.437662 -0.563430 -12.223042
v 2.368984 -0.168933 -12.350000
v 2.518338 -0.104727 -12.204504
v 2.343373 0.386303 -12.350000
v 2.512916 0.358792 -12.186562
v 2.423539 0.815652 -12.167898
v 2.189412 0.920380 -12.350000
v 2.253695 1.247185 -12.149208
v 1.915535 1.404048 -12.350000
v 2.008117 1.642076 -12.130985
v 1.536743 1.810814 -12.350000
v 1.695783 1.985895 -12.113597
v 1.327703 2.269574 -12.095714
v 1.073781 2.118400 -12.350000
v 0.915210 2.484282 -12.077498
v 0.552008 2.309959 -12.350000
v 0.473102 2.623081 -12.059596
v 0.238282 2.663652 -12.050669
v 0.000000 2.375000 -12.350000
v -0.000000 2.683013 -12.041987
v -0.546916 2.647281 -12.021813
v -0.533119 2.314392 -12.350000
v -1.077959 2.501744 -12.000899
v -1.039029 2.135660 -12.350000
v -1.613963 2.222003 -11.978326
v -1.491908 1.847927 -12.350000
v -2.038438 1.870234 -11.958591
v -1.868642 1.465879 -12.350000
v -2.242290 1.638862 -11.947574
v -2.419476 1.386720 -11.936308
v -2.150004 1.009014 -12.350000
v -2.665354 0.887528 -11.915745
v -2.321632 0.500651 -12.350000
v -2.816353 0.291846 -11.893585
v -2.374767 -0.033265 -12.350000
v -2.833832 -0.328519 -11.872214
v -2.306698 -0.565484 -12.350000
v -2.791903 -0.637695 -11.861198
v -2.716446 -0.941432 -11.849984
v -2.120897 -1.068840 -12.350000
v -2.499019 -1.462008 -11.829766
v -1.826850 -1.517645 -12.350000
v -2.183616 -1.930605 -11.810235
v -1.640402 -1.784413 -12.301191
v -1.734638 -2.368594 -11.789176
v -1.420913 -2.023012 -12.252815
v -0.998408 -2.349518 -12.172154
v -1.251957 -2.677482 -11.769249
v -0.720751 -2.886880 -11.749353
v -0.518095 -2.579537 -12.093948
v -0.364605 -2.965558 -11.736972
v 0.000000 -2.704247 -12.020753
v -0.000000 -3.000000 -11.725000
v 0.585271 -2.942356 -11.725000
v 0.467698 -2.963319 -11.700712
v 0.932392 -2.851429 -11.675009
v 1.148050 -2.771639 -11.725000
v 1.460872 -2.620277 -11.643613
v 1.666711 -2.494409 -11.725000
v 1.939524 -2.288722 -11.612631
v 2.121320 -2.121320 -11.725000
v 2.375855 -1.831751 -11.580133
v 2.492477 -1.669598 -11.694548
v 2.708155 -1.290696 -11.545997
v 2.773381 -1.143834 -11.662251
v 2.905285 -0.747875 -11.514588
v 2.952300 -0.532846 -11.627794
v 2.995074 -0.171843 -11.483746
v 2.998477 0.095596 -11.595160
v 2.964826 0.458049 -11.451229
v 2.923205 0.674442 -11.564478
v 2.801717 1.072559 -11.416924
v 2.739527 1.222699 -11.533076
v 2.543921 1.590115 -11.385522
v 2.420338 1.772558 -11.498771
v 2.187840 2.052647 -11.354840
v 1.996326 2.239349 -11.466254
v 1.710812 2.464370 -11.322206
v 1.525520 2.583174 -11.435411
v 1.152264 2.769890 -11.287748
v 1.002295 2.827615 -11.404003
v 0.581864 2.943032 -11.255452
v 0.503694 2.957413 -11.376221
v 0.000000 3.000000 -11.225000
v 0.000000 3.000000 -11.350000
v 0.467698 -2.963319 -10.700712
v -0.000000 -3.000000 -10.850000
v 0.581864 -2.943032 -10.819548
v -0.000000 -3.000000 -10.725000
v 0.932392 -2.851429 -10.675009
v 1.152264 -2.769890 -10.787251
v 1.460872 -2.620277 -10.643613
v 1.710812 -2.464370 -10.752794
v 1.939524 -2.288722 -10.612631
v 2.187840 -2.052647 -10.720160
v 2.375855 -1.831751 -10.580133
v 2.543921 -1.590115 -10.689478
v 2.708155 -1.290696 -10.545997
v 2.801717 -1.072559 -10.658076
v 2.905285 -0.747875 -10.514588
v 2.964826 -0.458049 -10.623771
v 2.995074 -0.171843 -10.483746
v 2.995074 0.171843 -10.591254
v 2.964826 0.458049 -10.451229
v 2.905285 0.747875 -10.560411
v 2.801717 1.072559 -10.416924
v 2.708155 1.290696 -10.529003
v 2.543921 1.590115 -10.385522
v 2.375855 1.831751 -10.494867
v 2.187840 2.052647 -10.354840
v 1.939524 2.288722 -10.462369
v 1.710812 2.464370 -10.322206
v 1.460872 2.620277 -10.431387
v 1.152264 2.769890 -10.287748
v 0.932392 2.851429 -10.399991
v 0.581864 2.943032 -10.255452
v 0.467698 2.963319 -10.374288
v 0.000000 3.000000 -10.225000
v 0.000000 3.000000 -10.350000
v 0.467698 -2.963319 -9.700712
v -0.000000 -3.000000 -9.850000
v 0.581864 -2.943032 -9.819548
v -0.000000 -3.000000 -9.725000
v 0.932392 -2.851429 -9.675009
v 1.152264 -2.769890 -9.787251
v 1.460872 -2.620277 -9.643613
v 1.710812 -2.464370 -9.752794
v 1.939524 -2.288722 -9.612631
v 2.187840 -2.052647 -9.720160
v 2.375855 -1.831751 -9.580133
v 2.543921 -1.590115 -9.689478
v 2.708155 -1.290696 -9.545997
v 2.801717 -1.072559 -9.658076
v 2.905285 -0.747875 -9.514588
v 2.964826 -0.458049 -9.623771
v 2.995074 -0.171843 -9.483746
v 2.995074 0.171843 -9.591254
v 2.964826 0.458049 -9.451229
v 2.905285 0.747875 -9.560411
v 2.801717 1.072559 -9.416924
v 2.708155 1.290696 -9.529003
v 2.543921 1.590115 -9.385522
v 2.375855 1.831751 -9.494867
v 2.187840 2.052647 -9.354840
v 1.939524 2.288722 -9.462369
v 1.710812 2.464370 -9.322206
v 1.460872 2.620277 -9.431387
v 1.152264 2.769890 -9.287748
v 0.932392 2.851429 -9.399991
v 0.581864 2.943032 -9.255452
v 0.467698 2.963319 -9.374288
v 0.000000 3.000000 -9.225000
v 0.000000 3.000000 -9.350000
v 0.467698 -2.963319 -8.700712
v -0.000000 -3.000000 -8.850000
v 0.581864 -2.943032 -8.819548
v -0.000000 -3.000000 -8.725000
v 0.932392 -2.851429 -8.675009
v 1.152264 -2.769890 -8.787251
v 1.460872 -2.620277 -8.643613
v 1.710812 -2.464370 -8.752794
v 1.939524 -2.288722 -8.612631
v 2.187840 -2.052647 -8.720160
v 2.375855 -1.831751 -8.580133
v 2.543921 -1.590115 -8.689478
v 2.708155 -1.290696 -8.545997
v 2.801717 -1.072559 -8.658076
v 2.905285 -0.747875 -8.514588
v 2.964826 -0.458049 -8.623771
v 2.995074 -0.171843 -8.483746
v 2.995074 0.171843 -8.591254
v 2.964826 0.458049 -8.451229
v 2.905285 0.747875 -8.560411
v 2.801717 1.072559 -8.416924
v 2.708155 1.290696 -8.529003
v 2.543921 1.590115 -8.385522
v 2.375855 1.831751 -8.494867
v 2.187840 2.052647 -8.354840
v 1.939524 2.288722 -8.462369
v 1.710812 2.464370 -8.322206
v 1.460872 2.620277 -8.431387
v 1.152264 2.769890 -8.287748
v 0.932392 2.851429 -8.399991
v 0.581864 2.943032 -8.255452
v 0.467698 2.963319 -8.374288
v 0.000000 3.000000 -8.225000
v 0.000000 3.000000 -8.350000
v 0.467698 -2.963319 -7.700712
v -0.000000 -3.000000 -7.850000
v 0.581864 -2.943032 -7.819548
v -0.000000 -3.000000 -7.725000
v 0.932392 -2.851429 -7.675009
v 1.152264 -2.769890 -7.787251
v 1.460872 -2.620277 -7.643613
v 1.710812 -2.464370 -7.752794
v 1.939524 -2.288722 -7.612631
v 2.187840 -2.052647 -7.720160
v 2.375855 -1.831751 -7.580133
v 2.543921 -1.590115 -7.689478
v 2.708155 -1.290696 -7.545997
v 2.801717 -1.072559 -7.658076
v 2.905285 -0.747875 -7.514588
v 2.964826 -0.458049 -7.623771
v 2.995074 -0.171843 -7.483746
v 2.995074 0.171843 -7.591254
v 2.964826 0.458049 -7.451229
v 2.905285 0.747875 -7.560411
v 2.801717 1.072559 -7.416924
v 2.708155 1.290696 -7.529003
v 2.543921 1.590115 -7.385522
v 2.375855 1.831751 -7.494867
v 2.187840 2.052647 -7.354840
v 1.939524 2.288722 -7.462369
v 1.710812 2.464370 -7.322206
v 1.460872 2.620277 -7.431387
v 1.152264 2.769890 -7.287748
v 0.932392 2.851429 -7.399991
v 0.581864 2.943032 -7.255452
v 0.467698 2.963319 -7.374288
v 0.000000 3.000000 -7.225000
v 0.000000 3.000000 -7.350000
v 0.467698 -2.963319 -6.700712
v -0.000000 -3.000000 -6.850000
v 0.581864 -2.943032 -6.819548
v -0.000000 -3.000000 -6.725000
v 0.932392 -2.851429 -6.675009
v 1.152264 -2.769890 -6.787251
v 1.460872 -2.620277 -6.643613
v 1.710812 -2.464370 -6.752794
v 1.939524 -2.288722 -6.612631
v 2.187840 -2.052647 -6.720160
v 2.375855 -1.831751 -6.580133
v 2.543921 -1.590115 -6.689478
v 2.708155 -1.290696 -6.545997
v 2.801717 -1.072559 -6.658076
v 2.905285 -0.747875 -6.514588
v 2.964826 -0.458049 -6.623771
v 2.995074 -0.171843 -6.483746
v 2.995074 0.171843 -6.591254
v 2.964826 0.458049 -6.451229
v 2.905285 0.747875 -6.560411
v 2.801717 1.072559 -6.416924
v 2.708155 1.290696 -6.529003
v 2.543921 1.590115 -6.385522
v 2.375855 1.831751 -6.494867
v 2.187840 2.052647 -6.354840
v 1.939524 2.288722 -6.462369
v 1.710812 2.464370 -6.322206
v 1.460872 2.620277 -6.431387
v 1.152264 2.769890 -6.287748
v 0.932392 2.851429 -6.399991
v 0.581864 2.943032 -6.255452
v 0.467698 2.963319 -6.374288
v 0.000000 3.000000 -6.225000
v 0.000000 3.000000 -6.350000
v 0.467698 -2.963319 -5.700712
v -0.000000 -3.000000 -5.850000
v 0.581864 -2.943032 -5.819548
v -0.000000 -3.000000 -5.725000
v 0.932392 -2.851429 -5.675009
v 1.152264 -2.769890 -5.787251
v 1.460872 -2.620277 -5.643613
v 1.710812 -2.464370 -5.752794
v 1.939524 -2.288722 -5.612631
v 2.187840 -2.052647 -5.720160
v 2.375855 -1.831751 -5.580133
v 2.543921 -1.590115 -5.689478
v 2.708155 -1.290696 -5.545997
v 2.801717 -1.072559 -5.658076
v 2.905285 -0.747875 -5.514588
v 2.964826 -0.458049 -5.623771
v 2.995074 -0.171843 -5.483746
v 2.995074 0.171843 -5.591254
v 2.964826 0.458049 -5.451229
v 2.905285 0.747875 -5.560411
v 2.801717 1.072559 -5.416924
v 2.708155 1.290696 -5.529003
v 2.543921 1.590115 -5.385522
v 2.375855 1.831751 -5.494867
v 2.187840 2.052647 -5.354840
v 1.939524 2.288722 -5.462369
v 1.710812 2.464370 -5.322206
v 1.460872 2.620277 -5.431387
v 1.152264 2.769890 -5.287748
v 0.932392 2.851429 -5.399991
v 0.581864 2.943032 -5.255452
v 0.467698 2.963319 -5.374288
v 0.000000 3.000000 -5.225000
v 0.000000 3.000000 -5.350000
v 0.467698 -2.963319 -4.700712
v -0.000000 -3.000000 -4.850000
v 0.581864 -2.943032 -4.819548
v -0.000000 -3.000000 -4.725000
v 0.932392 -2.851429 -4.675009
v 1.152264 -2.769890 -4.787251
v 1.460872 -2.620277 -4.643613
v 1.710812 -2.464370 -4.752794
v 1.939524 -2.288722 -4.612631
v 2.187840 -2.052647 -4.720160
v 2.375855 -1.831751 -4.580133
v 2.543921 -1.590115 -4.689478
v 2.708155 -1.290696 -4.545997
v 2.801717 -1.072559 -4.658076
v 2.905285 -0.747875 -4.514588
v 2.964826 -0.458049 -4.623771
v 2.995074 -0.171843 -4.483746
v 2.995074 0.171843 -4.591254
v 2.964826 0.458049 -4.451229
v 2.905285 0.747875 -4.560411
v 2.801717 1.072559 -4.416924
v 2.708155 1.290696 -4.529003
v 2.543921 1.590115 -4.385522
v 2.375855 1.831751 -4.494867
v 2.187840 2.052647 -4.354840
v 1.939524 2.288722 -4.462369
v 1.710812 2.464370 -4.322206
v 1.460872 2.620277 -4.431387
v 1.152264 2.769890 -4.287748
v 0.932392 2.851429 -4.399991
v 0.581864 2.943032 -4.255452
v 0.467698 2.963319 -4.374288
v 0.000000 3.000000 -4.225000
v 0.000000 3.000000 -4.350000
v 0.467698 -2.963319 -3.700712
v -0.000000 -3.000000 -3.850000
v 0.581864 -2.943032 -3.819548
v -0.000000 -3.000000 -3.725000
v 0.932392 -2.851429 -3.675009
v 1.152264 -2.769890 -3.787252
v 1.460872 -2.620277 -3.643613
v 1.710812 -2.464370 -3.752794
v 1.939524 -2.288722 -3.612631
v 2.187840 -2.052647 -3.720160
v 2.375855 -1.831751 -3.580133
v 2.543921 -1.590115 -3.689478
v 2.708155 -1.290696 -3.545997
v 2.801717 -1.072559 -3.658077
v 2.905285 -0.747875 -3.514588
v 2.964826 -0.458049 -3.623771
v 2.995074 -0.171843 -3.483746
v 2.995074 0.171843 -3.591254
v 2.964826 0.458049 -3.451229
v 2.905285 0.747875 -3.560412
v 2.801717 1.072559 -3.416924
v 2.708155 1.290696 -3.529003
v 2.543921 1.590115 -3.385522
v 2.375855 1.831751 -3.494867
v 2.187840 2.052647 -3.354840
v 1.939524 2.288722 -3.462369
v 1.710812 2.464370 -3.322206
v 1.460872 2.620277 -3.431387
v 1.152264 2.769890 -3.287748
v 0.932392 2.851429 -3.399991
v 0.581864 2.943032 -3.255452
v 0.467698 2.963319 -3.374288
v 0.000000 3.000000 -3.225000
v 0.000000 3.000000 -3.350000
v 0.467698 -2.963319 -2.700712
v -0.000000 -3.000000 -2.850000
v 0.581864 -2.943032 -2.819548
v -0.000000 -3.000000 -2.725000
v 0.932392 -2.851429 -2.675009
v 1.152264 -2.769890 -2.787252
v 1.460872 -2.620277 -2.643613
v 1.710812 -2.464370 -2.752794
v 1.939524 -2.288722 -2.612631
v 2.187840 -2.052647 -2.720160
v 2.375855 -1.831751 -2.580133
v 2.543921 -1.590115 -2.689478
v 2.708155 -1.290696 -2.545997
v 2.801717 -1.072559 -2.658077
v 2.905285 -0.747875 -2.514588
v 2.964826 -0.458049 -2.623771
v 2.995074 -0.171843 -2.483746
v 2.995074 0.171843 -2.591254
v 2.964826 0.458049 -2.451229
v 2.905285 0.747875 -2.560412
v 2.801717 1.072559 -2.416924
v 2.708155 1.290696 -2.529003
v 2.543921 1.590115 -2.385522
v 2.375855 1.831751 -2.494867
v 2.187840 2.052647 -2.354840
v 1.939524 2.288722 -2.462369
v 1.710812 2.464370 -2.322206
v 1.460872 2.620277 -2.431387
v 1.152264 2.769890 -2.287748
v 0.932392 2.851429 -2.399991
v 0.581864 2.943032 -2.255452
v 0.467698 2.963319 -2.374288
v 0.000000 3.000000 -2.225000
v 0.000000 3.000000 -2.350000
v 0.467698 -2.963319 -1.700712
v -0.000000 -3.000000 -1.850000
v 0.581864 -2.943032 -1.819548
v -0.000000 -3.000000 -1.725000
v 0.932392 -2.851429 -1.675009
v 1.152264 -2.769890 -1.787252
v 1.460872 -2.620277 -1.643613
v 1.710812 -2.464370 -1.752794
v 1.939524 -2.288722 -1.612631
v 2.187840 -2.052647 -1.720160
v 2.375855 -1.831751 -1.580133
v 2.543921 -1.590115 -1.689478
v 2.708155 -1.290696 -1.545997
v 2.801717 -1.072559 -1.658077
v 2.905285 -0.747875 -1.514588
v 2.964826 -0.458049 -1.623771
v 2.995074 -0.171843 -1.483746
v 2.995074 0.171843 -1.591254
v 2.964826 0.458049 -1.451229
v 2.905285 0.747875 -1.560412
v 2.801717 1.072559 -1.416924
v 2.708155 1.290696 -1.529003
v 2.543921 1.590115 -1.385522
v 2.375855 1.831751 -1.494867
v 2.187840 2.052647 -1.354840
v 1.939524 2.288722 -1.462369
v 1.710812 2.464370 -1.322206
v 1.460872 2.620277 -1.431387
v 1.152264 2.769890 -1.287748
v 0.932392 2.851429 -1.399991
v 0.581864 2.943032 -1.255452
v 0.467698 2.963319 -1.374288
v 0.000000 3.000000 -1.225000
v 0.000000 3.000000 -1.350000
v 0.467698 -2.963319 -0.700712
v -0.000000 -3.000000 -0.850000
v 0.581864 -2.943032 -0.819548
v -0.000000 -3.000000 -0.725000
v 0.932392 -2.851429 -0.675009
v 1.152264 -2.769890 -0.787252
v 1.460872 -2.620277 -0.643613
v 1.710812 -2.464370 -0.752794
v 1.939524 -2.288722 -0.612631
v 2.187840 -2.052647 -0.720160
v 2.375855 -1.831751 -0.580133
v 2.543921 -1.590115 -0.689478
v 2.708155 -1.290696 -0.545997
v 2.801717 -1.072559 -0.658076
v 2.905285 -0.747875 -0.514588
v 2.964826 -0.458049 -0.623771
v 2.995074 -0.171843 -0.483746
v 2.995074 0.171843 -0.591254
v 2.964826 0.458049 -0.451229
v 2.905285 0.747875 -0.560412
v 2.801717 1.072559 -0.416924
v 2.708155 1.290696 -0.529003
v 2.543921 1.590115 -0.385522
v 2.375855 1.831751 -0.494867
v 2.187840 2.052647 -0.354840
v 1.939524 2.288722 -0.462369
v 1.710812 2.464370 -0.322206
v 1.460872 2.620277 -0.431387
v 1.152264 2.769890 -0.287748
v 0.932392 2.851429 -0.399991
v 0.581864 2.943032 -0.255452
v 0.467698 2.963319 -0.374288
v 0.000000 3.000000 -0.225000
v 0.000000 3.000000 -0.350000
v 0.467698 -2.963319 0.299288
v -0.000000 -3.000000 0.150000
v 0.581864 -2.943032 0.180452
v -0.000000 -3.000000 0.275000
v 0.932392 -2.851429 0.324991
v 1.152264 -2.769890 0.212748
v 1.460872 -2.620277 0.356387
v 1.710812 -2.464370 0.247206
v 1.939524 -2.288722 0.387369
v 2.187840 -2.052647 0.279840
v 2.375855 -1.831751 0.419867
v 2.543921 -1.590115 0.310522
v 2.708155 -1.290696 0.454003
v 2.801717 -1.072559 0.341924
v 2.905285 -0.747875 0.485412
v 2.964826 -0.458049 0.376229
v 2.995074 -0.171843 0.516254
v 2.995074 0.171843 0.408746
v 2.964826 0.458049 0.548771
v 2.905285 0.747875 0.439588
v 2.801717 1.072559 0.583076
v 2.708155 1.290696 0.470997
v 2.543921 1.590115 0.614478
v 2.375855 1.831751 0.505133
v 2.187840 2.052647 0.645160
v 1.939524 2.288722 0.537631
v 1.710812 2.464370 0.677794
v 1.460872 2.620277 0.568613
v 1.152264 2.769890 0.712252
v 0.932392 2.851429 0.600009
v 0.581864 2.943032 0.744548
v 0.467698 2.963319 0.625712
v 0.000000 3.000000 0.775000
v 0.000000 3.000000 0.650000
v 0.467698 -2.963319 1.299288
v -0.000000 -3.000000 1.150000
v 0.581864 -2.943032 1.180452
v -0.000000 -3.000000 1.275000
v 0.932392 -2.851429 1.324991
v 1.152264 -2.769890 1.212748
v 1.460872 -2.620277 1.356387
v 1.710812 -2.464370 1.247206
v 1.939524 -2.288722 1.387369
v 2.187840 -2.052647 1.279840
v 2.375855 -1.831751 1.419867
v 2.543921 -1.590115 1.310522
v 2.708155 -1.290696 1.454003
v 2.801717 -1.072559 1.341923
v 2.905285 -0.747875 1.485412
v 2.964826 -0.458049 1.376229
v 2.995074 -0.171843 1.516254
v 2.995074 0.171843 1.408746
v 2.964826 0.458049 1.548771
v 2.905285 0.747875 1.439588
v 2.801717 1.072559 1.583076
v 2.708155 1.290696 1.470997
v 2.543921 1.590115 1.614478
v 2.375855 1.831751 1.505133
v 2.187840 2.052647 1.645160
v 1.939524 2.288722 1.537631
v 1.710812 2.464370 1.677794
v 1.460872 2.620277 1.568613
v 1.152264 2.769890 1.712252
v 0.932392 2.851429 1.600009
v 0.581864 2.943032 1.744548
v 0.467698 2.963319 1.625712
v 0.000000 3.000000 1.775000
v 0.000000 3.000000 1.650000
v 0.467698 -2.963319 2.299288
v -0.000000 -3.000000 2.150000
v 0.581864 -2.943032 2.180452
v -0.000000 -3.000000 2.275000
v 0.932392 -2.851429 2.324991
v 1.152264 -2.769890 2.212748
v 1.460872 -2.620277 2.356387
v 1.710812 -2.464370 2.247206
v 1.939524 -2.288722 2.387369
v 2.187840 -2.052647 2.279840
v 2.375855 -1.831751 2.419867
v 2.543921 -1.590115 2.310522
v 2.708155 -1.290696 2.454003
v 2.801717 -1.072559 2.341923
v 2.905285 -0.747875 2.485412
v 2.964826 -0.458049 2.376229
v 2.995074 -0.171843 2.516254
v 2.995074 0.171843 2.408746
v 2.964826 0.458049 2.548771
v 2.905285 0.747875 2.439588
v 2.801717 1.072559 2.583076
v 2.708155 1.290696 2.470997
v 2.543921 1.590115 2.614478
v 2.375855 1.831751 2.505133
v 2.187840 2.052647 2.645160
v 1.939524 2.288722 2.537631
v 1.710812 2.464370 2.677794
v 1.460872 2.620277 2.568613
v 1.152264 2.769890 2.712252
v 0.932392 2.851429 2.600009
v 0.581864 2.943032 2.744548
v 0.467698 2.963319 2.625712
v 0.000000 3.000000 2.775000
v 0.000000 3.000000 2.650000
v 0.467698 -2.963319 3.299288
v -0.000000 -3.000000 3.150000
v 0.581864 -2.943032 3.180452
v -0.000000 -3.000000 3.275000
v 0.932392 -2.851429 3.324991
v 1.152264 -2.769890 3.212748
v 1.460872 -2.620277 3.356387
v 1.710812 -2.464370 3.247206
v 1.939524 -2.288722 3.387369
v 2.187840 -2.052647 3.279840
v 2.375855 -1.831751 3.419867
v 2.543921 -1.590115 3.310522
v 2.708155 -1.290696 3.454003
v 2.801717 -1.072559 3.341923
v 2.905285 -0.747875 3.485412
v 2.964826 -0.458049 3.376229
v 2.995074 -0.171843 3.516254
v 2.995074 0.171843 3.408746
v 2.964826 0.458049 3.548771
v 2.905285 0.747875 3.439588
v 2.801717 1.072559 3.583076
v 2.708155 1.290696 3.470997
v 2.543921 1.590115 3.614478
v 2.375855 1.831751 3.505133
v 2.187840 2.052647 3.645160
v 1.939524 2.288722 3.537631
v 1.710812 2.464370 3.677794
v 1.460872 2.620277 3.568613
v 1.152264 2.769890 3.712252
v 0.932392 2.851429 3.600009
v 0.581864 2.943032 3.744548
v 0.467698 2.963319 3.625712
v 0.000000 3.000000 3.775000
v 0.000000 3.000000 3.650000
v 0.467698 -2.963319 4.299288
v -0.000000 -3.000000 4.150000
v 0.581864 -2.943032 4.180452
v -0.000000 -3.000000 4.275000
v 0.932392 -2.851429 4.324991
v 1.152264 -2.769890 4.212749
v 1.460872 -2.620277 4.356387
v 1.710812 -2.464370 4.247206
v 1.939524 -2.288722 4.387369
v 2.187840 -2.052647 4.279840
v 2.375855 -1.831751 4.419867
v 2.543921 -1.590115 4.310522
v 2.708155 -1.290696 4.454003
v 2.801717 -1.072559 4.341924
v 2.905285 -0.747875 4.485412
v 2.964826 -0.458049 4.376229
v 2.995074 -0.171843 4.516254
v 2.995074 0.171843 4.408746
v 2.964826 0.458049 4.548771
v 2.905285 0.747875 4.439589
v 2.801717 1.072559 4.583076
v 2.708155 1.290696 4.470997
v 2.543921 1.590115 4.614478
v 2.375855 1.831751 4.505133
v 2.187840 2.052647 4.645160
v 1.939524 2.288722 4.537631
v 1.710812 2.464370 4.677794
v 1.460872 2.620277 4.568613
v 1.152264 2.769890 4.712252
v 0.932392 2.851429 4.600009
v 0.581864 2.943032 4.744548
v 0.467698 2.963319 4.625712
v 0.000000 3.000000 4.775000
v 0.000000 3.000000 4.650000
v 0.467698 -2.963319 5.299288
v -0.000000 -3.000000 5.150000
v 0.581864 -2.943032 5.180452
v -0.000000 -3.000000 5.275000
v 0.932392 -2.851429 5.324991
v 1.152264 -2.769890 5.212749
v 1.460872 -2.620277 5.356387
v 1.710812 -2.464370 5.247206
v 1.939524 -2.288722 5.387369
v 2.187840 -2.052647 5.279840
v 2.375855 -1.831751 5.419867
v 2.543921 -1.590115 5.310522
v 2.708155 -1.290696 5.454003
v 2.801717 -1.072559 5.341924
v 2.905285 -0.747875 5.485412
v 2.964826 -0.458049 5.376229
v 2.995074 -0.171843 5.516254
v 2.995074 0.171843 5.408746
v 2.964826 0.458049 5.548771
v 2.905285 0.747875 5.439589
v 2.801717 1.072559 5.583076
v 2.708155 1.290696 5.470997
v 2.543921 1.590115 5.614478
v 2.375855 1.831751 5.505133
v 2.187840 2.052647 5.645160
v 1.939524 2.288722 5.537631
v 1.710812 2.464370 5.677794
v 1.460872 2.620277 5.568613
v 1.152264 2.769890 5.712252
v 0.932392 2.851429 5.600009
v 0.581864 2.943032 5.744548
v 0.467698 2.963319 5.625712
v 0.000000 3.000000 5.775000
v 0.000000 3.000000 5.650000
v 0.467698 -2.963319 6.299288
v -0.000000 -3.000000 6.150000
v 0.581864 -2.943032 6.180452
v -0.000000 -3.000000 6.275000
v 0.932392 -2.851429 6.324991
v 1.152264 -2.769890 6.212749
v 1.460872 -2.620277 6.356387
v 1.710812 -2.464370 6.247206
v 1.939524 -2.288722 6.387369
v 2.187840 -2.052647 6.279840
v 2.375855 -1.831751 6.419867
v 2.543921 -1.590115 6.310522
v 2.708155 -1.290696 6.454003
v 2.801717 -1.072559 6.341924
v 2.905285 -0.747875 6.485412
v 2.964826 -0.458049 6.376229
v 2.995074 -0.171843 6.516254
v 2.995074 0.171843 6.408746
v 2.964826 0.458049 6.548771
v 2.905285 0.747875 6.439589
v 2.801717 1.072559 6.583076
v 2.708155 1.290696 6.470997
v 2.543921 1.590115 6.614478
v 2.375855 1.831751 6.505133
v 2.187840 2.052647 6.645160
v 1.939524 2.288722 6.537631
v 1.710812 2.464370 6.677794
v 1.460872 2.620277 6.568613
v 1.152264 2.769890 6.712252
v 0.932392 2.851429 6.600009
v 0.581864 2.943032 6.744548
v 0.467698 2.963319 6.625712
v 0.000000 3.000000 6.775000
v 0.000000 3.000000 6.650000
v -0.467698 2.963319 -11.200712
v -0.581864 2.943032 -11.319548
v -0.932392 2.851429 -11.175009
v -1.152264 2.769890 -11.287251
v -1.460872 2.620277 -11.143613
v -1.710812 2.464370 -11.252794
v -1.939524 2.288722 -11.112631
v -2.187840 2.052647 -11.220160
v -2.375855 1.831751 -11.080133
v -2.543921 1.590115 -11.189478
v -2.708155 1.290696 -11.045997
v -2.801717 1.072559 -11.158076
v -2.905285 0.747875 -11.014588
v -2.964826 0.458049 -11.123771
v -2.995074 0.171843 -10.983746
v -2.995074 -0.171843 -11.091254
v -2.964826 -0.458049 -10.951229
v -2.905285 -0.747875 -11.060411
v -2.801717 -1.072559 -10.916924
v -2.708155 -1.290696 -11.029003
v -2.543921 -1.590115 -10.885522
v -2.375855 -1.831751 -10.994867
v -2.187840 -2.052647 -10.854840
v -1.939524 -2.288722 -10.962369
v -1.710812 -2.464370 -10.822206
v -1.460872 -2.620277 -10.931387
v -1.152264 -2.769890 -10.787748
v -0.932392 -2.851429 -10.899991
v -0.581864 -2.943032 -10.755452
v -0.467698 -2.963319 -10.874288
v -0.467698 2.963319 -10.200712
v -0.581864 2.943032 -10.319548
v -0.932392 2.851429 -10.175009
v -1.152264 2.769890 -10.287251
v -1.460872 2.620277 -10.143613
v -1.710812 2.464370 -10.252794
v -1.939524 2.288722 -10.112631
v -2.187840 2.052647 -10.220160
v -2.375855 1.831751 -10.080133
v -2.543921 1.590115 -10.189478
v -2.708155 1.290696 -10.045997
v -2.801717 1.072559 -10.158076
v -2.905285 0.747875 -10.014588
v -2.964826 0.458049 -10.123771
v -2.995074 0.171843 -9.983746
v -2.995074 -0.171843 -10.091254
v -2.964826 -0.458049 -9.951229
v -2.905285 -0.747875 -10.060411
v -2.801717 -1.072559 -9.916924
v -2.708155 -1.290696 -10.029003
v -2.543921 -1.590115 -9.885522
v -2.375855 -1.831751 -9.994867
v -2.187840 -2.052647 -9.854840
v -1.939524 -2.288722 -9.962369
v -1.710812 -2.464370 -9.822206
v -1.460872 -2.620277 -9.931387
v -1.152264 -2.769890 -9.787748
v -0.932392 -2.851429 -9.899991
v -0.581864 -2.943032 -9.755452
v -0.467698 -2.963319 -9.874288
v -0.467698 2.963319 -9.200712
v -0.581864 2.943032 -9.319548
v -0.932392 2.851429 -9.175009
v -1.152264 2.769890 -9.287251
v -1.460872 2.620277 -9.143613
v -1.710812 2.464370 -9.252794
v -1.939524 2.288722 -9.112631
v -2.187840 2.052647 -9.220160
v -2.375855 1.831751 -9.080133
v -2.543921 1.590115 -9.189478
v -2.708155 1.290696 -9.045997
v -2.801717 1.072559 -9.158076
v -2.905285 0.747875 -9.014588
v -2.964826 0.458049 -9.123771
v -2.995074 0.171843 -8.983746
v -2.995074 -0.171843 -9.091254
v -2.964826 -0.458049 -8.951229
v -2.905285 -0.747875 -9.060411
v -2.801717 -1.072559 -8.916924
v -2.708155 -1.290696 -9.029003
v -2.543921 -1.590115 -8.885522
v -2.375855 -1.831751 -8.994867
v -2.187840 -2.052647 -8.854840
v -1.939524 -2.288722 -8.962369
v -1.710812 -2.464370 -8.822206
v -1.460872 -2.620277 -8.931387
v -1.152264 -2.769890 -8.787748
v -0.932392 -2.851429 -8.899991
v -0.581864 -2.943032 -8.755452
v -0.467698 -2.963319 -8.874288
v -0.467698 2.963319 -8.200712
v -0.581864 2.943032 -8.319548
v -0.932392 2.851429 -8.175009
v -1.152264 2.769890 -8.287251
v -1.460872 2.620277 -8.143613
v -1.710812 2.464370 -8.252794
v -1.939524 2.288722 -8.112631
v -2.187840 2.052647 -8.220160
v -2.375855 1.831751 -8.080133
v -2.543921 1.590115 -8.189478
v -2.708155 1.290696 -8.045997
v -2.801717 1.072559 -8.158076
v -2.905285 0.747875 -8.014588
v -2.964826 0.458049 -8.123771
v -2.995074 0.171843 -7.983746
v -2.995074 -0.171843 -8.091254
v -2.964826 -0.458049 -7.951229
v -2.905285 -0.747875 -8.060411
v -2.801717 -1.072559 -7.916924
v -2.708155 -1.290696 -8.029003
v -2.543921 -1.590115 -7.885522
v -2.375855 -1.831751 -7.994867
v -2.187840 -2.052647 -7.854840
v -1.939524 -2.288722 -7.962369
v -1.710812 -2.464370 -7.822206
v -1.460872 -2.620277 -7.931387
v -1.152264 -2.769890 -7.787748
v -0.932392 -2.851429 -7.899991
v -0.581864 -2.943032 -7.755452
v -0.467698 -2.963319 -7.874288
v -0.467698 2.963319 -7.200712
v -0.581864 2.943032 -7.319548
v -0.932392 2.851429 -7.175009
v -1.152264 2.769890 -7.287251
v -1.460872 2.620277 -7.143613
v -1.710812 2.464370 -7.252794
v -1.939524 2.288722 -7.112631
v -2.187840 2.052647 -7.220160
v -2.375855 1.831751 -7.080133
v -2.543921 1.590115 -7.189478
v -2.708155 1.290696 -7.045997
v -2.801717 1.072559 -7.158076
v -2.905285 0.747875 -7.014588
v -2.964826 0.458049 -7.123771
v -2.995074 0.171843 -6.983746
v -2.995074 -0.171843 -7.091254
v -2.964826 -0.458049 -6.951229
v -2.905285 -0.747875 -7.060411
v -2.801717 -1.072559 -6.916924
v -2.708155 -1.290696 -7.029003
v -2.543921 -1.590115 -6.885522
v -2.375855 -1.831751 -6.994867
v -2.187840 -2.052647 -6.854840
v -1.939524 -2.288722 -6.962369
v -1.710812 -2.464370 -6.822206
v -1.460872 -2.620277 -6.931387
v -1.152264 -2.769890 -6.787748
v -0.932392 -2.851429 -6.899991
v -0.581864 -2.943032 -6.755452
v -0.467698 -2.963319 -6.874288
v -0.467698 2.963319 -6.200712
v -0.581864 2.943032 -6.319548
v -0.932392 2.851429 -6.175009
v -1.152264 2.769890 -6.287251
v -1.460872 2.620277 -6.143613
v -1.710812 2.464370 -6.252794
v -1.939524 2.288722 -6.112631
v -2.187840 2.052647 -6.220160
v -2.375855 1.831751 -6.080133
v -2.543921 1.590115 -6.189478
v -2.708155 1.290696 -6.045997
v -2.801717 1.072559 -6.158076
v -2.905285 0.747875 -6.014588
v -2.964826 0.458049 -6.123771
v -2.995074 0.171843 -5.983746
v -2.995074 -0.171843 -6.091254
v -2.964826 -0.458049 -5.951229
v -2.905285 -0.747875 -6.060411
v -2.801717 -1.072559 -5.916924
v -2.708155 -1.290696 -6.029003
v -2.543921 -1.590115 -5.885522
v -2.375855 -1.831751 -5.994867
v -2.187840 -2.052647 -5.854840
v -1.939524 -2.288722 -5.962369
v -1.710812 -2.464370 -5.822206
v -1.460872 -2.620277 -5.931387
v -1.152264 -2.769890 -5.787748
v -0.932392 -2.851429 -5.899991
v -0.581864 -2.943032 -5.755452
v -0.467698 -2.963319 -5.874288
v -0.467698 2.963319 -5.200712
v -0.581864 2.943032 -5.319548
v -0.932392 2.851429 -5.175009
v -1.152264 2.769890 -5.287251
v -1.460872 2.620277 -5.143613
v -1.710812 2.464370 -5.252794
v -1.939524 2.288722 -5.112631
v -2.187840 2.052647 -5.220160
v -2.375855 1.831751 -5.080133
v -2.543921 1.590115 -5.189478
v -2.708155 1.290696 -5.045997
v -2.801717 1.072559 -5.158076
v -2.905285 0.747875 -5.014588
v -2.964826 0.458049 -5.123771
v -2.995074 0.171843 -4.983746
v -2.995074 -0.171843 -5.091254
v -2.964826 -0.458049 -4.951229
v -2.905285 -0.747875 -5.060411
v -2.801717 -1.072559 -4.916924
v -2.708155 -1.290696 -5.029003
v -2.543921 -1.590115 -4.885522
v -2.375855 -1.831751 -4.994867
v -2.187840 -2.052647 -4.854840
v -1.939524 -2.288722 -4.962369
v -1.710812 -2.464370 -4.822206
v -1.460872 -2.620277 -4.931387
v -1.152264 -2.769890 -4.787748
v -0.932392 -2.851429 -4.899991
v -0.581864 -2.943032 -4.755452
v -0.467698 -2.963319 -4.874288
v -0.467698 2.963319 -4.200712
v -0.581864 2.943032 -4.319548
v -0.932392 2.851429 -4.175009
v -1.152264 2.769890 -4.287251
v -1.460872 2.620277 -4.143613
v -1.710812 2.464370 -4.252794
v -1.939524 2.288722 -4.112631
v -2.187840 2.052647 -4.220160
v -2.375855 1.831751 -4.080133
v -2.543921 1.590115 -4.189478
v -2.708155 1.290696 -4.045997
v -2.801717 1.072559 -4.158076
v -2.905285 0.747875 -4.014588
v -2.964826 0.458049 -4.123771
v -2.995074 0.171843 -3.983746
v -2.995074 -0.171843 -4.091254
v -2.964826 -0.458049 -3.951229
v -2.905285 -0.747875 -4.060411
v -2.801717 -1.072559 -3.916924
v -2.708155 -1.290696 -4.029003
v -2.543921 -1.590115 -3.885522
v -2.375855 -1.831751 -3.994867
v -2.187840 -2.052647 -3.854840
v -1.939524 -2.288722 -3.962369
v -1.710812 -2.464370 -3.822206
v -1.460872 -2.620277 -3.931387
v -1.152264 -2.769890 -3.787748
v -0.932392 -2.851429 -3.899991
v -0.581864 -2.943032 -3.755452
v -0.467698 -2.963319 -3.874288
v -0.467698 2.963319 -3.200712
v -0.581864 2.943032 -3.319548
v -0.932392 2.851429 -3.175009
v -1.152264 2.769890 -3.287252
v -1.460872 2.620277 -3.143613
v -1.710812 2.464370 -3.252794
v -1.939524 2.288722 -3.112631
v -2.187840 2.052647 -3.220160
v -2.375855 1.831751 -3.080133
v -2.543921 1.590115 -3.189478
v -2.708155 1.290696 -3.045997
v -2.801717 1.072559 -3.158077
v -2.905285 0.747875 -3.014588
v -2.964826 0.458049 -3.123771
v -2.995074 0.171843 -2.983746
v -2.995074 -0.171843 -3.091254
v -2.964826 -0.458049 -2.951229
v -2.905285 -0.747875 -3.060412
v -2.801717 -1.072559 -2.916924
v -2.708155 -1.290696 -3.029003
v -2.543921 -1.590115 -2.885522
v -2.375855 -1.831751 -2.994867
v -2.187840 -2.052647 -2.854840
v -1.939524 -2.288722 -2.962369
v -1.710812 -2.464370 -2.822206
v -1.460872 -2.620277 -2.931387
v -1.152264 -2.769890 -2.787748
v -0.932392 -2.851429 -2.899991
v -0.581864 -2.943032 -2.755452
v -0.467698 -2.963319 -2.874288
v -0.467698 2.963319 -2.200712
v -0.581864 2.943032 -2.319548
v -0.932392 2.851429 -2.175009
v -1.152264 2.769890 -2.287252
v -1.460872 2.620277 -2.143613
v -1.710812 2.464370 -2.252794
v -1.939524 2.288722 -2.112631
v -2.187840 2.052647 -2.220160
v -2.375855 1.831751 -2.080133
v -2.543921 1.590115 -2.189478
v -2.708155 1.290696 -2.045997
v -2.801717 1.072559 -2.158077
v -2.905285 0.747875 -2.014588
v -2.964826 0.458049 -2.123771
v -2.995074 0.171843 -1.983746
v -2.995074 -0.171843 -2.091254
v -2.964826 -0.458049 -1.951229
v -2.905285 -0.747875 -2.060412
v -2.801717 -1.072559 -1.916924
v -2.708155 -1.290696 -2.029003
v -2.543921 -1.590115 -1.885522
v -2.375855 -1.831751 -1.994867
v -2.187840 -2.052647 -1.854840
v -1.939524 -2.288722 -1.962369
v -1.710812 -2.464370 -1.822206
v -1.460872 -2.620277 -1.931387
v -1.152264 -2.769890 -1.787748
v -0.932392 -2.851429 -1.899991
v -0.581864 -2.943032 -1.755452
v -0.467698 -2.963319 -1.874288
v -0.467698 2.963319 -1.200712
v -0.581864 2.943032 -1.319548
v -0.932392 2.851429 -1.175009
v -1.152264 2.769890 -1.287252
v -1.460872 2.620277 -1.143613
v -1.710812 2.464370 -1.252794
v -1.939524 2.288722 -1.112631
v -2.187840 2.052647 -1.220160
v -2.375855 1.831751 -1.080133
v -2.543921 1.590115 -1.189478
v -2.708155 1.290696 -1.045997
v -2.801717 1.072559 -1.158077
v -2.905285 0.747875 -1.014588
v -2.964826 0.458049 -1.123771
v -2.995074 0.171843 -0.983746
v -2.995074 -0.171843 -1.091254
v -2.964826 -0.458049 -0.951229
v -2.905285 -0.747875 -1.060412
v -2.801717 -1.072559 -0.916924
v -2.708155 -1.290696 -1.029003
v -2.543921 -1.590115 -0.885522
v -2.375855 -1.831751 -0.994867
v -2.187840 -2.052647 -0.854840
v -1.939524 -2.288722 -0.962369
v -1.710812 -2.464370 -0.822206
v -1.460872 -2.620277 -0.931387
v -1.152264 -2.769890 -0.787748
v -0.932392 -2.851429 -0.899991
v -0.581864 -2.943032 -0.755452
v -0.467698 -2.963319 -0.874288
v -0.467698 2.963319 -0.200712
v -0.581864 2.943032 -0.319548
v -0.932392 2.851429 -0.175009
v -1.152264 2.769890 -0.287252
v -1.460872 2.620277 -0.143613
v -1.710812 2.464370 -0.252794
v -1.939524 2.288722 -0.112631
v -2.187840 2.052647 -0.220160
v -2.375855 1.831751 -0.080133
v -2.543921 1.590115 -0.189478
v -2.708155 1.290696 -0.045997
v -2.801717 1.072559 -0.158076
v -2.905285 0.747875 -0.014588
v -2.964826 0.458049 -0.123771
v -2.995074 0.171843 0.016254
v -2.995074 -0.171843 -0.091254
v -2.964826 -0.458049 0.048771
v -2.905285 -0.747875 -0.060412
v -2.801717 -1.072559 0.083076
v -2.708155 -1.290696 -0.029003
v -2.543921 -1.590115 0.114478
v -2.375855 -1.831751 0.005133
v -2.187840 -2.052647 0.145160
v -1.939524 -2.288722 0.037631
v -1.710812 -2.464370 0.177794
v -1.460872 -2.620277 0.068613
v -1.152264 -2.769890 0.212252
v -0.932392 -2.851429 0.100009
v -0.581864 -2.943032 0.244548
v -0.467698 -2.963319 0.125712
v -0.467698 2.963319 0.799288
v -0.581864 2.943032 0.680452
v -0.932392 2.851429 0.824991
v -1.152264 2.769890 0.712748
v -1.460872 2.620277 0.856387
v -1.710812 2.464370 0.747206
v -1.939524 2.288722 0.887369
v -2.187840 2.052647 0.779840
v -2.375855 1.831751 0.919867
v -2.543921 1.590115 0.810522
v -2.708155 1.290696 0.954003
v -2.801717 1.072559 0.841924
v -2.905285 0.747875 0.985412
v -2.964826 0.458049 0.876229
v -2.995074 0.171843 1.016254
v -2.995074 -0.171843 0.908746
v -2.964826 -0.458049 1.048771
v -2.905285 -0.747875 0.939588
v -2.801717 -1.072559 1.083076
v -2.708155 -1.290696 0.970997
v -2.543921 -1.590115 1.114478
v -2.375855 -1.831751 1.005133
v -2.187840 -2.052647 1.145160
v -1.939524 -2.288722 1.037631
v -1.710812 -2.464370 1.177794
v -1.460872 -2.620277 1.068613
v -1.152264 -2.769890 1.212252
v -0.932392 -2.851429 1.100009
v -0.581864 -2.943032 1.244548
v -0.467698 -2.963319 1.125712
v -0.467698 2.963319 1.799288
v -0.581864 2.943032 1.680452
v -0.932392 2.851429 1.824991
v -1.152264 2.769890 1.712748
v -1.460872 2.620277 1.856387
v -1.710812 2.464370 1.747206
v -1.939524 2.288722 1.887369
v -2.187840 2.052647 1.779840
v -2.375855 1.831751 1.919867
v -2.543921 1.590115 1.810522
v -2.708155 1.290696 1.954003
v -2.801717 1.072559 1.841923
v -2.905285 0.747875 1.985412
v -2.964826 0.458049 1.876229
v -2.995074 0.171843 2.016254
v -2.995074 -0.171843 1.908746
v -2.964826 -0.458049 2.048771
v -2.905285 -0.747875 1.939588
v -2.801717 -1.072559 2.083076
v -2.708155 -1.290696 1.970997
v -2.543921 -1.590115 2.114478
v -2.375855 -1.831751 2.005133
v -2.187840 -2.052647 2.145160
v -1.939524 -2.288722 2.037631
v -1.710812 -2.464370 2.177794
v -1.460872 -2.620277 2.068613
v -1.152264 -2.769890 2.212252
v -0.932392 -2.851429 2.100009
v -0.581864 -2.943032 2.244548
v -0.467698 -2.963319 2.125712
v -0.467698 2.963319 2.799288
v -0.581864 2.943032 2.680452
v -0.932392 2.851429 2.824991
v -1.152264 2.769890 2.712748
v -1.460872 2.620277 2.856387
v -1.710812 2.464370 2.747206
v -1.939524 2.288722 2.887369
v -2.187840 2.052647 2.779840
v -2.375855 1.831751 2.919867
v -2.543921 1.590115 2.810522
v -2.708155 1.290696 2.954003
v -2.801717 1.072559 2.841923
v -2.905285 0.747875 2.985412
v -2.964826 0.458049 2.876229
v -2.995074 0.171843 3.016254
v -2.995074 -0.171843 2.908746
v -2.964826 -0.458049 3.048771
v -2.905285 -0.747875 2.939588
v -2.801717 -1.072559 3.083076
v -2.708155 -1.290696 2.970997
v -2.543921 -1.590115 3.114478
v -2.375855 -1.831751 3.005133
v -2.187840 -2.052647 3.145160
v -1.939524 -2.288722 3.037631
v -1.710812 -2.464370 3.177794
v -1.460872 -2.620277 3.068613
v -1.152264 -2.769890 3.212252
v -0.932392 -2.851429 3.100009
v -0.581864 -2.943032 3.244548
v -0.467698 -2.963319 3.125712
v -0.467698 2.963319 3.799288
v -0.581864 2.943032 3.680452
v -0.932392 2.851429 3.824991
v -1.152264 2.769890 3.712748
v -1.460872 2.620277 3.856387
v -1.710812 2.464370 3.747206
v -1.939524 2.288722 3.887369
v -2.187840 2.052647 3.779840
v -2.375855 1.831751 3.919867
v -2.543921 1.590115 3.810522
v -2.708155 1.290696 3.954003
v -2.801717 1.072559 3.841923
v -2.905285 0.747875 3.985412
v -2.964826 0.458049 3.876229
v -2.995074 0.171843 4.016254
v -2.995074 -0.171843 3.908746
v -2.964826 -0.458049 4.048771
v -2.905285 -0.747875 3.939588
v -2.801717 -1.072559 4.083076
v -2.708155 -1.290696 3.970997
v -2.543921 -1.590115 4.114478
v -2.375855 -1.831751 4.005133
v -2.187840 -2.052647 4.145160
v -1.939524 -2.288722 4.037631
v -1.710812 -2.464370 4.177794
v -1.460872 -2.620277 4.068613
v -1.152264 -2.769890 4.212252
v -0.932392 -2.851429 4.100009
v -0.581864 -2.943032 4.244548
v -0.467698 -2.963319 4.125712
v -0.467698 2.963319 4.799288
v -0.581864 2.943032 4.680452
v -0.932392 2.851429 4.824991
v -1.152264 2.769890 4.712749
v -1.460872 2.620277 4.856387
v -1.710812 2.464370 4.747206
v -1.939524 2.288722 4.887369
v -2.187840 2.052647 4.779840
v -2.375855 1.831751 4.919867
v -2.543921 1.590115 4.810522
v -2.708155 1.290696 4.954003
v -2.801717 1.072559 4.841924
v -2.905285 0.747875 4.985412
v -2.964826 0.458049 4.876229
v -2.995074 0.171843 5.016254
v -2.995074 -0.171843 4.908746
v -2.964826 -0.458049 5.048771
v -2.905285 -0.747875 4.939589
v -2.801717 -1.072559 5.083076
v -2.708155 -1.290696 4.970997
v -2.543921 -1.590115 5.114478
v -2.375855 -1.831751 5.005133
v -2.187840 -2.052647 5.145160
v -1.939524 -2.288722 5.037631
v -1.710812 -2.464370 5.177794
v -1.460872 -2.620277 5.068613
v -1.152264 -2.769890 5.212252
v -0.932392 -2.851429 5.100009
v -0.581864 -2.943032 5.244548
v -0.467698 -2.963319 5.125712
v -0.467698 2.963319 5.799288
v -0.581864 2.943032 5.680452
v -0.932392 2.851429 5.824991
v -1.152264 2.769890 5.712749
v -1.460872 2.620277 5.856387
v -1.710812 2.464370 5.747206
v -1.939524 2.288722 5.887369
v -2.187840 2.052647 5.779840
v -2.375855 1.831751 5.919867
v -2.543921 1.590115 5.810522
v -2.708155 1.290696 5.954003
v -2.801717 1.072559 5.841924
v -2.905285 0.747875 5.985412
v -2.964826 0.458049 5.876229
v -2.995074 0.171843 6.016254
v -2.995074 -0.171843 5.908746
v -2.964826 -0.458049 6.048771
v -2.905285 -0.747875 5.939589
v -2.801717 -1.072559 6.083076
v -2.708155 -1.290696 5.970997
v -2.543921 -1.590115 6.114478
v -2.375855 -1.831751 6.005133
v -2.187840 -2.052647 6.145160
v -1.939524 -2.288722 6.037631
v -1.710812 -2.464370 6.177794
v -1.460872 -2.620277 6.068613
v -1.152264 -2.769890 6.212252
v -0.932392 -2.851429 6.100009
v -0.581864 -2.943032 6.244548
v -0.467698 -2.963319 6.125712
v -0.467698 2.963319 6.799288
v -0.581864 2.943032 6.680452
v -0.932392 2.851429 6.824991
v -1.152264 2.769890 6.712749
v -1.460872 2.620277 6.856387
v -1.710812 2.464370 6.747206
v -1.939524 2.288722 6.887369
v -2.187840 2.052647 6.779840
v -2.375855 1.831751 6.919867
v -2.543921 1.590115 6.810522
v -2.708155 1.290696 6.954003
v -2.801717 1.072559 6.841924
v -2.905285 0.747875 6.985412
v -2.964826 0.458049 6.876229
v -2.995074 0.171843 7.016254
v -2.995074 -0.171843 6.908746
v -2.964826 -0.458049 7.048771
v -2.905285 -0.747875 6.939589
v -2.801717 -1.072559 7.083076
v -2.708155 -1.290696 6.970997
v -2.543921 -1.590115 7.114478
v -2.375855 -1.831751 7.005133
v -2.187840 -2.052647 7.145160
v -1.939524 -2.288722 7.037631
v -1.710812 -2.464370 7.177794
v -1.460872 -2.620277 7.068613
v -1.152264 -2.769890 7.212252
v -0.932392 -2.851429 7.100009
v -0.581864 -2.943032 7.244548
v -0.467698 -2.963319 7.125712
v -0.000000 -3.000000 7.275000
v -0.000000 -3.000000 7.150000
v 0.000000 -3.073278 10.763750
v -0.000000 -3.183625 11.813631
v 0.102061 -3.071583 10.763750
v 0.139985 -3.180546 11.813631
v 0.204009 -3.066500 10.763750
v 0.279698 -3.171315 11.813631
v 0.305733 -3.058033 10.763750
v 0.418871 -3.155950 11.813631
v 3.073278 0.000000 10.763750
v 3.183625 0.000000 11.813631
v 3.071583 0.102061 10.763750
v 3.180546 0.139985 11.813631
v 3.066500 0.204009 10.763750
v 3.171315 0.279698 11.813631
v 3.058033 0.305733 10.763750
v 3.155950 0.418871 11.813631
v 0.880146 -5.839388 10.305480
v 0.000000 -5.928000 10.235000
v 0.883523 -5.861789 10.235000
v 0.000000 -5.905346 10.305480
v 0.874300 -5.800602 10.368265
v 0.866341 -5.747795 10.419535
v -0.000000 -5.812718 10.419535
v 0.000000 -5.866122 10.368265
v 1.740631 -5.642988 10.305480
v 1.747309 -5.664636 10.235000
v 1.729070 -5.605507 10.368265
v 1.713329 -5.554475 10.419535
v 2.562234 -5.320533 10.305480
v 2.572063 -5.340943 10.235000
v 2.545215 -5.285193 10.368265
v 2.522044 -5.237078 10.419535
v 3.326600 -4.879226 10.305480
v 3.339361 -4.897943 10.235000
v 3.304504 -4.846818 10.368265
v 3.274420 -4.802693 10.419535
v 4.016655 -4.328925 10.305480
v 4.032064 -4.345531 10.235000
v 3.989977 -4.300172 10.368265
v 3.953652 -4.261024 10.419535
v 4.616985 -3.681923 10.305480
v 4.634697 -3.696048 10.235000
v 4.586319 -3.657468 10.368265
v 4.544566 -3.624170 10.419535
v 5.114180 -2.952673 10.305480
v 5.133799 -2.964000 10.235000
v 5.518219 -2.165742 10.235000
v 5.080211 -2.933061 10.368265
v 5.033961 -2.906359 10.419535
v 5.497131 -2.157465 10.305480
v 5.460619 -2.143135 10.368265
v 5.410906 -2.123624 10.419535
v 5.757287 -1.314063 10.305480
v 5.779373 -1.319104 10.235000
v 5.719047 -1.305335 10.368265
v 5.666981 -1.293451 10.419535
v 5.888834 -0.441307 10.305480
v 5.911424 -0.443000 10.235000
v 5.849720 -0.438376 10.368265
v 5.796464 -0.434385 10.419535
v 5.888834 0.441307 10.305480
v 5.911424 0.443000 10.235000
v 5.849720 0.438376 10.368265
v 5.796464 0.434385 10.419535
v 5.757287 1.314063 10.305480
v 5.779373 1.319104 10.235000
v 5.719047 1.305335 10.368265
v 5.666981 1.293451 10.419535
v 5.497131 2.157465 10.305480
v 5.518219 2.165742 10.235000
v 5.133799 2.964000 10.235000
v 5.460619 2.143135 10.368265
v 5.410906 2.123624 10.419535
v 5.033961 2.906359 10.419535
v 5.114180 2.952673 10.305480
v 5.080211 2.933061 10.368265
v 4.616985 3.681923 10.305480
v 4.634697 3.696048 10.235000
v 4.586319 3.657468 10.368265
v 4.544566 3.624170 10.419535
v 4.016655 4.328925 10.305480
v 4.032064 4.345531 10.235000
v 3.339361 4.897943 10.235000
v 3.989977 4.300172 10.368265
v 3.953652 4.261024 10.419535
v 3.274420 4.802693 10.419535
v 3.326600 4.879226 10.305480
v 3.304504 4.846818 10.368265
v 2.562234 5.320533 10.305480
v 2.572063 5.340943 10.235000
v 2.545215 5.285193 10.368265
v 2.522044 5.237078 10.419535
v 1.713329 5.554475 10.419535
v 1.740631 5.642988 10.305480
v 1.747309 5.664636 10.235000
v 1.729070 5.605507 10.368265
v 0.880146 5.839388 10.305480
v 0.883523 5.861789 10.235000
v 0.000000 5.928000 10.235000
v 0.000000 5.905346 10.305480
v 0.874300 5.800602 10.368265
v 0.000000 5.866122 10.368265
v 0.000000 5.812718 10.419535
v 0.866341 5.747795 10.419535
v -0.866341 -5.747795 10.419535
v -0.000000 -4.985604 10.973396
v -0.139985 -3.180546 11.813631
v -0.000000 -4.106163 11.439727
v -0.279698 -3.171315 11.813631
v -0.418871 -3.155950 11.813631
v -0.439415 -3.150732 11.814463
v 0.000000 4.106163 11.439727
v -0.139985 3.180546 11.813631
v 0.000000 3.183625 11.813631
v -0.439448 3.150716 11.814466
v -0.418871 3.155950 11.813631
v -0.279698 3.171315 11.813631
v -0.866341 5.747795 10.419535
v 0.000000 4.985604 10.973396
v -1.033183 -5.318852 10.699008
v -1.713329 -5.554475 10.419535
v -1.033183 -4.344439 11.263017
v -2.054650 -4.757393 10.852729
v -2.522044 -5.237078 10.419535
v -1.033183 -3.311028 11.709836
v -0.458088 -3.141015 11.816879
v -0.473903 -3.127425 11.820714
v -0.486040 -3.110744 11.825742
v -0.493856 -3.091954 11.831663
v -0.497006 -3.071965 11.838188
v -0.507834 -2.742076 11.941208
v -2.054650 -3.768909 11.350376
v -3.052820 -4.147951 10.872729
v -3.953652 -4.261024 10.419535
v -3.274420 -4.802693 10.419535
v -1.033183 -2.232653 12.033400
v -0.517427 -2.408707 12.032475
v -0.525772 -2.072280 12.111873
v -0.536657 -1.972002 12.132640
v -0.552176 -1.910974 12.144215
v -0.574424 -1.851217 12.154706
v -0.671024 -1.627478 12.189199
v -0.767332 -1.402753 12.217541
v -2.054650 -2.729243 11.729648
v -3.052820 -3.161279 11.299340
v -1.033183 -1.123958 12.229312
v -0.863288 -1.177185 12.239713
v -0.930795 -1.058662 12.247190
v -1.023133 -0.959036 12.248259
v -1.096289 -0.905314 12.245410
v -1.177185 -0.863288 12.239713
v -1.402753 -0.767332 12.217541
v -4.016374 -3.511250 10.754457
v -4.544566 -3.624170 10.419535
v -2.054650 -1.652514 11.985394
v -1.627478 -0.671024 12.189199
v -1.851217 -0.574424 12.154706
v -3.052820 -2.131676 11.608270
v -4.016374 -2.542660 11.107800
v -2.054650 -0.553343 12.114141
v -2.408707 -0.517427 12.032475
v -1.947438 -0.542059 12.137400
v -2.009227 -0.530567 12.125176
v -2.072280 -0.525772 12.111873
v -4.934386 -2.868552 10.496914
v -5.410906 -2.123624 10.419535
v -5.033961 -2.906359 10.419535
v -3.052820 -1.073125 11.795321
v -2.742076 -0.507834 11.941208
v -3.071965 -0.497006 11.838188
v -3.091920 -0.493867 11.831674
v -3.110707 -0.486054 11.825754
v -3.127383 -0.473944 11.820726
v -3.140997 -0.458117 11.816884
v -1.033183 1.123958 12.229312
v -1.402753 0.767332 12.217541
v -1.177185 0.863288 12.239713
v -1.058662 0.930795 12.247190
v -0.959036 1.023133 12.248259
v -0.905314 1.096289 12.245410
v -0.863288 1.177185 12.239713
v -0.767332 1.402753 12.217541
v -4.016374 -1.539540 11.346063
v -2.054650 0.553343 12.114141
v -2.408707 0.517427 12.032475
v -2.072280 0.525772 12.111873
v -1.972002 0.536657 12.132640
v -1.910974 0.552176 12.144215
v -1.851217 0.574424 12.154706
v -4.934386 -1.934288 10.777237
v -5.666981 -1.293451 10.419535
v -1.033183 2.232653 12.033400
v -0.671024 1.627478 12.189199
v -0.574424 1.851217 12.154706
v -0.542059 1.947438 12.137400
v -0.530567 2.009227 12.125176
v -0.525772 2.072280 12.111873
v -0.517427 2.408707 12.032475
v -0.507834 2.742076 11.941208
v -4.016374 -0.515514 11.466008
v -3.150716 -0.439448 11.814466
v -3.155950 -0.418871 11.813631
v -3.180546 -0.139985 11.813631
v -3.180546 0.139985 11.813631
v -2.054650 1.652514 11.985394
v -1.627478 0.671024 12.189199
v -4.934386 -0.973756 10.946968
v -5.796464 -0.434385 10.419535
v -3.052820 1.073125 11.795321
v -3.141015 0.458088 11.816879
v -3.127425 0.473903 11.820714
v -3.110744 0.486040 11.825742
v -3.091954 0.493856 11.831663
v -3.071965 0.497006 11.838188
v -2.742076 0.507834 11.941208
v -1.033183 3.311028 11.709836
v -0.497006 3.071965 11.838188
v -0.493867 3.091920 11.831674
v -0.486054 3.110707 11.825754
v -0.473944 3.127383 11.820726
v -0.458117 3.140997 11.816884
v -4.016374 0.515514 11.466008
v -3.155950 0.418871 11.813631
v -3.150732 0.439415 11.814463
v -2.054650 2.729243 11.729648
v -4.934386 0.000000 11.003802
v -5.796464 0.434385 10.419535
v -3.052820 2.131676 11.608270
v -1.033183 4.344439 11.263017
v -4.016374 1.539540 11.346063
v -2.054650 3.768909 11.350376
v -4.934386 0.973756 10.946968
v -5.666981 1.293451 10.419535
v -3.052820 3.161279 11.299340
v -1.033183 5.318852 10.699008
v -1.713329 5.554475 10.419535
v -4.016374 2.542660 11.107800
v -2.054650 4.757393 10.852729
v -2.522044 5.237078 10.419535
v -4.934386 1.934288 10.777237
v -5.410906 2.123624 10.419535
v -3.052820 4.147951 10.872729
v -3.274420 4.802693 10.419535
v -3.953652 4.261024 10.419535
v -4.016374 3.511250 10.754457
v -4.544566 3.624170 10.419535
v -4.934386 2.868552 10.496914
v -5.033961 2.906359 10.419535
v 0.000000 4.953499 7.684208
v 0.766699 4.594574 7.650000
v 0.000000 4.658104 7.650000
v 0.000000 5.928000 8.701832
v 0.883523 5.861789 8.701832
v 0.000000 5.839386 8.417973
v 0.738281 -4.898173 7.684208
v 0.000000 -4.658104 7.650000
v 0.766699 -4.594574 7.650000
v 0.000000 -4.953499 7.684208
v 0.779977 -5.174807 7.785022
v 0.000000 -5.233258 7.785022
v 0.817135 -5.421336 7.947105
v 0.000000 -5.482572 7.947105
v 1.460070 -4.733429 7.684208
v 1.512484 -4.405715 7.650000
v 0.847789 -5.624711 8.161879
v 0.000000 -5.688243 8.161879
v 1.542530 -5.000759 7.785022
v 0.870315 -5.774165 8.417973
v 0.883523 -5.861789 8.701832
v 0.000000 -5.928000 8.701832
v 0.000000 -5.839386 8.417973
v 1.616016 -5.238997 7.947105
v 2.149243 -4.462949 7.684208
v 2.217013 -4.096681 7.650000
v 1.676639 -5.435531 8.161879
v 2.357605 -4.356472 7.684208
v 2.270626 -4.715003 7.785022
v 1.721189 -5.579959 8.417973
v 1.747309 -5.664636 8.701832
v 2.490755 -4.602513 7.785022
v 2.378799 -4.939626 7.947105
v 2.790406 -4.092773 7.684208
v 2.861067 -3.675899 7.650000
v 2.609416 -4.821778 7.947105
v 2.468036 -5.124930 8.161879
v 2.947999 -4.323921 7.785022
v 3.042502 -3.909007 7.684208
v 2.707305 -5.002661 8.161879
v 2.533615 -5.261106 8.417973
v 2.572063 -5.340943 8.701832
v 3.088443 -4.529913 7.947105
v 3.214334 -4.129776 7.785022
v 2.779241 -5.135587 8.417973
v 3.339361 -4.897943 8.701832
v 3.369235 -3.631172 7.684208
v 3.427079 -3.154848 7.650000
v 3.204302 -4.699847 8.161879
v 3.367465 -4.326519 7.947105
v 3.559519 -3.836249 7.785022
v 3.289443 -4.824728 8.417973
v 3.644408 -3.354914 7.684208
v 3.493791 -4.488823 8.161879
v 3.729096 -4.019010 7.947105
v 3.850233 -3.544389 7.785022
v 3.586625 -4.608096 8.417973
v 4.032064 -4.345531 8.701832
v 3.872802 -3.088456 7.684208
v 3.899609 -2.547742 7.650000
v 3.868988 -4.169777 8.161879
v 4.033659 -3.713245 7.947105
v 4.091526 -3.262883 7.785022
v 3.971792 -4.280573 8.417973
v 4.146904 -2.709307 7.684208
v 4.184977 -3.852542 8.161879
v 4.286447 -3.418328 7.947105
v 4.289856 -2.476750 7.684208
v 4.265768 -1.871139 7.650000
v 4.381108 -2.862321 7.785022
v 4.296176 -3.954909 8.417973
v 4.634697 -3.696048 8.701832
v 4.447248 -3.546562 8.161879
v 4.532134 -2.616629 7.785022
v 4.589825 -2.998682 7.947105
v 4.565416 -3.640798 8.417973
v 4.536283 -1.989798 7.684208
v 4.515568 -1.143497 7.650000
v 4.748046 -2.741286 7.947105
v 4.762007 -3.111174 8.161879
v 4.792478 -2.102176 7.785022
v 4.926163 -2.844122 8.161879
v 4.888538 -3.193842 8.417973
v 5.133799 -2.964000 8.701832
v 5.020793 -2.202324 7.947105
v 5.057057 -2.919693 8.417973
v 4.801923 -1.216012 7.684208
v 5.209142 -2.284941 8.161879
v 5.073122 -1.284689 7.785022
v 5.347554 -2.345655 8.417973
v 5.518219 -2.165742 8.701832
v 5.314806 -1.345892 7.947105
v 4.936581 -0.409057 7.684208
v 4.642195 -0.384663 7.650000
v 5.514184 -1.396381 8.161879
v 5.215384 -0.432159 7.785022
v 5.660703 -1.433485 8.417973
v 5.779373 -1.319104 8.701832
v 5.463846 -0.452747 7.947105
v 4.939648 0.370175 7.684208
v 4.642195 0.384663 7.650000
v 5.668815 -0.469731 8.161879
v 5.218625 0.391082 7.785022
v 5.819442 -0.482213 8.417973
v 5.911424 -0.443000 8.701832
v 5.467241 0.409713 7.947105
v 4.829305 1.102257 7.684208
v 4.515568 1.143497 7.650000
v 5.672338 0.425083 8.161879
v 5.102049 1.164509 7.785022
v 5.823058 0.436378 8.417973
v 5.911424 0.443000 8.701832
v 5.345112 1.219987 7.947105
v 4.611083 1.809716 7.684208
v 4.265768 1.871139 7.650000
v 5.545627 1.265753 8.161879
v 4.871502 1.911924 7.785022
v 5.692981 1.299386 8.417973
v 5.779373 1.319104 8.701832
v 5.103582 2.003008 7.947105
v 4.289856 2.476750 7.684208
v 3.899609 2.547742 7.650000
v 5.295036 2.078149 8.161879
v 4.146904 2.709307 7.684208
v 4.532134 2.616629 7.785022
v 5.435731 2.133367 8.417973
v 5.518219 2.165742 8.701832
v 4.381108 2.862321 7.785022
v 4.748046 2.741286 7.947105
v 3.872802 3.088456 7.684208
v 3.427079 3.154848 7.650000
v 4.589825 2.998682 7.947105
v 4.926163 2.844122 8.161879
v 4.091526 3.262883 7.785022
v 3.644408 3.354914 7.684208
v 4.762007 3.111174 8.161879
v 5.057057 2.919693 8.417973
v 5.133799 2.964000 8.701832
v 4.286447 3.418328 7.947105
v 3.850233 3.544389 7.785022
v 4.888538 3.193842 8.417973
v 4.634697 3.696048 8.701832
v 3.369235 3.631172 7.684208
v 2.861067 3.675899 7.650000
v 4.447248 3.546562 8.161879
v 4.033659 3.713245 7.947105
v 3.559519 3.836249 7.785022
v 4.565416 3.640798 8.417973
v 3.042502 3.909007 7.684208
v 4.184977 3.852542 8.161879
v 3.729096 4.019010 7.947105
v 3.214334 4.129776 7.785022
v 4.296176 3.954909 8.417973
v 4.032064 4.345531 8.701832
v 2.790406 4.092773 7.684208
v 2.217013 4.096681 7.650000
v 3.868988 4.169777 8.161879
v 3.367465 4.326519 7.947105
v 2.947999 4.323921 7.785022
v 3.971792 4.280573 8.417973
v 2.357605 4.356472 7.684208
v 3.493791 4.488823 8.161879
v 3.088443 4.529913 7.947105
v 2.149243 4.462949 7.684208
v 1.512484 4.405715 7.650000
v 2.490755 4.602513 7.785022
v 3.586625 4.608096 8.417973
v 3.339361 4.897943 8.701832
v 3.204302 4.699847 8.161879
v 2.270626 4.715003 7.785022
v 2.609416 4.821778 7.947105
v 3.289443 4.824728 8.417973
v 2.378799 4.939626 7.947105
v 1.608399 4.685105 7.684208
v 2.707305 5.002661 8.161879
v 2.468036 5.124930 8.161879
v 1.699236 4.949706 7.785022
v 2.779241 5.135587 8.417973
v 2.572063 5.340943 8.701832
v 2.533615 5.261106 8.417973
v 1.780188 5.185511 7.947105
v 0.815319 4.885940 7.684208
v 1.846970 5.380039 8.161879
v 0.861366 5.161883 7.785022
v 0.000000 5.233258 7.785022
v 1.896046 5.522992 8.417973
v 1.747309 5.664636 8.701832
v 0.902402 5.407796 7.947105
v 0.000000 5.482572 7.947105
v 0.936254 5.610663 8.161879
v 0.000000 5.688243 8.161879
v 0.961131 5.759745 8.417973
v 0.782110 -5.940717 9.211555
v 0.000000 -5.991979 9.211555
v 0.782110 -5.940717 9.725277
v 0.000000 -5.991979 9.725277
v 1.550838 -5.787807 9.211555
v 1.550838 -5.787807 9.725277
v 2.293031 -5.535867 9.211555
v 2.293031 -5.535867 9.725277
v 2.995990 -5.189206 9.211555
v 2.995990 -5.189206 9.725277
v 3.647686 -4.753757 9.211555
v 3.647686 -4.753757 9.725277
v 4.236969 -4.236969 9.211555
v 4.236969 -4.236969 9.725277
v 4.753757 -3.647686 9.211555
v 4.753757 -3.647686 9.725277
v 5.189206 -2.995990 9.211555
v 5.189206 -2.995990 9.725277
v 5.535867 -2.293031 9.211555
v 5.535867 -2.293031 9.725277
v 5.787807 -1.550838 9.211555
v 5.787807 -1.550838 9.725277
v 5.940717 -0.782110 9.211555
v 5.940717 -0.782110 9.725277
v 5.991979 -0.000000 9.211555
v 5.991979 -0.000000 9.725277
v 5.940717 0.782110 9.211555
v 5.940717 0.782110 9.725277
v 5.787807 1.550838 9.211555
v 5.787807 1.550838 9.725277
v 5.535867 2.293031 9.211555
v 5.535867 2.293031 9.725277
v 5.189206 2.995990 9.211555
v 5.189206 2.995990 9.725277
v 4.753757 3.647686 9.211555
v 4.753757 3.647686 9.725277
v 4.236969 4.236969 9.211555
v 4.236969 4.236969 9.725277
v 3.647686 4.753757 9.211555
v 3.647686 4.753757 9.725277
v 2.995990 5.189206 9.211555
v 2.995990 5.189206 9.725277
v 2.293031 5.535867 9.211555
v 2.293031 5.535867 9.725277
v 1.550838 5.787807 9.211555
v 1.550838 5.787807 9.725277
v 0.782110 5.940717 9.211555
v 0.000000 5.991979 9.211555
v 0.782110 5.940717 9.725277
v 0.000000 5.991979 9.725277
v -0.485361 2.571507 6.457891
v 0.000000 2.478040 6.076354
v -0.576036 2.421466 6.106612
v 0.000000 2.603513 6.421088
v -0.957643 2.450284 6.496055
v -1.124409 2.233404 6.137939
v -1.443859 2.217489 6.538142
v -1.571201 1.958054 6.165727
v -1.916121 1.848424 6.582788
v -1.917234 1.634210 6.189717
v -2.265042 1.426597 6.623619
v -2.196412 1.251651 6.214434
v -2.542696 0.890449 6.670012
v -2.399518 0.825166 6.239587
v -1.697681 -2.208486 6.921292
v -1.845714 -1.817664 6.385261
v -1.489516 -2.129860 6.408748
v -0.000000 -2.833914 7.054110
v -0.323294 -2.602625 6.473765
v 0.000000 -2.628423 6.489530
v -0.606867 -2.752159 7.011118
v -2.628943 0.377985 6.565232
v -2.520034 0.366281 6.264463
v -2.552960 -0.104390 6.288079
v -2.717290 -0.182502 6.750579
v -2.684677 0.363204 6.711260
v -2.628943 -0.377985 6.565232
v -2.498385 -0.575925 6.312270
v -2.638971 -0.730954 6.791463
v -2.415962 -1.103333 6.565232
v -2.359125 -1.026824 6.336995
v -2.138526 -1.446663 6.361674
v -2.427251 -1.303235 6.837378
v -2.007253 -1.739295 6.565232
v -2.093765 -1.815574 6.882026
v -1.435929 -2.234350 6.565232
v -1.082623 -2.372521 6.433107
v -1.179796 -2.541440 6.966317
v -0.748275 -2.548391 6.565232
v -0.639855 -2.537340 6.457474
v 0.000000 3.050800 7.650000
v 0.000000 2.778807 6.902706
v -0.610321 2.721604 6.931241
v -0.634297 2.984133 7.650000
v -1.240872 2.787045 7.650000
v -1.191361 2.533778 6.960669
v -1.793215 2.468149 7.650000
v -1.720771 2.222149 6.989842
v -2.267186 2.041384 7.650000
v -2.132144 1.845234 7.015104
v -2.642070 1.525400 7.650000
v -2.492315 1.341003 7.044049
v -2.901483 0.942749 7.650000
v -2.716589 0.828031 7.070696
v -3.034087 0.318895 7.650000
v -2.835563 0.280239 7.096747
v -3.034087 -0.318895 7.650000
v -2.838965 -0.340663 7.124519
v -2.789551 -0.650681 7.138969
v -2.901483 -0.942749 7.650000
v -2.707014 -0.953415 7.153647
v -2.642070 -1.525400 7.650000
v -2.477748 -1.467455 7.180041
v -2.267186 -2.041384 7.650000
v -2.111722 -1.973076 7.208296
v -1.888257 -2.194408 7.222057
v -1.793215 -2.468149 7.650000
v -1.641140 -2.391191 7.236260
v -1.240872 -2.787045 7.650000
v -1.095638 -2.696646 7.265149
v -0.634297 -2.984133 7.650000
v -0.558746 -2.866206 7.291070
v -0.000000 -3.050800 7.650000
v -0.000000 -2.929191 7.315882
v -0.362368 -2.322332 5.725889
v -0.522494 -2.298458 5.743753
v -0.718435 -2.237993 5.725889
v -0.323753 -2.341210 5.761156
v -0.000000 -2.350481 5.725889
v 0.000000 -2.373111 5.788065
v 0.357880 -2.356821 5.817642
v 0.371132 -2.320911 5.725889
v 0.707336 -2.288111 5.848015
v 0.731624 -2.233765 5.725889
v 1.074490 -2.090510 5.725889
v 1.155406 -2.114983 5.889337
v 1.505457 -1.818843 5.754419
v 1.558205 -1.857401 5.929278
v 1.868660 -1.459443 5.782073
v 1.903530 -1.524191 5.967813
v 2.176719 -1.130877 6.007596
v 2.145792 -1.032627 5.810589
v 2.368637 -0.691560 6.047810
v 2.326541 -0.555661 5.839390
v 2.471537 -0.223158 6.086815
v 2.401429 -0.050655 5.867175
v 2.482477 0.255099 6.124519
v 2.368184 0.456993 5.894378
v 2.401663 0.728635 6.163445
v 2.229032 0.948145 5.922692
v 2.233306 1.175921 6.202690
v 1.990026 1.398660 5.950847
v 1.982200 1.585109 6.241178
v 1.663212 1.788379 5.977605
v 1.619256 1.973552 6.281962
v 1.260759 2.103292 6.004898
v 1.383859 2.155368 6.305335
v 1.130873 2.307823 6.328956
v 0.803796 2.327299 6.032820
v 0.581737 2.520879 6.376106
v 0.407999 2.436549 6.055055
v 0.323378 -2.823594 7.076359
v 0.541378 -2.581990 6.516216
v 0.643711 -2.776743 7.099295
v 0.946907 -2.697233 7.121856
v 1.063045 -2.425491 6.543925
v 0.634297 -2.984133 7.650000
v 0.627945 -2.871447 7.343712
v 1.237741 -2.585952 7.144340
v 1.538922 -2.167391 6.571250
v 1.240872 -2.787045 7.650000
v 1.231175 -2.680658 7.372635
v 1.776274 -2.270599 7.188502
v 1.912704 -1.858154 6.594633
v 1.793215 -2.468149 7.650000
v 1.728449 -2.401916 7.398436
v 2.206833 -1.986522 7.425841
v 2.267186 -2.041384 7.650000
v 2.555704 -1.529362 7.451115
v 2.642070 -1.525400 7.650000
v 2.901483 -0.942749 7.650000
v 2.831860 -0.956063 7.479872
v 2.928433 -0.625415 7.495289
v 3.034087 -0.318895 7.650000
v 2.986514 -0.284135 7.510428
v 3.034087 0.318895 7.650000
v 2.984561 0.303964 7.510428
v 2.642070 1.525400 7.650000
v 2.901483 0.942749 7.650000
v 2.641053 1.422969 7.510428
v 2.267186 2.041384 7.650000
v 2.312698 1.910871 7.510428
v 0.634297 2.984133 7.650000
v 0.525133 2.719627 6.878130
v 0.263537 2.761896 6.890629
v 2.867913 0.880383 7.510428
v 2.146035 -1.859550 7.069765
v 2.225985 -1.483947 6.618282
v 2.565594 -1.379114 7.270742
v 2.235559 -1.844521 7.230952
v 2.583002 -1.179617 7.069765
v 2.465100 -1.062010 6.642570
v 2.625012 -0.601244 6.666976
v 2.798028 -0.860016 7.311001
v 2.810709 -0.404119 7.069765
v 2.698818 -0.121176 6.690424
v 2.925959 -0.304564 7.350419
v 2.810709 0.404119 7.069765
v 2.685115 0.366016 6.713431
v 2.584927 0.841726 6.737262
v 2.833940 0.893359 7.431715
v 2.905335 0.583799 7.409805
v 2.943377 0.267412 7.388236
v 2.583002 1.179617 7.069765
v 2.401639 1.292604 6.761380
v 2.622562 1.427634 7.471587
v 2.146035 1.859550 7.069765
v 2.141225 1.703016 6.784936
v 1.811384 2.061315 6.807550
v 1.793215 2.468149 7.650000
v 1.535210 2.388833 7.069765
v 1.423589 2.355536 6.830769
v 0.991312 2.577178 6.854499
v 1.240872 2.787045 7.650000
v 0.800011 2.724587 7.069765
v -0.782110 5.940717 9.211555
v -0.883523 5.861789 8.701832
v -0.782110 5.940717 9.725277
v -0.883523 5.861789 10.235000
v -1.550838 5.787807 9.211555
v -1.747309 5.664636 8.701832
v -1.550838 5.787807 9.725277
v -1.747309 5.664636 10.235000
v -2.293031 5.535867 9.211555
v -2.572063 5.340943 8.701832
v -2.293031 5.535867 9.725277
v -2.572063 5.340943 10.235000
v -2.995990 5.189206 9.211555
v -3.339361 4.897943 8.701832
v -2.995990 5.189206 9.725277
v -3.339361 4.897943 10.235000
v -3.647686 4.753757 9.211555
v -4.032064 4.345531 8.701832
v -3.647686 4.753757 9.725277
v -4.032064 4.345531 10.235000
v -4.236969 4.236969 9.211555
v -4.634697 3.696048 8.701832
v -4.236969 4.236969 9.725277
v -4.634697 3.696048 10.235000
v -4.753757 3.647686 9.211555
v -5.133799 2.964000 8.701832
v -4.753757 3.647686 9.725277
v -5.133799 2.964000 10.235000
v -5.189206 2.995990 9.211555
v -5.189206 2.995990 9.725277
v -5.535867 2.293031 9.211555
v -5.518219 2.165742 8.701832
v -5.535867 2.293031 9.725277
v -5.518219 2.165742 10.235000
v -5.787807 1.550838 9.211555
v -5.779373 1.319104 8.701832
v -5.787807 1.550838 9.725277
v -5.779373 1.319104 10.235000
v -5.940717 0.782110 9.211555
v -5.911424 0.443000 8.701832
v -5.940717 0.782110 9.725277
v -5.911424 0.443000 10.235000
v -5.991979 -0.000000 9.211555
v -5.911424 -0.443000 8.701832
v -5.991979 -0.000000 9.725277
v -5.911424 -0.443000 10.235000
v -5.940717 -0.782110 9.211555
v -5.779373 -1.319104 8.701832
v -5.940717 -0.782110 9.725277
v -5.779373 -1.319104 10.235000
v -5.787807 -1.550838 9.211555
v -5.518219 -2.165742 8.701832
v -5.787807 -1.550838 9.725277
v -5.518219 -2.165742 10.235000
v -5.535867 -2.293031 9.211555
v -5.133799 -2.964000 8.701832
v -5.535867 -2.293031 9.725277
v -5.133799 -2.964000 10.235000
v -5.189206 -2.995990 9.211555
v -5.189206 -2.995990 9.725277
v -4.753757 -3.647686 9.211555
v -4.634697 -3.696048 8.701832
v -4.753757 -3.647686 9.725277
v -4.634697 -3.696048 10.235000
v -4.236969 -4.236969 9.211555
v -4.032064 -4.345531 8.701832
v -4.236969 -4.236969 9.725277
v -4.032064 -4.345531 10.235000
v -3.647686 -4.753757 9.211555
v -3.339361 -4.897943 8.701832
v -3.647686 -4.753757 9.725277
v -3.339361 -4.897943 10.235000
v -2.995990 -5.189206 9.211555
v -2.572063 -5.340943 8.701832
v -2.995990 -5.189206 9.725277
v -2.572063 -5.340943 10.235000
v -2.293031 -5.535867 9.211555
v -1.747309 -5.664636 8.701832
v -2.293031 -5.535867 9.725277
v -1.747309 -5.664636 10.235000
v -1.550838 -5.787807 9.211555
v -0.883523 -5.861789 8.701832
v -1.550838 -5.787807 9.725277
v -0.883523 -5.861789 10.235000
v -0.782110 -5.940717 9.211555
v -0.782110 -5.940717 9.725277
v -0.738281 4.898173 7.684208
v -0.766699 4.594574 7.650000
v -0.779977 5.174807 7.785022
v -0.817135 5.421336 7.947105
v -1.460070 4.733429 7.684208
v -1.512484 4.405715 7.650000
v -0.847789 5.624711 8.161879
v -1.542530 5.000759 7.785022
v -0.870315 5.774165 8.417973
v -1.616016 5.238997 7.947105
v -2.149243 4.462949 7.684208
v -2.217013 4.096681 7.650000
v -1.676639 5.435531 8.161879
v -2.357605 4.356472 7.684208
v -2.270626 4.715003 7.785022
v -1.721189 5.579959 8.417973
v -2.490755 4.602513 7.785022
v -2.378799 4.939626 7.947105
v -2.790406 4.092773 7.684208
v -2.861067 3.675899 7.650000
v -2.609416 4.821778 7.947105
v -2.468036 5.124930 8.161879
v -2.947999 4.323921 7.785022
v -3.042502 3.909007 7.684208
v -2.707305 5.002661 8.161879
v -2.533615 5.261106 8.417973
v -3.088443 4.529913 7.947105
v -3.214334 4.129776 7.785022
v -2.779241 5.135587 8.417973
v -3.369235 3.631172 7.684208
v -3.427079 3.154848 7.650000
v -3.204302 4.699847 8.161879
v -3.367465 4.326519 7.947105
v -3.559519 3.836249 7.785022
v -3.289443 4.824728 8.417973
v -3.644408 3.354914 7.684208
v -3.493791 4.488823 8.161879
v -3.729096 4.019010 7.947105
v -3.850233 3.544389 7.785022
v -3.586625 4.608096 8.417973
v -3.872802 3.088456 7.684208
v -3.899609 2.547742 7.650000
v -3.868988 4.169777 8.161879
v -4.033659 3.713245 7.947105
v -4.091526 3.262883 7.785022
v -3.971792 4.280573 8.417973
v -4.146904 2.709307 7.684208
v -4.184977 3.852542 8.161879
v -4.286447 3.418328 7.947105
v -4.289856 2.476750 7.684208
v -4.265768 1.871139 7.650000
v -4.381108 2.862321 7.785022
v -4.296176 3.954909 8.417973
v -4.447248 3.546562 8.161879
v -4.532134 2.616629 7.785022
v -4.589825 2.998682 7.947105
v -4.565416 3.640798 8.417973
v -4.536283 1.989798 7.684208
v -4.748046 2.741286 7.947105
v -4.762007 3.111174 8.161879
v -4.792478 2.102176 7.785022
v -4.926163 2.844122 8.161879
v -4.888538 3.193842 8.417973
v -5.020793 2.202324 7.947105
v -5.057057 2.919693 8.417973
v -4.801923 1.216012 7.684208
v -4.515568 1.143497 7.650000
v -5.209142 2.284941 8.161879
v -5.073122 1.284689 7.785022
v -5.347554 2.345655 8.417973
v -5.314806 1.345892 7.947105
v -4.936581 0.409057 7.684208
v -4.642195 0.384663 7.650000
v -5.514184 1.396381 8.161879
v -5.215384 0.432159 7.785022
v -5.660703 1.433485 8.417973
v -5.463846 0.452747 7.947105
v -4.939648 -0.370175 7.684208
v -4.642195 -0.384663 7.650000
v -5.668815 0.469731 8.161879
v -5.218625 -0.391082 7.785022
v -5.819442 0.482213 8.417973
v -5.467241 -0.409713 7.947105
v -4.829305 -1.102257 7.684208
v -4.515568 -1.143497 7.650000
v -5.672338 -0.425083 8.161879
v -5.102049 -1.164509 7.785022
v -5.823058 -0.436378 8.417973
v -5.345112 -1.219987 7.947105
v -4.611083 -1.809716 7.684208
v -4.265768 -1.871139 7.650000
v -5.545627 -1.265753 8.161879
v -4.871502 -1.911924 7.785022
v -5.692981 -1.299386 8.417973
v -5.103582 -2.003008 7.947105
v -4.289856 -2.476750 7.684208
v -3.899609 -2.547742 7.650000
v -5.295036 -2.078149 8.161879
v -4.146904 -2.709307 7.684208
v -4.532134 -2.616629 7.785022
v -5.435731 -2.133367 8.417973
v -4.381108 -2.862321 7.785022
v -4.748046 -2.741286 7.947105
v -3.872802 -3.088456 7.684208
v -3.427079 -3.154848 7.650000
v -4.589825 -2.998682 7.947105
v -4.926163 -2.844122 8.161879
v -4.091526 -3.262883 7.785022
v -3.644408 -3.354914 7.684208
v -4.762007 -3.111174 8.161879
v -5.057057 -2.919693 8.417973
v -4.286447 -3.418328 7.947105
v -3.850233 -3.544389 7.785022
v -4.888538 -3.193842 8.417973
v -3.369235 -3.631172 7.684208
v -2.861067 -3.675899 7.650000
v -4.447248 -3.546562 8.161879
v -4.033659 -3.713245 7.947105
v -3.559519 -3.836249 7.785022
v -4.565416 -3.640798 8.417973
v -3.042502 -3.909007 7.684208
v -4.184977 -3.852542 8.161879
v -3.729096 -4.019010 7.947105
v -3.214334 -4.129776 7.785022
v -4.296176 -3.954909 8.417973
v -2.790406 -4.092773 7.684208
v -2.217013 -4.096681 7.650000
v -3.868988 -4.169777 8.161879
v -3.367465 -4.326519 7.947105
v -2.947999 -4.323921 7.785022
v -3.971792 -4.280573 8.417973
v -2.357605 -4.356472 7.684208
v -3.493791 -4.488823 8.161879
v -3.088443 -4.529913 7.947105
v -2.149243 -4.462949 7.684208
v -1.512484 -4.405715 7.650000
v -2.490755 -4.602513 7.785022
v -3.586625 -4.608096 8.417973
v -3.204302 -4.699847 8.161879
v -2.270626 -4.715003 7.785022
v -2.609416 -4.821778 7.947105
v -3.289443 -4.824728 8.417973
v -2.378799 -4.939626 7.947105
v -1.608399 -4.685105 7.684208
v -2.707305 -5.002661 8.161879
v -2.468036 -5.124930 8.161879
v -1.699236 -4.949706 7.785022
v -2.779241 -5.135587 8.417973
v -2.533615 -5.261106 8.417973
v -1.780188 -5.185511 7.947105
v -0.815319 -4.885940 7.684208
v -0.766699 -4.594574 7.650000
v -1.846970 -5.380039 8.161879
v -0.861366 -5.161883 7.785022
v -1.896046 -5.522992 8.417973
v -0.902402 -5.407796 7.947105
v -0.936254 -5.610663 8.161879
v -0.961131 -5.759745 8.417973
v 0.439448 -3.150716 11.814466
v 0.139985 3.180546 11.813631
v 0.279698 3.171315 11.813631
v 0.418871 3.155950 11.813631
v 0.439415 3.150732 11.814463
v 4.934386 -2.868552 10.496914
v 4.016374 -3.511250 10.754457
v 3.052820 -4.147951 10.872729
v 4.934386 -1.934288 10.777237
v 2.054650 -4.757393 10.852729
v 4.016374 -2.542660 11.107800
v 1.033183 -5.318852 10.699008
v 3.052820 -3.161279 11.299340
v 4.934386 -0.973756 10.946968
v 2.054650 -3.768909 11.350376
v 4.016374 -1.539540 11.346063
v 1.033183 -4.344439 11.263017
v 3.052820 -2.131676 11.608270
v 4.934386 0.000000 11.003802
v 2.054650 -2.729243 11.729648
v 4.016374 -0.515514 11.466008
v 3.180546 -0.139985 11.813631
v 3.171315 -0.279698 11.813631
v 3.155950 -0.418871 11.813631
v 3.150732 -0.439415 11.814463
v 3.141015 -0.458088 11.816879
v 1.033183 -3.311028 11.709836
v 0.486054 -3.110707 11.825754
v 0.473944 -3.127383 11.820726
v 0.458117 -3.140997 11.816884
v 0.507834 -2.742076 11.941208
v 0.497006 -3.071965 11.838188
v 0.493867 -3.091920 11.831674
v 3.052820 -1.073125 11.795321
v 3.127425 -0.473903 11.820714
v 3.110744 -0.486040 11.825742
v 3.091954 -0.493856 11.831663
v 3.071965 -0.497006 11.838188
v 2.742076 -0.507834 11.941208
v 2.408707 -0.517427 12.032475
v 4.934386 0.973756 10.946968
v 2.054650 -1.652514 11.985394
v 1.851217 -0.574424 12.154706
v 1.627478 -0.671024 12.189199
v 1.402753 -0.767332 12.217541
v 4.016374 0.515514 11.466008
v 3.140997 0.458117 11.816884
v 3.150716 0.439448 11.814466
v 1.033183 -2.232653 12.033400
v 0.767332 -1.402753 12.217541
v 0.671024 -1.627478 12.189199
v 0.574424 -1.851217 12.154706
v 0.542059 -1.947438 12.137400
v 0.530567 -2.009227 12.125176
v 0.525772 -2.072280 12.111873
v 0.517427 -2.408707 12.032475
v 4.934386 1.934288 10.777237
v 2.054650 -0.553343 12.114141
v 2.072280 -0.525772 12.111873
v 1.972002 -0.536657 12.132640
v 1.910974 -0.552176 12.144215
v 4.016374 1.539540 11.346063
v 1.033183 -1.123958 12.229312
v 1.177185 -0.863288 12.239713
v 1.058662 -0.930795 12.247190
v 0.959036 -1.023133 12.248259
v 0.905314 -1.096289 12.245410
v 0.863288 -1.177185 12.239713
v 3.052820 1.073125 11.795321
v 2.408707 0.517427 12.032475
v 2.742076 0.507834 11.941208
v 3.071965 0.497006 11.838188
v 3.091920 0.493867 11.831674
v 3.110707 0.486054 11.825754
v 3.127383 0.473944 11.820726
v 4.934386 2.868552 10.496914
v 2.054650 0.553343 12.114141
v 1.851217 0.574424 12.154706
v 1.947438 0.542059 12.137400
v 2.009227 0.530567 12.125176
v 2.072280 0.525772 12.111873
v 4.016374 2.542660 11.107800
v 3.052820 2.131676 11.608270
v 2.054650 1.652514 11.985394
v 1.402753 0.767332 12.217541
v 1.627478 0.671024 12.189199
v 4.016374 3.511250 10.754457
v 1.033183 1.123958 12.229312
v 0.767332 1.402753 12.217541
v 0.863288 1.177185 12.239713
v 0.930795 1.058662 12.247190
v 1.023133 0.959036 12.248259
v 1.096289 0.905314 12.245410
v 1.177185 0.863288 12.239713
v 3.052820 3.161279 11.299340
v 2.054650 2.729243 11.729648
v 1.033183 2.232653 12.033400
v 0.507834 2.742076 11.941208
v 0.517427 2.408707 12.032475
v 0.525772 2.072280 12.111873
v 0.536657 1.972002 12.132640
v 0.552176 1.910974 12.144215
v 0.574424 1.851217 12.154706
v 0.671024 1.627478 12.189199
v 3.052820 4.147951 10.872729
v 2.054650 3.768909 11.350376
v 1.033183 3.311028 11.709836
v 0.458088 3.141015 11.816879
v 0.473903 3.127425 11.820714
v 0.486040 3.110744 11.825742
v 0.493856 3.091954 11.831663
v 0.497006 3.071965 11.838188
v 2.054650 4.757393 10.852729
v 1.033183 4.344439 11.263017
v 1.033183 5.318852 10.699008
v -0.880146 5.839388 10.305480
v -0.874300 5.800602 10.368265
v -1.740631 5.642988 10.305480
v -1.729070 5.605507 10.368265
v -2.562234 5.320533 10.305480
v -2.545215 5.285193 10.368265
v -3.326600 4.879226 10.305480
v -3.304504 4.846818 10.368265
v -4.016655 4.328925 10.305480
v -3.989977 4.300172 10.368265
v -4.616985 3.681923 10.305480
v -4.586319 3.657468 10.368265
v -5.114180 2.952673 10.305480
v -5.080211 2.933061 10.368265
v -5.497131 2.157465 10.305480
v -5.460619 2.143135 10.368265
v -5.757287 1.314063 10.305480
v -5.719047 1.305335 10.368265
v -5.888834 0.441307 10.305480
v -5.849720 0.438376 10.368265
v -5.888834 -0.441307 10.305480
v -5.849720 -0.438376 10.368265
v -5.757287 -1.314063 10.305480
v -5.719047 -1.305335 10.368265
v -5.497131 -2.157465 10.305480
v -5.460619 -2.143135 10.368265
v -5.114180 -2.952673 10.305480
v -5.080211 -2.933061 10.368265
v -4.616985 -3.681923 10.305480
v -4.586319 -3.657468 10.368265
v -4.016655 -4.328925 10.305480
v -3.989977 -4.300172 10.368265
v -3.326600 -4.879226 10.305480
v -3.304504 -4.846818 10.368265
v -2.562234 -5.320533 10.305480
v -2.545215 -5.285193 10.368265
v -1.740631 -5.642988 10.305480
v -1.729070 -5.605507 10.368265
v -0.880146 -5.839388 10.305480
v -0.874300 -5.800602 10.368265
v 0.305733 3.058033 10.763750
v 0.102061 3.071583 10.763750
v -0.102061 3.071583 10.763750
v -0.305733 3.058033 10.763750
v 0.384078 2.044095 10.763750
v 0.384078 2.971464 10.763750
v 0.428229 1.822137 10.763750
v 0.744557 1.058453 10.763750
v 1.058453 0.744557 10.763750
v 1.822137 0.428229 10.763750
v 2.044095 0.384078 10.763750
v 2.971464 0.384078 10.763750
v 3.058033 -0.305733 10.763750
v 3.066500 -0.204009 10.763750
v 3.071583 -0.102061 10.763750
v -3.012509 -0.373838 10.763750
v -3.043801 -0.345480 10.763750
v -3.029924 -0.361584 10.763750
v -0.373871 -3.012430 10.763750
v -0.361664 -3.029835 10.763750
v -0.345555 -3.043760 10.763750
v -0.326558 -3.053328 10.763750
v -2.992655 -0.381468 10.763750
v -3.053353 -0.326495 10.763750
v -0.381486 -2.992589 10.763750
v -3.058033 -0.305733 10.763750
v -2.971464 -0.384078 10.763750
v -0.384078 -2.971464 10.763750
v -0.305733 -3.058033 10.763750
v -0.204009 -3.066500 10.763750
v -0.102061 -3.071583 10.763750
v -3.071583 -0.102061 10.763750
v 0.373838 -3.012509 10.763750
v 0.345480 -3.043801 10.763750
v 0.361584 -3.029924 10.763750
v -3.012430 0.373871 10.763750
v -3.029835 0.361664 10.763750
v -3.043760 0.345555 10.763750
v -3.053328 0.326558 10.763750
v 0.381468 -2.992655 10.763750
v 0.326495 -3.053353 10.763750
v -2.992589 0.381486 10.763750
v 0.384078 -2.971464 10.763750
v -2.971464 0.384078 10.763750
v -3.058033 0.305733 10.763750
v -3.071583 0.102061 10.763750
v -0.384078 -2.044095 10.763750
v -2.044095 -0.384078 10.763750
v 0.384078 -2.044095 10.763750
v -0.387511 -1.981077 10.763750
v -2.044095 0.384078 10.763750
v -1.981077 0.387511 10.763750
v -1.943416 -0.392882 10.763750
v 0.392882 -1.943416 10.763750
v -0.397834 -1.918521 10.763750
v -1.918521 0.397834 10.763750
v -1.881671 -0.407284 10.763750
v 0.407284 -1.881671 10.763750
v -0.428229 -1.822137 10.763750
v 0.428229 -1.822137 10.763750
v -0.744557 -1.058453 10.763750
v -1.822137 0.428229 10.763750
v -1.822137 -0.428229 10.763750
v 0.744557 -1.058453 10.763750
v -0.785300 -0.978285 10.763750
v -1.058453 0.744557 10.763750
v -1.058453 -0.744557 10.763750
v -0.978285 0.785300 10.763750
v -0.940260 -0.810603 10.763750
v 0.810603 -0.940260 10.763750
v -0.839001 -0.904133 10.763750
v -0.904133 0.839001 10.763750
v 0.904133 -0.839001 10.763750
v 0.839001 0.904133 10.763750
v -0.810603 0.940260 10.763750
v 0.940260 0.810603 10.763750
v 0.978285 -0.785300 10.763750
v 0.785300 0.978285 10.763750
v -0.744557 1.058453 10.763750
v 1.058453 -0.744557 10.763750
v -0.428229 1.822137 10.763750
v 1.822137 -0.428229 10.763750
v -0.407284 1.881671 10.763750
v 1.881671 0.407284 10.763750
v 1.918521 -0.397834 10.763750
v 0.397834 1.918521 10.763750
v -0.392882 1.943416 10.763750
v 1.943416 0.392882 10.763750
v 1.981077 -0.387511 10.763750
v 0.387511 1.981077 10.763750
v -0.384078 2.044095 10.763750
v 2.044095 -0.384078 10.763750
v 3.043760 -0.345555 10.763750
v 3.012430 -0.373871 10.763750
v 3.029835 -0.361664 10.763750
v -0.345480 3.043801 10.763750
v -0.361584 3.029924 10.763750
v -0.373838 3.012509 10.763750
v -0.381468 2.992655 10.763750
v 3.053328 -0.326558 10.763750
v 2.971464 -0.384078 10.763750
v 2.992589 -0.381486 10.763750
v -0.326495 3.053353 10.763750
v -0.384078 2.971464 10.763750
v 2.992655 0.381468 10.763750
v 3.053353 0.326495 10.763750
v 0.326558 3.053328 10.763750
v 0.381486 2.992589 10.763750
v 0.373871 3.012430 10.763750
v 3.043801 0.345480 10.763750
v 3.012509 0.373838 10.763750
v 0.345555 3.043760 10.763750
v 0.361664 3.029835 10.763750
v 3.029924 0.361584 10.763750
v 0.376988 -2.976219 7.294456
v 0.581864 -2.943032 7.180452
v 0.754282 -2.903629 7.314945
v 1.152264 -2.769890 7.212749
v 1.352327 -2.677912 7.349727
v 1.710812 -2.464370 7.247206
v 1.843225 -2.366964 7.380895
v 2.187840 -2.052647 7.279840
v 2.300374 -1.925690 7.413570
v 2.543921 -1.590115 7.310522
v 2.653498 -1.399625 7.447385
v 2.801717 -1.072559 7.341924
v 2.875477 -0.855357 7.479384
v 2.964826 -0.458049 7.376229
v 2.995074 0.171843 7.408746
v 2.905285 0.747875 7.439589
v 2.708155 1.290696 7.470997
v 2.528434 1.614628 7.491034
v 0.000000 2.350481 2.150000
v -0.514925 2.293385 2.184574
v -1.013886 2.120565 2.221200
v -1.459215 1.842675 2.257177
v -1.824886 1.481402 2.290926
v -2.107899 1.039963 2.326790
v -2.350315 0.027944 2.398202
v -2.286899 0.543002 2.363451
v -2.299519 -0.486799 2.432605
v -2.132912 -0.987647 2.469187
v -1.860224 -1.436776 2.505270
v -1.503334 -1.806861 2.539039
v -1.065871 -2.094918 2.574781
v -0.571026 -2.280064 2.611471
v -0.055947 -2.349815 2.646391
v 0.458633 -2.305302 2.680643
v 0.961250 -2.144938 2.717173
v 1.414090 -1.877528 2.753353
v 1.788607 -1.525007 2.787162
v 2.081624 -1.091605 2.822776
v 2.272878 -0.598989 2.859485
v 2.348979 -0.084006 2.894567
v 2.310734 0.430432 2.928688
v 2.156639 0.934702 2.965157
v 1.894581 1.391160 3.001428
v 1.546417 1.770128 3.035296
v 1.117158 2.068023 3.070774
v 0.626884 2.265342 3.107493
v 0.112113 2.347806 3.142732
v -0.402202 2.315814 3.176741
v -0.908009 2.168013 3.213141
v -1.367989 1.911378 3.249494
v -1.751430 1.567563 3.283442
v -2.054116 1.142527 3.318775
v -2.257459 0.654706 3.355498
v -2.346292 0.140262 3.390885
v -2.179056 -0.881177 3.461125
v -1.927915 -1.344584 3.497551
v -1.588439 -1.732519 3.531599
v -1.167704 -2.039909 3.566781
v -0.682448 -2.249228 3.603498
v -0.168448 -2.344437 3.639026
v 0.345685 -2.324922 3.672871
v 0.854213 -2.189767 3.709109
v 1.320946 -1.944187 3.745601
v 1.713399 -1.609045 3.779768
v 2.025404 -1.192686 3.814792
v 2.240651 -0.710102 3.851495
v 2.342239 -0.196665 3.887156
v 2.328951 0.317410 3.920949
v 1.960188 1.297082 3.993644
v 2.200143 0.827121 3.957094
v 1.629376 1.694077 4.027949
v 1.217466 2.010606 4.062808
v 0.737664 2.231729 4.099488
v 0.224906 2.339696 4.135275
v -0.289133 2.332630 4.169035
v -0.799910 2.210182 4.205081
v -1.272996 1.975915 4.241679
v -1.674557 1.649430 4.276143
v -1.995520 1.242039 4.310829
v -2.222463 0.765126 4.347479
v -2.336807 0.253165 4.383385
v -2.335961 -0.260860 4.417132
v -2.219882 -0.772584 4.453068
v -1.991363 -1.248692 4.489708
v -1.669210 -1.654841 4.524347
v -1.266402 -1.980148 4.558856
v -0.792482 -2.212856 4.595468
v -0.281436 -2.333571 4.631484
v 0.232597 -2.338944 4.665238
v 0.745150 -2.229240 4.701058
v 1.224176 -2.006528 4.737731
v 1.634862 -1.688782 4.772544
v 1.964497 -1.290547 4.806890
v 2.202910 -0.819725 4.843454
v 2.329987 -0.309713 4.879573
v 2.341581 0.204350 4.913355
v 2.238256 0.717615 4.949051
v 2.021405 1.199451 4.985749
v 1.314472 1.948569 5.054931
v 0.846850 2.192625 5.091439
v 0.337989 2.326053 5.127654
v -0.176126 2.343873 5.161482
v -0.689985 2.246927 5.197047
v -1.594076 1.727334 5.268901
v -1.174524 2.035990 5.233761
v -1.932371 1.338172 5.302979
v -2.182005 0.873850 5.339424
v -2.321770 0.366258 5.375725
v -2.345821 -0.147931 5.409620
v -2.255253 -0.662266 5.445046
v -2.050278 -1.149400 5.481768
v -1.746303 -1.573272 5.517061
v -1.361641 -1.915906 5.551034
v -0.394514 -2.317136 5.623788
v -0.900719 -2.171052 5.587408
v 0.119771 -2.347427 5.657770
v 0.607454 -2.270630 5.691119
v -2.508396 0.929980 2.156150
v -2.672392 -0.123424 3.219528
v -2.320543 -0.373951 3.424802
v -2.583704 -0.693819 3.253771
v 2.588005 0.677599 3.752756
v 2.115702 1.637290 4.817918
v 1.708159 1.614606 5.020729
v 1.745774 2.027112 4.848894
v -1.090153 2.443047 5.029411
v -1.283417 -2.347286 5.382451
v -0.514925 2.293385 2.309574
v -1.013886 2.120565 2.346200
v -1.459215 1.842675 2.382177
v -1.824886 1.481402 2.415926
v -2.107899 1.039963 2.451790
v -2.286899 0.543002 2.488451
v -2.350315 0.027944 2.523202
v -2.299519 -0.486799 2.557605
v -2.132912 -0.987647 2.594187
v -1.503334 -1.806861 2.664039
v -1.065871 -2.094918 2.699781
v -0.571026 -2.280064 2.736471
v -0.055947 -2.349815 2.771391
v 0.458633 -2.305302 2.805643
v 0.961250 -2.144938 2.842173
v 1.414090 -1.877528 2.878353
v 1.788607 -1.525007 2.912162
v 2.081624 -1.091605 2.947776
v 2.272878 -0.598989 2.984485
v 2.348979 -0.084006 3.019567
v 2.310734 0.430432 3.053688
v 2.156639 0.934702 3.090157
v 1.894581 1.391160 3.126428
v 1.546417 1.770128 3.160296
v 1.117158 2.068023 3.195774
v 0.626884 2.265342 3.232493
v 0.112113 2.347806 3.267732
v -0.402202 2.315814 3.301741
v -0.908009 2.168013 3.338141
v -1.367989 1.911378 3.374494
v -1.751430 1.567563 3.408442
v -2.054116 1.142527 3.443775
v -2.257459 0.654706 3.480498
v -2.346292 0.140262 3.515885
v -2.320543 -0.373951 3.549802
v -2.179056 -0.881177 3.586125
v -1.927915 -1.344584 3.622551
v -1.588439 -1.732519 3.656599
v -1.167704 -2.039909 3.691781
v -0.682448 -2.249228 3.728498
v -0.168448 -2.344437 3.764026
v 0.345685 -2.324922 3.797871
v 0.854213 -2.189767 3.834109
v 2.025404 -1.192686 3.939792
v 2.240651 -0.710102 3.976495
v 2.342239 -0.196665 4.012156
v 2.328951 0.317410 4.045949
v 2.200143 0.827121 4.082094
v 1.960188 1.297082 4.118644
v 1.629376 1.694077 4.152949
v 1.217466 2.010606 4.187808
v 0.737664 2.231729 4.224488
v 0.224906 2.339696 4.260275
v -0.289133 2.332630 4.294035
v -0.799910 2.210182 4.330081
v -1.272996 1.975915 4.366679
v -1.674557 1.649430 4.401143
v -1.995520 1.242039 4.435829
v -2.222463 0.765126 4.472479
v -2.336807 0.253165 4.508385
v -2.335961 -0.260860 4.542132
v -2.219882 -0.772584 4.578068
v -1.991363 -1.248692 4.614708
v -1.669210 -1.654841 4.649347
v -1.266402 -1.980148 4.683856
v -0.792482 -2.212856 4.720468
v -0.281436 -2.333571 4.756484
v 0.232597 -2.338944 4.790238
v 0.745150 -2.229240 4.826058
v 1.224176 -2.006528 4.862731
v 1.634862 -1.688782 4.897544
v 1.964497 -1.290547 4.931890
v 2.202910 -0.819725 4.968454
v 2.329987 -0.309713 5.004573
v 2.341581 0.204350 5.038355
v 2.238256 0.717615 5.074051
v 2.021405 1.199451 5.110749
v 1.708159 1.614606 5.145729
v 1.314472 1.948569 5.179931
v 0.846850 2.192625 5.216439
v 0.337989 2.326053 5.252654
v -0.176126 2.343873 5.286482
v -0.689985 2.246927 5.322047
v -1.174524 2.035990 5.358761
v -1.594076 1.727334 5.393901
v -1.932371 1.338172 5.427979
v -2.182005 0.873850 5.464424
v -2.345821 -0.147931 5.534620
v -2.255253 -0.662266 5.570046
v -2.050278 -1.149400 5.606768
v -1.746303 -1.573272 5.642061
v -1.361641 -1.915906 5.676034
v -1.053323 -2.101254 5.700755
v -0.258790 2.662694 2.477389
v 0.000000 2.350481 2.275000
v -2.278388 -1.402092 2.800852
v -1.860224 -1.436776 2.630270
v -1.933413 -1.849007 2.834118
v -1.287348 2.345133 3.542821
v -1.086048 -2.444875 3.895863
v 1.272634 -2.353150 4.041804
v 1.320946 -1.944187 3.870601
v 1.749092 -2.024251 4.076361
v 1.713399 -1.609045 3.904768
v 2.118402 -1.633795 4.107342
v -2.584861 0.689496 5.671500
v -2.321770 0.366258 5.500725
v -2.672041 0.130799 5.705048
v -1.662041 -1.662041 -12.350000
v -0.716084 -2.238701 -12.350000
v -1.222300 -2.007685 -12.350000
v -0.000000 -2.350481 -12.350000
v -0.362583 -2.322359 -12.350000
v 0.509353 -2.725156 -11.952645
v 1.012267 -2.654715 -11.883853
v 1.596222 -2.448884 -11.801815
v -1.257561 -1.985775 -12.315427
v -0.782540 -2.216392 -12.278800
v -0.271147 -2.334789 -12.242824
v 0.242880 -2.337899 -12.209074
v 0.514925 -2.293385 -12.315427
v 0.755145 -2.225874 -12.173210
v 1.013886 -2.120565 -12.278800
v 1.233121 -2.001043 -12.136548
v 1.459215 -1.842675 -12.242824
v 1.642164 -1.681683 -12.101798
v 1.824886 -1.481402 -12.209074
v 1.970224 -1.281786 -12.067395
v 2.107899 -1.039963 -12.173210
v 2.206568 -0.809825 -12.030813
v 2.286899 -0.543002 -12.136548
v 2.331331 -0.299423 -11.994731
v 2.350315 -0.027944 -12.101798
v 2.340662 0.214626 -11.960961
v 2.299519 0.486799 -12.067395
v 2.235015 0.727646 -11.925219
v 2.132912 0.987647 -12.030813
v 2.016025 1.208472 -11.888529
v 1.860224 1.436776 -11.994731
v 1.701131 1.622009 -11.853609
v 1.503334 1.806861 -11.960961
v 1.305792 1.954397 -11.819357
v 1.065871 2.094918 -11.925219
v 0.836994 2.196407 -11.782827
v 0.571026 2.280064 -11.888529
v 0.327700 2.327525 -11.746647
v 0.055947 2.349815 -11.853609
v -0.186394 2.343079 -11.712837
v -0.458633 2.305302 -11.819357
v -0.700050 2.243812 -11.677224
v -0.961250 2.144938 -11.782827
v -1.183618 2.030716 -11.640515
v -1.414090 1.877528 -11.746647
v -1.601578 1.720380 -11.605433
v -1.788607 1.525007 -11.712837
v -1.938296 1.329574 -11.571312
v -2.081624 1.091605 -11.677224
v -2.185908 0.864040 -11.534842
v -2.272878 0.598989 -11.640515
v -2.323369 0.355972 -11.498572
v -2.348979 0.084006 -11.605433
v -2.345152 -0.158188 -11.464704
v -2.310734 -0.430432 -11.571312
v -2.252263 -0.672363 -11.429226
v -2.156639 -0.934702 -11.534842
v -2.045113 -1.158565 -11.392507
v -1.894581 -1.391160 -11.498572
v -1.739425 -1.580874 -11.357268
v -1.546417 -1.770128 -11.464704
v -1.353128 -1.921928 -11.323259
v -1.117158 -2.068023 -11.429226
v -0.890957 -2.175076 -11.286859
v -0.626884 -2.265342 -11.392507
v -0.384234 -2.318863 -11.250506
v -0.112113 -2.347806 -11.357268
v 0.130014 -2.346882 -11.216558
v 0.402202 -2.315814 -11.323259
v 0.644591 -2.260368 -11.181225
v 0.908009 -2.168013 -11.286859
v 1.133317 -2.059212 -11.144502
v 1.367989 -1.911378 -11.250506
v 1.559899 -1.758259 -11.109116
v 1.751430 -1.567563 -11.216558
v 1.905295 -1.376448 -11.075198
v 2.054116 -1.142527 -11.181225
v 2.163912 -0.917739 -11.038875
v 2.257459 -0.654706 -11.144502
v 2.314006 -0.412478 -11.002449
v 2.346292 -0.140262 -11.109116
v 2.348272 0.101879 -10.968401
v 2.320543 0.373951 -11.075198
v 2.268125 0.616742 -10.933219
v 2.179056 0.881177 -11.038875
v 2.073008 1.107881 -10.896502
v 1.927915 1.344584 -11.002449
v 1.776878 1.538657 -10.860974
v 1.588439 1.732519 -10.968401
v 1.399532 1.888404 -10.827129
v 1.167704 2.039909 -10.933219
v 0.944380 2.152419 -10.790891
v 0.682448 2.249228 -10.896502
v 0.440697 2.308798 -10.754398
v 0.168448 2.344437 -10.860974
v -0.073790 2.349322 -10.720232
v -0.345685 2.324922 -10.827129
v -0.588821 2.275533 -10.685208
v -0.854213 2.189767 -10.790891
v -1.082261 2.086498 -10.648505
v -1.320946 1.944187 -10.754398
v -1.517150 1.795276 -10.612844
v -1.713399 1.609045 -10.720232
v -1.871260 1.422374 -10.579051
v -2.025404 1.192686 -10.685208
v -2.140599 0.970873 -10.542906
v -2.240651 0.710102 -10.648505
v -2.303238 0.468887 -10.506356
v -2.342239 0.196665 -10.612844
v -2.350036 -0.045751 -10.472052
v -2.328951 -0.317410 -10.579051
v -2.282592 -0.560835 -10.437192
v -2.200143 -0.827121 -10.542906
v -2.099678 -1.056463 -10.400512
v -1.960188 -1.297082 -10.506356
v -1.813447 -1.495383 -10.364724
v -1.629376 -1.694077 -10.472052
v -1.444970 -1.853866 -10.330964
v -1.217466 -2.010606 -10.437192
v -0.997213 -2.128456 -10.294919
v -0.737664 -2.231729 -10.400512
v -0.497039 -2.297327 -10.258321
v -0.224906 -2.339696 -10.364724
v 0.017768 -2.350414 -10.223858
v 0.289133 -2.332630 -10.330964
v 0.532791 -2.289300 -10.189171
v 0.799910 -2.210182 -10.294919
v 1.030493 -2.112545 -10.152521
v 1.272996 -1.975915 -10.258321
v 1.473358 -1.831387 -10.116615
v 1.674557 -1.649430 -10.223858
v 1.836229 -1.467318 -10.082868
v 1.995520 -1.242039 -10.189171
v 2.115993 -1.023394 -10.046931
v 2.222463 -0.765126 -10.152521
v 2.291065 -0.525148 -10.010291
v 2.336807 -0.253165 -10.116615
v 2.350459 -0.010161 -9.975653
v 2.335961 0.260860 -10.082868
v 2.295657 0.504695 -9.941143
v 2.219882 0.772584 -10.046931
v 2.125095 1.004356 -9.904532
v 1.991363 1.248692 -10.010291
v 1.849089 1.451079 -9.868516
v 1.669210 1.654841 -9.975653
v 1.489413 1.818354 -9.834762
v 1.266402 1.980148 -9.941143
v 1.049410 2.103211 -9.798942
v 0.792482 2.212856 -9.904532
v 0.553207 2.284452 -9.762269
v 0.281436 2.333571 -9.868516
v 0.038127 2.350172 -9.727456
v -0.232597 2.338944 -9.834762
v -0.476554 2.301664 -9.693110
v -0.745150 2.229240 -9.798942
v -0.978059 2.137326 -9.656546
v -1.224176 2.006528 -9.762269
v -1.428550 1.866549 -9.620427
v -1.634862 1.688782 -9.727456
v -1.800245 1.511250 -9.586645
v -1.964497 1.290547 -9.693110
v -2.090116 1.075256 -9.550949
v -2.202910 0.819725 -9.656546
v -2.277489 0.581209 -9.514252
v -2.329987 0.309713 -9.620427
v -2.349550 0.066152 -9.479271
v -2.341581 -0.204350 -9.586645
v -2.307319 -0.448374 -9.445069
v -2.238256 -0.717615 -9.550949
v -2.149234 -0.951607 -9.408561
v -2.021405 -1.199451 -9.514252
v -1.883762 -1.405774 -9.372347
v -1.708159 -1.614606 -9.479271
v -1.532828 -1.781909 -9.338518
v -1.314472 -1.948569 -9.445069
v -1.100924 -2.076710 -9.302953
v -0.846850 -2.192625 -9.408561
v -0.609148 -2.270176 -9.266239
v -0.337989 -2.326053 -9.372347
v -0.094228 -2.348591 -9.231099
v 0.176126 -2.343873 -9.338518
v 0.420162 -2.312623 -9.197021
v 0.689985 -2.246927 -9.302953
v 0.925005 -2.160816 -9.160576
v 1.174524 -2.035990 -9.266239
v 1.382756 -1.900723 -9.124275
v 1.594076 -1.727334 -9.231099
v 1.763349 -1.554143 -9.090380
v 1.932371 -1.338172 -9.197021
v 2.062997 -1.126411 -9.054954
v 2.182005 -0.873850 -9.160576
v 2.262514 -0.637017 -9.018232
v 2.321770 -0.366258 -9.124275
v 2.347294 -0.122351 -8.982939
v 2.345821 0.147931 -9.090380
v 2.317575 0.391924 -8.948966
v 2.255253 0.662266 -9.054954
v 2.172070 0.898261 -8.912592
v 2.050278 1.149400 -9.018232
v 1.917426 1.359499 -8.876212
v 1.746303 1.573272 -8.982939
v 1.575191 1.744573 -8.842230
v 1.361641 1.915906 -8.948966
v 1.151711 2.048981 -8.806951
v 0.900719 2.171052 -8.912592
v 0.664811 2.254504 -8.770229
v 0.394514 2.317136 -8.876212
v 0.150515 2.345657 -8.734791
v -0.119771 2.347427 -8.842230
v -0.363667 2.322177 -8.700902
v -0.634466 2.263231 -8.806951
v -0.871380 2.182993 -8.664608
v -1.124083 2.064267 -8.770229
v -1.336009 1.933867 -8.628158
v -1.552200 1.765060 -8.734791
v -1.725585 1.595969 -8.594069
v -1.899179 1.384876 -8.700902
v -2.034665 1.176818 -8.558943
v -2.159768 0.927450 -8.664608
v -2.246147 0.692521 -8.522230
v -2.312151 0.422750 -8.628158
v -2.343677 0.178712 -8.486653
v -2.348693 -0.091652 -8.594069
v -2.326428 -0.335397 -8.452829
v -2.270861 -0.606589 -8.558943
v -2.193582 -0.844369 -8.416624
v -2.077952 -1.098579 -8.522230
v -1.950041 -1.312289 -8.380110
v -1.783599 -1.530861 -8.486653
v -1.616475 -1.706391 -8.345896
v -1.407872 -1.882195 -8.452829
v -1.201726 -2.020053 -8.310930
v -0.954038 -2.148156 -8.416624
v -0.720143 -2.237444 -8.274235
v -0.450959 -2.306815 -8.380110
v -0.206939 -2.341354 -8.238527
v 0.063580 -2.349621 -8.345896
v 0.307121 -2.330330 -8.204749
v 0.578644 -2.278142 -8.310930
v 0.817233 -2.203835 -8.168638
v 1.072894 -2.091330 -8.274235
v 1.288343 -1.965943 -8.132071
v 1.509259 -1.801915 -8.238527
v 1.686996 -1.636705 -8.097710
v 1.864959 -1.430625 -8.204749
v 2.005150 -1.226432 -8.062913
v 2.136218 -0.980476 -8.168638
v 2.228397 -0.747669 -8.026242
v 2.301128 -0.479136 -8.132071
v 2.338685 -0.235187 -7.990411
v 2.350212 0.035561 -8.097710
v 2.333882 0.278844 -7.956658
v 2.285073 0.550637 -8.062913
v 2.213751 0.789979 -7.920652
v 2.104396 1.047032 -8.026242
v 1.981569 1.264177 -7.884037
v 1.820002 1.487398 -7.990411
v 1.656658 1.667407 -7.849512
v 1.453132 1.847476 -7.956658
v 1.250929 1.989959 -7.814889
v 1.006759 2.123958 -7.920652
v 0.775093 2.219007 -7.778253
v 0.507273 2.295089 -7.884037
v 0.263451 2.335670 -7.742306
v -0.007601 2.350469 -7.849512
v -0.250574 2.337086 -7.708559
v -0.522573 2.291654 -7.814889
v -0.762613 2.223327 -7.672663
v -1.021001 2.117148 -7.778253
v -1.239795 1.996915 -7.636010
v -1.465280 1.837856 -7.742306
v -1.647603 1.676355 -7.601307
v -1.829752 1.475387 -7.708559
v -1.974485 1.275213 -7.566860
v -2.111378 1.032881 -7.672663
v -2.209276 0.802409 -7.530265
v -2.288700 0.535364 -7.636010
v -2.332307 0.291725 -7.494210
v -2.350393 0.020331 -7.601307
v -2.339944 -0.222316 -7.460448
v -2.297884 -0.494460 -7.566860
v -2.232561 -0.735142 -7.424672
v -2.129583 -0.994805 -7.530265
v -2.011975 -1.215203 -7.387990
v -1.855471 -1.442909 -7.494210
v -1.695856 -1.627523 -7.353115
v -1.497389 -1.811791 -7.460448
v -1.299279 -1.958733 -7.318823
v -1.058835 -2.098482 -7.424672
v -0.829610 -2.199206 -7.282279
v -0.563403 -2.281959 -7.387990
v -0.320003 -2.328596 -7.246124
v -0.048319 -2.349984 -7.353115
v 0.194077 -2.342455 -7.212328
v 0.466304 -2.303762 -7.318823
v 0.707571 -2.241451 -7.176679
v 0.968451 -2.141696 -7.282279
v 1.190404 -2.026746 -7.139974
v 1.420290 -1.872842 -7.246124
v 1.607167 -1.715160 -7.104935
v 1.793599 -1.519133 -7.212328
v 1.942706 -1.323123 -7.070780
v 2.085274 -1.084617 -7.176679
v 2.188799 -0.856690 -7.034294
v 2.274868 -0.591383 -7.139974
v 2.324535 -0.348277 -6.998047
v 2.349240 -0.076363 -7.104935
v 2.344622 0.165863 -6.964197
v 2.309290 0.438112 -7.070780
v 2.249997 0.679908 -6.928682
v 2.153486 0.941944 -7.034294
v 2.041224 1.165404 -6.891964
v 1.889964 1.397426 -6.998047
v 1.734261 1.586537 -6.856767
v 1.540615 1.775181 -6.964197
v 1.346739 1.926410 -6.822730
v 1.110220 2.071756 -6.928682
v 0.883643 2.178058 -6.786310
v 0.619298 2.267428 -6.891964
v 0.376542 2.320124 -6.749979
v 0.104457 2.348159 -6.856767
v -0.137680 2.346445 -6.716054
v -0.409889 2.314466 -6.822730
v -0.652159 2.258196 -6.680681
v -0.915290 2.164949 -6.786310
v -1.140209 2.055403 -6.643959
v -1.374320 1.906831 -6.749979
v -1.565635 1.753153 -6.608612
v -1.756542 1.561833 -6.716054
v -1.909849 1.370123 -6.574671
v -2.057932 1.135640 -6.680681
v -2.166984 0.910462 -6.538326
v -2.259640 0.647140 -6.643959
v -2.315363 0.404791 -6.501919
v -2.346738 0.132595 -6.608612
v -2.347927 -0.109534 -6.467901
v -2.319291 -0.381644 -6.574671
v -2.266048 -0.624330 -6.432676
v -2.176083 -0.888495 -6.538326
v -2.069282 -1.114824 -6.395957
v -1.923439 -1.350978 -6.501919
v -1.771831 -1.544466 -6.360467
v -1.582783 -1.737688 -6.467901
v -1.393272 -1.893028 -6.326604
v -1.160870 -2.043806 -6.432676
v -0.937142 -2.155580 -6.290342
v -0.674904 -2.251503 -6.395957
v -0.433018 -2.310250 -6.253867
v -0.160772 -2.344976 -6.360467
v 0.081432 -2.349070 -6.219735
v 0.353381 -2.323765 -6.326604
v 0.596428 -2.273551 -6.184667
v 0.861566 -2.186885 -6.290342
v 1.089253 -2.082856 -6.147960
v 1.327404 -1.939784 -6.253867
v 1.523031 -1.790290 -6.112334
v 1.718624 -1.603462 -6.219735
v 1.875952 -1.416180 -6.078529
v 2.029382 -1.185905 -6.184667
v 2.143849 -0.963676 -6.042357
v 2.243020 -0.702583 -6.147960
v 2.304786 -0.461216 -6.005823
v 2.342871 -0.188981 -6.112334
v 2.349875 0.053378 -5.971557
v 2.327889 0.325108 -6.078529
v 2.280705 0.568460 -5.936653
v 2.197352 0.834508 -6.042357
v 2.096121 1.063503 -5.899965
v 1.955859 1.303601 -6.005823
v 1.808523 1.501334 -5.864212
v 1.623868 1.699356 -5.971557
v 1.438844 1.858626 -5.830445
v 1.210740 2.014663 -5.936653
v 0.990058 2.131794 -5.794372
v 0.730171 2.234191 -5.899965
v 0.489379 2.298971 -5.757785
v 0.217216 2.340423 -5.864212
v -0.025379 2.350344 -5.723367
v -0.296831 2.331663 -5.830445
v -0.540431 2.287508 -5.688633
v -0.807329 2.207483 -5.794372
v -1.037579 2.109073 -5.651974
v -1.279575 1.971662 -5.757785
v -1.479379 1.826527 -5.616100
v -1.679890 1.643998 -5.723367
v -1.841054 1.461259 -5.582351
v -1.999655 1.235371 -5.688633
v -2.119417 1.016283 -5.546384
v -2.225019 0.757661 -5.651974
v -2.292805 0.517501 -5.509754
v -2.337628 0.245471 -5.616100
v -2.350480 0.002559 -5.475164
v -2.335088 -0.268556 -5.582351
v -2.293962 -0.512348 -5.440607
v -2.217275 -0.780033 -5.546384
v -2.121710 -1.011487 -5.403985
v -1.987186 -1.255330 -5.509754
v -1.844294 -1.457169 -5.367998
v -1.663849 -1.660231 -5.475164
v -1.483423 -1.823243 -5.334247
v -1.259791 -1.984361 -5.440607
v -1.042345 -2.106722 -5.298395
v -0.785046 -2.215505 -5.403985
v -0.545574 -2.286287 -5.261730
v -0.273739 -2.334486 -5.367998
v -0.030508 -2.350283 -5.226964
v 0.240289 -2.338166 -5.334247
v 0.484219 -2.300064 -5.192575
v 0.752628 -2.226727 -5.298395
v 0.985233 -2.134028 -5.155998
v 1.230870 -2.002428 -5.261730
v 1.434707 -1.861821 -5.119906
v 1.640328 -1.683474 -5.226964
v 1.805198 -1.505331 -5.086133
v 1.968785 -1.283996 -5.192575
v 2.093712 -1.068237 -5.050403
v 2.205651 -0.812321 -5.155998
v 2.279419 -0.573592 -5.013711
v 2.330997 -0.302015 -5.119906
v 2.349752 -0.058517 -4.978776
v 2.340897 0.212037 -5.086133
v 2.305815 0.456049 -4.944536
v 2.235836 0.725120 -5.050403
v 2.146024 0.958822 -4.908012
v 2.017384 1.206202 -5.013711
v 1.879101 1.411998 -4.871823
v 1.702904 1.620148 -4.978776
v 1.526980 1.786922 -4.838009
v 1.307982 1.952932 -4.944536
v 1.093955 2.080390 -4.802408
v 0.839478 2.195458 -4.908012
v 0.601549 2.272202 -4.765697
v 0.422750 2.312151 -4.878158
v 0.300719 2.331165 -4.744818
v 0.000000 2.350481 -4.850000
v 0.000000 2.350481 -4.725000
v 2.055504 -1.712254 -11.898553
v -2.586396 0.683714 -11.328138
v -2.672320 0.124974 -11.294617
v 2.671294 -0.145264 -10.795785
v -2.519669 -0.898988 -10.233161
v 2.281260 1.397413 -9.699479
v -1.940959 -1.841084 -9.166505
v -1.532677 -2.192672 -9.135220
v 0.789514 -2.556087 -8.990187
v -1.281838 2.348149 -8.457561
v -1.747299 2.025798 -8.423777
v -2.385477 1.210955 -7.362570
v 2.587537 -0.679387 -6.827868
v -2.671527 0.140903 -6.295534
v -2.645743 -0.396178 -6.264466
v -2.278924 -1.401220 -5.199210
v 2.287727 1.386801 -4.700229
v 1.937966 1.844234 -4.666257
v 1.529034 2.195215 -4.634955
v 1.862546 -2.089616 -11.849685
v -2.781606 -0.561032 -10.162683
v 2.612712 1.107169 -9.629924
v -1.268456 -2.538328 -9.017792
v 1.243371 -2.550709 -8.871315
v -2.714078 -0.828172 -6.146992
v -2.611781 -1.109363 -5.129786
v 2.615292 1.101061 -4.630305
v 1.266326 2.539391 -4.517654
v 2.672392 0.123424 -11.280472
v 2.583704 0.693819 -11.246229
v -2.588005 -0.677599 -10.747244
v -2.115702 -1.637290 -9.682082
v -1.745774 -2.027112 -9.651107
v 1.090153 -2.443047 -9.470589
v 1.283417 2.347286 -9.117549
v -0.773667 -2.560928 -8.583807
v 1.936412 -1.845866 -8.408871
v 2.280725 -1.398286 -8.375583
v 0.254414 2.663116 -8.052133
v -2.643735 0.409361 -6.811325
v -2.672187 -0.127781 -6.780221
v -2.582540 -0.698141 -6.745958
v 2.586868 0.681927 -6.246974
v 2.112997 1.640779 -5.181822
v 1.742450 2.029970 -5.150852
v 2.601768 1.132649 -11.315827
v -2.472695 -1.392074 -9.799190
v 0.966378 2.667996 -9.186373
v -0.411020 -2.807695 -8.653765
v 0.685255 2.753637 -8.169538
v -2.711980 0.835017 -6.928419
v -2.600815 -1.134834 -6.815690
v 2.604377 1.126636 -6.316205
v 2.471529 1.394143 -5.299054
v -0.514925 2.293385 -4.815426
v -1.013886 2.120565 -4.778800
v -1.459215 1.842675 -4.742824
v -1.824886 1.481402 -4.709074
v -2.350315 0.027944 -4.601798
v -2.286899 0.543002 -4.636549
v -2.299519 -0.486799 -4.567395
v -2.132912 -0.987647 -4.530813
v -1.860224 -1.436776 -4.494730
v -1.503334 -1.806861 -4.460961
v -1.065871 -2.094918 -4.425219
v -0.571026 -2.280064 -4.388529
v -0.055947 -2.349815 -4.353609
v 0.458633 -2.305302 -4.319357
v 0.961250 -2.144938 -4.282827
v 1.414090 -1.877528 -4.246647
v 1.788607 -1.525007 -4.212838
v 2.081624 -1.091605 -4.177224
v 2.272878 -0.598989 -4.140515
v 2.348979 -0.084006 -4.105433
v 2.310734 0.430432 -4.071311
v 2.156639 0.934702 -4.034843
v 1.894581 1.391160 -3.998572
v 1.546417 1.770128 -3.964704
v 1.117158 2.068023 -3.929226
v 0.626884 2.265342 -3.892507
v 0.112113 2.347806 -3.857268
v -0.402202 2.315814 -3.823259
v -0.908009 2.168013 -3.786859
v -1.367989 1.911378 -3.750506
v -1.751430 1.567563 -3.716558
v -2.054116 1.142527 -3.681225
v -2.257459 0.654706 -3.644502
v -2.346292 0.140262 -3.609115
v -1.927915 -1.344584 -3.502449
v -2.179056 -0.881177 -3.538875
v -1.588439 -1.732519 -3.468401
v -1.167704 -2.039909 -3.433219
v -0.682448 -2.249228 -3.396502
v -0.168448 -2.344437 -3.360974
v 0.345685 -2.324922 -3.327129
v 0.854213 -2.189767 -3.290891
v 1.320946 -1.944187 -3.254399
v 1.713399 -1.609045 -3.220232
v 2.025404 -1.192686 -3.185208
v 2.240651 -0.710102 -3.148505
v 2.342239 -0.196665 -3.112844
v 2.328951 0.317410 -3.079051
v 2.200143 0.827121 -3.042906
v 1.960188 1.297082 -3.006356
v 1.629376 1.694077 -2.972051
v 1.217466 2.010606 -2.937192
v 0.737664 2.231729 -2.900512
v 0.224906 2.339696 -2.864724
v -0.289133 2.332630 -2.830965
v -0.799910 2.210182 -2.794919
v -1.272996 1.975915 -2.758321
v -1.674557 1.649430 -2.723858
v -1.995520 1.242039 -2.689171
v -2.222463 0.765126 -2.652521
v -2.336807 0.253165 -2.616615
v -2.335961 -0.260860 -2.582868
v -2.219882 -0.772584 -2.546932
v -1.991363 -1.248692 -2.510292
v -1.669210 -1.654841 -2.475653
v -1.266402 -1.980148 -2.441144
v -0.792482 -2.212856 -2.404533
v -0.281436 -2.333571 -2.368516
v 0.232597 -2.338944 -2.334762
v 0.745150 -2.229240 -2.298942
v 1.224176 -2.006528 -2.262269
v 1.634862 -1.688782 -2.227456
v 1.964497 -1.290547 -2.193110
v 2.202910 -0.819725 -2.156546
v 2.329987 -0.309713 -2.120427
v 2.341581 0.204350 -2.086645
v 2.238256 0.717615 -2.050949
v 2.021405 1.199451 -2.014251
v 0.846850 2.192625 -1.908561
v 1.314472 1.948569 -1.945069
v 0.337989 2.326053 -1.872347
v -0.176126 2.343873 -1.838518
v -0.689985 2.246927 -1.802953
v -1.594076 1.727334 -1.731099
v -1.174524 2.035990 -1.766239
v -1.932371 1.338172 -1.697021
v -2.182005 0.873850 -1.660576
v -2.321770 0.366258 -1.624275
v -2.345821 -0.147931 -1.590380
v -2.255253 -0.662266 -1.554954
v -2.050278 -1.149400 -1.518232
v -1.746303 -1.573272 -1.482939
v -1.361641 -1.915906 -1.448966
v -0.394514 -2.317136 -1.376212
v -0.900719 -2.171052 -1.412592
v 0.119771 -2.347427 -1.342230
v 0.634466 -2.263231 -1.306951
v 1.124083 -2.064267 -1.270229
v 1.552200 -1.765060 -1.234791
v 1.899179 -1.384876 -1.200902
v 2.159768 -0.927450 -1.164608
v 2.312151 -0.422750 -1.128157
v 2.348693 0.091652 -1.094069
v 2.270861 0.606589 -1.058943
v 2.077952 1.098579 -1.022231
v 1.783599 1.530861 -0.986653
v 1.407872 1.882195 -0.952830
v 0.954038 2.148156 -0.916624
v -0.063580 2.349621 -0.845896
v -0.578644 2.278142 -0.810931
v -1.072894 2.091330 -0.774235
v -1.509259 1.801915 -0.738527
v -2.136218 0.980476 -0.668639
v -2.301128 0.479136 -0.632070
v -2.350212 -0.035561 -0.597710
v -2.285073 -0.550637 -0.562913
v -2.104396 -1.047032 -0.526243
v -1.820002 -1.487398 -0.490411
v -1.453132 -1.847476 -0.456658
v -1.006759 -2.123958 -0.420652
v -0.507273 -2.295089 -0.384037
v 0.522573 -2.291654 -0.314889
v 0.007601 -2.350469 -0.349512
v 1.021001 -2.117148 -0.278253
v 1.465280 -1.837856 -0.242306
v 1.829752 -1.475387 -0.208558
v 2.111378 -1.032881 -0.172663
v 2.288700 -0.535364 -0.136010
v 2.350393 -0.020331 -0.101307
v 2.297884 0.494460 -0.066860
v 2.129583 0.994805 -0.030265
v 1.855471 1.442909 0.005790
v 1.497389 1.811791 0.039552
v 1.058835 2.098482 0.075328
v 0.563403 2.281959 0.112011
v 0.048319 2.349984 0.146885
v -0.466304 2.303762 0.181176
v -0.968451 2.141696 0.217721
v -1.420290 1.872842 0.253876
v -1.793599 1.519133 0.287672
v -2.085274 1.084617 0.323321
v -2.274868 0.591383 0.360026
v -2.349240 0.076363 0.395065
v -2.309290 -0.438112 0.429220
v -2.153486 -0.941944 0.465706
v -1.889964 -1.397426 0.501953
v -1.540615 -1.775181 0.535803
v -1.110220 -2.071756 0.571318
v -0.619298 -2.267428 0.608036
v -0.104457 -2.348159 0.643233
v 0.409889 -2.314466 0.677270
v 0.915290 -2.164949 0.713690
v 1.374320 -1.906831 0.750021
v 1.756542 -1.561833 0.783946
v 2.057932 -1.135640 0.819319
v 2.259640 -0.647140 0.856042
v 2.176083 0.888495 0.961674
v 1.923439 1.350978 0.998081
v 1.582783 1.737688 1.032099
v 1.160870 2.043806 1.067324
v 0.674904 2.251503 1.104043
v 0.160772 2.344976 1.139533
v -0.353381 2.323765 1.173396
v -0.861566 2.186885 1.209658
v -1.327404 1.939784 1.246133
v -1.718624 1.603462 1.280265
v -2.029382 1.185905 1.315333
v -2.243020 0.702583 1.352041
v -2.342871 0.188981 1.387666
v -2.327889 -0.325108 1.421471
v -1.955859 -1.303601 1.494177
v -2.197352 -0.834508 1.457643
v -1.623868 -1.699356 1.528443
v -1.210740 -2.014663 1.563347
v -0.730171 -2.234191 1.600035
v -0.217216 -2.340423 1.635788
v 0.296831 -2.331663 1.669555
v 0.807329 -2.207483 1.705629
v 1.279575 -1.971662 1.742215
v 1.679890 -1.643998 1.776633
v 1.999655 -1.235371 1.811367
v 2.225019 -0.757661 1.848026
v 2.337628 -0.245471 1.883900
v 2.335088 0.268556 1.917649
v 2.217275 0.780033 1.953616
v 1.987186 1.255330 1.990246
v 1.663849 1.660231 2.024836
v 1.259791 1.984361 2.059393
v 0.785046 2.215505 2.096015
v 0.394514 2.317136 2.123788
v -2.508396 0.929980 -4.843851
v -2.107899 1.039963 -4.673211
v -2.672392 -0.123424 -3.780472
v -2.320543 -0.373951 -3.575198
v -2.583704 -0.693819 -3.746229
v 2.588005 0.677599 -3.247244
v 2.115702 1.637290 -2.182082
v 1.708159 1.614606 -1.979271
v 1.745774 2.027112 -2.151107
v -1.090153 2.443047 -1.970589
v -1.283417 -2.347286 -1.617549
v 0.773667 2.560928 -1.083807
v 0.450959 2.306815 -0.880110
v -1.936412 1.845866 -0.908871
v -1.864959 1.430625 -0.704749
v -2.280725 1.398286 -0.875583
v -0.254414 -2.663116 -0.552133
v 2.643735 -0.409361 0.688675
v 2.346738 -0.132595 0.891389
v 2.672187 0.127781 0.719778
v 2.319291 0.381644 0.925329
v 2.582540 0.698141 0.754042
v -2.586868 -0.681927 1.253026
v -2.481262 1.376746 -4.962306
v 0.411020 2.807695 -1.153765
v -0.514925 2.293385 -4.690426
v -1.013886 2.120565 -4.653800
v -1.459215 1.842675 -4.617824
v -1.824886 1.481402 -4.584074
v -2.107899 1.039963 -4.548211
v -2.286899 0.543002 -4.511549
v -2.350315 0.027944 -4.476798
v -2.299519 -0.486799 -4.442395
v -2.132912 -0.987647 -4.405813
v -1.860224 -1.436776 -4.369730
v -1.503334 -1.806861 -4.335961
v -1.065871 -2.094918 -4.300219
v -0.571026 -2.280064 -4.263529
v -0.055947 -2.349815 -4.228609
v 0.458633 -2.305302 -4.194357
v 0.961250 -2.144938 -4.157827
v 1.414090 -1.877528 -4.121647
v 1.788607 -1.525007 -4.087838
v 2.081624 -1.091605 -4.052224
v 2.272878 -0.598989 -4.015515
v 2.348979 -0.084006 -3.980433
v 2.310734 0.430432 -3.946312
v 2.156639 0.934702 -3.909843
v 1.894581 1.391160 -3.873572
v 1.546417 1.770128 -3.839704
v 1.117158 2.068023 -3.804226
v 0.626884 2.265342 -3.767507
v 0.112113 2.347806 -3.732268
v -0.402202 2.315814 -3.698259
v -0.908009 2.168013 -3.661859
v -1.367989 1.911378 -3.625506
v -1.751430 1.567563 -3.591558
v -2.054116 1.142527 -3.556225
v -2.257459 0.654706 -3.519502
v -2.346292 0.140262 -3.484115
v -2.320543 -0.373951 -3.450198
v -2.179056 -0.881177 -3.413875
v -1.927915 -1.344584 -3.377449
v -1.588439 -1.732519 -3.343401
v -1.167704 -2.039909 -3.308219
v -0.682448 -2.249228 -3.271502
v -0.168448 -2.344437 -3.235974
v 0.345685 -2.324922 -3.202129
v 0.854213 -2.189767 -3.165891
v 1.320946 -1.944187 -3.129399
v 1.713399 -1.609045 -3.095232
v 2.025404 -1.192686 -3.060208
v 2.240651 -0.710102 -3.023505
v 2.342239 -0.196665 -2.987844
v 2.328951 0.317410 -2.954051
v 2.200143 0.827121 -2.917906
v 1.960188 1.297082 -2.881356
v 1.629376 1.694077 -2.847051
v 1.217466 2.010606 -2.812192
v 0.737664 2.231729 -2.775512
v 0.224906 2.339696 -2.739724
v -0.289133 2.332630 -2.705965
v -0.799910 2.210182 -2.669919
v -1.272996 1.975915 -2.633321
v -1.674557 1.649430 -2.598858
v -1.995520 1.242039 -2.564171
v -2.222463 0.765126 -2.527521
v -2.336807 0.253165 -2.491615
v -2.335961 -0.260860 -2.457868
v -2.219882 -0.772584 -2.421932
v -1.991363 -1.248692 -2.385292
v -1.669210 -1.654841 -2.350653
v -1.266402 -1.980148 -2.316144
v -0.792482 -2.212856 -2.279533
v -0.281436 -2.333571 -2.243516
v 0.232597 -2.338944 -2.209762
v 0.745150 -2.229240 -2.173942
v 1.224176 -2.006528 -2.137269
v 1.634862 -1.688782 -2.102456
v 1.964497 -1.290547 -2.068110
v 2.202910 -0.819725 -2.031546
v 2.329987 -0.309713 -1.995427
v 2.341581 0.204350 -1.961645
v 2.238256 0.717615 -1.925949
v 2.021405 1.199451 -1.889251
v 1.708159 1.614606 -1.854271
v 1.314472 1.948569 -1.820069
v 0.846850 2.192625 -1.783561
v 0.337989 2.326053 -1.747347
v -0.176126 2.343873 -1.713518
v -0.689985 2.246927 -1.677953
v -1.174524 2.035990 -1.641239
v -1.594076 1.727334 -1.606099
v -1.932371 1.338172 -1.572021
v -2.182005 0.873850 -1.535576
v -2.321770 0.366258 -1.499275
v -2.345821 -0.147931 -1.465380
v -2.255253 -0.662266 -1.429954
v -2.050278 -1.149400 -1.393232
v -1.746303 -1.573272 -1.357939
v -1.361641 -1.915906 -1.323966
v -0.900719 -2.171052 -1.287592
v -0.394514 -2.317136 -1.251212
v 0.119771 -2.347427 -1.217230
v 0.634466 -2.263231 -1.181951
v 1.124083 -2.064267 -1.145229
v 1.552200 -1.765060 -1.109791
v 1.899179 -1.384876 -1.075902
v 2.159768 -0.927450 -1.039608
v 2.312151 -0.422750 -1.003157
v 2.348693 0.091652 -0.969069
v 2.270861 0.606589 -0.933943
v 2.077952 1.098579 -0.897230
v 1.783599 1.530861 -0.861653
v 1.407872 1.882195 -0.827830
v 0.954038 2.148156 -0.791624
v 0.450959 2.306815 -0.755110
v -0.063580 2.349621 -0.720896
v -0.578644 2.278142 -0.685931
v -1.072894 2.091330 -0.649235
v -1.509259 1.801915 -0.613527
v -1.864959 1.430625 -0.579749
v -2.136218 0.980476 -0.543639
v -2.301128 0.479136 -0.507070
v -2.350212 -0.035561 -0.472710
v -2.285073 -0.550637 -0.437913
v -2.104396 -1.047032 -0.401243
v -1.820002 -1.487398 -0.365411
v -1.453132 -1.847476 -0.331658
v -1.006759 -2.123958 -0.295652
v -0.507273 -2.295089 -0.259037
v 0.007601 -2.350469 -0.224512
v 0.522573 -2.291654 -0.189889
v 1.021001 -2.117148 -0.153253
v 1.465280 -1.837856 -0.117306
v 1.829752 -1.475387 -0.083558
v 2.111378 -1.032881 -0.047663
v 2.288700 -0.535364 -0.011010
v 2.350393 -0.020331 0.023693
v 2.297884 0.494460 0.058140
v 2.129583 0.994805 0.094735
v 1.855471 1.442909 0.130790
v 1.497389 1.811791 0.164552
v 1.058835 2.098482 0.200328
v 0.563403 2.281959 0.237011
v 0.048319 2.349984 0.271885
v -0.466304 2.303762 0.306176
v -0.968451 2.141696 0.342721
v -1.420290 1.872842 0.378876
v -1.793599 1.519133 0.412672
v -2.085274 1.084617 0.448321
v -2.274868 0.591383 0.485026
v -2.349240 0.076363 0.520065
v -2.309290 -0.438112 0.554220
v -2.153486 -0.941944 0.590706
v -1.889964 -1.397426 0.626953
v -1.540615 -1.775181 0.660803
v -1.110220 -2.071756 0.696318
v -0.619298 -2.267428 0.733036
v -0.104457 -2.348159 0.768233
v 0.409889 -2.314466 0.802270
v 0.915290 -2.164949 0.838690
v 1.374320 -1.906831 0.875021
v 1.756542 -1.561833 0.908946
v 2.057932 -1.135640 0.944319
v 2.259640 -0.647140 0.981042
v 2.346738 -0.132595 1.016389
v 2.319291 0.381644 1.050329
v 2.176083 0.888495 1.086674
v 1.923439 1.350978 1.123081
v 1.582783 1.737688 1.157099
v 1.160870 2.043806 1.192324
v 0.674904 2.251503 1.229043
v 0.160772 2.344976 1.264533
v -0.353381 2.323765 1.298396
v -0.861566 2.186885 1.334658
v -1.327404 1.939784 1.371133
v -1.718624 1.603462 1.405265
v -2.029382 1.185905 1.440333
v -2.243020 0.702583 1.477041
v -2.342871 0.188981 1.512666
v -2.327889 -0.325108 1.546471
v -2.197352 -0.834508 1.582643
v -1.955859 -1.303601 1.619177
v -1.623868 -1.699356 1.653443
v -1.210740 -2.014663 1.688347
v -0.730171 -2.234191 1.725035
v -0.217216 -2.340423 1.760788
v 0.296831 -2.331663 1.794555
v 0.807329 -2.207483 1.830629
v 1.279575 -1.971662 1.867215
v 1.679890 -1.643998 1.901633
v 1.999655 -1.235371 1.936367
v 2.225019 -0.757661 1.973026
v 2.337628 -0.245471 2.008900
v 2.335088 0.268556 2.042649
v 2.217275 0.780033 2.078616
v 1.987186 1.255330 2.115246
v 1.663849 1.660231 2.149836
v 1.259791 1.984361 2.184393
v 0.785046 2.215505 2.221015
v 0.394514 2.317136 2.248788
v -0.258790 2.662694 -4.522611
v -2.278388 -1.402092 -4.199148
v -1.933413 -1.849007 -4.165882
v -1.287348 2.345133 -3.457179
v -1.086048 -2.444875 -3.104137
v 1.272634 -2.353150 -2.958196
v 1.749092 -2.024251 -2.923640
v 2.118402 -1.633795 -2.892658
v -2.584861 0.689496 -1.328500
v -2.672041 0.130799 -1.294952
v -2.521681 -0.893330 -0.233527
v 2.276043 1.405894 0.301121
v 1.930409 1.852143 0.334365
v -1.944953 -1.836864 0.833164
v -1.537540 -2.189265 0.864426
v 1.291274 -2.342973 1.043093
v -1.276575 2.351014 1.542076
v -1.752404 2.021384 1.576614
v -1.510601 -2.402118 -3.033667
vn 0.151170 -0.711078 -0.686670
vn 0.298008 -0.626422 -0.720268
vn 0.312557 -0.651030 -0.691714
vn 0.431950 -0.535672 -0.725586
vn 0.435724 -0.544194 -0.716936
vn 0.555988 -0.466540 -0.687909
vn 0.522091 -0.403205 -0.751563
vn 0.649311 -0.364358 -0.667562
vn 0.598863 -0.269626 -0.754099
vn 0.701015 -0.235606 -0.673103
vn 0.656324 -0.125186 -0.744021
vn 0.715725 -0.097936 -0.691481
vn 0.690385 0.031846 -0.722741
vn 0.696593 0.035886 -0.716569
vn 0.654100 0.188560 -0.732529
vn 0.698260 0.165057 -0.696555
vn 0.665122 0.291556 -0.687465
vn 0.591043 0.334678 -0.733934
vn 0.598288 0.404000 -0.691979
vn 0.504703 0.469994 -0.724142
vn 0.505542 0.494989 -0.706692
vn 0.382071 0.575072 -0.723405
vn 0.411264 0.578052 -0.704782
vn 0.236513 0.644221 -0.727352
vn 0.307951 0.650527 -0.694249
vn 0.189374 0.692935 -0.695686
vn 0.080667 0.684628 -0.724416
vn 0.091810 0.689476 -0.718466
vn 0.031676 0.706752 -0.706752
vn -0.072092 0.705267 -0.705267
vn -0.079373 0.698174 -0.711515
vn -0.232514 0.658144 -0.716089
vn -0.214268 0.681236 -0.700005
vn -0.374370 0.589243 -0.715989
vn -0.355449 0.624981 -0.695022
vn -0.494942 0.488058 -0.718910
vn -0.476845 0.536336 -0.696392
vn -0.549366 0.450511 -0.703731
vn -0.592115 0.364656 -0.718628
vn -0.589395 0.382385 -0.711614
vn -0.658367 0.222270 -0.719131
vn -0.655466 0.294199 -0.695566
vn -0.692016 0.068870 -0.718589
vn -0.704173 0.152706 -0.693413
vn -0.690452 -0.088307 -0.717968
vn -0.719969 -0.003622 -0.693997
vn -0.695731 -0.119589 -0.708278
vn -0.653767 -0.241320 -0.717185
vn -0.681462 -0.195334 -0.705304
vn -0.584955 -0.383251 -0.714805
vn -0.650322 -0.298745 -0.698450
vn -0.510197 -0.486366 -0.709329
vn -0.577434 -0.417892 -0.701382
vn -0.441669 -0.550007 -0.708817
vn -0.485192 -0.530776 -0.694886
vn -0.348070 -0.623382 -0.700173
vn -0.356012 -0.602406 -0.714397
vn -0.203475 -0.668194 -0.715622
vn -0.239407 -0.673757 -0.699097
vn -0.130384 -0.700600 -0.701541
vn -0.064718 -0.691273 -0.719689
vn -0.043537 -0.706436 -0.706437
vn 0.091489 -0.928899 -0.358855
vn 0.216139 -0.949706 0.226588
vn 0.279888 -0.922667 -0.265234
vn 0.381510 -0.900556 0.208444
vn 0.464598 -0.869202 -0.169225
vn 0.557131 -0.817789 0.144312
vn 0.629476 -0.767019 -0.124264
vn 0.771961 -0.627384 -0.102301
vn 0.713000 -0.689756 0.125967
vn 0.880544 -0.464740 -0.093053
vn 0.843187 -0.525129 0.115219
vn 0.934535 -0.344539 0.089085
vn 0.954417 -0.272635 -0.121485
vn 0.981597 -0.158694 0.106228
vn 0.989532 -0.066045 -0.128317
vn 0.990858 0.040947 0.128546
vn 0.985273 0.133768 -0.106504
vn 0.942805 0.321007 -0.089855
vn 0.961055 0.248322 0.121284
vn 0.893650 0.439677 0.089857
vn 0.855158 0.503979 -0.121284
vn 0.791281 0.602106 0.106503
vn 0.729596 0.671688 -0.128547
vn 0.653003 0.746405 0.128318
vn 0.581880 0.806307 -0.106228
vn 0.417190 0.904442 -0.089084
vn 0.482092 0.867657 0.121487
vn 0.249252 0.967339 -0.046138
vn 0.294018 0.951259 0.093054
vn 0.084248 0.996445 0.000000
vn 0.100076 0.993538 0.053539
vn 0.100939 -0.992253 -0.072423
vn 0.078189 -0.996939 0.000000
vn 0.230803 -0.971394 0.055898
vn 0.294444 -0.949009 -0.112627
vn 0.393124 -0.913281 0.106633
vn 0.481921 -0.866001 -0.133393
vn 0.560854 -0.820210 0.112690
vn 0.652909 -0.746136 -0.130349
vn 0.712318 -0.689479 0.131230
vn 0.790903 -0.601364 -0.113289
vn 0.840831 -0.524784 0.132683
vn 0.892507 -0.438038 -0.107492
vn 0.932508 -0.344854 0.107259
vn 0.959748 -0.247314 -0.133118
vn 0.980804 -0.158932 0.112975
vn 0.990603 -0.040832 -0.130533
vn 0.990603 0.040832 0.130534
vn 0.980805 0.158932 -0.112975
vn 0.959748 0.247314 0.133118
vn 0.932508 0.344854 -0.107259
vn 0.892507 0.438038 0.107492
vn 0.840831 0.524784 -0.132682
vn 0.790903 0.601364 0.113288
vn 0.712318 0.689479 -0.131230
vn 0.652909 0.746136 0.130350
vn 0.560854 0.820210 -0.112691
vn 0.481921 0.866001 0.133394
vn 0.393124 0.913281 -0.106633
vn 0.230803 0.971394 -0.055898
vn 0.294444 0.949009 0.112627
vn 0.078189 0.996939 0.000000
vn 0.100939 0.992253 0.072423
vn 0.100939 -0.992253 -0.072423
vn 0.078189 -0.996939 0.000000
vn 0.230803 -0.971394 0.055898
vn 0.294444 -0.949009 -0.112627
vn 0.393124 -0.913281 0.106633
vn 0.481921 -0.866001 -0.133393
vn 0.560854 -0.820210 0.112690
vn 0.652909 -0.746136 -0.130349
vn 0.712318 -0.689479 0.131230
vn 0.790903 -0.601364 -0.113289
vn 0.840831 -0.524784 0.132683
vn 0.892507 -0.438038 -0.107492
vn 0.932508 -0.344854 0.107259
vn 0.959748 -0.247314 -0.133118
vn 0.980804 -0.158932 0.112975
vn 0.990603 -0.040832 -0.130533
vn 0.990603 0.040832 0.130534
vn 0.980805 0.158932 -0.112975
vn 0.959748 0.247314 0.133118
vn 0.932508 0.344854 -0.107259
vn 0.892507 0.438038 0.107492
vn 0.840831 0.524784 -0.132682
vn 0.790903 0.601364 0.113288
vn 0.712318 0.689479 -0.131230
vn 0.652909 0.746136 0.130350
vn 0.560854 0.820210 -0.112691
vn 0.481921 0.866001 0.133394
vn 0.393124 0.913281 -0.106633
vn 0.230803 0.971394 -0.055898
vn 0.294444 0.949009 0.112627
vn 0.078189 0.996939 0.000000
vn 0.100939 0.992253 0.072423
vn 0.100939 -0.992253 -0.072423
vn 0.078189 -0.996939 0.000000
vn 0.230803 -0.971394 0.055898
vn 0.294444 -0.949009 -0.112627
vn 0.393124 -0.913281 0.106633
vn 0.481921 -0.866001 -0.133393
vn 0.560854 -0.820210 0.112690
vn 0.652909 -0.746136 -0.130349
vn 0.712318 -0.689479 0.131230
vn 0.790903 -0.601364 -0.113289
vn 0.840831 -0.524784 0.132683
vn 0.892507 -0.438038 -0.107492
vn 0.932508 -0.344854 0.107259
vn 0.959748 -0.247314 -0.133118
vn 0.980804 -0.158932 0.112975
vn 0.990603 -0.040832 -0.130533
vn 0.990603 0.040832 0.130534
vn 0.980805 0.158932 -0.112975
vn 0.959748 0.247314 0.133118
vn 0.932508 0.344854 -0.107259
vn 0.892507 0.438038 0.107492
vn 0.840831 0.524784 -0.132682
vn 0.790903 0.601364 0.113288
vn 0.712318 0.689479 -0.131230
vn 0.652909 0.746136 0.130350
vn 0.560854 0.820210 -0.112691
vn 0.481921 0.866001 0.133394
vn 0.393124 0.913281 -0.106633
vn 0.230803 0.971394 -0.055898
vn 0.294444 0.949009 0.112627
vn 0.078189 0.996939 0.000000
vn 0.100939 0.992253 0.072423
vn 0.100939 -0.992253 -0.072423
vn 0.078189 -0.996939 0.000000
vn 0.230803 -0.971394 0.055898
vn 0.294444 -0.949009 -0.112627
vn 0.393124 -0.913281 0.106634
vn 0.481921 -0.866001 -0.133394
vn 0.560854 -0.820210 0.112691
vn 0.652909 -0.746136 -0.130350
vn 0.712318 -0.689479 0.131230
vn 0.790903 -0.601364 -0.113288
vn 0.840831 -0.524784 0.132682
vn 0.892507 -0.438038 -0.107492
vn 0.932508 -0.344855 0.107259
vn 0.959748 -0.247314 -0.133118
vn 0.980804 -0.158932 0.112975
vn 0.990603 -0.040832 -0.130533
vn 0.990603 0.040832 0.130534
vn 0.980805 0.158932 -0.112975
vn 0.959748 0.247314 0.133118
vn 0.932508 0.344854 -0.107259
vn 0.892507 0.438038 0.107492
vn 0.840831 0.524784 -0.132683
vn 0.790903 0.601364 0.113288
vn 0.712318 0.689479 -0.131230
vn 0.652909 0.746136 0.130349
vn 0.560854 0.820210 -0.112690
vn 0.481921 0.866001 0.133394
vn 0.393124 0.913281 -0.106633
vn 0.230803 0.971394 -0.055898
vn 0.294444 0.949009 0.112627
vn 0.078189 0.996939 0.000000
vn 0.100939 0.992253 0.072423
vn 0.100939 -0.992253 -0.072423
vn 0.078189 -0.996939 0.000000
vn 0.230803 -0.971394 0.055898
vn 0.294444 -0.949009 -0.112627
vn 0.393124 -0.913281 0.106634
vn 0.481921 -0.866001 -0.133394
vn 0.560854 -0.820210 0.112691
vn 0.652909 -0.746136 -0.130350
vn 0.712318 -0.689479 0.131230
vn 0.790903 -0.601364 -0.113288
vn 0.840831 -0.524784 0.132682
vn 0.892507 -0.438038 -0.107492
vn 0.932508 -0.344855 0.107259
vn 0.959748 -0.247314 -0.133118
vn 0.980804 -0.158932 0.112975
vn 0.990603 -0.040832 -0.130533
vn 0.990603 0.040832 0.130534
vn 0.980805 0.158932 -0.112975
vn 0.959748 0.247314 0.133118
vn 0.932508 0.344854 -0.107259
vn 0.892507 0.438038 0.107492
vn 0.840831 0.524784 -0.132683
vn 0.790903 0.601364 0.113288
vn 0.712318 0.689479 -0.131230
vn 0.652909 0.746136 0.130349
vn 0.560854 0.820210 -0.112690
vn 0.481921 0.866001 0.133394
vn 0.393124 0.913281 -0.106633
vn 0.230803 0.971394 -0.055898
vn 0.294444 0.949009 0.112627
vn 0.078189 0.996939 0.000000
vn 0.100939 0.992253 0.072423
vn 0.100939 -0.992253 -0.072423
vn 0.078189 -0.996939 0.000000
vn 0.230803 -0.971394 0.055898
vn 0.294444 -0.949009 -0.112627
vn 0.393124 -0.913281 0.106634
vn 0.481921 -0.866001 -0.133394
vn 0.560854 -0.820210 0.112691
vn 0.652909 -0.746136 -0.130350
vn 0.712318 -0.689479 0.131230
vn 0.790903 -0.601364 -0.113288
vn 0.840831 -0.524784 0.132682
vn 0.892507 -0.438038 -0.107492
vn 0.932508 -0.344855 0.107259
vn 0.959748 -0.247314 -0.133118
vn 0.980804 -0.158932 0.112975
vn 0.990603 -0.040832 -0.130533
vn 0.990603 0.040832 0.130534
vn 0.980805 0.158932 -0.112975
vn 0.959748 0.247314 0.133118
vn 0.932508 0.344854 -0.107259
vn 0.892507 0.438038 0.107492
vn 0.840831 0.524784 -0.132683
vn 0.790903 0.601364 0.113288
vn 0.712318 0.689479 -0.131230
vn 0.652909 0.746136 0.130349
vn 0.560854 0.820210 -0.112690
vn 0.481921 0.866001 0.133394
vn 0.393124 0.913281 -0.106633
vn 0.230803 0.971394 -0.055898
vn 0.294444 0.949009 0.112627
vn 0.078189 0.996939 0.000000
vn 0.100939 0.992253 0.072423
vn 0.100939 -0.992253 -0.072423
vn 0.078189 -0.996939 0.000000
vn 0.230803 -0.971394 0.055898
vn 0.294444 -0.949009 -0.112627
vn 0.393124 -0.913281 0.106634
vn 0.481921 -0.866001 -0.133394
vn 0.560854 -0.820210 0.112691
vn 0.652909 -0.746136 -0.130350
vn 0.712318 -0.689479 0.131230
vn 0.790903 -0.601364 -0.113288
vn 0.840831 -0.524784 0.132682
vn 0.892507 -0.438038 -0.107492
vn 0.932508 -0.344855 0.107259
vn 0.959748 -0.247314 -0.133118
vn 0.980804 -0.158932 0.112975
vn 0.990603 -0.040832 -0.130533
vn 0.990603 0.040832 0.130534
vn 0.980805 0.158932 -0.112975
vn 0.959748 0.247314 0.133118
vn 0.932508 0.344854 -0.107259
vn 0.892507 0.438038 0.107492
vn 0.840831 0.524784 -0.132683
vn 0.790903 0.601364 0.113288
vn 0.712318 0.689479 -0.131230
vn 0.652909 0.746136 0.130349
vn 0.560854 0.820210 -0.112690
vn 0.481921 0.866001 0.133394
vn 0.393124 0.913281 -0.106633
vn 0.230803 0.971394 -0.055898
vn 0.294444 0.949009 0.112627
vn 0.078189 0.996939 0.000000
vn 0.100939 0.992253 0.072423
vn 0.100939 -0.992253 -0.072423
vn 0.078189 -0.996939 0.000000
vn 0.230803 -0.971394 0.055898
vn 0.294444 -0.949009 -0.112627
vn 0.393124 -0.913281 0.106633
vn 0.481921 -0.866001 -0.133393
vn 0.560854 -0.820210 0.112691
vn 0.652909 -0.746136 -0.130349
vn 0.712318 -0.689479 0.131230
vn 0.790903 -0.601364 -0.113288
vn 0.840831 -0.524784 0.132683
vn 0.892507 -0.438038 -0.107492
vn 0.932508 -0.344855 0.107259
vn 0.959748 -0.247314 -0.133118
vn 0.980804 -0.158932 0.112975
vn 0.990603 -0.040832 -0.130533
vn 0.990603 0.040832 0.130534
vn 0.980804 0.158932 -0.112975
vn 0.959748 0.247314 0.133118
vn 0.932508 0.344855 -0.107259
vn 0.892507 0.438038 0.107492
vn 0.840831 0.524784 -0.132682
vn 0.790903 0.601364 0.113288
vn 0.712318 0.689479 -0.131230
vn 0.652909 0.746136 0.130350
vn 0.560854 0.820210 -0.112691
vn 0.481921 0.866001 0.133393
vn 0.393124 0.913281 -0.106633
vn 0.230803 0.971394 -0.055898
vn 0.294444 0.949009 0.112627
vn 0.078189 0.996939 0.000000
vn 0.100939 0.992253 0.072423
vn 0.100939 -0.992253 -0.072423
vn 0.078189 -0.996939 0.000000
vn 0.230803 -0.971394 0.055898
vn 0.294444 -0.949009 -0.112627
vn 0.393124 -0.913281 0.106633
vn 0.481921 -0.866001 -0.133393
vn 0.560854 -0.820210 0.112691
vn 0.652909 -0.746136 -0.130349
vn 0.712318 -0.689479 0.131230
vn 0.790903 -0.601364 -0.113288
vn 0.840831 -0.524784 0.132683
vn 0.892507 -0.438038 -0.107492
vn 0.932508 -0.344855 0.107259
vn 0.959748 -0.247314 -0.133118
vn 0.980804 -0.158932 0.112975
vn 0.990603 -0.040832 -0.130533
vn 0.990603 0.040832 0.130534
vn 0.980804 0.158932 -0.112975
vn 0.959748 0.247314 0.133118
vn 0.932508 0.344855 -0.107259
vn 0.892507 0.438038 0.107492
vn 0.840831 0.524784 -0.132682
vn 0.790903 0.601364 0.113288
vn 0.712318 0.689479 -0.131230
vn 0.652909 0.746136 0.130350
vn 0.560854 0.820210 -0.112691
vn 0.481921 0.866001 0.133393
vn 0.393124 0.913281 -0.106633
vn 0.230803 0.971394 -0.055898
vn 0.294444 0.949009 0.112627
vn 0.078189 0.996939 0.000000
vn 0.100939 0.992253 0.072423
vn 0.100939 -0.992253 -0.072423
vn 0.078189 -0.996939 0.000000
vn 0.230803 -0.971394 0.055898
vn 0.294444 -0.949009 -0.112627
vn 0.393124 -0.913281 0.106633
vn 0.481921 -0.866001 -0.133394
vn 0.560854 -0.820210 0.112691
vn 0.652909 -0.746136 -0.130349
vn 0.712318 -0.689479 0.131230
vn 0.790903 -0.601364 -0.113288
vn 0.840831 -0.524784 0.132683
vn 0.892507 -0.438038 -0.107492
vn 0.932508 -0.344855 0.107259
vn 0.959748 -0.247314 -0.133118
vn 0.980804 -0.158932 0.112975
vn 0.990603 -0.040832 -0.130533
vn 0.990603 0.040832 0.130533
vn 0.980804 0.158932 -0.112975
vn 0.959748 0.247314 0.133118
vn 0.932508 0.344855 -0.107259
vn 0.892507 0.438038 0.107492
vn 0.840831 0.524784 -0.132683
vn 0.790903 0.601364 0.113288
vn 0.712318 0.689479 -0.131230
vn 0.652909 0.746136 0.130349
vn 0.560854 0.820210 -0.112690
vn 0.481921 0.866001 0.133394
vn 0.393124 0.913281 -0.106633
vn 0.230803 0.971394 -0.055898
vn 0.294444 0.949009 0.112627
vn 0.078189 0.996939 0.000000
vn 0.100939 0.992253 0.072423
vn 0.100939 -0.992253 -0.072423
vn 0.078189 -0.996939 0.000000
vn 0.230803 -0.971394 0.055898
vn 0.294444 -0.949009 -0.112627
vn 0.393124 -0.913281 0.106633
vn 0.481921 -0.866001 -0.133394
vn 0.560854 -0.820210 0.112691
vn 0.652909 -0.746136 -0.130349
vn 0.712318 -0.689479 0.131230
vn 0.790903 -0.601364 -0.113288
vn 0.840831 -0.524784 0.132683
vn 0.892507 -0.438038 -0.107492
vn 0.932508 -0.344855 0.107259
vn 0.959748 -0.247314 -0.133118
vn 0.980804 -0.158932 0.112975
vn 0.990603 -0.040832 -0.130533
vn 0.990603 0.040832 0.130533
vn 0.980804 0.158932 -0.112975
vn 0.959748 0.247314 0.133118
vn 0.932508 0.344855 -0.107259
vn 0.892507 0.438038 0.107492
vn 0.840831 0.524784 -0.132683
vn 0.790903 0.601364 0.113288
vn 0.712318 0.689479 -0.131230
vn 0.652909 0.746136 0.130350
vn 0.560854 0.820210 -0.112690
vn 0.481921 0.866001 0.133394
vn 0.393124 0.913281 -0.106633
vn 0.230803 0.971394 -0.055898
vn 0.294444 0.949009 0.112627
vn 0.078189 0.996939 0.000000
vn 0.100939 0.992253 0.072423
vn 0.100939 -0.992253 -0.072423
vn 0.078189 -0.996939 0.000000
vn 0.230803 -0.971394 0.055898
vn 0.294444 -0.949009 -0.112627
vn 0.393124 -0.913281 0.106633
vn 0.481921 -0.866001 -0.133394
vn 0.560854 -0.820210 0.112691
vn 0.652909 -0.746136 -0.130349
vn 0.712318 -0.689479 0.131230
vn 0.790903 -0.601364 -0.113288
vn 0.840831 -0.524784 0.132683
vn 0.892507 -0.438038 -0.107492
vn 0.932508 -0.344855 0.107259
vn 0.959748 -0.247314 -0.133118
vn 0.980804 -0.158932 0.112975
vn 0.990603 -0.040832 -0.130533
vn 0.990603 0.040832 0.130533
vn 0.980804 0.158932 -0.112975
vn 0.959748 0.247314 0.133118
vn 0.932508 0.344855 -0.107259
vn 0.892507 0.438038 0.107492
vn 0.840831 0.524784 -0.132683
vn 0.790903 0.601364 0.113288
vn 0.712318 0.689479 -0.131230
vn 0.652909 0.746136 0.130350
vn 0.560854 0.820210 -0.112690
vn 0.481921 0.866001 0.133394
vn 0.393124 0.913281 -0.106633
vn 0.230803 0.971394 -0.055898
vn 0.294444 0.949009 0.112627
vn 0.078189 0.996939 0.000000
vn 0.100939 0.992253 0.072423
vn 0.100939 -0.992253 -0.072423
vn 0.078189 -0.996939 0.000000
vn 0.230803 -0.971394 0.055898
vn 0.294444 -0.949009 -0.112627
vn 0.393124 -0.913281 0.106633
vn 0.481921 -0.866001 -0.133394
vn 0.560854 -0.820210 0.112691
vn 0.652909 -0.746136 -0.130349
vn 0.712318 -0.689479 0.131230
vn 0.790903 -0.601364 -0.113288
vn 0.840831 -0.524784 0.132683
vn 0.892507 -0.438038 -0.107492
vn 0.932508 -0.344855 0.107259
vn 0.959748 -0.247314 -0.133118
vn 0.980804 -0.158932 0.112975
vn 0.990603 -0.040832 -0.130533
vn 0.990603 0.040832 0.130533
vn 0.980804 0.158932 -0.112975
vn 0.959748 0.247314 0.133118
vn 0.932508 0.344855 -0.107259
vn 0.892507 0.438038 0.107492
vn 0.840831 0.524784 -0.132683
vn 0.790903 0.601364 0.113288
vn 0.712318 0.689479 -0.131230
vn 0.652909 0.746136 0.130349
vn 0.560854 0.820210 -0.112690
vn 0.481921 0.866001 0.133394
vn 0.393124 0.913281 -0.106633
vn 0.230803 0.971394 -0.055898
vn 0.294444 0.949009 0.112627
vn 0.078189 0.996939 0.000000
vn 0.100939 0.992253 0.072423
vn 0.100939 -0.992253 -0.072423
vn 0.078189 -0.996939 0.000000
vn 0.230803 -0.971394 0.055898
vn 0.294444 -0.949009 -0.112627
vn 0.393124 -0.913281 0.106633
vn 0.481921 -0.866001 -0.133393
vn 0.560854 -0.820210 0.112691
vn 0.652909 -0.746136 -0.130349
vn 0.712318 -0.689479 0.131230
vn 0.790903 -0.601364 -0.113288
vn 0.840831 -0.524784 0.132683
vn 0.892507 -0.438038 -0.107492
vn 0.932508 -0.344855 0.107259
vn 0.959748 -0.247314 -0.133118
vn 0.980804 -0.158932 0.112975
vn 0.990603 -0.040832 -0.130533
vn 0.990603 0.040832 0.130534
vn 0.980804 0.158932 -0.112975
vn 0.959748 0.247314 0.133118
vn 0.932508 0.344855 -0.107259
vn 0.892507 0.438038 0.107492
vn 0.840831 0.524784 -0.132682
vn 0.790903 0.601364 0.113288
vn 0.712318 0.689479 -0.131230
vn 0.652909 0.746136 0.130350
vn 0.560854 0.820210 -0.112691
vn 0.481921 0.866001 0.133393
vn 0.393124 0.913281 -0.106633
vn 0.230803 0.971394 -0.055898
vn 0.294444 0.949009 0.112627
vn 0.078189 0.996939 0.000000
vn 0.100939 0.992253 0.072423
vn 0.100939 -0.992253 -0.072423
vn 0.078189 -0.996939 0.000000
vn 0.230803 -0.971394 0.055898
vn 0.294444 -0.949009 -0.112627
vn 0.393124 -0.913281 0.106633
vn 0.481921 -0.866001 -0.133393
vn 0.560854 -0.820210 0.112691
vn 0.652909 -0.746136 -0.130349
vn 0.712318 -0.689479 0.131230
vn 0.790903 -0.601364 -0.113288
vn 0.840831 -0.524784 0.132683
vn 0.892507 -0.438038 -0.107492
vn 0.932508 -0.344855 0.107259
vn 0.959748 -0.247314 -0.133118
vn 0.980804 -0.158932 0.112975
vn 0.990603 -0.040832 -0.130533
vn 0.990603 0.040832 0.130534
vn 0.980804 0.158932 -0.112975
vn 0.959748 0.247314 0.133118
vn 0.932508 0.344855 -0.107259
vn 0.892507 0.438038 0.107492
vn 0.840831 0.524784 -0.132682
vn 0.790903 0.601364 0.113288
vn 0.712318 0.689479 -0.131230
vn 0.652909 0.746136 0.130350
vn 0.560854 0.820210 -0.112691
vn 0.481921 0.866001 0.133393
vn 0.393124 0.913281 -0.106633
vn 0.230803 0.971394 -0.055898
vn 0.294444 0.949009 0.112627
vn 0.078189 0.996939 0.000000
vn 0.100939 0.992253 0.072423
vn 0.100939 -0.992253 -0.072423
vn 0.078189 -0.996939 0.000000
vn 0.230803 -0.971394 0.055898
vn 0.294444 -0.949009 -0.112627
vn 0.393124 -0.913281 0.106634
vn 0.481921 -0.866001 -0.133394
vn 0.560854 -0.820210 0.112691
vn 0.652909 -0.746136 -0.130350
vn 0.712318 -0.689479 0.131230
vn 0.790903 -0.601364 -0.113288
vn 0.840831 -0.524784 0.132682
vn 0.892507 -0.438038 -0.107492
vn 0.932508 -0.344855 0.107259
vn 0.959748 -0.247314 -0.133118
vn 0.980804 -0.158932 0.112975
vn 0.990603 -0.040832 -0.130533
vn 0.990603 0.040832 0.130534
vn 0.980805 0.158932 -0.112975
vn 0.959748 0.247314 0.133118
vn 0.932508 0.344854 -0.107259
vn 0.892507 0.438038 0.107492
vn 0.840831 0.524784 -0.132683
vn 0.790903 0.601364 0.113288
vn 0.712318 0.689479 -0.131230
vn 0.652909 0.746136 0.130349
vn 0.560854 0.820210 -0.112690
vn 0.481921 0.866001 0.133394
vn 0.393124 0.913281 -0.106633
vn 0.230803 0.971394 -0.055898
vn 0.294444 0.949009 0.112627
vn 0.078189 0.996939 0.000000
vn 0.100939 0.992253 0.072423
vn 0.100939 -0.992253 -0.072423
vn 0.078189 -0.996939 0.000000
vn 0.230803 -0.971394 0.055898
vn 0.294444 -0.949009 -0.112627
vn 0.393124 -0.913281 0.106634
vn 0.481921 -0.866001 -0.133394
vn 0.560854 -0.820210 0.112691
vn 0.652909 -0.746136 -0.130350
vn 0.712318 -0.689479 0.131230
vn 0.790903 -0.601364 -0.113288
vn 0.840831 -0.524784 0.132682
vn 0.892507 -0.438038 -0.107492
vn 0.932508 -0.344855 0.107259
vn 0.959748 -0.247314 -0.133118
vn 0.980804 -0.158932 0.112975
vn 0.990603 -0.040832 -0.130533
vn 0.990603 0.040832 0.130534
vn 0.980805 0.158932 -0.112975
vn 0.959748 0.247314 0.133118
vn 0.932508 0.344854 -0.107259
vn 0.892507 0.438038 0.107492
vn 0.840831 0.524784 -0.132683
vn 0.790903 0.601364 0.113288
vn 0.712318 0.689479 -0.131230
vn 0.652909 0.746136 0.130349
vn 0.560854 0.820210 -0.112690
vn 0.481921 0.866001 0.133394
vn 0.393124 0.913281 -0.106633
vn 0.230803 0.971394 -0.055898
vn 0.294444 0.949009 0.112627
vn 0.078189 0.996939 0.000000
vn 0.100939 0.992253 0.072423
vn 0.100939 -0.992253 -0.072423
vn 0.078189 -0.996939 0.000000
vn 0.230803 -0.971394 0.055898
vn 0.294444 -0.949009 -0.112627
vn 0.393124 -0.913281 0.106634
vn 0.481921 -0.866001 -0.133394
vn 0.560854 -0.820210 0.112691
vn 0.652909 -0.746136 -0.130350
vn 0.712318 -0.689479 0.131230
vn 0.790903 -0.601364 -0.113288
vn 0.840831 -0.524784 0.132682
vn 0.892507 -0.438038 -0.107492
vn 0.932508 -0.344855 0.107259
vn 0.959748 -0.247314 -0.133118
vn 0.980804 -0.158932 0.112975
vn 0.990603 -0.040832 -0.130533
vn 0.990603 0.040832 0.130534
vn 0.980805 0.158932 -0.112975
vn 0.959748 0.247314 0.133118
vn 0.932508 0.344854 -0.107259
vn 0.892507 0.438038 0.107492
vn 0.840831 0.524784 -0.132683
vn 0.790903 0.601364 0.113288
vn 0.712318 0.689479 -0.131230
vn 0.652909 0.746136 0.130349
vn 0.560854 0.820210 -0.112690
vn 0.481921 0.866001 0.133394
vn 0.393124 0.913281 -0.106633
vn 0.230803 0.971394 -0.055898
vn 0.294444 0.949009 0.112627
vn 0.078189 0.996939 0.000000
vn 0.100939 0.992253 0.072423
vn -0.078189 0.996939 0.000000
vn -0.100939 0.992253 -0.072423
vn -0.230803 0.971394 0.055898
vn -0.294444 0.949009 -0.112627
vn -0.393124 0.913281 0.106633
vn -0.481921 0.866001 -0.133393
vn -0.560854 0.820210 0.112690
vn -0.652909 0.746136 -0.130349
vn -0.712318 0.689479 0.131230
vn -0.790903 0.601364 -0.113289
vn -0.840831 0.524784 0.132683
vn -0.892507 0.438038 -0.107492
vn -0.932508 0.344854 0.107259
vn -0.959748 0.247314 -0.133118
vn -0.980804 0.158932 0.112975
vn -0.990603 0.040832 -0.130533
vn -0.990603 -0.040832 0.130534
vn -0.980805 -0.158932 -0.112975
vn -0.959748 -0.247314 0.133118
vn -0.932508 -0.344854 -0.107259
vn -0.892507 -0.438038 0.107492
vn -0.840831 -0.524784 -0.132682
vn -0.790903 -0.601364 0.113288
vn -0.712318 -0.689479 -0.131230
vn -0.652909 -0.746136 0.130350
vn -0.560854 -0.820210 -0.112691
vn -0.481921 -0.866001 0.133394
vn -0.393124 -0.913281 -0.106633
vn -0.230803 -0.971394 -0.055898
vn -0.294444 -0.949009 0.112627
vn -0.078189 -0.996939 -0.000000
vn -0.100939 -0.992253 0.072423
vn -0.078189 0.996939 0.000000
vn -0.100939 0.992253 -0.072423
vn -0.230803 0.971394 0.055898
vn -0.294444 0.949009 -0.112627
vn -0.393124 0.913281 0.106633
vn -0.481921 0.866001 -0.133393
vn -0.560854 0.820210 0.112690
vn -0.652909 0.746136 -0.130349
vn -0.712318 0.689479 0.131230
vn -0.790903 0.601364 -0.113289
vn -0.840831 0.524784 0.132683
vn -0.892507 0.438038 -0.107492
vn -0.932508 0.344854 0.107259
vn -0.959748 0.247314 -0.133118
vn -0.980804 0.158932 0.112975
vn -0.990603 0.040832 -0.130533
vn -0.990603 -0.040832 0.130534
vn -0.980805 -0.158932 -0.112975
vn -0.959748 -0.247314 0.133118
vn -0.932508 -0.344854 -0.107259
vn -0.892507 -0.438038 0.107492
vn -0.840831 -0.524784 -0.132682
vn -0.790903 -0.601364 0.113288
vn -0.712318 -0.689479 -0.131230
vn -0.652909 -0.746136 0.130350
vn -0.560854 -0.820210 -0.112691
vn -0.481921 -0.866001 0.133394
vn -0.393124 -0.913281 -0.106633
vn -0.230803 -0.971394 -0.055898
vn -0.294444 -0.949009 0.112627
vn -0.078189 -0.996939 -0.000000
vn -0.100939 -0.992253 0.072423
vn -0.078189 0.996939 0.000000
vn -0.100939 0.992253 -0.072423
vn -0.230803 0.971394 0.055898
vn -0.294444 0.949009 -0.112627
vn -0.393124 0.913281 0.106633
vn -0.481921 0.866001 -0.133393
vn -0.560854 0.820210 0.112690
vn -0.652909 0.746136 -0.130349
vn -0.712318 0.689479 0.131230
vn -0.790903 0.601364 -0.113289
vn -0.840831 0.524784 0.132683
vn -0.892507 0.438038 -0.107492
vn -0.932508 0.344854 0.107259
vn -0.959748 0.247314 -0.133118
vn -0.980804 0.158932 0.112975
vn -0.990603 0.040832 -0.130533
vn -0.990603 -0.040832 0.130534
vn -0.980805 -0.158932 -0.112975
vn -0.959748 -0.247314 0.133118
vn -0.932508 -0.344854 -0.107259
vn -0.892507 -0.438038 0.107492
vn -0.840831 -0.524784 -0.132682
vn -0.790903 -0.601364 0.113288
vn -0.712318 -0.689479 -0.131230
vn -0.652909 -0.746136 0.130350
vn -0.560854 -0.820210 -0.112691
vn -0.481921 -0.866001 0.133394
vn -0.393124 -0.913281 -0.106633
vn -0.230803 -0.971394 -0.055898
vn -0.294444 -0.949009 0.112627
vn -0.078189 -0.996939 -0.000000
vn -0.100939 -0.992253 0.072423
vn -0.078189 0.996939 0.000000
vn -0.100939 0.992253 -0.072423
vn -0.230803 0.971394 0.055898
vn -0.294444 0.949009 -0.112627
vn -0.393124 0.913281 0.106633
vn -0.481921 0.866001 -0.133393
vn -0.560854 0.820210 0.112690
vn -0.652909 0.746136 -0.130349
vn -0.712318 0.689479 0.131230
vn -0.790903 0.601364 -0.113289
vn -0.840831 0.524784 0.132683
vn -0.892507 0.438038 -0.107492
vn -0.932508 0.344854 0.107259
vn -0.959748 0.247314 -0.133118
vn -0.980804 0.158932 0.112975
vn -0.990603 0.040832 -0.130533
vn -0.990603 -0.040832 0.130534
vn -0.980805 -0.158932 -0.112975
vn -0.959748 -0.247314 0.133118
vn -0.932508 -0.344854 -0.107259
vn -0.892507 -0.438038 0.107492
vn -0.840831 -0.524784 -0.132683
vn -0.790903 -0.601364 0.113288
vn -0.712318 -0.689479 -0.131230
vn -0.652909 -0.746136 0.130349
vn -0.560854 -0.820210 -0.112690
vn -0.481921 -0.866001 0.133394
vn -0.393124 -0.913281 -0.106633
vn -0.230803 -0.971394 -0.055898
vn -0.294444 -0.949009 0.112627
vn -0.078189 -0.996939 -0.000000
vn -0.100939 -0.992253 0.072423
vn -0.078189 0.996939 0.000000
vn -0.100939 0.992253 -0.072423
vn -0.230803 0.971394 0.055898
vn -0.294444 0.949009 -0.112627
vn -0.393124 0.913281 0.106634
vn -0.481921 0.866001 -0.133394
vn -0.560854 0.820210 0.112691
vn -0.652909 0.746136 -0.130350
vn -0.712318 0.689479 0.131230
vn -0.790903 0.601364 -0.113288
vn -0.840831 0.524784 0.132682
vn -0.892507 0.438038 -0.107492
vn -0.932508 0.344855 0.107259
vn -0.959748 0.247314 -0.133118
vn -0.980804 0.158932 0.112975
vn -0.990603 0.040832 -0.130533
vn -0.990603 -0.040832 0.130534
vn -0.980805 -0.158932 -0.112975
vn -0.959748 -0.247314 0.133118
vn -0.932508 -0.344854 -0.107259
vn -0.892507 -0.438038 0.107492
vn -0.840831 -0.524784 -0.132683
vn -0.790903 -0.601364 0.113288
vn -0.712318 -0.689479 -0.131230
vn -0.652909 -0.746136 0.130349
vn -0.560854 -0.820210 -0.112690
vn -0.481921 -0.866001 0.133394
vn -0.393124 -0.913281 -0.106633
vn -0.230803 -0.971394 -0.055898
vn -0.294444 -0.949009 0.112627
vn -0.078189 -0.996939 -0.000000
vn -0.100939 -0.992253 0.072423
vn -0.078189 0.996939 0.000000
vn -0.100939 0.992253 -0.072423
vn -0.230803 0.971394 0.055898
vn -0.294444 0.949009 -0.112627
vn -0.393124 0.913281 0.106634
vn -0.481921 0.866001 -0.133394
vn -0.560854 0.820210 0.112691
vn -0.652909 0.746136 -0.130350
vn -0.712318 0.689479 0.131230
vn -0.790903 0.601364 -0.113288
vn -0.840831 0.524784 0.132682
vn -0.892507 0.438038 -0.107492
vn -0.932508 0.344855 0.107259
vn -0.959748 0.247314 -0.133118
vn -0.980804 0.158932 0.112975
vn -0.990603 0.040832 -0.130533
vn -0.990603 -0.040832 0.130534
vn -0.980805 -0.158932 -0.112975
vn -0.959748 -0.247314 0.133118
vn -0.932508 -0.344854 -0.107259
vn -0.892507 -0.438038 0.107492
vn -0.840831 -0.524784 -0.132683
vn -0.790903 -0.601364 0.113288
vn -0.712318 -0.689479 -0.131230
vn -0.652909 -0.746136 0.130349
vn -0.560854 -0.820210 -0.112690
vn -0.481921 -0.866001 0.133394
vn -0.393124 -0.913281 -0.106633
vn -0.230803 -0.971394 -0.055898
vn -0.294444 -0.949009 0.112627
vn -0.078189 -0.996939 -0.000000
vn -0.100939 -0.992253 0.072423
vn -0.078189 0.996939 0.000000
vn -0.100939 0.992253 -0.072423
vn -0.230803 0.971394 0.055898
vn -0.294444 0.949009 -0.112627
vn -0.393124 0.913281 0.106634
vn -0.481921 0.866001 -0.133394
vn -0.560854 0.820210 0.112691
vn -0.652909 0.746136 -0.130350
vn -0.712318 0.689479 0.131230
vn -0.790903 0.601364 -0.113288
vn -0.840831 0.524784 0.132682
vn -0.892507 0.438038 -0.107492
vn -0.932508 0.344855 0.107259
vn -0.959748 0.247314 -0.133118
vn -0.980804 0.158932 0.112975
vn -0.990603 0.040832 -0.130533
vn -0.990603 -0.040832 0.130534
vn -0.980805 -0.158932 -0.112975
vn -0.959748 -0.247314 0.133118
vn -0.932508 -0.344854 -0.107259
vn -0.892507 -0.438038 0.107492
vn -0.840831 -0.524784 -0.132683
vn -0.790903 -0.601364 0.113288
vn -0.712318 -0.689479 -0.131230
vn -0.652909 -0.746136 0.130349
vn -0.560854 -0.820210 -0.112690
vn -0.481921 -0.866001 0.133394
vn -0.393124 -0.913281 -0.106633
vn -0.230803 -0.971394 -0.055898
vn -0.294444 -0.949009 0.112627
vn -0.078189 -0.996939 -0.000000
vn -0.100939 -0.992253 0.072423
vn -0.078189 0.996939 0.000000
vn -0.100939 0.992253 -0.072423
vn -0.230803 0.971394 0.055898
vn -0.294444 0.949009 -0.112627
vn -0.393124 0.913281 0.106634
vn -0.481921 0.866001 -0.133394
vn -0.560854 0.820210 0.112691
vn -0.652909 0.746136 -0.130350
vn -0.712318 0.689479 0.131230
vn -0.790903 0.601364 -0.113288
vn -0.840831 0.524784 0.132682
vn -0.892507 0.438038 -0.107492
vn -0.932508 0.344855 0.107259
vn -0.959748 0.247314 -0.133118
vn -0.980804 0.158932 0.112975
vn -0.990603 0.040832 -0.130533
vn -0.990603 -0.040832 0.130534
vn -0.980805 -0.158932 -0.112975
vn -0.959748 -0.247314 0.133118
vn -0.932508 -0.344854 -0.107259
vn -0.892507 -0.438038 0.107492
vn -0.840831 -0.524784 -0.132682
vn -0.790903 -0.601364 0.113288
vn -0.712318 -0.689479 -0.131230
vn -0.652909 -0.746136 0.130350
vn -0.560854 -0.820210 -0.112691
vn -0.481921 -0.866001 0.133393
vn -0.393124 -0.913281 -0.106633
vn -0.230803 -0.971394 -0.055898
vn -0.294444 -0.949009 0.112627
vn -0.078189 -0.996939 -0.000000
vn -0.100939 -0.992253 0.072423
vn -0.078189 0.996939 0.000000
vn -0.100939 0.992253 -0.072423
vn -0.230803 0.971394 0.055898
vn -0.294444 0.949009 -0.112627
vn -0.393124 0.913281 0.106633
vn -0.481921 0.866001 -0.133393
vn -0.560854 0.820210 0.112691
vn -0.652909 0.746136 -0.130349
vn -0.712318 0.689479 0.131230
vn -0.790903 0.601364 -0.113288
vn -0.840831 0.524784 0.132683
vn -0.892507 0.438038 -0.107492
vn -0.932508 0.344855 0.107259
vn -0.959748 0.247314 -0.133118
vn -0.980804 0.158932 0.112975
vn -0.990603 0.040832 -0.130533
vn -0.990603 -0.040832 0.130534
vn -0.980804 -0.158932 -0.112975
vn -0.959748 -0.247314 0.133118
vn -0.932508 -0.344855 -0.107259
vn -0.892507 -0.438038 0.107492
vn -0.840831 -0.524784 -0.132682
vn -0.790903 -0.601364 0.113288
vn -0.712318 -0.689479 -0.131230
vn -0.652909 -0.746136 0.130350
vn -0.560854 -0.820210 -0.112691
vn -0.481921 -0.866001 0.133393
vn -0.393124 -0.913281 -0.106633
vn -0.230803 -0.971394 -0.055898
vn -0.294444 -0.949009 0.112627
vn -0.078189 -0.996939 -0.000000
vn -0.100939 -0.992253 0.072423
vn -0.078189 0.996939 0.000000
vn -0.100939 0.992253 -0.072423
vn -0.230803 0.971394 0.055898
vn -0.294444 0.949009 -0.112627
vn -0.393124 0.913281 0.106633
vn -0.481921 0.866001 -0.133393
vn -0.560854 0.820210 0.112691
vn -0.652909 0.746136 -0.130349
vn -0.712318 0.689479 0.131230
vn -0.790903 0.601364 -0.113288
vn -0.840831 0.524784 0.132683
vn -0.892507 0.438038 -0.107492
vn -0.932508 0.344855 0.107259
vn -0.959748 0.247314 -0.133118
vn -0.980804 0.158932 0.112975
vn -0.990603 0.040832 -0.130533
vn -0.990603 -0.040832 0.130534
vn -0.980804 -0.158932 -0.112975
vn -0.959748 -0.247314 0.133118
vn -0.932508 -0.344855 -0.107259
vn -0.892507 -0.438038 0.107492
vn -0.840831 -0.524784 -0.132683
vn -0.790903 -0.601364 0.113288
vn -0.712318 -0.689479 -0.131230
vn -0.652909 -0.746136 0.130349
vn -0.560854 -0.820210 -0.112690
vn -0.481921 -0.866001 0.133394
vn -0.393124 -0.913281 -0.106633
vn -0.230803 -0.971394 -0.055898
vn -0.294444 -0.949009 0.112627
vn -0.078189 -0.996939 -0.000000
vn -0.100939 -0.992253 0.072423
vn -0.078189 0.996939 0.000000
vn -0.100939 0.992253 -0.072423
vn -0.230803 0.971394 0.055898
vn -0.294444 0.949009 -0.112627
vn -0.393124 0.913281 0.106633
vn -0.481921 0.866001 -0.133394
vn -0.560854 0.820210 0.112691
vn -0.652909 0.746136 -0.130349
vn -0.712318 0.689479 0.131230
vn -0.790903 0.601364 -0.113288
vn -0.840831 0.524784 0.132683
vn -0.892507 0.438038 -0.107492
vn -0.932508 0.344855 0.107259
vn -0.959748 0.247314 -0.133118
vn -0.980804 0.158932 0.112975
vn -0.990603 0.040832 -0.130533
vn -0.990603 -0.040832 0.130533
vn -0.980804 -0.158932 -0.112975
vn -0.959748 -0.247314 0.133118
vn -0.932508 -0.344855 -0.107259
vn -0.892507 -0.438038 0.107492
vn -0.840831 -0.524784 -0.132683
vn -0.790903 -0.601364 0.113288
vn -0.712318 -0.689479 -0.131230
vn -0.652909 -0.746136 0.130350
vn -0.560854 -0.820210 -0.112690
vn -0.481921 -0.866001 0.133394
vn -0.393124 -0.913281 -0.106633
vn -0.230803 -0.971394 -0.055898
vn -0.294444 -0.949009 0.112627
vn -0.078189 -0.996939 -0.000000
vn -0.100939 -0.992253 0.072423
vn -0.078189 0.996939 0.000000
vn -0.100939 0.992253 -0.072423
vn -0.230803 0.971394 0.055898
vn -0.294444 0.949009 -0.112627
vn -0.393124 0.913281 0.106633
vn -0.481921 0.866001 -0.133394
vn -0.560854 0.820210 0.112691
vn -0.652909 0.746136 -0.130349
vn -0.712318 0.689479 0.131230
vn -0.790903 0.601364 -0.113288
vn -0.840831 0.524784 0.132683
vn -0.892507 0.438038 -0.107492
vn -0.932508 0.344855 0.107259
vn -0.959748 0.247314 -0.133118
vn -0.980804 0.158932 0.112975
vn -0.990603 0.040832 -0.130533
vn -0.990603 -0.040832 0.130533
vn -0.980804 -0.158932 -0.112975
vn -0.959748 -0.247314 0.133118
vn -0.932508 -0.344855 -0.107259
vn -0.892507 -0.438038 0.107492
vn -0.840831 -0.524784 -0.132683
vn -0.790903 -0.601364 0.113288
vn -0.712318 -0.689479 -0.131230
vn -0.652909 -0.746136 0.130350
vn -0.560854 -0.820210 -0.112690
vn -0.481921 -0.866001 0.133394
vn -0.393124 -0.913281 -0.106633
vn -0.230803 -0.971394 -0.055898
vn -0.294444 -0.949009 0.112627
vn -0.078189 -0.996939 -0.000000
vn -0.100939 -0.992253 0.072423
vn -0.078189 0.996939 0.000000
vn -0.100939 0.992253 -0.072423
vn -0.230803 0.971394 0.055898
vn -0.294444 0.949009 -0.112627
vn -0.393124 0.913281 0.106633
vn -0.481921 0.866001 -0.133394
vn -0.560854 0.820210 0.112691
vn -0.652909 0.746136 -0.130349
vn -0.712318 0.689479 0.131230
vn -0.790903 0.601364 -0.113288
vn -0.840831 0.524784 0.132683
vn -0.892507 0.438038 -0.107492
vn -0.932508 0.344855 0.107259
vn -0.959748 0.247314 -0.133118
vn -0.980804 0.158932 0.112975
vn -0.990603 0.040832 -0.130533
vn -0.990603 -0.040832 0.130533
vn -0.980804 -0.158932 -0.112975
vn -0.959748 -0.247314 0.133118
vn -0.932508 -0.344855 -0.107259
vn -0.892507 -0.438038 0.107492
vn -0.840831 -0.524784 -0.132683
vn -0.790903 -0.601364 0.113288
vn -0.712318 -0.689479 -0.131230
vn -0.652909 -0.746136 0.130349
vn -0.560854 -0.820210 -0.112690
vn -0.481921 -0.866001 0.133394
vn -0.393124 -0.913281 -0.106633
vn -0.230803 -0.971394 -0.055898
vn -0.294444 -0.949009 0.112627
vn -0.078189 -0.996939 -0.000000
vn -0.100939 -0.992253 0.072423
vn -0.078189 0.996939 0.000000
vn -0.100939 0.992253 -0.072423
vn -0.230803 0.971394 0.055898
vn -0.294444 0.949009 -0.112627
vn -0.393124 0.913281 0.106633
vn -0.481921 0.866001 -0.133394
vn -0.560854 0.820210 0.112691
vn -0.652909 0.746136 -0.130349
vn -0.712318 0.689479 0.131230
vn -0.790903 0.601364 -0.113288
vn -0.840831 0.524784 0.132683
vn -0.892507 0.438038 -0.107492
vn -0.932508 0.344855 0.107259
vn -0.959748 0.247314 -0.133118
vn -0.980804 0.158932 0.112975
vn -0.990603 0.040832 -0.130533
vn -0.990603 -0.040832 0.130533
vn -0.980804 -0.158932 -0.112975
vn -0.959748 -0.247314 0.133118
vn -0.932508 -0.344855 -0.107259
vn -0.892507 -0.438038 0.107492
vn -0.840831 -0.524784 -0.132682
vn -0.790903 -0.601364 0.113288
vn -0.712318 -0.689479 -0.131230
vn -0.652909 -0.746136 0.130350
vn -0.560854 -0.820210 -0.112691
vn -0.481921 -0.866001 0.133393
vn -0.393124 -0.913281 -0.106633
vn -0.230803 -0.971394 -0.055898
vn -0.294444 -0.949009 0.112627
vn -0.078189 -0.996939 -0.000000
vn -0.100939 -0.992253 0.072423
vn -0.078189 0.996939 0.000000
vn -0.100939 0.992253 -0.072423
vn -0.230803 0.971394 0.055898
vn -0.294444 0.949009 -0.112627
vn -0.393124 0.913281 0.106633
vn -0.481921 0.866001 -0.133393
vn -0.560854 0.820210 0.112691
vn -0.652909 0.746136 -0.130349
vn -0.712318 0.689479 0.131230
vn -0.790903 0.601364 -0.113288
vn -0.840831 0.524784 0.132683
vn -0.892507 0.438038 -0.107492
vn -0.932508 0.344855 0.107259
vn -0.959748 0.247314 -0.133118
vn -0.980804 0.158932 0.112975
vn -0.990603 0.040832 -0.130533
vn -0.990603 -0.040832 0.130534
vn -0.980804 -0.158932 -0.112975
vn -0.959748 -0.247314 0.133118
vn -0.932508 -0.344855 -0.107259
vn -0.892507 -0.438038 0.107492
vn -0.840831 -0.524784 -0.132682
vn -0.790903 -0.601364 0.113288
vn -0.712318 -0.689479 -0.131230
vn -0.652909 -0.746136 0.130350
vn -0.560854 -0.820210 -0.112691
vn -0.481921 -0.866001 0.133393
vn -0.393124 -0.913281 -0.106633
vn -0.230803 -0.971394 -0.055898
vn -0.294444 -0.949009 0.112627
vn -0.078189 -0.996939 -0.000000
vn -0.100939 -0.992253 0.072423
vn -0.078189 0.996939 0.000000
vn -0.100939 0.992253 -0.072423
vn -0.230803 0.971394 0.055898
vn -0.294444 0.949009 -0.112627
vn -0.393124 0.913281 0.106633
vn -0.481921 0.866001 -0.133393
vn -0.560854 0.820210 0.112691
vn -0.652909 0.746136 -0.130349
vn -0.712318 0.689479 0.131230
vn -0.790903 0.601364 -0.113288
vn -0.840831 0.524784 0.132683
vn -0.892507 0.438038 -0.107492
vn -0.932508 0.344855 0.107259
vn -0.959748 0.247314 -0.133118
vn -0.980804 0.158932 0.112975
vn -0.990603 0.040832 -0.130533
vn -0.990603 -0.040832 0.130534
vn -0.980804 -0.158932 -0.112975
vn -0.959748 -0.247314 0.133118
vn -0.932508 -0.344855 -0.107259
vn -0.892507 -0.438038 0.107492
vn -0.840831 -0.524784 -0.132683
vn -0.790903 -0.601364 0.113288
vn -0.712318 -0.689479 -0.131230
vn -0.652909 -0.746136 0.130349
vn -0.560854 -0.820210 -0.112690
vn -0.481921 -0.866001 0.133394
vn -0.393124 -0.913281 -0.106633
vn -0.230803 -0.971394 -0.055898
vn -0.294444 -0.949009 0.112627
vn -0.078189 -0.996939 -0.000000
vn -0.100939 -0.992253 0.072423
vn -0.078189 0.996939 0.000000
vn -0.100939 0.992253 -0.072423
vn -0.230803 0.971394 0.055898
vn -0.294444 0.949009 -0.112627
vn -0.393124 0.913281 0.106634
vn -0.481921 0.866001 -0.133394
vn -0.560854 0.820210 0.112691
vn -0.652909 0.746136 -0.130350
vn -0.712318 0.689479 0.131230
vn -0.790903 0.601364 -0.113288
vn -0.840831 0.524784 0.132682
vn -0.892507 0.438038 -0.107492
vn -0.932508 0.344855 0.107259
vn -0.959748 0.247314 -0.133118
vn -0.980804 0.158932 0.112975
vn -0.990603 0.040832 -0.130533
vn -0.990603 -0.040832 0.130534
vn -0.980805 -0.158932 -0.112975
vn -0.959748 -0.247314 0.133118
vn -0.932508 -0.344854 -0.107259
vn -0.892507 -0.438038 0.107492
vn -0.840831 -0.524784 -0.132683
vn -0.790903 -0.601364 0.113288
vn -0.712318 -0.689479 -0.131230
vn -0.652909 -0.746136 0.130349
vn -0.560854 -0.820210 -0.112690
vn -0.481921 -0.866001 0.133394
vn -0.393124 -0.913281 -0.106633
vn -0.230803 -0.971394 -0.055898
vn -0.294444 -0.949009 0.112627
vn -0.078189 -0.996939 -0.000000
vn -0.100939 -0.992253 0.072423
vn -0.078189 0.996939 0.000000
vn -0.100939 0.992253 -0.072423
vn -0.230803 0.971394 0.055898
vn -0.294444 0.949009 -0.112627
vn -0.393124 0.913281 0.106634
vn -0.481921 0.866001 -0.133394
vn -0.560854 0.820210 0.112691
vn -0.652909 0.746136 -0.130350
vn -0.712318 0.689479 0.131230
vn -0.790903 0.601364 -0.113288
vn -0.840831 0.524784 0.132682
vn -0.892507 0.438038 -0.107492
vn -0.932508 0.344855 0.107259
vn -0.959748 0.247314 -0.133118
vn -0.980804 0.158932 0.112975
vn -0.990603 0.040832 -0.130533
vn -0.990603 -0.040832 0.130534
vn -0.980805 -0.158932 -0.112975
vn -0.959748 -0.247314 0.133118
vn -0.932508 -0.344854 -0.107259
vn -0.892507 -0.438038 0.107492
vn -0.840831 -0.524784 -0.132683
vn -0.790903 -0.601364 0.113288
vn -0.712318 -0.689479 -0.131230
vn -0.652909 -0.746136 0.130349
vn -0.560854 -0.820210 -0.112690
vn -0.481921 -0.866001 0.133394
vn -0.393124 -0.913281 -0.106633
vn -0.230803 -0.971394 -0.055898
vn -0.294444 -0.949009 0.112627
vn -0.078189 -0.996939 -0.000000
vn -0.100939 -0.992253 0.072423
vn -0.078189 0.996939 0.000000
vn -0.100939 0.992253 -0.072423
vn -0.230803 0.971394 0.055898
vn -0.294444 0.949009 -0.112627
vn -0.393124 0.913281 0.106634
vn -0.481921 0.866001 -0.133394
vn -0.560854 0.820210 0.112691
vn -0.652909 0.746136 -0.130350
vn -0.712318 0.689479 0.131230
vn -0.790903 0.601364 -0.113288
vn -0.840831 0.524784 0.132682
vn -0.892507 0.438038 -0.107492
vn -0.932508 0.344855 0.107259
vn -0.959748 0.247314 -0.133118
vn -0.980804 0.158932 0.112975
vn -0.990603 0.040832 -0.130533
vn -0.990603 -0.040832 0.130534
vn -0.980805 -0.158932 -0.112975
vn -0.959748 -0.247314 0.133118
vn -0.932508 -0.344854 -0.107259
vn -0.892507 -0.438038 0.107492
vn -0.840831 -0.524784 -0.132683
vn -0.790903 -0.601364 0.113288
vn -0.712318 -0.689479 -0.131230
vn -0.652909 -0.746136 0.130349
vn -0.560854 -0.820210 -0.112690
vn -0.481921 -0.866001 0.133394
vn -0.393124 -0.913281 -0.106633
vn -0.230803 -0.971394 -0.055898
vn -0.294444 -0.949009 0.112627
vn -0.078189 -0.996939 -0.000000
vn -0.100939 -0.992253 0.072423
vn -0.016516 0.994386 0.104514
vn -0.049528 0.993251 0.104875
vn -0.021872 0.994338 0.103988
vn -0.082486 0.991057 0.104889
vn -0.065573 0.992433 0.103807
vn -0.109143 0.988575 0.103960
vn -0.994386 -0.016516 0.104514
vn -0.993251 -0.049528 0.104875
vn -0.994338 -0.021872 0.103988
vn -0.991057 -0.082486 0.104889
vn -0.992433 -0.065573 0.103807
vn -0.988575 -0.109143 0.103960
vn 0.071164 -0.949617 0.305227
vn 0.071164 -0.949616 0.305229
vn 0.051829 -0.691611 0.720408
vn 0.063429 -0.846394 0.528767
vn 0.051829 -0.691611 0.720408
vn 0.063428 -0.846392 0.528770
vn 0.211902 -0.928404 0.305227
vn 0.211902 -0.928404 0.305227
vn 0.188868 -0.827485 0.528770
vn 0.154329 -0.676162 0.720408
vn 0.188868 -0.827486 0.528769
vn 0.154329 -0.676161 0.720408
vn 0.347907 -0.886452 0.305228
vn 0.347907 -0.886452 0.305227
vn 0.253382 -0.645607 0.720409
vn 0.253383 -0.645608 0.720408
vn 0.310089 -0.790094 0.528769
vn 0.310090 -0.790095 0.528767
vn 0.476139 -0.824698 0.305230
vn 0.476140 -0.824698 0.305227
vn 0.346774 -0.600631 0.720410
vn 0.346774 -0.600630 0.720411
vn 0.424383 -0.735054 0.528767
vn 0.424385 -0.735056 0.528763
vn 0.593737 -0.744523 0.305225
vn 0.593736 -0.744522 0.305229
vn 0.529199 -0.663595 0.528764
vn 0.432420 -0.542237 0.720411
vn 0.432420 -0.542237 0.720411
vn 0.529197 -0.663592 0.528768
vn 0.698070 -0.647714 0.305230
vn 0.698071 -0.647715 0.305226
vn 0.508406 -0.471732 0.720411
vn 0.508407 -0.471733 0.720410
vn 0.622190 -0.577308 0.528768
vn 0.622191 -0.577309 0.528765
vn 0.786810 -0.536438 0.305229
vn 0.857974 -0.413178 0.305229
vn 0.786810 -0.536438 0.305230
vn 0.573036 -0.390690 0.720410
vn 0.701285 -0.478128 0.528765
vn 0.573036 -0.390690 0.720410
vn 0.701285 -0.478128 0.528764
vn 0.857973 -0.413178 0.305230
vn 0.764715 -0.368267 0.528764
vn 0.624865 -0.300919 0.720411
vn 0.624865 -0.300919 0.720411
vn 0.764714 -0.368267 0.528764
vn 0.909972 -0.280689 0.305230
vn 0.909972 -0.280689 0.305230
vn 0.662735 -0.204427 0.720412
vn 0.662735 -0.204427 0.720411
vn 0.811061 -0.250179 0.528763
vn 0.811061 -0.250179 0.528764
vn 0.941643 -0.141930 0.305228
vn 0.941642 -0.141930 0.305230
vn 0.685803 -0.103368 0.720409
vn 0.839287 -0.126502 0.528767
vn 0.685800 -0.103368 0.720412
vn 0.839289 -0.126502 0.528763
vn 0.952279 0.000000 0.305228
vn 0.952279 0.000000 0.305228
vn 0.848767 0.000000 0.528766
vn 0.693549 0.000000 0.720409
vn 0.848767 0.000000 0.528767
vn 0.693550 0.000000 0.720409
vn 0.941642 0.141930 0.305230
vn 0.941643 0.141930 0.305228
vn 0.685800 0.103368 0.720412
vn 0.839287 0.126502 0.528766
vn 0.685803 0.103368 0.720409
vn 0.839289 0.126503 0.528764
vn 0.909972 0.280689 0.305230
vn 0.909972 0.280689 0.305230
vn 0.857974 0.413178 0.305230
vn 0.811061 0.250179 0.528763
vn 0.811061 0.250179 0.528763
vn 0.662735 0.204427 0.720411
vn 0.624865 0.300919 0.720411
vn 0.662734 0.204427 0.720412
vn 0.857974 0.413178 0.305229
vn 0.764715 0.368267 0.528763
vn 0.624865 0.300919 0.720411
vn 0.764714 0.368267 0.528764
vn 0.786810 0.536438 0.305229
vn 0.786810 0.536438 0.305229
vn 0.573037 0.390690 0.720410
vn 0.701285 0.478128 0.528765
vn 0.701286 0.478129 0.528764
vn 0.573036 0.390690 0.720410
vn 0.698071 0.647715 0.305226
vn 0.593737 0.744523 0.305225
vn 0.698070 0.647714 0.305230
vn 0.508407 0.471733 0.720410
vn 0.622190 0.577308 0.528768
vn 0.508406 0.471732 0.720411
vn 0.432420 0.542237 0.720411
vn 0.622191 0.577309 0.528765
vn 0.593736 0.744522 0.305229
vn 0.529199 0.663595 0.528763
vn 0.529197 0.663592 0.528768
vn 0.432420 0.542237 0.720411
vn 0.476140 0.824698 0.305227
vn 0.476139 0.824698 0.305230
vn 0.346774 0.600631 0.720410
vn 0.253382 0.645607 0.720409
vn 0.424384 0.735056 0.528763
vn 0.346774 0.600630 0.720411
vn 0.424384 0.735054 0.528767
vn 0.347907 0.886452 0.305227
vn 0.347907 0.886452 0.305228
vn 0.253383 0.645608 0.720408
vn 0.310089 0.790094 0.528769
vn 0.310089 0.790095 0.528767
vn 0.211902 0.928404 0.305227
vn 0.071164 0.949617 0.305227
vn 0.071164 0.949616 0.305229
vn 0.211902 0.928404 0.305227
vn 0.154329 0.676162 0.720408
vn 0.188868 0.827486 0.528769
vn 0.063428 0.846392 0.528770
vn 0.063429 0.846394 0.528767
vn 0.051829 0.691611 0.720408
vn 0.188868 0.827485 0.528770
vn 0.154329 0.676162 0.720408
vn 0.051829 0.691611 0.720408
vn -0.041661 -0.555922 0.830190
vn -0.008262 -0.375608 0.926742
vn -0.024954 -0.377673 0.925603
vn -0.042161 -0.381880 0.923250
vn -0.061546 -0.388848 0.919244
vn -0.008262 0.375608 0.926742
vn -0.061584 0.388862 0.919235
vn -0.042161 0.381880 0.923250
vn -0.024954 0.377672 0.925603
vn -0.041661 0.555922 0.830190
vn -0.040865 -0.556549 0.829809
vn -0.131599 -0.576574 0.806377
vn -0.043025 -0.468038 0.882661
vn -0.068111 -0.499790 0.863465
vn -0.143604 -0.495761 0.856504
vn -0.209866 -0.534728 0.818549
vn -0.162115 -0.523884 0.836220
vn -0.057560 -0.387362 0.920129
vn -0.066830 -0.359864 0.930608
vn -0.071462 -0.347039 0.935124
vn -0.075215 -0.337528 0.938306
vn -0.078783 -0.329302 0.940932
vn -0.082721 -0.321011 0.943456
vn -0.093714 -0.299578 0.949458
vn -0.065323 -0.396018 0.915916
vn -0.143604 -0.392752 0.908363
vn -0.174265 -0.442793 0.879526
vn -0.248598 -0.435557 0.865153
vn -0.356571 -0.447125 0.820327
vn -0.277907 -0.481349 0.831307
vn -0.277086 -0.481119 0.831714
vn -0.088868 -0.265387 0.960038
vn -0.077051 -0.230821 0.969941
vn -0.083990 -0.210811 0.973912
vn -0.086244 -0.206772 0.974580
vn -0.109924 -0.285648 0.952009
vn -0.088185 -0.204009 0.974989
vn -0.097880 -0.192782 0.976348
vn -0.124851 -0.176636 0.976326
vn -0.143604 -0.284411 0.947886
vn -0.174264 -0.337466 0.925067
vn -0.248598 -0.331951 0.909949
vn -0.277213 -0.381312 0.881904
vn -0.137560 -0.172355 0.975383
vn -0.104510 -0.141223 0.984446
vn -0.097415 -0.117835 0.988243
vn -0.104263 -0.107236 0.988751
vn -0.116542 -0.106342 0.987476
vn -0.126060 -0.108981 0.986018
vn -0.147902 -0.120871 0.981588
vn -0.429038 -0.398089 0.810834
vn -0.351048 -0.371608 0.859461
vn -0.369972 -0.404542 0.836341
vn -0.162759 -0.136412 0.977190
vn -0.143604 -0.172206 0.974537
vn -0.176969 -0.125677 0.976159
vn -0.199724 -0.115131 0.973065
vn -0.174265 -0.227556 0.958045
vn -0.248598 -0.223837 0.942389
vn -0.277212 -0.276126 0.920276
vn -0.376792 -0.317451 0.870202
vn -0.351048 -0.269099 0.896856
vn -0.234194 -0.113100 0.965589
vn -0.205617 -0.113850 0.971988
vn -0.203056 -0.081939 0.975733
vn -0.205127 -0.064125 0.976633
vn -0.210079 -0.054033 0.976190
vn -0.230757 -0.067710 0.970653
vn -0.530834 -0.255636 0.808001
vn -0.494523 -0.337160 0.801106
vn -0.457320 -0.320865 0.829400
vn -0.449702 -0.306101 0.839089
vn -0.251591 -0.118319 0.960574
vn -0.277212 -0.167190 0.946151
vn -0.265406 -0.101539 0.958775
vn -0.299529 -0.080689 0.950669
vn -0.320805 -0.080877 0.943686
vn -0.330128 -0.081302 0.940428
vn -0.341952 -0.082244 0.936111
vn -0.360122 -0.084207 0.929097
vn -0.147902 0.120871 0.981588
vn -0.123525 0.107600 0.986491
vn -0.108676 0.105820 0.988429
vn -0.100210 0.112085 0.988633
vn -0.098262 0.120618 0.987824
vn -0.104510 0.141223 0.984446
vn -0.376793 -0.214060 0.901225
vn -0.351048 -0.162935 0.922072
vn -0.230757 0.067710 0.970653
vn -0.207989 0.052653 0.976713
vn -0.203760 0.073127 0.976286
vn -0.203436 0.086520 0.975258
vn -0.547874 -0.168997 0.819313
vn -0.517512 -0.245912 0.819578
vn -0.449702 -0.206406 0.869002
vn -0.471972 -0.253366 0.844422
vn -0.137560 0.172355 0.975383
vn -0.124851 0.176636 0.976326
vn -0.097880 0.192782 0.976348
vn -0.087517 0.204781 0.974887
vn -0.085184 0.208579 0.974289
vn -0.083645 0.211811 0.973724
vn -0.077051 0.230821 0.969941
vn -0.088868 0.265387 0.960038
vn -0.367100 -0.071001 0.927468
vn -0.368586 -0.056075 0.927901
vn -0.371232 -0.032741 0.927963
vn -0.384014 0.000000 0.923327
vn -0.376793 -0.107762 0.920008
vn -0.365904 -0.084955 0.926767
vn -0.234194 0.113100 0.965589
vn -0.162759 0.136412 0.977190
vn -0.199724 0.115131 0.973065
vn -0.143604 0.172206 0.974537
vn -0.176969 0.125677 0.976159
vn -0.205617 0.113850 0.971988
vn -0.557787 -0.084073 0.825715
vn -0.534871 -0.147026 0.832043
vn -0.449702 -0.103909 0.887114
vn -0.471972 -0.153409 0.868164
vn -0.360172 0.084213 0.929077
vn -0.341979 0.082246 0.936102
vn -0.330185 0.081305 0.940408
vn -0.320796 0.080877 0.943689
vn -0.299529 0.080689 0.950669
vn -0.265406 0.101539 0.958775
vn -0.251591 0.118319 0.960574
vn -0.057559 0.387361 0.920129
vn -0.109924 0.285648 0.952009
vn -0.093714 0.299578 0.949458
vn -0.082717 0.321018 0.943454
vn -0.078805 0.329253 0.940948
vn -0.075221 0.337516 0.938310
vn -0.071471 0.347017 0.935131
vn -0.066829 0.359868 0.930607
vn -0.365904 0.084954 0.926767
vn -0.371232 0.032741 0.927963
vn -0.368589 0.056049 0.927901
vn -0.367100 0.071003 0.927468
vn -0.384014 0.000000 0.923327
vn -0.174265 0.227556 0.958045
vn -0.143604 0.284411 0.947886
vn -0.471972 -0.051369 0.880116
vn -0.543354 -0.048915 0.838077
vn -0.561032 0.000000 0.827794
vn -0.449702 0.000000 0.893178
vn -0.277212 0.167190 0.946151
vn -0.248598 0.223837 0.942389
vn -0.043025 0.468038 0.882661
vn -0.065323 0.396018 0.915916
vn -0.376793 0.107762 0.920008
vn -0.351048 0.162935 0.922072
vn -0.174264 0.337466 0.925067
vn -0.143604 0.392752 0.908363
vn -0.471972 0.051369 0.880116
vn -0.557787 0.084073 0.825715
vn -0.449702 0.103909 0.887114
vn -0.543354 0.048915 0.838077
vn -0.248598 0.331951 0.909949
vn -0.277212 0.276126 0.920276
vn -0.131599 0.576574 0.806377
vn -0.068111 0.499790 0.863465
vn -0.040865 0.556549 0.829809
vn -0.376793 0.214060 0.901225
vn -0.351048 0.269099 0.896856
vn -0.209866 0.534728 0.818549
vn -0.174265 0.442793 0.879526
vn -0.162115 0.523884 0.836220
vn -0.143604 0.495761 0.856504
vn -0.471972 0.153409 0.868164
vn -0.547874 0.168997 0.819313
vn -0.449702 0.206406 0.869002
vn -0.534871 0.147026 0.832043
vn -0.277907 0.481349 0.831307
vn -0.356571 0.447125 0.820327
vn -0.248598 0.435557 0.865153
vn -0.277086 0.481119 0.831714
vn -0.277213 0.381312 0.881904
vn -0.429038 0.398089 0.810834
vn -0.369972 0.404542 0.836341
vn -0.351048 0.371608 0.859461
vn -0.376792 0.317451 0.870202
vn -0.457320 0.320865 0.829400
vn -0.494523 0.337160 0.801106
vn -0.530834 0.255636 0.808001
vn -0.471972 0.253366 0.844422
vn -0.449702 0.306101 0.839089
vn -0.517512 0.245912 0.819578
vn 0.009532 0.115031 -0.993316
vn 0.071353 0.952136 -0.297232
vn 0.009349 -0.112827 -0.993571
vn 0.008620 -0.115032 -0.993324
vn 0.025398 -0.338910 -0.940476
vn 0.025398 -0.338910 -0.940476
vn 0.040812 -0.544603 -0.837700
vn 0.040812 -0.544603 -0.837700
vn 0.027378 -0.108112 -0.993762
vn 0.026098 -0.114341 -0.993099
vn 0.054046 -0.721189 -0.690627
vn 0.054046 -0.721188 -0.690628
vn 0.075626 -0.331340 -0.940476
vn 0.075626 -0.331339 -0.940476
vn 0.064404 -0.859412 -0.507212
vn 0.071353 -0.952135 -0.297233
vn 0.064404 -0.859411 -0.507212
vn 0.071353 -0.952135 -0.297232
vn 0.121525 -0.532438 -0.837700
vn 0.121525 -0.532437 -0.837701
vn 0.044314 -0.101026 -0.993896
vn 0.043402 -0.110587 -0.992918
vn 0.160930 -0.705078 -0.690628
vn 0.160929 -0.705079 -0.690627
vn 0.052361 -0.102465 -0.993358
vn 0.124165 -0.316367 -0.940476
vn 0.124165 -0.316367 -0.940476
vn 0.191773 -0.840213 -0.507213
vn 0.212464 -0.930866 -0.297232
vn 0.212464 -0.930866 -0.297233
vn 0.191773 -0.840214 -0.507212
vn 0.154307 -0.301961 -0.940749
vn 0.154307 -0.301961 -0.940749
vn 0.199524 -0.508378 -0.837701
vn 0.248074 -0.485452 -0.838329
vn 0.199524 -0.508379 -0.837700
vn 0.059925 -0.091723 -0.993980
vn 0.059933 -0.098365 -0.993344
vn 0.176602 -0.289850 -0.940638
vn 0.248073 -0.485452 -0.838329
vn 0.264219 -0.673218 -0.690628
vn 0.264219 -0.673219 -0.690627
vn 0.176601 -0.289850 -0.940638
vn 0.067796 -0.093005 -0.993355
vn 0.328696 -0.643222 -0.691538
vn 0.328696 -0.643222 -0.691537
vn 0.314858 -0.802247 -0.507213
vn 0.348830 -0.888803 -0.297231
vn 0.348829 -0.888803 -0.297232
vn 0.314858 -0.802247 -0.507212
vn 0.283862 -0.465894 -0.838072
vn 0.376030 -0.617165 -0.691165
vn 0.283863 -0.465894 -0.838072
vn 0.199790 -0.274078 -0.940726
vn 0.199790 -0.274079 -0.940726
vn 0.391911 -0.766927 -0.508162
vn 0.483723 -0.837834 -0.253074
vn 0.391911 -0.766927 -0.508162
vn 0.434380 -0.850035 -0.297915
vn 0.073988 -0.080372 -0.994015
vn 0.074590 -0.087717 -0.993349
vn 0.376030 -0.617165 -0.691165
vn 0.448247 -0.735691 -0.507774
vn 0.321183 -0.440609 -0.838275
vn 0.321183 -0.440609 -0.838275
vn 0.219799 -0.258483 -0.940678
vn 0.219799 -0.258483 -0.940678
vn 0.448246 -0.735691 -0.507774
vn 0.496734 -0.815272 -0.297636
vn 0.081565 -0.081245 -0.993351
vn 0.425545 -0.583777 -0.691459
vn 0.425545 -0.583778 -0.691459
vn 0.507361 -0.696016 -0.508081
vn 0.353321 -0.415504 -0.838165
vn 0.353321 -0.415504 -0.838165
vn 0.240359 -0.239415 -0.940696
vn 0.240359 -0.239415 -0.940696
vn 0.604125 -0.757549 -0.247288
vn 0.562322 -0.771411 -0.297857
vn 0.507362 -0.696016 -0.508080
vn 0.086292 -0.067164 -0.994003
vn 0.087396 -0.074911 -0.993353
vn 0.468080 -0.550460 -0.691299
vn 0.468080 -0.550460 -0.691299
vn 0.386382 -0.384864 -0.838206
vn 0.386382 -0.384864 -0.838206
vn 0.257545 -0.220754 -0.940711
vn 0.257545 -0.220755 -0.940711
vn 0.558020 -0.656230 -0.507913
vn 0.618421 -0.727261 -0.297738
vn 0.558020 -0.656229 -0.507914
vn 0.093329 -0.067471 -0.993347
vn 0.511898 -0.509886 -0.691358
vn 0.511898 -0.509887 -0.691358
vn 0.610280 -0.607882 -0.507975
vn 0.414020 -0.354877 -0.838242
vn 0.414020 -0.354877 -0.838242
vn 0.096641 -0.052300 -0.993944
vn 0.098039 -0.060264 -0.993356
vn 0.275014 -0.198818 -0.940659
vn 0.275014 -0.198819 -0.940659
vn 0.288915 -0.177595 -0.940738
vn 0.676356 -0.673698 -0.297782
vn 0.610280 -0.607882 -0.507975
vn 0.710501 -0.659249 -0.246128
vn 0.548531 -0.470174 -0.691412
vn 0.548532 -0.470174 -0.691411
vn 0.288914 -0.177595 -0.940738
vn 0.442063 -0.319585 -0.838121
vn 0.442063 -0.319584 -0.838121
vn 0.653975 -0.560555 -0.508031
vn 0.653975 -0.560555 -0.508031
vn 0.724800 -0.621263 -0.297821
vn 0.109171 -0.037479 -0.993316
vn 0.102796 -0.052021 -0.993341
vn 0.464469 -0.285508 -0.838304
vn 0.464469 -0.285508 -0.838304
vn 0.585621 -0.423369 -0.691235
vn 0.585621 -0.423369 -0.691235
vn 0.302898 -0.153285 -0.940615
vn 0.302898 -0.153285 -0.940615
vn 0.615406 -0.378288 -0.691501
vn 0.615406 -0.378289 -0.691501
vn 0.800086 -0.545490 -0.249606
vn 0.698120 -0.504698 -0.507847
vn 0.698120 -0.504699 -0.507846
vn 0.773662 -0.559311 -0.297688
vn 0.486849 -0.246374 -0.838020
vn 0.486849 -0.246375 -0.838020
vn 0.733745 -0.451030 -0.508124
vn 0.813243 -0.499899 -0.297889
vn 0.733745 -0.451031 -0.508124
vn 0.109172 -0.037479 -0.993316
vn 0.644894 -0.326355 -0.691089
vn 0.644894 -0.326354 -0.691090
vn 0.768710 -0.389013 -0.507695
vn 0.321622 -0.110413 -0.940408
vn 0.321622 -0.110413 -0.940408
vn 0.516765 -0.177405 -0.837545
vn 0.768710 -0.389013 -0.507694
vn 0.870542 -0.419231 -0.257685
vn 0.851833 -0.431077 -0.297580
vn 0.516765 -0.177405 -0.837545
vn 0.113851 -0.018998 -0.993316
vn 0.113851 -0.018998 -0.993316
vn 0.335409 -0.055970 -0.940408
vn 0.684228 -0.234896 -0.690403
vn 0.815256 -0.279877 -0.506977
vn 0.684228 -0.234896 -0.690402
vn 0.335410 -0.055970 -0.940408
vn 0.920011 -0.283786 -0.270268
vn 0.889095 -0.305227 -0.341096
vn 0.815255 -0.279878 -0.506979
vn 0.538917 -0.089929 -0.837545
vn 0.538917 -0.089929 -0.837545
vn 0.114251 0.000000 -0.993452
vn 0.115388 -0.000454 -0.993320
vn 0.713559 -0.119072 -0.690403
vn 0.713559 -0.119072 -0.690402
vn 0.339949 -0.001338 -0.940443
vn 0.339949 -0.001338 -0.940443
vn 0.850203 -0.141874 -0.506978
vn 0.947171 -0.142763 -0.287202
vn 0.932132 -0.155545 -0.327010
vn 0.850203 -0.141874 -0.506979
vn 0.546242 -0.002151 -0.837625
vn 0.546242 -0.002151 -0.837625
vn 0.115067 0.017344 -0.993206
vn 0.110775 0.018485 -0.993674
vn 0.861882 -0.003393 -0.507098
vn 0.723310 -0.002848 -0.690518
vn 0.723310 -0.002848 -0.690518
vn 0.336064 0.050653 -0.940476
vn 0.336064 0.050653 -0.940476
vn 0.951447 -0.003746 -0.307791
vn 0.861882 -0.003393 -0.507098
vn 0.954805 0.000000 -0.297233
vn 0.540030 0.081397 -0.837700
vn 0.540031 0.081396 -0.837700
vn 0.104856 0.035997 -0.993836
vn 0.112848 0.034809 -0.993002
vn 0.715133 0.107789 -0.690627
vn 0.715133 0.107789 -0.690627
vn 0.324761 0.100176 -0.940476
vn 0.324761 0.100176 -0.940476
vn 0.521868 0.160975 -0.837700
vn 0.852196 0.128448 -0.507212
vn 0.944141 0.142306 -0.297233
vn 0.852195 0.128448 -0.507213
vn 0.944141 0.142306 -0.297232
vn 0.521868 0.160975 -0.837700
vn 0.096641 0.052300 -0.993944
vn 0.107570 0.051803 -0.992847
vn 0.691081 0.213170 -0.690627
vn 0.691081 0.213170 -0.690627
vn 0.098039 0.060264 -0.993356
vn 0.306204 0.147460 -0.940476
vn 0.306204 0.147460 -0.940476
vn 0.288914 0.177595 -0.940738
vn 0.912386 0.281434 -0.297232
vn 0.823533 0.254026 -0.507212
vn 0.823533 0.254026 -0.507212
vn 0.912386 0.281434 -0.297232
vn 0.288914 0.177595 -0.940738
vn 0.492047 0.236957 -0.837700
vn 0.492046 0.236957 -0.837700
vn 0.086292 0.067164 -0.994003
vn 0.093329 0.067471 -0.993347
vn 0.464469 0.285508 -0.838304
vn 0.464469 0.285508 -0.838304
vn 0.651591 0.313790 -0.690627
vn 0.651591 0.313790 -0.690627
vn 0.275014 0.198819 -0.940659
vn 0.275014 0.198819 -0.940658
vn 0.087396 0.074911 -0.993353
vn 0.257545 0.220754 -0.940711
vn 0.615406 0.378288 -0.691501
vn 0.615405 0.378289 -0.691501
vn 0.860250 0.414274 -0.297232
vn 0.860250 0.414274 -0.297233
vn 0.776474 0.373930 -0.507212
vn 0.776474 0.373930 -0.507212
vn 0.442062 0.319585 -0.838121
vn 0.442063 0.319585 -0.838121
vn 0.585621 0.423369 -0.691235
vn 0.257545 0.220755 -0.940711
vn 0.414020 0.354877 -0.838242
vn 0.800086 0.545490 -0.249606
vn 0.733745 0.451031 -0.508124
vn 0.813243 0.499899 -0.297889
vn 0.733744 0.451031 -0.508124
vn 0.073988 0.080372 -0.994015
vn 0.081565 0.081245 -0.993351
vn 0.585621 0.423369 -0.691235
vn 0.548531 0.470174 -0.691412
vn 0.414020 0.354877 -0.838242
vn 0.240359 0.239415 -0.940695
vn 0.386382 0.384864 -0.838206
vn 0.240359 0.239415 -0.940696
vn 0.698120 0.504698 -0.507847
vn 0.773662 0.559311 -0.297688
vn 0.698120 0.504698 -0.507846
vn 0.074590 0.087717 -0.993349
vn 0.548532 0.470174 -0.691411
vn 0.386382 0.384864 -0.838206
vn 0.219799 0.258483 -0.940678
vn 0.219799 0.258483 -0.940678
vn 0.724800 0.621263 -0.297821
vn 0.653975 0.560555 -0.508031
vn 0.710501 0.659249 -0.246128
vn 0.653975 0.560555 -0.508031
vn 0.067796 0.093005 -0.993355
vn 0.059925 0.091723 -0.993980
vn 0.511898 0.509887 -0.691358
vn 0.511898 0.509887 -0.691358
vn 0.610280 0.607882 -0.507975
vn 0.353321 0.415504 -0.838165
vn 0.353321 0.415504 -0.838165
vn 0.199790 0.274079 -0.940726
vn 0.199790 0.274079 -0.940726
vn 0.321183 0.440609 -0.838275
vn 0.676356 0.673698 -0.297782
vn 0.610280 0.607882 -0.507975
vn 0.059933 0.098365 -0.993344
vn 0.468080 0.550460 -0.691299
vn 0.468080 0.550460 -0.691299
vn 0.321183 0.440609 -0.838275
vn 0.425545 0.583777 -0.691459
vn 0.044314 0.101026 -0.993896
vn 0.052361 0.102465 -0.993358
vn 0.176601 0.289850 -0.940638
vn 0.176602 0.289850 -0.940638
vn 0.618421 0.727261 -0.297738
vn 0.558020 0.656229 -0.507914
vn 0.604125 0.757549 -0.247288
vn 0.558020 0.656230 -0.507913
vn 0.425545 0.583778 -0.691459
vn 0.154307 0.301961 -0.940749
vn 0.154307 0.301961 -0.940749
vn 0.283863 0.465894 -0.838072
vn 0.283863 0.465894 -0.838072
vn 0.507362 0.696016 -0.508081
vn 0.562322 0.771411 -0.297857
vn 0.507362 0.696016 -0.508080
vn 0.248074 0.485452 -0.838329
vn 0.248073 0.485452 -0.838329
vn 0.043784 0.106593 -0.993338
vn 0.129011 0.314079 -0.940590
vn 0.376030 0.617165 -0.691165
vn 0.376030 0.617165 -0.691165
vn 0.328696 0.643222 -0.691537
vn 0.328695 0.643222 -0.691538
vn 0.207351 0.504800 -0.837964
vn 0.129011 0.314079 -0.940591
vn 0.483723 0.837834 -0.253074
vn 0.448247 0.735691 -0.507774
vn 0.496734 0.815272 -0.297636
vn 0.448246 0.735691 -0.507774
vn 0.434380 0.850035 -0.297915
vn 0.391911 0.766927 -0.508162
vn 0.391911 0.766927 -0.508162
vn 0.274648 0.668637 -0.691009
vn 0.207351 0.504800 -0.837964
vn 0.009532 0.115031 -0.993316
vn 0.028335 0.111894 -0.993316
vn 0.083477 0.329642 -0.940409
vn 0.028335 0.111894 -0.993316
vn 0.274648 0.668637 -0.691009
vn 0.028081 0.338886 -0.940408
vn 0.083477 0.329642 -0.940408
vn 0.134125 0.529650 -0.837545
vn 0.028081 0.338886 -0.940408
vn 0.352438 0.897996 -0.263422
vn 0.362748 0.883118 -0.297517
vn 0.327363 0.796973 -0.507610
vn 0.327363 0.796973 -0.507609
vn 0.045119 0.544502 -0.837545
vn 0.045119 0.544502 -0.837545
vn 0.134126 0.529650 -0.837545
vn 0.177590 0.701288 -0.690403
vn 0.059740 0.720954 -0.690403
vn 0.071180 0.859015 -0.506978
vn 0.059740 0.720955 -0.690403
vn 0.177590 0.701289 -0.690403
vn 0.211599 0.835584 -0.506978
vn 0.211598 0.835583 -0.506978
vn 0.213736 0.936440 -0.278204
vn 0.071180 0.859015 -0.506979
vn 0.078286 0.944775 -0.318233
vn 0.231334 0.913516 -0.334623
vn 0.074013 -0.987634 -0.138204
vn 0.064896 -0.990123 -0.124278
vn 0.074013 -0.987634 0.138204
vn 0.065403 -0.997859 0.000000
vn 0.064896 -0.990123 0.124278
vn 0.065403 -0.997859 0.000000
vn 0.220065 -0.964168 -0.148163
vn 0.193855 -0.974577 -0.112339
vn 0.195090 -0.980785 0.000000
vn 0.220065 -0.964168 0.148163
vn 0.195090 -0.980785 0.000000
vn 0.193855 -0.974577 0.112339
vn 0.360976 -0.919752 -0.154118
vn 0.319685 -0.941760 -0.104350
vn 0.321440 -0.946930 0.000000
vn 0.360976 -0.919752 0.154118
vn 0.321440 -0.946930 0.000000
vn 0.319685 -0.941760 0.104350
vn 0.493870 -0.855409 -0.156100
vn 0.440056 -0.892346 -0.100348
vn 0.442289 -0.896873 0.000000
vn 0.493870 -0.855409 0.156100
vn 0.440056 -0.892346 0.100348
vn 0.442289 -0.896873 0.000000
vn 0.616041 -0.772491 -0.154118
vn 0.552766 -0.827273 -0.100348
vn 0.616041 -0.772491 0.154118
vn 0.552766 -0.827273 0.100348
vn 0.555570 -0.831470 0.000000
vn 0.555570 -0.831470 0.000000
vn 0.724961 -0.672666 -0.148163
vn 0.655746 -0.747735 -0.104350
vn 0.724961 -0.672666 0.148163
vn 0.659346 -0.751840 0.000000
vn 0.655746 -0.747735 0.104350
vn 0.659346 -0.751840 0.000000
vn 0.818310 -0.557914 -0.138204
vn 0.747081 -0.655172 -0.112339
vn 0.818310 -0.557914 0.138204
vn 0.751840 -0.659346 0.000000
vn 0.747081 -0.655172 0.112339
vn 0.751840 -0.659346 0.000000
vn 0.825024 -0.551263 -0.124278
vn 0.825024 -0.551263 0.124278
vn 0.831470 -0.555570 0.000000
vn 0.831470 -0.555570 0.000000
vn 0.892323 -0.429720 -0.138204
vn 0.889920 -0.438860 -0.124278
vn 0.896873 -0.442289 0.000000
vn 0.889920 -0.438860 0.124278
vn 0.892323 -0.429720 0.138204
vn 0.896873 -0.442289 0.000000
vn 0.945026 -0.291502 -0.148163
vn 0.940936 -0.319405 -0.112339
vn 0.946930 -0.321440 0.000000
vn 0.945026 -0.291502 0.148163
vn 0.946930 -0.321440 0.000000
vn 0.940936 -0.319405 0.112339
vn 0.977017 -0.147262 -0.154118
vn 0.975431 -0.194025 -0.104350
vn 0.977017 -0.147262 0.154118
vn 0.980785 -0.195090 0.000000
vn 0.980785 -0.195090 0.000000
vn 0.975431 -0.194025 0.104350
vn 0.987741 0.000000 -0.156100
vn 0.992822 -0.065073 -0.100347
vn 0.992822 -0.065073 0.100347
vn 0.987741 0.000000 0.156100
vn 0.997859 -0.065403 0.000000
vn 0.997859 -0.065403 -0.000000
vn 0.977017 0.147262 -0.154118
vn 0.992822 0.065073 -0.100347
vn 0.977017 0.147262 0.154118
vn 0.992822 0.065073 0.100347
vn 0.997859 0.065403 0.000000
vn 0.997859 0.065403 0.000000
vn 0.975431 0.194025 -0.104350
vn 0.945026 0.291502 -0.148163
vn 0.980785 0.195090 0.000000
vn 0.945026 0.291502 0.148163
vn 0.975431 0.194025 0.104350
vn 0.980785 0.195090 0.000000
vn 0.940936 0.319405 -0.112339
vn 0.892323 0.429720 -0.138204
vn 0.946930 0.321440 0.000000
vn 0.892323 0.429720 0.138204
vn 0.946930 0.321440 0.000000
vn 0.940936 0.319405 0.112339
vn 0.889920 0.438860 -0.124278
vn 0.896873 0.442289 0.000000
vn 0.896873 0.442289 0.000000
vn 0.889920 0.438860 0.124278
vn 0.818310 0.557914 -0.138204
vn 0.825024 0.551263 -0.124278
vn 0.831470 0.555570 0.000000
vn 0.818310 0.557914 0.138204
vn 0.831470 0.555570 0.000000
vn 0.825024 0.551263 0.124278
vn 0.747081 0.655172 -0.112339
vn 0.724961 0.672666 -0.148163
vn 0.751840 0.659346 0.000000
vn 0.724961 0.672666 0.148163
vn 0.747081 0.655172 0.112339
vn 0.751840 0.659346 0.000000
vn 0.616041 0.772491 -0.154118
vn 0.655746 0.747735 -0.104350
vn 0.659346 0.751840 0.000000
vn 0.616041 0.772491 0.154118
vn 0.659346 0.751840 0.000000
vn 0.655746 0.747735 0.104350
vn 0.493870 0.855409 -0.156100
vn 0.552766 0.827273 -0.100348
vn 0.555570 0.831470 0.000000
vn 0.555570 0.831470 0.000000
vn 0.552766 0.827273 0.100348
vn 0.493870 0.855409 0.156100
vn 0.440056 0.892346 -0.100348
vn 0.360976 0.919752 -0.154118
vn 0.440056 0.892346 0.100348
vn 0.442289 0.896873 0.000000
vn 0.442289 0.896873 0.000000
vn 0.360976 0.919752 0.154118
vn 0.319685 0.941760 -0.104350
vn 0.220065 0.964168 -0.148163
vn 0.321440 0.946930 0.000000
vn 0.321440 0.946930 0.000000
vn 0.319685 0.941760 0.104350
vn 0.220065 0.964168 0.148163
vn 0.193855 0.974577 -0.112339
vn 0.074013 0.987634 -0.138204
vn 0.064896 0.990123 -0.124278
vn 0.065403 0.997859 0.000000
vn 0.193855 0.974577 0.112339
vn 0.064896 0.990123 0.124278
vn 0.195090 0.980785 0.000000
vn 0.195090 0.980785 0.000000
vn 0.065403 0.997859 0.000000
vn 0.074013 0.987634 0.138204
vn -0.109986 0.923985 -0.366271
vn -0.087561 0.936083 -0.340706
vn -0.319619 0.869101 -0.377501
vn -0.259705 0.910474 -0.321854
vn -0.503803 0.780031 -0.371125
vn -0.432172 0.846353 -0.311311
vn -0.650187 0.667910 -0.362151
vn -0.604001 0.735860 -0.306093
vn -0.765306 0.535409 -0.357273
vn -0.745600 0.586028 -0.317257
vn -0.855657 0.387242 -0.343359
vn -0.852362 0.413732 -0.319852
vn -0.602987 -0.714645 -0.354525
vn -0.058208 -0.938099 -0.341440
vn -0.104486 -0.942512 -0.317419
vn -0.914075 0.221649 -0.339615
vn -0.938543 0.048511 -0.341737
vn -0.934854 0.030383 -0.353730
vn -0.918295 0.221623 -0.328052
vn -0.914358 0.222989 -0.337973
vn -0.943648 0.040108 -0.328512
vn -0.918212 -0.125546 -0.375666
vn -0.945455 -0.156317 -0.285796
vn -0.933210 -0.092553 -0.347209
vn -0.924855 -0.186254 -0.331591
vn -0.899140 -0.295406 -0.322930
vn -0.818786 -0.451096 -0.355109
vn -0.888011 -0.352241 -0.295571
vn -0.880682 -0.309599 -0.358536
vn -0.818248 -0.446588 -0.361979
vn -0.712709 -0.586927 -0.384138
vn -0.644847 -0.684115 -0.340822
vn -0.774358 -0.533662 -0.339963
vn -0.773784 -0.556985 -0.301706
vn -0.670213 -0.675505 -0.307422
vn -0.456765 -0.804101 -0.380509
vn -0.495984 -0.812788 -0.305573
vn -0.533420 -0.776365 -0.335739
vn -0.450634 -0.824103 -0.343196
vn -0.301773 -0.868737 -0.392720
vn -0.180263 -0.943478 -0.278128
vn -0.306057 -0.898843 -0.313703
vn -0.329455 -0.881144 -0.339183
vn -0.193363 -0.914100 -0.356415
vn -0.103506 0.934645 -0.340183
vn -0.098137 0.933711 -0.344314
vn -0.304293 0.886856 -0.347694
vn -0.290964 0.895496 -0.336788
vn -0.489264 0.798311 -0.351171
vn -0.471324 0.816357 -0.333789
vn -0.644971 0.680646 -0.347468
vn -0.631495 0.701346 -0.330646
vn -0.771083 0.530575 -0.352025
vn -0.762720 0.554149 -0.333433
vn -0.865603 0.360387 -0.347638
vn -0.862379 0.383956 -0.329970
vn -0.921066 0.183717 -0.343344
vn -0.922261 0.196033 -0.333174
vn -0.937548 -0.010414 -0.347700
vn -0.927035 -0.163491 -0.337455
vn -0.941238 0.000000 -0.337745
vn -0.900386 -0.262309 -0.347131
vn -0.928025 -0.197258 -0.316006
vn -0.850074 -0.396914 -0.346169
vn -0.862477 -0.384000 -0.329663
vn -0.749198 -0.561948 -0.350595
vn -0.652607 -0.679710 -0.334810
vn -0.762318 -0.553856 -0.334835
vn -0.571599 -0.742946 -0.348291
vn -0.636036 -0.706390 -0.310597
vn -0.441308 -0.822130 -0.359651
vn -0.472681 -0.818707 -0.326025
vn -0.266540 -0.897631 -0.351020
vn -0.292568 -0.900431 -0.321912
vn -0.090368 -0.935848 -0.340621
vn -0.098698 -0.939053 -0.329301
vn -0.183015 -0.772662 -0.607865
vn -0.173936 -0.934721 -0.309908
vn -0.070655 -0.909558 -0.409526
vn -0.064033 -0.937765 -0.341317
vn 0.070862 -0.937331 -0.341159
vn 0.074277 -0.932243 -0.354127
vn 0.219224 -0.906849 -0.359952
vn 0.209650 -0.920424 -0.329949
vn 0.365669 -0.875193 -0.316739
vn 0.367288 -0.875871 -0.312970
vn 0.512840 -0.774715 -0.369882
vn 0.531314 -0.779354 -0.332133
vn 0.672880 -0.653296 -0.347040
vn 0.669685 -0.653162 -0.353415
vn 0.790893 -0.488942 -0.367999
vn 0.790996 -0.516190 -0.328442
vn 0.873308 -0.308161 -0.377320
vn 0.879851 -0.355495 -0.315412
vn 0.916658 -0.114871 -0.382810
vn 0.934848 -0.179881 -0.306107
vn 0.919144 0.080852 -0.385535
vn 0.953111 0.002055 -0.302613
vn 0.935107 0.184458 -0.302573
vn 0.882136 0.272090 -0.384452
vn 0.882061 0.358794 -0.305344
vn 0.807094 0.451921 -0.379957
vn 0.796635 0.518149 -0.311279
vn 0.697983 0.610969 -0.373547
vn 0.678945 0.666669 -0.307550
vn 0.556301 0.743164 -0.371802
vn 0.548840 0.756343 -0.355977
vn 0.389500 0.841288 -0.374866
vn 0.463840 0.821200 -0.332391
vn 0.229169 0.903804 -0.361415
vn 0.322996 0.898372 -0.297659
vn 0.077472 0.936868 -0.340992
vn 0.110417 0.944969 -0.307965
vn 0.053444 -0.938350 -0.341531
vn 0.097359 -0.927086 -0.361985
vn 0.159848 -0.927525 -0.337854
vn 0.285560 -0.888096 -0.360197
vn 0.261981 -0.900612 -0.346790
vn 0.098287 -0.935143 -0.340364
vn 0.101103 -0.933009 -0.345359
vn 0.461790 -0.814175 -0.351951
vn 0.359065 -0.870320 -0.337067
vn 0.297631 -0.887836 -0.350946
vn 0.291091 -0.895886 -0.335641
vn 0.609413 -0.709915 -0.353039
vn 0.497505 -0.803981 -0.325736
vn 0.473704 -0.813961 -0.336261
vn 0.471980 -0.817493 -0.330060
vn 0.626525 -0.698751 -0.345272
vn 0.629166 -0.698760 -0.340418
vn 0.756479 -0.558474 -0.340362
vn 0.766047 -0.556566 -0.321570
vn 0.864384 -0.384848 -0.323624
vn 0.903338 -0.247507 -0.350314
vn 0.947574 -0.201413 -0.248064
vn 0.925609 -0.141963 -0.350849
vn 0.946527 0.000000 -0.322623
vn 0.942316 0.003130 -0.334709
vn 0.873767 0.389026 -0.291874
vn 0.777866 0.565153 -0.274822
vn 0.134344 0.931440 -0.338187
vn 0.044582 0.938758 -0.341680
vn 0.098902 0.940985 -0.323676
vn 0.847386 -0.390114 -0.360207
vn 0.766038 0.515538 -0.383935
vn 0.858300 0.358864 -0.366794
vn 0.932311 0.188669 -0.308545
vn 0.917567 0.195035 -0.346457
vn 0.726790 -0.585793 -0.358640
vn 0.769663 -0.513339 -0.379608
vn 0.662813 -0.684148 -0.304336
vn 0.776142 -0.545461 -0.316347
vn 0.655042 -0.682748 -0.323690
vn 0.823425 -0.446486 -0.350174
vn 0.897499 -0.294074 -0.328658
vn 0.876690 -0.316173 -0.362560
vn 0.880968 -0.371764 -0.292723
vn 0.825588 -0.434602 -0.359896
vn 0.922813 -0.124059 -0.364726
vn 0.923359 -0.199319 -0.328146
vn 0.929898 -0.191904 -0.313789
vn 0.940859 0.042338 -0.336142
vn 0.914857 0.209953 -0.344901
vn 0.897869 0.233497 -0.373243
vn 0.915056 0.210896 -0.343796
vn 0.933891 0.134863 -0.331148
vn 0.922704 -0.002611 -0.385500
vn 0.959147 0.000000 -0.282909
vn 0.925041 0.000000 -0.379867
vn 0.854346 0.366987 -0.367986
vn 0.874546 0.369445 -0.314134
vn 0.877162 0.339339 -0.339758
vn 0.797300 0.523179 -0.300991
vn 0.673452 0.642983 -0.364740
vn 0.776581 0.499078 -0.384502
vn 0.627020 0.696377 -0.349149
vn 0.806512 0.518313 -0.284411
vn 0.774137 0.524842 -0.353910
vn 0.712645 0.613108 -0.340933
vn 0.549680 0.753040 -0.361639
vn 0.419374 0.851592 -0.314510
vn 0.473284 0.819752 -0.322505
vn 0.609172 0.703022 -0.366973
vn 0.427991 0.831704 -0.353684
vn 0.634669 0.732448 -0.246404
vn 0.251912 0.888163 -0.384326
vn 0.292821 0.901211 -0.319492
vn 0.311627 0.890099 -0.332585
vn 0.223446 0.911954 -0.344111
vn -0.064896 0.990123 -0.124278
vn -0.074013 0.987634 -0.138204
vn -0.065403 0.997859 0.000000
vn -0.064896 0.990123 0.124278
vn -0.074013 0.987634 0.138204
vn -0.065403 0.997859 0.000000
vn -0.220065 0.964168 -0.148163
vn -0.193855 0.974577 -0.112339
vn -0.195090 0.980785 0.000000
vn -0.220065 0.964168 0.148163
vn -0.193855 0.974577 0.112339
vn -0.195090 0.980785 0.000000
vn -0.360976 0.919752 -0.154118
vn -0.319685 0.941760 -0.104350
vn -0.360976 0.919752 0.154118
vn -0.321440 0.946930 0.000000
vn -0.319685 0.941760 0.104350
vn -0.321440 0.946930 0.000000
vn -0.493870 0.855409 -0.156100
vn -0.442289 0.896873 0.000000
vn -0.440056 0.892346 -0.100348
vn -0.440056 0.892346 0.100348
vn -0.442289 0.896873 0.000000
vn -0.493870 0.855409 0.156100
vn -0.616041 0.772491 -0.154118
vn -0.552766 0.827273 -0.100348
vn -0.616041 0.772491 0.154118
vn -0.555570 0.831470 0.000000
vn -0.552766 0.827273 0.100348
vn -0.555570 0.831470 0.000000
vn -0.724961 0.672666 -0.148163
vn -0.655746 0.747735 -0.104350
vn -0.724961 0.672666 0.148163
vn -0.659346 0.751840 0.000000
vn -0.655746 0.747735 0.104350
vn -0.659346 0.751840 0.000000
vn -0.818310 0.557914 -0.138204
vn -0.751840 0.659346 0.000000
vn -0.747081 0.655172 -0.112339
vn -0.751840 0.659346 0.000000
vn -0.818310 0.557914 0.138204
vn -0.747081 0.655172 0.112339
vn -0.825024 0.551263 -0.124278
vn -0.825024 0.551263 0.124278
vn -0.831470 0.555570 0.000000
vn -0.831470 0.555570 0.000000
vn -0.892323 0.429720 -0.138204
vn -0.889920 0.438860 -0.124278
vn -0.892323 0.429720 0.138204
vn -0.896873 0.442289 0.000000
vn -0.896873 0.442289 0.000000
vn -0.889920 0.438860 0.124278
vn -0.945026 0.291502 -0.148163
vn -0.940936 0.319405 -0.112339
vn -0.946930 0.321440 0.000000
vn -0.945026 0.291502 0.148163
vn -0.946930 0.321440 0.000000
vn -0.940936 0.319405 0.112339
vn -0.977017 0.147262 -0.154118
vn -0.975431 0.194025 -0.104350
vn -0.977017 0.147262 0.154118
vn -0.980785 0.195090 0.000000
vn -0.980785 0.195090 0.000000
vn -0.975431 0.194025 0.104350
vn -0.987741 0.000000 -0.156100
vn -0.997859 0.065403 0.000000
vn -0.992822 0.065073 -0.100347
vn -0.987741 0.000000 0.156100
vn -0.997859 0.065403 0.000000
vn -0.992822 0.065073 0.100347
vn -0.977017 -0.147262 -0.154118
vn -0.992822 -0.065073 -0.100347
vn -0.997859 -0.065403 0.000000
vn -0.977017 -0.147262 0.154118
vn -0.992822 -0.065073 0.100347
vn -0.997859 -0.065403 -0.000000
vn -0.975431 -0.194025 -0.104350
vn -0.945026 -0.291502 -0.148163
vn -0.980785 -0.195090 -0.000000
vn -0.945026 -0.291502 0.148163
vn -0.980785 -0.195090 0.000000
vn -0.975431 -0.194025 0.104350
vn -0.940936 -0.319405 -0.112339
vn -0.892323 -0.429720 -0.138204
vn -0.946930 -0.321440 0.000000
vn -0.892323 -0.429720 0.138204
vn -0.940936 -0.319405 0.112339
vn -0.946930 -0.321440 -0.000000
vn -0.889920 -0.438860 -0.124278
vn -0.896873 -0.442289 0.000000
vn -0.889920 -0.438860 0.124278
vn -0.896873 -0.442289 -0.000000
vn -0.818310 -0.557914 -0.138204
vn -0.825024 -0.551263 -0.124278
vn -0.818310 -0.557914 0.138204
vn -0.831470 -0.555570 0.000000
vn -0.825024 -0.551263 0.124278
vn -0.831470 -0.555570 -0.000000
vn -0.747081 -0.655172 -0.112339
vn -0.724961 -0.672666 -0.148163
vn -0.724961 -0.672666 0.148163
vn -0.747081 -0.655172 0.112339
vn -0.751840 -0.659346 -0.000000
vn -0.751840 -0.659346 0.000000
vn -0.616041 -0.772491 -0.154118
vn -0.655746 -0.747735 -0.104350
vn -0.659346 -0.751840 -0.000000
vn -0.655746 -0.747735 0.104350
vn -0.616041 -0.772491 0.154118
vn -0.659346 -0.751840 0.000000
vn -0.555570 -0.831470 0.000000
vn -0.493870 -0.855409 -0.156100
vn -0.552766 -0.827273 -0.100348
vn -0.555570 -0.831470 -0.000000
vn -0.552766 -0.827273 0.100348
vn -0.493870 -0.855409 0.156100
vn -0.440056 -0.892346 -0.100348
vn -0.360976 -0.919752 -0.154118
vn -0.442289 -0.896873 0.000000
vn -0.440056 -0.892346 0.100348
vn -0.442289 -0.896873 -0.000000
vn -0.360976 -0.919752 0.154118
vn -0.319685 -0.941760 -0.104350
vn -0.220065 -0.964168 -0.148163
vn -0.321440 -0.946930 0.000000
vn -0.319685 -0.941760 0.104350
vn -0.321440 -0.946930 -0.000000
vn -0.220065 -0.964168 0.148163
vn -0.193855 -0.974577 -0.112339
vn -0.074013 -0.987634 -0.138204
vn -0.064896 -0.990123 -0.124278
vn -0.195090 -0.980785 0.000000
vn -0.193855 -0.974577 0.112339
vn -0.065403 -0.997859 -0.000000
vn -0.065403 -0.997859 0.000000
vn -0.064896 -0.990123 0.124278
vn -0.195090 -0.980785 -0.000000
vn -0.074013 -0.987634 0.138204
vn -0.071353 -0.952136 -0.297232
vn -0.008620 0.115032 -0.993324
vn -0.009349 0.112827 -0.993571
vn -0.025398 0.338910 -0.940476
vn -0.025398 0.338910 -0.940476
vn -0.040812 0.544603 -0.837700
vn -0.040812 0.544603 -0.837700
vn -0.027378 0.108112 -0.993762
vn -0.026098 0.114341 -0.993099
vn -0.054046 0.721189 -0.690627
vn -0.054046 0.721188 -0.690628
vn -0.075626 0.331339 -0.940476
vn -0.075626 0.331340 -0.940476
vn -0.064404 0.859411 -0.507212
vn -0.071353 0.952135 -0.297232
vn -0.071353 0.952135 -0.297233
vn -0.064404 0.859412 -0.507212
vn -0.121525 0.532437 -0.837701
vn -0.121525 0.532438 -0.837700
vn -0.044314 0.101026 -0.993896
vn -0.043402 0.110587 -0.992918
vn -0.160929 0.705079 -0.690627
vn -0.160930 0.705078 -0.690628
vn -0.052361 0.102465 -0.993358
vn -0.124165 0.316367 -0.940476
vn -0.124165 0.316367 -0.940476
vn -0.212464 0.930866 -0.297233
vn -0.212464 0.930866 -0.297232
vn -0.191773 0.840214 -0.507212
vn -0.191773 0.840213 -0.507213
vn -0.154307 0.301961 -0.940749
vn -0.154307 0.301961 -0.940749
vn -0.199524 0.508379 -0.837700
vn -0.199524 0.508378 -0.837701
vn -0.059925 0.091723 -0.993980
vn -0.059933 0.098365 -0.993344
vn -0.248073 0.485453 -0.838329
vn -0.248073 0.485452 -0.838329
vn -0.314858 0.802247 -0.507213
vn -0.264219 0.673219 -0.690627
vn -0.264219 0.673218 -0.690628
vn -0.176601 0.289850 -0.940638
vn -0.176601 0.289850 -0.940638
vn -0.067796 0.093005 -0.993355
vn -0.328696 0.643222 -0.691538
vn -0.328696 0.643222 -0.691537
vn -0.314858 0.802247 -0.507212
vn -0.348830 0.888803 -0.297231
vn -0.348829 0.888803 -0.297232
vn -0.376030 0.617165 -0.691165
vn -0.283863 0.465894 -0.838072
vn -0.283862 0.465894 -0.838072
vn -0.199790 0.274079 -0.940726
vn -0.199790 0.274078 -0.940726
vn -0.434380 0.850035 -0.297915
vn -0.483723 0.837834 -0.253074
vn -0.391911 0.766927 -0.508162
vn -0.391911 0.766927 -0.508162
vn -0.073988 0.080372 -0.994015
vn -0.074590 0.087717 -0.993349
vn -0.376030 0.617165 -0.691165
vn -0.321183 0.440609 -0.838275
vn -0.321183 0.440609 -0.838275
vn -0.219799 0.258483 -0.940678
vn -0.219799 0.258483 -0.940678
vn -0.496734 0.815272 -0.297636
vn -0.448246 0.735691 -0.507774
vn -0.448246 0.735691 -0.507774
vn -0.081565 0.081245 -0.993351
vn -0.425545 0.583777 -0.691459
vn -0.425545 0.583778 -0.691459
vn -0.353321 0.415504 -0.838165
vn -0.353321 0.415504 -0.838165
vn -0.240359 0.239415 -0.940696
vn -0.240359 0.239415 -0.940696
vn -0.604125 0.757549 -0.247288
vn -0.562322 0.771411 -0.297857
vn -0.507362 0.696016 -0.508081
vn -0.507362 0.696016 -0.508080
vn -0.086292 0.067164 -0.994003
vn -0.087396 0.074911 -0.993353
vn -0.257545 0.220754 -0.940711
vn -0.558020 0.656230 -0.507913
vn -0.468080 0.550460 -0.691299
vn -0.468080 0.550460 -0.691299
vn -0.386382 0.384864 -0.838206
vn -0.386382 0.384864 -0.838206
vn -0.257545 0.220754 -0.940711
vn -0.558020 0.656229 -0.507914
vn -0.618421 0.727261 -0.297738
vn -0.093329 0.067471 -0.993347
vn -0.511898 0.509887 -0.691358
vn -0.511898 0.509886 -0.691358
vn -0.414020 0.354877 -0.838242
vn -0.548532 0.470174 -0.691411
vn -0.414020 0.354877 -0.838242
vn -0.096641 0.052300 -0.993944
vn -0.098039 0.060264 -0.993356
vn -0.275014 0.198818 -0.940659
vn -0.275014 0.198819 -0.940659
vn -0.610280 0.607882 -0.507975
vn -0.676356 0.673698 -0.297782
vn -0.710501 0.659249 -0.246128
vn -0.610280 0.607882 -0.507975
vn -0.548531 0.470174 -0.691412
vn -0.288914 0.177595 -0.940738
vn -0.288914 0.177595 -0.940738
vn -0.442063 0.319585 -0.838121
vn -0.442063 0.319584 -0.838121
vn -0.464469 0.285508 -0.838304
vn -0.653975 0.560555 -0.508031
vn -0.653975 0.560555 -0.508031
vn -0.724800 0.621263 -0.297821
vn -0.102796 0.052021 -0.993341
vn -0.464469 0.285508 -0.838304
vn -0.585621 0.423369 -0.691235
vn -0.585621 0.423369 -0.691235
vn -0.302898 0.153285 -0.940615
vn -0.302898 0.153285 -0.940615
vn -0.615406 0.378289 -0.691501
vn -0.615406 0.378288 -0.691501
vn -0.698120 0.504698 -0.507847
vn -0.800086 0.545490 -0.249606
vn -0.698120 0.504699 -0.507846
vn -0.773662 0.559311 -0.297688
vn -0.733745 0.451031 -0.508124
vn -0.486849 0.246374 -0.838020
vn -0.486849 0.246375 -0.838020
vn -0.813243 0.499899 -0.297889
vn -0.733744 0.451031 -0.508124
vn -0.109171 0.037479 -0.993316
vn -0.109172 0.037479 -0.993316
vn -0.321622 0.110413 -0.940408
vn -0.644894 0.326355 -0.691089
vn -0.644894 0.326354 -0.691090
vn -0.321622 0.110413 -0.940408
vn -0.870542 0.419231 -0.257685
vn -0.768710 0.389013 -0.507694
vn -0.851833 0.431077 -0.297580
vn -0.768710 0.389013 -0.507695
vn -0.516765 0.177406 -0.837545
vn -0.516765 0.177405 -0.837545
vn -0.113851 0.018998 -0.993316
vn -0.113851 0.018998 -0.993316
vn -0.684228 0.234896 -0.690403
vn -0.684228 0.234896 -0.690402
vn -0.335410 0.055970 -0.940408
vn -0.335409 0.055970 -0.940408
vn -0.920011 0.283786 -0.270268
vn -0.815255 0.279877 -0.506979
vn -0.889095 0.305227 -0.341096
vn -0.815256 0.279878 -0.506978
vn -0.538917 0.089929 -0.837545
vn -0.538917 0.089929 -0.837545
vn -0.115388 0.000454 -0.993320
vn -0.114251 0.000000 -0.993452
vn -0.713559 0.119072 -0.690403
vn -0.713559 0.119072 -0.690402
vn -0.339949 0.001338 -0.940443
vn -0.339949 0.001338 -0.940443
vn -0.932132 0.155545 -0.327010
vn -0.850203 0.141874 -0.506978
vn -0.947171 0.142763 -0.287202
vn -0.850203 0.141874 -0.506979
vn -0.546242 0.002151 -0.837625
vn -0.546242 0.002151 -0.837625
vn -0.115067 -0.017344 -0.993206
vn -0.110775 -0.018485 -0.993674
vn -0.723310 0.002848 -0.690518
vn -0.861882 0.003393 -0.507098
vn -0.723310 0.002848 -0.690518
vn -0.336064 -0.050653 -0.940476
vn -0.540030 -0.081396 -0.837700
vn -0.336064 -0.050653 -0.940476
vn -0.951447 0.003746 -0.307791
vn -0.861882 0.003393 -0.507098
vn -0.954805 0.000000 -0.297233
vn -0.540031 -0.081397 -0.837700
vn -0.104856 -0.035997 -0.993836
vn -0.112848 -0.034809 -0.993002
vn -0.715133 -0.107789 -0.690627
vn -0.715133 -0.107789 -0.690627
vn -0.324761 -0.100176 -0.940476
vn -0.324761 -0.100176 -0.940476
vn -0.852196 -0.128448 -0.507212
vn -0.944141 -0.142306 -0.297233
vn -0.852195 -0.128448 -0.507213
vn -0.944141 -0.142306 -0.297232
vn -0.521868 -0.160975 -0.837700
vn -0.521867 -0.160975 -0.837700
vn -0.096641 -0.052300 -0.993944
vn -0.107570 -0.051803 -0.992847
vn -0.691081 -0.213170 -0.690627
vn -0.691081 -0.213170 -0.690627
vn -0.098039 -0.060264 -0.993356
vn -0.306204 -0.147460 -0.940476
vn -0.306204 -0.147460 -0.940476
vn -0.823533 -0.254026 -0.507212
vn -0.823533 -0.254026 -0.507212
vn -0.912386 -0.281434 -0.297232
vn -0.912386 -0.281434 -0.297232
vn -0.860250 -0.414274 -0.297233
vn -0.288914 -0.177595 -0.940738
vn -0.288915 -0.177595 -0.940738
vn -0.492047 -0.236957 -0.837700
vn -0.492046 -0.236957 -0.837700
vn -0.464469 -0.285508 -0.838304
vn -0.086292 -0.067164 -0.994003
vn -0.093329 -0.067471 -0.993347
vn -0.275014 -0.198819 -0.940659
vn -0.464469 -0.285508 -0.838304
vn -0.651591 -0.313790 -0.690627
vn -0.651591 -0.313790 -0.690627
vn -0.275014 -0.198818 -0.940659
vn -0.257545 -0.220754 -0.940711
vn -0.087396 -0.074911 -0.993353
vn -0.615405 -0.378289 -0.691501
vn -0.615406 -0.378288 -0.691501
vn -0.776474 -0.373930 -0.507212
vn -0.860250 -0.414274 -0.297232
vn -0.776474 -0.373930 -0.507212
vn -0.442062 -0.319585 -0.838121
vn -0.442063 -0.319585 -0.838121
vn -0.585621 -0.423369 -0.691235
vn -0.257545 -0.220755 -0.940711
vn -0.800086 -0.545490 -0.249606
vn -0.733745 -0.451031 -0.508124
vn -0.813243 -0.499899 -0.297889
vn -0.733744 -0.451031 -0.508124
vn -0.073988 -0.080372 -0.994015
vn -0.081565 -0.081245 -0.993351
vn -0.240359 -0.239415 -0.940696
vn -0.585621 -0.423369 -0.691235
vn -0.548531 -0.470174 -0.691412
vn -0.414020 -0.354877 -0.838242
vn -0.414020 -0.354877 -0.838242
vn -0.240359 -0.239415 -0.940696
vn -0.698120 -0.504698 -0.507847
vn -0.773662 -0.559311 -0.297688
vn -0.698120 -0.504698 -0.507846
vn -0.074590 -0.087717 -0.993349
vn -0.548532 -0.470174 -0.691411
vn -0.386382 -0.384864 -0.838206
vn -0.386382 -0.384864 -0.838206
vn -0.219799 -0.258483 -0.940678
vn -0.219799 -0.258483 -0.940678
vn -0.724800 -0.621263 -0.297821
vn -0.653975 -0.560555 -0.508031
vn -0.710501 -0.659249 -0.246128
vn -0.653975 -0.560555 -0.508031
vn -0.067796 -0.093005 -0.993355
vn -0.059925 -0.091723 -0.993980
vn -0.199790 -0.274079 -0.940726
vn -0.511898 -0.509887 -0.691358
vn -0.511898 -0.509887 -0.691358
vn -0.353321 -0.415504 -0.838165
vn -0.353321 -0.415504 -0.838165
vn -0.468080 -0.550460 -0.691299
vn -0.199790 -0.274078 -0.940726
vn -0.610280 -0.607882 -0.507975
vn -0.676356 -0.673698 -0.297782
vn -0.610280 -0.607882 -0.507975
vn -0.059933 -0.098365 -0.993344
vn -0.468080 -0.550460 -0.691299
vn -0.321182 -0.440609 -0.838275
vn -0.321183 -0.440609 -0.838275
vn -0.425545 -0.583777 -0.691459
vn -0.044314 -0.101026 -0.993896
vn -0.052361 -0.102465 -0.993358
vn -0.176602 -0.289850 -0.940638
vn -0.176601 -0.289850 -0.940638
vn -0.154307 -0.301961 -0.940749
vn -0.618421 -0.727261 -0.297738
vn -0.558020 -0.656229 -0.507914
vn -0.558020 -0.656230 -0.507913
vn -0.604125 -0.757549 -0.247288
vn -0.425545 -0.583778 -0.691459
vn -0.507362 -0.696016 -0.508080
vn -0.154307 -0.301961 -0.940749
vn -0.283863 -0.465894 -0.838072
vn -0.283863 -0.465894 -0.838072
vn -0.562322 -0.771411 -0.297857
vn -0.507362 -0.696016 -0.508081
vn -0.248073 -0.485452 -0.838329
vn -0.248074 -0.485452 -0.838329
vn -0.043784 -0.106593 -0.993338
vn -0.376030 -0.617165 -0.691165
vn -0.376030 -0.617165 -0.691165
vn -0.328695 -0.643222 -0.691538
vn -0.328696 -0.643222 -0.691537
vn -0.129010 -0.314079 -0.940591
vn -0.129011 -0.314079 -0.940590
vn -0.483723 -0.837834 -0.253074
vn -0.448247 -0.735691 -0.507774
vn -0.496734 -0.815272 -0.297636
vn -0.448246 -0.735691 -0.507774
vn -0.434380 -0.850035 -0.297915
vn -0.391911 -0.766927 -0.508162
vn -0.391911 -0.766927 -0.508162
vn -0.207351 -0.504800 -0.837964
vn -0.274648 -0.668637 -0.691009
vn -0.207351 -0.504800 -0.837964
vn -0.028335 -0.111894 -0.993316
vn -0.009532 -0.115031 -0.993316
vn -0.009532 -0.115031 -0.993316
vn -0.028335 -0.111894 -0.993316
vn -0.274648 -0.668637 -0.691009
vn -0.028081 -0.338886 -0.940408
vn -0.028081 -0.338886 -0.940408
vn -0.083476 -0.329642 -0.940408
vn -0.083477 -0.329642 -0.940408
vn -0.327363 -0.796973 -0.507609
vn -0.352438 -0.897996 -0.263422
vn -0.362748 -0.883118 -0.297517
vn -0.327363 -0.796973 -0.507610
vn -0.134125 -0.529650 -0.837545
vn -0.045119 -0.544502 -0.837545
vn -0.045119 -0.544502 -0.837545
vn -0.134126 -0.529650 -0.837545
vn -0.177590 -0.701288 -0.690403
vn -0.059740 -0.720955 -0.690403
vn -0.059740 -0.720954 -0.690403
vn -0.177590 -0.701289 -0.690403
vn -0.231334 -0.913516 -0.334623
vn -0.211598 -0.835583 -0.506978
vn -0.071180 -0.859015 -0.506979
vn -0.071180 -0.859015 -0.506978
vn -0.213736 -0.936440 -0.278204
vn -0.078286 -0.944775 -0.318233
vn -0.211599 -0.835584 -0.506978
vn 0.041661 -0.555922 0.830190
vn 0.061584 -0.388862 0.919236
vn 0.042161 -0.381880 0.923250
vn 0.024954 -0.377673 0.925603
vn 0.008262 -0.375608 0.926742
vn 0.008262 0.375608 0.926742
vn 0.024954 0.377672 0.925603
vn 0.042161 0.381880 0.923250
vn 0.061547 0.388849 0.919244
vn 0.041661 0.555922 0.830190
vn 0.494523 -0.337160 0.801106
vn 0.530834 -0.255636 0.808001
vn 0.429038 -0.398089 0.810834
vn 0.457320 -0.320865 0.829400
vn 0.277907 -0.481349 0.831307
vn 0.356571 -0.447125 0.820327
vn 0.369972 -0.404542 0.836341
vn 0.547874 -0.168997 0.819313
vn 0.517512 -0.245912 0.819578
vn 0.277086 -0.481119 0.831714
vn 0.209866 -0.534728 0.818549
vn 0.449702 -0.306101 0.839089
vn 0.471972 -0.253366 0.844422
vn 0.131599 -0.576574 0.806377
vn 0.040865 -0.556549 0.829809
vn 0.162115 -0.523884 0.836220
vn 0.376792 -0.317451 0.870202
vn 0.351048 -0.371608 0.859461
vn 0.557787 -0.084073 0.825715
vn 0.534871 -0.147026 0.832043
vn 0.248598 -0.435557 0.865153
vn 0.277213 -0.381312 0.881904
vn 0.471972 -0.153409 0.868164
vn 0.449702 -0.206406 0.869002
vn 0.043025 -0.468038 0.882661
vn 0.174265 -0.442793 0.879526
vn 0.068111 -0.499790 0.863465
vn 0.143604 -0.495761 0.856504
vn 0.376793 -0.214060 0.901225
vn 0.351048 -0.269099 0.896856
vn 0.561032 0.000000 0.827794
vn 0.543354 -0.048915 0.838077
vn 0.248598 -0.331951 0.909949
vn 0.277212 -0.276126 0.920276
vn 0.380790 -0.008376 0.924624
vn 0.374401 -0.024738 0.926937
vn 0.370332 -0.040886 0.927999
vn 0.368589 -0.056049 0.927901
vn 0.367100 -0.071003 0.927468
vn 0.449702 -0.103909 0.887114
vn 0.471972 -0.051369 0.880116
vn 0.075221 -0.337516 0.938310
vn 0.071471 -0.347017 0.935131
vn 0.066829 -0.359868 0.930607
vn 0.174264 -0.337466 0.925067
vn 0.143604 -0.392752 0.908363
vn 0.057559 -0.387361 0.920129
vn 0.065323 -0.396018 0.915916
vn 0.093714 -0.299578 0.949458
vn 0.082717 -0.321018 0.943454
vn 0.078805 -0.329253 0.940948
vn 0.376793 -0.107762 0.920008
vn 0.351048 -0.162935 0.922072
vn 0.360172 -0.084213 0.929077
vn 0.341979 -0.082246 0.936102
vn 0.330185 -0.081305 0.940408
vn 0.320796 -0.080877 0.943689
vn 0.299529 -0.080689 0.950669
vn 0.265406 -0.101539 0.958775
vn 0.365904 -0.084954 0.926767
vn 0.557787 0.084073 0.825715
vn 0.543354 0.048915 0.838077
vn 0.277212 -0.167190 0.946151
vn 0.248598 -0.223837 0.942389
vn 0.251591 -0.118319 0.960574
vn 0.199724 -0.115131 0.973065
vn 0.176969 -0.125677 0.976159
vn 0.449702 0.000000 0.893178
vn 0.385224 0.000000 0.922823
vn 0.471972 0.051369 0.880116
vn 0.367100 0.071001 0.927468
vn 0.368586 0.056075 0.927901
vn 0.370332 0.040886 0.927999
vn 0.374401 0.024738 0.926937
vn 0.380790 0.008376 0.924624
vn 0.109924 -0.285648 0.952009
vn 0.143604 -0.284411 0.947886
vn 0.124851 -0.176636 0.976326
vn 0.097880 -0.192782 0.976348
vn 0.087517 -0.204781 0.974887
vn 0.085184 -0.208579 0.974289
vn 0.174265 -0.227556 0.958045
vn 0.083645 -0.211811 0.973724
vn 0.077051 -0.230821 0.969941
vn 0.088868 -0.265387 0.960038
vn 0.534871 0.147026 0.832043
vn 0.547874 0.168997 0.819313
vn 0.205617 -0.113850 0.971988
vn 0.234194 -0.113100 0.965589
vn 0.230757 -0.067710 0.970653
vn 0.207989 -0.052653 0.976713
vn 0.203760 -0.073127 0.976286
vn 0.203436 -0.086520 0.975258
vn 0.471972 0.153409 0.868164
vn 0.449702 0.103909 0.887114
vn 0.137560 -0.172355 0.975383
vn 0.143604 -0.172206 0.974537
vn 0.162759 -0.136412 0.977190
vn 0.147902 -0.120871 0.981588
vn 0.123525 -0.107600 0.986491
vn 0.108676 -0.105820 0.988429
vn 0.100210 -0.112085 0.988633
vn 0.098262 -0.120618 0.987824
vn 0.104510 -0.141223 0.984446
vn 0.376793 0.107762 0.920008
vn 0.265406 0.101539 0.958775
vn 0.299529 0.080689 0.950669
vn 0.320805 0.080877 0.943686
vn 0.330128 0.081302 0.940428
vn 0.341952 0.082244 0.936111
vn 0.360122 0.084207 0.929097
vn 0.365904 0.084955 0.926767
vn 0.517512 0.245912 0.819578
vn 0.530834 0.255636 0.808001
vn 0.494523 0.337160 0.801106
vn 0.203056 0.081939 0.975733
vn 0.205127 0.064125 0.976633
vn 0.210079 0.054033 0.976190
vn 0.230757 0.067710 0.970653
vn 0.449702 0.206406 0.869002
vn 0.471972 0.253366 0.844422
vn 0.376793 0.214060 0.901225
vn 0.351048 0.162935 0.922072
vn 0.277212 0.167190 0.946151
vn 0.251591 0.118319 0.960574
vn 0.176969 0.125677 0.976159
vn 0.199724 0.115131 0.973065
vn 0.234194 0.113100 0.965589
vn 0.205617 0.113850 0.971988
vn 0.429038 0.398089 0.810834
vn 0.449702 0.306101 0.839089
vn 0.457320 0.320865 0.829400
vn 0.162759 0.136412 0.977190
vn 0.104510 0.141223 0.984446
vn 0.097415 0.117835 0.988243
vn 0.104263 0.107236 0.988751
vn 0.116542 0.106342 0.987476
vn 0.126060 0.108981 0.986018
vn 0.147902 0.120871 0.981588
vn 0.351048 0.269099 0.896856
vn 0.376792 0.317451 0.870202
vn 0.248598 0.223837 0.942389
vn 0.277212 0.276126 0.920276
vn 0.088868 0.265387 0.960038
vn 0.077051 0.230821 0.969941
vn 0.174265 0.227556 0.958045
vn 0.083990 0.210811 0.973912
vn 0.086244 0.206772 0.974580
vn 0.088185 0.204009 0.974989
vn 0.097880 0.192782 0.976348
vn 0.124851 0.176636 0.976326
vn 0.137560 0.172355 0.975383
vn 0.143604 0.172206 0.974537
vn 0.356571 0.447125 0.820327
vn 0.277907 0.481349 0.831307
vn 0.369972 0.404542 0.836341
vn 0.351048 0.371608 0.859461
vn 0.248598 0.331951 0.909949
vn 0.277213 0.381312 0.881904
vn 0.109924 0.285648 0.952009
vn 0.057560 0.387362 0.920129
vn 0.066830 0.359864 0.930608
vn 0.071462 0.347039 0.935124
vn 0.075215 0.337528 0.938306
vn 0.078783 0.329302 0.940932
vn 0.082721 0.321011 0.943456
vn 0.093714 0.299578 0.949458
vn 0.143604 0.284411 0.947886
vn 0.174264 0.337466 0.925067
vn 0.277086 0.481119 0.831714
vn 0.209866 0.534728 0.818549
vn 0.248598 0.435557 0.865153
vn 0.065323 0.396018 0.915916
vn 0.143604 0.392752 0.908363
vn 0.043025 0.468038 0.882661
vn 0.174265 0.442793 0.879526
vn 0.040865 0.556549 0.829809
vn 0.068111 0.499790 0.863465
vn 0.131599 0.576574 0.806377
vn 0.162115 0.523884 0.836220
vn 0.143604 0.495761 0.856504
vn -0.071164 0.949616 0.305229
vn -0.071164 0.949617 0.305227
vn -0.063429 0.846394 0.528767
vn -0.051829 0.691611 0.720408
vn -0.051829 0.691611 0.720408
vn -0.063428 0.846392 0.528770
vn -0.211902 0.928404 0.305227
vn -0.211902 0.928404 0.305227
vn -0.154329 0.676162 0.720408
vn -0.188868 0.827486 0.528769
vn -0.154329 0.676161 0.720408
vn -0.188868 0.827485 0.528770
vn -0.347907 0.886452 0.305228
vn -0.347907 0.886452 0.305227
vn -0.253382 0.645607 0.720409
vn -0.310089 0.790094 0.528769
vn -0.253383 0.645608 0.720408
vn -0.310090 0.790095 0.528767
vn -0.476139 0.824698 0.305230
vn -0.476140 0.824698 0.305227
vn -0.346774 0.600631 0.720410
vn -0.424383 0.735054 0.528767
vn -0.346774 0.600630 0.720411
vn -0.424385 0.735056 0.528763
vn -0.593737 0.744523 0.305225
vn -0.593736 0.744522 0.305229
vn -0.432420 0.542237 0.720411
vn -0.508406 0.471732 0.720411
vn -0.432420 0.542237 0.720411
vn -0.529197 0.663592 0.528768
vn -0.529199 0.663594 0.528763
vn -0.698070 0.647714 0.305230
vn -0.622190 0.577307 0.528768
vn -0.698071 0.647715 0.305226
vn -0.508407 0.471733 0.720410
vn -0.622191 0.577309 0.528765
vn -0.786810 0.536438 0.305229
vn -0.786810 0.536438 0.305230
vn -0.701285 0.478128 0.528764
vn -0.573036 0.390690 0.720410
vn -0.573036 0.390690 0.720410
vn -0.701285 0.478128 0.528765
vn -0.857974 0.413178 0.305230
vn -0.857974 0.413178 0.305229
vn -0.764714 0.368267 0.528764
vn -0.624865 0.300919 0.720411
vn -0.764715 0.368267 0.528764
vn -0.624865 0.300919 0.720411
vn -0.909972 0.280689 0.305230
vn -0.909972 0.280689 0.305230
vn -0.662735 0.204427 0.720412
vn -0.811061 0.250179 0.528764
vn -0.662735 0.204427 0.720411
vn -0.811061 0.250179 0.528763
vn -0.941643 0.141930 0.305228
vn -0.941642 0.141930 0.305230
vn -0.685803 0.103368 0.720409
vn -0.693549 0.000000 0.720409
vn -0.839287 0.126502 0.528767
vn -0.685800 0.103368 0.720412
vn -0.839289 0.126502 0.528763
vn -0.952279 0.000000 0.305228
vn -0.952279 0.000000 0.305228
vn -0.941643 -0.141930 0.305228
vn -0.848767 0.000000 0.528766
vn -0.693550 0.000000 0.720409
vn -0.848767 0.000000 0.528767
vn -0.941642 -0.141930 0.305230
vn -0.839289 -0.126503 0.528764
vn -0.685800 -0.103368 0.720412
vn -0.839287 -0.126502 0.528766
vn -0.685803 -0.103368 0.720409
vn -0.909972 -0.280689 0.305230
vn -0.909972 -0.280689 0.305230
vn -0.662735 -0.204427 0.720411
vn -0.811061 -0.250179 0.528763
vn -0.811061 -0.250179 0.528764
vn -0.662734 -0.204427 0.720412
vn -0.857974 -0.413178 0.305229
vn -0.857974 -0.413178 0.305230
vn -0.624865 -0.300919 0.720411
vn -0.624865 -0.300919 0.720411
vn -0.764715 -0.368267 0.528763
vn -0.764714 -0.368267 0.528764
vn -0.786810 -0.536438 0.305229
vn -0.786810 -0.536438 0.305229
vn -0.573036 -0.390690 0.720410
vn -0.573037 -0.390690 0.720410
vn -0.508407 -0.471733 0.720410
vn -0.701285 -0.478128 0.528765
vn -0.701286 -0.478129 0.528764
vn -0.698070 -0.647714 0.305230
vn -0.698071 -0.647715 0.305226
vn -0.622190 -0.577308 0.528768
vn -0.622191 -0.577309 0.528765
vn -0.508406 -0.471732 0.720411
vn -0.593736 -0.744522 0.305229
vn -0.593737 -0.744523 0.305226
vn -0.529199 -0.663595 0.528763
vn -0.432420 -0.542237 0.720411
vn -0.529197 -0.663592 0.528768
vn -0.432420 -0.542237 0.720411
vn -0.476140 -0.824698 0.305227
vn -0.347907 -0.886452 0.305228
vn -0.476139 -0.824698 0.305230
vn -0.424384 -0.735054 0.528767
vn -0.346774 -0.600631 0.720410
vn -0.253382 -0.645607 0.720409
vn -0.424384 -0.735056 0.528763
vn -0.346774 -0.600630 0.720411
vn -0.347907 -0.886452 0.305227
vn -0.310089 -0.790094 0.528769
vn -0.253383 -0.645608 0.720408
vn -0.310089 -0.790095 0.528767
vn -0.211902 -0.928404 0.305227
vn -0.071164 -0.949617 0.305227
vn -0.071164 -0.949616 0.305229
vn -0.211902 -0.928404 0.305227
vn -0.188868 -0.827486 0.528769
vn -0.154329 -0.676162 0.720408
vn -0.063428 -0.846392 0.528770
vn -0.063429 -0.846394 0.528767
vn -0.051829 -0.691611 0.720408
vn -0.188868 -0.827485 0.528770
vn -0.154329 -0.676162 0.720408
vn -0.051829 -0.691611 0.720408
vn -0.109143 -0.988575 0.103960
vn -0.066012 -0.992234 0.105425
vn -0.065562 -0.992271 0.105352
vn 0.000000 -0.994354 0.106116
vn -0.021872 -0.994338 0.103988
vn 0.021872 -0.994338 0.103988
vn 0.066012 -0.992234 0.105425
vn 0.065562 -0.992271 0.105352
vn 0.109143 -0.988575 0.103960
vn -0.994522 -0.000000 0.104528
vn -0.994522 0.000000 0.104528
vn -0.994522 0.000000 0.104528
vn -0.994522 0.000000 0.104528
vn -0.918818 -0.380587 0.104528
vn -0.918818 -0.380587 0.104528
vn -0.918818 -0.380587 0.104528
vn -0.918818 -0.380587 0.104528
vn -0.380587 -0.918818 0.104528
vn -0.380587 -0.918818 0.104528
vn -0.380587 -0.918818 0.104528
vn -0.380587 -0.918818 0.104529
vn -0.000000 -0.994522 0.104528
vn 0.000000 -0.994522 0.104528
vn 0.000000 -0.994522 0.104528
vn 0.000000 -0.994522 0.104528
vn -0.988575 0.109143 0.103960
vn -0.991057 0.082486 0.104889
vn -0.993251 0.049528 0.104875
vn -0.992433 0.065573 0.103807
vn -0.994386 0.016516 0.104514
vn -0.994338 0.021872 0.103988
vn 0.000000 0.000000 1.000000
vn 0.000000 0.000000 1.000000
vn 0.000000 0.000000 1.000000
vn 0.000000 0.000000 1.000000
vn 0.000000 0.000000 1.000000
vn 0.000000 0.000000 1.000000
vn 0.000000 0.000000 1.000000
vn 0.000000 0.000000 1.000000
vn 0.000000 0.000000 1.000000
vn 0.000000 0.000000 1.000000
vn 0.000000 0.000000 1.000000
vn 0.000000 0.000000 1.000000
vn 0.000000 0.000000 1.000000
vn 0.000000 0.000000 1.000000
vn 0.000000 0.000000 1.000000
vn 0.000000 0.000000 1.000000
vn 0.000000 0.000000 1.000000
vn 0.000000 0.000000 1.000000
vn 0.000000 0.000000 1.000000
vn 0.000000 0.000000 1.000000
vn 0.000000 0.000000 1.000000
vn 0.000000 0.000000 1.000000
vn 0.000000 0.000000 1.000000
vn 0.000000 0.000000 1.000000
vn 0.000000 0.000000 1.000000
vn 0.000000 0.000000 1.000000
vn 0.000000 0.000000 1.000000
vn 0.000000 0.000000 1.000000
vn 0.000000 0.000000 1.000000
vn 0.000000 0.000000 1.000000
vn 0.000000 0.000000 1.000000
vn 0.000000 0.000000 1.000000
vn 0.000000 0.000000 1.000000
vn 0.000000 0.000000 1.000000
vn 0.000000 0.000000 1.000000
vn 0.000000 0.000000 1.000000
vn 0.000000 0.000000 1.000000
vn 0.000000 0.000000 1.000000
vn 0.000000 0.000000 1.000000
vn 0.000000 0.000000 1.000000
vn 0.000000 0.000000 1.000000
vn 0.000000 0.000000 1.000000
vn 0.000000 0.000000 1.000000
vn 0.000000 0.000000 1.000000
vn 0.000000 0.000000 1.000000
vn 0.000000 0.000000 1.000000
vn 0.000000 0.000000 1.000000
vn 0.000000 0.000000 1.000000
vn 0.000000 0.000000 1.000000
vn 0.000000 0.000000 1.000000
vn 0.000000 0.000000 1.000000
vn 0.000000 0.000000 1.000000
vn 0.000000 0.000000 1.000000
vn 0.000000 0.000000 1.000000
vn 0.000000 0.000000 1.000000
vn 0.000000 0.000000 1.000000
vn 0.000000 0.000000 1.000000
vn 0.000000 0.000000 1.000000
vn 0.000000 0.000000 1.000000
vn 0.000000 0.000000 1.000000
vn 0.000000 0.000000 1.000000
vn 0.000000 0.000000 1.000000
vn 0.000000 0.000000 1.000000
vn 0.000000 0.000000 1.000000
vn 0.000000 0.000000 1.000000
vn 0.000000 0.000000 1.000000
vn 0.000000 0.000000 1.000000
vn 0.000000 0.000000 1.000000
vn 0.000000 0.000000 1.000000
vn 0.000000 0.000000 1.000000
vn 0.000000 0.000000 1.000000
vn 0.000000 0.000000 1.000000
vn 0.000000 0.000000 1.000000
vn 0.000000 0.000000 1.000000
vn 0.000000 0.000000 1.000000
vn 0.000000 0.000000 1.000000
vn 0.000000 0.000000 1.000000
vn 0.000000 0.000000 1.000000
vn 0.000000 0.000000 1.000000
vn 0.000000 0.000000 1.000000
vn 0.000000 0.000000 1.000000
vn 0.000000 0.000000 1.000000
vn 0.000000 0.000000 1.000000
vn 0.000000 0.000000 1.000000
vn 0.000000 0.000000 1.000000
vn 0.000000 0.000000 1.000000
vn 0.000000 0.000000 1.000000
vn 0.000000 0.000000 1.000000
vn 0.000000 0.000000 1.000000
vn 0.000000 0.000000 1.000000
vn 0.000000 0.000000 1.000000
vn 0.000000 0.000000 1.000000
vn 0.000000 0.000000 1.000000
vn 0.000000 0.000000 1.000000
vn 0.000000 0.000000 1.000000
vn 0.000000 0.000000 1.000000
vn 0.000000 0.000000 1.000000
vn 0.000000 0.000000 1.000000
vn 0.000000 0.000000 1.000000
vn 0.000000 0.000000 1.000000
vn 0.000000 0.000000 1.000000
vn 0.000000 0.000000 1.000000
vn 0.000000 0.000000 1.000000
vn 0.000000 0.000000 1.000000
vn 0.000000 0.000000 1.000000
vn 0.000000 0.000000 1.000000
vn 0.000000 0.000000 1.000000
vn 0.000000 0.000000 1.000000
vn 0.000000 0.000000 1.000000
vn 0.000000 0.000000 1.000000
vn 0.000000 0.000000 1.000000
vn 0.000000 0.000000 1.000000
vn 0.000000 0.000000 1.000000
vn 0.000000 0.000000 1.000000
vn 0.000000 0.000000 1.000000
vn 0.000000 0.000000 1.000000
vn 0.000000 0.000000 1.000000
vn 0.000000 0.000000 1.000000
vn 0.000000 0.000000 1.000000
vn 0.000000 0.000000 1.000000
vn -0.992948 -0.054090 0.105494
vn -0.981116 -0.161901 0.105823
vn -0.990555 -0.085294 0.107359
vn -0.948491 -0.299105 0.104410
vn -0.968251 -0.225916 0.107019
vn -0.937840 -0.330650 0.105484
vn -0.886307 -0.450441 0.107532
vn -0.804955 -0.582949 0.110535
vn -0.866539 -0.486530 0.111351
vn -0.674351 -0.730075 0.110644
vn -0.729142 -0.674565 0.115388
vn -0.485027 -0.867983 0.106560
vn -0.585243 -0.802952 0.112957
vn -0.452357 -0.885321 0.107607
vn -0.330012 -0.938063 0.105494
vn -0.225881 -0.968390 0.105827
vn -0.299571 -0.948015 0.107356
vn -0.086635 -0.990756 0.104386
vn -0.161287 -0.981088 0.107017
vn -0.053268 -0.992993 0.105481
vn -0.969167 -0.218483 0.113933
vn -0.886206 -0.445875 0.125834
vn -0.959806 -0.249354 0.128820
vn -0.751550 -0.647618 0.125552
vn -0.870025 -0.471544 0.143884
vn -0.570881 -0.811345 0.125754
vn -0.356252 -0.926954 0.117646
vn -0.117724 -0.986402 0.114687
vn -0.344148 -0.929254 0.134351
vn -0.550641 -0.820966 0.151027
vn -0.727827 -0.665867 0.163978
vn -0.121769 -0.988551 0.089100
vn -0.665474 -0.728181 0.164002
vn -0.820452 -0.551391 0.151086
vn -0.929226 -0.344219 0.134359
vn -0.986364 -0.118013 0.114710
vn -0.988617 -0.121301 0.089005
vn -0.471416 -0.870086 0.143934
vn -0.927112 -0.355858 0.117589
vn -0.249001 -0.959891 0.128872
vn -0.812236 -0.569636 0.125647
vn -0.648780 -0.750554 0.125510
vn -0.446249 -0.886017 0.125842
vn -0.218942 -0.969059 0.113972
vn -0.000000 0.994522 0.104528
vn 0.000000 0.994522 0.104528
vn 0.000000 0.994522 0.104528
vn 0.000000 0.994522 0.104528
vn -0.380587 0.918818 0.104528
vn -0.380587 0.918818 0.104528
vn -0.380587 0.918818 0.104528
vn -0.380587 0.918818 0.104528
vn -0.918818 0.380587 0.104528
vn -0.918818 0.380587 0.104528
vn -0.918818 0.380587 0.104528
vn -0.918818 0.380587 0.104529
vn -0.994522 0.000000 0.104528
vn -0.994522 -0.000000 0.104528
vn -0.994522 -0.000000 0.104528
vn -0.994522 0.000000 0.104528
vn 0.109143 0.988575 0.103960
vn 0.082486 0.991057 0.104889
vn 0.049528 0.993251 0.104875
vn 0.065573 0.992433 0.103807
vn 0.016516 0.994386 0.104514
vn 0.021872 0.994338 0.103988
vn 0.994522 -0.000000 0.104528
vn 0.994522 -0.000000 0.104528
vn 0.994522 0.000000 0.104528
vn 0.994522 0.000000 0.104528
vn 0.918818 0.380587 0.104528
vn 0.918818 0.380587 0.104528
vn 0.918818 0.380587 0.104528
vn 0.918818 0.380587 0.104528
vn 0.380587 0.918818 0.104528
vn 0.380587 0.918818 0.104528
vn 0.380587 0.918818 0.104528
vn 0.380587 0.918818 0.104529
vn 0.000000 0.994522 0.104528
vn -0.000000 0.994522 0.104528
vn -0.000000 0.994522 0.104528
vn 0.000000 0.994522 0.104528
vn 0.990954 -0.087398 0.101839
vn 0.992240 -0.066013 0.105365
vn 0.994657 0.000000 0.103232
vn 0.992240 0.066013 0.105365
vn 0.994657 0.000000 0.103232
vn 0.990954 0.087398 0.101839
vn -0.000000 -0.994522 0.104528
vn -0.000000 -0.994522 0.104528
vn 0.000000 -0.994522 0.104528
vn 0.000000 -0.994522 0.104528
vn 0.380587 -0.918818 0.104528
vn 0.380587 -0.918818 0.104528
vn 0.380587 -0.918818 0.104528
vn 0.380587 -0.918818 0.104528
vn 0.918818 -0.380587 0.104528
vn 0.918818 -0.380587 0.104528
vn 0.918818 -0.380587 0.104528
vn 0.918818 -0.380587 0.104529
vn 0.994522 -0.000000 0.104528
vn 0.994522 0.000000 0.104528
vn 0.994522 0.000000 0.104528
vn 0.994522 0.000000 0.104528
vn -0.054090 0.992948 0.105494
vn -0.161901 0.981116 0.105823
vn -0.085294 0.990555 0.107359
vn -0.299105 0.948491 0.104410
vn -0.225916 0.968251 0.107019
vn -0.330650 0.937840 0.105484
vn -0.450441 0.886307 0.107532
vn -0.582949 0.804955 0.110535
vn -0.486530 0.866539 0.111351
vn -0.730075 0.674351 0.110644
vn -0.674565 0.729142 0.115388
vn -0.867983 0.485027 0.106560
vn -0.802952 0.585243 0.112957
vn -0.885321 0.452357 0.107607
vn -0.938063 0.330012 0.105494
vn -0.968390 0.225881 0.105827
vn -0.948015 0.299571 0.107356
vn -0.990756 0.086635 0.104386
vn -0.981088 0.161287 0.107017
vn -0.992993 0.053268 0.105481
vn 0.992948 0.054090 0.105494
vn 0.981116 0.161901 0.105823
vn 0.990555 0.085294 0.107359
vn 0.948491 0.299105 0.104410
vn 0.968251 0.225916 0.107019
vn 0.937840 0.330650 0.105484
vn 0.886307 0.450441 0.107532
vn 0.804955 0.582949 0.110535
vn 0.866539 0.486530 0.111351
vn 0.674351 0.730075 0.110644
vn 0.729142 0.674565 0.115388
vn 0.485027 0.867983 0.106560
vn 0.585243 0.802952 0.112957
vn 0.452357 0.885321 0.107607
vn 0.330012 0.938063 0.105494
vn 0.225881 0.968390 0.105827
vn 0.299571 0.948015 0.107356
vn 0.086635 0.990756 0.104386
vn 0.161287 0.981088 0.107017
vn 0.053268 0.992993 0.105481
vn 0.054090 -0.992948 0.105494
vn 0.161901 -0.981116 0.105823
vn 0.085294 -0.990555 0.107359
vn 0.299105 -0.948491 0.104410
vn 0.225916 -0.968251 0.107019
vn 0.330650 -0.937840 0.105484
vn 0.450441 -0.886307 0.107532
vn 0.582949 -0.804955 0.110535
vn 0.486530 -0.866539 0.111351
vn 0.730075 -0.674351 0.110644
vn 0.674565 -0.729142 0.115388
vn 0.867983 -0.485027 0.106560
vn 0.802952 -0.585243 0.112957
vn 0.885321 -0.452357 0.107607
vn 0.938063 -0.330012 0.105494
vn 0.968390 -0.225881 0.105827
vn 0.948015 -0.299571 0.107356
vn 0.990756 -0.086635 0.104386
vn 0.981088 -0.161287 0.107017
vn 0.992993 -0.053268 0.105481
vn -0.218483 0.969167 0.113933
vn -0.445875 0.886206 0.125834
vn -0.249354 0.959806 0.128820
vn -0.647618 0.751550 0.125552
vn -0.471544 0.870025 0.143884
vn -0.811345 0.570881 0.125754
vn -0.926954 0.356252 0.117646
vn -0.986402 0.117724 0.114687
vn -0.929254 0.344148 0.134351
vn -0.820966 0.550641 0.151027
vn -0.665867 0.727827 0.163978
vn -0.988551 0.121769 0.089100
vn -0.728181 0.665474 0.164002
vn -0.551391 0.820452 0.151086
vn -0.344219 0.929226 0.134359
vn -0.118013 0.986364 0.114710
vn -0.121301 0.988617 0.089005
vn -0.870086 0.471416 0.143934
vn -0.355858 0.927112 0.117589
vn -0.959891 0.249001 0.128872
vn -0.569636 0.812236 0.125647
vn -0.750554 0.648780 0.125510
vn -0.886017 0.446249 0.125842
vn -0.969059 0.218942 0.113972
vn 0.969167 0.218483 0.113933
vn 0.886206 0.445875 0.125834
vn 0.959806 0.249354 0.128820
vn 0.751550 0.647618 0.125552
vn 0.870025 0.471544 0.143884
vn 0.570881 0.811345 0.125754
vn 0.356252 0.926954 0.117646
vn 0.117724 0.986402 0.114687
vn 0.344148 0.929254 0.134351
vn 0.550641 0.820966 0.151027
vn 0.727827 0.665867 0.163978
vn 0.121769 0.988551 0.089100
vn 0.665474 0.728181 0.164002
vn 0.820452 0.551391 0.151086
vn 0.929226 0.344219 0.134359
vn 0.986364 0.118013 0.114710
vn 0.988617 0.121301 0.089005
vn 0.471416 0.870086 0.143934
vn 0.927112 0.355858 0.117589
vn 0.249001 0.959891 0.128872
vn 0.812236 0.569636 0.125647
vn 0.648780 0.750554 0.125510
vn 0.446249 0.886017 0.125842
vn 0.218942 0.969059 0.113972
vn 0.218483 -0.969167 0.113933
vn 0.445875 -0.886206 0.125834
vn 0.249354 -0.959806 0.128820
vn 0.647618 -0.751550 0.125552
vn 0.471544 -0.870025 0.143884
vn 0.811345 -0.570881 0.125754
vn 0.926954 -0.356252 0.117646
vn 0.986402 -0.117724 0.114687
vn 0.929254 -0.344148 0.134351
vn 0.820966 -0.550641 0.151027
vn 0.665867 -0.727827 0.163978
vn 0.988551 -0.121769 0.089100
vn 0.728181 -0.665474 0.164002
vn 0.551391 -0.820452 0.151086
vn 0.344219 -0.929226 0.134359
vn 0.118013 -0.986364 0.114710
vn 0.121301 -0.988617 0.089005
vn 0.870086 -0.471416 0.143934
vn 0.355858 -0.927112 0.117589
vn 0.959891 -0.249001 0.128872
vn 0.569636 -0.812236 0.125647
vn 0.750554 -0.648780 0.125510
vn 0.886017 -0.446249 0.125842
vn 0.969059 -0.218942 0.113972
vn 0.000000 0.000000 -1.000000
vn 0.000000 0.000000 -1.000000
vn 0.000000 0.000000 -1.000000
vn -0.000000 0.000000 -1.000000
vn 0.000000 0.000000 -1.000000
vn 0.000000 -0.000000 -1.000000
vn 0.000000 0.000000 -1.000000
vn -0.000000 0.000000 -1.000000
vn 0.000000 0.000000 -1.000000
vn 0.000000 -0.000000 -1.000000
vn 0.000000 0.000000 -1.000000
vn -0.000000 0.000000 -1.000000
vn 0.000000 0.000000 -1.000000
vn 0.000000 -0.000000 -1.000000
vn 0.000000 0.000000 -1.000000
vn -0.000000 0.000000 -1.000000
vn 0.000000 -0.000000 -1.000000
vn 0.000000 -0.000000 -1.000000
vn 0.000000 0.000000 -1.000000
vn -0.000000 0.000000 -1.000000
vn 0.000000 0.000000 -1.000000
vn 0.000000 -0.000000 -1.000000
vn 0.000000 0.000000 -1.000000
vn -0.000000 0.000000 -1.000000
vn 0.000000 0.000000 -1.000000
vn 0.000000 -0.000000 -1.000000
vn -0.000000 0.000000 -1.000000
vn 0.000000 0.000000 -1.000000
vn 0.000000 0.000000 -1.000000
vn 0.000000 -0.000000 -1.000000
vn 0.000000 0.000000 -1.000000
vn -0.000000 0.000000 -1.000000
vn 0.000000 -0.000000 -1.000000
vn -0.000000 0.000000 -1.000000
vn 0.000000 -0.000000 -1.000000
vn 0.000000 0.000000 -1.000000
vn -0.000000 0.000000 -1.000000
vn 0.000000 0.000000 -1.000000
vn 0.000000 -0.000000 -1.000000
vn 0.000000 0.000000 -1.000000
vn 0.000000 0.000000 -1.000000
vn -0.000000 0.000000 -1.000000
vn 0.000000 -0.000000 -1.000000
vn 0.000000 0.000000 -1.000000
vn 0.000000 0.000000 -1.000000
vn -0.000000 0.000000 -1.000000
vn 0.000000 -0.000000 -1.000000
vn 0.000000 0.000000 -1.000000
vn -0.000000 0.000000 -1.000000
vn 0.000000 0.000000 -1.000000
vn 0.000000 0.000000 -1.000000
vn 0.000000 -0.000000 -1.000000
vn 0.000000 0.000000 -1.000000
vn -0.000000 0.000000 -1.000000
vn 0.000000 0.000000 -1.000000
vn 0.000000 -0.000000 -1.000000
vn 0.000000 0.000000 -1.000000
vn -0.000000 0.000000 -1.000000
vn 0.000000 0.000000 -1.000000
vn 0.000000 -0.000000 -1.000000
vn 0.000000 0.000000 -1.000000
vn -0.000000 0.000000 -1.000000
vn 0.000000 0.000000 -1.000000
vn 0.000000 -0.000000 -1.000000
vn 0.000000 0.000000 -1.000000
vn -0.000000 0.000000 -1.000000
vn 0.000000 -0.000000 -1.000000
vn -0.000000 0.000000 -1.000000
vn 0.062956 -0.998016 0.000000
vn 0.102308 -0.989287 -0.104134
vn 0.186148 -0.981306 0.048858
vn 0.294150 -0.950662 -0.098578
vn 0.344226 -0.930886 0.122311
vn 0.482092 -0.867654 -0.121508
vn 0.528743 -0.843873 0.091151
vn 0.653984 -0.749664 -0.101535
vn 0.686782 -0.719255 0.104897
vn 0.791902 -0.603446 -0.093505
vn 0.820643 -0.558604 0.120449
vn 0.892708 -0.438309 -0.104678
vn 0.918155 -0.380886 0.109169
vn 0.960822 -0.248137 -0.123484
vn 0.976224 -0.194918 0.094830
vn 0.993488 -0.042247 -0.105814
vn 0.995122 0.003305 0.098593
vn 0.981779 0.158636 -0.104617
vn 0.969841 0.196264 0.144531
vn 0.925257 0.345125 -0.157442
vn 0.889343 0.371843 0.266088
vn 0.856795 0.486018 -0.172307
vn 0.679620 0.457380 0.573516
vn 0.005758 0.499992 0.866011
vn 0.002947 0.498385 0.866951
vn -0.103435 0.482917 0.869535
vn -0.072953 0.501074 0.862324
vn -0.209108 0.447663 0.869409
vn -0.160678 0.484179 0.860089
vn -0.305777 0.390613 0.868287
vn -0.251179 0.443033 0.860599
vn -0.383323 0.316254 0.867783
vn -0.336403 0.382411 0.860578
vn -0.407461 0.304568 0.860938
vn -0.486417 0.118295 0.865682
vn -0.487856 0.122323 0.864311
vn -0.499428 0.008616 0.866313
vn -0.506227 0.020197 0.862164
vn -0.488061 -0.099015 0.867175
vn -0.500672 -0.084801 0.861473
vn -0.473857 -0.183777 0.861212
vn -0.450928 -0.203970 0.868942
vn -0.430163 -0.274106 0.860132
vn -0.392802 -0.299458 0.869501
vn -0.366503 -0.356517 0.859402
vn -0.319255 -0.376958 0.869470
vn -0.285405 -0.424884 0.859080
vn -0.228291 -0.437838 0.869587
vn -0.192207 -0.472802 0.859950
vn -0.123779 -0.478964 0.869064
vn -0.094002 -0.499884 0.860976
vn -0.006148 -0.496384 0.868082
vn -0.014196 -0.501524 0.865027
vn 0.072483 -0.499362 0.863356
vn 0.091954 -0.486159 0.869019
vn 0.160618 -0.484053 0.860172
vn 0.197637 -0.452349 0.869666
vn 0.294974 -0.396746 0.869243
vn 0.251744 -0.443797 0.860040
vn 0.374047 -0.324284 0.868866
vn 0.337471 -0.383370 0.859733
vn 0.436763 -0.234290 0.868531
vn 0.409044 -0.305472 0.859866
vn 0.458782 -0.216475 0.861776
vn 0.487635 -0.130864 0.863184
vn 0.483913 -0.121831 0.866594
vn 0.502786 -0.019939 0.864181
vn 0.503113 -0.020440 0.863979
vn 0.493598 0.088262 0.865200
vn 0.497830 0.083950 0.863202
vn 0.457700 0.193822 0.867723
vn 0.471845 0.182693 0.862546
vn 0.400640 0.290410 0.868993
vn 0.429232 0.273343 0.860839
vn 0.328452 0.369783 0.869126
vn 0.366118 0.356042 0.859763
vn 0.239069 0.432199 0.869511
vn 0.285282 0.424642 0.859240
vn 0.135580 0.474743 0.869619
vn 0.192315 0.473203 0.859706
vn 0.026693 0.494449 0.868797
vn 0.094090 0.501191 0.860206
vn 0.005322 0.504009 0.863682
vn -0.080742 0.490069 0.867936
vn -0.071804 0.496884 0.864842
vn -0.186617 0.457625 0.869341
vn -0.160191 0.483156 0.860755
vn -0.284685 0.403363 0.869628
vn -0.251812 0.443888 0.859973
vn -0.365497 0.332558 0.869377
vn -0.337966 0.383815 0.859340
vn -0.409919 0.305972 0.859271
vn -0.429478 0.244467 0.869358
vn -0.460494 0.217036 0.860721
vn -0.475564 0.141838 0.868171
vn -0.491780 0.122812 0.862015
vn -0.469096 -0.181214 0.864356
vn -0.465132 -0.184012 0.865905
vn -0.427643 -0.272039 0.862042
vn -0.409055 -0.281784 0.867912
vn -0.365244 -0.354965 0.860580
vn -0.337977 -0.363226 0.868238
vn -0.284780 -0.423649 0.859896
vn -0.250048 -0.427268 0.868860
vn -0.192201 -0.472780 0.859964
vn -0.147399 -0.471265 0.869588
vn -0.094123 -0.501685 0.859915
vn -0.038530 -0.492652 0.869373
vn -0.005128 -0.505789 0.862642
vn 0.070923 -0.493662 0.866757
vn 0.069738 -0.494667 0.866280
vn 0.159399 -0.481492 0.861834
vn 0.175990 -0.463519 0.868434
vn 0.251374 -0.443297 0.860407
vn 0.274869 -0.410509 0.869442
vn 0.337889 -0.383746 0.859401
vn 0.357619 -0.341116 0.869338
vn 0.422950 -0.254785 0.869596
vn 0.410076 -0.306062 0.859164
vn 0.470049 -0.153375 0.869212
vn 0.461421 -0.217339 0.860148
vn 0.494769 -0.044261 0.867896
vn 0.493760 -0.123058 0.860847
vn 0.508332 -0.020032 0.860928
vn 0.473270 0.174492 0.863463
vn 0.465629 0.179350 0.866616
vn 0.418105 0.273551 0.866232
vn 0.425398 0.270199 0.863729
vn 0.347881 0.357248 0.866806
vn 0.363891 0.353297 0.861838
vn 0.261282 0.423018 0.867633
vn 0.283902 0.421916 0.861038
vn 0.159300 0.468512 0.868976
vn 0.191864 0.471528 0.860726
vn 0.050343 0.491516 0.869412
vn 0.094100 0.501347 0.860114
vn 0.005018 0.506804 0.862047
vn -0.056892 0.492898 0.868225
vn -0.071980 0.497524 0.864459
vn -0.158247 0.479070 0.863394
vn -0.165703 0.470066 0.866938
vn -0.250427 0.442017 0.861341
vn -0.265488 0.418233 0.868676
vn -0.337242 0.383165 0.859914
vn -0.350359 0.350000 0.868762
vn -0.409512 0.305740 0.859548
vn -0.417137 0.265299 0.869260
vn -0.461546 0.217380 0.860071
vn -0.465301 0.164915 0.869654
vn -0.494943 0.123205 0.860146
vn -0.491608 0.056243 0.868998
vn -0.509969 0.019904 0.859963
vn -0.492869 -0.050802 0.868619
vn -0.502889 -0.085465 0.860115
vn -0.470168 -0.158855 0.868163
vn -0.472410 -0.182998 0.862172
vn -0.422510 -0.267832 0.865882
vn -0.427850 -0.265686 0.863919
vn -0.362073 -0.351058 0.863517
vn -0.358214 -0.351813 0.864818
vn -0.282654 -0.419454 0.862650
vn -0.272836 -0.419426 0.865819
vn -0.191305 -0.469449 0.861986
vn -0.171344 -0.466476 0.867780
vn -0.094021 -0.500166 0.860810
vn -0.062191 -0.491055 0.868906
vn -0.004992 -0.507048 0.861904
vn 0.044688 -0.492573 0.869123
vn 0.072609 -0.499819 0.863081
vn 0.156744 -0.475909 0.865414
vn 0.155702 -0.477304 0.864834
vn 0.248973 -0.440050 0.862768
vn 0.256517 -0.426573 0.867315
vn 0.336021 -0.382068 0.860880
vn 0.343643 -0.359279 0.867657
vn 0.408232 -0.305008 0.860416
vn 0.412005 -0.276065 0.868355
vn 0.460859 -0.217155 0.860495
vn 0.461297 -0.176518 0.869509
vn 0.495306 -0.123250 0.859931
vn 0.489137 -0.068174 0.869539
vn 0.510834 -0.019836 0.859451
vn 0.492755 0.038738 0.869305
vn 0.472335 0.146377 0.869180
vn 0.504104 0.085829 0.859368
vn 0.474214 0.183969 0.860974
vn 0.281049 0.416288 0.864706
vn 0.284769 0.416476 0.863397
vn 0.190525 0.466556 0.863728
vn 0.183597 0.465152 0.865983
vn 0.093885 0.498139 0.862000
vn 0.074131 0.491287 0.867837
vn 0.005049 0.506519 0.862214
vn -0.032820 0.492926 0.869452
vn -0.073029 0.501351 0.862156
vn -0.247941 0.435542 0.865349
vn -0.247018 0.437407 0.864672
vn -0.337344 0.369085 0.866011
vn -0.334184 0.380417 0.862325
vn -0.407525 0.287140 0.866876
vn -0.406246 0.303873 0.861757
vn -0.458016 0.188246 0.868783
vn -0.459362 0.216665 0.861419
vn -0.487360 0.080115 0.869518
vn -0.494830 0.123191 0.860213
vn -0.493317 -0.026984 0.869431
vn -0.510921 0.019829 0.859399
vn -0.475124 -0.134368 0.869599
vn -0.504524 -0.085955 0.859108
vn -0.433559 -0.238568 0.868972
vn -0.475296 -0.184552 0.860252
vn -0.371392 -0.330932 0.867498
vn -0.428867 -0.273042 0.861116
vn -0.364504 -0.354053 0.861268
vn -0.196123 -0.464540 0.863561
vn -0.189530 -0.462868 0.865928
vn -0.086226 -0.492236 0.866180
vn -0.093691 -0.495269 0.863673
vn 0.018567 -0.495104 0.868635
vn -0.005190 -0.505227 0.862971
vn 0.120534 -0.480251 0.868810
vn 0.073259 -0.502187 0.861650
vn 0.222141 -0.443582 0.868267
vn 0.160288 -0.483361 0.860622
vn 0.315624 -0.385673 0.866970
vn 0.250259 -0.441789 0.861507
vn 0.390274 -0.311295 0.866477
vn 0.335259 -0.381382 0.861481
vn 0.406680 -0.304122 0.861465
vn 0.453334 -0.223890 0.862764
vn 0.451176 -0.213981 0.866402
vn 0.486965 -0.119814 0.865165
vn 0.487969 -0.122337 0.864245
vn 0.501207 -0.013540 0.865222
vn 0.505700 -0.020238 0.862472
vn 0.493482 0.089941 0.865093
vn 0.499335 0.084400 0.862289
vn 0.460709 0.190236 0.866924
vn 0.471829 0.182685 0.862557
vn 0.407904 0.282451 0.868237
vn 0.428691 0.272898 0.861250
vn 0.341263 0.360904 0.867922
vn 0.365823 0.355678 0.860039
vn 0.260543 0.423339 0.867699
vn 0.284867 0.423823 0.859782
vn 0.178091 0.469152 0.864974
vn 0.192000 0.472033 0.860419
vn 0.095616 0.497709 0.862058
vn 0.093792 0.496760 0.862805
vn -0.002816 0.493770 0.869588
vn 0.005758 0.499992 0.866011
vn -0.113689 0.476713 0.871676
vn -0.073507 0.503091 0.861102
vn -0.218716 0.442654 0.869610
vn -0.161187 0.485249 0.859390
vn -0.305468 0.390725 0.868345
vn -0.251677 0.443706 0.860107
vn -0.370779 0.326747 0.869344
vn -0.339230 0.384951 0.858333
vn -0.423407 0.252946 0.869911
vn -0.412814 0.307625 0.857293
vn -0.463068 0.168783 0.870104
vn -0.464640 0.218392 0.858146
vn -0.486494 0.077697 0.870223
vn -0.498839 0.123688 0.857823
vn -0.494231 -0.012609 0.869239
vn -0.514773 0.019525 0.857104
vn -0.486974 -0.102841 0.867341
vn -0.506502 -0.086549 0.857884
vn -0.460811 -0.191182 0.866662
vn -0.474717 -0.184240 0.860639
vn -0.418418 -0.275208 0.865556
vn -0.428636 -0.272853 0.861291
vn -0.365853 -0.352621 0.861284
vn -0.293008 -0.404345 0.866401
vn -0.363203 -0.352450 0.862474
vn -0.213747 -0.445689 0.869295
vn -0.286296 -0.426646 0.857909
vn -0.142806 -0.475892 0.867832
vn -0.193467 -0.477488 0.857074
vn -0.081853 -0.498322 0.863120
vn -0.094392 -0.505721 0.857517
vn -0.005758 -0.499991 0.866011
vn -0.000444 -0.494400 0.869234
vn 0.073713 -0.503842 0.860645
vn 0.097163 -0.478402 0.872749
vn 0.163555 -0.490218 0.856117
vn 0.192568 -0.447508 0.873301
vn 0.256356 -0.450023 0.855430
vn 0.278405 -0.402454 0.872079
vn 0.344497 -0.389678 0.854092
vn 0.348381 -0.346698 0.870879
vn 0.415365 -0.309081 0.855535
vn 0.408642 -0.281556 0.868181
vn 0.454949 -0.203811 0.866881
vn 0.462209 -0.217597 0.859660
vn 0.488322 -0.117313 0.864742
vn 0.493434 -0.123017 0.861040
vn 0.503239 -0.026634 0.863737
vn 0.512023 -0.019742 0.858745
vn 0.491650 0.060026 0.868722
vn 0.467614 0.143436 0.872218
vn 0.513011 0.088504 0.853807
vn 0.432539 0.224331 0.873261
vn 0.484842 0.189699 0.853781
vn 0.383845 0.298202 0.873921
vn 0.439977 0.282165 0.852527
vn 0.327340 0.362586 0.872571
vn 0.375477 0.367595 0.850818
vn 0.263400 0.420776 0.868083
vn 0.289940 0.433856 0.853055
vn 0.186991 0.468731 0.863323
vn 0.120006 0.486861 0.865197
vn 0.192437 0.473656 0.859429
vn 0.071587 0.498717 0.863804
vn 0.095215 0.518151 0.849973
vn -0.004093 0.481012 0.876704
vn 0.005758 0.499991 0.866011
vn -0.075933 0.511919 0.855671
vn -0.104577 0.461534 0.880937
vn -0.168230 0.500009 0.849523
vn -0.203385 0.427958 0.880617
vn -0.260283 0.455319 0.851433
vn -0.294807 0.380507 0.876529
vn -0.353002 0.397300 0.847079
vn -0.360989 0.308375 0.880109
vn -0.427076 0.315754 0.847293
vn -0.419792 0.229155 0.878215
vn -0.478549 0.222931 0.849290
vn -0.456853 0.140993 0.878298
vn -0.513610 0.125506 0.848795
vn -0.472696 0.041961 0.880226
vn -0.528152 0.018462 0.848949
vn -0.489453 -0.037407 0.871227
vn -0.536544 -0.095608 0.838439
vn -0.512186 -0.098271 0.853234
vn -0.454690 -0.157789 0.876561
vn -0.488354 -0.191596 0.851352
vn -0.410148 -0.247866 0.877691
vn -0.428848 -0.273027 0.861131
vn -0.377100 -0.326854 0.866581
vn -0.341500 -0.366378 0.865532
vn -0.400357 -0.398451 0.825197
vn -0.276985 -0.412587 0.867785
vn -0.282818 -0.419777 0.862439
vn -0.189018 -0.466403 0.864141
vn -0.192153 -0.472602 0.860072
vn -0.094397 -0.497767 0.862159
vn -0.093668 -0.494931 0.863869
vn -0.013154 -0.499956 0.865951
vn -0.001265 -0.422964 0.906145
vn 0.056613 -0.532603 0.844470
vn 0.093900 -0.432810 0.896582
vn 0.165764 -0.563869 0.809057
vn 0.178895 -0.402257 0.897879
vn 0.282963 -0.527042 0.801348
vn 0.242122 -0.338818 0.909164
vn 0.419572 -0.491188 0.763343
vn 0.302238 -0.281003 0.910873
vn 0.656903 -0.478409 0.582754
vn 0.274020 -0.179389 0.944845
vn 0.862750 -0.372005 0.342454
vn 0.339327 -0.142461 0.929818
vn 0.381337 -0.023904 -0.924127
vn -0.432942 0.220423 0.874057
vn -0.468863 0.219772 0.855493
vn -0.436063 0.243948 0.866221
vn -0.462638 0.198107 0.864130
vn -0.497449 0.052485 0.865904
vn -0.485860 0.033280 0.873403
vn -0.520350 0.019084 0.853740
vn -0.484503 -0.022834 0.874492
vn -0.519274 -0.029464 0.854100
vn -0.491983 -0.106243 0.864098
vn -0.480921 -0.071572 0.873838
vn -0.513869 -0.088762 0.853264
vn 0.483328 0.060206 0.873367
vn 0.513652 0.088696 0.853402
vn 0.496739 0.047402 0.866604
vn 0.494471 0.103218 0.863044
vn 0.438056 0.237947 0.866884
vn 0.421116 0.244143 0.873530
vn 0.436958 0.279684 0.854894
vn 0.346120 0.365744 0.863963
vn 0.385563 0.296457 0.873759
vn 0.407930 0.319139 0.855420
vn 0.356912 0.331289 0.873419
vn 0.372449 0.363854 0.853752
vn -0.164180 0.491528 0.855246
vn -0.126490 0.482663 0.866624
vn -0.178248 0.470730 0.864084
vn -0.137096 0.466969 0.873582
vn -0.286684 -0.393366 0.873542
vn -0.289798 -0.433575 0.853247
vn -0.306836 -0.394188 0.866295
vn -0.264455 -0.429775 0.863341
vn -0.191881 0.471590 -0.860689
vn -0.217653 0.444218 -0.869079
vn -0.285149 0.424378 -0.859415
vn -0.310342 0.384796 -0.869264
vn -0.366393 0.356382 -0.859504
vn -0.385488 0.308958 -0.869450
vn -0.430436 0.274330 -0.859923
vn -0.444777 0.214507 -0.869574
vn -0.475120 0.184457 -0.860370
vn -0.483225 0.109977 -0.868561
vn -0.502746 0.085422 -0.860204
vn -0.496761 0.002608 -0.867884
vn -0.508533 -0.020017 -0.860810
vn -0.485939 -0.105937 -0.867549
vn -0.490978 -0.122712 -0.862486
vn -0.453371 -0.214011 -0.865248
vn -0.453489 -0.214740 -0.865005
vn -0.250129 -0.441614 -0.861634
vn -0.221094 -0.443541 -0.868556
vn -0.160375 -0.483541 -0.860504
vn -0.115249 -0.480330 -0.869483
vn -0.073208 -0.502005 -0.861761
vn -0.008289 -0.495927 -0.868325
vn 0.005448 -0.502854 -0.864354
vn 0.093402 -0.491001 -0.866137
vn 0.191342 -0.469588 -0.861903
vn 0.100232 -0.494222 -0.863538
vn 0.284517 -0.423131 -0.860238
vn 0.207098 -0.451378 -0.867968
vn 0.365788 -0.355636 -0.860071
vn 0.301668 -0.393348 -0.868489
vn 0.430061 -0.274022 -0.860209
vn 0.378647 -0.318945 -0.868850
vn 0.475629 -0.184731 -0.860030
vn 0.439212 -0.225486 -0.869626
vn 0.504031 -0.085807 -0.859412
vn 0.479063 -0.121208 -0.869372
vn 0.510084 0.019895 -0.859895
vn 0.494768 -0.013921 -0.868913
vn 0.493263 0.122996 -0.861141
vn 0.486196 0.093771 -0.868804
vn 0.456685 0.215788 -0.863061
vn 0.455148 0.201803 -0.867246
vn 0.403197 0.300173 -0.864482
vn 0.403158 0.302107 -0.863826
vn 0.330670 0.380957 -0.863440
vn 0.331354 0.377871 -0.864534
vn 0.238632 0.446563 -0.862344
vn 0.244206 0.433600 -0.867384
vn 0.159713 0.482152 -0.861407
vn 0.127462 0.478386 -0.868850
vn 0.073247 0.502147 -0.861675
vn 0.019661 0.494142 -0.869159
vn -0.005215 0.504993 -0.863107
vn -0.093660 0.494813 -0.863937
vn -0.087889 0.492423 -0.865907
vn -0.189378 0.462306 -0.866261
vn -0.197853 0.464512 -0.863182
vn -0.364691 0.354284 -0.861094
vn -0.429052 0.273194 -0.860976
vn -0.372234 0.329458 -0.867698
vn -0.475387 0.184601 -0.860192
vn -0.434200 0.236964 -0.869090
vn -0.504520 0.085954 -0.859111
vn -0.475552 0.132766 -0.869611
vn -0.510874 -0.019833 -0.859427
vn -0.493445 0.025404 -0.869406
vn -0.494700 -0.123174 -0.860291
vn -0.487172 -0.081745 -0.869472
vn -0.459095 -0.216578 -0.861583
vn -0.457625 -0.189856 -0.868639
vn -0.405922 -0.303688 -0.861975
vn -0.406964 -0.288674 -0.866630
vn -0.333887 -0.380149 -0.862558
vn -0.336518 -0.370464 -0.865744
vn -0.246714 -0.436996 -0.864967
vn -0.246802 -0.436814 -0.865033
vn -0.073069 -0.501500 -0.862067
vn 0.005063 -0.506388 -0.862291
vn -0.031228 -0.493026 -0.869454
vn 0.093862 -0.497798 -0.862199
vn 0.075768 -0.491374 -0.867647
vn 0.190402 -0.466100 -0.864001
vn 0.185284 -0.465026 -0.865691
vn 0.474404 -0.184071 -0.860848
vn 0.472678 -0.144717 -0.869271
vn 0.504208 -0.085860 -0.859304
vn 0.492792 -0.037122 -0.869355
vn 0.510891 0.019831 -0.859416
vn 0.495291 0.123248 -0.859940
vn 0.488854 0.069797 -0.869569
vn 0.460704 0.217103 -0.860592
vn 0.460809 0.178105 -0.869444
vn 0.408002 0.304878 -0.860572
vn 0.411357 0.277553 -0.868188
vn 0.335807 0.381875 -0.861049
vn 0.342762 0.360581 -0.867465
vn 0.248735 0.439730 -0.862999
vn 0.255326 0.427755 -0.867083
vn 0.156514 0.475423 -0.865723
vn 0.072678 0.500073 -0.862928
vn 0.154361 0.478345 -0.864499
vn 0.043055 0.492581 -0.869201
vn -0.004994 0.507021 -0.861919
vn -0.063809 0.491046 -0.868794
vn -0.094006 0.499941 -0.860943
vn -0.172998 0.466254 -0.867571
vn -0.191211 0.469103 -0.862195
vn -0.274436 0.418987 -0.865526
vn -0.282457 0.419064 -0.862904
vn -0.359661 0.351110 -0.864503
vn -0.361788 0.350707 -0.863779
vn -0.429231 0.264644 -0.863553
vn -0.422067 0.267471 -0.866209
vn -0.472697 0.183152 -0.861982
vn -0.470427 0.157127 -0.868337
vn -0.503101 0.085528 -0.859985
vn -0.492813 0.049139 -0.868746
vn -0.510132 -0.019891 -0.859866
vn -0.491231 -0.057868 -0.869105
vn -0.495042 -0.123217 -0.860088
vn -0.464714 -0.166489 -0.869668
vn -0.461500 -0.217364 -0.860099
vn -0.409380 -0.305665 -0.859638
vn -0.416399 -0.266748 -0.869171
vn -0.337111 -0.383046 -0.860019
vn -0.349416 -0.351237 -0.868643
vn -0.250258 -0.441790 -0.861506
vn -0.264243 -0.419331 -0.868526
vn -0.158063 -0.478683 -0.863643
vn -0.072077 -0.497880 -0.864245
vn -0.164326 -0.471010 -0.866687
vn 0.005010 -0.506883 -0.862000
vn -0.055209 -0.492814 -0.868382
vn 0.051952 -0.491414 -0.869375
vn 0.094093 -0.501236 -0.860179
vn 0.160929 -0.468193 -0.868848
vn 0.191801 -0.471293 -0.860869
vn 0.262835 -0.422491 -0.867421
vn 0.283753 -0.421623 -0.861231
vn 0.349261 -0.356477 -0.866568
vn 0.363670 -0.353026 -0.862042
vn 0.419389 -0.272460 -0.865955
vn 0.425043 -0.269908 -0.863996
vn 0.474435 -0.173217 -0.863080
vn 0.465104 -0.179068 -0.866956
vn 0.501213 -0.084962 -0.861143
vn 0.493520 -0.061527 -0.867556
vn 0.508600 0.020011 -0.860771
vn 0.494299 0.045897 -0.868080
vn 0.493969 0.123084 -0.860724
vn 0.469358 0.154945 -0.869307
vn 0.461485 0.217359 -0.860108
vn 0.422117 0.256203 -0.869584
vn 0.410041 0.306043 -0.859188
vn 0.356595 0.342305 -0.869291
vn 0.337834 0.383696 -0.859445
vn 0.273567 0.411525 -0.869372
vn 0.251274 0.443163 -0.860504
vn 0.174572 0.464371 -0.868265
vn 0.159264 0.481206 -0.862018
vn 0.068253 0.495347 -0.866010
vn 0.070787 0.493168 -0.867050
vn -0.005109 0.505972 -0.862535
vn -0.040137 0.492459 -0.869410
vn -0.094123 0.501689 -0.859912
vn -0.192169 0.472659 -0.860038
vn -0.149013 0.470848 -0.869539
vn -0.284682 0.423457 -0.860024
vn -0.251561 0.426650 -0.868727
vn -0.365088 0.354772 -0.860725
vn -0.339302 0.362379 -0.868076
vn -0.427375 0.271820 -0.862243
vn -0.410249 0.280641 -0.867719
vn -0.468666 0.180983 -0.864637
vn -0.466197 0.182701 -0.865610
vn -0.492096 -0.122851 -0.861829
vn -0.460667 -0.217092 -0.860614
vn -0.474768 -0.143410 -0.868348
vn -0.428546 -0.245862 -0.869425
vn -0.409983 -0.306009 -0.859228
vn -0.364387 -0.333705 -0.869404
vn -0.337990 -0.383836 -0.859321
vn -0.283322 -0.404304 -0.869636
vn -0.251782 -0.443848 -0.860003
vn -0.203746 -0.454569 -0.867096
vn -0.160482 -0.483766 -0.860358
vn -0.131886 -0.482200 -0.866077
vn -0.075583 -0.499845 -0.862811
vn -0.073023 -0.501330 -0.862169
vn -0.031737 -0.499856 -0.865527
vn 0.005057 -0.506452 -0.862254
vn 0.022708 -0.499871 -0.865802
vn 0.093915 -0.497790 -0.862198
vn 0.093860 -0.497769 -0.862216
vn 0.167964 -0.471594 -0.865672
vn 0.192321 -0.473225 -0.859692
vn 0.246280 -0.430093 -0.868543
vn 0.285681 -0.425430 -0.858718
vn 0.324952 -0.373418 -0.868887
vn 0.367255 -0.357444 -0.858695
vn 0.389916 -0.303551 -0.869381
vn 0.431451 -0.275163 -0.859148
vn 0.476899 -0.185415 -0.859179
vn 0.442664 -0.219530 -0.869399
vn 0.506481 -0.086542 -0.857897
vn 0.477071 -0.128830 -0.869371
vn 0.512893 0.019673 -0.858227
vn 0.492940 -0.035901 -0.869322
vn 0.496474 0.123395 -0.859237
vn 0.491230 0.057284 -0.869144
vn 0.462831 0.217800 -0.859273
vn 0.470749 0.151782 -0.869113
vn 0.410999 0.306590 -0.858535
vn 0.433164 0.239285 -0.868972
vn 0.336899 0.382856 -0.860186
vn 0.383262 0.316803 -0.867609
vn 0.314232 0.384729 -0.867895
vn 0.252486 0.444799 -0.859305
vn 0.254399 0.440075 -0.861171
vn 0.162061 0.487082 -0.858188
vn 0.195399 0.458564 -0.866913
vn 0.073862 0.504390 -0.860311
vn 0.109434 0.475259 -0.873014
vn -0.005758 0.499992 -0.866011
vn 0.002543 0.491853 -0.870674
vn -0.093581 0.493640 -0.864617
vn -0.098162 0.497586 -0.861843
vn -0.191046 0.468487 -0.862567
vn -0.189826 0.467798 -0.863210
vn -0.275460 0.418899 -0.865243
vn -0.283961 0.422033 -0.860961
vn -0.355327 0.349821 -0.866815
vn -0.362188 0.351200 -0.863411
vn -0.425328 0.268149 -0.864403
vn -0.422892 0.268147 -0.865598
vn -0.471337 0.182420 -0.862881
vn -0.462713 0.164241 -0.871161
vn -0.507748 0.086922 -0.857110
vn -0.490204 0.064003 -0.869255
vn -0.512273 -0.019722 -0.858596
vn -0.495487 -0.032928 -0.867991
vn -0.494599 -0.123162 -0.860351
vn -0.475324 -0.132711 -0.869744
vn -0.463755 -0.218102 -0.858698
vn -0.426519 -0.228018 -0.875265
vn -0.419491 -0.311435 -0.852664
vn -0.364616 -0.313733 -0.876714
vn -0.348680 -0.393428 -0.850669
vn -0.293839 -0.383703 -0.875460
vn -0.259375 -0.454096 -0.852363
vn -0.199854 -0.429922 -0.880469
vn -0.168564 -0.500707 -0.849046
vn -0.076523 -0.514068 -0.854329
vn -0.100403 -0.460504 -0.881961
vn 0.005758 -0.499992 -0.866011
vn -0.002185 -0.478088 -0.878309
vn 0.075326 -0.498580 -0.863565
vn 0.095855 -0.527976 -0.843832
vn 0.131653 -0.473901 -0.870681
vn 0.198495 -0.496273 -0.845170
vn 0.191128 -0.487014 -0.852225
vn 0.232716 -0.432172 -0.871247
vn 0.298857 -0.451550 -0.840706
vn 0.286449 -0.365127 -0.885793
vn 0.389593 -0.385075 -0.836621
vn 0.351002 -0.289643 -0.890452
vn 0.464042 -0.302005 -0.832741
vn 0.402659 -0.209355 -0.891087
vn 0.521373 -0.209507 -0.827211
vn 0.429127 -0.122745 -0.894865
vn 0.576571 -0.107826 -0.809901
vn 0.442959 -0.038457 -0.895717
vn 0.589336 0.013398 -0.807777
vn 0.440492 0.045865 -0.896584
vn 0.553637 0.122720 -0.823666
vn 0.629138 0.139015 -0.764761
vn 0.427631 0.161578 -0.889396
vn 0.635632 0.272626 -0.722252
vn 0.288042 0.184092 -0.939756
vn 0.588534 0.370959 -0.718343
vn 0.165999 0.184308 -0.968749
vn -0.126786 0.481902 -0.867004
vn -0.094684 0.510115 -0.854879
vn -0.073864 0.498634 -0.863660
vn -0.111208 0.474031 -0.873457
vn -0.415767 -0.284768 -0.863739
vn -0.418431 -0.310830 -0.853405
vn -0.381456 -0.301795 -0.873734
vn -0.303694 -0.396707 -0.866253
vn -0.345144 -0.390259 -0.853565
vn -0.350946 -0.335957 -0.874054
vn -0.378167 -0.355531 -0.854744
vn -0.308408 -0.377100 -0.873316
vn -0.288029 0.392520 -0.873480
vn -0.289770 0.433518 -0.853285
vn -0.265141 0.429650 -0.863192
vn -0.307421 0.393396 -0.866448
vn -0.135584 -0.467543 -0.873511
vn -0.164170 -0.491506 -0.855260
vn -0.177670 -0.471207 -0.863943
vn -0.125463 -0.482659 -0.866775
vn 0.289855 -0.433687 -0.853170
vn 0.278106 -0.398691 -0.873901
vn 0.261123 -0.429942 -0.864271
vn 0.372415 -0.363812 -0.853784
vn 0.357997 -0.330176 -0.873397
vn 0.336124 -0.397199 -0.853963
vn 0.316809 -0.367052 -0.874589
vn 0.408420 -0.318425 -0.855452
vn 0.386072 -0.295836 -0.873745
vn 0.438317 -0.236922 -0.867033
vn 0.436921 -0.279655 -0.854923
vn 0.422048 -0.242792 -0.873457
vn -0.481193 0.070004 -0.873815
vn -0.513824 0.088748 -0.853293
vn -0.492407 0.105607 -0.863934
vn -0.518407 0.029575 -0.854622
vn -0.485132 0.023211 -0.874133
vn -0.485988 -0.034834 -0.873271
vn -0.520442 -0.019076 -0.853684
vn -0.497149 -0.052288 -0.866088
vn -0.110207 0.993909 0.000000
vn -0.110207 0.993909 0.000000
vn -0.327284 0.944926 0.000000
vn -0.327284 0.944926 0.000000
vn -0.529395 0.848375 0.000000
vn -0.529395 0.848375 0.000000
vn -0.702816 0.711372 0.000000
vn -0.702816 0.711372 0.000000
vn -0.841845 0.539719 0.000000
vn -0.841845 0.539719 0.000000
vn -0.940830 0.338878 0.000000
vn -0.940830 0.338878 0.000000
vn -0.992505 0.122200 0.000000
vn -0.992505 0.122200 0.000000
vn -0.995166 -0.098205 0.000000
vn -0.995166 -0.098205 0.000000
vn -0.948878 -0.315643 0.000000
vn -0.948878 -0.315643 0.000000
vn -0.854786 -0.518981 0.000000
vn -0.854786 -0.518981 0.000000
vn -0.719822 -0.694158 0.000000
vn -0.719822 -0.694158 0.000000
vn -0.549952 -0.835196 0.000000
vn -0.549952 -0.835196 0.000000
vn -0.350425 -0.936591 0.000000
vn -0.350425 -0.936591 0.000000
vn -0.134194 -0.990955 0.000000
vn -0.134194 -0.990955 0.000000
vn 0.086182 -0.996279 0.000000
vn 0.086182 -0.996279 0.000000
vn 0.303961 -0.952684 0.000000
vn 0.303961 -0.952684 0.000000
vn 0.508480 -0.861074 0.000000
vn 0.508480 -0.861074 0.000000
vn 0.685400 -0.728167 0.000000
vn 0.685400 -0.728167 0.000000
vn 0.828431 -0.560091 0.000000
vn 0.828431 -0.560091 0.000000
vn 0.932209 -0.361921 0.000000
vn 0.932209 -0.361921 0.000000
vn 0.989257 -0.146187 0.000000
vn 0.989257 -0.146187 0.000000
vn 0.997248 0.074140 -0.000000
vn 0.997248 0.074140 0.000000
vn 0.956345 0.292239 -0.000000
vn 0.956345 0.292239 0.000000
vn 0.867238 0.497893 0.000000
vn 0.867238 0.497893 -0.000000
vn 0.736403 0.676543 0.000000
vn 0.736403 0.676543 -0.000000
vn 0.570135 0.821551 0.000000
vn 0.570135 0.821551 -0.000000
vn 0.373364 0.927685 0.000000
vn 0.373364 0.927685 -0.000000
vn 0.158177 0.987411 0.000000
vn 0.158177 0.987411 -0.000000
vn -0.062083 0.998071 0.000000
vn -0.062083 0.998071 0.000000
vn -0.280479 0.959860 0.000000
vn -0.280479 0.959860 0.000000
vn -0.487224 0.873277 0.000000
vn -0.487224 0.873277 0.000000
vn -0.667589 0.744530 0.000000
vn -0.667589 0.744530 0.000000
vn -0.814559 0.580082 0.000000
vn -0.814559 0.580082 0.000000
vn -0.923020 0.384751 0.000000
vn -0.923020 0.384751 0.000000
vn -0.985416 0.170160 0.000000
vn -0.985416 0.170160 0.000000
vn -0.998749 -0.050012 0.000000
vn -0.998749 -0.050012 0.000000
vn -0.963228 -0.268685 0.000000
vn -0.963228 -0.268685 0.000000
vn -0.879189 -0.476474 0.000000
vn -0.879189 -0.476474 0.000000
vn -0.752546 -0.658540 0.000000
vn -0.752546 -0.658540 0.000000
vn -0.589929 -0.807455 0.000000
vn -0.589929 -0.807455 0.000000
vn -0.396080 -0.918216 0.000000
vn -0.396080 -0.918216 0.000000
vn -0.182134 -0.983274 0.000000
vn -0.182134 -0.983274 0.000000
vn 0.037930 -0.999280 0.000000
vn 0.037930 -0.999280 0.000000
vn 0.256859 -0.966449 0.000000
vn 0.256859 -0.966449 0.000000
vn 0.465645 -0.884972 0.000000
vn 0.465645 -0.884972 0.000000
vn 0.649399 -0.760448 0.000000
vn 0.649399 -0.760448 0.000000
vn 0.800244 -0.599675 0.000000
vn 0.800244 -0.599675 0.000000
vn 0.913273 -0.407348 0.000000
vn 0.913273 -0.407348 0.000000
vn 0.980982 -0.194097 0.000000
vn 0.980982 -0.194097 0.000000
vn 0.999666 0.025841 0.000000
vn 0.999666 0.025841 -0.000000
vn 0.969522 0.245005 0.000000
vn 0.969522 0.245005 -0.000000
vn 0.890624 0.454740 0.000000
vn 0.890624 0.454740 -0.000000
vn 0.768236 0.640166 0.000000
vn 0.768236 0.640166 -0.000000
vn 0.609319 0.792925 0.000000
vn 0.609319 0.792925 -0.000000
vn 0.418552 0.908193 0.000000
vn 0.418552 0.908193 -0.000000
vn 0.206044 0.978543 0.000000
vn 0.206044 0.978543 -0.000000
vn -0.013745 0.999906 0.000000
vn -0.013745 0.999906 0.000000
vn -0.233123 0.972447 0.000000
vn -0.233123 0.972447 0.000000
vn -0.443761 0.896145 0.000000
vn -0.443761 0.896145 0.000000
vn -0.630845 0.775909 0.000000
vn -0.630845 0.775909 0.000000
vn -0.785503 0.618858 0.000000
vn -0.785503 0.618858 0.000000
vn -0.902977 0.429689 0.000000
vn -0.902977 0.429689 0.000000
vn -0.975954 0.217975 0.000000
vn -0.975954 0.217975 0.000000
vn -0.999999 -0.001647 0.000000
vn -0.999999 -0.001647 0.000000
vn -0.975224 -0.221219 0.000000
vn -0.975224 -0.221219 0.000000
vn -0.901533 -0.432710 0.000000
vn -0.901533 -0.432710 0.000000
vn -0.783464 -0.621437 0.000000
vn -0.783464 -0.621437 0.000000
vn -0.628293 -0.777977 0.000000
vn -0.628293 -0.777977 0.000000
vn -0.440759 -0.897625 0.000000
vn -0.440759 -0.897625 0.000000
vn -0.229885 -0.973218 0.000000
vn -0.229885 -0.973218 0.000000
vn -0.010452 -0.999945 0.000000
vn -0.010452 -0.999945 0.000000
vn 0.209294 -0.977853 0.000000
vn 0.209294 -0.977853 0.000000
vn 0.421590 -0.906787 0.000000
vn 0.421590 -0.906787 0.000000
vn 0.611926 -0.790915 0.000000
vn 0.611926 -0.790915 0.000000
vn 0.770337 -0.637638 0.000000
vn 0.770337 -0.637638 0.000000
vn 0.892140 -0.451758 0.000000
vn 0.892140 -0.451758 0.000000
vn 0.970333 -0.241773 0.000000
vn 0.970333 -0.241773 0.000000
vn 0.999746 -0.022549 0.000000
vn 0.999746 -0.022549 0.000000
vn 0.980333 0.197351 0.000000
vn 0.980333 0.197351 -0.000000
vn 0.911904 0.410404 0.000000
vn 0.911904 0.410404 -0.000000
vn 0.798262 0.602311 0.000000
vn 0.798262 0.602311 -0.000000
vn 0.646894 0.762580 0.000000
vn 0.646894 0.762580 -0.000000
vn 0.462684 0.886523 0.000000
vn 0.462684 0.886523 -0.000000
vn 0.253635 0.967300 0.000000
vn 0.253635 0.967300 -0.000000
vn 0.034640 0.999400 0.000000
vn 0.034640 0.999400 -0.000000
vn -0.185392 0.982665 0.000000
vn -0.185392 0.982665 0.000000
vn -0.399153 0.916884 0.000000
vn -0.399153 0.916884 0.000000
vn -0.592592 0.805503 0.000000
vn -0.592592 0.805503 0.000000
vn -0.754708 0.656061 0.000000
vn -0.754708 0.656061 0.000000
vn -0.880776 0.473534 0.000000
vn -0.880776 0.473534 0.000000
vn -0.964119 0.265469 0.000000
vn -0.964119 0.265469 0.000000
vn -0.998908 0.046724 0.000000
vn -0.998908 0.046724 0.000000
vn -0.984848 -0.173421 0.000000
vn -0.984848 -0.173421 0.000000
vn -0.921726 -0.387841 0.000000
vn -0.921726 -0.387841 0.000000
vn -0.812636 -0.582772 0.000000
vn -0.812636 -0.582772 0.000000
vn -0.665135 -0.746723 0.000000
vn -0.665135 -0.746723 0.000000
vn -0.515228 -0.857053 0.000000
vn -0.475576 -0.873709 -0.102273
vn -0.380993 -0.922919 0.055371
vn -0.230425 -0.972817 0.023040
vn -0.268338 -0.957089 -0.109434
vn -0.077421 -0.996650 -0.026344
vn -0.049617 -0.990057 -0.131622
vn 0.079068 -0.992377 0.094535
vn 0.167143 -0.955005 -0.245008
vn 0.230783 -0.954666 0.188019
vn 0.358135 -0.857161 -0.370155
vn -0.000000 0.000000 -1.000000
vn -0.000000 0.000000 -1.000000
vn 0.000000 0.000000 -1.000000
vn 0.000000 0.000000 -1.000000
vn 0.000000 0.000000 -1.000000
vn 0.000000 0.000000 -1.000000
vn 0.000000 -0.000000 -1.000000
vn 0.000000 -0.000000 -1.000000
vn 0.000000 -0.000000 -1.000000
vn 0.000000 0.000000 -1.000000
vn 0.000000 0.000000 -1.000000
vn 0.000000 0.000000 -1.000000
vn 0.000000 0.000000 -1.000000
vn 0.000000 0.000000 -1.000000
vn -0.000000 0.000000 -1.000000
vn -0.000000 0.000000 -1.000000
vn -0.000000 0.000000 -1.000000
vn -0.000000 0.000000 -1.000000
vn 0.000000 0.000000 -1.000000
vn 0.000000 0.000000 -1.000000
vn 0.000000 -0.000000 -1.000000
vn 0.000000 0.000000 -1.000000
vn 0.000000 0.000000 -1.000000
vn 0.000000 0.000000 -1.000000
vn 0.000000 0.000000 -1.000000
vn 0.000000 0.000000 -1.000000
vn 0.000000 0.000000 -1.000000
vn 0.065382 -0.705593 -0.705595
vn 0.069928 -0.709989 -0.700732
vn 0.192015 -0.677274 -0.710233
vn 0.210195 -0.692920 -0.689696
vn 0.317770 -0.613340 -0.723074
vn 0.340867 -0.637718 -0.690742
vn 0.439643 -0.535706 -0.720925
vn -0.612653 -0.779440 -0.130881
vn -0.440996 -0.890191 0.114378
vn -0.413008 -0.905007 -0.101919
vn -0.230570 -0.969030 0.088422
vn -0.229494 -0.969737 0.083323
vn -0.077233 -0.995779 -0.049597
vn -0.013346 -0.993650 0.111718
vn 0.117025 -0.986610 -0.113600
vn 0.204427 -0.971973 0.116095
vn 0.332716 -0.935634 -0.117849
vn 0.415254 -0.902031 0.117919
vn 0.532548 -0.838366 -0.116343
vn 0.605356 -0.787753 0.113972
vn 0.703616 -0.701748 -0.111682
vn 0.763398 -0.635979 0.112933
vn 0.840399 -0.529343 -0.116299
vn 0.884257 -0.451930 0.117679
vn 0.937013 -0.328808 -0.117863
vn 0.962821 -0.243607 0.116752
vn 0.986973 -0.113849 -0.113682
vn 0.993407 -0.025375 0.111795
vn 0.987997 0.105066 -0.113241
vn 0.974418 0.192593 0.115831
vn 0.939667 0.321181 -0.117763
vn 0.907068 0.404118 0.117970
vn 0.844776 0.522269 -0.116573
vn 0.795013 0.595720 0.114329
vn 0.710206 0.695077 -0.111691
vn 0.645141 0.755719 0.112614
vn 0.539605 0.833882 -0.116048
vn 0.462753 0.878658 0.117560
vn 0.340298 0.932893 -0.117929
vn 0.255394 0.959737 0.116953
vn 0.125722 0.985488 -0.114048
vn 0.037403 0.993015 0.111906
vn -0.093088 0.989234 -0.112918
vn -0.180745 0.976719 0.115551
vn -0.309601 0.943559 -0.117661
vn -0.392922 0.911969 0.118003
vn -0.511902 0.851068 -0.116787
vn -0.585985 0.802167 0.114671
vn -0.686438 0.718551 -0.111748
vn -0.747919 0.654215 0.112343
vn -0.827248 0.549777 -0.115781
vn -0.872931 0.473500 0.117424
vn -0.928633 0.351742 -0.117976
vn -0.956509 0.267152 0.117136
vn -0.983859 0.137596 -0.114402
vn -0.992472 0.049428 0.112057
vn -0.990322 -0.081096 -0.112631
vn -0.978873 -0.168887 0.115256
vn -0.947309 -0.297978 -0.117538
vn -0.916734 -0.381668 0.118019
vn -0.857241 -0.501450 -0.116987
vn -0.809212 -0.576153 0.114997
vn -0.726782 -0.677700 -0.111850
vn -0.663199 -0.739997 0.112117
vn -0.559859 -0.820499 -0.115496
vn -0.484169 -0.867080 0.117273
vn -0.363136 -0.924233 -0.118008
vn -0.278875 -0.953136 0.117302
vn -0.149470 -0.982087 -0.114737
vn -0.061448 -0.991779 0.112245
vn 0.069091 -0.991260 -0.112383
vn 0.157021 -0.980884 0.114943
vn 0.286314 -0.950916 -0.117401
vn 0.370358 -0.921362 0.118018
vn 0.490914 -0.863293 -0.117167
vn 0.566224 -0.816146 0.115307
vn 0.668867 -0.734897 -0.111999
vn 0.731957 -0.672092 0.111938
vn 0.813636 -0.569848 -0.115196
vn 0.861105 -0.494757 0.117103
vn 0.919694 -0.374480 -0.118019
vn 0.949620 -0.290563 0.117454
vn 0.980169 -0.161339 -0.115059
vn 0.990936 -0.073461 0.112469
vn 0.992048 0.057075 -0.112173
vn 0.982748 0.145150 0.114617
vn 0.954380 0.274613 -0.117244
vn 0.925850 0.358995 0.117999
vn 0.869224 0.480296 -0.117329
vn 0.822968 0.556201 0.115601
vn 0.742894 0.659941 -0.112194
vn 0.680891 0.723800 0.111807
vn 0.579742 0.806661 -0.114880
vn 0.505263 0.855009 0.116915
vn 0.385769 0.915016 -0.118016
vn 0.302212 0.945961 0.117585
vn 0.173203 0.978106 -0.115365
vn 0.085461 0.989944 0.112730
vn -0.045052 0.992687 -0.111998
vn -0.133275 0.984469 0.114275
vn -0.262877 0.957700 -0.117070
vn -0.347582 0.930200 0.117962
vn -0.469599 0.875029 -0.117476
vn -0.546086 0.829676 0.115880
vn -0.650923 0.750771 -0.112435
vn -0.715528 0.689593 0.111722
vn -0.799576 0.589539 -0.114549
vn -0.848792 0.515684 0.116710
vn -0.910201 0.397003 -0.117994
vn -0.942159 0.313820 0.117700
vn -0.975898 0.185058 -0.115655
vn -0.988801 0.097449 0.113032
vn -0.993175 -0.033026 -0.111863
vn -0.986045 -0.121401 0.113917
vn -0.960876 -0.251108 -0.116881
vn -0.934409 -0.336122 0.117907
vn -0.880710 -0.458824 -0.117605
vn -0.836267 -0.535881 0.116142
vn -0.758528 -0.641817 -0.112724
vn -0.698196 -0.707142 0.111682
vn -0.599238 -0.792384 -0.114201
vn -0.526019 -0.842457 0.116491
vn -0.408178 -0.905250 -0.117954
vn -0.325384 -0.938216 0.117797
vn -0.196901 -0.973545 -0.115929
vn -0.109420 -0.987509 0.113368
vn 0.020998 -0.993513 -0.111763
vn 0.109529 -0.987477 0.113543
vn 0.239310 -0.963907 -0.116675
vn 0.324617 -0.938477 0.117835
vn 0.447974 -0.886263 -0.117717
vn 0.525587 -0.842741 0.116386
vn 0.632624 -0.766162 -0.113061
vn 0.698643 -0.706699 0.111688
vn 0.785085 -0.608836 -0.113839
vn 0.836005 -0.536266 0.116254
vn 0.900164 -0.419291 -0.117896
vn 0.934132 -0.336902 0.117876
vn 0.971047 -0.208730 -0.116188
vn 0.986069 -0.121374 0.113737
vn 0.993701 0.008970 -0.111700
vn 0.988765 0.097660 0.113161
vn 0.966794 0.227485 -0.116449
vn 0.942404 0.313068 0.117745
vn 0.891688 0.437051 -0.117813
vn 0.849095 0.515208 0.116615
vn 0.773674 0.623346 -0.113439
vn 0.715099 0.690035 0.111741
vn 0.618334 0.777682 -0.113465
vn 0.546422 0.829438 0.116002
vn 0.430341 0.894944 -0.117821
vn 0.348370 0.929908 0.117941
vn 0.220543 0.968404 -0.116429
vn 0.133323 0.984482 0.114105
vn 0.003054 0.993739 -0.111681
vn -0.085769 0.989908 0.112812
vn -0.215635 0.969535 -0.116209
vn -0.301480 0.946188 0.117637
vn -0.426057 0.896982 -0.117889
vn -0.504745 0.855327 0.116826
vn -0.613967 0.781083 -0.113817
vn -0.681319 0.723394 0.111831
vn -0.770162 0.627737 -0.113118
vn -0.822757 0.556486 0.115732
vn -0.889591 0.441325 -0.117728
vn -0.925545 0.359787 0.117986
vn -0.965615 0.232336 -0.116653
vn -0.982750 0.145268 0.114456
vn -0.993627 0.015070 -0.111705
vn -0.990902 -0.073852 0.112511
vn -0.972130 -0.203763 -0.115951
vn -0.949829 -0.289853 0.117513
vn -0.902146 -0.414995 -0.117948
vn -0.861437 -0.494199 0.117021
vn -0.788392 -0.604484 -0.114179
vn -0.731582 -0.672498 0.111958
vn -0.637048 -0.762525 -0.112809
vn -0.566455 -0.815966 0.115445
vn -0.452240 -0.884107 -0.117618
vn -0.371150 -0.921043 0.118011
vn -0.244107 -0.962681 -0.116861
vn -0.157207 -0.980871 0.114792
vn -0.027076 -0.993364 -0.111778
vn 0.061911 -0.991749 0.112257
vn 0.191873 -0.974579 -0.115678
vn 0.278193 -0.953327 0.117373
vn 0.403867 -0.907177 -0.117989
vn 0.483574 -0.867422 0.117199
vn 0.594899 -0.795600 -0.114525
vn 0.663573 -0.739662 0.112121
vn 0.754772 -0.646262 -0.112536
vn 0.809065 -0.576329 0.115143
vn 0.878493 -0.463084 -0.117491
vn 0.916405 -0.382457 0.118020
vn 0.959602 -0.255854 -0.117055
vn 0.978847 -0.169138 0.115111
vn 0.992951 -0.039069 -0.111898
vn 0.992447 0.049950 0.112047
vn 0.976882 0.179966 -0.115389
vn 0.956681 0.266500 0.117213
vn 0.912074 0.392675 -0.118014
vn 0.873281 0.472871 0.117359
vn 0.802704 0.585213 -0.114857
vn 0.747631 0.654547 0.112322
vn 0.655379 0.746905 -0.112301
vn 0.586105 0.802057 0.114826
vn 0.473855 0.872749 -0.117346
vn 0.393704 0.911631 0.118013
vn 0.267574 0.956380 -0.117227
vn 0.181058 0.976677 0.115416
vn 0.051047 0.992389 -0.112065
vn -0.037970 0.992995 0.111886
vn -0.168045 0.979039 -0.115084
vn -0.254778 0.959891 0.117036
vn -0.381422 0.916836 -0.118021
vn -0.462093 0.879012 0.117503
vn -0.575428 0.809703 -0.115172
vn -0.645421 0.755488 0.112560
vn -0.738926 0.664396 -0.112104
vn -0.794943 0.595782 0.114493
vn -0.866879 0.484551 -0.117184
vn -0.906721 0.404890 0.117986
vn -0.953012 0.279264 -0.117385
vn -0.974360 0.192963 0.115704
vn -0.991678 0.063007 -0.112276
vn -0.993394 -0.025975 0.111772
vn -0.981050 -0.156113 -0.114760
vn -0.962956 -0.243029 0.116844
vn -0.921462 -0.370111 -0.118010
vn -0.884615 -0.451242 0.117629
vn -0.816594 -0.565545 -0.115472
vn -0.763230 -0.636198 0.112836
vn -0.673310 -0.730836 -0.111945
vn -0.605358 -0.787726 0.114145
vn -0.495169 -0.860882 -0.117005
vn -0.416012 -0.901678 0.117943
vn -0.290921 -0.949501 -0.117524
vn -0.204852 -0.971897 0.115978
vn -0.074945 -0.990817 -0.112535
vn 0.013968 -0.993643 0.111703
vn 0.144173 -0.982915 -0.114424
vn 0.231255 -0.965876 0.116635
vn 0.358743 -0.925950 -0.117981
vn 0.440321 -0.890088 0.117737
vn 0.555567 -0.823375 -0.115758
vn 0.626879 -0.770857 0.113148
vn 0.722638 -0.682122 -0.111821
vn 0.780408 -0.614831 0.113781
vn 0.854761 -0.505707 -0.116809
vn 0.896503 -0.427068 0.117883
vn 0.945847 -0.302544 -0.117648
vn 0.969289 -0.216722 0.116231
vn 0.989809 -0.086860 -0.112842
vn 0.993742 0.001952 0.111680
vn 0.984634 0.132227 -0.114072
vn 0.968652 0.219461 0.116407
vn 0.930301 0.347321 -0.117934
vn 0.895428 0.429330 0.117829
vn 0.830044 0.545495 -0.116025
vn 0.778365 0.617467 0.113499
vn 0.690828 0.714333 -0.111735
vn 0.624200 0.772990 0.113405
vn 0.516163 0.848517 -0.116594
vn 0.438055 0.891196 0.117804
vn 0.314128 0.942050 -0.117753
vn 0.228570 0.966535 0.116470
vn 0.098748 0.988654 -0.113195
vn 0.010072 0.993691 0.111704
vn -0.120278 0.986207 -0.113703
vn -0.207646 0.971282 0.116165
vn -0.335848 0.934512 -0.117871
vn -0.418275 0.900636 0.117902
vn -0.535330 0.836601 -0.116277
vn -0.607961 0.785759 0.113873
vn -0.705924 0.699427 -0.111687
vn -0.765467 0.633470 0.113028
vn -0.842152 0.526535 -0.116365
vn -0.885759 0.448971 0.117707
vn -0.938110 0.325673 -0.117841
vn -0.963636 0.240393 0.116694
vn -0.987352 0.110617 -0.113579
vn -0.993488 0.022100 0.111770
vn -0.987634 -0.108324 -0.113335
vn -0.973767 -0.195816 0.115905
vn -0.938583 -0.324326 -0.117789
vn -0.905710 -0.407156 0.117958
vn -0.843042 -0.525076 -0.116513
vn -0.793047 -0.598353 0.114234
vn -0.707915 -0.697412 -0.111685
vn -0.642655 -0.757822 0.112696
vn -0.536820 -0.835668 -0.116118
vn -0.459814 -0.880194 0.117594
vn -0.337175 -0.934029 -0.117912
vn -0.252188 -0.960591 0.116899
vn -0.122490 -0.985907 -0.113950
vn -0.034129 -0.993136 0.111872
vn 0.096351 -0.988912 -0.113002
vn 0.183971 -0.976107 0.115629
vn 0.312758 -0.942514 -0.117690
vn 0.395976 -0.910648 0.117996
vn 0.514733 -0.849367 -0.116732
vn 0.588645 -0.800230 0.114580
vn 0.688799 -0.716291 -0.111728
vn 0.750054 -0.651754 0.112411
vn 0.829066 -0.547017 -0.115855
vn 0.874503 -0.470582 0.117463
vn 0.929807 -0.348631 -0.117965
vn 0.957402 -0.263954 0.117088
vn 0.984317 -0.134364 -0.114306
vn 0.992634 -0.046155 0.112012
vn 0.990040 0.084362 -0.112707
vn 0.978301 0.172116 0.115337
vn 0.946302 0.301146 -0.117575
vn 0.915450 0.384737 0.118017
vn 0.855572 0.504304 -0.116934
vn 0.807305 0.578839 0.114909
vn 0.724553 0.680088 -0.111817
vn 0.660763 0.742166 0.112174
vn 0.557124 0.822348 -0.115575
vn 0.481273 0.868685 0.117315
vn 0.360039 0.925444 -0.118001
vn 0.275687 0.954068 0.117259
vn 0.146238 0.982584 -0.114647
vn 0.058177 0.991982 0.112191
vn -0.072360 0.991020 -0.112446
vn -0.160251 0.980351 0.115031
vn -0.289494 0.949948 -0.117440
vn -0.373443 0.920115 0.118019
vn -0.493790 0.861658 -0.117119
vn -0.568936 0.814270 0.115224
vn -0.671281 0.732699 -0.111954
vn -0.734158 0.669681 0.111983
vn -0.815515 0.567138 -0.115279
vn -0.862744 0.491883 0.117152
vn -0.920943 0.371397 -0.118017
vn -0.950591 0.287385 0.117415
vn -0.980705 0.158109 -0.114972
vn -0.991180 0.070192 0.112406
vn -0.991849 -0.060347 -0.112225
vn -0.982255 -0.148381 0.114708
vn -0.953452 -0.277802 -0.117287
vn -0.924642 -0.362094 0.118006
vn -0.867621 -0.483194 -0.117287
vn -0.821122 -0.558939 0.115523
vn -0.740728 -0.662380 -0.112136
vn -0.678505 -0.726033 0.111838
vn -0.577058 -0.808571 -0.114968
vn -0.502411 -0.856680 0.116968
vn -0.382702 -0.916303 -0.118018
vn -0.299045 -0.946971 0.117550
vn -0.169974 -0.978682 -0.115284
vn -0.082195 -0.990228 0.112657
vn 0.048326 -0.992528 -0.112041
vn 0.136508 -0.984015 0.114370
vn 0.266075 -0.956811 -0.117120
vn 0.350694 -0.929030 0.117972
vn 0.472518 -0.873461 -0.117440
vn 0.548849 -0.827861 0.115805
vn 0.653387 -0.748639 -0.112365
vn 0.717791 -0.687234 0.111741
vn 0.801516 -0.586882 -0.114640
vn 0.850496 -0.512856 0.116769
vn 0.911525 -0.393951 -0.118000
vn 0.943208 -0.310665 0.117671
vn 0.976514 -0.181831 -0.115578
vn 0.989127 -0.094187 0.112944
vn 0.993057 0.036300 -0.111895
vn 0.985630 0.124633 0.114017
vn 0.960026 0.254315 -0.116934
vn 0.933277 0.339246 0.117924
vn 0.879176 0.461765 -0.117572
vn 0.834485 0.538668 0.116071
vn 0.756428 0.644304 -0.112642
vn 0.695864 0.709436 0.111689
vn 0.596608 0.794352 -0.114297
vn 0.523215 0.844193 0.116554
vn 0.405142 0.906612 -0.117965
vn 0.322241 0.939303 0.117773
vn 0.193678 0.974200 -0.115856
vn 0.106163 0.987876 0.113272
vn -0.024272 0.993436 -0.111786
vn -0.112761 0.987102 0.113646
vn -0.242525 0.963097 -0.116732
vn -0.327753 0.937384 0.117855
vn -0.450934 0.884764 -0.117689
vn -0.528398 0.840990 0.116321
vn -0.635135 0.764096 -0.112965
vn -0.700967 0.704394 0.111683
vn -0.787083 0.606233 -0.113939
vn -0.837773 0.533486 0.116320
vn -0.901562 0.416272 -0.117914
vn -0.935258 0.333771 0.117858
vn -0.971742 0.205512 -0.116117
vn -0.986476 0.118121 0.113636
vn -0.993665 -0.012244 -0.111713
vn -0.988429 -0.100892 0.113263
vn -0.966023 -0.230706 -0.116512
vn -0.941349 -0.316216 0.117772
vn -0.890224 -0.440032 -0.117788
vn -0.847377 -0.518042 0.116554
vn -0.771640 -0.625881 -0.113335
vn -0.712822 -0.692389 0.111723
vn -0.615758 -0.779708 -0.113566
vn -0.543666 -0.831237 0.116071
vn -0.427340 -0.896378 -0.117843
vn -0.345253 -0.931071 0.117925
vn -0.217328 -0.969138 -0.116364
vn -0.130070 -0.984929 0.114006
vn 0.000219 -0.993744 -0.111681
vn 0.089008 -0.989611 0.112901
vn 0.218863 -0.968803 -0.116277
vn 0.304638 -0.945172 0.117668
vn 0.429057 -0.895554 -0.117870
vn 0.507601 -0.853643 0.116770
vn 0.616530 -0.779076 -0.113716
vn 0.683702 -0.721146 0.111803
vn 0.772221 -0.625187 -0.113209
vn 0.824587 -0.553755 0.115806
vn 0.891061 -0.438341 -0.117756
vn 0.926746 -0.356684 0.117973
vn 0.966388 -0.229128 -0.116593
vn 0.983236 -0.142017 0.114362
vn 0.993672 -0.011799 -0.111695
vn 0.990646 0.077098 0.112586
vn 0.971437 0.206997 -0.116025
vn 0.948852 0.293022 0.117549
vn 0.900753 0.418013 -0.117933
vn 0.859786 0.497078 0.116970
vn 0.786412 0.607076 -0.114081
vn 0.729364 0.674909 0.111920
vn 0.634523 0.764616 -0.112889
vn 0.563751 0.817826 0.115526
vn 0.449275 0.885613 -0.117649
vn 0.368063 0.922282 0.118006
vn 0.194771 0.980093 0.038497
vn 0.263672 0.961481 -0.077659
vn 0.064102 0.997943 -0.000000
vn 0.085947 0.994298 -0.063124
vn -0.350273 -0.399789 -0.847040
vn -0.245485 -0.404446 -0.881000
vn -0.241248 -0.396040 -0.885975
vn -0.213936 -0.486152 -0.847283
vn -0.106002 -0.511309 -0.852835
vn -0.153079 -0.454661 -0.877411
vn -0.003539 -0.517075 -0.855933
vn -0.049984 -0.481741 -0.874887
vn 0.094134 -0.503808 -0.858671
vn 0.054382 -0.484788 -0.872939
vn 0.184019 -0.471574 -0.862412
vn 0.162537 -0.464568 -0.870493
vn 0.271244 -0.425414 -0.863394
vn 0.266044 -0.424462 -0.865478
vn 0.468333 -0.197317 -0.861237
vn 0.466738 -0.166402 -0.868600
vn 0.501145 -0.098266 -0.859766
vn 0.491409 -0.058691 -0.868949
vn 0.510699 0.007119 -0.859730
vn 0.492076 0.048171 -0.869219
vn 0.498207 0.110371 -0.860005
vn 0.468007 0.156968 -0.869673
vn 0.466771 0.205643 -0.860137
vn 0.421871 0.258452 -0.869038
vn 0.416579 0.295460 -0.859747
vn 0.356331 0.344668 -0.868466
vn 0.346096 0.374307 -0.860297
vn 0.273045 0.414229 -0.868252
vn 0.261176 0.434937 -0.861752
vn 0.174162 0.468135 -0.866324
vn 0.169627 0.474100 -0.863977
vn 0.081288 0.497155 -0.863845
vn 0.065074 0.492276 -0.868003
vn -0.001965 0.507329 -0.861750
vn -0.094122 0.501668 -0.859925
vn -0.042288 0.492218 -0.869444
vn -0.192118 0.472472 -0.860152
vn -0.151172 0.470311 -0.869457
vn -0.284540 0.423178 -0.860208
vn -0.253590 0.425844 -0.868533
vn -0.364865 0.354497 -0.860933
vn -0.341084 0.361263 -0.867842
vn -0.427001 0.271511 -0.862526
vn -0.411861 0.279124 -0.867444
vn -0.468070 0.180663 -0.865027
vn -0.467642 0.180955 -0.865197
vn -0.492495 -0.122901 -0.861594
vn -0.460875 -0.217159 -0.860486
vn -0.473725 -0.145512 -0.868568
vn -0.410047 -0.306046 -0.859184
vn -0.427322 -0.247730 -0.869497
vn -0.338004 -0.383849 -0.859310
vn -0.362921 -0.335247 -0.869424
vn -0.251728 -0.443775 -0.860056
vn -0.281514 -0.405576 -0.869631
vn -0.159979 -0.482709 -0.861045
vn -0.183196 -0.459432 -0.869115
vn -0.071545 -0.495938 -0.865405
vn 0.005251 -0.504657 -0.863304
vn -0.077222 -0.491456 -0.867472
vn 0.094107 -0.501437 -0.860061
vn 0.030464 -0.493806 -0.869038
vn 0.139334 -0.473558 -0.869672
vn 0.192303 -0.473159 -0.859733
vn 0.285162 -0.424407 -0.859396
vn 0.242538 -0.430555 -0.869366
vn 0.365893 -0.355764 -0.859974
vn 0.331442 -0.367633 -0.868903
vn 0.428799 -0.272986 -0.861168
vn 0.403252 -0.287622 -0.868713
vn 0.471050 -0.182266 -0.863071
vn 0.459990 -0.190667 -0.867211
vn 0.496770 -0.083632 -0.863844
vn 0.495510 -0.084877 -0.864445
vn 0.482492 0.121653 -0.867411
vn 0.459411 0.216680 -0.861389
vn 0.488181 0.134914 -0.862252
vn 0.409399 0.305675 -0.859625
vn 0.434361 0.237516 -0.868860
vn 0.337690 0.383568 -0.859559
vn 0.371252 0.326887 -0.869090
vn 0.251820 0.443900 -0.859965
vn 0.291648 0.398796 -0.869427
vn 0.160522 0.483851 -0.860303
vn 0.194086 0.453962 -0.869626
vn 0.072290 0.498655 -0.863781
vn -0.005500 0.502363 -0.864639
vn 0.088360 0.487329 -0.868736
vn -0.018577 0.496048 -0.868096
vn -0.094036 0.500386 -0.860681
vn -0.127533 0.477541 -0.869304
vn -0.192265 0.473019 -0.859818
vn -0.231702 0.435966 -0.869625
vn -0.285406 0.424889 -0.859077
vn -0.322147 0.374606 -0.869420
vn -0.366434 0.356431 -0.859467
vn -0.395236 0.296532 -0.869401
vn -0.429938 0.273921 -0.860303
vn -0.453013 0.200704 -0.868618
vn -0.473298 0.183476 -0.861583
vn -0.489745 0.095575 -0.866611
vn -0.499851 0.084555 -0.861974
vn -0.500419 -0.012201 -0.865697
vn -0.505326 -0.020267 -0.862691
vn -0.408040 -0.304899 -0.860546
vn -0.380289 -0.318784 -0.868192
vn -0.336804 -0.382771 -0.860261
vn -0.251411 -0.443347 -0.860370
vn -0.302282 -0.392514 -0.868653
vn -0.160699 -0.484222 -0.860061
vn -0.205407 -0.449091 -0.869555
vn -0.072826 -0.500614 -0.862602
vn -0.099751 -0.483876 -0.869433
vn 0.005872 -0.498930 -0.866623
vn 0.006511 -0.499309 -0.866400
vn 0.093912 -0.498541 -0.861764
vn 0.115712 -0.482279 -0.868342
vn 0.192008 -0.472062 -0.860401
vn 0.221025 -0.442106 -0.869304
vn 0.285270 -0.424620 -0.859255
vn 0.313149 -0.382228 -0.869390
vn 0.366482 -0.356491 -0.859421
vn 0.387761 -0.305884 -0.869526
vn 0.430420 -0.274316 -0.859936
vn 0.446669 -0.211111 -0.869436
vn 0.474800 -0.184285 -0.860583
vn 0.484689 -0.106464 -0.868183
vn 0.502171 -0.085250 -0.860556
vn 0.497536 0.000964 -0.867443
vn 0.507882 0.020067 -0.861193
vn 0.486010 0.109846 -0.867022
vn 0.490075 0.122599 -0.863015
vn 0.335350 0.381465 -0.861409
vn 0.313462 0.386686 -0.867303
vn 0.250514 0.442135 -0.861255
vn 0.217223 0.444792 -0.868893
vn 0.160511 0.483826 -0.860319
vn 0.111452 0.481082 -0.869562
vn 0.073150 0.501795 -0.861888
vn 0.004704 0.496636 -0.867946
vn -0.005537 0.502020 -0.864838
vn -0.093309 0.489619 -0.866930
vn -0.191536 0.470308 -0.861466
vn -0.104216 0.494957 -0.862645
vn -0.284757 0.423608 -0.859924
vn -0.210450 0.449013 -0.868388
vn -0.366034 0.355939 -0.859841
vn -0.304403 0.390547 -0.868799
vn -0.430250 0.274176 -0.860065
vn -0.380775 0.315713 -0.869101
vn -0.475549 0.184688 -0.860083
vn -0.440920 0.221944 -0.869672
vn -0.480315 0.117603 -0.869176
vn -0.503709 0.085711 -0.859611
vn -0.495330 0.010305 -0.868644
vn -0.509672 -0.019927 -0.860138
vn -0.486035 -0.097621 -0.868470
vn -0.492628 -0.122917 -0.861516
vn -0.454508 -0.205655 -0.866677
vn -0.455753 -0.215481 -0.863630
vn -0.402127 -0.303919 -0.863671
vn -0.402139 -0.301524 -0.864504
vn -0.073258 -0.502187 -0.861650
vn -0.016026 -0.494637 -0.868952
vn 0.005280 -0.504392 -0.863459
vn 0.091787 -0.492912 -0.865224
vn 0.093585 -0.493690 -0.864588
vn 0.365093 -0.354778 -0.860720
vn 0.429441 -0.273512 -0.860681
vn 0.374230 -0.326054 -0.868125
vn 0.475545 -0.184686 -0.860086
vn 0.435736 -0.233255 -0.869325
vn 0.504452 -0.085933 -0.859153
vn 0.476599 -0.129051 -0.869597
vn 0.510706 0.019846 -0.859527
vn 0.493794 -0.021729 -0.869308
vn 0.494336 0.123129 -0.860507
vn 0.486785 0.085557 -0.869322
vn 0.458415 0.216354 -0.862002
vn 0.456761 0.193633 -0.868260
vn 0.405115 0.303227 -0.862517
vn 0.405698 0.292287 -0.866012
vn 0.333147 0.379484 -0.863137
vn 0.334615 0.373732 -0.865077
vn 0.245968 0.435986 -0.865688
vn 0.159062 0.480783 -0.862292
vn 0.244167 0.439836 -0.864249
vn 0.073149 0.501791 -0.861890
vn 0.136055 0.477427 -0.868074
vn -0.005102 0.506026 -0.862503
vn 0.027524 0.493309 -0.869419
vn -0.093805 0.496939 -0.862701
vn -0.079603 0.491628 -0.867159
vn -0.189248 0.464785 -0.864962
vn -0.190099 0.464978 -0.864672
vn -0.428010 0.272339 -0.861765
vn -0.431087 0.245109 -0.868381
vn -0.474796 0.184283 -0.860586
vn -0.473524 0.140869 -0.869443
vn -0.504393 0.085916 -0.859189
vn -0.492927 0.033366 -0.869431
vn -0.510970 -0.019825 -0.859370
vn -0.488243 -0.073593 -0.869599
vn -0.495194 -0.123236 -0.859998
vn -0.459719 -0.181824 -0.869252
vn -0.460280 -0.216965 -0.860853
vn -0.409890 -0.281054 -0.867755
vn -0.407416 -0.304543 -0.860968
vn -0.335264 -0.381386 -0.861477
vn -0.340733 -0.363661 -0.866978
vn -0.248146 -0.438933 -0.863575
vn -0.252574 -0.430566 -0.866498
vn -0.155950 -0.474235 -0.866476
vn -0.072825 -0.500610 -0.862604
vn -0.151242 -0.480832 -0.863671
vn 0.005007 -0.506903 -0.861988
vn -0.039262 -0.492650 -0.869342
vn 0.093966 -0.499351 -0.861289
vn 0.067598 -0.491074 -0.868491
vn 0.190978 -0.468235 -0.862719
vn 0.176880 -0.465786 -0.867039
vn 0.281969 -0.418102 -0.863530
vn 0.278203 -0.418008 -0.864796
vn 0.361087 -0.349844 -0.864422
vn 0.363086 -0.349496 -0.863725
vn 0.420989 -0.266588 -0.867006
vn 0.473317 -0.183485 -0.861571
vn 0.432511 -0.262233 -0.862652
vn 0.503538 -0.085659 -0.859716
vn 0.471076 -0.153125 -0.868700
vn 0.510458 0.019865 -0.859673
vn 0.492733 -0.045281 -0.869002
vn 0.495211 0.123238 -0.859987
vn 0.490400 0.061664 -0.869313
vn 0.461335 0.217310 -0.860201
vn 0.463392 0.170173 -0.869660
vn 0.409019 0.305459 -0.859883
vn 0.414723 0.270154 -0.868920
vn 0.336763 0.382733 -0.860294
vn 0.347253 0.354155 -0.868325
vn 0.261363 0.421944 -0.868132
vn 0.249829 0.441209 -0.861928
vn 0.161129 0.473265 -0.866059
vn 0.157608 0.477724 -0.864256
vn 0.072291 0.498659 -0.863778
vn 0.051303 0.492665 -0.868705
vn -0.004996 0.507010 -0.861925
vn -0.055715 0.491223 -0.869250
vn -0.094071 0.500916 -0.860368
vn -0.164749 0.467499 -0.868506
vn -0.191638 0.470686 -0.861237
vn -0.266487 0.421306 -0.866883
vn -0.283380 0.420887 -0.861713
vn -0.352517 0.354715 -0.865973
vn -0.363122 0.352350 -0.862549
vn -0.422441 0.269935 -0.865262
vn -0.501896 0.085167 -0.860724
vn -0.509171 -0.019966 -0.860434
vn -0.493220 0.057543 -0.867999
vn -0.494398 -0.123137 -0.860470
vn -0.493248 -0.049713 -0.868467
vn -0.461578 -0.217390 -0.860051
vn -0.467799 -0.158612 -0.869486
vn -0.409909 -0.305967 -0.859278
vn -0.420223 -0.259532 -0.869515
vn -0.337665 -0.383544 -0.859579
vn -0.354248 -0.345108 -0.869143
vn -0.251007 -0.442801 -0.860769
vn -0.270556 -0.413942 -0.869167
vn -0.158921 -0.480485 -0.862484
vn -0.171280 -0.466409 -0.867828
vn -0.070458 -0.491961 -0.867761
vn 0.005068 -0.506346 -0.862316
vn -0.064794 -0.496989 -0.865335
vn 0.043894 -0.492054 -0.869457
vn 0.094119 -0.501636 -0.859944
vn 0.192076 -0.472314 -0.860248
vn 0.152790 -0.469925 -0.869382
vn 0.284427 -0.422953 -0.860356
vn 0.255115 -0.425255 -0.868375
vn 0.364688 -0.354280 -0.861097
vn 0.342425 -0.360442 -0.867656
vn 0.426704 -0.271270 -0.862749
vn 0.413083 -0.277998 -0.867225
vn 0.467609 -0.180414 -0.865328
vn 0.468737 -0.179655 -0.864875
vn 0.507117 0.020127 -0.861642
vn 0.496787 0.037678 -0.867055
vn 0.492777 0.122936 -0.861428
vn 0.472963 0.147081 -0.868719
vn 0.461014 0.217205 -0.860400
vn 0.426422 0.249133 -0.869538
vn 0.410079 0.306065 -0.859162
vn 0.361839 0.336407 -0.869427
vn 0.338002 0.383847 -0.859311
vn 0.280171 0.406540 -0.869615
vn 0.251676 0.443705 -0.860108
vn 0.181745 0.460224 -0.869001
vn 0.159877 0.482495 -0.861184
vn 0.075722 0.492070 -0.867256
vn 0.071428 0.495511 -0.865660
vn -0.005224 0.504911 -0.863155
vn -0.032076 0.493552 -0.869125
vn -0.094111 0.501517 -0.860014
vn -0.140942 0.473072 -0.869677
vn -0.192291 0.473114 -0.859760
vn -0.244027 0.429874 -0.869287
vn -0.285100 0.424284 -0.859477
vn -0.332734 0.366731 -0.868790
vn -0.365781 0.355627 -0.860078
vn -0.404388 0.286442 -0.868574
vn -0.428592 0.272818 -0.861324
vn -0.460991 0.189328 -0.866973
vn -0.470687 0.182070 -0.863310
vn -0.496352 0.083431 -0.864103
vn -0.496293 0.083490 -0.864132
vn -0.409529 -0.305750 -0.859536
vn -0.337767 -0.383636 -0.859498
vn -0.370077 -0.328009 -0.869168
vn -0.251837 -0.443922 -0.859948
vn -0.290240 -0.399688 -0.869488
vn -0.160470 -0.483741 -0.860375
vn -0.192579 -0.454671 -0.869591
vn -0.072200 -0.498330 -0.863976
vn 0.005462 -0.502719 -0.864432
vn -0.086832 -0.487851 -0.868598
vn 0.094048 -0.500577 -0.860568
vn 0.020201 -0.495706 -0.868256
vn 0.192284 -0.473086 -0.859777
vn 0.129140 -0.476954 -0.869389
vn 0.233166 -0.435188 -0.869624
vn 0.285396 -0.424867 -0.859091
vn 0.323394 -0.373620 -0.869382
vn 0.366389 -0.356376 -0.859508
vn 0.396294 -0.295294 -0.869340
vn 0.429821 -0.273826 -0.860391
vn 0.453924 -0.199317 -0.868462
vn 0.473036 -0.183334 -0.861757
vn 0.490488 -0.094109 -0.866352
vn 0.499476 -0.084442 -0.862203
vn 0.500865 0.013741 -0.865416
vn 0.504914 0.020300 -0.862931
vn 0.486878 0.123974 -0.864627
vn 0.486166 0.122112 -0.865292
vn 0.457525 0.216062 -0.862548
vn 0.441075 0.228775 -0.867822
vn 0.408266 0.305029 -0.860393
vn 0.379016 0.319874 -0.868348
vn 0.336959 0.382910 -0.860139
vn 0.300804 0.393341 -0.868792
vn 0.251496 0.443462 -0.860285
vn 0.203839 0.449720 -0.869599
vn 0.160697 0.484217 -0.860064
vn 0.098183 0.484308 -0.869371
vn 0.072766 0.500393 -0.862735
vn -0.093932 0.498838 -0.861590
vn -0.008040 0.499725 -0.866147
vn -0.005925 0.498451 -0.866898
vn -0.192056 0.472240 -0.860293
vn -0.117324 0.481589 -0.868509
vn -0.285311 0.424701 -0.859201
vn -0.222471 0.441226 -0.869383
vn -0.366505 0.356519 -0.859400
vn -0.314357 0.381152 -0.869427
vn -0.430393 0.274295 -0.859956
vn -0.388749 0.304585 -0.869541
vn -0.474640 0.184198 -0.860690
vn -0.447496 0.209670 -0.869359
vn -0.501901 0.085169 -0.860722
vn -0.485337 0.104969 -0.868003
vn -0.507582 -0.020091 -0.861369
vn -0.497888 -0.002489 -0.867238
vn -0.489664 -0.122548 -0.863256
vn -0.486064 -0.111525 -0.866778
vn -0.335582 -0.381672 -0.861226
vn -0.250664 -0.442338 -0.861107
vn -0.311906 -0.387454 -0.867522
vn -0.215584 -0.445344 -0.869018
vn -0.160558 -0.483925 -0.860254
vn -0.109837 -0.481425 -0.869578
vn -0.073118 -0.501680 -0.861958
vn -0.003173 -0.496959 -0.867768
vn 0.005579 -0.501641 -0.865058
vn 0.105929 -0.495296 -0.862242
vn 0.093267 -0.489002 -0.867282
vn 0.191613 -0.470593 -0.861294
vn 0.211885 -0.448027 -0.868549
vn 0.284850 -0.423789 -0.859804
vn 0.366125 -0.356050 -0.859756
vn 0.305581 -0.389372 -0.868913
vn 0.430311 -0.274228 -0.860018
vn 0.381699 -0.314346 -0.869191
vn 0.475492 -0.184657 -0.860122
vn 0.441669 -0.220441 -0.869675
vn 0.503546 -0.085662 -0.859711
vn 0.480871 -0.116070 -0.869074
vn 0.509473 0.019942 -0.860256
vn 0.495590 -0.008765 -0.868512
vn 0.492330 0.122880 -0.861691
vn 0.485989 0.099276 -0.868308
vn 0.073256 0.502180 -0.861655
vn -0.005034 0.506659 -0.862132
vn 0.037463 0.497938 -0.866403
vn -0.024949 0.499844 -0.865756
vn 0.429378 -0.254781 -0.866442
vn 0.410274 -0.261410 -0.873694
vn 0.427756 -0.293839 -0.854800
vn -0.481561 0.067912 -0.873777
vn -0.513748 0.088725 -0.853341
vn -0.492966 0.104772 -0.863717
vn -0.518373 0.028439 -0.854682
vn -0.485931 -0.036934 -0.873217
vn -0.520371 -0.019082 -0.853727
vn -0.496656 -0.053482 -0.866298
vn -0.485270 0.022185 -0.874083
vn 0.520552 0.019068 -0.853617
vn 0.502720 -0.003618 -0.864442
vn 0.499229 0.048261 -0.865125
vn 0.486218 0.025428 -0.873468
vn -0.432102 -0.224118 -0.873532
vn -0.469301 -0.219915 -0.855216
vn -0.436086 -0.241923 -0.866777
vn 0.379209 0.325461 -0.866184
vn 0.379517 0.304908 -0.873497
vn 0.418493 0.310865 -0.853362
vn -0.348824 -0.362780 -0.864125
vn -0.345222 -0.390329 -0.853502
vn -0.314256 -0.371764 -0.873519
vn -0.299046 -0.423363 -0.855181
vn -0.276993 -0.399421 -0.873921
vn -0.256833 -0.450669 -0.854947
vn -0.223236 -0.432446 -0.873588
vn 0.171881 -0.473252 -0.863996
vn 0.194487 -0.481290 -0.854713
vn 0.196673 -0.444202 -0.874073
vn -0.281212 0.396614 -0.873852
vn -0.262900 0.429631 -0.863887
vn -0.289808 0.433596 -0.853233
vn -0.360669 0.327735 -0.873217
vn -0.380591 0.323930 -0.866152
vn -0.372434 0.363835 -0.853767
vn -0.336174 0.395859 -0.854566
vn -0.317775 0.367238 -0.874160
vn -0.482840 0.188618 -0.855154
vn -0.459348 0.160489 -0.873638
vn -0.475786 0.150506 -0.866588
vn -0.462056 0.252343 -0.850193
vn -0.390916 0.242041 -0.888032
vn 0.493379 -0.104159 -0.863556
vn 0.497648 -0.049787 -0.865949
vn 0.481841 -0.066349 -0.873743
vn 0.513682 -0.088705 -0.853383
vn -0.486142 -0.026992 -0.873463
vn -0.502990 0.002923 -0.864287
vn -0.520529 -0.019070 -0.853631
vn -0.512895 -0.074097 -0.855248
vn -0.480571 -0.073622 -0.873860
vn -0.467663 -0.134163 -0.873666
vn -0.503702 -0.124288 -0.854890
vn -0.378405 -0.325993 -0.866336
vn -0.418443 -0.310838 -0.853396
vn -0.378614 -0.306198 -0.873438
vn 0.385240 0.296688 -0.873823
vn 0.418590 0.310921 -0.853294
vn 0.313056 0.372796 -0.873510
vn 0.351795 0.333933 -0.874488
vn 0.345197 0.390305 -0.853523
vn 0.380541 0.354403 -0.854159
vn 0.221841 0.433307 -0.873517
vn 0.298296 0.423821 -0.855216
vn 0.276332 0.399899 -0.873912
vn 0.256810 0.450638 -0.854970
vn 0.347235 -0.350082 -0.869983
vn 0.362713 -0.382127 -0.849952
vn 0.399755 -0.315841 -0.860489
vn 0.382035 -0.308174 -0.871251
vn 0.342035 -0.368714 -0.864327
vn -0.473389 -0.187419 -0.860684
vn -0.478379 -0.121498 -0.869708
vn -0.458481 -0.173591 -0.871585
vn -0.489333 -0.109607 -0.865182
vn -0.512826 -0.125410 -0.849283
vn 0.458052 0.205679 -0.864803
vn 0.444312 0.215385 -0.869595
vn 0.425627 0.279831 -0.860544
vn 0.474570 0.221634 -0.851858
vn 0.413885 0.263857 -0.871251
vn -0.213056 -0.456354 -0.863914
vn -0.199988 -0.448767 -0.870984
vn -0.135622 -0.473090 -0.870513
vn -0.168348 -0.500255 -0.849355
vn -0.127269 -0.487438 -0.863833
vn 0.233373 -0.431266 -0.871520
vn 0.296546 -0.446959 -0.843971
vn 0.294034 -0.400752 -0.867722
vn 0.231149 -0.450875 -0.862138
vn 0.296544 -0.400926 -0.866787
vn -0.478276 -0.159202 -0.863659
vn -0.463131 -0.163610 -0.871058
vn -0.441150 -0.241673 -0.864281
vn -0.478235 -0.222828 -0.849494
vn -0.437137 -0.227566 -0.870129
vn -0.474239 -0.221526 -0.852070
vn -0.413564 -0.264423 -0.871232
vn -0.458269 -0.206160 -0.864573
vn -0.425404 -0.280493 -0.860439
vn -0.443329 -0.216805 -0.869744
vn 0.414803 0.262307 -0.871283
vn 0.451209 0.206474 -0.868204
vn 0.475458 0.221923 -0.851287
vn 0.456238 0.203160 -0.866356
vn 0.425703 0.277234 -0.861347
vn 0.125881 0.488413 -0.863485
vn 0.168464 0.500498 -0.849189
vn 0.212123 0.456415 -0.864112
vn 0.199480 0.449090 -0.870934
vn 0.134912 0.472745 -0.870811
vn -0.023419 -0.354759 0.934664
vn 0.092796 -0.717864 0.689972
vn 0.072603 -0.402973 0.912328
vn 0.217404 -0.589221 0.778174
vn 0.176297 -0.399018 0.899836
vn 0.311222 -0.480632 0.819837
vn 0.273202 -0.359867 0.892108
vn 0.378970 -0.389046 0.839657
vn 0.352468 -0.298043 0.887094
vn 0.432670 -0.305761 0.848119
vn 0.422992 -0.217256 0.879703
vn 0.464168 -0.213790 0.859559
vn 0.478248 -0.117602 0.870315
vn 0.481780 -0.119816 0.868063
vn 0.482528 -0.010918 0.875813
vn 0.512260 -0.027236 0.858399
vn 0.468708 0.091744 0.878576
vn 0.516446 0.066156 0.853760
vn 0.496344 0.158385 0.853555
vn 0.438713 0.195906 0.877013
vn 0.453537 0.242473 0.857619
vn 0.390470 0.297037 0.871379
vn 0.393486 0.313751 0.864135
vn 0.333325 0.378047 0.863698
vn 0.317636 0.374282 0.871218
vn 0.266248 0.438697 0.858287
vn 0.225461 0.429285 0.874575
vn 0.185546 0.480451 0.857170
vn 0.122982 0.470798 0.873627
vn 0.115846 0.479043 0.870113
vn 0.072069 0.500017 0.863011
vn 0.015130 0.494022 0.869318
vn -0.001516 0.509143 0.860681
vn -0.093098 0.489315 0.867124
vn -0.101501 0.494416 0.863279
vn -0.204227 0.461000 0.863580
vn -0.203936 0.462121 0.863049
vn -0.297780 0.407753 0.863171
vn -0.298740 0.400460 0.866248
vn -0.357401 0.356007 0.863437
vn -0.370122 0.321842 0.871451
vn -0.390453 0.313062 0.865759
vn -0.440312 0.252370 0.861646
vn -0.436800 0.234303 0.868509
vn -0.487906 0.155631 0.858910
vn -0.477902 0.129806 0.868769
vn -0.510062 0.043963 0.859013
vn -0.495472 0.020760 0.868376
vn -0.503759 -0.037569 0.863027
vn -0.485751 -0.088567 0.869599
vn -0.487940 -0.086286 0.868602
vn -0.482056 -0.167943 0.859894
vn -0.454248 -0.191659 0.870015
vn -0.440271 -0.260524 0.859237
vn -0.399118 -0.288904 0.870195
vn -0.327689 -0.368588 0.869921
vn -0.378242 -0.346458 0.858429
vn -0.239077 -0.432222 0.869498
vn -0.299991 -0.413313 0.859754
vn -0.214276 -0.461804 0.860711
vn -0.135958 -0.477858 0.867852
vn -0.135727 -0.477804 0.867918
vn -0.026693 -0.494449 0.868797
vn -0.075526 -0.499563 0.862979
vn -0.005323 -0.504008 0.863682
vn 0.080740 -0.490069 0.867936
vn 0.071804 -0.496883 0.864842
vn 0.186617 -0.457625 0.869341
vn 0.160191 -0.483156 0.860755
vn 0.284685 -0.403362 0.869628
vn 0.251811 -0.443888 0.859973
vn 0.337967 -0.383815 0.859340
vn 0.365497 -0.332558 0.869377
vn 0.409918 -0.305973 0.859272
vn 0.429477 -0.244468 0.869359
vn 0.460495 -0.217035 0.860721
vn 0.475565 -0.141837 0.868171
vn 0.491780 -0.122812 0.862015
vn 0.427643 0.272039 0.862042
vn 0.409056 0.281784 0.867912
vn 0.365244 0.354965 0.860579
vn 0.337977 0.363227 0.868238
vn 0.284780 0.423649 0.859896
vn 0.250048 0.427268 0.868860
vn 0.192201 0.472780 0.859964
vn 0.147399 0.471265 0.869588
vn 0.094122 0.501685 0.859915
vn 0.038530 0.492653 0.869373
vn 0.005130 0.505789 0.862642
vn -0.070923 0.493662 0.866757
vn -0.069738 0.494667 0.866280
vn -0.159399 0.481492 0.861834
vn -0.175990 0.463520 0.868434
vn -0.251374 0.443297 0.860406
vn -0.274869 0.410509 0.869442
vn -0.337890 0.383745 0.859401
vn -0.357620 0.341116 0.869338
vn -0.410075 0.306063 0.859165
vn -0.422949 0.254786 0.869597
vn -0.461421 0.217338 0.860148
vn -0.470049 0.153376 0.869212
vn -0.493761 0.123058 0.860847
vn -0.494770 0.044261 0.867896
vn -0.508332 0.020032 0.860928
vn -0.465629 -0.179351 0.866616
vn -0.473270 -0.174492 0.863463
vn -0.425399 -0.270200 0.863729
vn -0.418104 -0.273552 0.866232
vn -0.363891 -0.353297 0.861838
vn -0.347882 -0.357248 0.866806
vn -0.283902 -0.421916 0.861038
vn -0.261282 -0.423018 0.867633
vn -0.191864 -0.471528 0.860726
vn -0.159300 -0.468512 0.868976
vn -0.094099 -0.501348 0.860114
vn -0.050343 -0.491517 0.869412
vn -0.005019 -0.506805 0.862046
vn 0.056892 -0.492898 0.868225
vn 0.071980 -0.497524 0.864459
vn 0.165704 -0.470065 0.866938
vn 0.158248 -0.479070 0.863394
vn 0.265488 -0.418232 0.868676
vn 0.250426 -0.442017 0.861341
vn 0.350359 -0.350001 0.868762
vn 0.337243 -0.383164 0.859914
vn 0.417136 -0.265299 0.869261
vn 0.409512 -0.305741 0.859548
vn 0.465301 -0.164915 0.869654
vn 0.461546 -0.217379 0.860071
vn 0.491608 -0.056244 0.868998
vn 0.494943 -0.123205 0.860146
vn 0.492869 0.050802 0.868619
vn 0.509969 -0.019903 0.859962
vn 0.470169 0.158856 0.868163
vn 0.502889 0.085465 0.860115
vn 0.472410 0.182998 0.862172
vn 0.427850 0.265687 0.863918
vn 0.422510 0.267833 0.865882
vn 0.358215 0.351813 0.864818
vn 0.362073 0.351058 0.863517
vn 0.272835 0.419426 0.865819
vn 0.282655 0.419455 0.862649
vn 0.171345 0.466476 0.867779
vn 0.191305 0.469449 0.861986
vn 0.062190 0.491056 0.868905
vn 0.094020 0.500167 0.860809
vn -0.044688 0.492573 0.869123
vn 0.004992 0.507048 0.861903
vn -0.072608 0.499818 0.863081
vn -0.155703 0.477304 0.864834
vn -0.156745 0.475908 0.865414
vn -0.256516 0.426572 0.867315
vn -0.248972 0.440050 0.862768
vn -0.343643 0.359280 0.867656
vn -0.336021 0.382066 0.860880
vn -0.412004 0.276065 0.868355
vn -0.408231 0.305010 0.860416
vn -0.461298 0.176517 0.869509
vn -0.460860 0.217155 0.860495
vn -0.489137 0.068175 0.869539
vn -0.495305 0.123250 0.859932
vn -0.492755 -0.038739 0.869305
vn -0.510834 0.019836 0.859451
vn -0.504103 -0.085829 0.859368
vn -0.281050 -0.416287 0.864706
vn -0.284770 -0.416476 0.863397
vn -0.190525 -0.466556 0.863728
vn -0.183596 -0.465151 0.865983
vn -0.093884 -0.498139 0.862000
vn -0.074132 -0.491287 0.867837
vn -0.005050 -0.506519 0.862214
vn 0.032820 -0.492926 0.869452
vn 0.247941 -0.435541 0.865349
vn 0.337344 -0.369084 0.866011
vn 0.334185 -0.380416 0.862325
vn 0.407524 -0.287141 0.866876
vn 0.406245 -0.303874 0.861757
vn 0.458017 -0.188246 0.868783
vn 0.459362 -0.216664 0.861419
vn 0.487360 -0.080115 0.869518
vn 0.494830 -0.123191 0.860213
vn 0.493317 0.026983 0.869431
vn 0.510921 -0.019829 0.859399
vn 0.475124 0.134369 0.869599
vn 0.504525 0.085955 0.859108
vn 0.433560 0.238568 0.868971
vn 0.475296 0.184552 0.860252
vn 0.371391 0.330933 0.867497
vn 0.428867 0.273043 0.861116
vn 0.364504 0.354053 0.861268
vn 0.086227 0.492237 0.866180
vn 0.093690 0.495269 0.863673
vn -0.021223 0.493951 0.869231
vn 0.005191 0.505228 0.862970
vn -0.129158 0.478171 0.868718
vn -0.073235 0.502105 0.861700
vn -0.159596 0.481905 0.861566
vn -0.239725 0.445192 0.862749
vn -0.244575 0.434101 0.867029
vn -0.331443 0.379491 0.863789
vn -0.331735 0.378212 0.864238
vn -0.403673 0.298584 0.864810
vn -0.403573 0.302346 0.863548
vn -0.457060 0.215910 0.862832
vn -0.455445 0.200162 0.867471
vn -0.493508 0.123026 0.860996
vn -0.486287 0.092128 0.868929
vn -0.510236 0.019883 0.859804
vn -0.494549 -0.015472 0.869012
vn -0.504145 -0.085842 0.859342
vn -0.478547 -0.122760 0.869438
vn -0.475641 -0.184738 0.860022
vn -0.438498 -0.227018 0.869588
vn -0.429961 -0.273941 0.860285
vn -0.377751 -0.320344 0.868725
vn -0.365668 -0.355488 0.860183
vn -0.300504 -0.394571 0.868338
vn -0.284403 -0.422905 0.860387
vn -0.005412 -0.503188 0.864160
vn 0.009827 -0.495645 0.868470
vn 0.073226 -0.502071 0.861721
vn 0.116886 -0.480027 0.869432
vn 0.160306 -0.483396 0.860599
vn 0.222770 -0.443022 0.868392
vn 0.249949 -0.441371 0.861811
vn 0.453573 -0.212331 0.865556
vn 0.453970 -0.214897 0.864714
vn 0.485930 -0.104272 0.867755
vn 0.491339 -0.122757 0.862274
vn 0.496450 0.004140 0.868055
vn 0.508788 -0.019996 0.860660
vn 0.482620 0.111488 0.868705
vn 0.502967 0.085488 0.860067
vn 0.443986 0.215975 0.869615
vn 0.475234 0.184519 0.860294
vn 0.384531 0.310288 0.869401
vn 0.430423 0.274320 0.859933
vn 0.309149 0.385917 0.869192
vn 0.366341 0.356316 0.859554
vn 0.285085 0.424252 0.859498
vn 0.001424 0.498010 0.867170
vn -0.073000 0.501247 0.862220
vn -0.105022 0.482527 0.869562
vn -0.160659 0.484137 0.860116
vn -0.210708 0.447069 0.869328
vn -0.251063 0.442878 0.860713
vn -0.307290 0.389813 0.868112
vn -0.336215 0.382240 0.860727
vn -0.384645 0.315178 0.867589
vn -0.407191 0.304415 0.861120
vn -0.450114 0.213631 0.867040
vn -0.452397 0.224820 0.863014
vn -0.488330 0.122382 0.864035
vn -0.486309 0.116602 0.865972
vn -0.506588 0.020169 0.861952
vn -0.499025 0.007085 0.866559
vn -0.501000 -0.084899 0.861273
vn -0.487363 -0.100493 0.867397
vn -0.474073 -0.183893 0.861068
vn -0.450056 -0.205381 0.869062
vn -0.430239 -0.274168 0.860074
vn -0.391777 -0.300724 0.869526
vn -0.366517 -0.356534 0.859388
vn -0.318026 -0.377985 0.869475
vn -0.285392 -0.424859 0.859096
vn -0.226836 -0.438662 0.869552
vn -0.192175 -0.472684 0.860022
vn -0.122171 -0.479597 0.868942
vn -0.093986 -0.499645 0.861116
vn -0.006091 -0.496921 0.867774
vn -0.012657 -0.501056 0.865322
vn 0.072560 -0.499640 0.863189
vn 0.093500 -0.485679 0.869122
vn 0.160647 -0.484115 0.860131
vn 0.199170 -0.451677 0.869666
vn 0.251696 -0.443732 0.860088
vn 0.296414 -0.395884 0.869146
vn 0.337359 -0.383270 0.859822
vn 0.375265 -0.323178 0.868753
vn 0.408870 -0.305373 0.859984
vn 0.437816 -0.232913 0.868371
vn 0.458489 -0.216379 0.861956
vn 0.487426 -0.129138 0.863562
vn 0.484498 -0.121904 0.866257
vn 0.502286 -0.018389 0.864506
vn 0.503585 -0.020403 0.863705
vn 0.492802 0.089715 0.865504
vn 0.498262 0.084079 0.862940
vn 0.472162 0.182865 0.862336
vn 0.456740 0.195182 0.867924
vn 0.429398 0.273478 0.860713
vn 0.399541 0.291616 0.869096
vn 0.366199 0.356142 0.859686
vn 0.327181 0.370723 0.869205
vn 0.285320 0.424718 0.859189
vn 0.237593 0.432924 0.869555
vn 0.192313 0.473197 0.859709
vn 0.133974 0.475274 0.869578
vn 0.094081 0.501060 0.860283
vn 0.025077 0.494744 0.868677
vn 0.005355 0.503708 0.863857
vn -0.071910 0.497265 0.864614
vn -0.082254 0.489497 0.868117
vn -0.160271 0.483324 0.860646
vn -0.188092 0.456871 0.869419
vn -0.251833 0.443916 0.859953
vn -0.286057 0.402432 0.869609
vn -0.366620 0.331417 0.869340
vn -0.337933 0.383785 0.859366
vn -0.409842 0.305928 0.859324
vn -0.407874 -0.282935 0.868094
vn -0.427898 -0.272248 0.861849
vn -0.336660 -0.364084 0.868391
vn -0.365391 -0.355146 0.860442
vn -0.248540 -0.427899 0.868983
vn -0.284870 -0.423828 0.859778
vn -0.145787 -0.471695 0.869626
vn -0.192230 -0.472887 0.859899
vn -0.036922 -0.492858 0.869326
vn -0.094121 -0.501666 0.859926
vn -0.005150 -0.505592 0.862758
vn 0.071226 -0.494000 0.866540
vn 0.071055 -0.494143 0.866472
vn 0.177416 -0.462679 0.868592
vn 0.159528 -0.481763 0.861658
vn 0.276179 -0.409503 0.869501
vn 0.251464 -0.443417 0.860318
vn 0.358653 -0.339933 0.869375
vn 0.337933 -0.383785 0.859366
vn 0.423795 -0.253371 0.869598
vn 0.410097 -0.306074 0.859150
vn 0.470753 -0.151807 0.869106
vn 0.461341 -0.217313 0.860197
vn 0.493537 -0.123030 0.860979
vn 0.495253 -0.042624 0.867703
vn 0.508050 -0.020054 0.861094
vn 0.425743 0.270481 0.863472
vn 0.416834 0.274649 0.866497
vn 0.346509 0.358029 0.867033
vn 0.364103 0.353558 0.861641
vn 0.259736 0.423557 0.867834
vn 0.284043 0.422195 0.860855
vn 0.157673 0.468844 0.869094
vn 0.191923 0.471747 0.860593
vn 0.048734 0.491632 0.869439
vn 0.094106 0.501443 0.860058
vn 0.005028 0.506711 0.862101
vn -0.070005 0.490303 0.868736
vn -0.060356 0.499212 0.864375
vn -0.167085 0.469135 0.867176
vn -0.158425 0.479444 0.863154
vn -0.266741 0.417146 0.868815
vn -0.250586 0.442231 0.861184
vn -0.351313 0.348770 0.868872
vn -0.337363 0.383274 0.859818
vn -0.417887 0.263855 0.869339
vn -0.409631 0.305808 0.859467
vn -0.465904 0.163341 0.869628
vn -0.461576 0.217390 0.860052
vn -0.491998 0.054617 0.868882
vn -0.494830 0.123191 0.860214
vn -0.492937 -0.052472 0.868481
vn -0.509791 0.019917 0.860067
vn -0.469921 -0.160595 0.867976
vn -0.502663 -0.085397 0.860254
vn -0.472110 -0.182836 0.862371
vn -0.426480 -0.266736 0.864272
vn -0.422941 -0.268185 0.865562
vn -0.356779 -0.352523 0.865122
vn -0.362348 -0.351396 0.863264
vn -0.271242 -0.419877 0.866101
vn -0.282845 -0.419831 0.862404
vn -0.169695 -0.466711 0.867977
vn -0.191394 -0.469780 0.861786
vn -0.060573 -0.491078 0.869007
vn -0.094035 -0.500377 0.860686
vn 0.046328 -0.492577 0.869035
vn -0.004990 -0.507060 0.861896
vn 0.072536 -0.499551 0.863243
vn 0.156969 -0.476382 0.865113
vn 0.157049 -0.476277 0.865157
vn 0.249200 -0.440358 0.862545
vn 0.257714 -0.425402 0.867535
vn 0.336223 -0.382249 0.860720
vn 0.344532 -0.357987 0.867838
vn 0.408448 -0.305132 0.860270
vn 0.412664 -0.274583 0.868512
vn 0.461001 -0.217201 0.860408
vn 0.461799 -0.174932 0.869563
vn 0.495305 -0.123250 0.859932
vn 0.489432 -0.066551 0.869498
vn 0.510761 -0.019841 0.859493
vn 0.492731 0.040360 0.869245
vn 0.503985 0.085793 0.859441
vn 0.281288 0.416759 0.864401
vn 0.283121 0.416841 0.863763
vn 0.190644 0.466997 0.863463
vn 0.192690 0.467392 0.862795
vn 0.102474 0.497368 0.861466
vn 0.093573 0.493521 0.864686
vn 0.497449 -0.052486 0.865904
vn 0.520351 -0.019084 0.853739
vn 0.485859 -0.033280 0.873403
vn 0.513869 0.088762 0.853265
vn 0.484503 0.022834 0.874492
vn 0.519274 0.029465 0.854100
vn 0.480922 0.071572 0.873837
vn -0.513652 -0.088697 0.853402
vn -0.496740 -0.047403 0.866604
vn -0.494470 -0.103218 0.863044
vn -0.483327 -0.060207 0.873367
vn -0.421118 -0.244142 0.873530
vn -0.436957 -0.279685 0.854895
vn -0.407931 -0.319140 0.855419
vn -0.346120 -0.365744 0.863963
vn -0.356912 -0.331291 0.873419
vn -0.385563 -0.296457 0.873759
vn -0.372449 -0.363854 0.853752
vn 0.221720 -0.403058 0.887910
vn 0.164180 -0.491527 0.855246
vn 0.063446 -0.466204 0.882399
vn 0.108866 -0.508145 0.854364
vn 0.137097 -0.466969 0.873581
vn 0.228354 -0.474192 0.850292
vn 0.289799 0.433575 0.853247
vn 0.286686 0.393365 0.873542
vn 0.306837 0.394187 0.866295
vn -0.194553 -0.481537 0.854559
vn -0.220097 -0.447287 0.866886
vn -0.202949 -0.442478 0.873513
vn 0.345181 -0.390290 0.853536
vn 0.304606 -0.396354 0.866094
vn 0.309590 -0.376045 0.873352
vn 0.351428 -0.335355 0.874091
vn 0.418482 -0.310860 0.853369
vn 0.382394 -0.300523 0.873762
vn 0.378797 -0.354967 0.854700
vn 0.415929 -0.284040 0.863901
vn 0.040305 0.519409 0.853575
vn 0.094687 0.510162 0.854850
vn 0.009782 0.462356 0.886641
vn 0.109588 0.474277 0.873528
vn -0.466645 0.138993 0.873455
vn -0.503588 0.124274 0.854959
vn -0.485928 0.031711 0.873423
vn -0.480241 0.076037 0.873834
vn -0.512361 0.076668 0.855341
vn -0.520408 0.019079 0.853705
vn -0.480650 -0.073142 0.873857
vn -0.484405 -0.023601 0.874525
vn -0.519272 -0.030310 0.854071
vn -0.513907 -0.088773 0.853240
vn 0.513722 0.088717 0.853358
vn 0.496905 0.048376 0.866456
vn 0.483012 0.061754 0.873433
vn 0.436987 0.279708 0.854871
vn 0.420187 0.245494 0.873599
vn 0.407432 0.319847 0.855393
vn 0.385059 0.297083 0.873768
vn 0.372478 0.363889 0.853724
vn 0.345443 0.366019 0.864118
vn 0.355829 0.332403 0.873438
vn 0.462573 0.190410 0.865892
vn 0.488083 0.191450 0.851541
vn 0.461056 0.181593 0.868592
vn 0.495036 0.116188 0.861069
vn 0.476183 0.118589 0.871313
vn -0.465589 -0.158621 0.870670
vn -0.445080 -0.235334 0.864015
vn -0.480993 -0.150693 0.863677
vn -0.438255 -0.222070 0.870986
vn -0.491589 -0.193344 0.849093
vn 0.196294 0.488037 0.850464
vn 0.193449 0.453697 0.869906
vn 0.258155 0.439797 0.860194
vn 0.241829 0.426135 0.871738
vn 0.180620 0.469578 0.864218
vn -0.162712 -0.483028 0.860354
vn -0.095226 -0.518343 0.849855
vn -0.149302 -0.466565 0.871795
vn -0.082179 -0.495878 0.864495
vn -0.098047 -0.483156 0.870027
vn 0.197443 0.492332 0.847718
vn 0.218622 0.453201 0.864184
vn 0.133244 0.486048 0.863715
vn 0.138499 0.470842 0.871278
vn 0.204636 0.448396 0.870095
vn -0.440382 0.246732 0.863242
vn -0.434906 0.228401 0.871028
vn -0.462780 0.165382 0.870910
vn -0.476479 0.161355 0.864253
vn -0.479019 0.223084 0.848985
vn -0.460751 -0.183338 0.868387
vn -0.476010 -0.119214 0.871322
vn -0.494644 -0.116819 0.861209
vn -0.462026 -0.190588 0.866145
vn -0.488379 -0.191610 0.851335
vn 0.462858 0.170534 0.869874
vn 0.465545 0.190002 0.864388
vn 0.496742 0.114376 0.860329
vn 0.476703 0.116867 0.871261
vn 0.487248 0.190998 0.852120
vn 0.437909 0.222558 0.871036
vn 0.444973 0.236257 0.863818
vn 0.491345 0.193213 0.849264
vn 0.465900 0.159351 0.870370
vn 0.479951 0.152041 0.864020
vn 0.005758 0.499992 0.866011
vn 0.002947 0.498385 0.866951
vn -0.103435 0.482918 0.869535
vn -0.072953 0.501074 0.862324
vn -0.209109 0.447662 0.869409
vn -0.160678 0.484179 0.860089
vn -0.305777 0.390613 0.868287
vn -0.251179 0.443032 0.860600
vn -0.336403 0.382411 0.860578
vn -0.486417 0.118296 0.865681
vn -0.487856 0.122323 0.864311
vn -0.499428 0.008615 0.866313
vn -0.506227 0.020197 0.862163
vn -0.488061 -0.099015 0.867175
vn -0.500672 -0.084801 0.861473
vn -0.450929 -0.203970 0.868942
vn -0.473857 -0.183777 0.861212
vn -0.392803 -0.299458 0.869501
vn -0.430163 -0.274105 0.860131
vn -0.319255 -0.376958 0.869470
vn -0.366503 -0.356517 0.859402
vn -0.228291 -0.437838 0.869587
vn -0.285404 -0.424884 0.859080
vn -0.123780 -0.478964 0.869064
vn -0.192207 -0.472802 0.859951
vn -0.094002 -0.499885 0.860976
vn -0.014195 -0.501524 0.865027
vn -0.006149 -0.496384 0.868081
vn 0.091954 -0.486159 0.869019
vn 0.072484 -0.499362 0.863356
vn 0.197637 -0.452349 0.869666
vn 0.160618 -0.484053 0.860171
vn 0.294975 -0.396746 0.869242
vn 0.251744 -0.443797 0.860040
vn 0.337471 -0.383370 0.859733
vn 0.374047 -0.324284 0.868866
vn 0.409044 -0.305472 0.859866
vn 0.436763 -0.234290 0.868531
vn 0.458782 -0.216475 0.861776
vn 0.483913 -0.121831 0.866594
vn 0.487636 -0.130864 0.863184
vn 0.503113 -0.020440 0.863979
vn 0.502786 -0.019939 0.864181
vn 0.497831 0.083950 0.863202
vn 0.493597 0.088262 0.865200
vn 0.471845 0.182694 0.862546
vn 0.457700 0.193822 0.867723
vn 0.429233 0.273342 0.860839
vn 0.400640 0.290410 0.868993
vn 0.366118 0.356042 0.859763
vn 0.328451 0.369783 0.869126
vn 0.285282 0.424642 0.859240
vn 0.239069 0.432199 0.869511
vn 0.192315 0.473203 0.859706
vn 0.135580 0.474743 0.869619
vn 0.094090 0.501191 0.860206
vn 0.026693 0.494449 0.868797
vn 0.005322 0.504009 0.863682
vn -0.071805 0.496883 0.864842
vn -0.080742 0.490069 0.867936
vn -0.186617 0.457625 0.869341
vn -0.160191 0.483156 0.860755
vn -0.284685 0.403363 0.869628
vn -0.251812 0.443888 0.859973
vn -0.365497 0.332558 0.869377
vn -0.337966 0.383816 0.859340
vn -0.429478 0.244467 0.869358
vn -0.409919 0.305972 0.859271
vn -0.475564 0.141838 0.868171
vn -0.460494 0.217036 0.860721
vn -0.491780 0.122812 0.862015
vn -0.465132 -0.184012 0.865905
vn -0.469096 -0.181214 0.864356
vn -0.409055 -0.281784 0.867912
vn -0.427643 -0.272039 0.862042
vn -0.337977 -0.363226 0.868238
vn -0.365244 -0.354965 0.860580
vn -0.250048 -0.427268 0.868860
vn -0.284780 -0.423649 0.859896
vn -0.192201 -0.472780 0.859964
vn -0.147399 -0.471265 0.869588
vn -0.094123 -0.501685 0.859915
vn -0.038530 -0.492652 0.869373
vn -0.005128 -0.505789 0.862642
vn 0.070923 -0.493662 0.866757
vn 0.069738 -0.494667 0.866280
vn 0.159399 -0.481492 0.861834
vn 0.175990 -0.463519 0.868434
vn 0.251374 -0.443297 0.860407
vn 0.274869 -0.410509 0.869442
vn 0.337889 -0.383746 0.859401
vn 0.357619 -0.341116 0.869338
vn 0.410076 -0.306062 0.859164
vn 0.422950 -0.254785 0.869596
vn 0.461421 -0.217339 0.860148
vn 0.470049 -0.153375 0.869212
vn 0.493760 -0.123058 0.860847
vn 0.494769 -0.044261 0.867896
vn 0.508332 -0.020032 0.860928
vn 0.465629 0.179350 0.866616
vn 0.473270 0.174492 0.863463
vn 0.425398 0.270199 0.863729
vn 0.418105 0.273551 0.866232
vn 0.363891 0.353297 0.861838
vn 0.347881 0.357248 0.866806
vn 0.283902 0.421915 0.861039
vn 0.261283 0.423018 0.867633
vn 0.191864 0.471528 0.860726
vn 0.159300 0.468512 0.868976
vn 0.094100 0.501347 0.860114
vn 0.050343 0.491516 0.869412
vn 0.005018 0.506804 0.862047
vn -0.056892 0.492898 0.868225
vn -0.071980 0.497524 0.864459
vn -0.158247 0.479070 0.863394
vn -0.165703 0.470066 0.866937
vn -0.250427 0.442017 0.861341
vn -0.265488 0.418232 0.868676
vn -0.337242 0.383165 0.859914
vn -0.350359 0.350000 0.868763
vn -0.417137 0.265299 0.869260
vn -0.409512 0.305740 0.859548
vn -0.465301 0.164915 0.869654
vn -0.461546 0.217380 0.860071
vn -0.491608 0.056243 0.868998
vn -0.494943 0.123205 0.860146
vn -0.492869 -0.050802 0.868619
vn -0.509969 0.019904 0.859963
vn -0.502889 -0.085465 0.860115
vn -0.470168 -0.158856 0.868163
vn -0.472410 -0.182997 0.862172
vn -0.422509 -0.267832 0.865882
vn -0.427849 -0.265686 0.863919
vn -0.362073 -0.351058 0.863517
vn -0.358214 -0.351813 0.864818
vn -0.282655 -0.419454 0.862650
vn -0.272835 -0.419426 0.865819
vn -0.191304 -0.469449 0.861986
vn -0.171345 -0.466476 0.867779
vn -0.094021 -0.500167 0.860810
vn -0.062190 -0.491055 0.868906
vn -0.004991 -0.507048 0.861904
vn 0.044688 -0.492573 0.869123
vn 0.072608 -0.499819 0.863081
vn 0.156744 -0.475909 0.865414
vn 0.155702 -0.477304 0.864834
vn 0.248973 -0.440051 0.862768
vn 0.256517 -0.426572 0.867315
vn 0.336021 -0.382067 0.860880
vn 0.343643 -0.359279 0.867657
vn 0.408232 -0.305008 0.860417
vn 0.412005 -0.276065 0.868355
vn 0.461298 -0.176517 0.869509
vn 0.460860 -0.217155 0.860495
vn 0.489137 -0.068174 0.869539
vn 0.495306 -0.123250 0.859931
vn 0.492755 0.038738 0.869305
vn 0.510834 -0.019836 0.859451
vn 0.472335 0.146377 0.869180
vn 0.504103 0.085829 0.859368
vn 0.474214 0.183969 0.860974
vn 0.284770 0.416476 0.863397
vn 0.281050 0.416288 0.864706
vn 0.183596 0.465152 0.865983
vn 0.190525 0.466556 0.863728
vn 0.074132 0.491287 0.867837
vn 0.093885 0.498139 0.862000
vn -0.032821 0.492926 0.869452
vn 0.005049 0.506519 0.862214
vn -0.247941 0.435542 0.865349
vn -0.334184 0.380416 0.862325
vn -0.337344 0.369085 0.866011
vn -0.406246 0.303873 0.861757
vn -0.407525 0.287140 0.866876
vn -0.459362 0.216665 0.861419
vn -0.458016 0.188246 0.868783
vn -0.494830 0.123190 0.860213
vn -0.487360 0.080115 0.869518
vn -0.510922 0.019829 0.859399
vn -0.493317 -0.026984 0.869431
vn -0.504524 -0.085955 0.859108
vn -0.475124 -0.134368 0.869599
vn -0.475297 -0.184552 0.860252
vn -0.433559 -0.238568 0.868972
vn -0.371392 -0.330932 0.867498
vn -0.428867 -0.273043 0.861116
vn -0.364504 -0.354053 0.861268
vn -0.196123 -0.464540 0.863562
vn -0.189530 -0.462868 0.865928
vn -0.086227 -0.492237 0.866180
vn -0.093691 -0.495268 0.863673
vn 0.021222 -0.493951 0.869231
vn -0.005190 -0.505228 0.862971
vn 0.129158 -0.478171 0.868718
vn 0.073235 -0.502105 0.861700
vn 0.159596 -0.481906 0.861566
vn 0.239725 -0.445193 0.862749
vn 0.244575 -0.434100 0.867029
vn 0.331443 -0.379491 0.863790
vn 0.331734 -0.378213 0.864238
vn 0.403673 -0.298583 0.864810
vn 0.403573 -0.302345 0.863549
vn 0.455444 -0.200163 0.867471
vn 0.457060 -0.215910 0.862832
vn 0.486287 -0.092127 0.868929
vn 0.493508 -0.123026 0.860996
vn 0.494549 0.015472 0.869012
vn 0.510236 -0.019883 0.859804
vn 0.478547 0.122760 0.869438
vn 0.504145 0.085841 0.859342
vn 0.438498 0.227018 0.869588
vn 0.475640 0.184737 0.860022
vn 0.377751 0.320344 0.868726
vn 0.429961 0.273940 0.860285
vn 0.300504 0.394570 0.868339
vn 0.365668 0.355487 0.860184
vn 0.284403 0.422905 0.860387
vn 0.005411 0.503188 0.864160
vn -0.009828 0.495645 0.868470
vn -0.073226 0.502071 0.861721
vn -0.116886 0.480027 0.869432
vn -0.160305 0.483396 0.860599
vn -0.222769 0.443022 0.868392
vn -0.249949 0.441371 0.861810
vn -0.453969 0.214897 0.864714
vn -0.453572 0.212332 0.865556
vn -0.491339 0.122757 0.862274
vn -0.485931 0.104270 0.867755
vn -0.508788 0.019996 0.860660
vn -0.496450 -0.004140 0.868055
vn -0.502967 -0.085488 0.860067
vn -0.482620 -0.111489 0.868705
vn -0.475234 -0.184518 0.860294
vn -0.443986 -0.215974 0.869616
vn -0.430423 -0.274319 0.859933
vn -0.384530 -0.310288 0.869401
vn -0.309148 -0.385917 0.869192
vn -0.366340 -0.356316 0.859554
vn -0.216213 -0.445145 0.868964
vn -0.285084 -0.424252 0.859498
vn -0.191820 -0.471363 0.860826
vn -0.001424 -0.498010 0.867170
vn 0.105022 -0.482527 0.869562
vn 0.073000 -0.501247 0.862219
vn 0.210709 -0.447069 0.869328
vn 0.160658 -0.484137 0.860116
vn 0.307290 -0.389814 0.868112
vn 0.251064 -0.442877 0.860713
vn 0.384645 -0.315178 0.867589
vn 0.336214 -0.382241 0.860727
vn 0.407192 -0.304414 0.861120
vn 0.452397 -0.224820 0.863014
vn 0.450115 -0.213632 0.867040
vn 0.486309 -0.116602 0.865972
vn 0.488330 -0.122382 0.864035
vn 0.499025 -0.007085 0.866559
vn 0.506588 -0.020169 0.861952
vn 0.487363 0.100493 0.867398
vn 0.501000 0.084899 0.861273
vn 0.474073 0.183893 0.861068
vn 0.450055 0.205380 0.869062
vn 0.430238 0.274168 0.860074
vn 0.391777 0.300724 0.869526
vn 0.318026 0.377985 0.869475
vn 0.366517 0.356535 0.859388
vn 0.285392 0.424859 0.859096
vn 0.226836 0.438662 0.869552
vn 0.192175 0.472684 0.860022
vn 0.122171 0.479597 0.868942
vn 0.093986 0.499645 0.861116
vn 0.006090 0.496921 0.867774
vn 0.012657 0.501056 0.865322
vn -0.072560 0.499640 0.863189
vn -0.093499 0.485679 0.869122
vn -0.160648 0.484115 0.860131
vn -0.199171 0.451677 0.869666
vn -0.251696 0.443732 0.860088
vn -0.296413 0.395884 0.869146
vn -0.337359 0.383270 0.859822
vn -0.375265 0.323178 0.868753
vn -0.408870 0.305373 0.859984
vn -0.437816 0.232913 0.868371
vn -0.458489 0.216379 0.861956
vn -0.484497 0.121904 0.866257
vn -0.487426 0.129139 0.863562
vn -0.503585 0.020403 0.863705
vn -0.502286 0.018389 0.864506
vn -0.498262 -0.084079 0.862940
vn -0.492802 -0.089715 0.865504
vn -0.472163 -0.182864 0.862336
vn -0.456740 -0.195182 0.867924
vn -0.429398 -0.273478 0.860713
vn -0.399541 -0.291616 0.869096
vn -0.366199 -0.356142 0.859686
vn -0.327181 -0.370723 0.869205
vn -0.285321 -0.424719 0.859189
vn -0.237592 -0.432924 0.869555
vn -0.192313 -0.473197 0.859709
vn -0.133974 -0.475274 0.869578
vn -0.025077 -0.494744 0.868677
vn -0.094081 -0.501060 0.860283
vn -0.005355 -0.503708 0.863857
vn 0.082254 -0.489497 0.868117
vn 0.071909 -0.497265 0.864614
vn 0.188092 -0.456871 0.869419
vn 0.160271 -0.483323 0.860646
vn 0.286057 -0.402432 0.869609
vn 0.251832 -0.443916 0.859953
vn 0.366620 -0.331416 0.869340
vn 0.337933 -0.383785 0.859366
vn 0.409842 -0.305928 0.859324
vn 0.430425 -0.243075 0.869281
vn 0.460307 -0.216974 0.860837
vn 0.469513 0.181439 0.864082
vn 0.464080 0.185329 0.866189
vn 0.427898 0.272248 0.861849
vn 0.407874 0.282935 0.868094
vn 0.365391 0.355146 0.860442
vn 0.336660 0.364084 0.868391
vn 0.284870 0.423828 0.859778
vn 0.248539 0.427899 0.868983
vn 0.192230 0.472887 0.859899
vn 0.145787 0.471695 0.869626
vn 0.094122 0.501666 0.859926
vn 0.036922 0.492858 0.869326
vn 0.005150 0.505592 0.862758
vn -0.071054 0.494143 0.866472
vn -0.071226 0.494000 0.866540
vn -0.159528 0.481763 0.861658
vn -0.177416 0.462680 0.868592
vn -0.251463 0.443418 0.860318
vn -0.276178 0.409503 0.869501
vn -0.337933 0.383785 0.859366
vn -0.358653 0.339933 0.869375
vn -0.410097 0.306074 0.859150
vn -0.423796 0.253371 0.869598
vn -0.461342 0.217313 0.860197
vn -0.470754 0.151806 0.869106
vn -0.493537 0.123030 0.860979
vn -0.495253 0.042623 0.867703
vn -0.508050 0.020054 0.861094
vn -0.472119 -0.175773 0.863833
vn -0.466143 -0.179626 0.866283
vn -0.416834 -0.274650 0.866497
vn -0.425742 -0.270481 0.863472
vn -0.346509 -0.358029 0.867033
vn -0.364103 -0.353558 0.861641
vn -0.259736 -0.423557 0.867834
vn -0.284043 -0.422195 0.860855
vn -0.157673 -0.468844 0.869094
vn -0.191923 -0.471747 0.860593
vn -0.048734 -0.491632 0.869438
vn -0.094106 -0.501443 0.860058
vn -0.005028 -0.506711 0.862101
vn 0.060356 -0.499212 0.864375
vn 0.070005 -0.490304 0.868736
vn 0.167085 -0.469135 0.867176
vn 0.158425 -0.479444 0.863154
vn 0.266741 -0.417146 0.868815
vn 0.250586 -0.442231 0.861184
vn 0.351313 -0.348770 0.868872
vn 0.337363 -0.383274 0.859818
vn 0.417887 -0.263855 0.869339
vn 0.409631 -0.305808 0.859467
vn 0.465904 -0.163342 0.869628
vn 0.461576 -0.217390 0.860052
vn 0.491998 -0.054616 0.868882
vn 0.494830 -0.123190 0.860213
vn 0.492937 0.052472 0.868481
vn 0.509791 -0.019918 0.860068
vn 0.469921 0.160595 0.867977
vn 0.502663 0.085397 0.860254
vn 0.472110 0.182836 0.862371
vn 0.426481 0.266736 0.864272
vn 0.422940 0.268185 0.865562
vn 0.356779 0.352523 0.865122
vn 0.362348 0.351396 0.863264
vn 0.271242 0.419877 0.866101
vn 0.282846 0.419831 0.862404
vn 0.183418 0.468679 0.864117
vn 0.191394 0.469780 0.861786
vn 0.099308 0.497529 0.861744
vn 0.093691 0.495268 0.863673
vn -0.468862 0.219772 0.855493
vn -0.432942 0.220423 0.874057
vn -0.462638 0.198108 0.864130
vn -0.520350 0.019084 0.853740
vn -0.485860 0.033280 0.873403
vn -0.497449 0.052485 0.865904
vn -0.513869 -0.088762 0.853264
vn -0.519274 -0.029464 0.854100
vn -0.480921 -0.071572 0.873838
vn -0.484503 -0.022834 0.874492
vn -0.491983 -0.106243 0.864098
vn 0.496739 0.047402 0.866604
vn 0.494471 0.103218 0.863044
vn 0.513652 0.088696 0.853402
vn 0.483328 0.060206 0.873367
vn 0.421117 0.244142 0.873530
vn 0.438056 0.237946 0.866884
vn 0.436958 0.279684 0.854894
vn 0.356912 0.331290 0.873419
vn 0.385563 0.296457 0.873759
vn 0.407930 0.319140 0.855420
vn 0.346120 0.365744 0.863963
vn 0.372449 0.363854 0.853752
vn -0.221720 0.403057 0.887910
vn -0.164180 0.491527 0.855246
vn -0.137097 0.466968 0.873582
vn -0.063446 0.466205 0.882399
vn -0.108866 0.508145 0.854364
vn -0.228354 0.474192 0.850292
vn -0.286684 -0.393366 0.873542
vn -0.306836 -0.394188 0.866295
vn -0.264454 -0.429775 0.863341
vn -0.289798 -0.433575 0.853247
vn 0.194553 0.481537 0.854559
vn 0.202947 0.442477 0.873514
vn 0.220097 0.447287 0.866886
vn -0.304607 0.396354 0.866094
vn -0.309591 0.376046 0.873352
vn -0.345180 0.390291 0.853536
vn -0.415930 0.284039 0.863901
vn -0.418482 0.310859 0.853369
vn -0.382395 0.300522 0.873762
vn -0.378797 0.354968 0.854699
vn -0.351427 0.335355 0.874092
vn -0.094688 -0.510162 0.854850
vn -0.109588 -0.474277 0.873528
vn -0.009781 -0.462354 0.886641
vn -0.125864 -0.482412 0.866855
vn -0.040304 -0.519409 0.853575
vn 0.473588 -0.154715 0.867051
vn 0.503588 -0.124274 0.854959
vn 0.466646 -0.138993 0.873455
vn 0.512362 -0.076668 0.855341
vn 0.480241 -0.076037 0.873834
vn 0.520407 -0.019079 0.853705
vn 0.485928 -0.031710 0.873423
vn 0.484405 0.023601 0.874525
vn 0.519272 0.030310 0.854071
vn 0.491554 0.106891 0.864262
vn 0.513907 0.088773 0.853240
vn 0.480650 0.073142 0.873857
vn -0.483012 -0.061753 0.873433
vn -0.496905 -0.048376 0.866456
vn -0.494097 -0.103788 0.863189
vn -0.513722 -0.088717 0.853358
vn -0.432029 0.318570 0.843720
vn -0.384958 0.317215 0.866708
vn -0.384904 0.313923 0.867929
vn -0.437466 0.255191 0.862265
vn -0.418601 0.256419 0.871219
vn 0.082179 0.495878 0.864495
vn 0.095227 0.518342 0.849855
vn 0.098048 0.483156 0.870027
vn 0.162711 0.483027 0.860354
vn 0.149302 0.466565 0.871795
vn -0.110207 0.993909 0.000000
vn -0.110207 0.993909 0.000000
vn -0.327284 0.944926 0.000000
vn -0.327284 0.944926 0.000000
vn -0.529395 0.848375 0.000000
vn -0.529395 0.848375 0.000000
vn -0.702816 0.711372 0.000000
vn -0.702816 0.711372 0.000000
vn -0.841845 0.539719 0.000000
vn -0.841845 0.539719 0.000000
vn -0.940830 0.338878 0.000000
vn -0.940830 0.338878 0.000000
vn -0.992505 0.122200 0.000000
vn -0.992505 0.122200 0.000000
vn -0.995166 -0.098205 0.000000
vn -0.995166 -0.098205 0.000000
vn -0.948878 -0.315643 0.000000
vn -0.948878 -0.315643 0.000000
vn -0.854786 -0.518981 0.000000
vn -0.854786 -0.518981 0.000000
vn -0.719822 -0.694158 0.000000
vn -0.719822 -0.694158 0.000000
vn -0.549952 -0.835196 0.000000
vn -0.549952 -0.835196 0.000000
vn -0.350425 -0.936591 0.000000
vn -0.350425 -0.936591 0.000000
vn -0.134194 -0.990955 0.000000
vn -0.134194 -0.990955 0.000000
vn 0.086182 -0.996279 0.000000
vn 0.086182 -0.996279 0.000000
vn 0.303961 -0.952684 0.000000
vn 0.303961 -0.952684 0.000000
vn 0.508480 -0.861074 0.000000
vn 0.508480 -0.861074 0.000000
vn 0.685400 -0.728167 0.000000
vn 0.685400 -0.728167 0.000000
vn 0.828431 -0.560091 0.000000
vn 0.828431 -0.560091 0.000000
vn 0.932209 -0.361921 0.000000
vn 0.932209 -0.361921 0.000000
vn 0.989257 -0.146187 0.000000
vn 0.989257 -0.146187 0.000000
vn 0.997248 0.074140 -0.000000
vn 0.997248 0.074140 0.000000
vn 0.956345 0.292239 -0.000000
vn 0.956345 0.292239 0.000000
vn 0.867238 0.497893 -0.000000
vn 0.867238 0.497893 0.000000
vn 0.736403 0.676543 -0.000000
vn 0.736403 0.676543 0.000000
vn 0.570135 0.821551 -0.000000
vn 0.570135 0.821551 0.000000
vn 0.373364 0.927685 0.000000
vn 0.373364 0.927685 -0.000000
vn 0.158177 0.987411 0.000000
vn 0.158177 0.987411 -0.000000
vn -0.062083 0.998071 0.000000
vn -0.062083 0.998071 0.000000
vn -0.280479 0.959860 0.000000
vn -0.280479 0.959860 0.000000
vn -0.487224 0.873277 0.000000
vn -0.487224 0.873277 0.000000
vn -0.667589 0.744530 0.000000
vn -0.667589 0.744530 0.000000
vn -0.814559 0.580082 0.000000
vn -0.814559 0.580082 0.000000
vn -0.923020 0.384751 0.000000
vn -0.923020 0.384751 0.000000
vn -0.985416 0.170160 0.000000
vn -0.985416 0.170160 0.000000
vn -0.998749 -0.050012 0.000000
vn -0.998749 -0.050012 0.000000
vn -0.963228 -0.268685 0.000000
vn -0.963228 -0.268685 0.000000
vn -0.879189 -0.476474 0.000000
vn -0.879189 -0.476474 0.000000
vn -0.752546 -0.658540 0.000000
vn -0.752546 -0.658540 0.000000
vn -0.589929 -0.807455 0.000000
vn -0.589929 -0.807455 0.000000
vn -0.396080 -0.918216 0.000000
vn -0.396080 -0.918216 0.000000
vn -0.182134 -0.983274 0.000000
vn -0.182134 -0.983274 0.000000
vn 0.037930 -0.999280 0.000000
vn 0.037930 -0.999280 0.000000
vn 0.256859 -0.966449 0.000000
vn 0.256859 -0.966449 0.000000
vn 0.465645 -0.884972 0.000000
vn 0.465645 -0.884972 0.000000
vn 0.649399 -0.760448 0.000000
vn 0.649399 -0.760448 0.000000
vn 0.800244 -0.599675 0.000000
vn 0.800244 -0.599675 0.000000
vn 0.913273 -0.407348 0.000000
vn 0.913273 -0.407348 0.000000
vn 0.980982 -0.194097 0.000000
vn 0.980982 -0.194097 0.000000
vn 0.999666 0.025841 -0.000000
vn 0.999666 0.025841 0.000000
vn 0.969522 0.245005 -0.000000
vn 0.969522 0.245005 0.000000
vn 0.890624 0.454740 0.000000
vn 0.890624 0.454740 -0.000000
vn 0.768236 0.640166 0.000000
vn 0.768236 0.640166 -0.000000
vn 0.609319 0.792925 0.000000
vn 0.609319 0.792925 -0.000000
vn 0.418552 0.908193 0.000000
vn 0.418552 0.908193 -0.000000
vn 0.206044 0.978543 0.000000
vn 0.206044 0.978543 -0.000000
vn -0.013745 0.999906 0.000000
vn -0.013745 0.999906 0.000000
vn -0.233123 0.972447 0.000000
vn -0.233123 0.972447 0.000000
vn -0.443761 0.896145 0.000000
vn -0.443761 0.896145 0.000000
vn -0.630845 0.775909 0.000000
vn -0.630845 0.775909 0.000000
vn -0.785503 0.618858 0.000000
vn -0.785503 0.618858 0.000000
vn -0.902977 0.429689 0.000000
vn -0.902977 0.429689 0.000000
vn -0.975954 0.217975 0.000000
vn -0.975954 0.217975 0.000000
vn -0.999999 -0.001647 0.000000
vn -0.999999 -0.001647 0.000000
vn -0.975224 -0.221219 0.000000
vn -0.975224 -0.221219 0.000000
vn -0.901533 -0.432710 0.000000
vn -0.901533 -0.432710 0.000000
vn -0.783464 -0.621437 0.000000
vn -0.783464 -0.621437 0.000000
vn -0.628293 -0.777977 0.000000
vn -0.628293 -0.777977 0.000000
vn -0.440759 -0.897625 0.000000
vn -0.440759 -0.897625 0.000000
vn -0.229885 -0.973218 0.000000
vn -0.229885 -0.973218 0.000000
vn -0.010452 -0.999945 0.000000
vn -0.010452 -0.999945 0.000000
vn 0.209294 -0.977853 0.000000
vn 0.209294 -0.977853 0.000000
vn 0.421590 -0.906787 0.000000
vn 0.421590 -0.906787 0.000000
vn 0.611926 -0.790915 0.000000
vn 0.611926 -0.790915 0.000000
vn 0.770337 -0.637638 0.000000
vn 0.770337 -0.637638 0.000000
vn 0.892140 -0.451758 0.000000
vn 0.892140 -0.451758 0.000000
vn 0.970333 -0.241773 0.000000
vn 0.970333 -0.241773 0.000000
vn 0.999746 -0.022549 0.000000
vn 0.999746 -0.022549 0.000000
vn 0.980333 0.197351 0.000000
vn 0.980333 0.197351 -0.000000
vn 0.911904 0.410404 0.000000
vn 0.911904 0.410404 -0.000000
vn 0.798262 0.602311 0.000000
vn 0.798262 0.602311 -0.000000
vn 0.646894 0.762580 0.000000
vn 0.646894 0.762580 -0.000000
vn 0.462684 0.886523 0.000000
vn 0.462684 0.886523 -0.000000
vn 0.253635 0.967300 0.000000
vn 0.253635 0.967300 -0.000000
vn 0.034640 0.999400 0.000000
vn 0.034640 0.999400 -0.000000
vn -0.185392 0.982665 0.000000
vn -0.185392 0.982665 0.000000
vn -0.399153 0.916884 0.000000
vn -0.399153 0.916884 0.000000
vn -0.592592 0.805503 0.000000
vn -0.592592 0.805503 0.000000
vn -0.754708 0.656061 0.000000
vn -0.754708 0.656061 0.000000
vn -0.880776 0.473534 0.000000
vn -0.880776 0.473534 0.000000
vn -0.964119 0.265469 0.000000
vn -0.964119 0.265469 0.000000
vn -0.998908 0.046724 0.000000
vn -0.998908 0.046724 0.000000
vn -0.984848 -0.173421 0.000000
vn -0.984848 -0.173421 0.000000
vn -0.921726 -0.387841 0.000000
vn -0.921726 -0.387841 0.000000
vn -0.812636 -0.582772 0.000000
vn -0.812636 -0.582772 0.000000
vn -0.665135 -0.746723 0.000000
vn -0.665135 -0.746723 0.000000
vn -0.484305 -0.874899 0.000000
vn -0.484305 -0.874899 0.000000
vn -0.277272 -0.960792 0.000000
vn -0.277272 -0.960792 0.000000
vn -0.058798 -0.998270 0.000000
vn -0.058798 -0.998270 0.000000
vn 0.161440 -0.986883 0.000000
vn 0.161440 -0.986883 0.000000
vn 0.376469 -0.926429 0.000000
vn 0.376469 -0.926429 0.000000
vn 0.572852 -0.819659 0.000000
vn 0.572852 -0.819659 0.000000
vn 0.738626 -0.674115 0.000000
vn 0.738626 -0.674115 0.000000
vn 0.868895 -0.494997 0.000000
vn 0.868895 -0.494997 0.000000
vn 0.957317 -0.289041 0.000000
vn 0.957317 -0.289041 0.000000
vn 0.997486 -0.070860 0.000000
vn 0.997486 -0.070860 0.000000
vn 0.988769 0.149451 -0.000000
vn 0.988769 0.149451 0.000000
vn 0.930991 0.365042 -0.000000
vn 0.930991 0.365042 0.000000
vn 0.826569 0.562835 -0.000000
vn 0.826569 0.562835 0.000000
vn 0.682999 0.730420 -0.000000
vn 0.682999 0.730420 0.000000
vn 0.505606 0.862764 -0.000000
vn 0.505606 0.862764 0.000000
vn 0.300774 0.953695 -0.000000
vn 0.300774 0.953695 0.000000
vn 0.082905 0.996557 -0.000000
vn 0.082905 0.996557 0.000000
vn -0.137459 0.990507 0.000000
vn -0.137459 0.990507 0.000000
vn -0.353560 0.935412 0.000000
vn -0.353560 0.935412 0.000000
vn -0.552721 0.833366 0.000000
vn -0.552721 0.833366 0.000000
vn -0.722104 0.691784 0.000000
vn -0.722104 0.691784 0.000000
vn -0.856510 0.516131 0.000000
vn -0.856510 0.516131 0.000000
vn -0.949928 0.312467 0.000000
vn -0.949928 0.312467 0.000000
vn -0.995484 0.094934 0.000000
vn -0.995484 0.094934 0.000000
vn -0.992098 -0.125465 0.000000
vn -0.992098 -0.125465 0.000000
vn -0.939690 -0.342026 0.000000
vn -0.939690 -0.342026 0.000000
vn -0.840047 -0.542514 0.000000
vn -0.840047 -0.542514 0.000000
vn -0.700469 -0.713682 0.000000
vn -0.700469 -0.713682 0.000000
vn -0.526569 -0.850133 0.000000
vn -0.526569 -0.850133 0.000000
vn -0.324119 -0.946016 0.000000
vn -0.324119 -0.946016 0.000000
vn -0.106942 -0.994265 0.000000
vn -0.106942 -0.994265 0.000000
vn 0.113471 -0.993541 0.000000
vn 0.113471 -0.993541 0.000000
vn 0.330445 -0.943825 0.000000
vn 0.330445 -0.943825 0.000000
vn 0.532214 -0.846610 0.000000
vn 0.532214 -0.846610 0.000000
vn 0.705155 -0.709053 0.000000
vn 0.705155 -0.709053 0.000000
vn 0.843635 -0.536917 0.000000
vn 0.843635 -0.536917 0.000000
vn 0.941959 -0.335727 0.000000
vn 0.941959 -0.335727 0.000000
vn 0.992902 -0.118935 0.000000
vn 0.992902 -0.118935 0.000000
vn 0.994838 0.101475 -0.000000
vn 0.994838 0.101475 0.000000
vn 0.947816 0.318816 0.000000
vn 0.947816 0.318816 -0.000000
vn 0.853053 0.521825 -0.000000
vn 0.853053 0.521825 0.000000
vn 0.717532 0.696525 0.000000
vn 0.717532 0.696525 -0.000000
vn 0.547175 0.837018 -0.000000
vn 0.547175 0.837018 0.000000
vn 0.347287 0.937759 -0.000000
vn 0.347287 0.937759 0.000000
vn 0.130929 0.991392 -0.000000
vn 0.130929 0.991392 0.000000
vn -0.089457 0.995991 0.000000
vn -0.089457 0.995991 0.000000
vn -0.307145 0.951663 0.000000
vn -0.307145 0.951663 0.000000
vn -0.511347 0.859374 0.000000
vn -0.511347 0.859374 0.000000
vn -0.687794 0.725906 0.000000
vn -0.687794 0.725906 0.000000
vn -0.830284 0.557340 0.000000
vn -0.830284 0.557340 0.000000
vn -0.933416 0.358797 0.000000
vn -0.933416 0.358797 0.000000
vn -0.989734 0.142923 0.000000
vn -0.989734 0.142923 0.000000
vn -0.996999 -0.077420 0.000000
vn -0.996999 -0.077420 0.000000
vn -0.955363 -0.295434 0.000000
vn -0.955363 -0.295434 0.000000
vn -0.865572 -0.500784 0.000000
vn -0.865572 -0.500784 0.000000
vn -0.734172 -0.678964 0.000000
vn -0.734172 -0.678964 0.000000
vn -0.567410 -0.823435 0.000000
vn -0.567410 -0.823435 0.000000
vn -0.370255 -0.928930 0.000000
vn -0.370255 -0.928930 0.000000
vn -0.154914 -0.987928 0.000000
vn -0.154914 -0.987928 0.000000
vn 0.065367 -0.997861 0.000000
vn 0.065367 -0.997861 0.000000
vn 0.283684 -0.958918 0.000000
vn 0.283684 -0.958918 0.000000
vn 0.490136 -0.871646 0.000000
vn 0.490136 -0.871646 0.000000
vn 0.670036 -0.742329 0.000000
vn 0.670036 -0.742329 0.000000
vn 0.816473 -0.577384 0.000000
vn 0.816473 -0.577384 0.000000
vn 0.924304 -0.381657 0.000000
vn 0.924304 -0.381657 0.000000
vn 0.985974 -0.166899 0.000000
vn 0.985974 -0.166899 0.000000
vn 0.998579 0.053299 0.000000
vn 0.998579 0.053299 -0.000000
vn 0.962326 0.271899 0.000000
vn 0.962326 0.271899 -0.000000
vn 0.877592 0.479408 0.000000
vn 0.877592 0.479408 -0.000000
vn 0.750375 0.661013 0.000000
vn 0.750375 0.661013 -0.000000
vn 0.587258 0.809400 0.000000
vn 0.587258 0.809400 -0.000000
vn 0.393002 0.919538 0.000000
vn 0.393002 0.919538 -0.000000
vn 0.178876 0.983872 -0.000000
vn 0.178876 0.983872 0.000000
vn -0.041220 0.999150 0.000000
vn -0.041220 0.999150 0.000000
vn -0.260082 0.965587 0.000000
vn -0.260082 0.965587 0.000000
vn -0.468600 0.883410 0.000000
vn -0.468600 0.883410 0.000000
vn -0.651896 0.758308 0.000000
vn -0.651896 0.758308 0.000000
vn -0.802217 0.597032 0.000000
vn -0.802217 0.597032 0.000000
vn -0.914633 0.404286 0.000000
vn -0.914633 0.404286 0.000000
vn -0.981621 0.190841 0.000000
vn -0.981621 0.190841 0.000000
vn -0.999576 -0.029132 0.000000
vn -0.999576 -0.029132 0.000000
vn -0.968700 -0.248234 0.000000
vn -0.968700 -0.248234 0.000000
vn -0.889098 -0.457716 0.000000
vn -0.889098 -0.457716 0.000000
vn -0.766128 -0.642688 0.000000
vn -0.766128 -0.642688 0.000000
vn -0.606704 -0.794928 0.000000
vn -0.606704 -0.794928 0.000000
vn -0.415508 -0.909590 0.000000
vn -0.415508 -0.909590 0.000000
vn -0.202793 -0.979222 0.000000
vn -0.202793 -0.979222 0.000000
vn 0.017038 -0.999855 0.000000
vn 0.017038 -0.999855 0.000000
vn 0.236360 -0.971665 0.000000
vn 0.236360 -0.971665 0.000000
vn 0.446756 -0.894656 0.000000
vn 0.446756 -0.894656 0.000000
vn 0.633391 -0.773832 0.000000
vn 0.633391 -0.773832 0.000000
vn 0.787534 -0.616272 0.000000
vn 0.787534 -0.616272 0.000000
vn 0.904410 -0.426664 0.000000
vn 0.904410 -0.426664 0.000000
vn 0.976674 -0.214729 0.000000
vn 0.976674 -0.214729 0.000000
vn 0.999988 0.004941 0.000000
vn 0.999988 0.004941 -0.000000
vn 0.974483 0.224462 0.000000
vn 0.974483 0.224462 -0.000000
vn 0.900080 0.435725 0.000000
vn 0.900080 0.435725 -0.000000
vn 0.781419 0.624007 0.000000
vn 0.781419 0.624007 -0.000000
vn 0.625734 0.780036 0.000000
vn 0.625734 0.780036 -0.000000
vn 0.437753 0.899095 0.000000
vn 0.437753 0.899095 -0.000000
vn 0.251848 0.967767 0.000000
vn 0.251848 0.967767 -0.000000
vn 0.084221 0.996447 0.000000
vn 0.084221 0.996447 -0.000000
vn -0.191881 0.471590 -0.860689
vn -0.285148 0.424379 -0.859415
vn -0.217653 0.444218 -0.869079
vn -0.366394 0.356382 -0.859504
vn -0.310342 0.384796 -0.869264
vn -0.430436 0.274330 -0.859923
vn -0.385488 0.308958 -0.869450
vn -0.475121 0.184457 -0.860370
vn -0.444777 0.214507 -0.869574
vn -0.502746 0.085422 -0.860203
vn -0.483226 0.109977 -0.868561
vn -0.508532 -0.020016 -0.860810
vn -0.496761 0.002608 -0.867883
vn -0.490979 -0.122712 -0.862486
vn -0.485939 -0.105936 -0.867549
vn -0.453489 -0.214739 -0.865006
vn -0.453372 -0.214012 -0.865248
vn -0.250129 -0.441613 -0.861634
vn -0.160374 -0.483541 -0.860505
vn -0.221094 -0.443541 -0.868556
vn -0.073208 -0.502005 -0.861761
vn -0.115249 -0.480329 -0.869483
vn 0.005448 -0.502853 -0.864355
vn -0.008289 -0.495927 -0.868325
vn 0.100232 -0.494222 -0.863538
vn 0.093402 -0.491001 -0.866137
vn 0.191342 -0.469588 -0.861903
vn 0.207098 -0.451378 -0.867968
vn 0.284517 -0.423131 -0.860238
vn 0.365788 -0.355636 -0.860071
vn 0.301668 -0.393348 -0.868489
vn 0.378647 -0.318945 -0.868850
vn 0.430061 -0.274022 -0.860209
vn 0.439212 -0.225486 -0.869626
vn 0.475629 -0.184731 -0.860030
vn 0.479063 -0.121208 -0.869372
vn 0.504031 -0.085807 -0.859412
vn 0.494768 -0.013921 -0.868913
vn 0.510084 0.019895 -0.859895
vn 0.486196 0.093771 -0.868804
vn 0.493263 0.122996 -0.861141
vn 0.455148 0.201803 -0.867246
vn 0.456685 0.215788 -0.863061
vn 0.403197 0.300173 -0.864482
vn 0.403158 0.302107 -0.863826
vn 0.330670 0.380957 -0.863440
vn 0.331354 0.377871 -0.864534
vn 0.244206 0.433600 -0.867384
vn 0.159713 0.482152 -0.861407
vn 0.238632 0.446563 -0.862344
vn 0.073247 0.502147 -0.861675
vn 0.127462 0.478386 -0.868850
vn -0.005215 0.504993 -0.863107
vn 0.019661 0.494142 -0.869159
vn -0.087889 0.492423 -0.865907
vn -0.093660 0.494813 -0.863937
vn -0.197853 0.464512 -0.863182
vn -0.189378 0.462306 -0.866261
vn -0.364691 0.354284 -0.861094
vn -0.372234 0.329458 -0.867698
vn -0.429052 0.273194 -0.860976
vn -0.434200 0.236964 -0.869090
vn -0.475387 0.184601 -0.860192
vn -0.475552 0.132766 -0.869611
vn -0.504520 0.085954 -0.859111
vn -0.493445 0.025404 -0.869406
vn -0.510874 -0.019833 -0.859427
vn -0.487172 -0.081745 -0.869472
vn -0.494700 -0.123174 -0.860291
vn -0.459095 -0.216578 -0.861583
vn -0.457625 -0.189856 -0.868639
vn -0.406964 -0.288674 -0.866630
vn -0.405922 -0.303688 -0.861975
vn -0.333887 -0.380149 -0.862558
vn -0.336518 -0.370464 -0.865744
vn -0.031228 -0.493026 -0.869454
vn 0.005063 -0.506388 -0.862291
vn 0.075768 -0.491374 -0.867647
vn 0.093862 -0.497798 -0.862199
vn 0.185284 -0.465026 -0.865691
vn 0.190402 -0.466100 -0.864001
vn 0.474404 -0.184071 -0.860848
vn 0.472678 -0.144716 -0.869272
vn 0.504207 -0.085860 -0.859304
vn 0.492792 -0.037122 -0.869355
vn 0.510891 0.019831 -0.859417
vn 0.488854 0.069797 -0.869569
vn 0.495291 0.123247 -0.859940
vn 0.460809 0.178105 -0.869445
vn 0.460703 0.217104 -0.860592
vn 0.411357 0.277553 -0.868188
vn 0.408003 0.304877 -0.860572
vn 0.342762 0.360581 -0.867465
vn 0.335807 0.381875 -0.861049
vn 0.255327 0.427755 -0.867083
vn 0.248736 0.439730 -0.862999
vn 0.154361 0.478345 -0.864499
vn 0.156514 0.475423 -0.865723
vn 0.072678 0.500073 -0.862928
vn 0.043054 0.492581 -0.869201
vn -0.004994 0.507021 -0.861919
vn -0.094006 0.499941 -0.860943
vn -0.063809 0.491046 -0.868794
vn -0.191211 0.469103 -0.862195
vn -0.172998 0.466254 -0.867571
vn -0.282457 0.419064 -0.862904
vn -0.274436 0.418987 -0.865526
vn -0.361788 0.350708 -0.863779
vn -0.359661 0.351110 -0.864503
vn -0.422068 0.267470 -0.866209
vn -0.472697 0.183152 -0.861982
vn -0.429231 0.264643 -0.863553
vn -0.470427 0.157127 -0.868337
vn -0.503101 0.085528 -0.859985
vn -0.510132 -0.019891 -0.859866
vn -0.492813 0.049139 -0.868747
vn -0.495042 -0.123217 -0.860088
vn -0.491231 -0.057868 -0.869105
vn -0.464713 -0.166489 -0.869668
vn -0.461500 -0.217365 -0.860099
vn -0.416399 -0.266748 -0.869170
vn -0.409380 -0.305665 -0.859638
vn -0.349417 -0.351237 -0.868643
vn -0.337111 -0.383047 -0.860018
vn -0.264243 -0.419331 -0.868526
vn -0.250259 -0.441789 -0.861506
vn -0.164326 -0.471010 -0.866687
vn -0.158063 -0.478683 -0.863643
vn -0.072077 -0.497881 -0.864245
vn -0.055208 -0.492814 -0.868382
vn 0.005009 -0.506883 -0.862000
vn 0.094093 -0.501237 -0.860179
vn 0.051952 -0.491414 -0.869375
vn 0.160930 -0.468193 -0.868848
vn 0.191801 -0.471293 -0.860869
vn 0.283753 -0.421623 -0.861231
vn 0.262835 -0.422491 -0.867421
vn 0.363671 -0.353026 -0.862042
vn 0.349261 -0.356478 -0.866568
vn 0.425043 -0.269908 -0.863995
vn 0.419389 -0.272460 -0.865955
vn 0.465104 -0.179068 -0.866956
vn 0.501212 -0.084962 -0.861143
vn 0.474435 -0.173216 -0.863080
vn 0.508600 0.020011 -0.860771
vn 0.493520 -0.061528 -0.867556
vn 0.493969 0.123084 -0.860724
vn 0.494299 0.045898 -0.868080
vn 0.461485 0.217360 -0.860108
vn 0.469358 0.154944 -0.869307
vn 0.410042 0.306043 -0.859188
vn 0.422117 0.256204 -0.869584
vn 0.337834 0.383696 -0.859445
vn 0.356595 0.342305 -0.869291
vn 0.251275 0.443163 -0.860504
vn 0.273567 0.411525 -0.869372
vn 0.159263 0.481207 -0.862018
vn 0.174572 0.464371 -0.868265
vn 0.070788 0.493168 -0.867049
vn -0.005108 0.505973 -0.862534
vn 0.068253 0.495347 -0.866009
vn -0.094123 0.501688 -0.859913
vn -0.040138 0.492459 -0.869410
vn -0.192168 0.472659 -0.860038
vn -0.149013 0.470847 -0.869539
vn -0.284682 0.423457 -0.860023
vn -0.251560 0.426650 -0.868727
vn -0.365088 0.354772 -0.860725
vn -0.339302 0.362379 -0.868075
vn -0.410249 0.280641 -0.867719
vn -0.427376 0.271820 -0.862243
vn -0.466197 0.182700 -0.865610
vn -0.468666 0.180983 -0.864637
vn -0.492096 -0.122851 -0.861829
vn -0.474768 -0.143410 -0.868349
vn -0.460667 -0.217092 -0.860614
vn -0.409983 -0.306009 -0.859228
vn -0.428546 -0.245862 -0.869425
vn -0.337989 -0.383836 -0.859321
vn -0.364387 -0.333705 -0.869404
vn -0.251782 -0.443848 -0.860003
vn -0.283322 -0.404303 -0.869636
vn -0.160105 -0.482974 -0.860873
vn -0.185149 -0.458390 -0.869252
vn -0.071696 -0.496488 -0.865078
vn 0.005291 -0.504296 -0.863515
vn -0.079233 -0.490654 -0.867745
vn 0.028308 -0.494166 -0.868907
vn 0.094097 -0.501306 -0.860138
vn 0.137186 -0.474227 -0.869649
vn 0.192312 -0.473194 -0.859711
vn 0.240551 -0.431487 -0.869456
vn 0.285236 -0.424550 -0.859301
vn 0.329727 -0.368856 -0.869037
vn 0.366028 -0.355931 -0.859847
vn 0.401751 -0.289212 -0.868880
vn 0.429055 -0.273197 -0.860974
vn 0.458672 -0.192468 -0.867512
vn 0.471514 -0.182515 -0.862765
vn 0.494407 -0.086811 -0.864885
vn 0.497385 -0.083817 -0.863471
vn 0.502627 0.020478 -0.864261
vn 0.503298 0.021492 -0.863845
vn 0.483315 0.121756 -0.866939
vn 0.459060 0.216566 -0.861605
vn 0.487859 0.132594 -0.862793
vn 0.409205 0.305564 -0.859757
vn 0.435726 0.235669 -0.868679
vn 0.337572 0.383461 -0.859653
vn 0.372842 0.325395 -0.868969
vn 0.251783 0.443849 -0.860002
vn 0.293544 0.397617 -0.869329
vn 0.160581 0.483976 -0.860222
vn 0.196112 0.453032 -0.869656
vn 0.072403 0.499069 -0.863532
vn 0.090413 0.486652 -0.868905
vn -0.006208 0.495832 -0.868396
vn -0.094017 0.500109 -0.860844
vn -0.015737 0.502006 -0.864721
vn -0.192235 0.472905 -0.859888
vn -0.125387 0.478346 -0.869174
vn -0.229749 0.437027 -0.869611
vn -0.285410 0.424895 -0.859072
vn -0.320489 0.375944 -0.869456
vn -0.366480 0.356488 -0.859424
vn -0.393837 0.298200 -0.869465
vn -0.430075 0.274034 -0.860198
vn -0.451813 0.202567 -0.868811
vn -0.473627 0.183653 -0.861365
vn -0.488773 0.097540 -0.866941
vn -0.500330 0.084698 -0.861682
vn -0.499843 -0.010149 -0.866056
vn -0.505851 -0.020226 -0.862383
vn -0.486539 -0.119993 -0.865379
vn -0.407717 -0.304715 -0.860765
vn -0.382015 -0.317335 -0.867965
vn -0.336582 -0.382572 -0.860437
vn -0.304275 -0.391421 -0.868451
vn -0.251284 -0.443175 -0.860495
vn -0.207519 -0.448267 -0.869479
vn -0.160692 -0.484207 -0.860071
vn -0.101854 -0.483320 -0.869498
vn -0.072901 -0.500887 -0.862437
vn 0.093884 -0.498122 -0.862009
vn 0.004471 -0.498771 -0.866722
vn 0.005806 -0.499547 -0.866267
vn 0.113552 -0.483224 -0.868101
vn 0.191938 -0.471802 -0.860560
vn 0.285205 -0.424491 -0.859340
vn 0.219095 -0.443304 -0.869183
vn 0.366438 -0.356436 -0.859463
vn 0.311540 -0.383689 -0.869325
vn 0.430437 -0.274331 -0.859922
vn 0.386455 -0.307637 -0.869490
vn 0.474993 -0.184388 -0.860455
vn 0.445579 -0.213048 -0.869523
vn 0.502509 -0.085351 -0.860348
vn 0.483843 -0.108471 -0.868406
vn 0.508264 0.020037 -0.860968
vn 0.497084 -0.001078 -0.867702
vn 0.490602 0.122665 -0.862707
vn 0.485960 0.107607 -0.867331
vn 0.452995 0.214577 -0.865305
vn 0.453183 0.215697 -0.864928
vn 0.250299 0.441845 -0.861466
vn 0.219430 0.444069 -0.868708
vn 0.160437 0.483673 -0.860419
vn 0.113619 0.480644 -0.869524
vn 0.073186 0.501925 -0.861809
vn 0.006753 0.496222 -0.868170
vn -0.005485 0.502506 -0.864556
vn -0.101933 0.494527 -0.863165
vn -0.093363 0.490420 -0.866471
vn -0.191427 0.469905 -0.861710
vn -0.208532 0.450356 -0.868156
vn -0.284625 0.423344 -0.860098
vn -0.302837 0.392140 -0.868629
vn -0.365900 0.355773 -0.859967
vn -0.379553 0.317556 -0.868964
vn -0.430150 0.274095 -0.860141
vn -0.439936 0.223964 -0.869653
vn -0.475604 0.184718 -0.860046
vn -0.479591 0.119661 -0.869295
vn -0.503903 0.085769 -0.859491
vn -0.495000 0.012372 -0.868805
vn -0.509917 -0.019908 -0.859993
vn -0.493001 -0.122963 -0.861295
vn -0.486118 -0.095417 -0.868669
vn -0.456296 -0.215660 -0.863299
vn -0.454866 -0.203448 -0.867010
vn -0.402730 -0.301863 -0.864111
vn -0.402731 -0.301771 -0.864142
vn -0.159824 -0.482384 -0.861256
vn -0.073254 -0.502174 -0.861658
vn -0.125773 -0.478613 -0.868971
vn 0.005242 -0.504746 -0.863252
vn -0.018103 -0.494346 -0.869077
vn 0.093629 -0.494343 -0.864210
vn 0.089554 -0.492623 -0.865623
vn 0.189223 -0.461730 -0.866603
vn 0.199590 -0.464498 -0.862790
vn 0.364869 -0.354503 -0.860929
vn 0.429226 -0.273337 -0.860844
vn 0.373083 -0.327995 -0.867887
vn 0.434851 -0.235370 -0.869198
vn 0.475464 -0.184642 -0.860140
vn 0.475993 -0.131171 -0.869612
vn 0.504500 -0.085948 -0.859123
vn 0.493586 -0.023829 -0.869370
vn 0.510811 0.019837 -0.859464
vn 0.486998 0.083376 -0.869415
vn 0.494554 0.123156 -0.860377
vn 0.457247 0.191469 -0.868484
vn 0.458814 0.216485 -0.861756
vn 0.406415 0.290216 -0.866373
vn 0.405585 0.303496 -0.862201
vn 0.335699 0.371855 -0.865465
vn 0.333578 0.379871 -0.862800
vn 0.245670 0.438099 -0.864705
vn 0.246401 0.436571 -0.865270
vn 0.158861 0.480361 -0.862564
vn 0.138388 0.477222 -0.867818
vn 0.073106 0.501634 -0.861985
vn 0.029640 0.493139 -0.869446
vn -0.005079 0.506243 -0.862376
vn -0.093838 0.497441 -0.862408
vn -0.077407 0.491474 -0.867446
vn -0.190275 0.465630 -0.864283
vn -0.186977 0.464914 -0.865387
vn -0.427685 0.272074 -0.862010
vn -0.474581 0.184166 -0.860730
vn -0.430296 0.247328 -0.868144
vn -0.504297 0.085887 -0.859249
vn -0.473032 0.143064 -0.869352
vn -0.510934 -0.019828 -0.859391
vn -0.492841 0.035511 -0.869394
vn -0.495260 -0.123244 -0.859959
vn -0.488584 -0.071421 -0.869589
vn -0.460532 -0.217048 -0.860698
vn -0.460333 -0.179696 -0.869369
vn -0.407760 -0.304739 -0.860736
vn -0.410721 -0.279047 -0.868010
vn -0.335582 -0.381673 -0.861226
vn -0.341888 -0.361892 -0.867264
vn -0.248490 -0.439397 -0.863240
vn -0.254144 -0.428950 -0.866841
vn -0.156276 -0.474923 -0.866040
vn -0.072744 -0.500312 -0.862784
vn -0.153023 -0.479400 -0.864152
vn -0.041427 -0.492602 -0.869268
vn 0.004999 -0.506980 -0.861943
vn 0.065429 -0.491049 -0.868671
vn 0.093989 -0.499699 -0.861085
vn 0.174656 -0.466045 -0.867351
vn 0.191114 -0.468742 -0.862413
vn 0.282253 -0.418661 -0.863167
vn 0.276044 -0.418560 -0.865221
vn 0.361494 -0.350346 -0.864048
vn 0.361119 -0.350414 -0.864178
vn 0.421614 -0.267098 -0.866545
vn 0.472971 -0.183300 -0.861800
vn 0.430626 -0.263607 -0.863176
vn 0.470697 -0.155408 -0.868500
vn 0.503298 -0.085587 -0.859864
vn 0.510281 0.019879 -0.859778
vn 0.492770 -0.047483 -0.868863
vn 0.495124 0.123227 -0.860039
vn 0.490867 0.059493 -0.869201
vn 0.461439 0.217345 -0.860136
vn 0.464139 0.168064 -0.869672
vn 0.409234 0.305581 -0.859737
vn 0.415673 0.268203 -0.869070
vn 0.336969 0.382919 -0.860131
vn 0.348485 0.352480 -0.868514
vn 0.250081 0.441549 -0.861681
vn 0.263005 0.420442 -0.868364
vn 0.157873 0.478282 -0.863900
vn 0.162955 0.471966 -0.866426
vn 0.071696 0.496488 -0.865078
vn 0.068424 0.499004 -0.863894
vn -0.005758 0.499992 -0.866011
vn -0.014651 0.505039 -0.862972
vn -0.111208 0.474031 -0.873457
vn -0.094684 0.510115 -0.854879
vn -0.073864 0.498634 -0.863660
vn -0.126786 0.481902 -0.867004
vn -0.381456 -0.301795 -0.873734
vn -0.418431 -0.310830 -0.853405
vn -0.415767 -0.284768 -0.863739
vn -0.308408 -0.377101 -0.873315
vn -0.345144 -0.390258 -0.853565
vn -0.378167 -0.355532 -0.854744
vn -0.350945 -0.335957 -0.874054
vn -0.303694 -0.396707 -0.866253
vn -0.288029 0.392520 -0.873480
vn -0.265141 0.429650 -0.863192
vn -0.307421 0.393396 -0.866448
vn -0.289770 0.433518 -0.853285
vn -0.108176 -0.507902 -0.854596
vn -0.135584 -0.467543 -0.873511
vn -0.164170 -0.491506 -0.855261
vn -0.063645 -0.466938 -0.881997
vn 0.261123 -0.429942 -0.864271
vn 0.278105 -0.398691 -0.873901
vn 0.289855 -0.433688 -0.853170
vn 0.336124 -0.397199 -0.853964
vn 0.316809 -0.367052 -0.874588
vn 0.357997 -0.330175 -0.873397
vn 0.372415 -0.363813 -0.853784
vn 0.438317 -0.236922 -0.867033
vn 0.422048 -0.242793 -0.873457
vn 0.408421 -0.318425 -0.855452
vn 0.386072 -0.295835 -0.873745
vn 0.436921 -0.279654 -0.854923
vn -0.492407 0.105606 -0.863934
vn -0.513823 0.088748 -0.853293
vn -0.481193 0.070004 -0.873815
vn -0.497149 -0.052288 -0.866088
vn -0.520442 -0.019077 -0.853684
vn -0.485132 0.023211 -0.874133
vn -0.485988 -0.034834 -0.873271
vn -0.518407 0.029575 -0.854622
vn -0.432944 -0.222119 -0.873626
vn -0.501100 -0.161125 -0.850257
vn -0.437039 -0.240933 -0.866573
vn -0.445008 -0.116905 -0.887863
vn -0.469330 -0.219925 -0.855197
vn 0.415607 0.285487 -0.863578
vn 0.380522 0.303069 -0.873700
vn 0.418371 0.310796 -0.853447
vn 0.302771 0.397069 -0.866410
vn 0.307225 0.378158 -0.873275
vn 0.377531 0.356089 -0.854793
vn 0.350471 0.336562 -0.874011
vn 0.345102 0.390221 -0.853599
vn -0.315861 -0.370385 -0.873525
vn -0.345249 -0.390352 -0.853481
vn -0.349240 -0.361893 -0.864329
vn -0.225103 -0.431296 -0.873677
vn -0.256856 -0.450699 -0.854924
vn -0.217387 -0.449200 -0.866581
vn -0.300038 -0.422739 -0.855143
vn -0.277885 -0.398793 -0.873924
vn 0.289737 -0.433454 -0.853329
vn 0.289373 -0.391679 -0.873413
vn 0.265817 -0.429527 -0.863046
vn 0.308014 -0.392602 -0.866598
vn -0.289838 0.433654 -0.853193
vn -0.261891 0.429806 -0.864106
vn -0.279435 0.397800 -0.873883
vn -0.372377 0.363764 -0.853822
vn -0.317436 0.366590 -0.874555
vn -0.336742 0.396614 -0.853992
vn -0.380859 0.324245 -0.865917
vn -0.359083 0.329062 -0.873372
vn -0.190414 -0.472147 -0.860709
vn -0.190177 -0.451954 -0.871533
vn -0.241715 -0.430383 -0.869681
vn -0.262275 -0.458003 -0.849379
vn -0.257550 -0.430166 -0.865231
f 1//1 2//1 3//1
f 4//2 1//2 3//2
f 5//3 1//3 4//3
f 6//4 4//4 7//4
f 6//5 5//5 4//5
f 8//6 6//6 7//6
f 9//7 8//7 7//7
f 10//8 8//8 9//8
f 11//9 10//9 9//9
f 12//10 10//10 11//10
f 13//11 12//11 11//11
f 14//12 12//12 13//12
f 15//13 14//13 13//13
f 16//14 14//14 15//14
f 17//15 15//15 18//15
f 17//16 16//16 15//16
f 19//17 17//17 18//17
f 20//18 19//18 18//18
f 21//19 19//19 20//19
f 22//20 21//20 20//20
f 23//21 21//21 22//21
f 24//22 22//22 25//22
f 24//23 23//23 22//23
f 26//24 25//24 27//24
f 26//25 24//25 25//25
f 28//26 26//26 27//26
f 29//27 27//27 30//27
f 29//28 28//28 27//28
f 31//29 29//29 30//29
f 32//30 31//30 30//30
f 32//31 30//31 33//31
f 34//32 33//32 35//32
f 34//33 32//33 33//33
f 36//34 35//34 37//34
f 36//35 34//35 35//35
f 38//36 37//36 39//36
f 38//37 36//37 37//37
f 40//38 38//38 39//38
f 41//39 39//39 42//39
f 41//40 40//40 39//40
f 43//41 42//41 44//41
f 43//42 41//42 42//42
f 45//43 44//43 46//43
f 45//44 43//44 44//44
f 47//45 46//45 48//45
f 47//46 45//46 46//46
f 49//47 47//47 48//47
f 50//48 48//48 51//48
f 50//49 49//49 48//49
f 52//50 51//50 53//50
f 52//51 50//51 51//51
f 54//52 53//52 55//52
f 54//53 52//53 53//53
f 56//54 55//54 57//54
f 56//55 54//55 55//55
f 58//56 56//56 57//56
f 59//57 56//57 58//57
f 60//58 58//58 61//58
f 60//59 59//59 58//59
f 62//60 60//60 61//60
f 62//61 61//61 63//61
f 64//62 62//62 63//62
f 65//63 66//63 64//63
f 67//64 66//64 65//64
f 68//65 67//65 65//65
f 69//66 67//66 68//66
f 70//67 69//67 68//67
f 71//68 69//68 70//68
f 72//69 71//69 70//69
f 73//70 72//70 74//70
f 73//71 71//71 72//71
f 75//72 74//72 76//72
f 75//73 73//73 74//73
f 77//74 75//74 76//74
f 78//75 77//75 76//75
f 79//76 77//76 78//76
f 80//77 79//77 78//77
f 81//78 79//78 80//78
f 82//79 81//79 80//79
f 83//80 82//80 84//80
f 83//81 81//81 82//81
f 85//82 83//82 84//82
f 86//83 85//83 84//83
f 87//84 85//84 86//84
f 88//85 87//85 86//85
f 89//86 87//86 88//86
f 90//87 89//87 88//87
f 91//88 90//88 92//88
f 91//89 89//89 90//89
f 93//90 92//90 94//90
f 93//91 91//91 92//91
f 95//92 94//92 96//92
f 95//93 93//93 94//93
f 97//94 98//94 99//94
f 97//95 100//95 98//95
f 101//96 97//96 99//96
f 102//97 101//97 99//97
f 103//98 101//98 102//98
f 104//99 103//99 102//99
f 105//100 103//100 104//100
f 106//101 105//101 104//101
f 107//102 105//102 106//102
f 108//103 107//103 106//103
f 109//104 107//104 108//104
f 110//105 109//105 108//105
f 111//106 109//106 110//106
f 112//107 111//107 110//107
f 113//108 111//108 112//108
f 114//109 113//109 112//109
f 115//110 113//110 114//110
f 116//111 115//111 114//111
f 117//112 115//112 116//112
f 118//113 117//113 116//113
f 119//114 117//114 118//114
f 120//115 119//115 118//115
f 121//116 119//116 120//116
f 122//117 121//117 120//117
f 123//118 121//118 122//118
f 124//119 123//119 122//119
f 125//120 123//120 124//120
f 126//121 125//121 124//121
f 127//122 126//122 128//122
f 127//123 125//123 126//123
f 129//124 128//124 130//124
f 129//125 127//125 128//125
f 131//126 132//126 133//126
f 131//127 134//127 132//127
f 135//128 131//128 133//128
f 136//129 135//129 133//129
f 137//130 135//130 136//130
f 138//131 137//131 136//131
f 139//132 137//132 138//132
f 140//133 139//133 138//133
f 141//134 139//134 140//134
f 142//135 141//135 140//135
f 143//136 141//136 142//136
f 144//137 143//137 142//137
f 145//138 143//138 144//138
f 146//139 145//139 144//139
f 147//140 145//140 146//140
f 148//141 147//141 146//141
f 149//142 147//142 148//142
f 150//143 149//143 148//143
f 151//144 149//144 150//144
f 152//145 151//145 150//145
f 153//146 151//146 152//146
f 154//147 153//147 152//147
f 155//148 153//148 154//148
f 156//149 155//149 154//149
f 157//150 155//150 156//150
f 158//151 157//151 156//151
f 159//152 157//152 158//152
f 160//153 159//153 158//153
f 161//154 160//154 162//154
f 161//155 159//155 160//155
f 163//156 162//156 164//156
f 163//157 161//157 162//157
f 165//158 166//158 167//158
f 165//159 168//159 166//159
f 169//160 165//160 167//160
f 170//161 169//161 167//161
f 171//162 169//162 170//162
f 172//163 171//163 170//163
f 173//164 171//164 172//164
f 174//165 173//165 172//165
f 175//166 173//166 174//166
f 176//167 175//167 174//167
f 177//168 175//168 176//168
f 178//169 177//169 176//169
f 179//170 177//170 178//170
f 180//171 179//171 178//171
f 181//172 179//172 180//172
f 182//173 181//173 180//173
f 183//174 181//174 182//174
f 184//175 183//175 182//175
f 185//176 183//176 184//176
f 186//177 185//177 184//177
f 187//178 185//178 186//178
f 188//179 187//179 186//179
f 189//180 187//180 188//180
f 190//181 189//181 188//181
f 191//182 189//182 190//182
f 192//183 191//183 190//183
f 193//184 191//184 192//184
f 194//185 193//185 192//185
f 195//186 194//186 196//186
f 195//187 193//187 194//187
f 197//188 196//188 198//188
f 197//189 195//189 196//189
f 199//190 200//190 201//190
f 199//191 202//191 200//191
f 203//192 199//192 201//192
f 204//193 203//193 201//193
f 205//194 203//194 204//194
f 206//195 205//195 204//195
f 207//196 205//196 206//196
f 208//197 207//197 206//197
f 209//198 207//198 208//198
f 210//199 209//199 208//199
f 211//200 209//200 210//200
f 212//201 211//201 210//201
f 213//202 211//202 212//202
f 214//203 213//203 212//203
f 215//204 213//204 214//204
f 216//205 215//205 214//205
f 217//206 215//206 216//206
f 218//207 217//207 216//207
f 219//208 217//208 218//208
f 220//209 219//209 218//209
f 221//210 219//210 220//210
f 222//211 221//211 220//211
f 223//212 221//212 222//212
f 224//213 223//213 222//213
f 225//214 223//214 224//214
f 226//215 225//215 224//215
f 227//216 225//216 226//216
f 228//217 227//217 226//217
f 229//218 228//218 230//218
f 229//219 227//219 228//219
f 231//220 230//220 232//220
f 231//221 229//221 230//221
f 233//222 234//222 235//222
f 233//223 236//223 234//223
f 237//224 233//224 235//224
f 238//225 237//225 235//225
f 239//226 237//226 238//226
f 240//227 239//227 238//227
f 241//228 239//228 240//228
f 242//229 241//229 240//229
f 243//230 241//230 242//230
f 244//231 243//231 242//231
f 245//232 243//232 244//232
f 246//233 245//233 244//233
f 247//234 245//234 246//234
f 248//235 247//235 246//235
f 249//236 247//236 248//236
f 250//237 249//237 248//237
f 251//238 249//238 250//238
f 252//239 251//239 250//239
f 253//240 251//240 252//240
f 254//241 253//241 252//241
f 255//242 253//242 254//242
f 256//243 255//243 254//243
f 257//244 255//244 256//244
f 258//245 257//245 256//245
f 259//246 257//246 258//246
f 260//247 259//247 258//247
f 261//248 259//248 260//248
f 262//249 261//249 260//249
f 263//250 262//250 264//250
f 263//251 261//251 262//251
f 265//252 264//252 266//252
f 265//253 263//253 264//253
f 267//254 268//254 269//254
f 267//255 270//255 268//255
f 271//256 267//256 269//256
f 272//257 271//257 269//257
f 273//258 271//258 272//258
f 274//259 273//259 272//259
f 275//260 273//260 274//260
f 276//261 275//261 274//261
f 277//262 275//262 276//262
f 278//263 277//263 276//263
f 279//264 277//264 278//264
f 280//265 279//265 278//265
f 281//266 279//266 280//266
f 282//267 281//267 280//267
f 283//268 281//268 282//268
f 284//269 283//269 282//269
f 285//270 283//270 284//270
f 286//271 285//271 284//271
f 287//272 285//272 286//272
f 288//273 287//273 286//273
f 289//274 287//274 288//274
f 290//275 289//275 288//275
f 291//276 289//276 290//276
f 292//277 291//277 290//277
f 293//278 291//278 292//278
f 294//279 293//279 292//279
f 295//280 293//280 294//280
f 296//281 295//281 294//281
f 297//282 296//282 298//282
f 297//283 295//283 296//283
f 299//284 298//284 300//284
f 299//285 297//285 298//285
f 301//286 302//286 303//286
f 301//287 304//287 302//287
f 305//288 301//288 303//288
f 306//289 305//289 303//289
f 307//290 305//290 306//290
f 308//291 307//291 306//291
f 309//292 307//292 308//292
f 310//293 309//293 308//293
f 311//294 309//294 310//294
f 312//295 311//295 310//295
f 313//296 311//296 312//296
f 314//297 313//297 312//297
f 315//298 313//298 314//298
f 316//299 315//299 314//299
f 317//300 315//300 316//300
f 318//301 317//301 316//301
f 319//302 317//302 318//302
f 320//303 319//303 318//303
f 321//304 319//304 320//304
f 322//305 321//305 320//305
f 323//306 321//306 322//306
f 324//307 323//307 322//307
f 325//308 323//308 324//308
f 326//309 325//309 324//309
f 327//310 325//310 326//310
f 328//311 327//311 326//311
f 329//312 327//312 328//312
f 330//313 329//313 328//313
f 331//314 330//314 332//314
f 331//315 329//315 330//315
f 333//316 332//316 334//316
f 333//317 331//317 332//317
f 335//318 336//318 337//318
f 335//319 338//319 336//319
f 339//320 335//320 337//320
f 340//321 339//321 337//321
f 341//322 339//322 340//322
f 342//323 341//323 340//323
f 343//324 341//324 342//324
f 344//325 343//325 342//325
f 345//326 343//326 344//326
f 346//327 345//327 344//327
f 347//328 345//328 346//328
f 348//329 347//329 346//329
f 349//330 347//330 348//330
f 350//331 349//331 348//331
f 351//332 349//332 350//332
f 352//333 351//333 350//333
f 353//334 351//334 352//334
f 354//335 353//335 352//335
f 355//336 353//336 354//336
f 356//337 355//337 354//337
f 357//338 355//338 356//338
f 358//339 357//339 356//339
f 359//340 357//340 358//340
f 360//341 359//341 358//341
f 361//342 359//342 360//342
f 362//343 361//343 360//343
f 363//344 361//344 362//344
f 364//345 363//345 362//345
f 365//346 364//346 366//346
f 365//347 363//347 364//347
f 367//348 366//348 368//348
f 367//349 365//349 366//349
f 369//350 370//350 371//350
f 369//351 372//351 370//351
f 373//352 369//352 371//352
f 374//353 373//353 371//353
f 375//354 373//354 374//354
f 376//355 375//355 374//355
f 377//356 375//356 376//356
f 378//357 377//357 376//357
f 379//358 377//358 378//358
f 380//359 379//359 378//359
f 381//360 379//360 380//360
f 382//361 381//361 380//361
f 383//362 381//362 382//362
f 384//363 383//363 382//363
f 385//364 383//364 384//364
f 386//365 385//365 384//365
f 387//366 385//366 386//366
f 388//367 387//367 386//367
f 389//368 387//368 388//368
f 390//369 389//369 388//369
f 391//370 389//370 390//370
f 392//371 391//371 390//371
f 393//372 391//372 392//372
f 394//373 393//373 392//373
f 395//374 393//374 394//374
f 396//375 395//375 394//375
f 397//376 395//376 396//376
f 398//377 397//377 396//377
f 399//378 398//378 400//378
f 399//379 397//379 398//379
f 401//380 400//380 402//380
f 401//381 399//381 400//381
f 403//382 404//382 405//382
f 403//383 406//383 404//383
f 407//384 403//384 405//384
f 408//385 407//385 405//385
f 409//386 407//386 408//386
f 410//387 409//387 408//387
f 411//388 409//388 410//388
f 412//389 411//389 410//389
f 413//390 411//390 412//390
f 414//391 413//391 412//391
f 415//392 413//392 414//392
f 416//393 415//393 414//393
f 417//394 415//394 416//394
f 418//395 417//395 416//395
f 419//396 417//396 418//396
f 420//397 419//397 418//397
f 421//398 419//398 420//398
f 422//399 421//399 420//399
f 423//400 421//400 422//400
f 424//401 423//401 422//401
f 425//402 423//402 424//402
f 426//403 425//403 424//403
f 427//404 425//404 426//404
f 428//405 427//405 426//405
f 429//406 427//406 428//406
f 430//407 429//407 428//407
f 431//408 429//408 430//408
f 432//409 431//409 430//409
f 433//410 432//410 434//410
f 433//411 431//411 432//411
f 435//412 434//412 436//412
f 435//413 433//413 434//413
f 437//414 438//414 439//414
f 437//415 440//415 438//415
f 441//416 437//416 439//416
f 442//417 441//417 439//417
f 443//418 441//418 442//418
f 444//419 443//419 442//419
f 445//420 443//420 444//420
f 446//421 445//421 444//421
f 447//422 445//422 446//422
f 448//423 447//423 446//423
f 449//424 447//424 448//424
f 450//425 449//425 448//425
f 451//426 449//426 450//426
f 452//427 451//427 450//427
f 453//428 451//428 452//428
f 454//429 453//429 452//429
f 455//430 453//430 454//430
f 456//431 455//431 454//431
f 457//432 455//432 456//432
f 458//433 457//433 456//433
f 459//434 457//434 458//434
f 460//435 459//435 458//435
f 461//436 459//436 460//436
f 462//437 461//437 460//437
f 463//438 461//438 462//438
f 464//439 463//439 462//439
f 465//440 463//440 464//440
f 466//441 465//441 464//441
f 467//442 466//442 468//442
f 467//443 465//443 466//443
f 469//444 468//444 470//444
f 469//445 467//445 468//445
f 471//446 472//446 473//446
f 471//447 474//447 472//447
f 475//448 471//448 473//448
f 476//449 475//449 473//449
f 477//450 475//450 476//450
f 478//451 477//451 476//451
f 479//452 477//452 478//452
f 480//453 479//453 478//453
f 481//454 479//454 480//454
f 482//455 481//455 480//455
f 483//456 481//456 482//456
f 484//457 483//457 482//457
f 485//458 483//458 484//458
f 486//459 485//459 484//459
f 487//460 485//460 486//460
f 488//461 487//461 486//461
f 489//462 487//462 488//462
f 490//463 489//463 488//463
f 491//464 489//464 490//464
f 492//465 491//465 490//465
f 493//466 491//466 492//466
f 494//467 493//467 492//467
f 495//468 493//468 494//468
f 496//469 495//469 494//469
f 497//470 495//470 496//470
f 498//471 497//471 496//471
f 499//472 497//472 498//472
f 500//473 499//473 498//473
f 501//474 500//474 502//474
f 501//475 499//475 500//475
f 503//476 502//476 504//476
f 503//477 501//477 502//477
f 505//478 506//478 507//478
f 505//479 508//479 506//479
f 509//480 505//480 507//480
f 510//481 509//481 507//481
f 511//482 509//482 510//482
f 512//483 511//483 510//483
f 513//484 511//484 512//484
f 514//485 513//485 512//485
f 515//486 513//486 514//486
f 516//487 515//487 514//487
f 517//488 515//488 516//488
f 518//489 517//489 516//489
f 519//490 517//490 518//490
f 520//491 519//491 518//491
f 521//492 519//492 520//492
f 522//493 521//493 520//493
f 523//494 521//494 522//494
f 524//495 523//495 522//495
f 525//496 523//496 524//496
f 526//497 525//497 524//497
f 527//498 525//498 526//498
f 528//499 527//499 526//499
f 529//500 527//500 528//500
f 530//501 529//501 528//501
f 531//502 529//502 530//502
f 532//503 531//503 530//503
f 533//504 531//504 532//504
f 534//505 533//505 532//505
f 535//506 534//506 536//506
f 535//507 533//507 534//507
f 537//508 536//508 538//508
f 537//509 535//509 536//509
f 539//510 540//510 541//510
f 539//511 542//511 540//511
f 543//512 539//512 541//512
f 544//513 543//513 541//513
f 545//514 543//514 544//514
f 546//515 545//515 544//515
f 547//516 545//516 546//516
f 548//517 547//517 546//517
f 549//518 547//518 548//518
f 550//519 549//519 548//519
f 551//520 549//520 550//520
f 552//521 551//521 550//521
f 553//522 551//522 552//522
f 554//523 553//523 552//523
f 555//524 553//524 554//524
f 556//525 555//525 554//525
f 557//526 555//526 556//526
f 558//527 557//527 556//527
f 559//528 557//528 558//528
f 560//529 559//529 558//529
f 561//530 559//530 560//530
f 562//531 561//531 560//531
f 563//532 561//532 562//532
f 564//533 563//533 562//533
f 565//534 563//534 564//534
f 566//535 565//535 564//535
f 567//536 565//536 566//536
f 568//537 567//537 566//537
f 569//538 568//538 570//538
f 569//539 567//539 568//539
f 571//540 570//540 572//540
f 571//541 569//541 570//541
f 573//542 574//542 575//542
f 573//543 576//543 574//543
f 577//544 573//544 575//544
f 578//545 577//545 575//545
f 579//546 577//546 578//546
f 580//547 579//547 578//547
f 581//548 579//548 580//548
f 582//549 581//549 580//549
f 583//550 581//550 582//550
f 584//551 583//551 582//551
f 585//552 583//552 584//552
f 586//553 585//553 584//553
f 587//554 585//554 586//554
f 588//555 587//555 586//555
f 589//556 587//556 588//556
f 590//557 589//557 588//557
f 591//558 589//558 590//558
f 592//559 591//559 590//559
f 593//560 591//560 592//560
f 594//561 593//561 592//561
f 595//562 593//562 594//562
f 596//563 595//563 594//563
f 597//564 595//564 596//564
f 598//565 597//565 596//565
f 599//566 597//566 598//566
f 600//567 599//567 598//567
f 601//568 599//568 600//568
f 602//569 601//569 600//569
f 603//570 602//570 604//570
f 603//571 601//571 602//571
f 605//572 604//572 606//572
f 605//573 603//573 604//573
f 607//574 608//574 609//574
f 607//575 610//575 608//575
f 611//576 607//576 609//576
f 612//577 611//577 609//577
f 613//578 611//578 612//578
f 614//579 613//579 612//579
f 615//580 613//580 614//580
f 616//581 615//581 614//581
f 617//582 615//582 616//582
f 618//583 617//583 616//583
f 619//584 617//584 618//584
f 620//585 619//585 618//585
f 621//586 619//586 620//586
f 622//587 621//587 620//587
f 623//588 621//588 622//588
f 624//589 623//589 622//589
f 625//590 623//590 624//590
f 626//591 625//591 624//591
f 627//592 625//592 626//592
f 628//593 627//593 626//593
f 629//594 627//594 628//594
f 630//595 629//595 628//595
f 631//596 629//596 630//596
f 632//597 631//597 630//597
f 633//598 631//598 632//598
f 634//599 633//599 632//599
f 635//600 633//600 634//600
f 636//601 635//601 634//601
f 637//602 636//602 638//602
f 637//603 635//603 636//603
f 639//604 638//604 640//604
f 639//605 637//605 638//605
f 641//606 642//606 643//606
f 641//607 644//607 642//607
f 645//608 641//608 643//608
f 646//609 645//609 643//609
f 647//610 645//610 646//610
f 648//611 647//611 646//611
f 649//612 647//612 648//612
f 650//613 649//613 648//613
f 651//614 649//614 650//614
f 652//615 651//615 650//615
f 653//616 651//616 652//616
f 654//617 653//617 652//617
f 655//618 653//618 654//618
f 656//619 655//619 654//619
f 657//620 655//620 656//620
f 658//621 657//621 656//621
f 659//622 657//622 658//622
f 660//623 659//623 658//623
f 661//624 659//624 660//624
f 662//625 661//625 660//625
f 663//626 661//626 662//626
f 664//627 663//627 662//627
f 665//628 663//628 664//628
f 666//629 665//629 664//629
f 667//630 665//630 666//630
f 668//631 667//631 666//631
f 669//632 667//632 668//632
f 670//633 669//633 668//633
f 671//634 670//634 672//634
f 671//635 669//635 670//635
f 673//636 672//636 674//636
f 673//637 671//637 672//637
f 675//638 676//638 677//638
f 675//639 678//639 676//639
f 679//640 675//640 677//640
f 680//641 679//641 677//641
f 681//642 679//642 680//642
f 682//643 681//643 680//643
f 683//644 681//644 682//644
f 684//645 683//645 682//645
f 685//646 683//646 684//646
f 686//647 685//647 684//647
f 687//648 685//648 686//648
f 688//649 687//649 686//649
f 689//650 687//650 688//650
f 690//651 689//651 688//651
f 691//652 689//652 690//652
f 692//653 691//653 690//653
f 693//654 691//654 692//654
f 694//655 693//655 692//655
f 695//656 693//656 694//656
f 696//657 695//657 694//657
f 697//658 695//658 696//658
f 698//659 697//659 696//659
f 699//660 697//660 698//660
f 700//661 699//661 698//661
f 701//662 699//662 700//662
f 702//663 701//663 700//663
f 703//664 701//664 702//664
f 704//665 703//665 702//665
f 705//666 704//666 706//666
f 705//667 703//667 704//667
f 707//668 706//668 708//668
f 707//669 705//669 706//669
f 709//670 95//670 96//670
f 709//671 96//671 710//671
f 711//672 709//672 710//672
f 712//673 711//673 710//673
f 713//674 711//674 712//674
f 714//675 713//675 712//675
f 715//676 713//676 714//676
f 716//677 715//677 714//677
f 717//678 715//678 716//678
f 718//679 717//679 716//679
f 719//680 717//680 718//680
f 720//681 719//681 718//681
f 721//682 719//682 720//682
f 722//683 721//683 720//683
f 723//684 721//684 722//684
f 724//685 723//685 722//685
f 725//686 723//686 724//686
f 726//687 725//687 724//687
f 727//688 725//688 726//688
f 728//689 727//689 726//689
f 729//690 727//690 728//690
f 730//691 729//691 728//691
f 731//692 729//692 730//692
f 732//693 731//693 730//693
f 733//694 731//694 732//694
f 734//695 733//695 732//695
f 735//696 733//696 734//696
f 736//697 735//697 734//697
f 737//698 736//698 738//698
f 737//699 735//699 736//699
f 100//700 738//700 98//700
f 100//701 737//701 738//701
f 739//702 129//702 130//702
f 739//703 130//703 740//703
f 741//704 739//704 740//704
f 742//705 741//705 740//705
f 743//706 741//706 742//706
f 744//707 743//707 742//707
f 745//708 743//708 744//708
f 746//709 745//709 744//709
f 747//710 745//710 746//710
f 748//711 747//711 746//711
f 749//712 747//712 748//712
f 750//713 749//713 748//713
f 751//714 749//714 750//714
f 752//715 751//715 750//715
f 753//716 751//716 752//716
f 754//717 753//717 752//717
f 755//718 753//718 754//718
f 756//719 755//719 754//719
f 757//720 755//720 756//720
f 758//721 757//721 756//721
f 759//722 757//722 758//722
f 760//723 759//723 758//723
f 761//724 759//724 760//724
f 762//725 761//725 760//725
f 763//726 761//726 762//726
f 764//727 763//727 762//727
f 765//728 763//728 764//728
f 766//729 765//729 764//729
f 767//730 766//730 768//730
f 767//731 765//731 766//731
f 134//732 768//732 132//732
f 134//733 767//733 768//733
f 769//734 163//734 164//734
f 769//735 164//735 770//735
f 771//736 769//736 770//736
f 772//737 771//737 770//737
f 773//738 771//738 772//738
f 774//739 773//739 772//739
f 775//740 773//740 774//740
f 776//741 775//741 774//741
f 777//742 775//742 776//742
f 778//743 777//743 776//743
f 779//744 777//744 778//744
f 780//745 779//745 778//745
f 781//746 779//746 780//746
f 782//747 781//747 780//747
f 783//748 781//748 782//748
f 784//749 783//749 782//749
f 785//750 783//750 784//750
f 786//751 785//751 784//751
f 787//752 785//752 786//752
f 788//753 787//753 786//753
f 789//754 787//754 788//754
f 790//755 789//755 788//755
f 791//756 789//756 790//756
f 792//757 791//757 790//757
f 793//758 791//758 792//758
f 794//759 793//759 792//759
f 795//760 793//760 794//760
f 796//761 795//761 794//761
f 797//762 796//762 798//762
f 797//763 795//763 796//763
f 168//764 798//764 166//764
f 168//765 797//765 798//765
f 799//766 197//766 198//766
f 799//767 198//767 800//767
f 801//768 799//768 800//768
f 802//769 801//769 800//769
f 803//770 801//770 802//770
f 804//771 803//771 802//771
f 805//772 803//772 804//772
f 806//773 805//773 804//773
f 807//774 805//774 806//774
f 808//775 807//775 806//775
f 809//776 807//776 808//776
f 810//777 809//777 808//777
f 811//778 809//778 810//778
f 812//779 811//779 810//779
f 813//780 811//780 812//780
f 814//781 813//781 812//781
f 815//782 813//782 814//782
f 816//783 815//783 814//783
f 817//784 815//784 816//784
f 818//785 817//785 816//785
f 819//786 817//786 818//786
f 820//787 819//787 818//787
f 821//788 819//788 820//788
f 822//789 821//789 820//789
f 823//790 821//790 822//790
f 824//791 823//791 822//791
f 825//792 823//792 824//792
f 826//793 825//793 824//793
f 827//794 826//794 828//794
f 827//795 825//795 826//795
f 202//796 828//796 200//796
f 202//797 827//797 828//797
f 829//798 231//798 232//798
f 829//799 232//799 830//799
f 831//800 829//800 830//800
f 832//801 831//801 830//801
f 833//802 831//802 832//802
f 834//803 833//803 832//803
f 835//804 833//804 834//804
f 836//805 835//805 834//805
f 837//806 835//806 836//806
f 838//807 837//807 836//807
f 839//808 837//808 838//808
f 840//809 839//809 838//809
f 841//810 839//810 840//810
f 842//811 841//811 840//811
f 843//812 841//812 842//812
f 844//813 843//813 842//813
f 845//814 843//814 844//814
f 846//815 845//815 844//815
f 847//816 845//816 846//816
f 848//817 847//817 846//817
f 849//818 847//818 848//818
f 850//819 849//819 848//819
f 851//820 849//820 850//820
f 852//821 851//821 850//821
f 853//822 851//822 852//822
f 854//823 853//823 852//823
f 855//824 853//824 854//824
f 856//825 855//825 854//825
f 857//826 856//826 858//826
f 857//827 855//827 856//827
f 236//828 858//828 234//828
f 236//829 857//829 858//829
f 859//830 265//830 266//830
f 859//831 266//831 860//831
f 861//832 859//832 860//832
f 862//833 861//833 860//833
f 863//834 861//834 862//834
f 864//835 863//835 862//835
f 865//836 863//836 864//836
f 866//837 865//837 864//837
f 867//838 865//838 866//838
f 868//839 867//839 866//839
f 869//840 867//840 868//840
f 870//841 869//841 868//841
f 871//842 869//842 870//842
f 872//843 871//843 870//843
f 873//844 871//844 872//844
f 874//845 873//845 872//845
f 875//846 873//846 874//846
f 876//847 875//847 874//847
f 877//848 875//848 876//848
f 878//849 877//849 876//849
f 879//850 877//850 878//850
f 880//851 879//851 878//851
f 881//852 879//852 880//852
f 882//853 881//853 880//853
f 883//854 881//854 882//854
f 884//855 883//855 882//855
f 885//856 883//856 884//856
f 886//857 885//857 884//857
f 887//858 886//858 888//858
f 887//859 885//859 886//859
f 270//860 888//860 268//860
f 270//861 887//861 888//861
f 889//862 299//862 300//862
f 889//863 300//863 890//863
f 891//864 889//864 890//864
f 892//865 891//865 890//865
f 893//866 891//866 892//866
f 894//867 893//867 892//867
f 895//868 893//868 894//868
f 896//869 895//869 894//869
f 897//870 895//870 896//870
f 898//871 897//871 896//871
f 899//872 897//872 898//872
f 900//873 899//873 898//873
f 901//874 899//874 900//874
f 902//875 901//875 900//875
f 903//876 901//876 902//876
f 904//877 903//877 902//877
f 905//878 903//878 904//878
f 906//879 905//879 904//879
f 907//880 905//880 906//880
f 908//881 907//881 906//881
f 909//882 907//882 908//882
f 910//883 909//883 908//883
f 911//884 909//884 910//884
f 912//885 911//885 910//885
f 913//886 911//886 912//886
f 914//887 913//887 912//887
f 915//888 913//888 914//888
f 916//889 915//889 914//889
f 917//890 916//890 918//890
f 917//891 915//891 916//891
f 304//892 918//892 302//892
f 304//893 917//893 918//893
f 919//894 333//894 334//894
f 919//895 334//895 920//895
f 921//896 919//896 920//896
f 922//897 921//897 920//897
f 923//898 921//898 922//898
f 924//899 923//899 922//899
f 925//900 923//900 924//900
f 926//901 925//901 924//901
f 927//902 925//902 926//902
f 928//903 927//903 926//903
f 929//904 927//904 928//904
f 930//905 929//905 928//905
f 931//906 929//906 930//906
f 932//907 931//907 930//907
f 933//908 931//908 932//908
f 934//909 933//909 932//909
f 935//910 933//910 934//910
f 936//911 935//911 934//911
f 937//912 935//912 936//912
f 938//913 937//913 936//913
f 939//914 937//914 938//914
f 940//915 939//915 938//915
f 941//916 939//916 940//916
f 942//917 941//917 940//917
f 943//918 941//918 942//918
f 944//919 943//919 942//919
f 945//920 943//920 944//920
f 946//921 945//921 944//921
f 947//922 946//922 948//922
f 947//923 945//923 946//923
f 338//924 948//924 336//924
f 338//925 947//925 948//925
f 949//926 367//926 368//926
f 949//927 368//927 950//927
f 951//928 949//928 950//928
f 952//929 951//929 950//929
f 953//930 951//930 952//930
f 954//931 953//931 952//931
f 955//932 953//932 954//932
f 956//933 955//933 954//933
f 957//934 955//934 956//934
f 958//935 957//935 956//935
f 959//936 957//936 958//936
f 960//937 959//937 958//937
f 961//938 959//938 960//938
f 962//939 961//939 960//939
f 963//940 961//940 962//940
f 964//941 963//941 962//941
f 965//942 963//942 964//942
f 966//943 965//943 964//943
f 967//944 965//944 966//944
f 968//945 967//945 966//945
f 969//946 967//946 968//946
f 970//947 969//947 968//947
f 971//948 969//948 970//948
f 972//949 971//949 970//949
f 973//950 971//950 972//950
f 974//951 973//951 972//951
f 975//952 973//952 974//952
f 976//953 975//953 974//953
f 977//954 976//954 978//954
f 977//955 975//955 976//955
f 372//956 978//956 370//956
f 372//957 977//957 978//957
f 979//958 401//958 402//958
f 979//959 402//959 980//959
f 981//960 979//960 980//960
f 982//961 981//961 980//961
f 983//962 981//962 982//962
f 984//963 983//963 982//963
f 985//964 983//964 984//964
f 986//965 985//965 984//965
f 987//966 985//966 986//966
f 988//967 987//967 986//967
f 989//968 987//968 988//968
f 990//969 989//969 988//969
f 991//970 989//970 990//970
f 992//971 991//971 990//971
f 993//972 991//972 992//972
f 994//973 993//973 992//973
f 995//974 993//974 994//974
f 996//975 995//975 994//975
f 997//976 995//976 996//976
f 998//977 997//977 996//977
f 999//978 997//978 998//978
f 1000//979 999//979 998//979
f 1001//980 999//980 1000//980
f 1002//981 1001//981 1000//981
f 1003//982 1001//982 1002//982
f 1004//983 1003//983 1002//983
f 1005//984 1003//984 1004//984
f 1006//985 1005//985 1004//985
f 1007//986 1006//986 1008//986
f 1007//987 1005//987 1006//987
f 406//988 1008//988 404//988
f 406//989 1007//989 1008//989
f 1009//990 435//990 436//990
f 1009//991 436//991 1010//991
f 1011//992 1009//992 1010//992
f 1012//993 1011//993 1010//993
f 1013//994 1011//994 1012//994
f 1014//995 1013//995 1012//995
f 1015//996 1013//996 1014//996
f 1016//997 1015//997 1014//997
f 1017//998 1015//998 1016//998
f 1018//999 1017//999 1016//999
f 1019//1000 1017//1000 1018//1000
f 1020//1001 1019//1001 1018//1001
f 1021//1002 1019//1002 1020//1002
f 1022//1003 1021//1003 1020//1003
f 1023//1004 1021//1004 1022//1004
f 1024//1005 1023//1005 1022//1005
f 1025//1006 1023//1006 1024//1006
f 1026//1007 1025//1007 1024//1007
f 1027//1008 1025//1008 1026//1008
f 1028//1009 1027//1009 1026//1009
f 1029//1010 1027//1010 1028//1010
f 1030//1011 1029//1011 1028//1011
f 1031//1012 1029//1012 1030//1012
f 1032//1013 1031//1013 1030//1013
f 1033//1014 1031//1014 1032//1014
f 1034//1015 1033//1015 1032//1015
f 1035//1016 1033//1016 1034//1016
f 1036//1017 1035//1017 1034//1017
f 1037//1018 1036//1018 1038//1018
f 1037//1019 1035//1019 1036//1019
f 440//1020 1038//1020 438//1020
f 440//1021 1037//1021 1038//1021
f 1039//1022 469//1022 470//1022
f 1039//1023 470//1023 1040//1023
f 1041//1024 1039//1024 1040//1024
f 1042//1025 1041//1025 1040//1025
f 1043//1026 1041//1026 1042//1026
f 1044//1027 1043//1027 1042//1027
f 1045//1028 1043//1028 1044//1028
f 1046//1029 1045//1029 1044//1029
f 1047//1030 1045//1030 1046//1030
f 1048//1031 1047//1031 1046//1031
f 1049//1032 1047//1032 1048//1032
f 1050//1033 1049//1033 1048//1033
f 1051//1034 1049//1034 1050//1034
f 1052//1035 1051//1035 1050//1035
f 1053//1036 1051//1036 1052//1036
f 1054//1037 1053//1037 1052//1037
f 1055//1038 1053//1038 1054//1038
f 1056//1039 1055//1039 1054//1039
f 1057//1040 1055//1040 1056//1040
f 1058//1041 1057//1041 1056//1041
f 1059//1042 1057//1042 1058//1042
f 1060//1043 1059//1043 1058//1043
f 1061//1044 1059//1044 1060//1044
f 1062//1045 1061//1045 1060//1045
f 1063//1046 1061//1046 1062//1046
f 1064//1047 1063//1047 1062//1047
f 1065//1048 1063//1048 1064//1048
f 1066//1049 1065//1049 1064//1049
f 1067//1050 1066//1050 1068//1050
f 1067//1051 1065//1051 1066//1051
f 474//1052 1068//1052 472//1052
f 474//1053 1067//1053 1068//1053
f 1069//1054 503//1054 504//1054
f 1069//1055 504//1055 1070//1055
f 1071//1056 1069//1056 1070//1056
f 1072//1057 1071//1057 1070//1057
f 1073//1058 1071//1058 1072//1058
f 1074//1059 1073//1059 1072//1059
f 1075//1060 1073//1060 1074//1060
f 1076//1061 1075//1061 1074//1061
f 1077//1062 1075//1062 1076//1062
f 1078//1063 1077//1063 1076//1063
f 1079//1064 1077//1064 1078//1064
f 1080//1065 1079//1065 1078//1065
f 1081//1066 1079//1066 1080//1066
f 1082//1067 1081//1067 1080//1067
f 1083//1068 1081//1068 1082//1068
f 1084//1069 1083//1069 1082//1069
f 1085//1070 1083//1070 1084//1070
f 1086//1071 1085//1071 1084//1071
f 1087//1072 1085//1072 1086//1072
f 1088//1073 1087//1073 1086//1073
f 1089//1074 1087//1074 1088//1074
f 1090//1075 1089//1075 1088//1075
f 1091//1076 1089//1076 1090//1076
f 1092//1077 1091//1077 1090//1077
f 1093//1078 1091//1078 1092//1078
f 1094//1079 1093//1079 1092//1079
f 1095//1080 1093//1080 1094//1080
f 1096//1081 1095//1081 1094//1081
f 1097//1082 1096//1082 1098//1082
f 1097//1083 1095//1083 1096//1083
f 508//1084 1098//1084 506//1084
f 508//1085 1097//1085 1098//1085
f 1099//1086 537//1086 538//1086
f 1099//1087 538//1087 1100//1087
f 1101//1088 1099//1088 1100//1088
f 1102//1089 1101//1089 1100//1089
f 1103//1090 1101//1090 1102//1090
f 1104//1091 1103//1091 1102//1091
f 1105//1092 1103//1092 1104//1092
f 1106//1093 1105//1093 1104//1093
f 1107//1094 1105//1094 1106//1094
f 1108//1095 1107//1095 1106//1095
f 1109//1096 1107//1096 1108//1096
f 1110//1097 1109//1097 1108//1097
f 1111//1098 1109//1098 1110//1098
f 1112//1099 1111//1099 1110//1099
f 1113//1100 1111//1100 1112//1100
f 1114//1101 1113//1101 1112//1101
f 1115//1102 1113//1102 1114//1102
f 1116//1103 1115//1103 1114//1103
f 1117//1104 1115//1104 1116//1104
f 1118//1105 1117//1105 1116//1105
f 1119//1106 1117//1106 1118//1106
f 1120//1107 1119//1107 1118//1107
f 1121//1108 1119//1108 1120//1108
f 1122//1109 1121//1109 1120//1109
f 1123//1110 1121//1110 1122//1110
f 1124//1111 1123//1111 1122//1111
f 1125//1112 1123//1112 1124//1112
f 1126//1113 1125//1113 1124//1113
f 1127//1114 1126//1114 1128//1114
f 1127//1115 1125//1115 1126//1115
f 542//1116 1128//1116 540//1116
f 542//1117 1127//1117 1128//1117
f 1129//1118 571//1118 572//1118
f 1129//1119 572//1119 1130//1119
f 1131//1120 1129//1120 1130//1120
f 1132//1121 1131//1121 1130//1121
f 1133//1122 1131//1122 1132//1122
f 1134//1123 1133//1123 1132//1123
f 1135//1124 1133//1124 1134//1124
f 1136//1125 1135//1125 1134//1125
f 1137//1126 1135//1126 1136//1126
f 1138//1127 1137//1127 1136//1127
f 1139//1128 1137//1128 1138//1128
f 1140//1129 1139//1129 1138//1129
f 1141//1130 1139//1130 1140//1130
f 1142//1131 1141//1131 1140//1131
f 1143//1132 1141//1132 1142//1132
f 1144//1133 1143//1133 1142//1133
f 1145//1134 1143//1134 1144//1134
f 1146//1135 1145//1135 1144//1135
f 1147//1136 1145//1136 1146//1136
f 1148//1137 1147//1137 1146//1137
f 1149//1138 1147//1138 1148//1138
f 1150//1139 1149//1139 1148//1139
f 1151//1140 1149//1140 1150//1140
f 1152//1141 1151//1141 1150//1141
f 1153//1142 1151//1142 1152//1142
f 1154//1143 1153//1143 1152//1143
f 1155//1144 1153//1144 1154//1144
f 1156//1145 1155//1145 1154//1145
f 1157//1146 1156//1146 1158//1146
f 1157//1147 1155//1147 1156//1147
f 576//1148 1158//1148 574//1148
f 576//1149 1157//1149 1158//1149
f 1159//1150 605//1150 606//1150
f 1159//1151 606//1151 1160//1151
f 1161//1152 1159//1152 1160//1152
f 1162//1153 1161//1153 1160//1153
f 1163//1154 1161//1154 1162//1154
f 1164//1155 1163//1155 1162//1155
f 1165//1156 1163//1156 1164//1156
f 1166//1157 1165//1157 1164//1157
f 1167//1158 1165//1158 1166//1158
f 1168//1159 1167//1159 1166//1159
f 1169//1160 1167//1160 1168//1160
f 1170//1161 1169//1161 1168//1161
f 1171//1162 1169//1162 1170//1162
f 1172//1163 1171//1163 1170//1163
f 1173//1164 1171//1164 1172//1164
f 1174//1165 1173//1165 1172//1165
f 1175//1166 1173//1166 1174//1166
f 1176//1167 1175//1167 1174//1167
f 1177//1168 1175//1168 1176//1168
f 1178//1169 1177//1169 1176//1169
f 1179//1170 1177//1170 1178//1170
f 1180//1171 1179//1171 1178//1171
f 1181//1172 1179//1172 1180//1172
f 1182//1173 1181//1173 1180//1173
f 1183//1174 1181//1174 1182//1174
f 1184//1175 1183//1175 1182//1175
f 1185//1176 1183//1176 1184//1176
f 1186//1177 1185//1177 1184//1177
f 1187//1178 1186//1178 1188//1178
f 1187//1179 1185//1179 1186//1179
f 610//1180 1188//1180 608//1180
f 610//1181 1187//1181 1188//1181
f 1189//1182 639//1182 640//1182
f 1189//1183 640//1183 1190//1183
f 1191//1184 1189//1184 1190//1184
f 1192//1185 1191//1185 1190//1185
f 1193//1186 1191//1186 1192//1186
f 1194//1187 1193//1187 1192//1187
f 1195//1188 1193//1188 1194//1188
f 1196//1189 1195//1189 1194//1189
f 1197//1190 1195//1190 1196//1190
f 1198//1191 1197//1191 1196//1191
f 1199//1192 1197//1192 1198//1192
f 1200//1193 1199//1193 1198//1193
f 1201//1194 1199//1194 1200//1194
f 1202//1195 1201//1195 1200//1195
f 1203//1196 1201//1196 1202//1196
f 1204//1197 1203//1197 1202//1197
f 1205//1198 1203//1198 1204//1198
f 1206//1199 1205//1199 1204//1199
f 1207//1200 1205//1200 1206//1200
f 1208//1201 1207//1201 1206//1201
f 1209//1202 1207//1202 1208//1202
f 1210//1203 1209//1203 1208//1203
f 1211//1204 1209//1204 1210//1204
f 1212//1205 1211//1205 1210//1205
f 1213//1206 1211//1206 1212//1206
f 1214//1207 1213//1207 1212//1207
f 1215//1208 1213//1208 1214//1208
f 1216//1209 1215//1209 1214//1209
f 1217//1210 1216//1210 1218//1210
f 1217//1211 1215//1211 1216//1211
f 644//1212 1218//1212 642//1212
f 644//1213 1217//1213 1218//1213
f 1219//1214 673//1214 674//1214
f 1219//1215 674//1215 1220//1215
f 1221//1216 1219//1216 1220//1216
f 1222//1217 1221//1217 1220//1217
f 1223//1218 1221//1218 1222//1218
f 1224//1219 1223//1219 1222//1219
f 1225//1220 1223//1220 1224//1220
f 1226//1221 1225//1221 1224//1221
f 1227//1222 1225//1222 1226//1222
f 1228//1223 1227//1223 1226//1223
f 1229//1224 1227//1224 1228//1224
f 1230//1225 1229//1225 1228//1225
f 1231//1226 1229//1226 1230//1226
f 1232//1227 1231//1227 1230//1227
f 1233//1228 1231//1228 1232//1228
f 1234//1229 1233//1229 1232//1229
f 1235//1230 1233//1230 1234//1230
f 1236//1231 1235//1231 1234//1231
f 1237//1232 1235//1232 1236//1232
f 1238//1233 1237//1233 1236//1233
f 1239//1234 1237//1234 1238//1234
f 1240//1235 1239//1235 1238//1235
f 1241//1236 1239//1236 1240//1236
f 1242//1237 1241//1237 1240//1237
f 1243//1238 1241//1238 1242//1238
f 1244//1239 1243//1239 1242//1239
f 1245//1240 1243//1240 1244//1240
f 1246//1241 1245//1241 1244//1241
f 1247//1242 1246//1242 1248//1242
f 1247//1243 1245//1243 1246//1243
f 678//1244 1248//1244 676//1244
f 678//1245 1247//1245 1248//1245
f 1249//1246 707//1246 708//1246
f 1249//1247 708//1247 1250//1247
f 1251//1248 1249//1248 1250//1248
f 1252//1249 1251//1249 1250//1249
f 1253//1250 1251//1250 1252//1250
f 1254//1251 1253//1251 1252//1251
f 1255//1252 1253//1252 1254//1252
f 1256//1253 1255//1253 1254//1253
f 1257//1254 1255//1254 1256//1254
f 1258//1255 1257//1255 1256//1255
f 1259//1256 1257//1256 1258//1256
f 1260//1257 1259//1257 1258//1257
f 1261//1258 1259//1258 1260//1258
f 1262//1259 1261//1259 1260//1259
f 1263//1260 1261//1260 1262//1260
f 1264//1261 1263//1261 1262//1261
f 1265//1262 1263//1262 1264//1262
f 1266//1263 1265//1263 1264//1263
f 1267//1264 1265//1264 1266//1264
f 1268//1265 1267//1265 1266//1265
f 1269//1266 1267//1266 1268//1266
f 1270//1267 1269//1267 1268//1267
f 1271//1268 1269//1268 1270//1268
f 1272//1269 1271//1269 1270//1269
f 1273//1270 1271//1270 1272//1270
f 1274//1271 1273//1271 1272//1271
f 1275//1272 1273//1272 1274//1272
f 1276//1273 1275//1273 1274//1273
f 1277//1274 1276//1274 1278//1274
f 1277//1275 1275//1275 1276//1275
f 1279//1276 1278//1276 1280//1276
f 1279//1277 1277//1277 1278//1277
f 1281//1278 1282//1278 1283//1278
f 1283//1279 1284//1279 1285//1279
f 1282//1280 1284//1280 1283//1280
f 1285//1281 1286//1281 1287//1281
f 1284//1282 1286//1282 1285//1282
f 1286//1283 1288//1283 1287//1283
f 1289//1284 1290//1284 1291//1284
f 1291//1285 1292//1285 1293//1285
f 1290//1286 1292//1286 1291//1286
f 1293//1287 1294//1287 1295//1287
f 1292//1288 1294//1288 1293//1288
f 1294//1289 1296//1289 1295//1289
f 1297//1290 1298//1290 1299//1290
f 1297//1291 1300//1291 1298//1291
f 1301//1292 1302//1292 1303//1292
f 1301//1293 1304//1293 1300//1293
f 1301//1294 1303//1294 1304//1294
f 1301//1295 1300//1295 1297//1295
f 1305//1296 1299//1296 1306//1296
f 1305//1297 1297//1297 1299//1297
f 1307//1298 1301//1298 1297//1298
f 1307//1299 1308//1299 1302//1299
f 1307//1300 1297//1300 1305//1300
f 1307//1301 1302//1301 1301//1301
f 1309//1302 1306//1302 1310//1302
f 1309//1303 1305//1303 1306//1303
f 1311//1304 1312//1304 1308//1304
f 1311//1305 1308//1305 1307//1305
f 1311//1306 1307//1306 1305//1306
f 1311//1307 1305//1307 1309//1307
f 1313//1308 1310//1308 1314//1308
f 1313//1309 1309//1309 1310//1309
f 1315//1310 1312//1310 1311//1310
f 1315//1311 1316//1311 1312//1311
f 1315//1312 1311//1312 1309//1312
f 1315//1313 1309//1313 1313//1313
f 1317//1314 1314//1314 1318//1314
f 1317//1315 1313//1315 1314//1315
f 1317//1316 1315//1316 1313//1316
f 1319//1317 1320//1317 1316//1317
f 1319//1318 1316//1318 1315//1318
f 1319//1319 1315//1319 1317//1319
f 1321//1320 1318//1320 1322//1320
f 1321//1321 1317//1321 1318//1321
f 1323//1322 1320//1322 1319//1322
f 1323//1323 1324//1323 1320//1323
f 1323//1324 1319//1324 1317//1324
f 1323//1325 1317//1325 1321//1325
f 1325//1326 1322//1326 1326//1326
f 1325//1327 1326//1327 1327//1327
f 1325//1328 1321//1328 1322//1328
f 1328//1329 1329//1329 1324//1329
f 1328//1330 1323//1330 1321//1330
f 1328//1331 1324//1331 1323//1331
f 1328//1332 1321//1332 1325//1332
f 1330//1333 1325//1333 1327//1333
f 1331//1334 1325//1334 1330//1334
f 1331//1335 1332//1335 1329//1335
f 1331//1336 1329//1336 1328//1336
f 1331//1337 1328//1337 1325//1337
f 1333//1338 1330//1338 1327//1338
f 1333//1339 1327//1339 1334//1339
f 1335//1340 1336//1340 1332//1340
f 1335//1341 1332//1341 1331//1341
f 1335//1342 1331//1342 1330//1342
f 1335//1343 1330//1343 1333//1343
f 1337//1344 1334//1344 1338//1344
f 1337//1345 1333//1345 1334//1345
f 1339//1346 1340//1346 1336//1346
f 1339//1347 1333//1347 1337//1347
f 1339//1348 1336//1348 1335//1348
f 1339//1349 1335//1349 1333//1349
f 1341//1350 1337//1350 1338//1350
f 1341//1351 1338//1351 1342//1351
f 1341//1352 1339//1352 1337//1352
f 1343//1353 1344//1353 1340//1353
f 1343//1354 1339//1354 1341//1354
f 1343//1355 1340//1355 1339//1355
f 1345//1356 1342//1356 1346//1356
f 1345//1357 1341//1357 1342//1357
f 1347//1358 1348//1358 1344//1358
f 1347//1359 1343//1359 1341//1359
f 1347//1360 1344//1360 1343//1360
f 1347//1361 1341//1361 1345//1361
f 1349//1362 1345//1362 1346//1362
f 1349//1363 1346//1363 1350//1363
f 1349//1364 1350//1364 1351//1364
f 1349//1365 1347//1365 1345//1365
f 1352//1366 1347//1366 1349//1366
f 1352//1367 1353//1367 1348//1367
f 1352//1368 1354//1368 1353//1368
f 1352//1369 1348//1369 1347//1369
f 1355//1370 1349//1370 1351//1370
f 1356//1371 1352//1371 1349//1371
f 1356//1372 1354//1372 1352//1372
f 1356//1373 1349//1373 1355//1373
f 1357//1374 1355//1374 1351//1374
f 1357//1375 1351//1375 1358//1375
f 1359//1376 1360//1376 1354//1376
f 1359//1377 1355//1377 1357//1377
f 1359//1378 1356//1378 1355//1378
f 1359//1379 1354//1379 1356//1379
f 1361//1380 1358//1380 1362//1380
f 1361//1381 1362//1381 1363//1381
f 1361//1382 1357//1382 1358//1382
f 1364//1383 1360//1383 1359//1383
f 1364//1384 1357//1384 1361//1384
f 1364//1385 1365//1385 1360//1385
f 1364//1386 1366//1386 1365//1386
f 1364//1387 1359//1387 1357//1387
f 1367//1388 1361//1388 1363//1388
f 1368//1389 1361//1389 1367//1389
f 1368//1390 1364//1390 1361//1390
f 1368//1391 1366//1391 1364//1391
f 1369//1392 1363//1392 1370//1392
f 1369//1393 1367//1393 1363//1393
f 1371//1394 1372//1394 1366//1394
f 1371//1395 1373//1395 1372//1395
f 1371//1396 1368//1396 1367//1396
f 1371//1397 1366//1397 1368//1397
f 1371//1398 1367//1398 1369//1398
f 1374//1399 1370//1399 1375//1399
f 1374//1400 1369//1400 1370//1400
f 1376//1401 1373//1401 1371//1401
f 1376//1402 1369//1402 1374//1402
f 1376//1403 1371//1403 1369//1403
f 1377//1404 1375//1404 1378//1404
f 1377//1405 1378//1405 1379//1405
f 1377//1406 1379//1406 1380//1406
f 1377//1407 1374//1407 1375//1407
f 1381//1408 1373//1408 1376//1408
f 1381//1409 1376//1409 1374//1409
f 1381//1410 1377//1410 1380//1410
f 1381//1411 1380//1411 1382//1411
f 1381//1412 1382//1412 1383//1412
f 1381//1413 1374//1413 1377//1413
f 1381//1414 1384//1414 1373//1414
f 1381//1415 1383//1415 1384//1415
f 1385//1416 1303//1416 1386//1416
f 1387//1417 1388//1417 1282//1417
f 1389//1418 1388//1418 1387//1418
f 1390//1419 1388//1419 1389//1419
f 1391//1420 1388//1420 1390//1420
f 1392//1421 1393//1421 1394//1421
f 1392//1422 1395//1422 1396//1422
f 1392//1423 1396//1423 1397//1423
f 1392//1424 1397//1424 1393//1424
f 1398//1425 1399//1425 1383//1425
f 1400//1426 1385//1426 1386//1426
f 1400//1427 1401//1427 1385//1427
f 1402//1428 1386//1428 1388//1428
f 1402//1429 1400//1429 1386//1429
f 1403//1430 1400//1430 1402//1430
f 1403//1431 1404//1431 1401//1431
f 1403//1432 1401//1432 1400//1432
f 1405//1433 1388//1433 1391//1433
f 1405//1434 1391//1434 1406//1434
f 1405//1435 1406//1435 1407//1435
f 1405//1436 1407//1436 1408//1436
f 1405//1437 1408//1437 1409//1437
f 1405//1438 1409//1438 1410//1438
f 1405//1439 1410//1439 1411//1439
f 1405//1440 1402//1440 1388//1440
f 1412//1441 1402//1441 1405//1441
f 1412//1442 1403//1442 1402//1442
f 1413//1443 1403//1443 1412//1443
f 1413//1444 1414//1444 1415//1444
f 1413//1445 1415//1445 1404//1445
f 1413//1446 1404//1446 1403//1446
f 1416//1447 1411//1447 1417//1447
f 1416//1448 1417//1448 1418//1448
f 1416//1449 1418//1449 1419//1449
f 1416//1450 1419//1450 1420//1450
f 1416//1451 1405//1451 1411//1451
f 1416//1452 1420//1452 1421//1452
f 1416//1453 1421//1453 1422//1453
f 1416//1454 1422//1454 1423//1454
f 1424//1455 1405//1455 1416//1455
f 1424//1456 1412//1456 1405//1456
f 1425//1457 1412//1457 1424//1457
f 1425//1458 1413//1458 1412//1458
f 1426//1459 1416//1459 1423//1459
f 1426//1460 1423//1460 1427//1460
f 1426//1461 1427//1461 1428//1461
f 1426//1462 1428//1462 1429//1462
f 1426//1463 1429//1463 1430//1463
f 1426//1464 1430//1464 1431//1464
f 1426//1465 1431//1465 1432//1465
f 1433//1466 1434//1466 1414//1466
f 1433//1467 1413//1467 1425//1467
f 1433//1468 1414//1468 1413//1468
f 1435//1469 1426//1469 1432//1469
f 1435//1470 1416//1470 1426//1470
f 1435//1471 1432//1471 1436//1471
f 1435//1472 1436//1472 1437//1472
f 1435//1473 1424//1473 1416//1473
f 1438//1474 1424//1474 1435//1474
f 1438//1475 1425//1475 1424//1475
f 1439//1476 1433//1476 1425//1476
f 1439//1477 1425//1477 1438//1477
f 1440//1478 1441//1478 1435//1478
f 1440//1479 1435//1479 1437//1479
f 1440//1480 1437//1480 1442//1480
f 1440//1481 1442//1481 1443//1481
f 1440//1482 1443//1482 1444//1482
f 1440//1483 1444//1483 1441//1483
f 1445//1484 1446//1484 1447//1484
f 1445//1485 1447//1485 1434//1485
f 1445//1486 1434//1486 1433//1486
f 1445//1487 1433//1487 1439//1487
f 1448//1488 1435//1488 1441//1488
f 1448//1489 1438//1489 1435//1489
f 1448//1490 1441//1490 1449//1490
f 1448//1491 1449//1491 1450//1491
f 1448//1492 1450//1492 1451//1492
f 1448//1493 1451//1493 1452//1493
f 1448//1494 1452//1494 1453//1494
f 1448//1495 1453//1495 1454//1495
f 1455//1496 1456//1496 1457//1496
f 1455//1497 1457//1497 1458//1497
f 1455//1498 1458//1498 1459//1498
f 1455//1499 1459//1499 1460//1499
f 1455//1500 1460//1500 1461//1500
f 1455//1501 1461//1501 1462//1501
f 1463//1502 1439//1502 1438//1502
f 1463//1503 1438//1503 1448//1503
f 1464//1504 1465//1504 1466//1504
f 1464//1505 1466//1505 1467//1505
f 1464//1506 1467//1506 1468//1506
f 1464//1507 1468//1507 1469//1507
f 1470//1508 1471//1508 1446//1508
f 1470//1509 1446//1509 1445//1509
f 1470//1510 1439//1510 1463//1510
f 1470//1511 1445//1511 1439//1511
f 1472//1512 1455//1512 1462//1512
f 1472//1513 1462//1513 1473//1513
f 1472//1514 1473//1514 1474//1514
f 1472//1515 1474//1515 1475//1515
f 1472//1516 1475//1516 1476//1516
f 1472//1517 1476//1517 1477//1517
f 1472//1518 1477//1518 1478//1518
f 1472//1519 1478//1519 1479//1519
f 1480//1520 1454//1520 1481//1520
f 1480//1521 1481//1521 1482//1521
f 1480//1522 1482//1522 1483//1522
f 1480//1523 1483//1523 1484//1523
f 1480//1524 1463//1524 1448//1524
f 1480//1525 1448//1525 1454//1525
f 1485//1526 1465//1526 1464//1526
f 1485//1527 1456//1527 1455//1527
f 1485//1528 1469//1528 1486//1528
f 1485//1529 1455//1529 1472//1529
f 1485//1530 1486//1530 1456//1530
f 1485//1531 1464//1531 1469//1531
f 1487//1532 1488//1532 1471//1532
f 1487//1533 1471//1533 1470//1533
f 1487//1534 1463//1534 1480//1534
f 1487//1535 1470//1535 1463//1535
f 1489//1536 1490//1536 1491//1536
f 1489//1537 1491//1537 1492//1537
f 1489//1538 1492//1538 1493//1538
f 1489//1539 1493//1539 1494//1539
f 1489//1540 1494//1540 1495//1540
f 1489//1541 1495//1541 1465//1541
f 1489//1542 1465//1542 1485//1542
f 1496//1543 1395//1543 1392//1543
f 1496//1544 1472//1544 1479//1544
f 1496//1545 1479//1545 1497//1545
f 1496//1546 1497//1546 1498//1546
f 1496//1547 1498//1547 1499//1547
f 1496//1548 1499//1548 1500//1548
f 1496//1549 1500//1549 1501//1549
f 1496//1550 1501//1550 1395//1550
f 1502//1551 1490//1551 1489//1551
f 1502//1552 1484//1552 1503//1552
f 1502//1553 1503//1553 1504//1553
f 1502//1554 1504//1554 1490//1554
f 1502//1555 1480//1555 1484//1555
f 1505//1556 1485//1556 1472//1556
f 1505//1557 1472//1557 1496//1557
f 1506//1558 1487//1558 1480//1558
f 1506//1559 1488//1559 1487//1559
f 1506//1560 1507//1560 1488//1560
f 1506//1561 1480//1561 1502//1561
f 1508//1562 1489//1562 1485//1562
f 1508//1563 1485//1563 1505//1563
f 1509//1564 1392//1564 1399//1564
f 1509//1565 1496//1565 1392//1565
f 1510//1566 1502//1566 1489//1566
f 1510//1567 1489//1567 1508//1567
f 1511//1568 1505//1568 1496//1568
f 1511//1569 1496//1569 1509//1569
f 1512//1570 1506//1570 1502//1570
f 1512//1571 1513//1571 1507//1571
f 1512//1572 1502//1572 1510//1572
f 1512//1573 1507//1573 1506//1573
f 1514//1574 1505//1574 1511//1574
f 1514//1575 1508//1575 1505//1575
f 1515//1576 1398//1576 1516//1576
f 1515//1577 1509//1577 1399//1577
f 1515//1578 1399//1578 1398//1578
f 1517//1579 1510//1579 1508//1579
f 1517//1580 1508//1580 1514//1580
f 1518//1581 1516//1581 1519//1581
f 1518//1582 1511//1582 1509//1582
f 1518//1583 1515//1583 1516//1583
f 1518//1584 1509//1584 1515//1584
f 1520//1585 1512//1585 1510//1585
f 1520//1586 1521//1586 1513//1586
f 1520//1587 1510//1587 1517//1587
f 1520//1588 1513//1588 1512//1588
f 1522//1589 1519//1589 1523//1589
f 1522//1590 1523//1590 1524//1590
f 1522//1591 1511//1591 1518//1591
f 1522//1592 1518//1592 1519//1592
f 1522//1593 1514//1593 1511//1593
f 1525//1594 1524//1594 1526//1594
f 1525//1595 1522//1595 1524//1595
f 1525//1596 1514//1596 1522//1596
f 1525//1597 1517//1597 1514//1597
f 1527//1598 1525//1598 1526//1598
f 1527//1599 1526//1599 1528//1599
f 1527//1600 1528//1600 1521//1600
f 1527//1601 1520//1601 1517//1601
f 1527//1602 1517//1602 1525//1602
f 1527//1603 1521//1603 1520//1603
f 1529//1604 1530//1604 1531//1604
f 1532//1605 1533//1605 1534//1605
f 1535//1606 1536//1606 1537//1606
f 1535//1607 1538//1607 1536//1607
f 1539//1608 1540//1608 1538//1608
f 1539//1609 1538//1609 1535//1609
f 1541//1610 1540//1610 1539//1610
f 1541//1611 1542//1611 1540//1611
f 1543//1612 1537//1612 1544//1612
f 1543//1613 1535//1613 1537//1613
f 1545//1614 1546//1614 1542//1614
f 1545//1615 1542//1615 1541//1615
f 1547//1616 1539//1616 1535//1616
f 1547//1617 1535//1617 1543//1617
f 1548//1618 1546//1618 1545//1618
f 1548//1619 1549//1619 1550//1619
f 1548//1620 1551//1620 1546//1620
f 1548//1621 1550//1621 1551//1621
f 1552//1622 1541//1622 1539//1622
f 1552//1623 1539//1623 1547//1623
f 1553//1624 1544//1624 1554//1624
f 1553//1625 1543//1625 1544//1625
f 1555//1626 1545//1626 1541//1626
f 1555//1627 1541//1627 1552//1627
f 1556//1628 1553//1628 1554//1628
f 1557//1629 1547//1629 1543//1629
f 1557//1630 1543//1630 1553//1630
f 1558//1631 1545//1631 1555//1631
f 1558//1632 1559//1632 1549//1632
f 1558//1633 1549//1633 1548//1633
f 1558//1634 1548//1634 1545//1634
f 1560//1635 1557//1635 1553//1635
f 1560//1636 1553//1636 1556//1636
f 1561//1637 1552//1637 1547//1637
f 1561//1638 1557//1638 1560//1638
f 1561//1639 1547//1639 1557//1639
f 1562//1640 1554//1640 1563//1640
f 1562//1641 1556//1641 1554//1641
f 1562//1642 1560//1642 1556//1642
f 1564//1643 1561//1643 1560//1643
f 1565//1644 1552//1644 1561//1644
f 1565//1645 1555//1645 1552//1645
f 1566//1646 1560//1646 1562//1646
f 1567//1647 1562//1647 1563//1647
f 1568//1648 1565//1648 1561//1648
f 1568//1649 1561//1649 1564//1649
f 1569//1650 1558//1650 1555//1650
f 1569//1651 1570//1651 1559//1651
f 1569//1652 1559//1652 1558//1652
f 1569//1653 1555//1653 1565//1653
f 1571//1654 1564//1654 1560//1654
f 1571//1655 1568//1655 1564//1655
f 1571//1656 1560//1656 1566//1656
f 1572//1657 1566//1657 1562//1657
f 1572//1658 1562//1658 1567//1658
f 1573//1659 1565//1659 1568//1659
f 1573//1660 1574//1660 1570//1660
f 1573//1661 1569//1661 1565//1661
f 1573//1662 1570//1662 1569//1662
f 1575//1663 1563//1663 1576//1663
f 1575//1664 1567//1664 1563//1664
f 1577//1665 1568//1665 1571//1665
f 1577//1666 1573//1666 1568//1666
f 1578//1667 1566//1667 1572//1667
f 1578//1668 1571//1668 1566//1668
f 1579//1669 1572//1669 1567//1669
f 1579//1670 1567//1670 1575//1670
f 1580//1671 1573//1671 1577//1671
f 1580//1672 1574//1672 1573//1672
f 1581//1673 1575//1673 1576//1673
f 1582//1674 1571//1674 1578//1674
f 1582//1675 1577//1675 1571//1675
f 1582//1676 1580//1676 1577//1676
f 1583//1677 1578//1677 1572//1677
f 1583//1678 1572//1678 1579//1678
f 1584//1679 1575//1679 1581//1679
f 1584//1680 1579//1680 1575//1680
f 1585//1681 1586//1681 1574//1681
f 1585//1682 1574//1682 1580//1682
f 1585//1683 1580//1683 1582//1683
f 1587//1684 1576//1684 1588//1684
f 1587//1685 1581//1685 1576//1685
f 1589//1686 1578//1686 1583//1686
f 1589//1687 1582//1687 1578//1687
f 1590//1688 1579//1688 1584//1688
f 1590//1689 1583//1689 1579//1689
f 1591//1690 1581//1690 1587//1690
f 1591//1691 1584//1691 1581//1691
f 1592//1692 1585//1692 1582//1692
f 1592//1693 1586//1693 1585//1693
f 1592//1694 1582//1694 1589//1694
f 1593//1695 1587//1695 1588//1695
f 1594//1696 1583//1696 1590//1696
f 1594//1697 1589//1697 1583//1697
f 1594//1698 1592//1698 1589//1698
f 1595//1699 1584//1699 1591//1699
f 1595//1700 1590//1700 1584//1700
f 1596//1701 1588//1701 1597//1701
f 1596//1702 1593//1702 1588//1702
f 1598//1703 1591//1703 1587//1703
f 1598//1704 1587//1704 1593//1704
f 1598//1705 1593//1705 1596//1705
f 1599//1706 1586//1706 1592//1706
f 1599//1707 1592//1707 1594//1707
f 1599//1708 1600//1708 1586//1708
f 1601//1709 1590//1709 1595//1709
f 1601//1710 1594//1710 1590//1710
f 1602//1711 1598//1711 1596//1711
f 1603//1712 1595//1712 1591//1712
f 1603//1713 1591//1713 1598//1713
f 1604//1714 1594//1714 1601//1714
f 1604//1715 1599//1715 1594//1715
f 1604//1716 1600//1716 1599//1716
f 1605//1717 1597//1717 1606//1717
f 1605//1718 1596//1718 1597//1718
f 1607//1719 1598//1719 1602//1719
f 1607//1720 1603//1720 1598//1720
f 1608//1721 1601//1721 1595//1721
f 1608//1722 1595//1722 1603//1722
f 1609//1723 1602//1723 1596//1723
f 1609//1724 1596//1724 1605//1724
f 1610//1725 1608//1725 1603//1725
f 1610//1726 1603//1726 1607//1726
f 1611//1727 1612//1727 1600//1727
f 1611//1728 1604//1728 1601//1728
f 1611//1729 1601//1729 1608//1729
f 1611//1730 1600//1730 1604//1730
f 1613//1731 1607//1731 1602//1731
f 1613//1732 1602//1732 1609//1732
f 1614//1733 1608//1733 1610//1733
f 1614//1734 1612//1734 1611//1734
f 1614//1735 1611//1735 1608//1735
f 1615//1736 1605//1736 1606//1736
f 1616//1737 1610//1737 1607//1737
f 1616//1738 1607//1738 1613//1738
f 1616//1739 1614//1739 1610//1739
f 1617//1740 1605//1740 1615//1740
f 1617//1741 1609//1741 1605//1741
f 1617//1742 1613//1742 1609//1742
f 1618//1743 1614//1743 1616//1743
f 1618//1744 1619//1744 1612//1744
f 1618//1745 1612//1745 1614//1745
f 1620//1746 1613//1746 1617//1746
f 1621//1747 1615//1747 1606//1747
f 1621//1748 1606//1748 1622//1748
f 1621//1749 1617//1749 1615//1749
f 1623//1750 1616//1750 1613//1750
f 1623//1751 1618//1751 1616//1751
f 1623//1752 1613//1752 1620//1752
f 1624//1753 1617//1753 1621//1753
f 1625//1754 1626//1754 1619//1754
f 1625//1755 1619//1755 1618//1755
f 1625//1756 1618//1756 1623//1756
f 1627//1757 1620//1757 1617//1757
f 1627//1758 1617//1758 1624//1758
f 1628//1759 1622//1759 1629//1759
f 1628//1760 1621//1760 1622//1760
f 1630//1761 1620//1761 1627//1761
f 1630//1762 1623//1762 1620//1762
f 1631//1763 1621//1763 1628//1763
f 1631//1764 1624//1764 1621//1764
f 1632//1765 1623//1765 1630//1765
f 1632//1766 1633//1766 1626//1766
f 1632//1767 1626//1767 1625//1767
f 1632//1768 1625//1768 1623//1768
f 1634//1769 1627//1769 1624//1769
f 1634//1770 1624//1770 1631//1770
f 1635//1771 1628//1771 1629//1771
f 1635//1772 1629//1772 1636//1772
f 1637//1773 1632//1773 1630//1773
f 1637//1774 1627//1774 1634//1774
f 1637//1775 1630//1775 1627//1775
f 1638//1776 1628//1776 1635//1776
f 1638//1777 1631//1777 1628//1777
f 1639//1778 1633//1778 1632//1778
f 1639//1779 1632//1779 1637//1779
f 1639//1780 1640//1780 1633//1780
f 1641//1781 1634//1781 1631//1781
f 1641//1782 1631//1782 1638//1782
f 1642//1783 1636//1783 1643//1783
f 1642//1784 1635//1784 1636//1784
f 1644//1785 1637//1785 1634//1785
f 1644//1786 1634//1786 1641//1786
f 1645//1787 1635//1787 1642//1787
f 1645//1788 1638//1788 1635//1788
f 1645//1789 1641//1789 1638//1789
f 1646//1790 1639//1790 1637//1790
f 1646//1791 1640//1791 1639//1791
f 1646//1792 1637//1792 1644//1792
f 1646//1793 1647//1793 1640//1793
f 1648//1794 1641//1794 1645//1794
f 1649//1795 1643//1795 1650//1795
f 1649//1796 1642//1796 1643//1796
f 1651//1797 1644//1797 1641//1797
f 1651//1798 1641//1798 1648//1798
f 1652//1799 1649//1799 1650//1799
f 1653//1800 1645//1800 1642//1800
f 1653//1801 1642//1801 1649//1801
f 1653//1802 1649//1802 1652//1802
f 1654//1803 1655//1803 1647//1803
f 1654//1804 1644//1804 1651//1804
f 1654//1805 1646//1805 1644//1805
f 1654//1806 1647//1806 1646//1806
f 1656//1807 1653//1807 1652//1807
f 1657//1808 1648//1808 1645//1808
f 1657//1809 1645//1809 1653//1809
f 1658//1810 1650//1810 1659//1810
f 1658//1811 1652//1811 1650//1811
f 1660//1812 1653//1812 1656//1812
f 1660//1813 1657//1813 1653//1813
f 1661//1814 1651//1814 1648//1814
f 1661//1815 1648//1815 1657//1815
f 1662//1816 1652//1816 1658//1816
f 1662//1817 1656//1817 1652//1817
f 1663//1818 1658//1818 1659//1818
f 1663//1819 1662//1819 1658//1819
f 1664//1820 1661//1820 1657//1820
f 1664//1821 1657//1821 1660//1821
f 1665//1822 1666//1822 1655//1822
f 1665//1823 1655//1823 1654//1823
f 1665//1824 1654//1824 1651//1824
f 1665//1825 1651//1825 1661//1825
f 1667//1826 1660//1826 1656//1826
f 1667//1827 1656//1827 1662//1827
f 1667//1828 1664//1828 1660//1828
f 1668//1829 1662//1829 1663//1829
f 1668//1830 1667//1830 1662//1830
f 1669//1831 1670//1831 1666//1831
f 1669//1832 1661//1832 1664//1832
f 1669//1833 1666//1833 1665//1833
f 1669//1834 1665//1834 1661//1834
f 1671//1835 1659//1835 1672//1835
f 1671//1836 1663//1836 1659//1836
f 1673//1837 1664//1837 1667//1837
f 1674//1838 1673//1838 1667//1838
f 1674//1839 1667//1839 1668//1839
f 1675//1840 1663//1840 1671//1840
f 1675//1841 1674//1841 1668//1841
f 1675//1842 1668//1842 1663//1842
f 1676//1843 1664//1843 1673//1843
f 1676//1844 1670//1844 1669//1844
f 1676//1845 1669//1845 1664//1845
f 1677//1846 1671//1846 1672//1846
f 1678//1847 1673//1847 1674//1847
f 1679//1848 1674//1848 1675//1848
f 1680//1849 1671//1849 1677//1849
f 1680//1850 1675//1850 1671//1850
f 1681//1851 1670//1851 1676//1851
f 1681//1852 1673//1852 1678//1852
f 1681//1853 1682//1853 1670//1853
f 1681//1854 1676//1854 1673//1854
f 1683//1855 1677//1855 1672//1855
f 1683//1856 1672//1856 1684//1856
f 1685//1857 1678//1857 1674//1857
f 1685//1858 1674//1858 1679//1858
f 1685//1859 1681//1859 1678//1859
f 1686//1860 1675//1860 1680//1860
f 1686//1861 1679//1861 1675//1861
f 1687//1862 1680//1862 1677//1862
f 1687//1863 1677//1863 1683//1863
f 1687//1864 1686//1864 1680//1864
f 1688//1865 1682//1865 1681//1865
f 1688//1866 1681//1866 1685//1866
f 1689//1867 1683//1867 1684//1867
f 1690//1868 1679//1868 1686//1868
f 1690//1869 1685//1869 1679//1869
f 1691//1870 1686//1870 1687//1870
f 1691//1871 1690//1871 1686//1871
f 1692//1872 1684//1872 1693//1872
f 1692//1873 1689//1873 1684//1873
f 1694//1874 1687//1874 1683//1874
f 1694//1875 1683//1875 1689//1875
f 1695//1876 1682//1876 1688//1876
f 1695//1877 1688//1877 1685//1877
f 1695//1878 1696//1878 1682//1878
f 1695//1879 1685//1879 1690//1879
f 1697//1880 1690//1880 1691//1880
f 1698//1881 1689//1881 1692//1881
f 1698//1882 1694//1882 1689//1882
f 1699//1883 1691//1883 1687//1883
f 1699//1884 1687//1884 1694//1884
f 1700//1885 1690//1885 1697//1885
f 1700//1886 1696//1886 1695//1886
f 1700//1887 1695//1887 1690//1887
f 1701//1888 1694//1888 1698//1888
f 1701//1889 1699//1889 1694//1889
f 1702//1890 1692//1890 1693//1890
f 1702//1891 1698//1891 1692//1891
f 1703//1892 1697//1892 1691//1892
f 1703//1893 1691//1893 1699//1893
f 1704//1894 1703//1894 1699//1894
f 1704//1895 1699//1895 1701//1895
f 1705//1896 1701//1896 1698//1896
f 1705//1897 1698//1897 1702//1897
f 1706//1898 1707//1898 1696//1898
f 1706//1899 1697//1899 1703//1899
f 1706//1900 1696//1900 1700//1900
f 1706//1901 1700//1901 1697//1901
f 1708//1902 1707//1902 1706//1902
f 1708//1903 1703//1903 1704//1903
f 1708//1904 1706//1904 1703//1904
f 1709//1905 1704//1905 1701//1905
f 1709//1906 1701//1906 1705//1906
f 1710//1907 1530//1907 1529//1907
f 1710//1908 1693//1908 1530//1908
f 1710//1909 1705//1909 1702//1909
f 1710//1910 1702//1910 1693//1910
f 1711//1911 1704//1911 1709//1911
f 1712//1912 1529//1912 1713//1912
f 1712//1913 1705//1913 1710//1913
f 1712//1914 1709//1914 1705//1914
f 1712//1915 1710//1915 1529//1915
f 1714//1916 1715//1916 1707//1916
f 1714//1917 1707//1917 1708//1917
f 1714//1918 1708//1918 1704//1918
f 1714//1919 1704//1919 1711//1919
f 1716//1920 1713//1920 1717//1920
f 1716//1921 1712//1921 1713//1921
f 1716//1922 1709//1922 1712//1922
f 1718//1923 1711//1923 1709//1923
f 1718//1924 1717//1924 1719//1924
f 1718//1925 1719//1925 1534//1925
f 1718//1926 1716//1926 1717//1926
f 1718//1927 1709//1927 1716//1927
f 1720//1928 1714//1928 1711//1928
f 1720//1929 1711//1929 1718//1929
f 1720//1930 1533//1930 1715//1930
f 1720//1931 1718//1931 1534//1931
f 1720//1932 1534//1932 1533//1932
f 1720//1933 1715//1933 1714//1933
f 1721//1934 1550//1934 1549//1934
f 1721//1935 1722//1935 1550//1935
f 1723//1936 1299//1936 1298//1936
f 1723//1937 1724//1937 1722//1937
f 1723//1938 1298//1938 1724//1938
f 1723//1939 1722//1939 1721//1939
f 1725//1940 1549//1940 1559//1940
f 1725//1941 1721//1941 1549//1941
f 1726//1942 1723//1942 1721//1942
f 1726//1943 1306//1943 1299//1943
f 1726//1944 1721//1944 1725//1944
f 1726//1945 1299//1945 1723//1945
f 1727//1946 1559//1946 1570//1946
f 1727//1947 1725//1947 1559//1947
f 1728//1948 1725//1948 1727//1948
f 1728//1949 1310//1949 1306//1949
f 1728//1950 1726//1950 1725//1950
f 1728//1951 1306//1951 1726//1951
f 1729//1952 1570//1952 1574//1952
f 1729//1953 1727//1953 1570//1953
f 1730//1954 1728//1954 1727//1954
f 1730//1955 1314//1955 1310//1955
f 1730//1956 1310//1956 1728//1956
f 1730//1957 1727//1957 1729//1957
f 1731//1958 1574//1958 1586//1958
f 1731//1959 1729//1959 1574//1959
f 1732//1960 1318//1960 1314//1960
f 1732//1961 1314//1961 1730//1961
f 1732//1962 1729//1962 1731//1962
f 1732//1963 1730//1963 1729//1963
f 1733//1964 1586//1964 1600//1964
f 1733//1965 1731//1965 1586//1965
f 1734//1966 1322//1966 1318//1966
f 1734//1967 1732//1967 1731//1967
f 1734//1968 1318//1968 1732//1968
f 1734//1969 1731//1969 1733//1969
f 1735//1970 1600//1970 1612//1970
f 1735//1971 1733//1971 1600//1971
f 1736//1972 1326//1972 1322//1972
f 1736//1973 1733//1973 1735//1973
f 1736//1974 1322//1974 1734//1974
f 1736//1975 1734//1975 1733//1975
f 1737//1976 1735//1976 1612//1976
f 1738//1977 1326//1977 1736//1977
f 1738//1978 1736//1978 1735//1978
f 1738//1979 1735//1979 1737//1979
f 1739//1980 1612//1980 1619//1980
f 1739//1981 1737//1981 1612//1981
f 1739//1982 1738//1982 1737//1982
f 1740//1983 1326//1983 1738//1983
f 1740//1984 1327//1984 1326//1984
f 1740//1985 1738//1985 1739//1985
f 1741//1986 1619//1986 1626//1986
f 1741//1987 1739//1987 1619//1987
f 1742//1988 1740//1988 1739//1988
f 1742//1989 1334//1989 1327//1989
f 1742//1990 1739//1990 1741//1990
f 1742//1991 1327//1991 1740//1991
f 1743//1992 1626//1992 1633//1992
f 1743//1993 1741//1993 1626//1993
f 1744//1994 1338//1994 1334//1994
f 1744//1995 1742//1995 1741//1995
f 1744//1996 1741//1996 1743//1996
f 1744//1997 1334//1997 1742//1997
f 1745//1998 1633//1998 1640//1998
f 1745//1999 1743//1999 1633//1999
f 1746//2000 1338//2000 1744//2000
f 1746//2001 1342//2001 1338//2001
f 1746//2002 1744//2002 1743//2002
f 1746//2003 1743//2003 1745//2003
f 1747//2004 1640//2004 1647//2004
f 1747//2005 1745//2005 1640//2005
f 1748//2006 1346//2006 1342//2006
f 1748//2007 1342//2007 1746//2007
f 1748//2008 1746//2008 1745//2008
f 1748//2009 1745//2009 1747//2009
f 1749//2010 1747//2010 1647//2010
f 1749//2011 1647//2011 1655//2011
f 1750//2012 1747//2012 1749//2012
f 1750//2013 1350//2013 1346//2013
f 1750//2014 1346//2014 1748//2014
f 1750//2015 1748//2015 1747//2015
f 1751//2016 1749//2016 1655//2016
f 1751//2017 1655//2017 1666//2017
f 1752//2018 1749//2018 1751//2018
f 1752//2019 1351//2019 1350//2019
f 1752//2020 1750//2020 1749//2020
f 1752//2021 1350//2021 1750//2021
f 1753//2022 1751//2022 1666//2022
f 1754//2023 1752//2023 1751//2023
f 1754//2024 1751//2024 1753//2024
f 1754//2025 1351//2025 1752//2025
f 1755//2026 1666//2026 1670//2026
f 1755//2027 1753//2027 1666//2027
f 1756//2028 1753//2028 1755//2028
f 1756//2029 1358//2029 1351//2029
f 1756//2030 1754//2030 1753//2030
f 1756//2031 1351//2031 1754//2031
f 1757//2032 1755//2032 1670//2032
f 1757//2033 1670//2033 1682//2033
f 1757//2034 1756//2034 1755//2034
f 1758//2035 1362//2035 1358//2035
f 1758//2036 1358//2036 1756//2036
f 1758//2037 1756//2037 1757//2037
f 1759//2038 1682//2038 1696//2038
f 1759//2039 1757//2039 1682//2039
f 1760//2040 1757//2040 1759//2040
f 1760//2041 1363//2041 1362//2041
f 1760//2042 1758//2042 1757//2042
f 1760//2043 1362//2043 1758//2043
f 1761//2044 1696//2044 1707//2044
f 1761//2045 1759//2045 1696//2045
f 1762//2046 1759//2046 1761//2046
f 1762//2047 1760//2047 1759//2047
f 1762//2048 1363//2048 1760//2048
f 1762//2049 1370//2049 1363//2049
f 1763//2050 1761//2050 1707//2050
f 1763//2051 1707//2051 1715//2051
f 1764//2052 1370//2052 1762//2052
f 1764//2053 1762//2053 1761//2053
f 1764//2054 1761//2054 1763//2054
f 1764//2055 1375//2055 1370//2055
f 1765//2056 1763//2056 1715//2056
f 1765//2057 1715//2057 1533//2057
f 1766//2058 1764//2058 1763//2058
f 1766//2059 1763//2059 1765//2059
f 1766//2060 1375//2060 1764//2060
f 1766//2061 1378//2061 1375//2061
f 1767//2062 1765//2062 1533//2062
f 1767//2063 1533//2063 1532//2063
f 1767//2064 1532//2064 1768//2064
f 1769//2065 1768//2065 1770//2065
f 1769//2066 1378//2066 1766//2066
f 1769//2067 1770//2067 1379//2067
f 1769//2068 1766//2068 1765//2068
f 1769//2069 1765//2069 1767//2069
f 1769//2070 1767//2070 1768//2070
f 1769//2071 1379//2071 1378//2071
f 1771//2072 1772//2072 1773//2072
f 1771//2073 1774//2073 1772//2073
f 1775//2074 1773//2074 1776//2074
f 1775//2075 1771//2075 1773//2075
f 1777//2076 1776//2076 1778//2076
f 1777//2077 1775//2077 1776//2077
f 1779//2078 1778//2078 1780//2078
f 1779//2079 1777//2079 1778//2079
f 1781//2080 1780//2080 1782//2080
f 1781//2081 1779//2081 1780//2081
f 1783//2082 1782//2082 1784//2082
f 1783//2083 1781//2083 1782//2083
f 1785//2084 1786//2084 1787//2084
f 1788//2085 1789//2085 1790//2085
f 1788//2086 1791//2086 1789//2086
f 1792//2087 1784//2087 1793//2087
f 1792//2088 1793//2088 1794//2088
f 1792//2089 1795//2089 1796//2089
f 1792//2090 1796//2090 1783//2090
f 1792//2091 1783//2091 1784//2091
f 1792//2092 1794//2092 1795//2092
f 1797//2093 1794//2093 1798//2093
f 1797//2094 1799//2094 1795//2094
f 1797//2095 1795//2095 1794//2095
f 1797//2096 1798//2096 1799//2096
f 1800//2097 1798//2097 1801//2097
f 1800//2098 1801//2098 1802//2098
f 1800//2099 1803//2099 1799//2099
f 1800//2100 1799//2100 1798//2100
f 1800//2101 1802//2101 1803//2101
f 1804//2102 1802//2102 1786//2102
f 1804//2103 1785//2103 1805//2103
f 1804//2104 1805//2104 1803//2104
f 1804//2105 1803//2105 1802//2105
f 1804//2106 1786//2106 1785//2106
f 1806//2107 1787//2107 1807//2107
f 1806//2108 1808//2108 1785//2108
f 1806//2109 1785//2109 1787//2109
f 1806//2110 1807//2110 1808//2110
f 1809//2111 1807//2111 1810//2111
f 1809//2112 1810//2112 1789//2112
f 1809//2113 1791//2113 1808//2113
f 1809//2114 1808//2114 1807//2114
f 1809//2115 1789//2115 1791//2115
f 1811//2116 1812//2116 1813//2116
f 1814//2117 1811//2117 1813//2117
f 1815//2118 1813//2118 1816//2118
f 1815//2119 1814//2119 1813//2119
f 1817//2120 1816//2120 1818//2120
f 1817//2121 1815//2121 1816//2121
f 1819//2122 1818//2122 1820//2122
f 1819//2123 1817//2123 1818//2123
f 1821//2124 1820//2124 1822//2124
f 1821//2125 1819//2125 1820//2125
f 1823//2126 1822//2126 1824//2126
f 1823//2127 1821//2127 1822//2127
f 1825//2128 1824//2128 1826//2128
f 1825//2129 1823//2129 1824//2129
f 1827//2130 1826//2130 1828//2130
f 1827//2131 1828//2131 1829//2131
f 1827//2132 1825//2132 1826//2132
f 1830//2133 1829//2133 1831//2133
f 1830//2134 1827//2134 1829//2134
f 1832//2135 1831//2135 1833//2135
f 1832//2136 1830//2136 1831//2136
f 1834//2137 1833//2137 1835//2137
f 1834//2138 1835//2138 1836//2138
f 1834//2139 1832//2139 1833//2139
f 1837//2140 1836//2140 1838//2140
f 1837//2141 1834//2141 1836//2141
f 1839//2142 1838//2142 1840//2142
f 1839//2143 1837//2143 1838//2143
f 1841//2144 1840//2144 1842//2144
f 1841//2145 1839//2145 1840//2145
f 1843//2146 1842//2146 1844//2146
f 1843//2147 1841//2147 1842//2147
f 1845//2148 1846//2148 1847//2148
f 1848//2149 1846//2149 1845//2149
f 1849//2150 1848//2150 1845//2150
f 1850//2151 1848//2151 1849//2151
f 1851//2152 1850//2152 1849//2152
f 1851//2153 1849//2153 1852//2153
f 1853//2154 1852//2154 1854//2154
f 1853//2155 1851//2155 1852//2155
f 1855//2156 1853//2156 1854//2156
f 1856//2157 1853//2157 1855//2157
f 1857//2158 1856//2158 1855//2158
f 1858//2159 1856//2159 1857//2159
f 1859//2160 1858//2160 1857//2160
f 1860//2161 1858//2161 1859//2161
f 1861//2162 1859//2162 1862//2162
f 1861//2163 1860//2163 1859//2163
f 1863//2164 1862//2164 1864//2164
f 1863//2165 1861//2165 1862//2165
f 1865//2166 1864//2166 1866//2166
f 1865//2167 1863//2167 1864//2167
f 1867//2168 1866//2168 1868//2168
f 1867//2169 1865//2169 1866//2169
f 1869//2170 1867//2170 1868//2170
f 1870//2171 1869//2171 1868//2171
f 1871//2172 1869//2172 1870//2172
f 1872//2173 1871//2173 1870//2173
f 1873//2174 1871//2174 1872//2174
f 1874//2175 1873//2175 1872//2175
f 1875//2176 1873//2176 1874//2176
f 1876//2177 1875//2177 1874//2177
f 1877//2178 1875//2178 1876//2178
f 1878//2179 1876//2179 1879//2179
f 1878//2180 1877//2180 1876//2180
f 1880//2181 1879//2181 1881//2181
f 1880//2182 1878//2182 1879//2182
f 1774//2183 1881//2183 1772//2183
f 1774//2184 1880//2184 1881//2184
f 1882//2185 1788//2185 1790//2185
f 1882//2186 1790//2186 1883//2186
f 1884//2187 1882//2187 1883//2187
f 1885//2188 1883//2188 1886//2188
f 1885//2189 1884//2189 1883//2189
f 1887//2190 1843//2190 1844//2190
f 1887//2191 1844//2191 1888//2191
f 1889//2192 1886//2192 1890//2192
f 1889//2193 1885//2193 1886//2193
f 1891//2194 1888//2194 1892//2194
f 1891//2195 1887//2195 1888//2195
f 1893//2196 1890//2196 1894//2196
f 1893//2197 1889//2197 1890//2197
f 1895//2198 1892//2198 1896//2198
f 1895//2199 1891//2199 1892//2199
f 1897//2200 1895//2200 1896//2200
f 1898//2201 1895//2201 1897//2201
f 1899//2202 1898//2202 1897//2202
f 1900//2203 1898//2203 1899//2203
f 1901//2204 1900//2204 1902//2204
f 1903//2205 1901//2205 1902//2205
f 1904//2206 1901//2206 1903//2206
f 1904//2207 1903//2207 1905//2207
f 1906//2208 1904//2208 1905//2208
f 1906//2209 1905//2209 1907//2209
f 1908//2210 1909//2210 1910//2210
f 1911//2211 1908//2211 1912//2211
f 1913//2212 1914//2212 1915//2212
f 1811//2213 1915//2213 1812//2213
f 1811//2214 1913//2214 1915//2214
f 1899//2215 1902//2215 1900//2215
f 1910//2216 1912//2216 1908//2216
f 1916//2217 1910//2217 1909//2217
f 1907//2218 1916//2218 1909//2218
f 1907//2219 1909//2219 1906//2219
f 1917//2220 1894//2220 1918//2220
f 1917//2221 1919//2221 1920//2221
f 1917//2222 1920//2222 1893//2222
f 1917//2223 1918//2223 1919//2223
f 1917//2224 1893//2224 1894//2224
f 1921//2225 1918//2225 1922//2225
f 1921//2226 1922//2226 1923//2226
f 1921//2227 1923//2227 1924//2227
f 1921//2228 1924//2228 1919//2228
f 1921//2229 1919//2229 1918//2229
f 1925//2230 1923//2230 1926//2230
f 1925//2231 1924//2231 1923//2231
f 1925//2232 1927//2232 1924//2232
f 1928//2233 1926//2233 1929//2233
f 1928//2234 1929//2234 1930//2234
f 1928//2235 1931//2235 1932//2235
f 1928//2236 1930//2236 1931//2236
f 1928//2237 1932//2237 1933//2237
f 1928//2238 1933//2238 1927//2238
f 1928//2239 1925//2239 1926//2239
f 1928//2240 1927//2240 1925//2240
f 1934//2241 1930//2241 1935//2241
f 1934//2242 1936//2242 1931//2242
f 1934//2243 1931//2243 1930//2243
f 1937//2244 1935//2244 1938//2244
f 1937//2245 1938//2245 1939//2245
f 1937//2246 1936//2246 1934//2246
f 1937//2247 1940//2247 1911//2247
f 1937//2248 1934//2248 1935//2248
f 1937//2249 1912//2249 1936//2249
f 1937//2250 1911//2250 1912//2250
f 1941//2251 1939//2251 1942//2251
f 1941//2252 1942//2252 1943//2252
f 1941//2253 1944//2253 1940//2253
f 1941//2254 1940//2254 1937//2254
f 1941//2255 1943//2255 1944//2255
f 1941//2256 1937//2256 1939//2256
f 1945//2257 1943//2257 1914//2257
f 1945//2258 1913//2258 1944//2258
f 1945//2259 1944//2259 1943//2259
f 1945//2260 1914//2260 1913//2260
f 1946//2261 1768//2261 1532//2261
f 1946//2262 1532//2262 1947//2262
f 1948//2263 1770//2263 1768//2263
f 1948//2264 1379//2264 1770//2264
f 1948//2265 1949//2265 1379//2265
f 1948//2266 1768//2266 1946//2266
f 1950//2267 1947//2267 1951//2267
f 1950//2268 1946//2268 1947//2268
f 1952//2269 1946//2269 1950//2269
f 1952//2270 1953//2270 1949//2270
f 1952//2271 1949//2271 1948//2271
f 1952//2272 1948//2272 1946//2272
f 1954//2273 1951//2273 1955//2273
f 1954//2274 1950//2274 1951//2274
f 1956//2275 1957//2275 1953//2275
f 1956//2276 1952//2276 1950//2276
f 1956//2277 1953//2277 1952//2277
f 1956//2278 1950//2278 1954//2278
f 1958//2279 1955//2279 1959//2279
f 1958//2280 1956//2280 1954//2280
f 1958//2281 1954//2281 1955//2281
f 1960//2282 1957//2282 1956//2282
f 1960//2283 1956//2283 1958//2283
f 1960//2284 1961//2284 1957//2284
f 1962//2285 1959//2285 1963//2285
f 1962//2286 1958//2286 1959//2286
f 1964//2287 1965//2287 1961//2287
f 1964//2288 1960//2288 1958//2288
f 1964//2289 1961//2289 1960//2289
f 1964//2290 1958//2290 1962//2290
f 1966//2291 1963//2291 1967//2291
f 1966//2292 1962//2292 1963//2292
f 1968//2293 1969//2293 1965//2293
f 1968//2294 1962//2294 1966//2294
f 1968//2295 1965//2295 1964//2295
f 1968//2296 1964//2296 1962//2296
f 1970//2297 1967//2297 1971//2297
f 1970//2298 1968//2298 1966//2298
f 1970//2299 1966//2299 1967//2299
f 1972//2300 1968//2300 1970//2300
f 1972//2301 1973//2301 1969//2301
f 1972//2302 1969//2302 1968//2302
f 1974//2303 1970//2303 1971//2303
f 1975//2304 1973//2304 1972//2304
f 1975//2305 1970//2305 1974//2305
f 1975//2306 1972//2306 1970//2306
f 1976//2307 1971//2307 1977//2307
f 1976//2308 1974//2308 1971//2308
f 1978//2309 1979//2309 1973//2309
f 1978//2310 1974//2310 1976//2310
f 1978//2311 1975//2311 1974//2311
f 1978//2312 1973//2312 1975//2312
f 1980//2313 1977//2313 1981//2313
f 1980//2314 1976//2314 1977//2314
f 1982//2315 1978//2315 1976//2315
f 1982//2316 1983//2316 1979//2316
f 1982//2317 1976//2317 1980//2317
f 1982//2318 1979//2318 1978//2318
f 1984//2319 1981//2319 1985//2319
f 1984//2320 1980//2320 1981//2320
f 1986//2321 1987//2321 1983//2321
f 1986//2322 1982//2322 1980//2322
f 1986//2323 1980//2323 1984//2323
f 1986//2324 1983//2324 1982//2324
f 1988//2325 1985//2325 1989//2325
f 1988//2326 1986//2326 1984//2326
f 1988//2327 1984//2327 1985//2327
f 1990//2328 1991//2328 1987//2328
f 1990//2329 1986//2329 1988//2329
f 1990//2330 1987//2330 1986//2330
f 1992//2331 1989//2331 1993//2331
f 1992//2332 1988//2332 1989//2332
f 1992//2333 1990//2333 1988//2333
f 1994//2334 1995//2334 1991//2334
f 1994//2335 1991//2335 1990//2335
f 1994//2336 1990//2336 1992//2336
f 1996//2337 1992//2337 1993//2337
f 1996//2338 1993//2338 1997//2338
f 1998//2339 1992//2339 1996//2339
f 1998//2340 1999//2340 1995//2340
f 1998//2341 1994//2341 1992//2341
f 1998//2342 1995//2342 1994//2342
f 2000//2343 1996//2343 1997//2343
f 2000//2344 1997//2344 2001//2344
f 2000//2345 1998//2345 1996//2345
f 2002//2346 2003//2346 1999//2346
f 2002//2347 1999//2347 1998//2347
f 2002//2348 1998//2348 2000//2348
f 2004//2349 2000//2349 2001//2349
f 2004//2350 2002//2350 2000//2350
f 2005//2351 2003//2351 2002//2351
f 2005//2352 2002//2352 2004//2352
f 2006//2353 2001//2353 2007//2353
f 2006//2354 2004//2354 2001//2354
f 2008//2355 2009//2355 2003//2355
f 2008//2356 2005//2356 2004//2356
f 2008//2357 2003//2357 2005//2357
f 2008//2358 2004//2358 2006//2358
f 2010//2359 2006//2359 2007//2359
f 2010//2360 2007//2360 2011//2360
f 2012//2361 2013//2361 2009//2361
f 2012//2362 2009//2362 2008//2362
f 2012//2363 2006//2363 2010//2363
f 2012//2364 2008//2364 2006//2364
f 2014//2365 2011//2365 2015//2365
f 2014//2366 2010//2366 2011//2366
f 2016//2367 2010//2367 2014//2367
f 2016//2368 2013//2368 2012//2368
f 2016//2369 2017//2369 2013//2369
f 2016//2370 2012//2370 2010//2370
f 2018//2371 2016//2371 2014//2371
f 2018//2372 2015//2372 2019//2372
f 2018//2373 2014//2373 2015//2373
f 2020//2374 2016//2374 2018//2374
f 2020//2375 2017//2375 2016//2375
f 2020//2376 2021//2376 2017//2376
f 2022//2377 2018//2377 2019//2377
f 2022//2378 2019//2378 2023//2378
f 2022//2379 2020//2379 2018//2379
f 2024//2380 2021//2380 2020//2380
f 2024//2381 2020//2381 2022//2381
f 2024//2382 2025//2382 2021//2382
f 2026//2383 2022//2383 2023//2383
f 2026//2384 2023//2384 2027//2384
f 2028//2385 2024//2385 2022//2385
f 2028//2386 2025//2386 2024//2386
f 2028//2387 2022//2387 2026//2387
f 2028//2388 2029//2388 2025//2388
f 2030//2389 2026//2389 2027//2389
f 2030//2390 2027//2390 1550//2390
f 2030//2391 1550//2391 1722//2391
f 2031//2392 2028//2392 2026//2392
f 2031//2393 2029//2393 2028//2393
f 2031//2394 2030//2394 1722//2394
f 2031//2395 1722//2395 1724//2395
f 2031//2396 1724//2396 1298//2396
f 2031//2397 2026//2397 2030//2397
f 2031//2398 1298//2398 2029//2398
f 1550//2399 2027//2399 1551//2399
f 2032//2400 1529//2400 1531//2400
f 2032//2401 1531//2401 2033//2401
f 2034//2402 1713//2402 1529//2402
f 2034//2403 1529//2403 2032//2403
f 2035//2404 1717//2404 1713//2404
f 2035//2405 1713//2405 2034//2405
f 2036//2406 2033//2406 2037//2406
f 2036//2407 2032//2407 2033//2407
f 2038//2408 1719//2408 1717//2408
f 2038//2409 1717//2409 2035//2409
f 2039//2410 2032//2410 2036//2410
f 2039//2411 2034//2411 2032//2411
f 2040//2412 1534//2412 1719//2412
f 2040//2413 1532//2413 1534//2413
f 2040//2414 1947//2414 1532//2414
f 2040//2415 1719//2415 2038//2415
f 2041//2416 2034//2416 2039//2416
f 2041//2417 2035//2417 2034//2417
f 2042//2418 2037//2418 2043//2418
f 2042//2419 2036//2419 2037//2419
f 2044//2420 2035//2420 2041//2420
f 2044//2421 2038//2421 2035//2421
f 2045//2422 2042//2422 2043//2422
f 2046//2423 2039//2423 2036//2423
f 2046//2424 2036//2424 2042//2424
f 2047//2425 1947//2425 2040//2425
f 2047//2426 1951//2426 1947//2426
f 2047//2427 2040//2427 2038//2427
f 2047//2428 2038//2428 2044//2428
f 2048//2429 2042//2429 2045//2429
f 2048//2430 2046//2430 2042//2430
f 2049//2431 2039//2431 2046//2431
f 2049//2432 2041//2432 2039//2432
f 2050//2433 2043//2433 2051//2433
f 2050//2434 2045//2434 2043//2434
f 2052//2435 2049//2435 2046//2435
f 2052//2436 2046//2436 2048//2436
f 2053//2437 2047//2437 2044//2437
f 2053//2438 2044//2438 2041//2438
f 2053//2439 2041//2439 2049//2439
f 2054//2440 2048//2440 2045//2440
f 2054//2441 2045//2441 2050//2441
f 2055//2442 2050//2442 2051//2442
f 2056//2443 2053//2443 2049//2443
f 2056//2444 2049//2444 2052//2444
f 2057//2445 2047//2445 2053//2445
f 2057//2446 1955//2446 1951//2446
f 2057//2447 1951//2447 2047//2447
f 2058//2448 2056//2448 2052//2448
f 2058//2449 2048//2449 2054//2449
f 2058//2450 2052//2450 2048//2450
f 2059//2451 2050//2451 2055//2451
f 2059//2452 2054//2452 2050//2452
f 2060//2453 1955//2453 2057//2453
f 2060//2454 1959//2454 1955//2454
f 2060//2455 2053//2455 2056//2455
f 2060//2456 2057//2456 2053//2456
f 2061//2457 2051//2457 2062//2457
f 2061//2458 2055//2458 2051//2458
f 2063//2459 2056//2459 2058//2459
f 2064//2460 2058//2460 2054//2460
f 2064//2461 2054//2461 2059//2461
f 2065//2462 2055//2462 2061//2462
f 2065//2463 2059//2463 2055//2463
f 2066//2464 1959//2464 2060//2464
f 2066//2465 2060//2465 2056//2465
f 2066//2466 2056//2466 2063//2466
f 2067//2467 2061//2467 2062//2467
f 2068//2468 2058//2468 2064//2468
f 2068//2469 2063//2469 2058//2469
f 2069//2470 2064//2470 2059//2470
f 2069//2471 2059//2471 2065//2471
f 2070//2472 2061//2472 2067//2472
f 2070//2473 2065//2473 2061//2473
f 2071//2474 1963//2474 1959//2474
f 2071//2475 1959//2475 2066//2475
f 2071//2476 2066//2476 2063//2476
f 2071//2477 2063//2477 2068//2477
f 2072//2478 2062//2478 2073//2478
f 2072//2479 2067//2479 2062//2479
f 2072//2480 2070//2480 2067//2480
f 2074//2481 2071//2481 2068//2481
f 2074//2482 2064//2482 2069//2482
f 2074//2483 2068//2483 2064//2483
f 2075//2484 2065//2484 2070//2484
f 2075//2485 2069//2485 2065//2485
f 2076//2486 2070//2486 2072//2486
f 2077//2487 2071//2487 2074//2487
f 2077//2488 1963//2488 2071//2488
f 2078//2489 2072//2489 2073//2489
f 2079//2490 2074//2490 2069//2490
f 2079//2491 2069//2491 2075//2491
f 2080//2492 2070//2492 2076//2492
f 2080//2493 2079//2493 2075//2493
f 2080//2494 2075//2494 2070//2494
f 2081//2495 2073//2495 2082//2495
f 2081//2496 2078//2496 2073//2496
f 2083//2497 2076//2497 2072//2497
f 2083//2498 2072//2498 2078//2498
f 2084//2499 2074//2499 2079//2499
f 2084//2500 1963//2500 2077//2500
f 2084//2501 1967//2501 1963//2501
f 2084//2502 2077//2502 2074//2502
f 2085//2503 2079//2503 2080//2503
f 2086//2504 2078//2504 2081//2504
f 2086//2505 2083//2505 2078//2505
f 2087//2506 2080//2506 2076//2506
f 2087//2507 2076//2507 2083//2507
f 2087//2508 2083//2508 2086//2508
f 2088//2509 2084//2509 2079//2509
f 2088//2510 2079//2510 2085//2510
f 2088//2511 1967//2511 2084//2511
f 2089//2512 2081//2512 2082//2512
f 2090//2513 2087//2513 2086//2513
f 2091//2514 2085//2514 2080//2514
f 2091//2515 2080//2515 2087//2515
f 2092//2516 2086//2516 2081//2516
f 2092//2517 2081//2517 2089//2517
f 2093//2518 2087//2518 2090//2518
f 2093//2519 2091//2519 2087//2519
f 2094//2520 2088//2520 2085//2520
f 2094//2521 1971//2521 1967//2521
f 2094//2522 2085//2522 2091//2522
f 2094//2523 1967//2523 2088//2523
f 2094//2524 2091//2524 2093//2524
f 2095//2525 2090//2525 2086//2525
f 2095//2526 2086//2526 2092//2526
f 2096//2527 1971//2527 2094//2527
f 2096//2528 2094//2528 2093//2528
f 2097//2529 2089//2529 2082//2529
f 2097//2530 2082//2530 2098//2530
f 2097//2531 2092//2531 2089//2531
f 2099//2532 2093//2532 2090//2532
f 2099//2533 2090//2533 2095//2533
f 2100//2534 2092//2534 2097//2534
f 2101//2535 1977//2535 1971//2535
f 2101//2536 2093//2536 2099//2536
f 2101//2537 1971//2537 2096//2537
f 2101//2538 2096//2538 2093//2538
f 2102//2539 2095//2539 2092//2539
f 2102//2540 2092//2540 2100//2540
f 2103//2541 2097//2541 2098//2541
f 2103//2542 2098//2542 2104//2542
f 2105//2543 2099//2543 2095//2543
f 2105//2544 2095//2544 2102//2544
f 2106//2545 2097//2545 2103//2545
f 2106//2546 2100//2546 2097//2546
f 2107//2547 1981//2547 1977//2547
f 2107//2548 2099//2548 2105//2548
f 2107//2549 1977//2549 2101//2549
f 2107//2550 2101//2550 2099//2550
f 2108//2551 2102//2551 2100//2551
f 2108//2552 2100//2552 2106//2552
f 2109//2553 2103//2553 2104//2553
f 2109//2554 2104//2554 2110//2554
f 2111//2555 2102//2555 2108//2555
f 2111//2556 2105//2556 2102//2556
f 2112//2557 2106//2557 2103//2557
f 2112//2558 2103//2558 2109//2558
f 2113//2559 1981//2559 2107//2559
f 2113//2560 2105//2560 2111//2560
f 2113//2561 1985//2561 1981//2561
f 2113//2562 2107//2562 2105//2562
f 2114//2563 2108//2563 2106//2563
f 2114//2564 2106//2564 2112//2564
f 2115//2565 2109//2565 2110//2565
f 2115//2566 2110//2566 2116//2566
f 2117//2567 2111//2567 2108//2567
f 2117//2568 2113//2568 2111//2568
f 2117//2569 2108//2569 2114//2569
f 2118//2570 2109//2570 2115//2570
f 2118//2571 2114//2571 2112//2571
f 2118//2572 2112//2572 2109//2572
f 2119//2573 1985//2573 2113//2573
f 2119//2574 2113//2574 2117//2574
f 2119//2575 1989//2575 1985//2575
f 2120//2576 2114//2576 2118//2576
f 2121//2577 2116//2577 2122//2577
f 2121//2578 2115//2578 2116//2578
f 2123//2579 2114//2579 2120//2579
f 2123//2580 2117//2580 2114//2580
f 2124//2581 2118//2581 2115//2581
f 2124//2582 2115//2582 2121//2582
f 2125//2583 2119//2583 2117//2583
f 2125//2584 1989//2584 2119//2584
f 2125//2585 2117//2585 2123//2585
f 2125//2586 1993//2586 1989//2586
f 2126//2587 2120//2587 2118//2587
f 2126//2588 2118//2588 2124//2588
f 2127//2589 2122//2589 2128//2589
f 2127//2590 2121//2590 2122//2590
f 2129//2591 2123//2591 2120//2591
f 2129//2592 2120//2592 2126//2592
f 2130//2593 2127//2593 2128//2593
f 2131//2594 2124//2594 2121//2594
f 2131//2595 2121//2595 2127//2595
f 2132//2596 2123//2596 2129//2596
f 2132//2597 2125//2597 2123//2597
f 2132//2598 1993//2598 2125//2598
f 2132//2599 1997//2599 1993//2599
f 2132//2600 2001//2600 1997//2600
f 2133//2601 2131//2601 2127//2601
f 2133//2602 2127//2602 2130//2602
f 2134//2603 2126//2603 2124//2603
f 2134//2604 2124//2604 2131//2604
f 2134//2605 2131//2605 2133//2605
f 2135//2606 2128//2606 2136//2606
f 2135//2607 2130//2607 2128//2607
f 2135//2608 2133//2608 2130//2608
f 2137//2609 2134//2609 2133//2609
f 2138//2610 2129//2610 2126//2610
f 2138//2611 2126//2611 2134//2611
f 2139//2612 2133//2612 2135//2612
f 2140//2613 2139//2613 2135//2613
f 2140//2614 2135//2614 2136//2614
f 2141//2615 2134//2615 2137//2615
f 2141//2616 2138//2616 2134//2616
f 2142//2617 2132//2617 2129//2617
f 2142//2618 2001//2618 2132//2618
f 2142//2619 2129//2619 2138//2619
f 2143//2620 2137//2620 2133//2620
f 2143//2621 2133//2621 2139//2621
f 2143//2622 2141//2622 2137//2622
f 2144//2623 2139//2623 2140//2623
f 2145//2624 2007//2624 2001//2624
f 2145//2625 2138//2625 2141//2625
f 2145//2626 2001//2626 2142//2626
f 2145//2627 2142//2627 2138//2627
f 2146//2628 2136//2628 2147//2628
f 2146//2629 2140//2629 2136//2629
f 2146//2630 2144//2630 2140//2630
f 2148//2631 2141//2631 2143//2631
f 2149//2632 2148//2632 2143//2632
f 2149//2633 2143//2633 2139//2633
f 2149//2634 2139//2634 2144//2634
f 2150//2635 2144//2635 2146//2635
f 2151//2636 2141//2636 2148//2636
f 2151//2637 2007//2637 2145//2637
f 2151//2638 2145//2638 2141//2638
f 2152//2639 2146//2639 2147//2639
f 2153//2640 2148//2640 2149//2640
f 2154//2641 2149//2641 2144//2641
f 2154//2642 2144//2642 2150//2642
f 2155//2643 2150//2643 2146//2643
f 2155//2644 2146//2644 2152//2644
f 2156//2645 2007//2645 2151//2645
f 2156//2646 2148//2646 2153//2646
f 2156//2647 2011//2647 2007//2647
f 2156//2648 2151//2648 2148//2648
f 2157//2649 2152//2649 2147//2649
f 2157//2650 2147//2650 2158//2650
f 2157//2651 2155//2651 2152//2651
f 2159//2652 2153//2652 2149//2652
f 2159//2653 2149//2653 2154//2653
f 2160//2654 2154//2654 2150//2654
f 2160//2655 2150//2655 2155//2655
f 2160//2656 2159//2656 2154//2656
f 2161//2657 2155//2657 2157//2657
f 2162//2658 2153//2658 2159//2658
f 2162//2659 2011//2659 2156//2659
f 2162//2660 2156//2660 2153//2660
f 2163//2661 2157//2661 2158//2661
f 2164//2662 2159//2662 2160//2662
f 2165//2663 2160//2663 2155//2663
f 2165//2664 2155//2664 2161//2664
f 2165//2665 2164//2665 2160//2665
f 2166//2666 2158//2666 2167//2666
f 2166//2667 2163//2667 2158//2667
f 2168//2668 2157//2668 2163//2668
f 2168//2669 2161//2669 2157//2669
f 2168//2670 2163//2670 2166//2670
f 2169//2671 2011//2671 2162//2671
f 2169//2672 2162//2672 2159//2672
f 2169//2673 2159//2673 2164//2673
f 2169//2674 2015//2674 2011//2674
f 2170//2675 2164//2675 2165//2675
f 2170//2676 2169//2676 2164//2676
f 2171//2677 2168//2677 2166//2677
f 2172//2678 2161//2678 2168//2678
f 2172//2679 2165//2679 2161//2679
f 2173//2680 2015//2680 2169//2680
f 2173//2681 2169//2681 2170//2681
f 2174//2682 2172//2682 2168//2682
f 2174//2683 2168//2683 2171//2683
f 2175//2684 2166//2684 2167//2684
f 2176//2685 2170//2685 2165//2685
f 2176//2686 2165//2686 2172//2686
f 2177//2687 2172//2687 2174//2687
f 2177//2688 2176//2688 2172//2688
f 2178//2689 2166//2689 2175//2689
f 2178//2690 2171//2690 2166//2690
f 2179//2691 2019//2691 2015//2691
f 2179//2692 2170//2692 2176//2692
f 2179//2693 2015//2693 2173//2693
f 2179//2694 2173//2694 2170//2694
f 2180//2695 2019//2695 2179//2695
f 2180//2696 2179//2696 2176//2696
f 2180//2697 2176//2697 2177//2697
f 2181//2698 2174//2698 2171//2698
f 2181//2699 2177//2699 2174//2699
f 2181//2700 2171//2700 2178//2700
f 2182//2701 2167//2701 2183//2701
f 2182//2702 2183//2702 1536//2702
f 2182//2703 1536//2703 1538//2703
f 2182//2704 2175//2704 2167//2704
f 2184//2705 2177//2705 2181//2705
f 2185//2706 1538//2706 1540//2706
f 2185//2707 2182//2707 1538//2707
f 2185//2708 2178//2708 2175//2708
f 2185//2709 2175//2709 2182//2709
f 2186//2710 2177//2710 2184//2710
f 2186//2711 2023//2711 2019//2711
f 2186//2712 2019//2712 2180//2712
f 2186//2713 2180//2713 2177//2713
f 2187//2714 2178//2714 2185//2714
f 2187//2715 2185//2715 1540//2715
f 2187//2716 1540//2716 1542//2716
f 2187//2717 2181//2717 2178//2717
f 2188//2718 2184//2718 2181//2718
f 2188//2719 2187//2719 1542//2719
f 2188//2720 1542//2720 1546//2720
f 2188//2721 2181//2721 2187//2721
f 2189//2722 2023//2722 2186//2722
f 2189//2723 2184//2723 2188//2723
f 2189//2724 2188//2724 1546//2724
f 2189//2725 1546//2725 1551//2725
f 2189//2726 2027//2726 2023//2726
f 2189//2727 1551//2727 2027//2727
f 2189//2728 2186//2728 2184//2728
f 1386//2729 1303//2729 1302//2729
f 1288//2730 1388//2730 2190//2730
f 1286//2731 1388//2731 1288//2731
f 1284//2732 1388//2732 1286//2732
f 1282//2733 1388//2733 1284//2733
f 1392//2734 1394//2734 2191//2734
f 1392//2735 2191//2735 2192//2735
f 1392//2736 2192//2736 2193//2736
f 1392//2737 2193//2737 2194//2737
f 1383//2738 1399//2738 1384//2738
f 2195//2739 1324//2739 1329//2739
f 2195//2740 1329//2740 1332//2740
f 2196//2741 1320//2741 1324//2741
f 2196//2742 1324//2742 2195//2742
f 2197//2743 1312//2743 1316//2743
f 2197//2744 1316//2744 1320//2744
f 2197//2745 1320//2745 2196//2745
f 2198//2746 1332//2746 1336//2746
f 2198//2747 2195//2747 1332//2747
f 2199//2748 1312//2748 2197//2748
f 2199//2749 1308//2749 1312//2749
f 2200//2750 2196//2750 2195//2750
f 2200//2751 2195//2751 2198//2751
f 2201//2752 1302//2752 1308//2752
f 2201//2753 1386//2753 1302//2753
f 2201//2754 1308//2754 2199//2754
f 2202//2755 2196//2755 2200//2755
f 2202//2756 2197//2756 2196//2756
f 2203//2757 1336//2757 1340//2757
f 2203//2758 2198//2758 1336//2758
f 2204//2759 2199//2759 2197//2759
f 2204//2760 2197//2760 2202//2760
f 2205//2761 2198//2761 2203//2761
f 2205//2762 2200//2762 2198//2762
f 2206//2763 1388//2763 1386//2763
f 2206//2764 2199//2764 2204//2764
f 2206//2765 1386//2765 2201//2765
f 2206//2766 2201//2766 2199//2766
f 2207//2767 2200//2767 2205//2767
f 2207//2768 2202//2768 2200//2768
f 2208//2769 1340//2769 1344//2769
f 2208//2770 2203//2770 1340//2770
f 2209//2771 2204//2771 2202//2771
f 2209//2772 2202//2772 2207//2772
f 2210//2773 1290//2773 2211//2773
f 2210//2774 2211//2774 2212//2774
f 2210//2775 2212//2775 2213//2775
f 2210//2776 2213//2776 2214//2776
f 2210//2777 2214//2777 2215//2777
f 2210//2778 2205//2778 2203//2778
f 2210//2779 2203//2779 2208//2779
f 2216//2780 2217//2780 2218//2780
f 2216//2781 2218//2781 2219//2781
f 2216//2782 2219//2782 2190//2782
f 2216//2783 2204//2783 2209//2783
f 2216//2784 2206//2784 2204//2784
f 2216//2785 2190//2785 1388//2785
f 2216//2786 1388//2786 2206//2786
f 2216//2787 2220//2787 2221//2787
f 2216//2788 2221//2788 2222//2788
f 2216//2789 2222//2789 2217//2789
f 2223//2790 2205//2790 2210//2790
f 2223//2791 2207//2791 2205//2791
f 2223//2792 2215//2792 2224//2792
f 2223//2793 2224//2793 2225//2793
f 2223//2794 2225//2794 2226//2794
f 2223//2795 2226//2795 2227//2795
f 2223//2796 2227//2796 2228//2796
f 2223//2797 2228//2797 2229//2797
f 2223//2798 2210//2798 2215//2798
f 2230//2799 1344//2799 1348//2799
f 2230//2800 2208//2800 1344//2800
f 2231//2801 2207//2801 2223//2801
f 2231//2802 2209//2802 2207//2802
f 2231//2803 2223//2803 2229//2803
f 2231//2804 2232//2804 2233//2804
f 2231//2805 2233//2805 2234//2805
f 2235//2806 2210//2806 2208//2806
f 2235//2807 1290//2807 2210//2807
f 2235//2808 2208//2808 2230//2808
f 2235//2809 2236//2809 2237//2809
f 2235//2810 2237//2810 1296//2810
f 2235//2811 1296//2811 1294//2811
f 2235//2812 1294//2812 1292//2812
f 2235//2813 1292//2813 1290//2813
f 2238//2814 2220//2814 2216//2814
f 2238//2815 2216//2815 2209//2815
f 2238//2816 2239//2816 2240//2816
f 2238//2817 2240//2817 2241//2817
f 2238//2818 2241//2818 2242//2818
f 2238//2819 2242//2819 2243//2819
f 2238//2820 2209//2820 2231//2820
f 2238//2821 2243//2821 2244//2821
f 2238//2822 2244//2822 2245//2822
f 2238//2823 2245//2823 2220//2823
f 2246//2824 2230//2824 1348//2824
f 2246//2825 1348//2825 1353//2825
f 2247//2826 2232//2826 2231//2826
f 2247//2827 2231//2827 2229//2827
f 2247//2828 2229//2828 2248//2828
f 2247//2829 2248//2829 2249//2829
f 2247//2830 2249//2830 2250//2830
f 2247//2831 2250//2831 2232//2831
f 2251//2832 2230//2832 2246//2832
f 2251//2833 2235//2833 2230//2833
f 2252//2834 2239//2834 2238//2834
f 2252//2835 2238//2835 2231//2835
f 2252//2836 2231//2836 2234//2836
f 2252//2837 2234//2837 2253//2837
f 2252//2838 2253//2838 2254//2838
f 2252//2839 2254//2839 2255//2839
f 2252//2840 2255//2840 2256//2840
f 2252//2841 2256//2841 2257//2841
f 2252//2842 2257//2842 2239//2842
f 2258//2843 2235//2843 2251//2843
f 2258//2844 2259//2844 2260//2844
f 2258//2845 2260//2845 2261//2845
f 2258//2846 2261//2846 2262//2846
f 2258//2847 2262//2847 2263//2847
f 2258//2848 2263//2848 2264//2848
f 2258//2849 2264//2849 2236//2849
f 2258//2850 2236//2850 2235//2850
f 2265//2851 2246//2851 1353//2851
f 2265//2852 1353//2852 1354//2852
f 2265//2853 1354//2853 1360//2853
f 2266//2854 2267//2854 2268//2854
f 2266//2855 2268//2855 2269//2855
f 2266//2856 2269//2856 2270//2856
f 2266//2857 2270//2857 2259//2857
f 2271//2858 2251//2858 2246//2858
f 2271//2859 2246//2859 2265//2859
f 2272//2860 2251//2860 2271//2860
f 2272//2861 2258//2861 2251//2861
f 2273//2862 2258//2862 2272//2862
f 2273//2863 2259//2863 2258//2863
f 2273//2864 2274//2864 2275//2864
f 2273//2865 2275//2865 2267//2865
f 2273//2866 2266//2866 2259//2866
f 2273//2867 2267//2867 2266//2867
f 2276//2868 1360//2868 1365//2868
f 2276//2869 2271//2869 2265//2869
f 2276//2870 2265//2870 1360//2870
f 2277//2871 2274//2871 2273//2871
f 2277//2872 2278//2872 2279//2872
f 2277//2873 2279//2873 2280//2873
f 2277//2874 2280//2874 2281//2874
f 2277//2875 2281//2875 2282//2875
f 2277//2876 2282//2876 2283//2876
f 2277//2877 2283//2877 2274//2877
f 2284//2878 2272//2878 2271//2878
f 2284//2879 2271//2879 2276//2879
f 2285//2880 2273//2880 2272//2880
f 2285//2881 2272//2881 2284//2881
f 2286//2882 2287//2882 2288//2882
f 2286//2883 2288//2883 2289//2883
f 2286//2884 2273//2884 2285//2884
f 2286//2885 2289//2885 2290//2885
f 2286//2886 2290//2886 2291//2886
f 2286//2887 2291//2887 2292//2887
f 2286//2888 2292//2888 2293//2888
f 2286//2889 2293//2889 2278//2889
f 2286//2890 2278//2890 2277//2890
f 2286//2891 2277//2891 2273//2891
f 2294//2892 1365//2892 1366//2892
f 2294//2893 1366//2893 1372//2893
f 2294//2894 2276//2894 1365//2894
f 2294//2895 2284//2895 2276//2895
f 2295//2896 2285//2896 2284//2896
f 2295//2897 2284//2897 2294//2897
f 2296//2898 2287//2898 2286//2898
f 2296//2899 1392//2899 2194//2899
f 2296//2900 2194//2900 2297//2900
f 2296//2901 2297//2901 2298//2901
f 2296//2902 2298//2902 2299//2902
f 2296//2903 2299//2903 2300//2903
f 2296//2904 2300//2904 2301//2904
f 2296//2905 2301//2905 2287//2905
f 2296//2906 2286//2906 2285//2906
f 2296//2907 2285//2907 2295//2907
f 2302//2908 2294//2908 1372//2908
f 2302//2909 1372//2909 1373//2909
f 2302//2910 2295//2910 2294//2910
f 2303//2911 1392//2911 2296//2911
f 2303//2912 2296//2912 2295//2912
f 2303//2913 1399//2913 1392//2913
f 2303//2914 2295//2914 2302//2914
f 2304//2915 1384//2915 1399//2915
f 2304//2916 1399//2916 2303//2916
f 2304//2917 1373//2917 1384//2917
f 2304//2918 2302//2918 1373//2918
f 2304//2919 2303//2919 2302//2919
f 2305//2920 1380//2920 1379//2920
f 2305//2921 1379//2921 1949//2921
f 2306//2922 1382//2922 1380//2922
f 2306//2923 1383//2923 1382//2923
f 2306//2924 1398//2924 1383//2924
f 2306//2925 1380//2925 2305//2925
f 2307//2926 1949//2926 1953//2926
f 2307//2927 2305//2927 1949//2927
f 2308//2928 1516//2928 1398//2928
f 2308//2929 2305//2929 2307//2929
f 2308//2930 1398//2930 2306//2930
f 2308//2931 2306//2931 2305//2931
f 2309//2932 1953//2932 1957//2932
f 2309//2933 2307//2933 1953//2933
f 2310//2934 1519//2934 1516//2934
f 2310//2935 2308//2935 2307//2935
f 2310//2936 1516//2936 2308//2936
f 2310//2937 2307//2937 2309//2937
f 2311//2938 1957//2938 1961//2938
f 2311//2939 2309//2939 1957//2939
f 2312//2940 1519//2940 2310//2940
f 2312//2941 2310//2941 2309//2941
f 2312//2942 1523//2942 1519//2942
f 2312//2943 2309//2943 2311//2943
f 2313//2944 1961//2944 1965//2944
f 2313//2945 2311//2945 1961//2945
f 2314//2946 1524//2946 1523//2946
f 2314//2947 1526//2947 1524//2947
f 2314//2948 1523//2948 2312//2948
f 2314//2949 2311//2949 2313//2949
f 2314//2950 2312//2950 2311//2950
f 2315//2951 1965//2951 1969//2951
f 2315//2952 2314//2952 2313//2952
f 2315//2953 2313//2953 1965//2953
f 2316//2954 1526//2954 2314//2954
f 2316//2955 2314//2955 2315//2955
f 2317//2956 1969//2956 1973//2956
f 2317//2957 2315//2957 1969//2957
f 2318//2958 2315//2958 2317//2958
f 2318//2959 1526//2959 2316//2959
f 2318//2960 1528//2960 1526//2960
f 2318//2961 2316//2961 2315//2961
f 2319//2962 1973//2962 1979//2962
f 2319//2963 2317//2963 1973//2963
f 2320//2964 2318//2964 2317//2964
f 2320//2965 1521//2965 1528//2965
f 2320//2966 2317//2966 2319//2966
f 2320//2967 1528//2967 2318//2967
f 2321//2968 1979//2968 1983//2968
f 2321//2969 2319//2969 1979//2969
f 2322//2970 1513//2970 1521//2970
f 2322//2971 2319//2971 2321//2971
f 2322//2972 1521//2972 2320//2972
f 2322//2973 2320//2973 2319//2973
f 2323//2974 1983//2974 1987//2974
f 2323//2975 2321//2975 1983//2975
f 2324//2976 1507//2976 1513//2976
f 2324//2977 1488//2977 1507//2977
f 2324//2978 2321//2978 2323//2978
f 2324//2979 1513//2979 2322//2979
f 2324//2980 2322//2980 2321//2980
f 2325//2981 2323//2981 1987//2981
f 2325//2982 1987//2982 1991//2982
f 2325//2983 1991//2983 1995//2983
f 2325//2984 2324//2984 2323//2984
f 2326//2985 1488//2985 2324//2985
f 2326//2986 2324//2986 2325//2986
f 2327//2987 2325//2987 1995//2987
f 2328//2988 2325//2988 2327//2988
f 2328//2989 1471//2989 1488//2989
f 2328//2990 2326//2990 2325//2990
f 2328//2991 1488//2991 2326//2991
f 2329//2992 2327//2992 1995//2992
f 2329//2993 1995//2993 1999//2993
f 2330//2994 1446//2994 1471//2994
f 2330//2995 2327//2995 2329//2995
f 2330//2996 2328//2996 2327//2996
f 2330//2997 1471//2997 2328//2997
f 2331//2998 1999//2998 2003//2998
f 2331//2999 2329//2999 1999//2999
f 2332//3000 1447//3000 1446//3000
f 2332//3001 1446//3001 2330//3001
f 2332//3002 2330//3002 2329//3002
f 2332//3003 2329//3003 2331//3003
f 2333//3004 2331//3004 2003//3004
f 2333//3005 2003//3005 2009//3005
f 2334//3006 1447//3006 2332//3006
f 2334//3007 1434//3007 1447//3007
f 2334//3008 1414//3008 1434//3008
f 2334//3009 2331//3009 2333//3009
f 2334//3010 2332//3010 2331//3010
f 2335//3011 2333//3011 2009//3011
f 2335//3012 2009//3012 2013//3012
f 2336//3013 2333//3013 2335//3013
f 2336//3014 2334//3014 2333//3014
f 2336//3015 1414//3015 2334//3015
f 2337//3016 2013//3016 2017//3016
f 2337//3017 2335//3017 2013//3017
f 2338//3018 2335//3018 2337//3018
f 2338//3019 1415//3019 1414//3019
f 2338//3020 2336//3020 2335//3020
f 2338//3021 1414//3021 2336//3021
f 2339//3022 2017//3022 2021//3022
f 2339//3023 2021//3023 2025//3023
f 2339//3024 2337//3024 2017//3024
f 2340//3025 2337//3025 2339//3025
f 2340//3026 1404//3026 1415//3026
f 2340//3027 1401//3027 1404//3027
f 2340//3028 2338//3028 2337//3028
f 2340//3029 1415//3029 2338//3029
f 2341//3030 2339//3030 2025//3030
f 2342//3031 2339//3031 2341//3031
f 2342//3032 1401//3032 2340//3032
f 2342//3033 2340//3033 2339//3033
f 2343//3034 2025//3034 2029//3034
f 2343//3035 2029//3035 1298//3035
f 2343//3036 1298//3036 1300//3036
f 2343//3037 2341//3037 2025//3037
f 2344//3038 2342//3038 2341//3038
f 2344//3039 1401//3039 2342//3039
f 2344//3040 2343//3040 1300//3040
f 2344//3041 1300//3041 1304//3041
f 2344//3042 1304//3042 1303//3042
f 2344//3043 2341//3043 2343//3043
f 2344//3044 1385//3044 1401//3044
f 2344//3045 1303//3045 1385//3045
f 2193//3046 2192//3046 2345//3046
f 2345//3047 2192//3047 2346//3047
f 2192//3048 2191//3048 2346//3048
f 2346//3049 1394//3049 2347//3049
f 2191//3050 1394//3050 2346//3050
f 1394//3051 1393//3051 2347//3051
f 2347//3052 1397//3052 2348//3052
f 1393//3053 1397//3053 2347//3053
f 1397//3054 1396//3054 2348//3054
f 2288//3055 2349//3055 2289//3055
f 2287//3056 2350//3056 2349//3056
f 2287//3057 2349//3057 2288//3057
f 2301//3058 2350//3058 2287//3058
f 2293//3059 2292//3059 2351//3059
f 2293//3060 2351//3060 2352//3060
f 2278//3061 2293//3061 2352//3061
f 2279//3062 2278//3062 2352//3062
f 2274//3063 2283//3063 2353//3063
f 2275//3064 2353//3064 2354//3064
f 2275//3065 2274//3065 2353//3065
f 2267//3066 2275//3066 2354//3066
f 2355//3067 2259//3067 2270//3067
f 2355//3068 2260//3068 2259//3068
f 2356//3069 2261//3069 2260//3069
f 2356//3070 2260//3070 2355//3070
f 2213//3071 2212//3071 2357//3071
f 2357//3072 2212//3072 2358//3072
f 2358//3073 2211//3073 2359//3073
f 2212//3074 2211//3074 2358//3074
f 2359//3075 1290//3075 1289//3075
f 2211//3076 1290//3076 2359//3076
f 2360//3077 2361//3077 2362//3077
f 2363//3078 2364//3078 2365//3078
f 2366//3079 2363//3079 2365//3079
f 2367//3080 2368//3080 2361//3080
f 2367//3081 2361//3081 2360//3081
f 2369//3082 2363//3082 2366//3082
f 2370//3083 2368//3083 2367//3083
f 2371//3084 2370//3084 2367//3084
f 2372//3085 2369//3085 2366//3085
f 2372//3086 2366//3086 2373//3086
f 2374//3087 2372//3087 2373//3087
f 2375//3088 2372//3088 2374//3088
f 2376//3089 2370//3089 2371//3089
f 2377//3090 2378//3090 2379//3090
f 2380//3091 2381//3091 2382//3091
f 2380//3092 2382//3092 2383//3092
f 2384//3093 1287//3093 2385//3093
f 2384//3094 2385//3094 2378//3094
f 2384//3095 2378//3095 2377//3095
f 2386//3096 2380//3096 2383//3096
f 2387//3097 1283//3097 1285//3097
f 2387//3098 1285//3098 1287//3098
f 2387//3099 1287//3099 2384//3099
f 2388//3100 2383//3100 2389//3100
f 2388//3101 2389//3101 2390//3101
f 2388//3102 2386//3102 2383//3102
f 2391//3103 2372//3103 2375//3103
f 2391//3104 2375//3104 1281//3104
f 2392//3105 2376//3105 2371//3105
f 2393//3106 2394//3106 2391//3106
f 2393//3107 1281//3107 1283//3107
f 2393//3108 2391//3108 1281//3108
f 2393//3109 1283//3109 2387//3109
f 2395//3110 2390//3110 2376//3110
f 2395//3111 2388//3111 2390//3111
f 2395//3112 2376//3112 2392//3112
f 2396//3113 2395//3113 2392//3113
f 2396//3114 2392//3114 2397//3114
f 2398//3115 2399//3115 2394//3115
f 2398//3116 2394//3116 2393//3116
f 2400//3117 2397//3117 2401//3117
f 2400//3118 2396//3118 2397//3118
f 2402//3119 2403//3119 2399//3119
f 2402//3120 2399//3120 2398//3120
f 2404//3121 2403//3121 2402//3121
f 2404//3122 2405//3122 2403//3122
f 2406//3123 2400//3123 2401//3123
f 2406//3124 2401//3124 2407//3124
f 2408//3125 2405//3125 2404//3125
f 2408//3126 2409//3126 2405//3126
f 2410//3127 2406//3127 2407//3127
f 2410//3128 2407//3128 2411//3128
f 2412//3129 2410//3129 2411//3129
f 2412//3130 2411//3130 2413//3130
f 2414//3131 2409//3131 2408//3131
f 2414//3132 2415//3132 2409//3132
f 2416//3133 2412//3133 2413//3133
f 2416//3134 2413//3134 2415//3134
f 2417//3135 2415//3135 2414//3135
f 2418//3136 2415//3136 2417//3136
f 2418//3137 2419//3137 2416//3137
f 2418//3138 2416//3138 2415//3138
f 2420//3139 2418//3139 2417//3139
f 2420//3140 2417//3140 2421//3140
f 2422//3141 2423//3141 2419//3141
f 2422//3142 2419//3142 2418//3142
f 2353//3143 2420//3143 2421//3143
f 2353//3144 2421//3144 2424//3144
f 2352//3145 2425//3145 2423//3145
f 2352//3146 2423//3146 2422//3146
f 2354//3147 2353//3147 2424//3147
f 2354//3148 2424//3148 2426//3148
f 2351//3149 2427//3149 2425//3149
f 2351//3150 2425//3150 2352//3150
f 2428//3151 2354//3151 2426//3151
f 2428//3152 2426//3152 2429//3152
f 2430//3153 2431//3153 2427//3153
f 2430//3154 2427//3154 2351//3154
f 2432//3155 2428//3155 2429//3155
f 2432//3156 2429//3156 2433//3156
f 2434//3157 2435//3157 2431//3157
f 2434//3158 2431//3158 2430//3158
f 2355//3159 2433//3159 2436//3159
f 2355//3160 2432//3160 2433//3160
f 2349//3161 2435//3161 2434//3161
f 2437//3162 2438//3162 2439//3162
f 2440//3163 2441//3163 2442//3163
f 2440//3164 2442//3164 2443//3164
f 2444//3165 2438//3165 2437//3165
f 2444//3166 2445//3166 2446//3166
f 2444//3167 2446//3167 2438//3167
f 2447//3168 2440//3168 2443//3168
f 2357//3169 2445//3169 2444//3169
f 2348//3170 2443//3170 2448//3170
f 2348//3171 2447//3171 2443//3171
f 2358//3172 2445//3172 2357//3172
f 2359//3173 2445//3173 2358//3173
f 2359//3174 2436//3174 2445//3174
f 2347//3175 2348//3175 2448//3175
f 2347//3176 2448//3176 2435//3176
f 1289//3177 2436//3177 2359//3177
f 1289//3178 2355//3178 2436//3178
f 1291//3179 2355//3179 1289//3179
f 2346//3180 2347//3180 2435//3180
f 2346//3181 2435//3181 2349//3181
f 2356//3182 2355//3182 1291//3182
f 2356//3183 1291//3183 1293//3183
f 2350//3184 2346//3184 2349//3184
f 1295//3185 2356//3185 1293//3185
f 2345//3186 2346//3186 2350//3186
f 2449//3187 2356//3187 1295//3187
f 2450//3188 2449//3188 1295//3188
f 2451//3189 2350//3189 2452//3189
f 2451//3190 2345//3190 2350//3190
f 2453//3191 2451//3191 2452//3191
f 2454//3192 2455//3192 2449//3192
f 2454//3193 2449//3193 2450//3193
f 2456//3194 2451//3194 2453//3194
f 2457//3195 2456//3195 2453//3195
f 2458//3196 2455//3196 2454//3196
f 2289//3197 2349//3197 2434//3197
f 2290//3198 2434//3198 2430//3198
f 2290//3199 2289//3199 2434//3199
f 2291//3200 2430//3200 2351//3200
f 2291//3201 2290//3201 2430//3201
f 2292//3202 2291//3202 2351//3202
f 2279//3203 2352//3203 2422//3203
f 2280//3204 2422//3204 2418//3204
f 2280//3205 2279//3205 2422//3205
f 2281//3206 2418//3206 2420//3206
f 2281//3207 2280//3207 2418//3207
f 2282//3208 2420//3208 2353//3208
f 2282//3209 2281//3209 2420//3209
f 2283//3210 2282//3210 2353//3210
f 2267//3211 2354//3211 2428//3211
f 2268//3212 2428//3212 2432//3212
f 2268//3213 2267//3213 2428//3213
f 2269//3214 2432//3214 2355//3214
f 2269//3215 2268//3215 2432//3215
f 2270//3216 2269//3216 2355//3216
f 1296//3217 2450//3217 1295//3217
f 1296//3218 2454//3218 2450//3218
f 2237//3219 2458//3219 1296//3219
f 1296//3220 2458//3220 2454//3220
f 2236//3221 2455//3221 2237//3221
f 2237//3222 2455//3222 2458//3222
f 2236//3223 2449//3223 2455//3223
f 2261//3224 2356//3224 2262//3224
f 2262//3225 2356//3225 2263//3225
f 2263//3226 2356//3226 2264//3226
f 2264//3227 2356//3227 2236//3227
f 2236//3228 2356//3228 2449//3228
f 2297//3229 2350//3229 2298//3229
f 2298//3230 2350//3230 2299//3230
f 2299//3231 2350//3231 2300//3231
f 2300//3232 2350//3232 2301//3232
f 2297//3233 2452//3233 2350//3233
f 2194//3234 2453//3234 2297//3234
f 2297//3235 2453//3235 2452//3235
f 2193//3236 2457//3236 2194//3236
f 2194//3237 2457//3237 2453//3237
f 2193//3238 2456//3238 2457//3238
f 2193//3239 2451//3239 2456//3239
f 2193//3240 2345//3240 2451//3240
f 2229//3241 2436//3241 2248//3241
f 2228//3242 2445//3242 2436//3242
f 2228//3243 2436//3243 2229//3243
f 2227//3244 2445//3244 2228//3244
f 2233//3245 2232//3245 2426//3245
f 2233//3246 2426//3246 2424//3246
f 2234//3247 2233//3247 2424//3247
f 2253//3248 2234//3248 2424//3248
f 2239//3249 2257//3249 2408//3249
f 2240//3250 2408//3250 2404//3250
f 2240//3251 2239//3251 2408//3251
f 2241//3252 2240//3252 2404//3252
f 2220//3253 2393//3253 2387//3253
f 2220//3254 2387//3254 2221//3254
f 2245//3255 2393//3255 2220//3255
f 2244//3256 2393//3256 2245//3256
f 1390//3257 1389//3257 2373//3257
f 2373//3258 1389//3258 2374//3258
f 2374//3259 1387//3259 2375//3259
f 1389//3260 1387//3260 2374//3260
f 2375//3261 1282//3261 1281//3261
f 1387//3262 1282//3262 2375//3262
f 2372//3263 1411//3263 1410//3263
f 2391//3264 1417//3264 1411//3264
f 2391//3265 1418//3265 1417//3265
f 2391//3266 1411//3266 2372//3266
f 1422//3267 1421//3267 2403//3267
f 1422//3268 2403//3268 2405//3268
f 1423//3269 1422//3269 2405//3269
f 1427//3270 1423//3270 2405//3270
f 1432//3271 1431//3271 2411//3271
f 1436//3272 2411//3272 2407//3272
f 1436//3273 1432//3273 2411//3273
f 1437//3274 1436//3274 2407//3274
f 1449//3275 2392//3275 2371//3275
f 1449//3276 2371//3276 1450//3276
f 1441//3277 2392//3277 1449//3277
f 1444//3278 2392//3278 1441//3278
f 1503//3279 1484//3279 2389//3279
f 2389//3280 1484//3280 2390//3280
f 2390//3281 1484//3281 2376//3281
f 2376//3282 1483//3282 2370//3282
f 1484//3283 1483//3283 2376//3283
f 1483//3284 1482//3284 2370//3284
f 2388//3285 1495//3285 1494//3285
f 2395//3286 1465//3286 1495//3286
f 2395//3287 1466//3287 1465//3287
f 2395//3288 1495//3288 2388//3288
f 1486//3289 1469//3289 2406//3289
f 1486//3290 2406//3290 2410//3290
f 1456//3291 1486//3291 2410//3291
f 1457//3292 1456//3292 2410//3292
f 1462//3293 1461//3293 2423//3293
f 1473//3294 2423//3294 2425//3294
f 1473//3295 1462//3295 2423//3295
f 1474//3296 1473//3296 2425//3296
f 2435//3297 1478//3297 1477//3297
f 2435//3298 1479//3298 1478//3298
f 2448//3299 1497//3299 1479//3299
f 2448//3300 1479//3300 2435//3300
f 2248//3301 2436//3301 2433//3301
f 2249//3302 2433//3302 2429//3302
f 2249//3303 2248//3303 2433//3303
f 2250//3304 2429//3304 2426//3304
f 2250//3305 2249//3305 2429//3305
f 2232//3306 2250//3306 2426//3306
f 2253//3307 2424//3307 2421//3307
f 2254//3308 2421//3308 2417//3308
f 2254//3309 2253//3309 2421//3309
f 2255//3310 2417//3310 2414//3310
f 2255//3311 2254//3311 2417//3311
f 2256//3312 2414//3312 2408//3312
f 2256//3313 2255//3313 2414//3313
f 2257//3314 2256//3314 2408//3314
f 2241//3315 2404//3315 2402//3315
f 2242//3316 2402//3316 2398//3316
f 2242//3317 2241//3317 2402//3317
f 2243//3318 2398//3318 2393//3318
f 2243//3319 2242//3319 2398//3319
f 2244//3320 2243//3320 2393//3320
f 1418//3321 2391//3321 2394//3321
f 1419//3322 2394//3322 2399//3322
f 1419//3323 1418//3323 2394//3323
f 1420//3324 2399//3324 2403//3324
f 1420//3325 1419//3325 2399//3325
f 1421//3326 1420//3326 2403//3326
f 1427//3327 2405//3327 2409//3327
f 1428//3328 2409//3328 2415//3328
f 1428//3329 1427//3329 2409//3329
f 1429//3330 2415//3330 2413//3330
f 1429//3331 1428//3331 2415//3331
f 1430//3332 2413//3332 2411//3332
f 1430//3333 1429//3333 2413//3333
f 1431//3334 1430//3334 2411//3334
f 1437//3335 2407//3335 2401//3335
f 1442//3336 2401//3336 2397//3336
f 1442//3337 1437//3337 2401//3337
f 1443//3338 2397//3338 2392//3338
f 1443//3339 1442//3339 2397//3339
f 1444//3340 1443//3340 2392//3340
f 1466//3341 2395//3341 2396//3341
f 1467//3342 2396//3342 2400//3342
f 1467//3343 1466//3343 2396//3343
f 1468//3344 2400//3344 2406//3344
f 1468//3345 1467//3345 2400//3345
f 1469//3346 1468//3346 2406//3346
f 1457//3347 2410//3347 2412//3347
f 1458//3348 2412//3348 2416//3348
f 1458//3349 1457//3349 2412//3349
f 1459//3350 2416//3350 2419//3350
f 1459//3351 1458//3351 2416//3351
f 1460//3352 2419//3352 2423//3352
f 1460//3353 1459//3353 2419//3353
f 1461//3354 1460//3354 2423//3354
f 1474//3355 2425//3355 2427//3355
f 1475//3356 2427//3356 2431//3356
f 1475//3357 1474//3357 2427//3357
f 1476//3358 2431//3358 2435//3358
f 1476//3359 1475//3359 2431//3359
f 1477//3360 1476//3360 2435//3360
f 1288//3361 2385//3361 1287//3361
f 1288//3362 2378//3362 2385//3362
f 2190//3363 2379//3363 1288//3363
f 1288//3364 2379//3364 2378//3364
f 2219//3365 2377//3365 2190//3365
f 2190//3366 2377//3366 2379//3366
f 2219//3367 2384//3367 2377//3367
f 2221//3368 2387//3368 2222//3368
f 2222//3369 2387//3369 2217//3369
f 2217//3370 2387//3370 2218//3370
f 2218//3371 2387//3371 2219//3371
f 2219//3372 2387//3372 2384//3372
f 2215//3373 2445//3373 2224//3373
f 2224//3374 2445//3374 2225//3374
f 2225//3375 2445//3375 2226//3375
f 2226//3376 2445//3376 2227//3376
f 2215//3377 2446//3377 2445//3377
f 2214//3378 2438//3378 2215//3378
f 2215//3379 2438//3379 2446//3379
f 2213//3380 2439//3380 2214//3380
f 2214//3381 2439//3381 2438//3381
f 2213//3382 2437//3382 2439//3382
f 2213//3383 2444//3383 2437//3383
f 2213//3384 2357//3384 2444//3384
f 1482//3385 2368//3385 2370//3385
f 1482//3386 2361//3386 2368//3386
f 1481//3387 2362//3387 1482//3387
f 1482//3388 2362//3388 2361//3388
f 1454//3389 2360//3389 1481//3389
f 1481//3390 2360//3390 2362//3390
f 1454//3391 2367//3391 2360//3391
f 1450//3392 2371//3392 1451//3392
f 1451//3393 2371//3393 1452//3393
f 1452//3394 2371//3394 1453//3394
f 1453//3395 2371//3395 1454//3395
f 1454//3396 2371//3396 2367//3396
f 1406//3397 2372//3397 1407//3397
f 1407//3398 2372//3398 1408//3398
f 1408//3399 2372//3399 1409//3399
f 1409//3400 2372//3400 1410//3400
f 1406//3401 2369//3401 2372//3401
f 1391//3402 2363//3402 1406//3402
f 1406//3403 2363//3403 2369//3403
f 1390//3404 2364//3404 1391//3404
f 1391//3405 2364//3405 2363//3405
f 1390//3406 2365//3406 2364//3406
f 1390//3407 2366//3407 2365//3407
f 1390//3408 2373//3408 2366//3408
f 1396//3409 2447//3409 2348//3409
f 1396//3410 2440//3410 2447//3410
f 1395//3411 2441//3411 1396//3411
f 1396//3412 2441//3412 2440//3412
f 1501//3413 2442//3413 1395//3413
f 1395//3414 2442//3414 2441//3414
f 1501//3415 2443//3415 2442//3415
f 1497//3416 2448//3416 1498//3416
f 1498//3417 2448//3417 1499//3417
f 1499//3418 2448//3418 1500//3418
f 1500//3419 2448//3419 1501//3419
f 1501//3420 2448//3420 2443//3420
f 1490//3421 2388//3421 1491//3421
f 1491//3422 2388//3422 1492//3422
f 1492//3423 2388//3423 1493//3423
f 1493//3424 2388//3424 1494//3424
f 1490//3425 2386//3425 2388//3425
f 1504//3426 2380//3426 1490//3426
f 1490//3427 2380//3427 2386//3427
f 1503//3428 2381//3428 1504//3428
f 1504//3429 2381//3429 2380//3429
f 1503//3430 2382//3430 2381//3430
f 1503//3431 2383//3431 2382//3431
f 1503//3432 2389//3432 2383//3432
f 1834//3433 2136//3433 2128//3433
f 1834//3434 2147//3434 2136//3434
f 1837//3435 2158//3435 2147//3435
f 1837//3436 2147//3436 1834//3436
f 1832//3437 2128//3437 2122//3437
f 1832//3438 1834//3438 2128//3438
f 1839//3439 2167//3439 2158//3439
f 1839//3440 2158//3440 1837//3440
f 1830//3441 2122//3441 2116//3441
f 1830//3442 1832//3442 2122//3442
f 1841//3443 2183//3443 2167//3443
f 1841//3444 2167//3444 1839//3444
f 1827//3445 2116//3445 2110//3445
f 1827//3446 1830//3446 2116//3446
f 1843//3447 1537//3447 1536//3447
f 1843//3448 2183//3448 1841//3448
f 1843//3449 1536//3449 2183//3449
f 1825//3450 1827//3450 2110//3450
f 1825//3451 2104//3451 2098//3451
f 1825//3452 2110//3452 2104//3452
f 1887//3453 1544//3453 1537//3453
f 1887//3454 1537//3454 1843//3454
f 1823//3455 2098//3455 2082//3455
f 1823//3456 1825//3456 2098//3456
f 1891//3457 1554//3457 1544//3457
f 1891//3458 1544//3458 1887//3458
f 1821//3459 1823//3459 2082//3459
f 1821//3460 2082//3460 2073//3460
f 1895//3461 1563//3461 1554//3461
f 1895//3462 1554//3462 1891//3462
f 1819//3463 2073//3463 2062//3463
f 1819//3464 1821//3464 2073//3464
f 1898//3465 1563//3465 1895//3465
f 1576//3466 1563//3466 1898//3466
f 2051//3467 1819//3467 2062//3467
f 2051//3468 1817//3468 1819//3468
f 1588//3469 1576//3469 1898//3469
f 1588//3470 1898//3470 1900//3470
f 2043//3471 1817//3471 2051//3471
f 2043//3472 1815//3472 1817//3472
f 1597//3473 1900//3473 1901//3473
f 1597//3474 1588//3474 1900//3474
f 2037//3475 1815//3475 2043//3475
f 2037//3476 1814//3476 1815//3476
f 1606//3477 1901//3477 1904//3477
f 1606//3478 1597//3478 1901//3478
f 2033//3479 1814//3479 2037//3479
f 2033//3480 1811//3480 1814//3480
f 1622//3481 1606//3481 1904//3481
f 1531//3482 1811//3482 2033//3482
f 1629//3483 1904//3483 1906//3483
f 1629//3484 1622//3484 1904//3484
f 1530//3485 1913//3485 1811//3485
f 1530//3486 1811//3486 1531//3486
f 1636//3487 1906//3487 1909//3487
f 1636//3488 1629//3488 1906//3488
f 1693//3489 1944//3489 1913//3489
f 1693//3490 1913//3490 1530//3490
f 1643//3491 1909//3491 1908//3491
f 1643//3492 1636//3492 1909//3492
f 1684//3493 1940//3493 1944//3493
f 1684//3494 1944//3494 1693//3494
f 1650//3495 1908//3495 1911//3495
f 1650//3496 1643//3496 1908//3496
f 1672//3497 1911//3497 1940//3497
f 1672//3498 1940//3498 1684//3498
f 1659//3499 1650//3499 1911//3499
f 1659//3500 1911//3500 1672//3500
f 2459//3501 1279//3501 1280//3501
f 2459//3502 1280//3502 2460//3502
f 2461//3503 2459//3503 2460//3503
f 2462//3504 2461//3504 2460//3504
f 2463//3505 2461//3505 2462//3505
f 2464//3506 2463//3506 2462//3506
f 2465//3507 2463//3507 2464//3507
f 2466//3508 2465//3508 2464//3508
f 2467//3509 2465//3509 2466//3509
f 2468//3510 2467//3510 2466//3510
f 2469//3511 2467//3511 2468//3511
f 2470//3512 2469//3512 2468//3512
f 2471//3513 2469//3513 2470//3513
f 2472//3514 2471//3514 2470//3514
f 1905//3515 2471//3515 2472//3515
f 2473//3516 1905//3516 2472//3516
f 1907//3517 1905//3517 2473//3517
f 2474//3518 1907//3518 2473//3518
f 1916//3519 1907//3519 2474//3519
f 2475//3520 1916//3520 2474//3520
f 1910//3521 1916//3521 2475//3521
f 2476//3522 1910//3522 2475//3522
f 1912//3523 1910//3523 2476//3523
f 1099//3524 2477//3524 537//3524
f 1099//3525 2478//3525 2477//3525
f 1101//3526 2479//3526 2478//3526
f 1101//3527 2478//3527 1099//3527
f 1103//3528 2480//3528 2479//3528
f 1103//3529 2479//3529 1101//3529
f 1105//3530 2481//3530 2480//3530
f 1105//3531 2480//3531 1103//3531
f 1107//3532 2482//3532 2481//3532
f 1107//3533 2481//3533 1105//3533
f 1109//3534 2482//3534 1107//3534
f 1113//3535 2483//3535 2484//3535
f 1113//3536 2484//3536 1111//3536
f 1115//3537 2485//3537 2483//3537
f 1115//3538 2483//3538 1113//3538
f 1117//3539 2486//3539 2485//3539
f 1117//3540 2485//3540 1115//3540
f 1119//3541 2486//3541 1117//3541
f 1119//3542 2487//3542 2486//3542
f 1121//3543 2487//3543 1119//3543
f 1121//3544 2488//3544 2487//3544
f 1123//3545 2488//3545 1121//3545
f 1123//3546 2489//3546 2488//3546
f 1125//3547 2489//3547 1123//3547
f 1125//3548 2490//3548 2489//3548
f 1127//3549 2490//3549 1125//3549
f 1127//3550 2491//3550 2490//3550
f 542//3551 2491//3551 1127//3551
f 539//3552 2491//3552 542//3552
f 539//3553 2492//3553 2491//3553
f 543//3554 2492//3554 539//3554
f 543//3555 2493//3555 2492//3555
f 545//3556 2493//3556 543//3556
f 545//3557 2494//3557 2493//3557
f 547//3558 2495//3558 2494//3558
f 547//3559 2494//3559 545//3559
f 549//3560 2496//3560 2495//3560
f 549//3561 2495//3561 547//3561
f 551//3562 2497//3562 2496//3562
f 551//3563 2496//3563 549//3563
f 553//3564 2497//3564 551//3564
f 555//3565 2498//3565 2497//3565
f 555//3566 2497//3566 553//3566
f 557//3567 2499//3567 2498//3567
f 557//3568 2498//3568 555//3568
f 559//3569 2500//3569 2499//3569
f 559//3570 2499//3570 557//3570
f 561//3571 2501//3571 2500//3571
f 561//3572 2500//3572 559//3572
f 563//3573 2502//3573 2501//3573
f 563//3574 2501//3574 561//3574
f 565//3575 2503//3575 2502//3575
f 565//3576 2502//3576 563//3576
f 567//3577 2504//3577 2503//3577
f 567//3578 2503//3578 565//3578
f 569//3579 2505//3579 2504//3579
f 569//3580 2504//3580 567//3580
f 571//3581 2506//3581 2505//3581
f 571//3582 2505//3582 569//3582
f 1129//3583 2506//3583 571//3583
f 1131//3584 2507//3584 2506//3584
f 1131//3585 2506//3585 1129//3585
f 1133//3586 2508//3586 2507//3586
f 1133//3587 2507//3587 1131//3587
f 1135//3588 2509//3588 2508//3588
f 1135//3589 2508//3589 1133//3589
f 1137//3590 2510//3590 2509//3590
f 1137//3591 2509//3591 1135//3591
f 1139//3592 2510//3592 1137//3592
f 1139//3593 2511//3593 2510//3593
f 1141//3594 2511//3594 1139//3594
f 1141//3595 2512//3595 2511//3595
f 1143//3596 2512//3596 1141//3596
f 1149//3597 2513//3597 1147//3597
f 1149//3598 2514//3598 2513//3598
f 1151//3599 2514//3599 1149//3599
f 1151//3600 2515//3600 2514//3600
f 1153//3601 2515//3601 1151//3601
f 1153//3602 2516//3602 2515//3602
f 1155//3603 2516//3603 1153//3603
f 1155//3604 2517//3604 2516//3604
f 1157//3605 2517//3605 1155//3605
f 1157//3606 2518//3606 2517//3606
f 576//3607 2518//3607 1157//3607
f 576//3608 2519//3608 2518//3608
f 573//3609 2519//3609 576//3609
f 577//3610 2519//3610 573//3610
f 577//3611 2520//3611 2519//3611
f 579//3612 2520//3612 577//3612
f 579//3613 2521//3613 2520//3613
f 581//3614 2521//3614 579//3614
f 581//3615 2522//3615 2521//3615
f 583//3616 2522//3616 581//3616
f 583//3617 2523//3617 2522//3617
f 585//3618 2524//3618 2523//3618
f 585//3619 2523//3619 583//3619
f 587//3620 2525//3620 2524//3620
f 587//3621 2524//3621 585//3621
f 589//3622 2526//3622 2525//3622
f 589//3623 2525//3623 587//3623
f 591//3624 2526//3624 589//3624
f 595//3625 2527//3625 2528//3625
f 595//3626 2528//3626 593//3626
f 597//3627 2529//3627 2527//3627
f 597//3628 2527//3628 595//3628
f 599//3629 2530//3629 2529//3629
f 599//3630 2529//3630 597//3630
f 601//3631 2531//3631 2530//3631
f 601//3632 2530//3632 599//3632
f 603//3633 2532//3633 2531//3633
f 603//3634 2531//3634 601//3634
f 605//3635 2533//3635 2532//3635
f 605//3636 2532//3636 603//3636
f 1159//3637 2533//3637 605//3637
f 1159//3638 2534//3638 2533//3638
f 1161//3639 2534//3639 1159//3639
f 1163//3640 2534//3640 1161//3640
f 1163//3641 2535//3641 2534//3641
f 1165//3642 2535//3642 1163//3642
f 1165//3643 2536//3643 2535//3643
f 1167//3644 2536//3644 1165//3644
f 1167//3645 2537//3645 2536//3645
f 1169//3646 2537//3646 1167//3646
f 1169//3647 2538//3647 2537//3647
f 1171//3648 2538//3648 1169//3648
f 1171//3649 2539//3649 2538//3649
f 1173//3650 2539//3650 1171//3650
f 1173//3651 2540//3651 2539//3651
f 1175//3652 2540//3652 1173//3652
f 1175//3653 2541//3653 2540//3653
f 1177//3654 2541//3654 1175//3654
f 1177//3655 2542//3655 2541//3655
f 1179//3656 2542//3656 1177//3656
f 1181//3657 2542//3657 1179//3657
f 1181//3658 2543//3658 2542//3658
f 1183//3659 2543//3659 1181//3659
f 1183//3660 2544//3660 2543//3660
f 1185//3661 2544//3661 1183//3661
f 1185//3662 2545//3662 2544//3662
f 1187//3663 2545//3663 1185//3663
f 1187//3664 2546//3664 2545//3664
f 610//3665 2546//3665 1187//3665
f 610//3666 2547//3666 2546//3666
f 607//3667 2547//3667 610//3667
f 607//3668 2548//3668 2547//3668
f 611//3669 2548//3669 607//3669
f 613//3670 2548//3670 611//3670
f 613//3671 2549//3671 2548//3671
f 615//3672 2549//3672 613//3672
f 615//3673 2550//3673 2549//3673
f 617//3674 2550//3674 615//3674
f 617//3675 2551//3675 2550//3675
f 619//3676 2551//3676 617//3676
f 619//3677 2552//3677 2551//3677
f 621//3678 2552//3678 619//3678
f 621//3679 2553//3679 2552//3679
f 623//3680 2553//3680 621//3680
f 623//3681 2554//3681 2553//3681
f 625//3682 2554//3682 623//3682
f 625//3683 2555//3683 2554//3683
f 627//3684 2556//3684 2555//3684
f 627//3685 2555//3685 625//3685
f 629//3686 2556//3686 627//3686
f 635//3687 2557//3687 633//3687
f 635//3688 2558//3688 2557//3688
f 637//3689 2558//3689 635//3689
f 637//3690 2559//3690 2558//3690
f 639//3691 2559//3691 637//3691
f 639//3692 2560//3692 2559//3692
f 1189//3693 2560//3693 639//3693
f 1189//3694 2561//3694 2560//3694
f 1191//3695 2561//3695 1189//3695
f 1195//3696 2562//3696 2563//3696
f 1195//3697 2563//3697 1193//3697
f 1197//3698 2564//3698 2562//3698
f 1197//3699 2562//3699 1195//3699
f 1199//3700 2565//3700 2564//3700
f 1199//3701 2564//3701 1197//3701
f 1201//3702 2566//3702 2565//3702
f 1201//3703 2565//3703 1199//3703
f 1203//3704 2567//3704 2566//3704
f 1203//3705 2566//3705 1201//3705
f 1205//3706 2568//3706 2567//3706
f 1205//3707 2567//3707 1203//3707
f 1207//3708 2569//3708 2568//3708
f 1207//3709 2568//3709 1205//3709
f 1209//3710 2570//3710 2569//3710
f 1209//3711 2569//3711 1207//3711
f 1211//3712 2571//3712 2570//3712
f 1211//3713 2570//3713 1209//3713
f 1213//3714 2571//3714 1211//3714
f 1217//3715 2572//3715 2573//3715
f 1217//3716 2573//3716 1215//3716
f 644//3717 2574//3717 2572//3717
f 644//3718 2572//3718 1217//3718
f 641//3719 2575//3719 2574//3719
f 641//3720 2574//3720 644//3720
f 645//3721 1855//3721 2575//3721
f 645//3722 2575//3722 641//3722
f 647//3723 1857//3723 1855//3723
f 647//3724 1855//3724 645//3724
f 649//3725 1859//3725 1857//3725
f 649//3726 1857//3726 647//3726
f 651//3727 1862//3727 1859//3727
f 651//3728 1859//3728 649//3728
f 653//3729 1862//3729 651//3729
f 655//3730 1864//3730 1862//3730
f 655//3731 1862//3731 653//3731
f 657//3732 1866//3732 1864//3732
f 657//3733 1864//3733 655//3733
f 659//3734 1868//3734 1866//3734
f 659//3735 1866//3735 657//3735
f 661//3736 1870//3736 1868//3736
f 661//3737 1868//3737 659//3737
f 663//3738 1872//3738 1870//3738
f 663//3739 1870//3739 661//3739
f 665//3740 1874//3740 1872//3740
f 665//3741 1872//3741 663//3741
f 667//3742 1876//3742 1874//3742
f 667//3743 1874//3743 665//3743
f 669//3744 1879//3744 1876//3744
f 669//3745 1876//3745 667//3745
f 671//3746 1881//3746 1879//3746
f 671//3747 1879//3747 669//3747
f 673//3748 1772//3748 1881//3748
f 673//3749 1881//3749 671//3749
f 1219//3750 1773//3750 1772//3750
f 1219//3751 1772//3751 673//3751
f 1221//3752 1776//3752 1773//3752
f 1221//3753 1773//3753 1219//3753
f 1223//3754 1778//3754 1776//3754
f 1223//3755 1776//3755 1221//3755
f 1225//3756 1780//3756 1778//3756
f 1225//3757 1778//3757 1223//3757
f 1227//3758 1782//3758 1780//3758
f 1227//3759 1780//3759 1225//3759
f 1229//3760 1784//3760 1782//3760
f 1229//3761 1782//3761 1227//3761
f 1231//3762 1793//3762 1784//3762
f 1231//3763 1784//3763 1229//3763
f 1233//3764 1794//3764 1793//3764
f 1233//3765 1793//3765 1231//3765
f 1235//3766 1798//3766 1794//3766
f 1235//3767 1794//3767 1233//3767
f 1237//3768 1801//3768 1798//3768
f 1237//3769 1798//3769 1235//3769
f 1239//3770 1802//3770 1801//3770
f 1239//3771 1801//3771 1237//3771
f 1241//3772 1786//3772 1802//3772
f 1241//3773 1802//3773 1239//3773
f 1243//3774 1787//3774 1786//3774
f 1243//3775 1807//3775 1787//3775
f 1243//3776 1786//3776 1241//3776
f 1245//3777 1810//3777 1807//3777
f 1245//3778 1807//3778 1243//3778
f 1247//3779 1789//3779 1810//3779
f 1247//3780 1810//3780 1245//3780
f 678//3781 1790//3781 1789//3781
f 678//3782 1789//3782 1247//3782
f 675//3783 1790//3783 678//3783
f 675//3784 1883//3784 1790//3784
f 679//3785 1883//3785 675//3785
f 679//3786 1886//3786 1883//3786
f 681//3787 1886//3787 679//3787
f 681//3788 1890//3788 1886//3788
f 683//3789 1890//3789 681//3789
f 683//3790 1894//3790 1890//3790
f 685//3791 1894//3791 683//3791
f 685//3792 1918//3792 1894//3792
f 687//3793 1918//3793 685//3793
f 687//3794 1922//3794 1918//3794
f 689//3795 1923//3795 1922//3795
f 689//3796 1922//3796 687//3796
f 691//3797 1926//3797 1923//3797
f 691//3798 1923//3798 689//3798
f 1929//3799 1926//3799 691//3799
f 693//3800 1929//3800 691//3800
f 1930//3801 1929//3801 693//3801
f 695//3802 1935//3802 1930//3802
f 695//3803 1930//3803 693//3803
f 697//3804 1938//3804 1935//3804
f 697//3805 1935//3805 695//3805
f 699//3806 1939//3806 1938//3806
f 699//3807 1938//3807 697//3807
f 701//3808 1942//3808 1939//3808
f 701//3809 1939//3809 699//3809
f 703//3810 1943//3810 1942//3810
f 703//3811 1942//3811 701//3811
f 705//3812 1914//3812 1943//3812
f 705//3813 1915//3813 1914//3813
f 705//3814 1943//3814 703//3814
f 707//3815 1812//3815 1915//3815
f 707//3816 1915//3816 705//3816
f 1249//3817 1813//3817 1812//3817
f 1249//3818 1812//3818 707//3818
f 1251//3819 1813//3819 1249//3819
f 1816//3820 1813//3820 1251//3820
f 1253//3821 1816//3821 1251//3821
f 1818//3822 1816//3822 1253//3822
f 1255//3823 1818//3823 1253//3823
f 1820//3824 1818//3824 1255//3824
f 1257//3825 1820//3825 1255//3825
f 1822//3826 1820//3826 1257//3826
f 1259//3827 1822//3827 1257//3827
f 1824//3828 1822//3828 1259//3828
f 1261//3829 1824//3829 1259//3829
f 1826//3830 1824//3830 1261//3830
f 1263//3831 1826//3831 1261//3831
f 1828//3832 1826//3832 1263//3832
f 1265//3833 1828//3833 1263//3833
f 1829//3834 1828//3834 1265//3834
f 1267//3835 1829//3835 1265//3835
f 1267//3836 1831//3836 1829//3836
f 1833//3837 1831//3837 1267//3837
f 1269//3838 1833//3838 1267//3838
f 1835//3839 1833//3839 1269//3839
f 1271//3840 1835//3840 1269//3840
f 1836//3841 1835//3841 1271//3841
f 1273//3842 1838//3842 1836//3842
f 1273//3843 1836//3843 1271//3843
f 1275//3844 1840//3844 1838//3844
f 1275//3845 1838//3845 1273//3845
f 1277//3846 1842//3846 1840//3846
f 1277//3847 1840//3847 1275//3847
f 1279//3848 1844//3848 1842//3848
f 1279//3849 1842//3849 1277//3849
f 2459//3850 1844//3850 1279//3850
f 1888//3851 1844//3851 2459//3851
f 2461//3852 1888//3852 2459//3852
f 1892//3853 1888//3853 2461//3853
f 2463//3854 1892//3854 2461//3854
f 1896//3855 1892//3855 2463//3855
f 2465//3856 1896//3856 2463//3856
f 1897//3857 1896//3857 2465//3857
f 2467//3858 1897//3858 2465//3858
f 1899//3859 1897//3859 2467//3859
f 2469//3860 1899//3860 2467//3860
f 1902//3861 1899//3861 2469//3861
f 2471//3862 1902//3862 2469//3862
f 1903//3863 1902//3863 2471//3863
f 1905//3864 1903//3864 2471//3864
f 2576//3865 2484//3865 2482//3865
f 2576//3866 1109//3866 1111//3866
f 2576//3867 2482//3867 1109//3867
f 2576//3868 1111//3868 2484//3868
f 2577//3869 2512//3869 1143//3869
f 2577//3870 2578//3870 2512//3870
f 2577//3871 1143//3871 1145//3871
f 2579//3872 2577//3872 1145//3872
f 2579//3873 2578//3873 2577//3873
f 2579//3874 1147//3874 2513//3874
f 2579//3875 2513//3875 2578//3875
f 2579//3876 1145//3876 1147//3876
f 2580//3877 2528//3877 2526//3877
f 2580//3878 591//3878 593//3878
f 2580//3879 2526//3879 591//3879
f 2580//3880 593//3880 2528//3880
f 2581//3881 2556//3881 629//3881
f 2581//3882 2582//3882 2556//3882
f 2581//3883 629//3883 631//3883
f 2583//3884 633//3884 2557//3884
f 2583//3885 2581//3885 631//3885
f 2583//3886 2582//3886 2581//3886
f 2583//3887 2557//3887 2582//3887
f 2583//3888 631//3888 633//3888
f 2584//3889 1191//3889 1193//3889
f 2584//3890 2561//3890 1191//3890
f 2584//3891 1193//3891 2563//3891
f 2584//3892 2563//3892 2561//3892
f 2585//3893 2573//3893 2571//3893
f 2585//3894 1213//3894 1215//3894
f 2585//3895 2571//3895 1213//3895
f 2585//3896 1215//3896 2573//3896
f 2586//3897 1132//3897 1130//3897
f 2587//3898 1132//3898 2586//3898
f 2587//3899 1134//3899 1132//3899
f 2588//3900 1134//3900 2587//3900
f 2588//3901 1136//3901 1134//3901
f 2589//3902 1136//3902 2588//3902
f 2589//3903 1138//3903 1136//3903
f 2590//3904 1138//3904 2589//3904
f 2590//3905 1140//3905 1138//3905
f 2591//3906 1140//3906 2590//3906
f 2591//3907 1142//3907 1140//3907
f 2592//3908 1142//3908 2591//3908
f 2592//3909 1144//3909 1142//3909
f 2593//3910 1144//3910 2592//3910
f 2593//3911 1146//3911 1144//3911
f 2594//3912 1146//3912 2593//3912
f 2594//3913 1148//3913 1146//3913
f 2595//3914 1154//3914 1152//3914
f 2596//3915 1154//3915 2595//3915
f 2596//3916 1156//3916 1154//3916
f 2597//3917 1156//3917 2596//3917
f 2597//3918 1158//3918 1156//3918
f 2598//3919 1158//3919 2597//3919
f 2598//3920 574//3920 1158//3920
f 2599//3921 575//3921 574//3921
f 2599//3922 578//3922 575//3922
f 2599//3923 574//3923 2598//3923
f 2600//3924 580//3924 578//3924
f 2600//3925 578//3925 2599//3925
f 2601//3926 582//3926 580//3926
f 2601//3927 580//3927 2600//3927
f 2602//3928 584//3928 582//3928
f 2602//3929 582//3929 2601//3929
f 2603//3930 586//3930 584//3930
f 2603//3931 584//3931 2602//3931
f 2604//3932 588//3932 586//3932
f 2604//3933 586//3933 2603//3933
f 2605//3934 590//3934 588//3934
f 2605//3935 588//3935 2604//3935
f 2606//3936 592//3936 590//3936
f 2606//3937 590//3937 2605//3937
f 2607//3938 594//3938 592//3938
f 2607//3939 592//3939 2606//3939
f 2608//3940 594//3940 2607//3940
f 2608//3941 596//3941 594//3941
f 2609//3942 596//3942 2608//3942
f 2609//3943 598//3943 596//3943
f 2610//3944 598//3944 2609//3944
f 2610//3945 600//3945 598//3945
f 2610//3946 602//3946 600//3946
f 2611//3947 602//3947 2610//3947
f 2611//3948 604//3948 602//3948
f 2612//3949 604//3949 2611//3949
f 2612//3950 606//3950 604//3950
f 2613//3951 1160//3951 606//3951
f 2613//3952 606//3952 2612//3952
f 2614//3953 1162//3953 1160//3953
f 2614//3954 1160//3954 2613//3954
f 2615//3955 1166//3955 1164//3955
f 2616//3956 1168//3956 1166//3956
f 2616//3957 1166//3957 2615//3957
f 2617//3958 1170//3958 1168//3958
f 2617//3959 1168//3959 2616//3959
f 2618//3960 1172//3960 1170//3960
f 2618//3961 1170//3961 2617//3961
f 2619//3962 1174//3962 1172//3962
f 2619//3963 1172//3963 2618//3963
f 2620//3964 1176//3964 1174//3964
f 2620//3965 1174//3965 2619//3965
f 2621//3966 1178//3966 1176//3966
f 2621//3967 1176//3967 2620//3967
f 2622//3968 1180//3968 1178//3968
f 2622//3969 1178//3969 2621//3969
f 2623//3970 1182//3970 1180//3970
f 2623//3971 1180//3971 2622//3971
f 2624//3972 1184//3972 1182//3972
f 2624//3973 1182//3973 2623//3973
f 2625//3974 1188//3974 1186//3974
f 2626//3975 608//3975 1188//3975
f 2626//3976 1188//3976 2625//3976
f 2627//3977 609//3977 608//3977
f 2627//3978 608//3978 2626//3978
f 2628//3979 612//3979 609//3979
f 2628//3980 609//3980 2627//3980
f 2629//3981 620//3981 618//3981
f 2630//3982 620//3982 2629//3982
f 2630//3983 622//3983 620//3983
f 2631//3984 622//3984 2630//3984
f 2631//3985 624//3985 622//3985
f 2632//3986 626//3986 624//3986
f 2632//3987 624//3987 2631//3987
f 2633//3988 628//3988 626//3988
f 2633//3989 626//3989 2632//3989
f 2634//3990 630//3990 628//3990
f 2634//3991 628//3991 2633//3991
f 2635//3992 632//3992 630//3992
f 2635//3993 630//3993 2634//3993
f 2636//3994 634//3994 632//3994
f 2636//3995 632//3995 2635//3995
f 2637//3996 636//3996 634//3996
f 2637//3997 638//3997 636//3997
f 2637//3998 634//3998 2636//3998
f 2638//3999 638//3999 2637//3999
f 2638//4000 640//4000 638//4000
f 2639//4001 640//4001 2638//4001
f 2639//4002 1190//4002 640//4002
f 2640//4003 1190//4003 2639//4003
f 2640//4004 1192//4004 1190//4004
f 2641//4005 1192//4005 2640//4005
f 2641//4006 1194//4006 1192//4006
f 2642//4007 1194//4007 2641//4007
f 2642//4008 1196//4008 1194//4008
f 2643//4009 1196//4009 2642//4009
f 2643//4010 1198//4010 1196//4010
f 2643//4011 1200//4011 1198//4011
f 2644//4012 1200//4012 2643//4012
f 2644//4013 1202//4013 1200//4013
f 2645//4014 1202//4014 2644//4014
f 2645//4015 1204//4015 1202//4015
f 2646//4016 1204//4016 2645//4016
f 2646//4017 1206//4017 1204//4017
f 2647//4018 1206//4018 2646//4018
f 2647//4019 1208//4019 1206//4019
f 2648//4020 1210//4020 1208//4020
f 2648//4021 1208//4021 2647//4021
f 2649//4022 1212//4022 1210//4022
f 2649//4023 1210//4023 2648//4023
f 2650//4024 1214//4024 1212//4024
f 2650//4025 1212//4025 2649//4025
f 2651//4026 1216//4026 1214//4026
f 2651//4027 1218//4027 1216//4027
f 2651//4028 1214//4028 2650//4028
f 2652//4029 642//4029 1218//4029
f 2652//4030 1218//4030 2651//4030
f 2653//4031 642//4031 2652//4031
f 2653//4032 643//4032 642//4032
f 2654//4033 643//4033 2653//4033
f 2654//4034 646//4034 643//4034
f 2655//4035 646//4035 2654//4035
f 2655//4036 648//4036 646//4036
f 2656//4037 648//4037 2655//4037
f 2656//4038 650//4038 648//4038
f 2657//4039 650//4039 2656//4039
f 2657//4040 652//4040 650//4040
f 2658//4041 652//4041 2657//4041
f 2658//4042 654//4042 652//4042
f 2658//4043 656//4043 654//4043
f 2659//4044 656//4044 2658//4044
f 2659//4045 658//4045 656//4045
f 2660//4046 658//4046 2659//4046
f 2660//4047 660//4047 658//4047
f 2661//4048 660//4048 2660//4048
f 2661//4049 662//4049 660//4049
f 2662//4050 662//4050 2661//4050
f 2662//4051 664//4051 662//4051
f 2663//4052 664//4052 2662//4052
f 2663//4053 666//4053 664//4053
f 2664//4054 666//4054 2663//4054
f 2664//4055 668//4055 666//4055
f 2665//4056 668//4056 2664//4056
f 2665//4057 670//4057 668//4057
f 2666//4058 670//4058 2665//4058
f 2666//4059 672//4059 670//4059
f 2666//4060 674//4060 672//4060
f 2667//4061 674//4061 2666//4061
f 2667//4062 1220//4062 674//4062
f 2668//4063 1222//4063 1220//4063
f 2668//4064 1220//4064 2667//4064
f 2669//4065 1224//4065 1222//4065
f 2669//4066 1222//4066 2668//4066
f 2670//4067 1226//4067 1224//4067
f 2670//4068 1224//4068 2669//4068
f 2671//4069 1228//4069 1226//4069
f 2671//4070 1226//4070 2670//4070
f 2672//4071 1230//4071 1228//4071
f 2672//4072 1228//4072 2671//4072
f 2673//4073 1236//4073 1234//4073
f 2674//4074 1238//4074 1236//4074
f 2674//4075 1236//4075 2673//4075
f 2675//4076 1238//4076 2674//4076
f 2675//4077 1240//4077 1238//4077
f 2676//4078 1240//4078 2675//4078
f 2676//4079 1242//4079 1240//4079
f 2677//4080 1242//4080 2676//4080
f 2677//4081 1244//4081 1242//4081
f 2678//4082 1244//4082 2677//4082
f 2678//4083 1246//4083 1244//4083
f 1847//4084 1246//4084 2678//4084
f 1846//4085 1246//4085 1847//4085
f 1846//4086 1248//4086 1246//4086
f 1848//4087 1248//4087 1846//4087
f 1848//4088 676//4088 1248//4088
f 1850//4089 676//4089 1848//4089
f 1851//4090 676//4090 1850//4090
f 1851//4091 677//4091 676//4091
f 1853//4092 677//4092 1851//4092
f 1853//4093 680//4093 677//4093
f 1856//4094 680//4094 1853//4094
f 1856//4095 682//4095 680//4095
f 1858//4096 682//4096 1856//4096
f 1858//4097 684//4097 682//4097
f 1860//4098 684//4098 1858//4098
f 1860//4099 686//4099 684//4099
f 1861//4100 688//4100 686//4100
f 1861//4101 686//4101 1860//4101
f 1863//4102 690//4102 688//4102
f 1863//4103 688//4103 1861//4103
f 1865//4104 692//4104 690//4104
f 1865//4105 690//4105 1863//4105
f 1867//4106 694//4106 692//4106
f 1867//4107 692//4107 1865//4107
f 1869//4108 696//4108 694//4108
f 1869//4109 694//4109 1867//4109
f 1871//4110 698//4110 696//4110
f 1871//4111 696//4111 1869//4111
f 1873//4112 700//4112 698//4112
f 1873//4113 698//4113 1871//4113
f 1875//4114 700//4114 1873//4114
f 1877//4115 702//4115 700//4115
f 1877//4116 700//4116 1875//4116
f 1878//4117 704//4117 702//4117
f 1878//4118 702//4118 1877//4118
f 1880//4119 706//4119 704//4119
f 1880//4120 704//4120 1878//4120
f 1774//4121 708//4121 706//4121
f 1774//4122 706//4122 1880//4122
f 1771//4123 1250//4123 708//4123
f 1771//4124 708//4124 1774//4124
f 1775//4125 1252//4125 1250//4125
f 1775//4126 1250//4126 1771//4126
f 1777//4127 1252//4127 1775//4127
f 1777//4128 1254//4128 1252//4128
f 1779//4129 1254//4129 1777//4129
f 1779//4130 1256//4130 1254//4130
f 1781//4131 1256//4131 1779//4131
f 1781//4132 1258//4132 1256//4132
f 1260//4133 1258//4133 1781//4133
f 1783//4134 1260//4134 1781//4134
f 1262//4135 1260//4135 1783//4135
f 1796//4136 1262//4136 1783//4136
f 1264//4137 1262//4137 1796//4137
f 1795//4138 1264//4138 1796//4138
f 1266//4139 1264//4139 1795//4139
f 1799//4140 1266//4140 1795//4140
f 1268//4141 1266//4141 1799//4141
f 1803//4142 1268//4142 1799//4142
f 1270//4143 1268//4143 1803//4143
f 1805//4144 1270//4144 1803//4144
f 1272//4145 1270//4145 1805//4145
f 1785//4146 1272//4146 1805//4146
f 1274//4147 1272//4147 1785//4147
f 1808//4148 1274//4148 1785//4148
f 1276//4149 1274//4149 1808//4149
f 1791//4150 1278//4150 1276//4150
f 1791//4151 1276//4151 1808//4151
f 1788//4152 1280//4152 1278//4152
f 1788//4153 1278//4153 1791//4153
f 1882//4154 1280//4154 1788//4154
f 2460//4155 1280//4155 1882//4155
f 1884//4156 2460//4156 1882//4156
f 1885//4157 2462//4157 2460//4157
f 1885//4158 2460//4158 1884//4158
f 1889//4159 2462//4159 1885//4159
f 2464//4160 2462//4160 1889//4160
f 1893//4161 2464//4161 1889//4161
f 2466//4162 2464//4162 1893//4162
f 1920//4163 2466//4163 1893//4163
f 2468//4164 2466//4164 1920//4164
f 1919//4165 2468//4165 1920//4165
f 2470//4166 2468//4166 1919//4166
f 1924//4167 2470//4167 1919//4167
f 2472//4168 2470//4168 1924//4168
f 1927//4169 2472//4169 1924//4169
f 2473//4170 2472//4170 1927//4170
f 1933//4171 2473//4171 1927//4171
f 1932//4172 2473//4172 1933//4172
f 2474//4173 2473//4173 1932//4173
f 1931//4174 2474//4174 1932//4174
f 2475//4175 2474//4175 1931//4175
f 1936//4176 2475//4176 1931//4176
f 2476//4177 2475//4177 1936//4177
f 1912//4178 2476//4178 1936//4178
f 2679//4179 2586//4179 1130//4179
f 2679//4180 1130//4180 572//4180
f 2679//4181 572//4181 2680//4181
f 2679//4182 2680//4182 2586//4182
f 2681//4183 1148//4183 2594//4183
f 2681//4184 1150//4184 1148//4184
f 2681//4185 2594//4185 2682//4185
f 2683//4186 2595//4186 1152//4186
f 2683//4187 1152//4187 1150//4187
f 2683//4188 1150//4188 2681//4188
f 2683//4189 2681//4189 2682//4189
f 2683//4190 2682//4190 2595//4190
f 2684//4191 2614//4191 2615//4191
f 2684//4192 1164//4192 1162//4192
f 2684//4193 1162//4193 2614//4193
f 2684//4194 2615//4194 1164//4194
f 2685//4195 2624//4195 2625//4195
f 2685//4196 1186//4196 1184//4196
f 2685//4197 1184//4197 2624//4197
f 2685//4198 2625//4198 1186//4198
f 2686//4199 614//4199 612//4199
f 2686//4200 2628//4200 2687//4200
f 2686//4201 612//4201 2628//4201
f 2688//4202 616//4202 614//4202
f 2688//4203 2687//4203 2689//4203
f 2688//4204 2686//4204 2687//4204
f 2688//4205 614//4205 2686//4205
f 2690//4206 2688//4206 2689//4206
f 2690//4207 616//4207 2688//4207
f 2690//4208 2629//4208 618//4208
f 2690//4209 618//4209 616//4209
f 2690//4210 2689//4210 2629//4210
f 2691//4211 2672//4211 2692//4211
f 2691//4212 1232//4212 1230//4212
f 2691//4213 1230//4213 2672//4213
f 2693//4214 2691//4214 2692//4214
f 2693//4215 1232//4215 2691//4215
f 2693//4216 2692//4216 2673//4216
f 2693//4217 1234//4217 1232//4217
f 2693//4218 2673//4218 1234//4218
f 2478//4219 2680//4219 2477//4219
f 2478//4220 2586//4220 2680//4220
f 2479//4221 2587//4221 2586//4221
f 2479//4222 2586//4222 2478//4222
f 2480//4223 2588//4223 2587//4223
f 2480//4224 2587//4224 2479//4224
f 2481//4225 2589//4225 2588//4225
f 2481//4226 2588//4226 2480//4226
f 2482//4227 2590//4227 2589//4227
f 2482//4228 2589//4228 2481//4228
f 2484//4229 2591//4229 2590//4229
f 2484//4230 2590//4230 2482//4230
f 2483//4231 2592//4231 2591//4231
f 2483//4232 2591//4232 2484//4232
f 2485//4233 2593//4233 2592//4233
f 2485//4234 2592//4234 2483//4234
f 2594//4235 2593//4235 2485//4235
f 2486//4236 2594//4236 2485//4236
f 2487//4237 2682//4237 2594//4237
f 2487//4238 2594//4238 2486//4238
f 2488//4239 2595//4239 2682//4239
f 2488//4240 2682//4240 2487//4240
f 2489//4241 2596//4241 2595//4241
f 2489//4242 2595//4242 2488//4242
f 2597//4243 2596//4243 2489//4243
f 2490//4244 2597//4244 2489//4244
f 2598//4245 2597//4245 2490//4245
f 2491//4246 2598//4246 2490//4246
f 2492//4247 2599//4247 2598//4247
f 2492//4248 2598//4248 2491//4248
f 2600//4249 2599//4249 2492//4249
f 2493//4250 2600//4250 2492//4250
f 2494//4251 2601//4251 2600//4251
f 2494//4252 2600//4252 2493//4252
f 2495//4253 2602//4253 2601//4253
f 2495//4254 2601//4254 2494//4254
f 2496//4255 2603//4255 2602//4255
f 2496//4256 2602//4256 2495//4256
f 2604//4257 2603//4257 2496//4257
f 2497//4258 2604//4258 2496//4258
f 2605//4259 2604//4259 2497//4259
f 2498//4260 2605//4260 2497//4260
f 2499//4261 2606//4261 2605//4261
f 2499//4262 2605//4262 2498//4262
f 2500//4263 2607//4263 2606//4263
f 2500//4264 2606//4264 2499//4264
f 2608//4265 2607//4265 2500//4265
f 2501//4266 2608//4266 2500//4266
f 2502//4267 2608//4267 2501//4267
f 2502//4268 2609//4268 2608//4268
f 2610//4269 2609//4269 2502//4269
f 2503//4270 2610//4270 2502//4270
f 2504//4271 2610//4271 2503//4271
f 2504//4272 2611//4272 2610//4272
f 2505//4273 2611//4273 2504//4273
f 2505//4274 2612//4274 2611//4274
f 2506//4275 2612//4275 2505//4275
f 2506//4276 2613//4276 2612//4276
f 2507//4277 2613//4277 2506//4277
f 2507//4278 2614//4278 2613//4278
f 2615//4279 2614//4279 2507//4279
f 2508//4280 2615//4280 2507//4280
f 2509//4281 2615//4281 2508//4281
f 2509//4282 2616//4282 2615//4282
f 2510//4283 2617//4283 2616//4283
f 2510//4284 2616//4284 2509//4284
f 2511//4285 2618//4285 2617//4285
f 2511//4286 2617//4286 2510//4286
f 2512//4287 2619//4287 2618//4287
f 2512//4288 2618//4288 2511//4288
f 2620//4289 2619//4289 2512//4289
f 2578//4290 2620//4290 2512//4290
f 2513//4291 2621//4291 2620//4291
f 2513//4292 2620//4292 2578//4292
f 2622//4293 2621//4293 2513//4293
f 2514//4294 2622//4294 2513//4294
f 2515//4295 2623//4295 2622//4295
f 2515//4296 2622//4296 2514//4296
f 2624//4297 2623//4297 2515//4297
f 2516//4298 2624//4298 2515//4298
f 2517//4299 2625//4299 2624//4299
f 2517//4300 2624//4300 2516//4300
f 2626//4301 2625//4301 2517//4301
f 2518//4302 2626//4302 2517//4302
f 2519//4303 2627//4303 2626//4303
f 2519//4304 2626//4304 2518//4304
f 2520//4305 2628//4305 2627//4305
f 2520//4306 2627//4306 2519//4306
f 2521//4307 2687//4307 2628//4307
f 2521//4308 2628//4308 2520//4308
f 2689//4309 2687//4309 2521//4309
f 2522//4310 2689//4310 2521//4310
f 2523//4311 2629//4311 2689//4311
f 2523//4312 2689//4312 2522//4312
f 2524//4313 2630//4313 2629//4313
f 2524//4314 2629//4314 2523//4314
f 2525//4315 2630//4315 2524//4315
f 2525//4316 2631//4316 2630//4316
f 2526//4317 2631//4317 2525//4317
f 2526//4318 2632//4318 2631//4318
f 2528//4319 2632//4319 2526//4319
f 2528//4320 2633//4320 2632//4320
f 2527//4321 2633//4321 2528//4321
f 2527//4322 2634//4322 2633//4322
f 2529//4323 2634//4323 2527//4323
f 2529//4324 2635//4324 2634//4324
f 2530//4325 2635//4325 2529//4325
f 2530//4326 2636//4326 2635//4326
f 2531//4327 2636//4327 2530//4327
f 2531//4328 2637//4328 2636//4328
f 2532//4329 2637//4329 2531//4329
f 2532//4330 2638//4330 2637//4330
f 2533//4331 2638//4331 2532//4331
f 2533//4332 2639//4332 2638//4332
f 2534//4333 2639//4333 2533//4333
f 2534//4334 2640//4334 2639//4334
f 2535//4335 2640//4335 2534//4335
f 2535//4336 2641//4336 2640//4336
f 2536//4337 2641//4337 2535//4337
f 2536//4338 2642//4338 2641//4338
f 2537//4339 2642//4339 2536//4339
f 2537//4340 2643//4340 2642//4340
f 2538//4341 2643//4341 2537//4341
f 2538//4342 2644//4342 2643//4342
f 2539//4343 2644//4343 2538//4343
f 2539//4344 2645//4344 2644//4344
f 2540//4345 2645//4345 2539//4345
f 2540//4346 2646//4346 2645//4346
f 2541//4347 2646//4347 2540//4347
f 2541//4348 2647//4348 2646//4348
f 2542//4349 2647//4349 2541//4349
f 2542//4350 2648//4350 2647//4350
f 2543//4351 2649//4351 2648//4351
f 2543//4352 2648//4352 2542//4352
f 2650//4353 2649//4353 2543//4353
f 2544//4354 2650//4354 2543//4354
f 2545//4355 2651//4355 2650//4355
f 2545//4356 2650//4356 2544//4356
f 2546//4357 2652//4357 2651//4357
f 2546//4358 2651//4358 2545//4358
f 2547//4359 2653//4359 2652//4359
f 2547//4360 2652//4360 2546//4360
f 2548//4361 2654//4361 2653//4361
f 2548//4362 2653//4362 2547//4362
f 2655//4363 2654//4363 2548//4363
f 2549//4364 2655//4364 2548//4364
f 2550//4365 2656//4365 2655//4365
f 2550//4366 2655//4366 2549//4366
f 2551//4367 2656//4367 2550//4367
f 2551//4368 2657//4368 2656//4368
f 2552//4369 2657//4369 2551//4369
f 2552//4370 2658//4370 2657//4370
f 2553//4371 2658//4371 2552//4371
f 2553//4372 2659//4372 2658//4372
f 2554//4373 2659//4373 2553//4373
f 2554//4374 2660//4374 2659//4374
f 2555//4375 2660//4375 2554//4375
f 2555//4376 2661//4376 2660//4376
f 2556//4377 2661//4377 2555//4377
f 2556//4378 2662//4378 2661//4378
f 2582//4379 2662//4379 2556//4379
f 2582//4380 2663//4380 2662//4380
f 2664//4381 2663//4381 2582//4381
f 2557//4382 2664//4382 2582//4382
f 2558//4383 2664//4383 2557//4383
f 2558//4384 2665//4384 2664//4384
f 2559//4385 2665//4385 2558//4385
f 2559//4386 2666//4386 2665//4386
f 2560//4387 2666//4387 2559//4387
f 2560//4388 2667//4388 2666//4388
f 2561//4389 2667//4389 2560//4389
f 2561//4390 2668//4390 2667//4390
f 2563//4391 2668//4391 2561//4391
f 2563//4392 2669//4392 2668//4392
f 2562//4393 2669//4393 2563//4393
f 2562//4394 2670//4394 2669//4394
f 2564//4395 2670//4395 2562//4395
f 2564//4396 2671//4396 2670//4396
f 2565//4397 2671//4397 2564//4397
f 2565//4398 2672//4398 2671//4398
f 2566//4399 2672//4399 2565//4399
f 2566//4400 2692//4400 2672//4400
f 2567//4401 2692//4401 2566//4401
f 2567//4402 2673//4402 2692//4402
f 2568//4403 2673//4403 2567//4403
f 2568//4404 2674//4404 2673//4404
f 2569//4405 2674//4405 2568//4405
f 2569//4406 2675//4406 2674//4406
f 2570//4407 2675//4407 2569//4407
f 2570//4408 2676//4408 2675//4408
f 2571//4409 2676//4409 2570//4409
f 2571//4410 2677//4410 2676//4410
f 2678//4411 2677//4411 2571//4411
f 2573//4412 2678//4412 2571//4412
f 1847//4413 2678//4413 2573//4413
f 2572//4414 1845//4414 1847//4414
f 2572//4415 1847//4415 2573//4415
f 1849//4416 1845//4416 2572//4416
f 2574//4417 1849//4417 2572//4417
f 1852//4418 1849//4418 2574//4418
f 2575//4419 1852//4419 2574//4419
f 1854//4420 1852//4420 2575//4420
f 1855//4421 1854//4421 2575//4421
f 25//4422 2694//4422 27//4422
f 27//4423 2694//4423 30//4423
f 30//4424 2694//4424 33//4424
f 33//4425 2694//4425 35//4425
f 35//4426 2694//4426 37//4426
f 37//4427 2694//4427 39//4427
f 39//4428 2694//4428 42//4428
f 42//4429 2694//4429 44//4429
f 44//4430 2694//4430 46//4430
f 46//4431 2694//4431 48//4431
f 48//4432 2694//4432 51//4432
f 51//4433 2694//4433 53//4433
f 2694//4434 2695//4434 2696//4434
f 2695//4435 2697//4435 2698//4435
f 15//4436 2697//4436 18//4436
f 18//4437 2697//4437 20//4437
f 20//4438 2697//4438 22//4438
f 22//4439 2697//4439 25//4439
f 25//4440 2697//4440 2694//4440
f 2694//4441 2697//4441 2695//4441
f 15//4442 13//4442 2697//4442
f 13//4443 11//4443 2697//4443
f 2697//4444 3//4444 2//4444
f 11//4445 9//4445 2697//4445
f 2697//4446 4//4446 3//4446
f 9//4447 7//4447 2697//4447
f 2697//4448 7//4448 4//4448
f 2699//4449 64//4449 63//4449
f 65//4450 64//4450 2699//4450
f 2700//4451 65//4451 2699//4451
f 68//4452 65//4452 2700//4452
f 2701//4453 68//4453 2700//4453
f 70//4454 68//4454 2701//4454
f 72//4455 70//4455 2701//4455
f 2696//4456 2702//4456 2694//4456
f 2703//4457 2702//4457 2696//4457
f 2695//4458 2703//4458 2696//4458
f 2704//4459 2703//4459 2695//4459
f 2698//4460 2704//4460 2695//4460
f 2697//4461 2704//4461 2698//4461
f 2705//4462 2704//4462 2697//4462
f 2706//4463 2705//4463 2697//4463
f 2707//4464 2705//4464 2706//4464
f 2708//4465 2707//4465 2706//4465
f 2709//4466 2707//4466 2708//4466
f 2710//4467 2709//4467 2708//4467
f 2711//4468 2709//4468 2710//4468
f 2712//4469 2711//4469 2710//4469
f 2713//4470 2711//4470 2712//4470
f 2714//4471 2713//4471 2712//4471
f 2715//4472 2713//4472 2714//4472
f 2716//4473 2715//4473 2714//4473
f 2717//4474 2715//4474 2716//4474
f 2718//4475 2717//4475 2716//4475
f 2719//4476 2717//4476 2718//4476
f 2720//4477 2719//4477 2718//4477
f 2721//4478 2719//4478 2720//4478
f 2722//4479 2721//4479 2720//4479
f 2723//4480 2721//4480 2722//4480
f 2724//4481 2723//4481 2722//4481
f 2725//4482 2723//4482 2724//4482
f 2726//4483 2725//4483 2724//4483
f 2727//4484 2725//4484 2726//4484
f 2728//4485 2727//4485 2726//4485
f 2729//4486 2727//4486 2728//4486
f 2730//4487 2729//4487 2728//4487
f 2731//4488 2729//4488 2730//4488
f 2732//4489 2731//4489 2730//4489
f 2733//4490 2731//4490 2732//4490
f 2734//4491 2733//4491 2732//4491
f 2735//4492 2733//4492 2734//4492
f 2736//4493 2735//4493 2734//4493
f 2737//4494 2735//4494 2736//4494
f 2738//4495 2737//4495 2736//4495
f 2739//4496 2737//4496 2738//4496
f 2740//4497 2739//4497 2738//4497
f 2741//4498 2739//4498 2740//4498
f 2742//4499 2741//4499 2740//4499
f 2743//4500 2741//4500 2742//4500
f 2744//4501 2743//4501 2742//4501
f 2745//4502 2743//4502 2744//4502
f 2746//4503 2745//4503 2744//4503
f 2747//4504 2745//4504 2746//4504
f 2748//4505 2747//4505 2746//4505
f 2749//4506 2747//4506 2748//4506
f 2750//4507 2749//4507 2748//4507
f 2751//4508 2749//4508 2750//4508
f 2752//4509 2751//4509 2750//4509
f 2753//4510 2751//4510 2752//4510
f 2754//4511 2753//4511 2752//4511
f 2755//4512 2753//4512 2754//4512
f 2756//4513 2755//4513 2754//4513
f 2757//4514 2755//4514 2756//4514
f 2758//4515 2757//4515 2756//4515
f 2759//4516 2757//4516 2758//4516
f 2760//4517 2759//4517 2758//4517
f 2761//4518 2759//4518 2760//4518
f 2762//4519 2761//4519 2760//4519
f 2763//4520 2761//4520 2762//4520
f 2764//4521 2763//4521 2762//4521
f 2765//4522 2763//4522 2764//4522
f 2766//4523 2765//4523 2764//4523
f 2767//4524 2765//4524 2766//4524
f 2768//4525 2767//4525 2766//4525
f 2769//4526 2767//4526 2768//4526
f 2770//4527 2769//4527 2768//4527
f 2771//4528 2769//4528 2770//4528
f 2772//4529 2771//4529 2770//4529
f 2773//4530 2771//4530 2772//4530
f 2774//4531 2773//4531 2772//4531
f 2775//4532 2773//4532 2774//4532
f 2776//4533 2775//4533 2774//4533
f 2777//4534 2775//4534 2776//4534
f 2778//4535 2777//4535 2776//4535
f 2779//4536 2777//4536 2778//4536
f 2780//4537 2779//4537 2778//4537
f 2781//4538 2779//4538 2780//4538
f 2782//4539 2781//4539 2780//4539
f 2783//4540 2781//4540 2782//4540
f 2784//4541 2783//4541 2782//4541
f 2785//4542 2783//4542 2784//4542
f 2786//4543 2785//4543 2784//4543
f 2787//4544 2785//4544 2786//4544
f 2788//4545 2787//4545 2786//4545
f 2789//4546 2787//4546 2788//4546
f 2790//4547 2789//4547 2788//4547
f 2791//4548 2789//4548 2790//4548
f 2792//4549 2791//4549 2790//4549
f 2793//4550 2791//4550 2792//4550
f 2794//4551 2793//4551 2792//4551
f 2795//4552 2793//4552 2794//4552
f 2796//4553 2795//4553 2794//4553
f 2797//4554 2795//4554 2796//4554
f 2798//4555 2797//4555 2796//4555
f 2799//4556 2797//4556 2798//4556
f 2800//4557 2799//4557 2798//4557
f 2801//4558 2799//4558 2800//4558
f 2802//4559 2801//4559 2800//4559
f 2803//4560 2801//4560 2802//4560
f 2804//4561 2803//4561 2802//4561
f 2805//4562 2803//4562 2804//4562
f 2806//4563 2805//4563 2804//4563
f 2807//4564 2805//4564 2806//4564
f 2808//4565 2807//4565 2806//4565
f 2809//4566 2807//4566 2808//4566
f 2810//4567 2809//4567 2808//4567
f 2811//4568 2809//4568 2810//4568
f 2812//4569 2811//4569 2810//4569
f 2813//4570 2811//4570 2812//4570
f 2814//4571 2813//4571 2812//4571
f 2815//4572 2813//4572 2814//4572
f 2816//4573 2815//4573 2814//4573
f 2817//4574 2815//4574 2816//4574
f 2818//4575 2817//4575 2816//4575
f 2819//4576 2817//4576 2818//4576
f 2820//4577 2819//4577 2818//4577
f 2821//4578 2819//4578 2820//4578
f 2822//4579 2821//4579 2820//4579
f 2823//4580 2821//4580 2822//4580
f 2824//4581 2823//4581 2822//4581
f 2825//4582 2823//4582 2824//4582
f 2826//4583 2825//4583 2824//4583
f 2827//4584 2825//4584 2826//4584
f 2828//4585 2827//4585 2826//4585
f 2829//4586 2827//4586 2828//4586
f 2830//4587 2829//4587 2828//4587
f 2831//4588 2829//4588 2830//4588
f 2832//4589 2831//4589 2830//4589
f 2833//4590 2831//4590 2832//4590
f 2834//4591 2833//4591 2832//4591
f 2835//4592 2833//4592 2834//4592
f 2836//4593 2835//4593 2834//4593
f 2837//4594 2835//4594 2836//4594
f 2838//4595 2837//4595 2836//4595
f 2839//4596 2837//4596 2838//4596
f 2840//4597 2839//4597 2838//4597
f 2841//4598 2839//4598 2840//4598
f 2842//4599 2841//4599 2840//4599
f 2843//4600 2841//4600 2842//4600
f 2844//4601 2843//4601 2842//4601
f 2845//4602 2843//4602 2844//4602
f 2846//4603 2845//4603 2844//4603
f 2847//4604 2845//4604 2846//4604
f 2848//4605 2847//4605 2846//4605
f 2849//4606 2847//4606 2848//4606
f 2850//4607 2849//4607 2848//4607
f 2851//4608 2849//4608 2850//4608
f 2852//4609 2851//4609 2850//4609
f 2853//4610 2851//4610 2852//4610
f 2854//4611 2853//4611 2852//4611
f 2855//4612 2853//4612 2854//4612
f 2856//4613 2855//4613 2854//4613
f 2857//4614 2855//4614 2856//4614
f 2858//4615 2857//4615 2856//4615
f 2859//4616 2857//4616 2858//4616
f 2860//4617 2859//4617 2858//4617
f 2861//4618 2859//4618 2860//4618
f 2862//4619 2861//4619 2860//4619
f 2863//4620 2861//4620 2862//4620
f 2864//4621 2863//4621 2862//4621
f 2865//4622 2863//4622 2864//4622
f 2866//4623 2865//4623 2864//4623
f 2867//4624 2865//4624 2866//4624
f 2868//4625 2867//4625 2866//4625
f 2869//4626 2867//4626 2868//4626
f 2870//4627 2869//4627 2868//4627
f 2871//4628 2869//4628 2870//4628
f 2872//4629 2871//4629 2870//4629
f 2873//4630 2871//4630 2872//4630
f 2874//4631 2873//4631 2872//4631
f 2875//4632 2873//4632 2874//4632
f 2876//4633 2875//4633 2874//4633
f 2877//4634 2875//4634 2876//4634
f 2878//4635 2877//4635 2876//4635
f 2879//4636 2877//4636 2878//4636
f 2880//4637 2879//4637 2878//4637
f 2881//4638 2879//4638 2880//4638
f 2882//4639 2881//4639 2880//4639
f 2883//4640 2881//4640 2882//4640
f 2884//4641 2883//4641 2882//4641
f 2885//4642 2883//4642 2884//4642
f 2886//4643 2885//4643 2884//4643
f 2887//4644 2885//4644 2886//4644
f 2888//4645 2887//4645 2886//4645
f 2889//4646 2887//4646 2888//4646
f 2890//4647 2889//4647 2888//4647
f 2891//4648 2889//4648 2890//4648
f 2892//4649 2891//4649 2890//4649
f 2893//4650 2891//4650 2892//4650
f 2894//4651 2893//4651 2892//4651
f 2895//4652 2893//4652 2894//4652
f 2896//4653 2895//4653 2894//4653
f 2897//4654 2895//4654 2896//4654
f 2898//4655 2897//4655 2896//4655
f 2899//4656 2897//4656 2898//4656
f 2900//4657 2899//4657 2898//4657
f 2901//4658 2899//4658 2900//4658
f 2902//4659 2901//4659 2900//4659
f 2903//4660 2901//4660 2902//4660
f 2904//4661 2903//4661 2902//4661
f 2905//4662 2903//4662 2904//4662
f 2906//4663 2905//4663 2904//4663
f 2907//4664 2905//4664 2906//4664
f 2908//4665 2907//4665 2906//4665
f 2909//4666 2907//4666 2908//4666
f 2910//4667 2909//4667 2908//4667
f 2911//4668 2909//4668 2910//4668
f 2912//4669 2911//4669 2910//4669
f 2913//4670 2911//4670 2912//4670
f 2914//4671 2913//4671 2912//4671
f 2915//4672 2913//4672 2914//4672
f 2916//4673 2915//4673 2914//4673
f 2917//4674 2915//4674 2916//4674
f 2918//4675 2917//4675 2916//4675
f 2919//4676 2917//4676 2918//4676
f 2920//4677 2919//4677 2918//4677
f 2921//4678 2919//4678 2920//4678
f 2922//4679 2921//4679 2920//4679
f 2923//4680 2921//4680 2922//4680
f 2924//4681 2923//4681 2922//4681
f 2925//4682 2923//4682 2924//4682
f 2926//4683 2925//4683 2924//4683
f 2927//4684 2925//4684 2926//4684
f 2928//4685 2927//4685 2926//4685
f 2929//4686 2927//4686 2928//4686
f 2930//4687 2929//4687 2928//4687
f 2931//4688 2929//4688 2930//4688
f 2932//4689 2931//4689 2930//4689
f 2933//4690 2931//4690 2932//4690
f 2934//4691 2933//4691 2932//4691
f 2935//4692 2933//4692 2934//4692
f 2936//4693 2935//4693 2934//4693
f 2937//4694 2935//4694 2936//4694
f 2938//4695 2937//4695 2936//4695
f 2939//4696 2937//4696 2938//4696
f 2940//4697 2939//4697 2938//4697
f 2941//4698 2939//4698 2940//4698
f 2942//4699 2941//4699 2940//4699
f 2943//4700 2941//4700 2942//4700
f 2944//4701 2943//4701 2942//4701
f 2945//4702 2943//4702 2944//4702
f 2946//4703 2945//4703 2944//4703
f 2947//4704 2945//4704 2946//4704
f 2948//4705 2947//4705 2946//4705
f 2949//4706 2947//4706 2948//4706
f 2950//4707 2949//4707 2948//4707
f 2951//4708 2949//4708 2950//4708
f 2952//4709 2951//4709 2950//4709
f 2953//4710 2951//4710 2952//4710
f 2954//4711 2953//4711 2952//4711
f 2955//4712 2953//4712 2954//4712
f 2956//4713 2955//4713 2954//4713
f 2957//4714 2955//4714 2956//4714
f 2958//4715 2957//4715 2956//4715
f 2959//4716 2957//4716 2958//4716
f 2960//4717 2959//4717 2958//4717
f 2961//4718 2959//4718 2960//4718
f 2962//4719 2961//4719 2960//4719
f 2963//4720 2961//4720 2962//4720
f 2964//4721 2963//4721 2962//4721
f 2965//4722 2963//4722 2964//4722
f 2966//4723 2965//4723 2964//4723
f 2967//4724 2965//4724 2966//4724
f 2968//4725 2967//4725 2966//4725
f 2969//4726 2967//4726 2968//4726
f 2970//4727 2969//4727 2968//4727
f 2971//4728 2969//4728 2970//4728
f 2972//4729 2971//4729 2970//4729
f 2973//4730 2971//4730 2972//4730
f 2974//4731 2973//4731 2972//4731
f 2975//4732 2973//4732 2974//4732
f 2976//4733 2975//4733 2974//4733
f 2977//4734 2975//4734 2976//4734
f 2978//4735 2977//4735 2976//4735
f 2979//4736 2977//4736 2978//4736
f 2980//4737 2979//4737 2978//4737
f 2981//4738 2979//4738 2980//4738
f 2982//4739 2981//4739 2980//4739
f 2983//4740 2981//4740 2982//4740
f 2984//4741 2983//4741 2982//4741
f 2985//4742 2983//4742 2984//4742
f 2986//4743 2985//4743 2984//4743
f 2987//4744 2985//4744 2986//4744
f 2988//4745 2987//4745 2986//4745
f 2989//4746 2987//4746 2988//4746
f 2990//4747 2989//4747 2988//4747
f 2991//4748 2989//4748 2990//4748
f 2992//4749 2991//4749 2990//4749
f 2993//4750 2991//4750 2992//4750
f 2994//4751 2993//4751 2992//4751
f 2995//4752 2993//4752 2994//4752
f 2996//4753 2995//4753 2994//4753
f 2997//4754 2995//4754 2996//4754
f 2998//4755 2997//4755 2996//4755
f 2999//4756 2997//4756 2998//4756
f 3000//4757 2999//4757 2998//4757
f 3001//4758 2999//4758 3000//4758
f 3002//4759 3001//4759 3000//4759
f 3003//4760 3001//4760 3002//4760
f 3004//4761 3003//4761 3002//4761
f 3005//4762 3003//4762 3004//4762
f 3006//4763 3005//4763 3004//4763
f 3007//4764 3005//4764 3006//4764
f 3008//4765 3007//4765 3006//4765
f 3009//4766 3007//4766 3008//4766
f 3010//4767 3009//4767 3008//4767
f 3011//4768 3009//4768 3010//4768
f 3012//4769 3011//4769 3010//4769
f 3013//4770 3011//4770 3012//4770
f 3014//4771 3013//4771 3012//4771
f 3015//4772 3013//4772 3014//4772
f 3016//4773 3015//4773 3014//4773
f 3017//4774 3015//4774 3016//4774
f 3018//4775 3017//4775 3016//4775
f 3019//4776 3017//4776 3018//4776
f 3020//4777 3019//4777 3018//4777
f 3021//4778 3019//4778 3020//4778
f 3022//4779 3021//4779 3020//4779
f 3023//4780 3021//4780 3022//4780
f 3024//4781 3023//4781 3022//4781
f 3025//4782 3023//4782 3024//4782
f 3026//4783 3025//4783 3024//4783
f 3027//4784 3025//4784 3026//4784
f 3028//4785 3027//4785 3026//4785
f 3029//4786 3027//4786 3028//4786
f 3030//4787 3029//4787 3028//4787
f 3031//4788 3029//4788 3030//4788
f 3032//4789 3031//4789 3030//4789
f 3033//4790 3031//4790 3032//4790
f 3034//4791 3033//4791 3032//4791
f 3035//4792 3033//4792 3034//4792
f 3036//4793 3035//4793 3034//4793
f 3037//4794 3035//4794 3036//4794
f 3038//4795 3037//4795 3036//4795
f 3039//4796 3037//4796 3038//4796
f 3040//4797 3039//4797 3038//4797
f 3041//4798 3039//4798 3040//4798
f 3042//4799 3041//4799 3040//4799
f 3043//4800 3041//4800 3042//4800
f 3044//4801 3043//4801 3042//4801
f 3045//4802 3043//4802 3044//4802
f 3046//4803 3045//4803 3044//4803
f 3047//4804 3045//4804 3046//4804
f 3048//4805 3047//4805 3046//4805
f 3049//4806 3047//4806 3048//4806
f 3050//4807 3049//4807 3048//4807
f 3051//4808 3049//4808 3050//4808
f 3052//4809 3051//4809 3050//4809
f 3053//4810 3051//4810 3052//4810
f 3054//4811 3053//4811 3052//4811
f 3055//4812 3053//4812 3054//4812
f 3056//4813 3055//4813 3054//4813
f 3057//4814 3055//4814 3056//4814
f 3058//4815 3057//4815 3056//4815
f 3059//4816 3057//4816 3058//4816
f 3060//4817 3059//4817 3058//4817
f 3061//4818 3059//4818 3060//4818
f 3062//4819 3061//4819 3060//4819
f 3063//4820 3061//4820 3062//4820
f 3064//4821 3063//4821 3062//4821
f 3065//4822 3063//4822 3064//4822
f 3066//4823 3065//4823 3064//4823
f 3067//4824 3065//4824 3066//4824
f 3068//4825 3067//4825 3066//4825
f 3069//4826 3067//4826 3068//4826
f 3070//4827 3069//4827 3068//4827
f 3071//4828 3069//4828 3070//4828
f 3072//4829 3071//4829 3070//4829
f 3073//4830 3071//4830 3072//4830
f 3074//4831 3073//4831 3072//4831
f 3075//4832 3073//4832 3074//4832
f 3076//4833 3075//4833 3074//4833
f 3077//4834 3075//4834 3076//4834
f 3078//4835 3077//4835 3076//4835
f 3079//4836 3077//4836 3078//4836
f 3080//4837 3079//4837 3078//4837
f 3081//4838 3079//4838 3080//4838
f 3082//4839 3081//4839 3080//4839
f 3083//4840 3081//4840 3082//4840
f 3084//4841 3083//4841 3082//4841
f 3085//4842 3083//4842 3084//4842
f 3086//4843 3085//4843 3084//4843
f 3087//4844 3085//4844 3086//4844
f 3088//4845 3087//4845 3086//4845
f 3089//4846 3087//4846 3088//4846
f 3090//4847 3089//4847 3088//4847
f 3091//4848 3089//4848 3090//4848
f 3092//4849 3091//4849 3090//4849
f 3093//4850 3091//4850 3092//4850
f 3094//4851 3093//4851 3092//4851
f 3095//4852 3093//4852 3094//4852
f 3096//4853 3095//4853 3094//4853
f 3097//4854 3095//4854 3096//4854
f 3098//4855 3097//4855 3096//4855
f 3099//4856 3097//4856 3098//4856
f 3100//4857 3099//4857 3098//4857
f 3101//4858 3099//4858 3100//4858
f 3102//4859 3101//4859 3100//4859
f 3103//4860 3101//4860 3102//4860
f 3104//4861 3103//4861 3102//4861
f 3105//4862 3103//4862 3104//4862
f 3106//4863 3105//4863 3104//4863
f 3107//4864 3105//4864 3106//4864
f 3108//4865 3107//4865 3106//4865
f 3109//4866 3107//4866 3108//4866
f 3110//4867 3109//4867 3108//4867
f 3111//4868 3109//4868 3110//4868
f 3112//4869 3111//4869 3110//4869
f 3113//4870 3111//4870 3112//4870
f 3114//4871 3113//4871 3112//4871
f 3115//4872 3113//4872 3114//4872
f 3116//4873 3115//4873 3114//4873
f 3117//4874 3115//4874 3116//4874
f 3118//4875 3117//4875 3116//4875
f 3119//4876 3117//4876 3118//4876
f 3120//4877 3119//4877 3118//4877
f 3121//4878 3119//4878 3120//4878
f 3122//4879 3121//4879 3120//4879
f 3123//4880 3121//4880 3122//4880
f 3124//4881 3123//4881 3122//4881
f 3125//4882 3123//4882 3124//4882
f 3126//4883 3127//4883 3125//4883
f 3126//4884 3125//4884 3124//4884
f 3128//4885 3129//4885 3127//4885
f 3128//4886 3127//4886 3126//4886
f 55//4887 53//4887 2694//4887
f 2702//4888 57//4888 55//4888
f 2702//4889 55//4889 2694//4889
f 58//4890 57//4890 2702//4890
f 2703//4891 61//4891 58//4891
f 2703//4892 58//4892 2702//4892
f 2704//4893 63//4893 61//4893
f 2704//4894 61//4894 2703//4894
f 2705//4895 2699//4895 63//4895
f 2705//4896 63//4896 2704//4896
f 2707//4897 2700//4897 2699//4897
f 2707//4898 2699//4898 2705//4898
f 2709//4899 2701//4899 2700//4899
f 2709//4900 2700//4900 2707//4900
f 2713//4901 76//4901 74//4901
f 2715//4902 76//4902 2713//4902
f 2715//4903 78//4903 76//4903
f 2717//4904 78//4904 2715//4904
f 2717//4905 80//4905 78//4905
f 2719//4906 80//4906 2717//4906
f 2719//4907 82//4907 80//4907
f 2721//4908 82//4908 2719//4908
f 2721//4909 84//4909 82//4909
f 2723//4910 84//4910 2721//4910
f 2723//4911 86//4911 84//4911
f 2725//4912 86//4912 2723//4912
f 2725//4913 88//4913 86//4913
f 2727//4914 88//4914 2725//4914
f 2727//4915 90//4915 88//4915
f 2729//4916 90//4916 2727//4916
f 2729//4917 92//4917 90//4917
f 2729//4918 94//4918 92//4918
f 2731//4919 94//4919 2729//4919
f 2731//4920 96//4920 94//4920
f 2733//4921 710//4921 96//4921
f 2733//4922 96//4922 2731//4922
f 2735//4923 712//4923 710//4923
f 2735//4924 710//4924 2733//4924
f 2737//4925 714//4925 712//4925
f 2737//4926 712//4926 2735//4926
f 2739//4927 716//4927 714//4927
f 2739//4928 714//4928 2737//4928
f 2741//4929 718//4929 716//4929
f 2741//4930 716//4930 2739//4930
f 2743//4931 720//4931 718//4931
f 2743//4932 718//4932 2741//4932
f 2747//4933 726//4933 724//4933
f 2749//4934 728//4934 726//4934
f 2749//4935 726//4935 2747//4935
f 2751//4936 730//4936 728//4936
f 2751//4937 728//4937 2749//4937
f 2753//4938 732//4938 730//4938
f 2753//4939 730//4939 2751//4939
f 2755//4940 734//4940 732//4940
f 2755//4941 732//4941 2753//4941
f 2757//4942 736//4942 734//4942
f 2757//4943 734//4943 2755//4943
f 2759//4944 738//4944 736//4944
f 2759//4945 98//4945 738//4945
f 2759//4946 736//4946 2757//4946
f 2761//4947 99//4947 98//4947
f 2761//4948 98//4948 2759//4948
f 2763//4949 99//4949 2761//4949
f 2763//4950 102//4950 99//4950
f 2765//4951 104//4951 102//4951
f 2765//4952 102//4952 2763//4952
f 2767//4953 106//4953 104//4953
f 2767//4954 104//4954 2765//4954
f 2769//4955 108//4955 106//4955
f 2769//4956 106//4956 2767//4956
f 2771//4957 110//4957 108//4957
f 2771//4958 108//4958 2769//4958
f 2773//4959 112//4959 110//4959
f 2773//4960 110//4960 2771//4960
f 2777//4961 116//4961 114//4961
f 2777//4962 118//4962 116//4962
f 2777//4963 114//4963 2775//4963
f 2779//4964 120//4964 118//4964
f 2779//4965 118//4965 2777//4965
f 2781//4966 122//4966 120//4966
f 2781//4967 120//4967 2779//4967
f 2783//4968 124//4968 122//4968
f 2783//4969 122//4969 2781//4969
f 2785//4970 126//4970 124//4970
f 2785//4971 124//4971 2783//4971
f 2787//4972 128//4972 126//4972
f 2787//4973 130//4973 128//4973
f 2787//4974 126//4974 2785//4974
f 2789//4975 130//4975 2787//4975
f 2789//4976 740//4976 130//4976
f 2791//4977 740//4977 2789//4977
f 2791//4978 742//4978 740//4978
f 2793//4979 742//4979 2791//4979
f 2793//4980 744//4980 742//4980
f 2795//4981 744//4981 2793//4981
f 2795//4982 746//4982 744//4982
f 2797//4983 746//4983 2795//4983
f 2797//4984 748//4984 746//4984
f 2799//4985 748//4985 2797//4985
f 2799//4986 750//4986 748//4986
f 2801//4987 750//4987 2799//4987
f 2801//4988 752//4988 750//4988
f 2803//4989 752//4989 2801//4989
f 2803//4990 754//4990 752//4990
f 2807//4991 760//4991 758//4991
f 2809//4992 760//4992 2807//4992
f 2809//4993 762//4993 760//4993
f 2811//4994 764//4994 762//4994
f 2811//4995 762//4995 2809//4995
f 2813//4996 766//4996 764//4996
f 2813//4997 764//4997 2811//4997
f 2815//4998 768//4998 766//4998
f 2815//4999 766//4999 2813//4999
f 2817//5000 132//5000 768//5000
f 2817//5001 768//5001 2815//5001
f 2817//5002 133//5002 132//5002
f 2819//5003 133//5003 2817//5003
f 2819//5004 136//5004 133//5004
f 2821//5005 136//5005 2819//5005
f 2821//5006 138//5006 136//5006
f 2823//5007 138//5007 2821//5007
f 2823//5008 140//5008 138//5008
f 2825//5009 140//5009 2823//5009
f 2825//5010 142//5010 140//5010
f 2827//5011 142//5011 2825//5011
f 2827//5012 144//5012 142//5012
f 2829//5013 144//5013 2827//5013
f 2829//5014 146//5014 144//5014
f 2831//5015 146//5015 2829//5015
f 2831//5016 148//5016 146//5016
f 2833//5017 148//5017 2831//5017
f 2833//5018 150//5018 148//5018
f 2837//5019 156//5019 154//5019
f 2839//5020 156//5020 2837//5020
f 2839//5021 158//5021 156//5021
f 2841//5022 158//5022 2839//5022
f 2841//5023 160//5023 158//5023
f 2843//5024 160//5024 2841//5024
f 2843//5025 162//5025 160//5025
f 2845//5026 162//5026 2843//5026
f 2845//5027 164//5027 162//5027
f 2847//5028 770//5028 164//5028
f 2847//5029 772//5029 770//5029
f 2847//5030 164//5030 2845//5030
f 2849//5031 774//5031 772//5031
f 2849//5032 772//5032 2847//5032
f 2851//5033 776//5033 774//5033
f 2851//5034 774//5034 2849//5034
f 2853//5035 778//5035 776//5035
f 2853//5036 776//5036 2851//5036
f 2855//5037 780//5037 778//5037
f 2855//5038 778//5038 2853//5038
f 2857//5039 780//5039 2855//5039
f 2857//5040 782//5040 780//5040
f 2859//5041 782//5041 2857//5041
f 2859//5042 784//5042 782//5042
f 2861//5043 784//5043 2859//5043
f 2861//5044 786//5044 784//5044
f 2863//5045 786//5045 2861//5045
f 2863//5046 788//5046 786//5046
f 2865//5047 788//5047 2863//5047
f 2865//5048 790//5048 788//5048
f 2871//5049 798//5049 796//5049
f 2873//5050 798//5050 2871//5050
f 2873//5051 166//5051 798//5051
f 2875//5052 166//5052 2873//5052
f 2875//5053 167//5053 166//5053
f 2879//5054 174//5054 172//5054
f 2881//5055 176//5055 174//5055
f 2881//5056 174//5056 2879//5056
f 2883//5057 178//5057 176//5057
f 2883//5058 176//5058 2881//5058
f 2885//5059 180//5059 178//5059
f 2885//5060 178//5060 2883//5060
f 2887//5061 182//5061 180//5061
f 2887//5062 180//5062 2885//5062
f 2889//5063 184//5063 182//5063
f 2889//5064 182//5064 2887//5064
f 2891//5065 186//5065 184//5065
f 2891//5066 184//5066 2889//5066
f 2893//5067 188//5067 186//5067
f 2893//5068 186//5068 2891//5068
f 2895//5069 190//5069 188//5069
f 2895//5070 188//5070 2893//5070
f 2897//5071 192//5071 190//5071
f 2897//5072 194//5072 192//5072
f 2897//5073 190//5073 2895//5073
f 2899//5074 196//5074 194//5074
f 2899//5075 194//5075 2897//5075
f 2901//5076 198//5076 196//5076
f 2901//5077 196//5077 2899//5077
f 2903//5078 800//5078 198//5078
f 2903//5079 198//5079 2901//5079
f 2905//5080 800//5080 2903//5080
f 2905//5081 802//5081 800//5081
f 2909//5082 808//5082 806//5082
f 2911//5083 808//5083 2909//5083
f 2911//5084 810//5084 808//5084
f 2913//5085 810//5085 2911//5085
f 2913//5086 812//5086 810//5086
f 2915//5087 812//5087 2913//5087
f 2915//5088 814//5088 812//5088
f 2917//5089 814//5089 2915//5089
f 2917//5090 816//5090 814//5090
f 2919//5091 816//5091 2917//5091
f 2919//5092 818//5092 816//5092
f 2921//5093 818//5093 2919//5093
f 2921//5094 820//5094 818//5094
f 2923//5095 822//5095 820//5095
f 2923//5096 820//5096 2921//5096
f 2925//5097 824//5097 822//5097
f 2925//5098 822//5098 2923//5098
f 2927//5099 826//5099 824//5099
f 2927//5100 828//5100 826//5100
f 2927//5101 824//5101 2925//5101
f 2929//5102 200//5102 828//5102
f 2929//5103 828//5103 2927//5103
f 2931//5104 201//5104 200//5104
f 2931//5105 200//5105 2929//5105
f 2933//5106 204//5106 201//5106
f 2933//5107 201//5107 2931//5107
f 2935//5108 206//5108 204//5108
f 2935//5109 204//5109 2933//5109
f 2937//5110 208//5110 206//5110
f 2937//5111 206//5111 2935//5111
f 2939//5112 210//5112 208//5112
f 2939//5113 212//5113 210//5113
f 2939//5114 208//5114 2937//5114
f 2941//5115 214//5115 212//5115
f 2941//5116 212//5116 2939//5116
f 2943//5117 216//5117 214//5117
f 2943//5118 214//5118 2941//5118
f 2945//5119 218//5119 216//5119
f 2945//5120 216//5120 2943//5120
f 2947//5121 220//5121 218//5121
f 2947//5122 218//5122 2945//5122
f 2949//5123 222//5123 220//5123
f 2949//5124 220//5124 2947//5124
f 2951//5125 224//5125 222//5125
f 2951//5126 222//5126 2949//5126
f 2953//5127 224//5127 2951//5127
f 2953//5128 226//5128 224//5128
f 2955//5129 226//5129 2953//5129
f 2955//5130 228//5130 226//5130
f 2955//5131 230//5131 228//5131
f 2957//5132 230//5132 2955//5132
f 2957//5133 232//5133 230//5133
f 2959//5134 232//5134 2957//5134
f 2959//5135 830//5135 232//5135
f 2961//5136 830//5136 2959//5136
f 2961//5137 832//5137 830//5137
f 2963//5138 832//5138 2961//5138
f 2963//5139 834//5139 832//5139
f 2965//5140 834//5140 2963//5140
f 2965//5141 836//5141 834//5141
f 2967//5142 836//5142 2965//5142
f 2969//5143 842//5143 840//5143
f 2971//5144 844//5144 842//5144
f 2971//5145 842//5145 2969//5145
f 2973//5146 846//5146 844//5146
f 2973//5147 844//5147 2971//5147
f 2975//5148 848//5148 846//5148
f 2975//5149 846//5149 2973//5149
f 2977//5150 850//5150 848//5150
f 2977//5151 848//5151 2975//5151
f 2979//5152 852//5152 850//5152
f 2979//5153 850//5153 2977//5153
f 2981//5154 854//5154 852//5154
f 2981//5155 852//5155 2979//5155
f 2983//5156 856//5156 854//5156
f 2983//5157 854//5157 2981//5157
f 2985//5158 858//5158 856//5158
f 2985//5159 234//5159 858//5159
f 2985//5160 856//5160 2983//5160
f 2987//5161 234//5161 2985//5161
f 2987//5162 235//5162 234//5162
f 2989//5163 238//5163 235//5163
f 2989//5164 235//5164 2987//5164
f 2991//5165 240//5165 238//5165
f 2991//5166 238//5166 2989//5166
f 2993//5167 242//5167 240//5167
f 2993//5168 240//5168 2991//5168
f 2995//5169 244//5169 242//5169
f 2995//5170 242//5170 2993//5170
f 2997//5171 246//5171 244//5171
f 2997//5172 244//5172 2995//5172
f 2999//5173 250//5173 248//5173
f 3001//5174 250//5174 2999//5174
f 3001//5175 252//5175 250//5175
f 3003//5176 252//5176 3001//5176
f 3003//5177 254//5177 252//5177
f 3005//5178 254//5178 3003//5178
f 3005//5179 256//5179 254//5179
f 3007//5180 256//5180 3005//5180
f 3007//5181 258//5181 256//5181
f 3009//5182 258//5182 3007//5182
f 3009//5183 260//5183 258//5183
f 3011//5184 260//5184 3009//5184
f 3011//5185 262//5185 260//5185
f 3013//5186 262//5186 3011//5186
f 3013//5187 264//5187 262//5187
f 3013//5188 266//5188 264//5188
f 3015//5189 266//5189 3013//5189
f 3015//5190 860//5190 266//5190
f 3017//5191 860//5191 3015//5191
f 3017//5192 862//5192 860//5192
f 3019//5193 862//5193 3017//5193
f 3019//5194 864//5194 862//5194
f 3021//5195 864//5195 3019//5195
f 3021//5196 866//5196 864//5196
f 3023//5197 866//5197 3021//5197
f 3023//5198 868//5198 866//5198
f 3025//5199 868//5199 3023//5199
f 3025//5200 870//5200 868//5200
f 3027//5201 870//5201 3025//5201
f 3027//5202 872//5202 870//5202
f 3033//5203 880//5203 878//5203
f 3035//5204 882//5204 880//5204
f 3035//5205 880//5205 3033//5205
f 3037//5206 884//5206 882//5206
f 3037//5207 882//5207 3035//5207
f 3039//5208 886//5208 884//5208
f 3039//5209 884//5209 3037//5209
f 3041//5210 888//5210 886//5210
f 3041//5211 268//5211 888//5211
f 3041//5212 886//5212 3039//5212
f 3043//5213 269//5213 268//5213
f 3043//5214 268//5214 3041//5214
f 3045//5215 272//5215 269//5215
f 3045//5216 269//5216 3043//5216
f 3047//5217 272//5217 3045//5217
f 3047//5218 274//5218 272//5218
f 3049//5219 274//5219 3047//5219
f 3049//5220 276//5220 274//5220
f 3051//5221 276//5221 3049//5221
f 3051//5222 278//5222 276//5222
f 3053//5223 278//5223 3051//5223
f 3053//5224 280//5224 278//5224
f 3055//5225 280//5225 3053//5225
f 3055//5226 282//5226 280//5226
f 3057//5227 282//5227 3055//5227
f 3057//5228 284//5228 282//5228
f 3059//5229 284//5229 3057//5229
f 3059//5230 286//5230 284//5230
f 3059//5231 288//5231 286//5231
f 3061//5232 288//5232 3059//5232
f 3061//5233 290//5233 288//5233
f 3063//5234 290//5234 3061//5234
f 3063//5235 292//5235 290//5235
f 3065//5236 292//5236 3063//5236
f 3065//5237 294//5237 292//5237
f 3067//5238 294//5238 3065//5238
f 3067//5239 296//5239 294//5239
f 3069//5240 296//5240 3067//5240
f 3069//5241 298//5241 296//5241
f 3071//5242 890//5242 300//5242
f 3071//5243 298//5243 3069//5243
f 3071//5244 300//5244 298//5244
f 3073//5245 892//5245 890//5245
f 3073//5246 890//5246 3071//5246
f 3075//5247 894//5247 892//5247
f 3075//5248 892//5248 3073//5248
f 3077//5249 896//5249 894//5249
f 3077//5250 894//5250 3075//5250
f 3079//5251 898//5251 896//5251
f 3079//5252 896//5252 3077//5252
f 3081//5253 900//5253 898//5253
f 3081//5254 898//5254 3079//5254
f 3083//5255 902//5255 900//5255
f 3083//5256 900//5256 3081//5256
f 3085//5257 904//5257 902//5257
f 3085//5258 902//5258 3083//5258
f 3087//5259 906//5259 904//5259
f 3087//5260 904//5260 3085//5260
f 3091//5261 912//5261 910//5261
f 3093//5262 914//5262 912//5262
f 3093//5263 912//5263 3091//5263
f 3095//5264 914//5264 3093//5264
f 3095//5265 916//5265 914//5265
f 3097//5266 916//5266 3095//5266
f 3097//5267 918//5267 916//5267
f 3099//5268 918//5268 3097//5268
f 3099//5269 302//5269 918//5269
f 3101//5270 302//5270 3099//5270
f 3101//5271 303//5271 302//5271
f 3101//5272 306//5272 303//5272
f 3103//5273 306//5273 3101//5273
f 3103//5274 308//5274 306//5274
f 3105//5275 310//5275 308//5275
f 3105//5276 308//5276 3103//5276
f 3107//5277 312//5277 310//5277
f 3107//5278 310//5278 3105//5278
f 3109//5279 314//5279 312//5279
f 3109//5280 312//5280 3107//5280
f 3111//5281 316//5281 314//5281
f 3111//5282 314//5282 3109//5282
f 3113//5283 318//5283 316//5283
f 3113//5284 316//5284 3111//5284
f 3115//5285 320//5285 318//5285
f 3115//5286 318//5286 3113//5286
f 3125//5287 332//5287 330//5287
f 3127//5288 334//5288 332//5288
f 3127//5289 332//5289 3125//5289
f 3129//5290 334//5290 3127//5290
f 3130//5291 2713//5291 74//5291
f 3130//5292 2711//5292 2713//5292
f 3130//5293 74//5293 72//5293
f 3131//5294 2743//5294 2745//5294
f 3131//5295 722//5295 720//5295
f 3131//5296 720//5296 2743//5296
f 3132//5297 3131//5297 2745//5297
f 3132//5298 2745//5298 2747//5298
f 3132//5299 724//5299 722//5299
f 3132//5300 2747//5300 724//5300
f 3132//5301 722//5301 3131//5301
f 3133//5302 114//5302 112//5302
f 3133//5303 112//5303 2773//5303
f 3133//5304 2775//5304 114//5304
f 3133//5305 2773//5305 2775//5305
f 3134//5306 2805//5306 2807//5306
f 3134//5307 758//5307 756//5307
f 3134//5308 2807//5308 758//5308
f 3135//5309 2837//5309 154//5309
f 3135//5310 2835//5310 2837//5310
f 3135//5311 154//5311 152//5311
f 3136//5312 790//5312 2865//5312
f 3136//5313 792//5313 790//5313
f 3136//5314 2865//5314 2867//5314
f 3137//5315 3136//5315 2867//5315
f 3137//5316 792//5316 3136//5316
f 3137//5317 794//5317 792//5317
f 3137//5318 2867//5318 2869//5318
f 3138//5319 167//5319 2875//5319
f 3138//5320 170//5320 167//5320
f 3138//5321 2875//5321 2877//5321
f 3139//5322 2905//5322 2907//5322
f 3139//5323 802//5323 2905//5323
f 3139//5324 804//5324 802//5324
f 3140//5325 2907//5325 2909//5325
f 3140//5326 2909//5326 806//5326
f 3140//5327 806//5327 804//5327
f 3140//5328 3139//5328 2907//5328
f 3140//5329 804//5329 3139//5329
f 3141//5330 840//5330 838//5330
f 3141//5331 2967//5331 2969//5331
f 3141//5332 2969//5332 840//5332
f 3141//5333 836//5333 2967//5333
f 3141//5334 838//5334 836//5334
f 3142//5335 246//5335 2997//5335
f 3142//5336 2999//5336 248//5336
f 3142//5337 2997//5337 2999//5337
f 3142//5338 248//5338 246//5338
f 3143//5339 3027//5339 3029//5339
f 3143//5340 872//5340 3027//5340
f 3143//5341 874//5341 872//5341
f 3144//5342 3143//5342 3029//5342
f 3144//5343 874//5343 3143//5343
f 3144//5344 3029//5344 3031//5344
f 3144//5345 876//5345 874//5345
f 3145//5346 3091//5346 910//5346
f 3145//5347 910//5347 908//5347
f 3145//5348 3089//5348 3091//5348
f 3146//5349 3117//5349 3119//5349
f 3146//5350 324//5350 322//5350
f 3147//5351 3119//5351 3121//5351
f 3147//5352 324//5352 3146//5352
f 3147//5353 326//5353 324//5353
f 3147//5354 3146//5354 3119//5354
f 3148//5355 3121//5355 3123//5355
f 3148//5356 3147//5356 3121//5356
f 3148//5357 326//5357 3147//5357
f 3148//5358 328//5358 326//5358
f 3149//5359 2709//5359 2711//5359
f 3149//5360 72//5360 2701//5360
f 3149//5361 2711//5361 3130//5361
f 3149//5362 3130//5362 72//5362
f 3149//5363 2701//5363 2709//5363
f 3150//5364 2805//5364 3134//5364
f 3150//5365 2803//5365 2805//5365
f 3150//5366 3134//5366 756//5366
f 3150//5367 754//5367 2803//5367
f 3150//5368 756//5368 754//5368
f 3151//5369 150//5369 2833//5369
f 3151//5370 2833//5370 2835//5370
f 3151//5371 2835//5371 3135//5371
f 3151//5372 152//5372 150//5372
f 3151//5373 3135//5373 152//5373
f 3152//5374 3137//5374 2869//5374
f 3152//5375 794//5375 3137//5375
f 3152//5376 2871//5376 796//5376
f 3152//5377 796//5377 794//5377
f 3152//5378 2869//5378 2871//5378
f 3153//5379 170//5379 3138//5379
f 3153//5380 172//5380 170//5380
f 3153//5381 2879//5381 172//5381
f 3153//5382 3138//5382 2877//5382
f 3153//5383 2877//5383 2879//5383
f 3154//5384 3144//5384 3031//5384
f 3154//5385 876//5385 3144//5385
f 3154//5386 3031//5386 3033//5386
f 3154//5387 878//5387 876//5387
f 3154//5388 3033//5388 878//5388
f 3155//5389 908//5389 906//5389
f 3155//5390 3145//5390 908//5390
f 3155//5391 906//5391 3087//5391
f 3155//5392 3089//5392 3145//5392
f 3155//5393 3087//5393 3089//5393
f 3156//5394 3146//5394 322//5394
f 3156//5395 3115//5395 3117//5395
f 3156//5396 322//5396 320//5396
f 3156//5397 320//5397 3115//5397
f 3156//5398 3117//5398 3146//5398
f 3157//5399 3123//5399 3125//5399
f 3157//5400 330//5400 328//5400
f 3157//5401 3148//5401 3123//5401
f 3157//5402 328//5402 3148//5402
f 3157//5403 3125//5403 330//5403
f 2706//5404 2697//5404 2//5404
f 1//5405 2706//5405 2//5405
f 2708//5406 2706//5406 1//5406
f 5//5407 2708//5407 1//5407
f 2710//5408 2708//5408 5//5408
f 6//5409 2710//5409 5//5409
f 2712//5410 2710//5410 6//5410
f 8//5411 2712//5411 6//5411
f 2714//5412 2712//5412 8//5412
f 10//5413 2714//5413 8//5413
f 2716//5414 2714//5414 10//5414
f 12//5415 2716//5415 10//5415
f 14//5416 2718//5416 2716//5416
f 14//5417 2716//5417 12//5417
f 16//5418 2720//5418 2718//5418
f 16//5419 2718//5419 14//5419
f 17//5420 2722//5420 2720//5420
f 17//5421 2720//5421 16//5421
f 19//5422 2722//5422 17//5422
f 2724//5423 2722//5423 19//5423
f 21//5424 2724//5424 19//5424
f 2726//5425 2724//5425 21//5425
f 23//5426 2726//5426 21//5426
f 24//5427 2726//5427 23//5427
f 24//5428 2728//5428 2726//5428
f 26//5429 2728//5429 24//5429
f 26//5430 2730//5430 2728//5430
f 28//5431 2730//5431 26//5431
f 28//5432 2732//5432 2730//5432
f 29//5433 2732//5433 28//5433
f 31//5434 2732//5434 29//5434
f 2734//5435 2732//5435 31//5435
f 32//5436 2734//5436 31//5436
f 2736//5437 2734//5437 32//5437
f 34//5438 2736//5438 32//5438
f 36//5439 2736//5439 34//5439
f 36//5440 2738//5440 2736//5440
f 38//5441 2738//5441 36//5441
f 38//5442 2740//5442 2738//5442
f 40//5443 2740//5443 38//5443
f 40//5444 2742//5444 2740//5444
f 41//5445 2742//5445 40//5445
f 43//5446 2742//5446 41//5446
f 43//5447 2744//5447 2742//5447
f 45//5448 2744//5448 43//5448
f 45//5449 2746//5449 2744//5449
f 47//5450 2746//5450 45//5450
f 47//5451 2748//5451 2746//5451
f 49//5452 2748//5452 47//5452
f 50//5453 2748//5453 49//5453
f 50//5454 2750//5454 2748//5454
f 52//5455 2750//5455 50//5455
f 52//5456 2752//5456 2750//5456
f 54//5457 2752//5457 52//5457
f 54//5458 2754//5458 2752//5458
f 56//5459 2756//5459 2754//5459
f 56//5460 2754//5460 54//5460
f 59//5461 2758//5461 2756//5461
f 59//5462 2756//5462 56//5462
f 60//5463 2758//5463 59//5463
f 62//5464 2760//5464 2758//5464
f 62//5465 2758//5465 60//5465
f 64//5466 2762//5466 2760//5466
f 64//5467 2760//5467 62//5467
f 66//5468 2762//5468 64//5468
f 67//5469 2764//5469 2762//5469
f 67//5470 2762//5470 66//5470
f 69//5471 2766//5471 2764//5471
f 69//5472 2764//5472 67//5472
f 71//5473 2768//5473 2766//5473
f 71//5474 2766//5474 69//5474
f 73//5475 2768//5475 71//5475
f 73//5476 2770//5476 2768//5476
f 75//5477 2770//5477 73//5477
f 75//5478 2772//5478 2770//5478
f 77//5479 2772//5479 75//5479
f 77//5480 2774//5480 2772//5480
f 79//5481 2774//5481 77//5481
f 87//5482 2780//5482 85//5482
f 87//5483 2782//5483 2780//5483
f 89//5484 2782//5484 87//5484
f 89//5485 2784//5485 2782//5485
f 91//5486 2784//5486 89//5486
f 91//5487 2786//5487 2784//5487
f 93//5488 2786//5488 91//5488
f 93//5489 2788//5489 2786//5489
f 95//5490 2788//5490 93//5490
f 95//5491 2790//5491 2788//5491
f 709//5492 2790//5492 95//5492
f 711//5493 2790//5493 709//5493
f 711//5494 2792//5494 2790//5494
f 713//5495 2792//5495 711//5495
f 713//5496 2794//5496 2792//5496
f 715//5497 2794//5497 713//5497
f 715//5498 2796//5498 2794//5498
f 717//5499 2796//5499 715//5499
f 717//5500 2798//5500 2796//5500
f 719//5501 2798//5501 717//5501
f 719//5502 2800//5502 2798//5502
f 721//5503 2800//5503 719//5503
f 721//5504 2802//5504 2800//5504
f 723//5505 2802//5505 721//5505
f 723//5506 2804//5506 2802//5506
f 725//5507 2804//5507 723//5507
f 729//5508 2806//5508 727//5508
f 729//5509 2808//5509 2806//5509
f 731//5510 2808//5510 729//5510
f 731//5511 2810//5511 2808//5511
f 733//5512 2810//5512 731//5512
f 733//5513 2812//5513 2810//5513
f 735//5514 2812//5514 733//5514
f 735//5515 2814//5515 2812//5515
f 737//5516 2814//5516 735//5516
f 737//5517 2816//5517 2814//5517
f 100//5518 2816//5518 737//5518
f 100//5519 2818//5519 2816//5519
f 97//5520 2818//5520 100//5520
f 97//5521 2820//5521 2818//5521
f 101//5522 2820//5522 97//5522
f 103//5523 2822//5523 2820//5523
f 103//5524 2820//5524 101//5524
f 105//5525 2824//5525 2822//5525
f 105//5526 2822//5526 103//5526
f 107//5527 2826//5527 2824//5527
f 107//5528 2824//5528 105//5528
f 109//5529 2828//5529 2826//5529
f 109//5530 2826//5530 107//5530
f 111//5531 2830//5531 2828//5531
f 111//5532 2828//5532 109//5532
f 113//5533 2832//5533 2830//5533
f 113//5534 2830//5534 111//5534
f 115//5535 2834//5535 2832//5535
f 115//5536 2832//5536 113//5536
f 117//5537 2836//5537 2834//5537
f 117//5538 2834//5538 115//5538
f 119//5539 2836//5539 117//5539
f 121//5540 2838//5540 2836//5540
f 121//5541 2836//5541 119//5541
f 123//5542 2840//5542 2838//5542
f 123//5543 2838//5543 121//5543
f 125//5544 2842//5544 2840//5544
f 125//5545 2840//5545 123//5545
f 127//5546 2844//5546 2842//5546
f 127//5547 2842//5547 125//5547
f 129//5548 2846//5548 2844//5548
f 129//5549 2844//5549 127//5549
f 739//5550 2848//5550 2846//5550
f 739//5551 2846//5551 129//5551
f 741//5552 2848//5552 739//5552
f 743//5553 2850//5553 2848//5553
f 743//5554 2848//5554 741//5554
f 745//5555 2852//5555 2850//5555
f 745//5556 2850//5556 743//5556
f 747//5557 2854//5557 2852//5557
f 747//5558 2852//5558 745//5558
f 749//5559 2856//5559 2854//5559
f 749//5560 2854//5560 747//5560
f 751//5561 2858//5561 2856//5561
f 751//5562 2856//5562 749//5562
f 753//5563 2860//5563 2858//5563
f 753//5564 2858//5564 751//5564
f 755//5565 2862//5565 2860//5565
f 755//5566 2860//5566 753//5566
f 757//5567 2862//5567 755//5567
f 765//5568 2868//5568 763//5568
f 765//5569 2870//5569 2868//5569
f 767//5570 2870//5570 765//5570
f 767//5571 2872//5571 2870//5571
f 134//5572 2872//5572 767//5572
f 134//5573 2874//5573 2872//5573
f 131//5574 2874//5574 134//5574
f 131//5575 2876//5575 2874//5575
f 139//5576 2880//5576 2878//5576
f 141//5577 2882//5577 2880//5577
f 141//5578 2880//5578 139//5578
f 143//5579 2884//5579 2882//5579
f 143//5580 2882//5580 141//5580
f 145//5581 2886//5581 2884//5581
f 145//5582 2884//5582 143//5582
f 147//5583 2888//5583 2886//5583
f 147//5584 2886//5584 145//5584
f 149//5585 2890//5585 2888//5585
f 149//5586 2888//5586 147//5586
f 151//5587 2892//5587 2890//5587
f 151//5588 2890//5588 149//5588
f 153//5589 2894//5589 2892//5589
f 153//5590 2892//5590 151//5590
f 155//5591 2896//5591 2894//5591
f 155//5592 2894//5592 153//5592
f 157//5593 2896//5593 155//5593
f 163//5594 2902//5594 2900//5594
f 163//5595 2900//5595 161//5595
f 769//5596 2904//5596 2902//5596
f 769//5597 2902//5597 163//5597
f 771//5598 2906//5598 2904//5598
f 771//5599 2904//5599 769//5599
f 773//5600 2906//5600 771//5600
f 775//5601 2908//5601 2906//5601
f 775//5602 2906//5602 773//5602
f 777//5603 2910//5603 2908//5603
f 777//5604 2908//5604 775//5604
f 779//5605 2912//5605 2910//5605
f 779//5606 2910//5606 777//5606
f 781//5607 2912//5607 779//5607
f 781//5608 2914//5608 2912//5608
f 783//5609 2914//5609 781//5609
f 783//5610 2916//5610 2914//5610
f 785//5611 2916//5611 783//5611
f 785//5612 2918//5612 2916//5612
f 787//5613 2918//5613 785//5613
f 787//5614 2920//5614 2918//5614
f 789//5615 2920//5615 787//5615
f 789//5616 2922//5616 2920//5616
f 791//5617 2922//5617 789//5617
f 791//5618 2924//5618 2922//5618
f 793//5619 2924//5619 791//5619
f 793//5620 2926//5620 2924//5620
f 795//5621 2926//5621 793//5621
f 165//5622 2930//5622 168//5622
f 165//5623 2932//5623 2930//5623
f 169//5624 2932//5624 165//5624
f 169//5625 2934//5625 2932//5625
f 171//5626 2934//5626 169//5626
f 171//5627 2936//5627 2934//5627
f 173//5628 2936//5628 171//5628
f 179//5629 2942//5629 2940//5629
f 179//5630 2940//5630 177//5630
f 181//5631 2944//5631 2942//5631
f 181//5632 2942//5632 179//5632
f 183//5633 2946//5633 2944//5633
f 183//5634 2944//5634 181//5634
f 185//5635 2948//5635 2946//5635
f 185//5636 2946//5636 183//5636
f 187//5637 2950//5637 2948//5637
f 187//5638 2948//5638 185//5638
f 189//5639 2952//5639 2950//5639
f 189//5640 2950//5640 187//5640
f 191//5641 2954//5641 2952//5641
f 191//5642 2952//5642 189//5642
f 193//5643 2954//5643 191//5643
f 799//5644 2960//5644 2958//5644
f 801//5645 2960//5645 799//5645
f 801//5646 2962//5646 2960//5646
f 803//5647 2962//5647 801//5647
f 803//5648 2964//5648 2962//5648
f 805//5649 2964//5649 803//5649
f 805//5650 2966//5650 2964//5650
f 807//5651 2966//5651 805//5651
f 807//5652 2968//5652 2966//5652
f 809//5653 2968//5653 807//5653
f 811//5654 2968//5654 809//5654
f 811//5655 2970//5655 2968//5655
f 813//5656 2970//5656 811//5656
f 813//5657 2972//5657 2970//5657
f 815//5658 2972//5658 813//5658
f 815//5659 2974//5659 2972//5659
f 817//5660 2974//5660 815//5660
f 817//5661 2976//5661 2974//5661
f 819//5662 2976//5662 817//5662
f 819//5663 2978//5663 2976//5663
f 821//5664 2978//5664 819//5664
f 821//5665 2980//5665 2978//5665
f 823//5666 2980//5666 821//5666
f 823//5667 2982//5667 2980//5667
f 825//5668 2982//5668 823//5668
f 825//5669 2984//5669 2982//5669
f 827//5670 2984//5670 825//5670
f 827//5671 2986//5671 2984//5671
f 202//5672 2986//5672 827//5672
f 199//5673 2986//5673 202//5673
f 199//5674 2988//5674 2986//5674
f 203//5675 2988//5675 199//5675
f 203//5676 2990//5676 2988//5676
f 205//5677 2990//5677 203//5677
f 205//5678 2992//5678 2990//5678
f 207//5679 2992//5679 205//5679
f 207//5680 2994//5680 2992//5680
f 209//5681 2994//5681 207//5681
f 209//5682 2996//5682 2994//5682
f 211//5683 2996//5683 209//5683
f 211//5684 2998//5684 2996//5684
f 213//5685 2998//5685 211//5685
f 215//5686 3000//5686 2998//5686
f 215//5687 2998//5687 213//5687
f 217//5688 3002//5688 3000//5688
f 217//5689 3000//5689 215//5689
f 219//5690 3004//5690 3002//5690
f 219//5691 3002//5691 217//5691
f 221//5692 3004//5692 219//5692
f 221//5693 3006//5693 3004//5693
f 223//5694 3006//5694 221//5694
f 223//5695 3008//5695 3006//5695
f 225//5696 3008//5696 223//5696
f 225//5697 3010//5697 3008//5697
f 227//5698 3010//5698 225//5698
f 227//5699 3012//5699 3010//5699
f 229//5700 3012//5700 227//5700
f 229//5701 3014//5701 3012//5701
f 231//5702 3014//5702 229//5702
f 231//5703 3016//5703 3014//5703
f 829//5704 3016//5704 231//5704
f 831//5705 3016//5705 829//5705
f 831//5706 3018//5706 3016//5706
f 833//5707 3018//5707 831//5707
f 833//5708 3020//5708 3018//5708
f 835//5709 3020//5709 833//5709
f 835//5710 3022//5710 3020//5710
f 837//5711 3024//5711 3022//5711
f 837//5712 3022//5712 835//5712
f 839//5713 3024//5713 837//5713
f 851//5714 3036//5714 3034//5714
f 851//5715 3034//5715 849//5715
f 853//5716 3038//5716 3036//5716
f 853//5717 3036//5717 851//5717
f 855//5718 3040//5718 3038//5718
f 855//5719 3038//5719 853//5719
f 857//5720 3042//5720 3040//5720
f 857//5721 3040//5721 855//5721
f 236//5722 3044//5722 3042//5722
f 236//5723 3042//5723 857//5723
f 233//5724 3044//5724 236//5724
f 237//5725 3046//5725 3044//5725
f 237//5726 3044//5726 233//5726
f 239//5727 3048//5727 3046//5727
f 239//5728 3046//5728 237//5728
f 241//5729 3050//5729 3048//5729
f 241//5730 3048//5730 239//5730
f 243//5731 3052//5731 3050//5731
f 243//5732 3050//5732 241//5732
f 245//5733 3054//5733 3052//5733
f 245//5734 3052//5734 243//5734
f 247//5735 3056//5735 3054//5735
f 247//5736 3054//5736 245//5736
f 249//5737 3056//5737 247//5737
f 249//5738 3058//5738 3056//5738
f 251//5739 3058//5739 249//5739
f 257//5740 3062//5740 255//5740
f 257//5741 3064//5741 3062//5741
f 259//5742 3066//5742 3064//5742
f 259//5743 3064//5743 257//5743
f 261//5744 3068//5744 3066//5744
f 261//5745 3066//5745 259//5745
f 263//5746 3070//5746 3068//5746
f 263//5747 3068//5747 261//5747
f 265//5748 3072//5748 3070//5748
f 265//5749 3070//5749 263//5749
f 859//5750 3072//5750 265//5750
f 861//5751 3072//5751 859//5751
f 861//5752 3074//5752 3072//5752
f 863//5753 3076//5753 3074//5753
f 863//5754 3074//5754 861//5754
f 865//5755 3078//5755 3076//5755
f 865//5756 3076//5756 863//5756
f 867//5757 3080//5757 3078//5757
f 867//5758 3078//5758 865//5758
f 869//5759 3082//5759 3080//5759
f 869//5760 3080//5760 867//5760
f 871//5761 3084//5761 3082//5761
f 871//5762 3082//5762 869//5762
f 873//5763 3086//5763 3084//5763
f 873//5764 3084//5764 871//5764
f 875//5765 3088//5765 3086//5765
f 875//5766 3086//5766 873//5766
f 877//5767 3090//5767 3088//5767
f 877//5768 3088//5768 875//5768
f 879//5769 3090//5769 877//5769
f 881//5770 3092//5770 3090//5770
f 881//5771 3090//5771 879//5771
f 883//5772 3094//5772 3092//5772
f 883//5773 3092//5773 881//5773
f 885//5774 3096//5774 3094//5774
f 885//5775 3094//5775 883//5775
f 887//5776 3098//5776 3096//5776
f 887//5777 3096//5777 885//5777
f 270//5778 3100//5778 3098//5778
f 270//5779 3098//5779 887//5779
f 267//5780 3102//5780 3100//5780
f 267//5781 3100//5781 270//5781
f 271//5782 3102//5782 267//5782
f 273//5783 3102//5783 271//5783
f 273//5784 3104//5784 3102//5784
f 275//5785 3104//5785 273//5785
f 275//5786 3106//5786 3104//5786
f 277//5787 3106//5787 275//5787
f 277//5788 3108//5788 3106//5788
f 279//5789 3108//5789 277//5789
f 279//5790 3110//5790 3108//5790
f 281//5791 3110//5791 279//5791
f 281//5792 3112//5792 3110//5792
f 283//5793 3112//5793 281//5793
f 283//5794 3114//5794 3112//5794
f 285//5795 3114//5795 283//5795
f 285//5796 3116//5796 3114//5796
f 287//5797 3116//5797 285//5797
f 295//5798 3122//5798 293//5798
f 295//5799 3124//5799 3122//5799
f 297//5800 3124//5800 295//5800
f 297//5801 3126//5801 3124//5801
f 299//5802 3128//5802 3126//5802
f 299//5803 3126//5803 297//5803
f 3158//5804 2774//5804 79//5804
f 3158//5805 79//5805 81//5805
f 3158//5806 2776//5806 2774//5806
f 3159//5807 81//5807 83//5807
f 3159//5808 3158//5808 81//5808
f 3159//5809 2776//5809 3158//5809
f 3159//5810 2778//5810 2776//5810
f 3160//5811 725//5811 727//5811
f 3160//5812 2804//5812 725//5812
f 3160//5813 727//5813 2806//5813
f 3160//5814 2806//5814 2804//5814
f 3161//5815 2866//5815 2864//5815
f 3161//5816 759//5816 761//5816
f 3162//5817 2866//5817 3161//5817
f 3162//5818 763//5818 2868//5818
f 3162//5819 2868//5819 2866//5819
f 3162//5820 3161//5820 761//5820
f 3162//5821 761//5821 763//5821
f 3163//5822 137//5822 139//5822
f 3163//5823 135//5823 137//5823
f 3163//5824 131//5824 135//5824
f 3163//5825 2876//5825 131//5825
f 3163//5826 2878//5826 2876//5826
f 3163//5827 139//5827 2878//5827
f 3164//5828 157//5828 159//5828
f 3164//5829 2898//5829 2896//5829
f 3164//5830 2896//5830 157//5830
f 3165//5831 795//5831 797//5831
f 3165//5832 2926//5832 795//5832
f 3165//5833 2928//5833 2926//5833
f 3166//5834 173//5834 175//5834
f 3166//5835 2936//5835 173//5835
f 3166//5836 2938//5836 2936//5836
f 3167//5837 3166//5837 175//5837
f 3167//5838 175//5838 177//5838
f 3167//5839 2940//5839 2938//5839
f 3167//5840 2938//5840 3166//5840
f 3167//5841 177//5841 2940//5841
f 3168//5842 799//5842 2958//5842
f 3168//5843 195//5843 197//5843
f 3168//5844 197//5844 799//5844
f 3168//5845 2958//5845 2956//5845
f 3169//5846 3028//5846 3026//5846
f 3169//5847 841//5847 843//5847
f 3170//5848 3030//5848 3028//5848
f 3170//5849 3169//5849 843//5849
f 3170//5850 3028//5850 3169//5850
f 3170//5851 843//5851 845//5851
f 3171//5852 3032//5852 3030//5852
f 3171//5853 3170//5853 845//5853
f 3171//5854 3030//5854 3170//5854
f 3171//5855 845//5855 847//5855
f 3172//5856 251//5856 253//5856
f 3172//5857 3058//5857 251//5857
f 3172//5858 3060//5858 3058//5858
f 3173//5859 289//5859 291//5859
f 3173//5860 3120//5860 3118//5860
f 3174//5861 3120//5861 3173//5861
f 3174//5862 3173//5862 291//5862
f 3174//5863 291//5863 293//5863
f 3174//5864 293//5864 3122//5864
f 3174//5865 3122//5865 3120//5865
f 3175//5866 85//5866 2780//5866
f 3175//5867 83//5867 85//5867
f 3175//5868 2780//5868 2778//5868
f 3175//5869 2778//5869 3159//5869
f 3175//5870 3159//5870 83//5870
f 3176//5871 2862//5871 757//5871
f 3176//5872 3161//5872 2864//5872
f 3176//5873 2864//5873 2862//5873
f 3176//5874 759//5874 3161//5874
f 3176//5875 757//5875 759//5875
f 3177//5876 159//5876 161//5876
f 3177//5877 2900//5877 2898//5877
f 3177//5878 2898//5878 3164//5878
f 3177//5879 3164//5879 159//5879
f 3177//5880 161//5880 2900//5880
f 3178//5881 2928//5881 3165//5881
f 3178//5882 797//5882 168//5882
f 3178//5883 3165//5883 797//5883
f 3178//5884 168//5884 2930//5884
f 3178//5885 2930//5885 2928//5885
f 3179//5886 193//5886 195//5886
f 3179//5887 2956//5887 2954//5887
f 3179//5888 3168//5888 2956//5888
f 3179//5889 195//5889 3168//5889
f 3179//5890 2954//5890 193//5890
f 3180//5891 3026//5891 3024//5891
f 3180//5892 3024//5892 839//5892
f 3180//5893 841//5893 3169//5893
f 3180//5894 3169//5894 3026//5894
f 3180//5895 839//5895 841//5895
f 3181//5896 3034//5896 3032//5896
f 3181//5897 3171//5897 847//5897
f 3181//5898 3032//5898 3171//5898
f 3181//5899 849//5899 3034//5899
f 3181//5900 847//5900 849//5900
f 3182//5901 3062//5901 3060//5901
f 3182//5902 255//5902 3062//5902
f 3182//5903 3060//5903 3172//5903
f 3182//5904 3172//5904 253//5904
f 3182//5905 253//5905 255//5905
f 3183//5906 289//5906 3173//5906
f 3183//5907 3173//5907 3118//5907
f 3183//5908 287//5908 289//5908
f 3183//5909 3116//5909 287//5909
f 3183//5910 3118//5910 3116//5910
f 889//5911 3128//5911 299//5911
f 889//5912 3184//5912 3128//5912
f 891//5913 3185//5913 3184//5913
f 891//5914 3184//5914 889//5914
f 893//5915 3186//5915 3185//5915
f 893//5916 3185//5916 891//5916
f 895//5917 3187//5917 3186//5917
f 895//5918 3186//5918 893//5918
f 897//5919 3187//5919 895//5919
f 903//5920 3188//5920 3189//5920
f 903//5921 3189//5921 901//5921
f 905//5922 3190//5922 3188//5922
f 905//5923 3188//5923 903//5923
f 907//5924 3191//5924 3190//5924
f 907//5925 3190//5925 905//5925
f 909//5926 3192//5926 3191//5926
f 909//5927 3191//5927 907//5927
f 911//5928 3193//5928 3192//5928
f 911//5929 3192//5929 909//5929
f 913//5930 3194//5930 3193//5930
f 913//5931 3193//5931 911//5931
f 915//5932 3195//5932 3194//5932
f 915//5933 3194//5933 913//5933
f 917//5934 3196//5934 3195//5934
f 917//5935 3195//5935 915//5935
f 304//5936 3196//5936 917//5936
f 301//5937 3197//5937 3196//5937
f 301//5938 3196//5938 304//5938
f 305//5939 3198//5939 3197//5939
f 305//5940 3197//5940 301//5940
f 307//5941 3199//5941 3198//5941
f 307//5942 3198//5942 305//5942
f 309//5943 3200//5943 3199//5943
f 309//5944 3199//5944 307//5944
f 311//5945 3200//5945 309//5945
f 311//5946 3201//5946 3200//5946
f 313//5947 3201//5947 311//5947
f 313//5948 3202//5948 3201//5948
f 315//5949 3202//5949 313//5949
f 317//5950 3202//5950 315//5950
f 317//5951 3203//5951 3202//5951
f 319//5952 3203//5952 317//5952
f 319//5953 3204//5953 3203//5953
f 321//5954 3204//5954 319//5954
f 321//5955 3205//5955 3204//5955
f 323//5956 3205//5956 321//5956
f 323//5957 3206//5957 3205//5957
f 325//5958 3206//5958 323//5958
f 325//5959 3207//5959 3206//5959
f 327//5960 3207//5960 325//5960
f 327//5961 3208//5961 3207//5961
f 329//5962 3208//5962 327//5962
f 329//5963 3209//5963 3208//5963
f 331//5964 3209//5964 329//5964
f 331//5965 3210//5965 3209//5965
f 333//5966 3210//5966 331//5966
f 333//5967 3211//5967 3210//5967
f 919//5968 3211//5968 333//5968
f 921//5969 3211//5969 919//5969
f 921//5970 3212//5970 3211//5970
f 923//5971 3213//5971 3212//5971
f 923//5972 3212//5972 921//5972
f 925//5973 3214//5973 3213//5973
f 925//5974 3213//5974 923//5974
f 927//5975 3215//5975 3214//5975
f 927//5976 3214//5976 925//5976
f 929//5977 3216//5977 3215//5977
f 929//5978 3215//5978 927//5978
f 931//5979 3217//5979 3216//5979
f 931//5980 3216//5980 929//5980
f 933//5981 3217//5981 931//5981
f 939//5982 3218//5982 3219//5982
f 939//5983 3219//5983 937//5983
f 941//5984 3220//5984 3218//5984
f 941//5985 3218//5985 939//5985
f 943//5986 3221//5986 3220//5986
f 943//5987 3220//5987 941//5987
f 945//5988 3222//5988 3221//5988
f 945//5989 3221//5989 943//5989
f 947//5990 3222//5990 945//5990
f 947//5991 3223//5991 3222//5991
f 338//5992 3223//5992 947//5992
f 338//5993 3224//5993 3223//5993
f 335//5994 3224//5994 338//5994
f 339//5995 3224//5995 335//5995
f 339//5996 3225//5996 3224//5996
f 341//5997 3225//5997 339//5997
f 341//5998 3226//5998 3225//5998
f 343//5999 3226//5999 341//5999
f 343//6000 3227//6000 3226//6000
f 345//6001 3227//6001 343//6001
f 345//6002 3228//6002 3227//6002
f 347//6003 3228//6003 345//6003
f 347//6004 3229//6004 3228//6004
f 349//6005 3229//6005 347//6005
f 349//6006 3230//6006 3229//6006
f 351//6007 3230//6007 349//6007
f 351//6008 3231//6008 3230//6008
f 353//6009 3231//6009 351//6009
f 357//6010 3232//6010 355//6010
f 357//6011 3233//6011 3232//6011
f 359//6012 3233//6012 357//6012
f 359//6013 3234//6013 3233//6013
f 361//6014 3234//6014 359//6014
f 361//6015 3235//6015 3234//6015
f 363//6016 3235//6016 361//6016
f 363//6017 3236//6017 3235//6017
f 365//6018 3236//6018 363//6018
f 365//6019 3237//6019 3236//6019
f 367//6020 3237//6020 365//6020
f 367//6021 3238//6021 3237//6021
f 949//6022 3238//6022 367//6022
f 949//6023 3239//6023 3238//6023
f 951//6024 3239//6024 949//6024
f 953//6025 3239//6025 951//6025
f 953//6026 3240//6026 3239//6026
f 955//6027 3240//6027 953//6027
f 955//6028 3241//6028 3240//6028
f 957//6029 3241//6029 955//6029
f 957//6030 3242//6030 3241//6030
f 959//6031 3243//6031 3242//6031
f 959//6032 3242//6032 957//6032
f 961//6033 3244//6033 3243//6033
f 961//6034 3243//6034 959//6034
f 963//6035 3245//6035 3244//6035
f 963//6036 3244//6036 961//6036
f 965//6037 3246//6037 3245//6037
f 965//6038 3245//6038 963//6038
f 967//6039 3246//6039 965//6039
f 967//6040 3247//6040 3246//6040
f 969//6041 3247//6041 967//6041
f 971//6042 3247//6042 969//6042
f 971//6043 3248//6043 3247//6043
f 973//6044 3248//6044 971//6044
f 973//6045 3249//6045 3248//6045
f 975//6046 3249//6046 973//6046
f 975//6047 3250//6047 3249//6047
f 977//6048 3250//6048 975//6048
f 977//6049 3251//6049 3250//6049
f 372//6050 3251//6050 977//6050
f 372//6051 3252//6051 3251//6051
f 369//6052 3252//6052 372//6052
f 369//6053 3253//6053 3252//6053
f 373//6054 3253//6054 369//6054
f 375//6055 3253//6055 373//6055
f 375//6056 3254//6056 3253//6056
f 377//6057 3254//6057 375//6057
f 377//6058 3255//6058 3254//6058
f 379//6059 3255//6059 377//6059
f 379//6060 3256//6060 3255//6060
f 381//6061 3256//6061 379//6061
f 381//6062 3257//6062 3256//6062
f 383//6063 3258//6063 3257//6063
f 383//6064 3257//6064 381//6064
f 385//6065 3259//6065 3258//6065
f 385//6066 3258//6066 383//6066
f 387//6067 3260//6067 3259//6067
f 387//6068 3259//6068 385//6068
f 389//6069 3261//6069 3260//6069
f 389//6070 3260//6070 387//6070
f 391//6071 3261//6071 389//6071
f 397//6072 3262//6072 3263//6072
f 397//6073 3263//6073 395//6073
f 399//6074 3264//6074 3262//6074
f 399//6075 3262//6075 397//6075
f 401//6076 3265//6076 3264//6076
f 401//6077 3264//6077 399//6077
f 979//6078 3266//6078 3265//6078
f 979//6079 3265//6079 401//6079
f 985//6080 3267//6080 3268//6080
f 987//6081 3267//6081 985//6081
f 987//6082 3269//6082 3267//6082
f 989//6083 3269//6083 987//6083
f 989//6084 3270//6084 3269//6084
f 991//6085 3270//6085 989//6085
f 991//6086 3271//6086 3270//6086
f 993//6087 3271//6087 991//6087
f 993//6088 3272//6088 3271//6088
f 995//6089 3272//6089 993//6089
f 995//6090 3273//6090 3272//6090
f 997//6091 3273//6091 995//6091
f 997//6092 3274//6092 3273//6092
f 999//6093 3274//6093 997//6093
f 999//6094 3275//6094 3274//6094
f 1001//6095 3276//6095 3275//6095
f 1001//6096 3275//6096 999//6096
f 1003//6097 3276//6097 1001//6097
f 1007//6098 3277//6098 3278//6098
f 1007//6099 3278//6099 1005//6099
f 406//6100 3279//6100 3277//6100
f 406//6101 3277//6101 1007//6101
f 403//6102 3280//6102 3279//6102
f 403//6103 3279//6103 406//6103
f 407//6104 3281//6104 3280//6104
f 407//6105 3280//6105 403//6105
f 409//6106 3281//6106 407//6106
f 411//6107 3282//6107 3281//6107
f 411//6108 3281//6108 409//6108
f 413//6109 3283//6109 3282//6109
f 413//6110 3282//6110 411//6110
f 415//6111 3284//6111 3283//6111
f 415//6112 3283//6112 413//6112
f 417//6113 3285//6113 3284//6113
f 417//6114 3284//6114 415//6114
f 419//6115 3286//6115 3285//6115
f 419//6116 3285//6116 417//6116
f 421//6117 3287//6117 3286//6117
f 421//6118 3286//6118 419//6118
f 423//6119 3288//6119 3287//6119
f 423//6120 3287//6120 421//6120
f 425//6121 3289//6121 3288//6121
f 425//6122 3288//6122 423//6122
f 427//6123 3290//6123 3289//6123
f 427//6124 3289//6124 425//6124
f 429//6125 3291//6125 3290//6125
f 429//6126 3290//6126 427//6126
f 431//6127 3291//6127 429//6127
f 1009//6128 3292//6128 435//6128
f 1009//6129 3293//6129 3292//6129
f 1011//6130 3293//6130 1009//6130
f 1011//6131 3294//6131 3293//6131
f 1013//6132 3294//6132 1011//6132
f 1013//6133 3295//6133 3294//6133
f 1015//6134 3295//6134 1013//6134
f 1021//6135 3296//6135 1019//6135
f 1021//6136 3297//6136 3296//6136
f 1023//6137 3297//6137 1021//6137
f 1023//6138 3298//6138 3297//6138
f 1025//6139 3298//6139 1023//6139
f 1025//6140 3299//6140 3298//6140
f 1027//6141 3299//6141 1025//6141
f 1027//6142 3300//6142 3299//6142
f 1029//6143 3300//6143 1027//6143
f 1029//6144 3301//6144 3300//6144
f 1031//6145 3301//6145 1029//6145
f 1031//6146 3302//6146 3301//6146
f 1033//6147 3303//6147 3302//6147
f 1033//6148 3302//6148 1031//6148
f 1035//6149 3304//6149 3303//6149
f 1035//6150 3303//6150 1033//6150
f 1037//6151 3304//6151 1035//6151
f 437//6152 3305//6152 3306//6152
f 441//6153 3307//6153 3305//6153
f 441//6154 3305//6154 437//6154
f 443//6155 3308//6155 3307//6155
f 443//6156 3307//6156 441//6156
f 445//6157 3309//6157 3308//6157
f 445//6158 3308//6158 443//6158
f 447//6159 3310//6159 3309//6159
f 447//6160 3309//6160 445//6160
f 449//6161 3310//6161 447//6161
f 451//6162 3311//6162 3310//6162
f 451//6163 3310//6163 449//6163
f 453//6164 3312//6164 3311//6164
f 453//6165 3311//6165 451//6165
f 455//6166 3313//6166 3312//6166
f 455//6167 3312//6167 453//6167
f 457//6168 3314//6168 3313//6168
f 457//6169 3313//6169 455//6169
f 459//6170 3314//6170 457//6170
f 459//6171 3315//6171 3314//6171
f 461//6172 3315//6172 459//6172
f 461//6173 3316//6173 3315//6173
f 463//6174 3317//6174 3316//6174
f 463//6175 3316//6175 461//6175
f 465//6176 3317//6176 463//6176
f 465//6177 3318//6177 3317//6177
f 467//6178 3318//6178 465//6178
f 467//6179 3319//6179 3318//6179
f 469//6180 3319//6180 467//6180
f 1039//6181 3319//6181 469//6181
f 1039//6182 3320//6182 3319//6182
f 1041//6183 3320//6183 1039//6183
f 1041//6184 3321//6184 3320//6184
f 1043//6185 3321//6185 1041//6185
f 1043//6186 3322//6186 3321//6186
f 1045//6187 3322//6187 1043//6187
f 1045//6188 3323//6188 3322//6188
f 1047//6189 3323//6189 1045//6189
f 1047//6190 3324//6190 3323//6190
f 1049//6191 3324//6191 1047//6191
f 1049//6192 3325//6192 3324//6192
f 1051//6193 3325//6193 1049//6193
f 1053//6194 3325//6194 1051//6194
f 1053//6195 3326//6195 3325//6195
f 1055//6196 3326//6196 1053//6196
f 1055//6197 3327//6197 3326//6197
f 1057//6198 3327//6198 1055//6198
f 1057//6199 3328//6199 3327//6199
f 1059//6200 3328//6200 1057//6200
f 1059//6201 3329//6201 3328//6201
f 1061//6202 3329//6202 1059//6202
f 1061//6203 3330//6203 3329//6203
f 1063//6204 3330//6204 1061//6204
f 1063//6205 3331//6205 3330//6205
f 1065//6206 3331//6206 1063//6206
f 1065//6207 3332//6207 3331//6207
f 1067//6208 3332//6208 1065//6208
f 1067//6209 3333//6209 3332//6209
f 474//6210 3334//6210 3333//6210
f 474//6211 3333//6211 1067//6211
f 471//6212 3334//6212 474//6212
f 475//6213 3335//6213 3334//6213
f 475//6214 3334//6214 471//6214
f 477//6215 3336//6215 3335//6215
f 477//6216 3335//6216 475//6216
f 479//6217 3337//6217 3336//6217
f 479//6218 3336//6218 477//6218
f 481//6219 3338//6219 3337//6219
f 481//6220 3337//6220 479//6220
f 483//6221 3338//6221 481//6221
f 483//6222 3339//6222 3338//6222
f 485//6223 3339//6223 483//6223
f 493//6224 3340//6224 491//6224
f 493//6225 3341//6225 3340//6225
f 495//6226 3341//6226 493//6226
f 495//6227 3342//6227 3341//6227
f 497//6228 3342//6228 495//6228
f 497//6229 3343//6229 3342//6229
f 499//6230 3343//6230 497//6230
f 499//6231 3344//6231 3343//6231
f 501//6232 3344//6232 499//6232
f 501//6233 3345//6233 3344//6233
f 503//6234 3345//6234 501//6234
f 503//6235 3346//6235 3345//6235
f 1069//6236 3346//6236 503//6236
f 1071//6237 3346//6237 1069//6237
f 1071//6238 3347//6238 3346//6238
f 1073//6239 3347//6239 1071//6239
f 1073//6240 3348//6240 3347//6240
f 1075//6241 3348//6241 1073//6241
f 1075//6242 3349//6242 3348//6242
f 1077//6243 3349//6243 1075//6243
f 1077//6244 3350//6244 3349//6244
f 1079//6245 3350//6245 1077//6245
f 1079//6246 3351//6246 3350//6246
f 1081//6247 3351//6247 1079//6247
f 1081//6248 3352//6248 3351//6248
f 1083//6249 3352//6249 1081//6249
f 1083//6250 3353//6250 3352//6250
f 1085//6251 3353//6251 1083//6251
f 1089//6252 3354//6252 3355//6252
f 1089//6253 3355//6253 1087//6253
f 1091//6254 3356//6254 3354//6254
f 1091//6255 3354//6255 1089//6255
f 1093//6256 3357//6256 3356//6256
f 1093//6257 3356//6257 1091//6257
f 1095//6258 3358//6258 3357//6258
f 1095//6259 3357//6259 1093//6259
f 1097//6260 3359//6260 3358//6260
f 1097//6261 3358//6261 1095//6261
f 508//6262 3360//6262 3359//6262
f 508//6263 3359//6263 1097//6263
f 505//6264 3360//6264 508//6264
f 509//6265 3361//6265 3360//6265
f 509//6266 3360//6266 505//6266
f 511//6267 3362//6267 3361//6267
f 511//6268 3361//6268 509//6268
f 513//6269 3363//6269 3362//6269
f 513//6270 3362//6270 511//6270
f 515//6271 3364//6271 3363//6271
f 515//6272 3363//6272 513//6272
f 517//6273 3365//6273 3364//6273
f 517//6274 3364//6274 515//6274
f 519//6275 3366//6275 3365//6275
f 519//6276 3365//6276 517//6276
f 521//6277 3367//6277 3366//6277
f 521//6278 3366//6278 519//6278
f 523//6279 3368//6279 3367//6279
f 523//6280 3367//6280 521//6280
f 525//6281 3369//6281 3368//6281
f 525//6282 3368//6282 523//6282
f 527//6283 3369//6283 525//6283
f 529//6284 3370//6284 3369//6284
f 529//6285 3369//6285 527//6285
f 531//6286 3371//6286 3370//6286
f 531//6287 3370//6287 529//6287
f 533//6288 3372//6288 3371//6288
f 533//6289 3371//6289 531//6289
f 535//6290 3373//6290 3372//6290
f 535//6291 3372//6291 533//6291
f 537//6292 2477//6292 3373//6292
f 537//6293 3373//6293 535//6293
f 3374//6294 899//6294 901//6294
f 3374//6295 3189//6295 3375//6295
f 3374//6296 901//6296 3189//6296
f 3376//6297 933//6297 935//6297
f 3376//6298 3377//6298 3217//6298
f 3376//6299 3217//6299 933//6299
f 3378//6300 935//6300 937//6300
f 3378//6301 3377//6301 3376//6301
f 3378//6302 3219//6302 3377//6302
f 3378//6303 3376//6303 935//6303
f 3378//6304 937//6304 3219//6304
f 3379//6305 3231//6305 353//6305
f 3379//6306 355//6306 3232//6306
f 3379//6307 353//6307 355//6307
f 3379//6308 3232//6308 3231//6308
f 3380//6309 3381//6309 3261//6309
f 3380//6310 3261//6310 391//6310
f 3380//6311 391//6311 393//6311
f 3382//6312 3263//6312 3381//6312
f 3382//6313 3380//6313 393//6313
f 3382//6314 3381//6314 3380//6314
f 3382//6315 395//6315 3263//6315
f 3382//6316 393//6316 395//6316
f 3383//6317 983//6317 985//6317
f 3383//6318 981//6318 983//6318
f 3383//6319 3268//6319 3266//6319
f 3383//6320 979//6320 981//6320
f 3383//6321 3266//6321 979//6321
f 3383//6322 985//6322 3268//6322
f 3384//6323 3278//6323 3276//6323
f 3384//6324 3276//6324 1003//6324
f 3384//6325 1005//6325 3278//6325
f 3384//6326 1003//6326 1005//6326
f 3385//6327 431//6327 433//6327
f 3385//6328 3386//6328 3291//6328
f 3385//6329 3291//6329 431//6329
f 3387//6330 3295//6330 1015//6330
f 3387//6331 3388//6331 3295//6331
f 3387//6332 1015//6332 1017//6332
f 3389//6333 1019//6333 3296//6333
f 3389//6334 1017//6334 1019//6334
f 3389//6335 3296//6335 3388//6335
f 3389//6336 3388//6336 3387//6336
f 3389//6337 3387//6337 1017//6337
f 3390//6338 1037//6338 440//6338
f 3390//6339 3306//6339 3304//6339
f 3390//6340 440//6340 437//6340
f 3390//6341 3304//6341 1037//6341
f 3390//6342 437//6342 3306//6342
f 3391//6343 3339//6343 485//6343
f 3391//6344 485//6344 487//6344
f 3391//6345 3392//6345 3339//6345
f 3393//6346 3392//6346 3391//6346
f 3393//6347 3391//6347 487//6347
f 3393//6348 487//6348 489//6348
f 3393//6349 3394//6349 3392//6349
f 3395//6350 3393//6350 489//6350
f 3395//6351 3394//6351 3393//6351
f 3395//6352 491//6352 3340//6352
f 3395//6353 489//6353 491//6353
f 3395//6354 3340//6354 3394//6354
f 3396//6355 3355//6355 3353//6355
f 3396//6356 3353//6356 1085//6356
f 3396//6357 1087//6357 3355//6357
f 3396//6358 1085//6358 1087//6358
f 3397//6359 897//6359 899//6359
f 3397//6360 3375//6360 3187//6360
f 3397//6361 3187//6361 897//6361
f 3397//6362 3374//6362 3375//6362
f 3397//6363 899//6363 3374//6363
f 3398//6364 435//6364 3292//6364
f 3398//6365 433//6365 435//6365
f 3398//6366 3292//6366 3386//6366
f 3398//6367 3386//6367 3385//6367
f 3398//6368 3385//6368 433//6368
f 3184//6369 3129//6369 3128//6369
f 3184//6370 3399//6370 3129//6370
f 3185//6371 3399//6371 3184//6371
f 3185//6372 3400//6372 3399//6372
f 3186//6373 3401//6373 3400//6373
f 3186//6374 3400//6374 3185//6374
f 3187//6375 3402//6375 3401//6375
f 3187//6376 3401//6376 3186//6376
f 3375//6377 3403//6377 3402//6377
f 3375//6378 3402//6378 3187//6378
f 3189//6379 3404//6379 3403//6379
f 3189//6380 3403//6380 3375//6380
f 3188//6381 3405//6381 3404//6381
f 3188//6382 3404//6382 3189//6382
f 3190//6383 3406//6383 3405//6383
f 3190//6384 3405//6384 3188//6384
f 3191//6385 3407//6385 3406//6385
f 3191//6386 3406//6386 3190//6386
f 3192//6387 3408//6387 3407//6387
f 3192//6388 3407//6388 3191//6388
f 3193//6389 3409//6389 3408//6389
f 3193//6390 3408//6390 3192//6390
f 3194//6391 3410//6391 3409//6391
f 3194//6392 3409//6392 3193//6392
f 3195//6393 3411//6393 3410//6393
f 3195//6394 3410//6394 3194//6394
f 3196//6395 3412//6395 3411//6395
f 3196//6396 3411//6396 3195//6396
f 3197//6397 3413//6397 3412//6397
f 3197//6398 3412//6398 3196//6398
f 3198//6399 3414//6399 3413//6399
f 3198//6400 3413//6400 3197//6400
f 3199//6401 3415//6401 3414//6401
f 3199//6402 3414//6402 3198//6402
f 3200//6403 3416//6403 3415//6403
f 3200//6404 3415//6404 3199//6404
f 3201//6405 3417//6405 3416//6405
f 3201//6406 3416//6406 3200//6406
f 3202//6407 3418//6407 3417//6407
f 3202//6408 3417//6408 3201//6408
f 3203//6409 3419//6409 3418//6409
f 3203//6410 3418//6410 3202//6410
f 3204//6411 3420//6411 3419//6411
f 3204//6412 3419//6412 3203//6412
f 3205//6413 3421//6413 3420//6413
f 3205//6414 3420//6414 3204//6414
f 3206//6415 3422//6415 3421//6415
f 3206//6416 3421//6416 3205//6416
f 3207//6417 3423//6417 3422//6417
f 3207//6418 3422//6418 3206//6418
f 3208//6419 3424//6419 3423//6419
f 3208//6420 3423//6420 3207//6420
f 3209//6421 3424//6421 3208//6421
f 3209//6422 3425//6422 3424//6422
f 3210//6423 3425//6423 3209//6423
f 3210//6424 3426//6424 3425//6424
f 3211//6425 3426//6425 3210//6425
f 3211//6426 3427//6426 3426//6426
f 3212//6427 3427//6427 3211//6427
f 3212//6428 3428//6428 3427//6428
f 3213//6429 3428//6429 3212//6429
f 3213//6430 3429//6430 3428//6430
f 3214//6431 3429//6431 3213//6431
f 3214//6432 3430//6432 3429//6432
f 3215//6433 3430//6433 3214//6433
f 3215//6434 3431//6434 3430//6434
f 3216//6435 3432//6435 3431//6435
f 3216//6436 3431//6436 3215//6436
f 3217//6437 3432//6437 3216//6437
f 3217//6438 3433//6438 3432//6438
f 3434//6439 3433//6439 3217//6439
f 3377//6440 3434//6440 3217//6440
f 3219//6441 3435//6441 3434//6441
f 3219//6442 3434//6442 3377//6442
f 3218//6443 3436//6443 3435//6443
f 3218//6444 3435//6444 3219//6444
f 3220//6445 3437//6445 3436//6445
f 3220//6446 3436//6446 3218//6446
f 3221//6447 3438//6447 3437//6447
f 3221//6448 3437//6448 3220//6448
f 3222//6449 3439//6449 3438//6449
f 3222//6450 3438//6450 3221//6450
f 3223//6451 3440//6451 3439//6451
f 3223//6452 3439//6452 3222//6452
f 3224//6453 3441//6453 3440//6453
f 3224//6454 3440//6454 3223//6454
f 3225//6455 3442//6455 3441//6455
f 3225//6456 3441//6456 3224//6456
f 3226//6457 3443//6457 3442//6457
f 3226//6458 3442//6458 3225//6458
f 3227//6459 3444//6459 3443//6459
f 3227//6460 3443//6460 3226//6460
f 3228//6461 3445//6461 3444//6461
f 3228//6462 3444//6462 3227//6462
f 3229//6463 3446//6463 3445//6463
f 3229//6464 3445//6464 3228//6464
f 3230//6465 3447//6465 3446//6465
f 3230//6466 3446//6466 3229//6466
f 3231//6467 3448//6467 3447//6467
f 3231//6468 3447//6468 3230//6468
f 3232//6469 3449//6469 3448//6469
f 3232//6470 3448//6470 3231//6470
f 3233//6471 3449//6471 3232//6471
f 3233//6472 3450//6472 3449//6472
f 3234//6473 3450//6473 3233//6473
f 3234//6474 3451//6474 3450//6474
f 3235//6475 3451//6475 3234//6475
f 3235//6476 3452//6476 3451//6476
f 3236//6477 3452//6477 3235//6477
f 3236//6478 3453//6478 3452//6478
f 3237//6479 3453//6479 3236//6479
f 3237//6480 3454//6480 3453//6480
f 3238//6481 3454//6481 3237//6481
f 3238//6482 3455//6482 3454//6482
f 3239//6483 3455//6483 3238//6483
f 3239//6484 3456//6484 3455//6484
f 3240//6485 3456//6485 3239//6485
f 3240//6486 3457//6486 3456//6486
f 3458//6487 3457//6487 3240//6487
f 3241//6488 3458//6488 3240//6488
f 3459//6489 3458//6489 3241//6489
f 3242//6490 3459//6490 3241//6490
f 3243//6491 3459//6491 3242//6491
f 3243//6492 3460//6492 3459//6492
f 3244//6493 3460//6493 3243//6493
f 3244//6494 3461//6494 3460//6494
f 3245//6495 3461//6495 3244//6495
f 3245//6496 3462//6496 3461//6496
f 3463//6497 3462//6497 3245//6497
f 3246//6498 3463//6498 3245//6498
f 3247//6499 3463//6499 3246//6499
f 3247//6500 3464//6500 3463//6500
f 3465//6501 3464//6501 3247//6501
f 3248//6502 3465//6502 3247//6502
f 3249//6503 3466//6503 3465//6503
f 3249//6504 3465//6504 3248//6504
f 3467//6505 3466//6505 3249//6505
f 3250//6506 3467//6506 3249//6506
f 3251//6507 3468//6507 3467//6507
f 3251//6508 3467//6508 3250//6508
f 3252//6509 3469//6509 3468//6509
f 3252//6510 3468//6510 3251//6510
f 3253//6511 3470//6511 3469//6511
f 3253//6512 3469//6512 3252//6512
f 3254//6513 3471//6513 3470//6513
f 3254//6514 3470//6514 3253//6514
f 3472//6515 3471//6515 3254//6515
f 3255//6516 3472//6516 3254//6516
f 3256//6517 3473//6517 3472//6517
f 3256//6518 3472//6518 3255//6518
f 3474//6519 3473//6519 3256//6519
f 3257//6520 3474//6520 3256//6520
f 3258//6521 3474//6521 3257//6521
f 3258//6522 3475//6522 3474//6522
f 3259//6523 3475//6523 3258//6523
f 3259//6524 3476//6524 3475//6524
f 3260//6525 3476//6525 3259//6525
f 3260//6526 3477//6526 3476//6526
f 3478//6527 3477//6527 3260//6527
f 3261//6528 3478//6528 3260//6528
f 3381//6529 3478//6529 3261//6529
f 3381//6530 3479//6530 3478//6530
f 3263//6531 3479//6531 3381//6531
f 3263//6532 3480//6532 3479//6532
f 3262//6533 3480//6533 3263//6533
f 3262//6534 3481//6534 3480//6534
f 3264//6535 3481//6535 3262//6535
f 3264//6536 3482//6536 3481//6536
f 3265//6537 3482//6537 3264//6537
f 3265//6538 3483//6538 3482//6538
f 3266//6539 3483//6539 3265//6539
f 3266//6540 3484//6540 3483//6540
f 3268//6541 3484//6541 3266//6541
f 3268//6542 3485//6542 3484//6542
f 3267//6543 3485//6543 3268//6543
f 3267//6544 3486//6544 3485//6544
f 3269//6545 3486//6545 3267//6545
f 3269//6546 3487//6546 3486//6546
f 3270//6547 3487//6547 3269//6547
f 3270//6548 3488//6548 3487//6548
f 3271//6549 3488//6549 3270//6549
f 3271//6550 3489//6550 3488//6550
f 3272//6551 3489//6551 3271//6551
f 3272//6552 3490//6552 3489//6552
f 3273//6553 3490//6553 3272//6553
f 3273//6554 3491//6554 3490//6554
f 3274//6555 3491//6555 3273//6555
f 3274//6556 3492//6556 3491//6556
f 3275//6557 3492//6557 3274//6557
f 3275//6558 3493//6558 3492//6558
f 3276//6559 3493//6559 3275//6559
f 3276//6560 3494//6560 3493//6560
f 3278//6561 3494//6561 3276//6561
f 3278//6562 3495//6562 3494//6562
f 3277//6563 3495//6563 3278//6563
f 3277//6564 3496//6564 3495//6564
f 3279//6565 3496//6565 3277//6565
f 3279//6566 3497//6566 3496//6566
f 3280//6567 3497//6567 3279//6567
f 3280//6568 3498//6568 3497//6568
f 3281//6569 3498//6569 3280//6569
f 3281//6570 3499//6570 3498//6570
f 3282//6571 3499//6571 3281//6571
f 3282//6572 3500//6572 3499//6572
f 3283//6573 3500//6573 3282//6573
f 3283//6574 3501//6574 3500//6574
f 3284//6575 3502//6575 3501//6575
f 3284//6576 3501//6576 3283//6576
f 3285//6577 3503//6577 3502//6577
f 3285//6578 3502//6578 3284//6578
f 3286//6579 3504//6579 3503//6579
f 3286//6580 3503//6580 3285//6580
f 3287//6581 3505//6581 3504//6581
f 3287//6582 3504//6582 3286//6582
f 3288//6583 3506//6583 3505//6583
f 3288//6584 3505//6584 3287//6584
f 3289//6585 3507//6585 3506//6585
f 3289//6586 3506//6586 3288//6586
f 3290//6587 3508//6587 3507//6587
f 3290//6588 3507//6588 3289//6588
f 3291//6589 3509//6589 3508//6589
f 3291//6590 3508//6590 3290//6590
f 3386//6591 3510//6591 3509//6591
f 3386//6592 3509//6592 3291//6592
f 3292//6593 3511//6593 3510//6593
f 3292//6594 3510//6594 3386//6594
f 3293//6595 3512//6595 3511//6595
f 3293//6596 3511//6596 3292//6596
f 3513//6597 3512//6597 3293//6597
f 3294//6598 3513//6598 3293//6598
f 3295//6599 3514//6599 3513//6599
f 3295//6600 3513//6600 3294//6600
f 3388//6601 3515//6601 3514//6601
f 3388//6602 3514//6602 3295//6602
f 3296//6603 3516//6603 3515//6603
f 3296//6604 3515//6604 3388//6604
f 3297//6605 3517//6605 3516//6605
f 3297//6606 3516//6606 3296//6606
f 3298//6607 3518//6607 3517//6607
f 3298//6608 3517//6608 3297//6608
f 3299//6609 3519//6609 3518//6609
f 3299//6610 3518//6610 3298//6610
f 3300//6611 3520//6611 3519//6611
f 3300//6612 3519//6612 3299//6612
f 3301//6613 3521//6613 3520//6613
f 3301//6614 3520//6614 3300//6614
f 3302//6615 3522//6615 3521//6615
f 3302//6616 3521//6616 3301//6616
f 3303//6617 3523//6617 3522//6617
f 3303//6618 3522//6618 3302//6618
f 3304//6619 3524//6619 3523//6619
f 3304//6620 3523//6620 3303//6620
f 3306//6621 3525//6621 3524//6621
f 3306//6622 3524//6622 3304//6622
f 3305//6623 3525//6623 3306//6623
f 3305//6624 3526//6624 3525//6624
f 3307//6625 3526//6625 3305//6625
f 3307//6626 3527//6626 3526//6626
f 3308//6627 3527//6627 3307//6627
f 3308//6628 3528//6628 3527//6628
f 3309//6629 3528//6629 3308//6629
f 3309//6630 3529//6630 3528//6630
f 3310//6631 3529//6631 3309//6631
f 3310//6632 3530//6632 3529//6632
f 3311//6633 3530//6633 3310//6633
f 3311//6634 3531//6634 3530//6634
f 3312//6635 3531//6635 3311//6635
f 3312//6636 3532//6636 3531//6636
f 3313//6637 3533//6637 3532//6637
f 3313//6638 3532//6638 3312//6638
f 3314//6639 3533//6639 3313//6639
f 3314//6640 3534//6640 3533//6640
f 3315//6641 3535//6641 3534//6641
f 3315//6642 3534//6642 3314//6642
f 3536//6643 3535//6643 3315//6643
f 3316//6644 3536//6644 3315//6644
f 3317//6645 3537//6645 3536//6645
f 3317//6646 3536//6646 3316//6646
f 3318//6647 3538//6647 3537//6647
f 3318//6648 3537//6648 3317//6648
f 3319//6649 3539//6649 3538//6649
f 3319//6650 3538//6650 3318//6650
f 3320//6651 3540//6651 3539//6651
f 3320//6652 3539//6652 3319//6652
f 3321//6653 3541//6653 3540//6653
f 3321//6654 3540//6654 3320//6654
f 3322//6655 3542//6655 3541//6655
f 3322//6656 3541//6656 3321//6656
f 3323//6657 3543//6657 3542//6657
f 3323//6658 3542//6658 3322//6658
f 3324//6659 3544//6659 3543//6659
f 3324//6660 3543//6660 3323//6660
f 3325//6661 3545//6661 3544//6661
f 3325//6662 3544//6662 3324//6662
f 3326//6663 3546//6663 3545//6663
f 3326//6664 3545//6664 3325//6664
f 3327//6665 3547//6665 3546//6665
f 3327//6666 3546//6666 3326//6666
f 3328//6667 3548//6667 3547//6667
f 3328//6668 3547//6668 3327//6668
f 3329//6669 3549//6669 3548//6669
f 3329//6670 3548//6670 3328//6670
f 3330//6671 3550//6671 3549//6671
f 3330//6672 3549//6672 3329//6672
f 3551//6673 3550//6673 3330//6673
f 3331//6674 3551//6674 3330//6674
f 3332//6675 3551//6675 3331//6675
f 3332//6676 3552//6676 3551//6676
f 3333//6677 3552//6677 3332//6677
f 3333//6678 3553//6678 3552//6678
f 3334//6679 3553//6679 3333//6679
f 3334//6680 3554//6680 3553//6680
f 3335//6681 3554//6681 3334//6681
f 3335//6682 3555//6682 3554//6682
f 3336//6683 3555//6683 3335//6683
f 3336//6684 3556//6684 3555//6684
f 3337//6685 3556//6685 3336//6685
f 3337//6686 3557//6686 3556//6686
f 3338//6687 3557//6687 3337//6687
f 3338//6688 3558//6688 3557//6688
f 3339//6689 3558//6689 3338//6689
f 3339//6690 3559//6690 3558//6690
f 3392//6691 3559//6691 3339//6691
f 3392//6692 3560//6692 3559//6692
f 3394//6693 3560//6693 3392//6693
f 3394//6694 3561//6694 3560//6694
f 3340//6695 3561//6695 3394//6695
f 3340//6696 3562//6696 3561//6696
f 3341//6697 3562//6697 3340//6697
f 3341//6698 3563//6698 3562//6698
f 3342//6699 3563//6699 3341//6699
f 3342//6700 3564//6700 3563//6700
f 3343//6701 3564//6701 3342//6701
f 3343//6702 3565//6702 3564//6702
f 3344//6703 3565//6703 3343//6703
f 3344//6704 3566//6704 3565//6704
f 3345//6705 3567//6705 3566//6705
f 3345//6706 3566//6706 3344//6706
f 3346//6707 3567//6707 3345//6707
f 3346//6708 3568//6708 3567//6708
f 3347//6709 3569//6709 3568//6709
f 3347//6710 3568//6710 3346//6710
f 3348//6711 3570//6711 3569//6711
f 3348//6712 3569//6712 3347//6712
f 3349//6713 3571//6713 3570//6713
f 3349//6714 3570//6714 3348//6714
f 3350//6715 3572//6715 3571//6715
f 3350//6716 3571//6716 3349//6716
f 3351//6717 3573//6717 3572//6717
f 3351//6718 3572//6718 3350//6718
f 3352//6719 3574//6719 3573//6719
f 3352//6720 3573//6720 3351//6720
f 3353//6721 3575//6721 3574//6721
f 3353//6722 3574//6722 3352//6722
f 3355//6723 3575//6723 3353//6723
f 3355//6724 3576//6724 3575//6724
f 3354//6725 3576//6725 3355//6725
f 3354//6726 3577//6726 3576//6726
f 3356//6727 3577//6727 3354//6727
f 3356//6728 3578//6728 3577//6728
f 3357//6729 3578//6729 3356//6729
f 3357//6730 3579//6730 3578//6730
f 3358//6731 3579//6731 3357//6731
f 3358//6732 3580//6732 3579//6732
f 3359//6733 3580//6733 3358//6733
f 3359//6734 3581//6734 3580//6734
f 3360//6735 3581//6735 3359//6735
f 3360//6736 3582//6736 3581//6736
f 3361//6737 3582//6737 3360//6737
f 3361//6738 3583//6738 3582//6738
f 3362//6739 3583//6739 3361//6739
f 3362//6740 3584//6740 3583//6740
f 3363//6741 3584//6741 3362//6741
f 3363//6742 3585//6742 3584//6742
f 3586//6743 3585//6743 3363//6743
f 3364//6744 3586//6744 3363//6744
f 3365//6745 3586//6745 3364//6745
f 3365//6746 3587//6746 3586//6746
f 3366//6747 3587//6747 3365//6747
f 3366//6748 3588//6748 3587//6748
f 3367//6749 3588//6749 3366//6749
f 3367//6750 3589//6750 3588//6750
f 3368//6751 3589//6751 3367//6751
f 3368//6752 3590//6752 3589//6752
f 3369//6753 3590//6753 3368//6753
f 3369//6754 3591//6754 3590//6754
f 3370//6755 3591//6755 3369//6755
f 3370//6756 3592//6756 3591//6756
f 3371//6757 3592//6757 3370//6757
f 3371//6758 3593//6758 3592//6758
f 3372//6759 3593//6759 3371//6759
f 3372//6760 3594//6760 3593//6760
f 3373//6761 3594//6761 3372//6761
f 3373//6762 3595//6762 3594//6762
f 2477//6763 3595//6763 3373//6763
f 2477//6764 2680//6764 3595//6764
f 3399//6765 922//6765 920//6765
f 3400//6766 924//6766 922//6766
f 3400//6767 922//6767 3399//6767
f 3401//6768 926//6768 924//6768
f 3401//6769 924//6769 3400//6769
f 3402//6770 928//6770 926//6770
f 3402//6771 926//6771 3401//6771
f 3403//6772 930//6772 928//6772
f 3403//6773 928//6773 3402//6773
f 3404//6774 932//6774 930//6774
f 3404//6775 930//6775 3403//6775
f 3405//6776 934//6776 932//6776
f 3405//6777 932//6777 3404//6777
f 3406//6778 936//6778 934//6778
f 3406//6779 934//6779 3405//6779
f 3407//6780 938//6780 936//6780
f 3407//6781 936//6781 3406//6781
f 3409//6782 944//6782 942//6782
f 3410//6783 946//6783 944//6783
f 3410//6784 944//6784 3409//6784
f 3411//6785 948//6785 946//6785
f 3411//6786 946//6786 3410//6786
f 3412//6787 336//6787 948//6787
f 3412//6788 948//6788 3411//6788
f 3413//6789 336//6789 3412//6789
f 3413//6790 337//6790 336//6790
f 3413//6791 340//6791 337//6791
f 3414//6792 340//6792 3413//6792
f 3414//6793 342//6793 340//6793
f 3415//6794 344//6794 342//6794
f 3415//6795 342//6795 3414//6795
f 3416//6796 344//6796 3415//6796
f 3416//6797 346//6797 344//6797
f 3417//6798 346//6798 3416//6798
f 3417//6799 348//6799 346//6799
f 3418//6800 348//6800 3417//6800
f 3418//6801 350//6801 348//6801
f 3419//6802 350//6802 3418//6802
f 3419//6803 352//6803 350//6803
f 3420//6804 352//6804 3419//6804
f 3420//6805 354//6805 352//6805
f 3421//6806 354//6806 3420//6806
f 3421//6807 356//6807 354//6807
f 3422//6808 356//6808 3421//6808
f 3422//6809 358//6809 356//6809
f 3423//6810 358//6810 3422//6810
f 3423//6811 360//6811 358//6811
f 3424//6812 362//6812 360//6812
f 3424//6813 364//6813 362//6813
f 3424//6814 360//6814 3423//6814
f 3425//6815 366//6815 364//6815
f 3425//6816 364//6816 3424//6816
f 3426//6817 368//6817 366//6817
f 3426//6818 366//6818 3425//6818
f 3427//6819 368//6819 3426//6819
f 3427//6820 950//6820 368//6820
f 3428//6821 950//6821 3427//6821
f 3428//6822 952//6822 950//6822
f 3429//6823 956//6823 954//6823
f 3430//6824 956//6824 3429//6824
f 3430//6825 958//6825 956//6825
f 3431//6826 958//6826 3430//6826
f 3431//6827 960//6827 958//6827
f 3432//6828 960//6828 3431//6828
f 3432//6829 962//6829 960//6829
f 3433//6830 962//6830 3432//6830
f 3433//6831 964//6831 962//6831
f 3434//6832 964//6832 3433//6832
f 3434//6833 966//6833 964//6833
f 3435//6834 968//6834 966//6834
f 3435//6835 966//6835 3434//6835
f 3436//6836 968//6836 3435//6836
f 3436//6837 970//6837 968//6837
f 3437//6838 972//6838 970//6838
f 3437//6839 970//6839 3436//6839
f 3440//6840 978//6840 3439//6840
f 3440//6841 370//6841 978//6841
f 3441//6842 370//6842 3440//6842
f 3441//6843 371//6843 370//6843
f 3442//6844 371//6844 3441//6844
f 3442//6845 374//6845 371//6845
f 3445//6846 382//6846 380//6846
f 3446//6847 382//6847 3445//6847
f 3446//6848 384//6848 382//6848
f 3447//6849 384//6849 3446//6849
f 3447//6850 386//6850 384//6850
f 3448//6851 386//6851 3447//6851
f 3448//6852 388//6852 386//6852
f 3449//6853 388//6853 3448//6853
f 3449//6854 390//6854 388//6854
f 3450//6855 390//6855 3449//6855
f 3450//6856 392//6856 390//6856
f 3451//6857 392//6857 3450//6857
f 3451//6858 394//6858 392//6858
f 3452//6859 394//6859 3451//6859
f 3452//6860 396//6860 394//6860
f 3453//6861 396//6861 3452//6861
f 3453//6862 398//6862 396//6862
f 3453//6863 400//6863 398//6863
f 3454//6864 400//6864 3453//6864
f 3454//6865 402//6865 400//6865
f 3455//6866 980//6866 402//6866
f 3455//6867 402//6867 3454//6867
f 3456//6868 982//6868 980//6868
f 3456//6869 980//6869 3455//6869
f 3457//6870 984//6870 982//6870
f 3457//6871 982//6871 3456//6871
f 3458//6872 986//6872 984//6872
f 3458//6873 984//6873 3457//6873
f 3459//6874 988//6874 986//6874
f 3459//6875 990//6875 988//6875
f 3459//6876 986//6876 3458//6876
f 3460//6877 990//6877 3459//6877
f 3460//6878 992//6878 990//6878
f 3461//6879 994//6879 992//6879
f 3461//6880 992//6880 3460//6880
f 3462//6881 996//6881 994//6881
f 3462//6882 994//6882 3461//6882
f 3463//6883 996//6883 3462//6883
f 3463//6884 998//6884 996//6884
f 3464//6885 998//6885 3463//6885
f 3464//6886 1000//6886 998//6886
f 3465//6887 1000//6887 3464//6887
f 3465//6888 1002//6888 1000//6888
f 3466//6889 1002//6889 3465//6889
f 3466//6890 1004//6890 1002//6890
f 3467//6891 1004//6891 3466//6891
f 3467//6892 1006//6892 1004//6892
f 3467//6893 1008//6893 1006//6893
f 3468//6894 1008//6894 3467//6894
f 3468//6895 404//6895 1008//6895
f 3469//6896 405//6896 404//6896
f 3469//6897 404//6897 3468//6897
f 3470//6898 405//6898 3469//6898
f 3470//6899 408//6899 405//6899
f 3471//6900 410//6900 408//6900
f 3471//6901 408//6901 3470//6901
f 3472//6902 412//6902 410//6902
f 3472//6903 410//6903 3471//6903
f 3473//6904 414//6904 412//6904
f 3473//6905 412//6905 3472//6905
f 3474//6906 416//6906 414//6906
f 3474//6907 418//6907 416//6907
f 3474//6908 414//6908 3473//6908
f 3475//6909 420//6909 418//6909
f 3475//6910 418//6910 3474//6910
f 3476//6911 422//6911 420//6911
f 3476//6912 420//6912 3475//6912
f 3477//6913 424//6913 422//6913
f 3477//6914 422//6914 3476//6914
f 3478//6915 426//6915 424//6915
f 3478//6916 424//6916 3477//6916
f 3479//6917 428//6917 426//6917
f 3479//6918 426//6918 3478//6918
f 3480//6919 430//6919 428//6919
f 3480//6920 428//6920 3479//6920
f 3481//6921 432//6921 430//6921
f 3481//6922 430//6922 3480//6922
f 3482//6923 434//6923 432//6923
f 3482//6924 436//6924 434//6924
f 3482//6925 432//6925 3481//6925
f 3483//6926 1010//6926 436//6926
f 3483//6927 436//6927 3482//6927
f 3484//6928 1012//6928 1010//6928
f 3484//6929 1010//6929 3483//6929
f 3485//6930 1014//6930 1012//6930
f 3485//6931 1012//6931 3484//6931
f 3486//6932 1016//6932 1014//6932
f 3486//6933 1014//6933 3485//6933
f 3487//6934 1016//6934 3486//6934
f 3487//6935 1018//6935 1016//6935
f 3488//6936 1018//6936 3487//6936
f 3488//6937 1020//6937 1018//6937
f 3490//6938 1026//6938 1024//6938
f 3491//6939 1026//6939 3490//6939
f 3491//6940 1028//6940 1026//6940
f 3492//6941 1030//6941 1028//6941
f 3492//6942 1028//6942 3491//6942
f 3493//6943 1032//6943 1030//6943
f 3493//6944 1030//6944 3492//6944
f 3494//6945 1034//6945 1032//6945
f 3494//6946 1032//6946 3493//6946
f 3495//6947 1036//6947 1034//6947
f 3495//6948 1034//6948 3494//6948
f 3496//6949 1038//6949 1036//6949
f 3496//6950 438//6950 1038//6950
f 3496//6951 1036//6951 3495//6951
f 3497//6952 438//6952 3496//6952
f 3497//6953 439//6953 438//6953
f 3498//6954 439//6954 3497//6954
f 3498//6955 442//6955 439//6955
f 3499//6956 442//6956 3498//6956
f 3499//6957 444//6957 442//6957
f 3500//6958 444//6958 3499//6958
f 3500//6959 446//6959 444//6959
f 3501//6960 446//6960 3500//6960
f 3501//6961 448//6961 446//6961
f 3502//6962 448//6962 3501//6962
f 3502//6963 450//6963 448//6963
f 3503//6964 450//6964 3502//6964
f 3503//6965 452//6965 450//6965
f 3504//6966 454//6966 452//6966
f 3504//6967 452//6967 3503//6967
f 3505//6968 456//6968 454//6968
f 3505//6969 458//6969 456//6969
f 3505//6970 454//6970 3504//6970
f 3506//6971 460//6971 458//6971
f 3506//6972 458//6972 3505//6972
f 3507//6973 462//6973 460//6973
f 3507//6974 460//6974 3506//6974
f 3508//6975 464//6975 462//6975
f 3508//6976 462//6976 3507//6976
f 3509//6977 466//6977 464//6977
f 3509//6978 464//6978 3508//6978
f 3510//6979 468//6979 466//6979
f 3510//6980 466//6980 3509//6980
f 3511//6981 470//6981 468//6981
f 3511//6982 1040//6982 470//6982
f 3511//6983 468//6983 3510//6983
f 3512//6984 1042//6984 1040//6984
f 3512//6985 1040//6985 3511//6985
f 3513//6986 1042//6986 3512//6986
f 3513//6987 1044//6987 1042//6987
f 3514//6988 1044//6988 3513//6988
f 3514//6989 1046//6989 1044//6989
f 3515//6990 1046//6990 3514//6990
f 3515//6991 1048//6991 1046//6991
f 3516//6992 1048//6992 3515//6992
f 3516//6993 1050//6993 1048//6993
f 3517//6994 1050//6994 3516//6994
f 3517//6995 1052//6995 1050//6995
f 3518//6996 1052//6996 3517//6996
f 3518//6997 1054//6997 1052//6997
f 3519//6998 1054//6998 3518//6998
f 3520//6999 1060//6999 1058//6999
f 3521//7000 1060//7000 3520//7000
f 3521//7001 1062//7001 1060//7001
f 3522//7002 1062//7002 3521//7002
f 3522//7003 1064//7003 1062//7003
f 3523//7004 1064//7004 3522//7004
f 3523//7005 1066//7005 1064//7005
f 3524//7006 1066//7006 3523//7006
f 3524//7007 1068//7007 1066//7007
f 3525//7008 473//7008 472//7008
f 3525//7009 1068//7009 3524//7009
f 3525//7010 472//7010 1068//7010
f 3526//7011 473//7011 3525//7011
f 3526//7012 476//7012 473//7012
f 3527//7013 478//7013 476//7013
f 3527//7014 476//7014 3526//7014
f 3528//7015 480//7015 478//7015
f 3528//7016 478//7016 3527//7016
f 3529//7017 482//7017 480//7017
f 3529//7018 480//7018 3528//7018
f 3530//7019 484//7019 482//7019
f 3530//7020 482//7020 3529//7020
f 3531//7021 486//7021 484//7021
f 3531//7022 484//7022 3530//7022
f 3532//7023 488//7023 486//7023
f 3532//7024 486//7024 3531//7024
f 3533//7025 490//7025 488//7025
f 3533//7026 488//7026 3532//7026
f 3534//7027 492//7027 490//7027
f 3534//7028 490//7028 3533//7028
f 3536//7029 498//7029 496//7029
f 3537//7030 498//7030 3536//7030
f 3537//7031 500//7031 498//7031
f 3538//7032 500//7032 3537//7032
f 3538//7033 502//7033 500//7033
f 3539//7034 502//7034 3538//7034
f 3539//7035 504//7035 502//7035
f 3540//7036 504//7036 3539//7036
f 3540//7037 1070//7037 504//7037
f 3540//7038 1072//7038 1070//7038
f 3541//7039 1072//7039 3540//7039
f 3541//7040 1074//7040 1072//7040
f 3542//7041 1074//7041 3541//7041
f 3542//7042 1076//7042 1074//7042
f 3543//7043 1076//7043 3542//7043
f 3543//7044 1078//7044 1076//7044
f 3544//7045 1078//7045 3543//7045
f 3544//7046 1080//7046 1078//7046
f 3545//7047 1080//7047 3544//7047
f 3545//7048 1082//7048 1080//7048
f 3546//7049 1082//7049 3545//7049
f 3546//7050 1084//7050 1082//7050
f 3547//7051 1086//7051 1084//7051
f 3547//7052 1084//7052 3546//7052
f 3548//7053 1088//7053 1086//7053
f 3548//7054 1086//7054 3547//7054
f 3549//7055 1090//7055 1088//7055
f 3549//7056 1088//7056 3548//7056
f 3551//7057 1096//7057 1094//7057
f 3552//7058 1098//7058 1096//7058
f 3552//7059 1096//7059 3551//7059
f 3553//7060 506//7060 1098//7060
f 3553//7061 1098//7061 3552//7061
f 3554//7062 507//7062 506//7062
f 3554//7063 506//7063 3553//7063
f 3555//7064 510//7064 507//7064
f 3555//7065 507//7065 3554//7065
f 3556//7066 514//7066 512//7066
f 3557//7067 516//7067 514//7067
f 3557//7068 514//7068 3556//7068
f 3558//7069 516//7069 3557//7069
f 3558//7070 518//7070 516//7070
f 3559//7071 518//7071 3558//7071
f 3559//7072 520//7072 518//7072
f 3560//7073 520//7073 3559//7073
f 3560//7074 522//7074 520//7074
f 3561//7075 522//7075 3560//7075
f 3561//7076 524//7076 522//7076
f 3562//7077 524//7077 3561//7077
f 3562//7078 526//7078 524//7078
f 3563//7079 526//7079 3562//7079
f 3563//7080 528//7080 526//7080
f 3564//7081 528//7081 3563//7081
f 3564//7082 530//7082 528//7082
f 3565//7083 530//7083 3564//7083
f 3565//7084 532//7084 530//7084
f 3565//7085 534//7085 532//7085
f 3566//7086 534//7086 3565//7086
f 3566//7087 536//7087 534//7087
f 3567//7088 536//7088 3566//7088
f 3567//7089 538//7089 536//7089
f 3568//7090 1100//7090 538//7090
f 3568//7091 538//7091 3567//7091
f 3569//7092 1102//7092 1100//7092
f 3569//7093 1100//7093 3568//7093
f 3571//7094 1108//7094 1106//7094
f 3572//7095 1110//7095 1108//7095
f 3572//7096 1108//7096 3571//7096
f 3573//7097 1112//7097 1110//7097
f 3573//7098 1110//7098 3572//7098
f 3574//7099 1114//7099 1112//7099
f 3574//7100 1112//7100 3573//7100
f 3575//7101 1116//7101 1114//7101
f 3575//7102 1114//7102 3574//7102
f 3576//7103 1118//7103 1116//7103
f 3576//7104 1116//7104 3575//7104
f 3577//7105 1120//7105 1118//7105
f 3577//7106 1118//7106 3576//7106
f 3578//7107 1122//7107 1120//7107
f 3578//7108 1120//7108 3577//7108
f 3579//7109 1124//7109 1122//7109
f 3579//7110 1122//7110 3578//7110
f 3580//7111 1126//7111 1124//7111
f 3580//7112 1128//7112 1126//7112
f 3580//7113 1124//7113 3579//7113
f 3581//7114 1128//7114 3580//7114
f 3581//7115 540//7115 1128//7115
f 3582//7116 540//7116 3581//7116
f 3582//7117 541//7117 540//7117
f 3583//7118 541//7118 3582//7118
f 3583//7119 544//7119 541//7119
f 3584//7120 546//7120 544//7120
f 3584//7121 544//7121 3583//7121
f 3585//7122 548//7122 546//7122
f 3585//7123 546//7123 3584//7123
f 3586//7124 550//7124 548//7124
f 3586//7125 552//7125 550//7125
f 3586//7126 548//7126 3585//7126
f 3587//7127 552//7127 3586//7127
f 3587//7128 554//7128 552//7128
f 3588//7129 556//7129 554//7129
f 3588//7130 554//7130 3587//7130
f 3589//7131 558//7131 556//7131
f 3589//7132 556//7132 3588//7132
f 3590//7133 560//7133 558//7133
f 3590//7134 558//7134 3589//7134
f 3591//7135 562//7135 560//7135
f 3591//7136 560//7136 3590//7136
f 3592//7137 564//7137 562//7137
f 3592//7138 562//7138 3591//7138
f 3593//7139 566//7139 564//7139
f 3593//7140 564//7140 3592//7140
f 3594//7141 568//7141 566//7141
f 3594//7142 566//7142 3593//7142
f 3595//7143 570//7143 568//7143
f 3595//7144 568//7144 3594//7144
f 2680//7145 572//7145 570//7145
f 2680//7146 570//7146 3595//7146
f 3596//7147 3129//7147 3399//7147
f 3596//7148 920//7148 334//7148
f 3596//7149 334//7149 3129//7149
f 3596//7150 3399//7150 920//7150
f 3597//7151 3407//7151 3408//7151
f 3597//7152 940//7152 938//7152
f 3597//7153 938//7153 3407//7153
f 3598//7154 3408//7154 3409//7154
f 3598//7155 942//7155 940//7155
f 3598//7156 3597//7156 3408//7156
f 3598//7157 940//7157 3597//7157
f 3598//7158 3409//7158 942//7158
f 3599//7159 3428//7159 3429//7159
f 3599//7160 952//7160 3428//7160
f 3599//7161 3429//7161 954//7161
f 3599//7162 954//7162 952//7162
f 3600//7163 3439//7163 978//7163
f 3600//7164 3438//7164 3439//7164
f 3600//7165 976//7165 974//7165
f 3600//7166 978//7166 976//7166
f 3601//7167 374//7167 3442//7167
f 3601//7168 3442//7168 3443//7168
f 3601//7169 376//7169 374//7169
f 3602//7170 3601//7170 3443//7170
f 3602//7171 376//7171 3601//7171
f 3602//7172 3443//7172 3444//7172
f 3602//7173 378//7173 376//7173
f 3603//7174 3445//7174 380//7174
f 3603//7175 3444//7175 3445//7175
f 3603//7176 3602//7176 3444//7176
f 3603//7177 378//7177 3602//7177
f 3603//7178 380//7178 378//7178
f 3604//7179 1020//7179 3488//7179
f 3604//7180 1022//7180 1020//7180
f 3604//7181 3488//7181 3489//7181
f 3605//7182 3490//7182 1024//7182
f 3605//7183 1024//7183 1022//7183
f 3605//7184 1022//7184 3604//7184
f 3605//7185 3489//7185 3490//7185
f 3605//7186 3604//7186 3489//7186
f 3606//7187 3519//7187 3520//7187
f 3606//7188 1054//7188 3519//7188
f 3606//7189 3520//7189 1058//7189
f 3606//7190 1056//7190 1054//7190
f 3606//7191 1058//7191 1056//7191
f 3607//7192 492//7192 3534//7192
f 3607//7193 3534//7193 3535//7193
f 3607//7194 494//7194 492//7194
f 3608//7195 3536//7195 496//7195
f 3608//7196 3535//7196 3536//7196
f 3608//7197 3607//7197 3535//7197
f 3608//7198 494//7198 3607//7198
f 3608//7199 496//7199 494//7199
f 3609//7200 3549//7200 3550//7200
f 3609//7201 1092//7201 1090//7201
f 3609//7202 1090//7202 3549//7202
f 3610//7203 3550//7203 3551//7203
f 3610//7204 1094//7204 1092//7204
f 3610//7205 3551//7205 1094//7205
f 3610//7206 3609//7206 3550//7206
f 3610//7207 1092//7207 3609//7207
f 3611//7208 512//7208 510//7208
f 3611//7209 3555//7209 3556//7209
f 3611//7210 510//7210 3555//7210
f 3611//7211 3556//7211 512//7211
f 3612//7212 1104//7212 1102//7212
f 3612//7213 1102//7213 3569//7213
f 3612//7214 3569//7214 3570//7214
f 3613//7215 1106//7215 1104//7215
f 3613//7216 1104//7216 3612//7216
f 3613//7217 3612//7217 3570//7217
f 3613//7218 3571//7218 1106//7218
f 3613//7219 3570//7219 3571//7219
f 3614//7220 3438//7220 3600//7220
f 3614//7221 3600//7221 974//7221
f 3614//7222 3437//7222 3438//7222
f 3614//7223 974//7223 972//7223
f 3614//7224 972//7224 3437//7224
