# Created by FreeCAD <http://www.freecad.org>
v 2.672396 -0.000000 -5.564142
v 3.108253 0.000000 -6.000000
v 2.666767 -0.295542 -5.574921
v 3.065861 -0.511602 -6.000000
v 2.629277 -0.588031 -5.585976
v 2.939839 -1.009248 -6.000000
v 2.493356 -1.070228 -5.605086
v 2.733627 -1.479365 -6.000000
v 2.294618 -1.480147 -5.622322
v 2.452848 -1.909129 -6.000000
v 2.030702 -1.849997 -5.638847
v 2.105163 -2.286816 -6.000000
v 1.704283 -2.175391 -5.655209
v 1.502554 -2.330319 -5.664475
v 1.700053 -2.602125 -6.000000
v 1.286289 -2.466897 -5.673919
v 1.248571 -2.846455 -6.000000
v 0.866575 -2.661835 -5.691077
v 0.763031 -3.013141 -6.000000
v 0.378282 -2.792175 -5.709432
v 0.256678 -3.097637 -6.000000
v -0.085494 -2.832500 -5.725538
v -0.256678 -3.097637 -6.000000
v -0.342470 -2.821982 -5.734449
v -0.598732 -2.788293 -5.743602
v -0.763031 -3.013141 -6.000000
v -1.051178 -2.669191 -5.760444
v -1.248571 -2.846455 -6.000000
v -1.521743 -2.453608 -5.779005
v -1.700053 -2.602125 -6.000000
v -1.907839 -2.188703 -5.795209
v -2.105163 -2.286816 -6.000000
v -2.247903 -1.862411 -5.810989
v -2.452848 -1.909129 -6.000000
v -2.533985 -1.482257 -5.827408
v -2.733627 -1.479365 -6.000000
v -2.772470 -1.019370 -5.845685
v -2.939839 -1.009248 -6.000000
v -2.926460 -0.518739 -5.863825
v -3.065861 -0.511602 -6.000000
v -2.989383 -0.000000 -5.881130
v -3.108253 0.000000 -6.000000
v -2.664623 -0.000000 -5.556370
v -2.686763 0.252883 -5.590473
v -2.355408 -0.000000 -5.247155
v -2.344620 0.343634 -5.261446
v -2.685917 0.507362 -5.625204
v -2.285362 0.679930 -5.276079
v -2.982276 0.325623 -5.891747
v -2.662039 0.759515 -5.659994
v -3.065861 0.511602 -6.000000
v -2.615447 1.007944 -5.694642
v -2.125774 1.124057 -5.296466
v -2.894620 0.788145 -5.891747
v -2.939839 1.009248 -6.000000
v -2.733627 1.479365 -6.000000
v -2.735690 1.231260 -5.891747
v -2.452848 1.909129 -6.000000
v -2.509398 1.644057 -5.891747
v -2.105163 2.286816 -6.000000
v -2.221315 2.016372 -5.891747
v -1.700053 2.602125 -6.000000
v -1.878537 2.339038 -5.891747
v 2.618532 0.443712 -5.547604
v 3.065861 0.511602 -6.000000
v -2.453335 1.492775 -5.763493
v -2.418916 1.269545 -5.623578
v -1.908619 1.492255 -5.314469
v -2.044805 1.811539 -5.623578
v -2.206817 1.937831 -5.828657
v -2.051390 2.145503 -5.860233
v -1.627007 1.818396 -5.331769
v -1.248571 2.846455 -6.000000
v -1.551857 2.248253 -5.623578
v -1.288843 2.092831 -5.349603
v -0.763031 3.013141 -6.000000
v -0.968721 2.554306 -5.623578
v -0.868736 2.320563 -5.369596
v -0.456393 2.453668 -5.387488
v -0.256678 3.097637 -6.000000
v -0.329286 2.711913 -5.623578
v -0.023794 2.512792 -5.404704
v 0.256678 3.097637 -6.000000
v 0.329286 2.711913 -5.623578
v 0.763031 3.013141 -6.000000
v 0.220644 2.512763 -5.414168
v 0.463150 2.489371 -5.423814
v 0.968721 2.554306 -5.623578
v 1.248571 2.846455 -6.000000
v 0.892537 2.388551 -5.441639
v 1.296390 2.216072 -5.459333
v 1.700053 2.602125 -6.000000
v 1.551857 2.248253 -5.623578
v 2.105163 2.286816 -6.000000
v 1.667698 1.974569 -5.476599
v 2.044805 1.811539 -5.623578
v 2.452848 1.909129 -6.000000
v 1.994209 1.670892 -5.493455
v 2.265543 1.314074 -5.510798
v 2.733627 1.479365 -6.000000
v 2.418916 1.269545 -5.623578
v 2.939839 1.009248 -6.000000
v 2.489107 0.874952 -5.530178
v 2.652449 0.653770 -5.623578
v -2.593149 0.000000 -0.515104
v -3.108253 0.000000 0.000000
v -2.590473 -0.249912 -0.505735
v -3.065861 -0.511602 0.000000
v -2.563949 -0.499627 -0.496076
v -2.939839 -1.009248 0.000000
v -2.458035 -0.934713 -0.478516
v -2.733627 -1.479365 0.000000
v -2.256275 -1.388115 -0.459104
v -2.452848 -1.909129 0.000000
v -2.004246 -1.758081 -0.442233
v -2.105163 -2.286816 0.000000
v -1.689629 -2.083504 -0.425711
v -1.700053 -2.602125 0.000000
v -1.323767 -2.352811 -0.408608
v -1.103637 -2.474255 -0.399015
v -1.248571 -2.846455 0.000000
v -0.872018 -2.575240 -0.389385
v -0.763031 -3.013141 0.000000
v -0.392926 -2.709154 -0.370752
v -0.256678 -3.097637 0.000000
v 0.110278 -2.753294 -0.352751
v 0.256678 -3.097637 0.000000
v 0.568369 -2.713215 -0.336156
v 0.763031 -3.013141 0.000000
v 0.817902 -2.658501 -0.326730
v 1.248571 -2.846455 0.000000
v 1.062240 -2.580949 -0.317221
v 1.521927 -2.361922 -0.298481
v 1.700053 -2.602125 0.000000
v 1.898764 -2.093233 -0.282109
v 2.105163 -2.286816 0.000000
v 2.228230 -1.764130 -0.266052
v 2.452848 -1.909129 0.000000
v 2.387473 -1.558356 -0.256846
v 2.733627 -1.479365 0.000000
v 2.527727 -1.339034 -0.247507
v 2.939839 -1.009248 0.000000
v 2.727057 -0.918275 -0.230716
v 3.065861 -0.511602 0.000000
v 2.856651 -0.465044 -0.214002
v 2.910136 0.000000 -0.198117
v 3.108253 0.000000 0.000000
v 2.368870 0.000000 -0.739383
v 2.316727 0.396916 -0.757772
v 2.350481 0.000000 -0.757772
v 2.395909 0.433918 -0.673395
v 2.215611 0.784709 -0.757772
v 2.903106 0.320631 -0.187376
v 2.346539 0.867624 -0.606400
v 2.020233 1.201426 -0.757772
v 3.065861 0.511602 0.000000
v 2.861492 0.638803 -0.176323
v 2.223007 1.284053 -0.540995
v 2.939839 1.009248 0.000000
v 2.720478 1.141521 -0.158018
v 2.028242 1.674201 -0.478290
v 1.744597 1.575164 -0.757772
v 2.733627 1.479365 0.000000
v 2.517339 1.570033 -0.141491
v 1.739966 2.057966 -0.413316
v 1.428339 1.889918 -0.739198
v 2.452848 1.909129 0.000000
v 2.248399 1.959880 -0.125518
v 2.105163 2.286816 0.000000
v 2.071646 2.157737 -0.116902
v 1.878537 2.339038 -0.108253
v 1.401984 2.375518 -0.349856
v 1.062412 2.138615 -0.720295
v 1.700053 2.602125 0.000000
v 1.489503 2.604108 -0.108253
v 1.248571 2.846455 0.000000
v 1.063793 2.805057 -0.108253
v 0.763031 3.013141 0.000000
v 0.611888 2.936936 -0.108253
v 0.256678 3.097637 0.000000
v 0.144917 2.996498 -0.108253
v -0.256678 3.097637 0.000000
v -0.325623 2.982276 -0.108253
v -0.763031 3.013141 0.000000
v -3.065861 0.511602 0.000000
v 0.967846 2.551999 -0.378890
v 0.627974 2.324997 -0.699912
v 0.599971 2.819748 -0.225412
v 1.019552 2.630655 -0.286886
v 0.328988 2.709463 -0.378890
v 0.145911 2.938837 -0.165774
v 0.211410 2.416945 -0.682084
v -0.219674 2.433521 -0.664837
v -0.328988 2.709463 -0.378890
v -0.458814 2.410023 -0.655010
v -0.694000 2.363505 -0.645043
v -1.248571 2.846455 0.000000
v -0.967846 2.551999 -0.378890
v -0.924728 2.293922 -0.634959
v -1.147888 2.202253 -0.624896
v -1.700053 2.602125 0.000000
v -1.550455 2.246222 -0.378890
v -2.105163 2.286816 0.000000
v -1.521750 1.984853 -0.607216
v -2.042958 1.809903 -0.378890
v -2.452848 1.909129 0.000000
v -1.856023 1.701915 -0.590069
v -2.018581 1.521288 -0.580616
v -2.733627 1.479365 0.000000
v -2.416731 1.268399 -0.378890
v -2.939839 1.009248 0.000000
v -2.163430 1.325721 -0.570924
v -2.376644 0.938549 -0.553010
v -2.650053 0.653179 -0.378890
v -2.529242 0.480333 -0.533650
v 7.055357 0.794948 -4.810000
v 7.100000 0.000000 -6.000000
v 7.055357 0.794948 -6.000000
v 7.100000 0.000000 -4.810000
v 6.921988 1.579899 -4.810000
v 6.921988 1.579899 -6.000000
v 6.701571 2.344981 -4.810000
v 6.701571 2.344981 -6.000000
v 6.396879 3.080575 -4.810000
v 6.396879 3.080575 -6.000000
v 6.011742 3.777428 -4.810000
v 6.011742 3.777428 -6.000000
v 5.551003 4.426777 -4.810000
v 5.551003 4.426777 -6.000000
v 5.020458 5.020458 -4.810000
v 5.020458 5.020458 -6.000000
v 4.426777 5.551003 -6.000000
v 4.426777 5.551003 -4.810000
v 3.777428 6.011742 -4.810000
v 3.777428 6.011742 -6.000000
v 3.080575 6.396879 -6.000000
v 3.080575 6.396879 -4.810000
v 2.344981 6.701571 -4.810000
v 2.344981 6.701571 -6.000000
v 1.579899 6.921988 -4.810000
v 1.579899 6.921988 -6.000000
v 0.794948 7.055357 -4.810000
v 0.794948 7.055357 -6.000000
v -0.000000 7.100000 -4.810000
v -0.000000 7.100000 -6.000000
v -0.794948 7.055357 -6.000000
v -0.794948 7.055357 -4.810000
v -1.579899 6.921988 -6.000000
v -1.579899 6.921988 -4.810000
v -2.344981 6.701571 -4.810000
v -2.344981 6.701571 -6.000000
v -3.080575 6.396879 -4.810000
v -3.080575 6.396879 -6.000000
v -3.777428 6.011742 -6.000000
v -3.777428 6.011742 -4.810000
v -4.426777 5.551003 -4.810000
v -4.426777 5.551003 -6.000000
v -5.020458 5.020458 -4.810000
v -5.020458 5.020458 -6.000000
v -5.551003 4.426777 -4.810000
v -5.551003 4.426777 -6.000000
v -6.011742 3.777428 -6.000000
v -6.011742 3.777428 -4.810000
v -6.396879 3.080575 -4.810000
v -6.396879 3.080575 -6.000000
v -6.701571 2.344981 -4.810000
v -6.701571 2.344981 -6.000000
v -6.921988 1.579899 -6.000000
v -6.921988 1.579899 -4.810000
v -7.055357 0.794948 -4.810000
v -7.055357 0.794948 -6.000000
v -7.100000 0.000000 -4.810000
v -7.100000 0.000000 -6.000000
v -3.000000 -0.000000 -5.750000
v -2.965474 -0.453831 -5.726455
v -3.000000 -0.000000 -5.875000
v -2.961071 -0.481728 -5.849960
v -2.860135 -0.905334 -5.701551
v -2.842355 -0.959695 -5.823447
v -2.680431 -1.347328 -5.675577
v -2.654311 -1.398082 -5.797480
v -2.431134 -1.757723 -5.649742
v -2.369267 -1.840265 -5.769301
v -2.117555 -2.125079 -5.624732
v -2.013303 -2.224098 -5.742426
v -1.716130 -2.460670 -5.597551
v -1.630869 -2.517988 -5.717068
v -1.258799 -2.723128 -5.569081
v -1.209144 -2.745537 -5.691116
v -0.810313 -2.888493 -5.543078
v -0.708358 -2.915172 -5.662395
v -0.338188 -2.980877 -5.517408
v -0.189656 -2.993999 -5.634664
v 0.189656 -2.993999 -5.490336
v 0.338188 -2.980877 -5.607592
v 0.708358 -2.915172 -5.462605
v 0.810313 -2.888493 -5.581922
v 1.209144 -2.745537 -5.433884
v 1.258799 -2.723128 -5.555919
v 1.630869 -2.517988 -5.407932
v 1.716130 -2.460670 -5.527449
v 2.013303 -2.224098 -5.382574
v 2.117555 -2.125079 -5.500268
v 2.369267 -1.840265 -5.355699
v 2.431134 -1.757723 -5.475258
v 2.654311 -1.398082 -5.327520
v 2.680431 -1.347328 -5.449423
v 2.842355 -0.959695 -5.301553
v 2.860135 -0.905334 -5.423449
v 2.961071 -0.481728 -5.275040
v 2.965474 -0.453831 -5.398545
v 3.000000 0.000000 -5.250000
v 3.000000 0.000000 -5.375000
v -3.000000 -0.000000 -4.750000
v -2.965474 -0.453831 -4.726455
v -3.000000 -0.000000 -4.875000
v -2.961071 -0.481728 -4.849960
v -2.860135 -0.905334 -4.701551
v -2.842355 -0.959695 -4.823447
v -2.680431 -1.347328 -4.675577
v -2.654311 -1.398082 -4.797480
v -2.431134 -1.757723 -4.649742
v -2.369267 -1.840265 -4.769301
v -2.117555 -2.125079 -4.624732
v -2.013303 -2.224098 -4.742426
v -1.716130 -2.460670 -4.597551
v -1.630869 -2.517988 -4.717068
v -1.258799 -2.723128 -4.569081
v -1.209144 -2.745537 -4.691116
v -0.810313 -2.888493 -4.543078
v -0.708358 -2.915172 -4.662395
v -0.338188 -2.980877 -4.517408
v -0.189656 -2.993999 -4.634664
v 0.189656 -2.993999 -4.490336
v 0.338188 -2.980877 -4.607592
v 0.708358 -2.915172 -4.462605
v 0.810313 -2.888493 -4.581922
v 1.209144 -2.745537 -4.433884
v 1.258799 -2.723128 -4.555919
v 1.630869 -2.517988 -4.407932
v 1.716130 -2.460670 -4.527449
v 2.013303 -2.224098 -4.382574
v 2.117555 -2.125079 -4.500268
v 2.369267 -1.840265 -4.355699
v 2.431134 -1.757723 -4.475258
v 2.654311 -1.398082 -4.327520
v 2.680431 -1.347328 -4.449423
v 2.842355 -0.959695 -4.301553
v 2.860135 -0.905334 -4.423449
v 2.961071 -0.481728 -4.275040
v 2.965474 -0.453831 -4.398545
v 3.000000 0.000000 -4.250000
v 3.000000 0.000000 -4.375000
v -3.000000 -0.000000 -3.750000
v -2.965474 -0.453831 -3.726455
v -3.000000 -0.000000 -3.875000
v -2.961071 -0.481728 -3.849960
v -2.860135 -0.905334 -3.701551
v -2.842355 -0.959695 -3.823447
v -2.680431 -1.347328 -3.675577
v -2.654311 -1.398082 -3.797480
v -2.431134 -1.757723 -3.649742
v -2.369267 -1.840265 -3.769302
v -2.117555 -2.125079 -3.624732
v -2.013303 -2.224098 -3.742426
v -1.716130 -2.460670 -3.597551
v -1.630869 -2.517988 -3.717068
v -1.258799 -2.723128 -3.569081
v -1.209144 -2.745537 -3.691117
v -0.810313 -2.888493 -3.543079
v -0.708358 -2.915172 -3.662395
v -0.338188 -2.980877 -3.517408
v -0.189656 -2.993999 -3.634664
v 0.189656 -2.993999 -3.490336
v 0.338188 -2.980877 -3.607592
v 0.708358 -2.915172 -3.462605
v 0.810313 -2.888493 -3.581921
v 1.209144 -2.745537 -3.433883
v 1.258799 -2.723128 -3.555919
v 1.630869 -2.517988 -3.407932
v 1.716130 -2.460670 -3.527449
v 2.013303 -2.224098 -3.382574
v 2.117555 -2.125079 -3.500268
v 2.369267 -1.840265 -3.355698
v 2.431134 -1.757723 -3.475258
v 2.654311 -1.398082 -3.327520
v 2.680431 -1.347328 -3.449423
v 2.842355 -0.959695 -3.301553
v 2.860135 -0.905334 -3.423449
v 2.961071 -0.481728 -3.275040
v 2.965474 -0.453831 -3.398545
v 3.000000 0.000000 -3.250000
v 3.000000 0.000000 -3.375000
v -3.000000 -0.000000 -2.750000
v -2.965474 -0.453831 -2.726455
v -3.000000 -0.000000 -2.875000
v -2.961071 -0.481728 -2.849960
v -2.860135 -0.905334 -2.701551
v -2.842355 -0.959695 -2.823447
v -2.680431 -1.347328 -2.675577
v -2.654311 -1.398082 -2.797480
v -2.431134 -1.757723 -2.649742
v -2.369267 -1.840265 -2.769302
v -2.117555 -2.125079 -2.624732
v -2.013303 -2.224098 -2.742426
v -1.716130 -2.460670 -2.597551
v -1.630869 -2.517988 -2.717068
v -1.258799 -2.723128 -2.569081
v -1.209144 -2.745537 -2.691117
v -0.810313 -2.888493 -2.543079
v -0.708358 -2.915172 -2.662395
v -0.338188 -2.980877 -2.517408
v -0.189656 -2.993999 -2.634664
v 0.189656 -2.993999 -2.490336
v 0.338188 -2.980877 -2.607592
v 0.708358 -2.915172 -2.462605
v 0.810313 -2.888493 -2.581921
v 1.209144 -2.745537 -2.433883
v 1.258799 -2.723128 -2.555919
v 1.630869 -2.517988 -2.407932
v 1.716130 -2.460670 -2.527449
v 2.013303 -2.224098 -2.382574
v 2.117555 -2.125079 -2.500268
v 2.369267 -1.840265 -2.355698
v 2.431134 -1.757723 -2.475258
v 2.654311 -1.398082 -2.327520
v 2.680431 -1.347328 -2.449423
v 2.842355 -0.959695 -2.301553
v 2.860135 -0.905334 -2.423449
v 2.961071 -0.481728 -2.275040
v 2.965474 -0.453831 -2.398545
v 3.000000 0.000000 -2.250000
v 3.000000 0.000000 -2.375000
v -3.000000 -0.000000 -1.750000
v -2.965474 -0.453831 -1.726455
v -3.000000 -0.000000 -1.875000
v -2.961071 -0.481728 -1.849960
v -2.860135 -0.905334 -1.701551
v -2.842355 -0.959695 -1.823447
v -2.680431 -1.347328 -1.675577
v -2.654311 -1.398082 -1.797480
v -2.431134 -1.757723 -1.649742
v -2.369267 -1.840265 -1.769302
v -2.117555 -2.125079 -1.624732
v -2.013303 -2.224098 -1.742426
v -1.716130 -2.460670 -1.597551
v -1.630869 -2.517988 -1.717068
v -1.258799 -2.723128 -1.569081
v -1.209144 -2.745537 -1.691117
v -0.810313 -2.888493 -1.543079
v -0.708358 -2.915172 -1.662395
v -0.338188 -2.980877 -1.517408
v -0.189656 -2.993999 -1.634664
v 0.189656 -2.993999 -1.490336
v 0.338188 -2.980877 -1.607592
v 0.708358 -2.915172 -1.462605
v 0.810313 -2.888493 -1.581921
v 1.209144 -2.745537 -1.433883
v 1.258799 -2.723128 -1.555919
v 1.630869 -2.517988 -1.407932
v 1.716130 -2.460670 -1.527449
v 2.013303 -2.224098 -1.382574
v 2.117555 -2.125079 -1.500268
v 2.369267 -1.840265 -1.355698
v 2.431134 -1.757723 -1.475258
v 2.654311 -1.398082 -1.327520
v 2.680431 -1.347328 -1.449423
v 2.842355 -0.959695 -1.301553
v 2.860135 -0.905334 -1.423449
v 2.961071 -0.481728 -1.275040
v 2.965474 -0.453831 -1.398545
v 3.000000 0.000000 -1.250000
v 3.000000 0.000000 -1.375000
v -3.000000 -0.000000 -0.750000
v -2.965474 -0.453831 -0.726455
v -3.000000 -0.000000 -0.875000
v -2.961071 -0.481728 -0.849960
v -2.860135 -0.905334 -0.701551
v -2.842355 -0.959695 -0.823447
v -2.680431 -1.347328 -0.675577
v -2.654311 -1.398082 -0.797480
v -2.431134 -1.757723 -0.649742
v -2.369267 -1.840265 -0.769302
v -2.117555 -2.125079 -0.624732
v -2.013303 -2.224098 -0.742426
v -1.716130 -2.460670 -0.597551
v -1.630869 -2.517988 -0.717068
v -1.258799 -2.723128 -0.569081
v -1.209144 -2.745537 -0.691117
v -0.810313 -2.888493 -0.543079
v -0.708358 -2.915172 -0.662395
v -0.338188 -2.980877 -0.517408
v -0.189656 -2.993999 -0.634664
v 0.189656 -2.993999 -0.490336
v 0.338188 -2.980877 -0.607592
v 0.708358 -2.915172 -0.462605
v 0.810313 -2.888493 -0.581921
v 1.209144 -2.745537 -0.433883
v 1.258799 -2.723128 -0.555919
v 1.630869 -2.517988 -0.407932
v 1.716130 -2.460670 -0.527449
v 2.013303 -2.224098 -0.382574
v 2.117555 -2.125079 -0.500268
v 2.369267 -1.840265 -0.355698
v 2.431134 -1.757723 -0.475258
v 2.654311 -1.398082 -0.327520
v 2.680431 -1.347328 -0.449423
v 2.842355 -0.959695 -0.301553
v 2.860135 -0.905334 -0.423449
v 2.961071 -0.481728 -0.275040
v 2.965474 -0.453831 -0.398545
v 3.000000 0.000000 -0.250000
v 3.000000 0.000000 -0.375000
v 2.965474 0.453831 -5.226455
v 2.961071 0.481728 -5.349960
v 2.860135 0.905334 -5.201551
v 2.842355 0.959695 -5.323447
v 2.680431 1.347328 -5.175577
v 2.654311 1.398082 -5.297480
v 2.431134 1.757723 -5.149742
v 2.369267 1.840265 -5.269301
v 2.117555 2.125079 -5.124732
v 2.013303 2.224098 -5.242426
v 1.716130 2.460670 -5.097551
v 1.630869 2.517988 -5.217068
v 1.258799 2.723128 -5.069081
v 1.209144 2.745537 -5.191116
v 0.810313 2.888493 -5.043078
v 0.708358 2.915172 -5.162395
v 0.338188 2.980877 -5.017408
v 0.189656 2.993999 -5.134664
v -0.189656 2.993999 -4.990336
v -0.338188 2.980877 -5.107592
v -0.708358 2.915172 -4.962605
v -0.810313 2.888493 -5.081922
v -1.209144 2.745537 -4.933884
v -1.258799 2.723128 -5.055919
v -1.630869 2.517988 -4.907932
v -1.716130 2.460670 -5.027449
v -2.013303 2.224098 -4.882574
v -2.117555 2.125079 -5.000268
v -2.369267 1.840265 -4.855699
v -2.431134 1.757723 -4.975258
v -2.654311 1.398082 -4.827520
v -2.680431 1.347328 -4.949423
v -2.842355 0.959695 -4.801553
v -2.860135 0.905334 -4.923449
v -2.961071 0.481728 -4.775040
v -2.965474 0.453831 -4.898545
v 2.965474 0.453831 -4.226455
v 2.961071 0.481728 -4.349960
v 2.860135 0.905334 -4.201551
v 2.842355 0.959695 -4.323447
v 2.680431 1.347328 -4.175577
v 2.654311 1.398082 -4.297480
v 2.431134 1.757723 -4.149742
v 2.369267 1.840265 -4.269301
v 2.117555 2.125079 -4.124732
v 2.013303 2.224098 -4.242426
v 1.716130 2.460670 -4.097551
v 1.630869 2.517988 -4.217068
v 1.258799 2.723128 -4.069081
v 1.209144 2.745537 -4.191116
v 0.810313 2.888493 -4.043078
v 0.708358 2.915172 -4.162395
v 0.338188 2.980877 -4.017408
v 0.189656 2.993999 -4.134664
v -0.189656 2.993999 -3.990336
v -0.338188 2.980877 -4.107592
v -0.708358 2.915172 -3.962605
v -0.810313 2.888493 -4.081922
v -1.209144 2.745537 -3.933883
v -1.258799 2.723128 -4.055919
v -1.630869 2.517988 -3.907932
v -1.716130 2.460670 -4.027449
v -2.013303 2.224098 -3.882574
v -2.117555 2.125079 -4.000268
v -2.369267 1.840265 -3.855698
v -2.431134 1.757723 -3.975258
v -2.654311 1.398082 -3.827520
v -2.680431 1.347328 -3.949423
v -2.842355 0.959695 -3.801553
v -2.860135 0.905334 -3.923449
v -2.961071 0.481728 -3.775040
v -2.965474 0.453831 -3.898545
v 2.965474 0.453831 -3.226455
v 2.961071 0.481728 -3.349960
v 2.860135 0.905334 -3.201551
v 2.842355 0.959695 -3.323447
v 2.680431 1.347328 -3.175577
v 2.654311 1.398082 -3.297480
v 2.431134 1.757723 -3.149742
v 2.369267 1.840265 -3.269302
v 2.117555 2.125079 -3.124732
v 2.013303 2.224098 -3.242426
v 1.716130 2.460670 -3.097551
v 1.630869 2.517988 -3.217068
v 1.258799 2.723128 -3.069081
v 1.209144 2.745537 -3.191117
v 0.810313 2.888493 -3.043079
v 0.708358 2.915172 -3.162395
v 0.338188 2.980877 -3.017408
v 0.189656 2.993999 -3.134664
v -0.189656 2.993999 -2.990336
v -0.338188 2.980877 -3.107592
v -0.708358 2.915172 -2.962605
v -0.810313 2.888493 -3.081921
v -1.209144 2.745537 -2.933883
v -1.258799 2.723128 -3.055919
v -1.630869 2.517988 -2.907932
v -1.716130 2.460670 -3.027449
v -2.013303 2.224098 -2.882574
v -2.117555 2.125079 -3.000268
v -2.369267 1.840265 -2.855698
v -2.431134 1.757723 -2.975258
v -2.654311 1.398082 -2.827520
v -2.680431 1.347328 -2.949423
v -2.842355 0.959695 -2.801553
v -2.860135 0.905334 -2.923449
v -2.961071 0.481728 -2.775040
v -2.965474 0.453831 -2.898545
v 2.965474 0.453831 -2.226455
v 2.961071 0.481728 -2.349960
v 2.860135 0.905334 -2.201551
v 2.842355 0.959695 -2.323447
v 2.680431 1.347328 -2.175577
v 2.654311 1.398082 -2.297480
v 2.431134 1.757723 -2.149742
v 2.369267 1.840265 -2.269302
v 2.117555 2.125079 -2.124732
v 2.013303 2.224098 -2.242426
v 1.716130 2.460670 -2.097551
v 1.630869 2.517988 -2.217068
v 1.258799 2.723128 -2.069081
v 1.209144 2.745537 -2.191117
v 0.810313 2.888493 -2.043079
v 0.708358 2.915172 -2.162395
v 0.338188 2.980877 -2.017408
v 0.189656 2.993999 -2.134664
v -0.189656 2.993999 -1.990336
v -0.338188 2.980877 -2.107592
v -0.708358 2.915172 -1.962605
v -0.810313 2.888493 -2.081921
v -1.209144 2.745537 -1.933883
v -1.258799 2.723128 -2.055919
v -1.630869 2.517988 -1.907932
v -1.716130 2.460670 -2.027449
v -2.013303 2.224098 -1.882574
v -2.117555 2.125079 -2.000268
v -2.369267 1.840265 -1.855698
v -2.431134 1.757723 -1.975258
v -2.654311 1.398082 -1.827520
v -2.680431 1.347328 -1.949423
v -2.842355 0.959695 -1.801553
v -2.860135 0.905334 -1.923449
v -2.961071 0.481728 -1.775040
v -2.965474 0.453831 -1.898545
v 2.965474 0.453831 -1.226455
v 2.961071 0.481728 -1.349960
v 2.860135 0.905334 -1.201551
v 2.842355 0.959695 -1.323447
v 2.680431 1.347328 -1.175577
v 2.654311 1.398082 -1.297480
v 2.431134 1.757723 -1.149742
v 2.369267 1.840265 -1.269302
v 2.117555 2.125079 -1.124732
v 2.013303 2.224098 -1.242426
v 1.716130 2.460670 -1.097551
v 1.630869 2.517988 -1.217068
v 1.258799 2.723128 -1.069081
v 1.209144 2.745537 -1.191117
v 0.810313 2.888493 -1.043079
v 0.708358 2.915172 -1.162395
v 0.338188 2.980877 -1.017408
v 0.189656 2.993999 -1.134664
v -0.189656 2.993999 -0.990336
v -0.338188 2.980877 -1.107592
v -0.708358 2.915172 -0.962605
v -0.810313 2.888493 -1.081921
v -1.209144 2.745537 -0.933883
v -1.258799 2.723128 -1.055919
v -1.630869 2.517988 -0.907932
v -1.716130 2.460670 -1.027449
v -2.013303 2.224098 -0.882574
v -2.117555 2.125079 -1.000268
v -2.369267 1.840265 -0.855698
v -2.431134 1.757723 -0.975258
v -2.654311 1.398082 -0.827520
v -2.680431 1.347328 -0.949423
v -2.842355 0.959695 -0.801553
v -2.860135 0.905334 -0.923449
v -2.961071 0.481728 -0.775040
v -2.965474 0.453831 -0.898545
v 2.981624 0.331540 -0.232942
v 2.961071 0.481728 -0.349960
v 2.925552 0.664188 -0.215043
v 2.842355 0.959695 -0.323447
v 2.763648 1.167155 -0.186373
v 2.654311 1.398082 -0.297480
v 2.542710 1.592051 -0.160399
v 2.369267 1.840265 -0.269302
v 2.257022 1.976323 -0.135120
v 2.013303 2.224098 -0.242426
v 1.630869 2.517988 -0.217068
v 1.209144 2.745537 -0.191117
v 0.708358 2.915172 -0.162395
v 0.190359 2.993954 -0.134700
v -3.535534 -3.535534 0.000000
v -3.043807 -3.966767 0.000000
v -4.330127 -2.500000 0.000000
v -3.966767 -3.043807 0.000000
v -2.500000 -4.330127 0.000000
v -4.619398 -1.913417 0.000000
v -1.913417 -4.619398 0.000000
v -4.829629 -1.294095 0.000000
v -1.294095 -4.829629 0.000000
v -0.652631 -4.957224 0.000000
v -4.957224 -0.652631 0.000000
v -0.000000 -5.000000 0.000000
v -4.957224 0.652631 0.000000
v -5.000000 0.000000 0.000000
v 0.652631 -4.957224 0.000000
v -4.829629 1.294095 0.000000
v 1.294095 -4.829629 0.000000
v 1.913417 -4.619398 0.000000
v -4.619398 1.913417 0.000000
v 2.500000 -4.330127 0.000000
v -4.330127 2.500000 0.000000
v 3.043807 -3.966767 0.000000
v -3.966767 3.043807 0.000000
v -3.535534 3.535534 0.000000
v 3.535534 -3.535534 0.000000
v 3.966767 -3.043807 0.000000
v -3.043807 3.966767 0.000000
v 4.330127 -2.500000 0.000000
v -2.500000 4.330127 0.000000
v -1.913417 4.619398 0.000000
v 4.619398 -1.913417 0.000000
v 4.829629 -1.294095 0.000000
v -1.294095 4.829629 0.000000
v 4.957224 -0.652631 0.000000
v -0.652631 4.957224 0.000000
v -0.000000 5.000000 0.000000
v 5.000000 0.000000 0.000000
v 4.957224 0.652631 0.000000
v 0.652631 4.957224 0.000000
v 1.294095 4.829629 0.000000
v 4.829629 1.294095 0.000000
v 1.913417 4.619398 0.000000
v 4.619398 1.913417 0.000000
v 2.500000 4.330127 0.000000
v 4.330127 2.500000 0.000000
v 3.043807 3.966767 0.000000
v 3.966767 3.043807 0.000000
v 3.535534 3.535534 0.000000
v -2.138173 2.104333 -5.873795
v -2.369267 1.840265 -5.855699
v -2.654311 1.398082 -5.827520
v -2.842355 0.959695 -5.801553
v -2.961071 0.481728 -5.775040
v -0.481066 5.495759 -0.298348
v -0.000000 5.773503 -0.446582
v -0.000000 5.773503 -4.810000
v -0.965821 5.215886 -0.175830
v -1.345088 4.996916 -0.100915
v -1.727169 4.776321 -0.045620
v -2.112512 4.553843 -0.011562
v -5.000000 2.886751 -4.810000
v -2.924167 4.085234 -0.014147
v -3.344987 3.842274 -0.055193
v -3.762720 3.601095 -0.121049
v -4.177627 3.361549 -0.209626
v -4.589967 3.123484 -0.318834
v -5.000000 2.886751 -0.446582
v 4.518934 3.164495 -0.298348
v 5.000000 2.886751 -0.446582
v 5.000000 2.886751 -4.810000
v 4.034179 3.444368 -0.175830
v 3.654912 3.663338 -0.100915
v 3.272831 3.883933 -0.045620
v 2.887488 4.106411 -0.011562
v 2.075833 4.575020 -0.014147
v 1.655013 4.817980 -0.055193
v 1.237280 5.059159 -0.121049
v 0.822373 5.298705 -0.209626
v 0.410033 5.536770 -0.318834
v 5.000000 -2.332665 -0.298769
v 5.000000 -2.886751 -0.446582
v 5.000000 -2.886751 -4.810000
v 5.000000 -1.772182 -0.176003
v 5.000000 -1.331617 -0.100633
v 5.000000 -0.889550 -0.045440
v 5.000000 -0.445707 -0.011538
v 5.000000 0.538967 -0.017011
v 5.000000 1.077344 -0.066447
v 5.000000 1.513385 -0.129335
v 5.000000 1.944178 -0.210527
v 5.000000 2.417795 -0.319763
v 0.481066 -5.495759 -0.298348
v 0.000000 -5.773503 -0.446582
v 0.000000 -5.773503 -4.810000
v 0.965821 -5.215886 -0.175830
v 1.345088 -4.996916 -0.100915
v 1.727169 -4.776321 -0.045620
v 2.112512 -4.553843 -0.011562
v 2.924167 -4.085234 -0.014147
v 3.344987 -3.842274 -0.055193
v 3.762720 -3.601095 -0.121049
v 4.177627 -3.361549 -0.209626
v 4.589967 -3.123484 -0.318834
v -4.518934 -3.164495 -0.298348
v -5.000000 -2.886751 -0.446582
v -5.000000 -2.886751 -4.810000
v -4.034179 -3.444368 -0.175830
v -3.654912 -3.663338 -0.100915
v -3.272831 -3.883933 -0.045620
v -2.887488 -4.106411 -0.011562
v -2.075833 -4.575020 -0.014147
v -1.655013 -4.817980 -0.055193
v -1.237280 -5.059159 -0.121049
v -0.822373 -5.298705 -0.209626
v -0.410033 -5.536770 -0.318834
v -5.000000 -2.413643 -0.318805
v -5.000000 -1.935486 -0.208801
v -5.000000 -1.502654 -0.127548
v -5.000000 -1.068502 -0.065253
v -5.000000 -0.535585 -0.016623
v -5.000000 0.442013 -0.011496
v -5.000000 0.884327 -0.045103
v -5.000000 1.323759 -0.099497
v -5.000000 1.757823 -0.173190
v -5.000000 2.325710 -0.296975
v 5.020458 -5.020458 -6.000000
v 4.426777 -5.551003 -6.000000
v 6.011742 -3.777428 -6.000000
v 5.551003 -4.426777 -6.000000
v 3.777428 -6.011742 -6.000000
v 3.080575 -6.396879 -6.000000
v 6.396879 -3.080575 -6.000000
v 2.344981 -6.701571 -6.000000
v 6.921988 -1.579899 -6.000000
v 6.701571 -2.344981 -6.000000
v 1.579899 -6.921988 -6.000000
v 0.794948 -7.055357 -6.000000
v 7.055357 -0.794948 -6.000000
v 0.000000 -7.100000 -6.000000
v -0.794948 -7.055357 -6.000000
v -1.579899 -6.921988 -6.000000
v -2.344981 -6.701571 -6.000000
v -3.080575 -6.396879 -6.000000
v -3.777428 -6.011742 -6.000000
v -4.426777 -5.551003 -6.000000
v -5.020458 -5.020458 -6.000000
v -5.551003 -4.426777 -6.000000
v -6.011742 -3.777428 -6.000000
v -6.396879 -3.080575 -6.000000
v -6.701571 -2.344981 -6.000000
v -6.921988 -1.579899 -6.000000
v -7.055357 -0.794948 -6.000000
v 6.921988 -1.579899 -4.810000
v 6.701571 -2.344981 -4.810000
v 6.396879 -3.080575 -4.810000
v 6.011742 -3.777428 -4.810000
v 5.551003 -4.426777 -4.810000
v 5.020458 -5.020458 -4.810000
v 4.426777 -5.551003 -4.810000
v 3.777428 -6.011742 -4.810000
v 7.055357 -0.794948 -4.810000
v 3.080575 -6.396879 -4.810000
v 2.344981 -6.701571 -4.810000
v 1.579899 -6.921988 -4.810000
v 0.794948 -7.055357 -4.810000
v 0.000000 -7.100000 -4.810000
v -0.794948 -7.055357 -4.810000
v -1.579899 -6.921988 -4.810000
v -2.344981 -6.701571 -4.810000
v -3.080575 -6.396879 -4.810000
v -3.777428 -6.011742 -4.810000
v -4.426777 -5.551003 -4.810000
v -5.020458 -5.020458 -4.810000
v -5.551003 -4.426777 -4.810000
v -6.011742 -3.777428 -4.810000
v -6.396879 -3.080575 -4.810000
v -6.701571 -2.344981 -4.810000
v -6.921988 -1.579899 -4.810000
v -7.055357 -0.794948 -4.810000
v 2.000916 1.233327 -0.786532
v 2.193394 0.844857 -0.816588
v 2.173049 -0.895890 -0.937229
v 2.298682 -0.490733 -0.907880
v 1.952987 -1.307900 -0.969530
v 1.659067 -1.665010 -1.000270
v -0.780762 -2.217019 -1.178670
v -0.368575 -2.321403 -1.149434
v -1.204786 -2.018230 -1.211176
v -1.577559 -1.742432 -1.242439
v -2.338211 0.239854 -1.390724
v -2.339676 -0.225114 -1.360262
v -2.256442 0.658202 -1.419754
v -1.186678 2.028930 -1.540272
v -0.803510 2.208876 -1.569654
v -0.351902 2.323989 -1.601705
v 0.109958 2.347908 -1.632127
v 0.533249 2.289193 -1.660861
v 1.713822 -1.608594 -1.995192
v 1.996048 -1.241190 -1.964102
v 1.396974 -1.890297 -2.023085
v -1.173464 -2.036601 -2.208676
v -0.746074 -2.228931 -2.176126
v -2.337171 0.249787 -2.391389
v -2.340584 -0.215475 -2.360904
v -1.178171 2.033882 -2.540949
v -0.794328 2.212194 -2.570331
v -0.342341 2.325417 -2.602357
v 0.119705 2.347431 -2.632766
v 0.542669 2.286979 -2.661525
v 2.166334 0.912007 -2.811558
v 1.967096 1.286582 -2.782214
v 1.707335 -1.615477 -2.995806
v 1.990987 -1.249293 -2.964757
v 1.388958 -1.896195 -3.023757
v -1.100302 -2.077040 -3.202904
v -1.487567 -1.819864 -3.234603
v -1.816513 -1.491657 -3.265045
v -2.056083 -1.138984 -3.294055
v -2.276300 0.585850 -3.414581
v -2.344719 0.164480 -3.385712
v 0.037098 2.350188 -3.627389
v 0.462606 2.304508 -3.655919
v 2.348979 0.083999 -3.869568
v 2.286853 0.543199 -3.838438
v 1.418795 -1.873975 -4.021251
v 1.761912 -1.555773 -3.990523
v -1.494883 -1.813859 -4.235232
v -1.108739 -2.072549 -4.203566
v -1.822683 -1.484112 -4.265694
v -2.273890 0.595133 -4.415241
v -2.344023 0.174125 -4.386350
v 0.046314 2.350025 -4.627985
v -0.414526 2.313640 -4.597410
v 0.471564 2.302691 -4.656543
v 1.410976 -1.879869 -5.021909
v 1.755699 -1.562780 -4.991138
v -1.117340 -2.067924 -5.204240
v -1.357457 -1.918872 -5.223618
v -1.575164 -1.744597 -5.242228
v -1.932460 -1.456674 -5.311719
v -2.230886 -1.107052 -5.382259
v -2.591575 -0.351451 -5.507052
v -2.468652 -0.689587 -5.454871
v 0.922992 2.541764 -0.884451
v 2.665834 0.224149 -1.049638
v 2.349552 -0.066059 -0.879265
v 2.317043 0.395062 -0.848750
v 1.277061 -2.350750 -1.232891
v 0.958952 -2.145966 -1.058002
v 1.329448 -1.938383 -1.028699
v 0.864804 -2.531605 -1.260368
v 0.515086 -2.293348 -1.090415
v 0.377829 -2.648425 -1.290563
v 0.055443 -2.349827 -1.121423
v -2.280473 -1.398697 -1.474388
v -2.091468 -1.072624 -1.299256
v -1.863685 -1.432284 -1.270111
v -2.474136 -1.017626 -1.500406
v -2.249638 -0.681093 -1.328596
v -2.246650 1.452404 -1.654431
v -1.853576 1.445343 -1.480996
v -2.102023 1.051788 -1.449126
v -1.959056 1.821815 -1.681985
v -1.534010 1.780892 -1.511379
v 1.331354 2.320433 -1.895880
v 1.343228 1.928859 -1.722439
v 0.935683 2.156214 -1.690231
v 1.716364 2.052074 -1.923865
v 1.694763 1.628661 -1.753013
v 2.052796 1.715500 -1.951201
v 1.961928 1.294449 -1.781572
v 2.666985 0.210003 -2.050462
v 2.350437 0.014431 -1.874072
v 2.302070 0.474590 -1.843247
v 2.667311 -0.205827 -2.074294
v 2.314200 -0.411385 -1.902373
v 2.591692 -0.663357 -2.101866
v 2.202345 -0.821240 -1.931658
v 0.879829 -2.526423 -2.259399
v 0.594192 -2.274136 -2.084826
v 1.033419 -2.111115 -2.052295
v 0.393502 -2.646142 -2.289626
v 0.135979 -2.346544 -2.116166
v -0.072767 -2.674251 -2.316627
v -0.332009 -2.326915 -2.146940
v -2.283388 -1.393934 -2.474725
v -2.095948 -1.063844 -2.299939
v -1.869725 -1.424391 -2.270778
v -2.476268 -1.012428 -2.500749
v -2.252452 -0.671729 -2.329272
v -2.467300 1.034089 -2.625682
v -2.097609 1.060565 -2.449806
v -2.253649 0.667703 -2.420438
v -2.243608 1.457097 -2.654767
v -1.847578 1.453002 -2.481647
v -1.955334 1.825810 -2.682298
v -1.526476 1.787354 -2.512035
v 1.336078 2.317716 -2.896210
v 1.351016 1.923413 -2.723084
v 0.944480 2.152375 -2.690898
v 1.720462 2.048639 -2.924176
v 1.701327 1.621804 -2.753628
v 2.667394 0.204742 -3.050769
v 2.350475 0.005279 -2.874661
v 2.303918 0.465533 -2.843877
v 2.666900 -0.211088 -3.074601
v 2.312478 -0.420959 -2.903034
v 2.590305 -0.668754 -3.102203
v 2.198956 -0.830274 -2.932328
v 0.874554 -2.528254 -3.259740
v 0.584732 -2.276587 -3.085499
v 1.024545 -2.115436 -3.052980
v 0.387981 -2.646957 -3.289956
v 0.126318 -2.347084 -3.116801
v -0.078244 -2.674096 -3.316940
v -0.294964 -2.331900 -3.144429
v -0.529909 -2.622233 -3.343626
v -0.710828 -2.240421 -3.173558
v -2.599514 -0.632013 -3.525084
v -2.331447 -0.298519 -3.355330
v -2.226892 -0.752139 -3.323430
v -2.269333 1.416700 -3.651887
v -1.897971 1.386531 -3.476040
v -2.134267 0.984715 -3.443963
v -1.967225 1.812991 -3.681297
v -1.589799 1.731271 -3.506478
v -1.638670 2.114633 -3.706979
v -1.249992 1.990548 -3.535187
v -1.254108 2.363075 -3.734473
v -0.872125 2.182695 -3.564553
v 1.295933 2.340399 -3.893416
v 1.284368 1.968543 -3.717605
v 0.869485 2.183748 -3.685250
v 1.708394 2.058713 -3.923260
v 1.645177 1.678736 -3.748473
v 2.026509 1.746475 -3.948840
v 1.921614 1.353574 -3.776704
v 2.294687 1.375254 -3.976043
v 2.133913 0.985484 -3.805979
v 2.596421 -0.644599 -4.100698
v 2.226743 -0.752582 -3.926602
v 2.325927 -0.338860 -3.897406
v 2.458421 -1.055025 -4.127071
v 2.033199 -1.179348 -3.959145
v 0.894246 -2.521356 -4.258468
v 0.620042 -2.267225 -4.082983
v 1.057624 -2.099093 -4.050422
v 0.408597 -2.643853 -4.288721
v 0.162420 -2.344862 -4.114424
v -0.057797 -2.674616 -4.315774
v -0.304601 -2.330661 -4.145081
v -0.535373 -2.621123 -4.343960
v -0.720008 -2.237487 -4.174225
v -2.470567 -1.026262 -4.499835
v -2.229941 -0.743049 -4.324095
v -2.060749 -1.130519 -4.294723
v -2.600791 -0.626735 -4.525412
v -2.332634 -0.289100 -4.355967
v -2.266469 1.421278 -4.652213
v -1.892400 1.394125 -4.476676
v -2.130265 0.993345 -4.444623
v -1.963563 1.816957 -4.681606
v -1.582795 1.737677 -4.507098
v -1.634342 2.117980 -4.707301
v -1.242011 1.995537 -4.535831
v -1.249352 2.365593 -4.734800
v -0.863448 2.186142 -4.565201
v 1.300424 2.337907 -4.893727
v 1.291876 1.963624 -4.718218
v 0.877901 2.180379 -4.685880
v 1.712340 2.055433 -4.923559
v 1.651512 1.672503 -4.749046
v 2.029846 1.742595 -4.949137
v 1.927029 1.345853 -4.777344
v 2.297460 1.370617 -4.976369
v 2.137818 0.976984 -4.806628
v 2.667931 -0.197627 -5.073817
v 2.324518 -0.348389 -4.898055
v 2.349289 0.074834 -4.870164
v 2.595112 -0.649850 -5.101025
v 2.223665 -0.761626 -4.927264
v 2.456270 -1.060024 -5.127403
v 2.028437 -1.187521 -4.959796
v 0.889070 -2.523186 -5.258802
v 0.610762 -2.269742 -5.083645
v 1.048942 -2.103445 -5.051095
v 0.403176 -2.644685 -5.289046
v 0.152921 -2.345501 -5.115051
v -0.063171 -2.674495 -5.316081
v -0.314440 -2.329354 -5.145747
v -0.540951 -2.619978 -5.344302
v -0.729372 -2.234452 -5.174907
v -2.594316 -1.003333 -5.565258
v 0.552384 2.504985 -0.782907
v 0.650441 2.776920 -0.950657
v 2.784057 0.548738 -1.125891
v 2.835566 -0.107954 -1.162036
v 1.642910 -2.313641 -1.307349
v 0.039972 -2.837339 -1.404118
v -2.224811 -1.761337 -1.549095
v -2.734359 -0.758533 -1.613641
v -2.555154 1.234212 -1.728100
v -1.826434 2.171688 -1.794463
v 1.097741 2.616688 -1.969488
v 2.371111 1.558821 -2.063086
v 2.785524 0.541244 -2.126322
v 2.648046 -1.019774 -2.214651
v 1.247424 -2.548729 -2.333556
v -0.422440 -2.806000 -2.429409
v -2.226624 -1.759044 -2.549257
v -2.735150 -0.755672 -2.613811
v -2.728143 0.780593 -2.700169
v -1.824198 2.173567 -2.794624
v 1.100417 2.615563 -2.969655
v 2.076763 1.933686 -3.036669
v 2.786064 0.538456 -3.126482
v 2.646978 -1.022545 -3.214822
v 1.244764 -2.550030 -3.333726
v -0.881675 -2.697172 -3.456226
v -2.340899 -0.913599 -3.409615
v -2.663629 -0.978350 -3.600395
v -2.817798 -0.334822 -3.638010
v -2.564897 1.213834 -3.726802
v -1.007653 2.652683 -3.848595
v 1.077751 2.624984 -3.968242
v 2.587117 1.165724 -4.088746
v 2.816989 -0.341558 -4.174867
v 2.443349 -1.442960 -4.241663
v 1.254696 -2.545157 -4.333091
v -0.884507 -2.696245 -4.456397
v -2.476171 -1.385880 -4.574596
v -2.818132 -0.331998 -4.638167
v -2.563663 1.216438 -4.726967
v -1.004979 2.653697 -4.848760
v 1.080279 2.623945 -4.968400
v 2.588299 1.163098 -5.088912
v 2.835532 0.108844 -5.150416
v 2.441887 -1.445432 -5.241826
v 1.252085 -2.546443 -5.333258
v -0.887398 -2.695295 -5.456572
v 2.480546 0.758940 -1.968745
v 2.162695 0.920604 -1.810909
v 2.321970 -1.156527 -2.089452
v 1.347271 -2.216745 -2.178168
v -1.880599 -1.786741 -2.394506
v -1.550721 -1.766359 -2.240080
v -2.552020 -0.465072 -2.487561
v 2.482425 0.752772 -2.969149
v 2.318994 -1.162482 -3.089870
v 1.341380 -2.220315 -3.178596
v -2.593317 -0.061682 -3.512019
v -2.439564 0.881831 -3.570641
v -0.696595 2.498771 -3.722811
v -0.423622 2.311992 -3.596782
v 0.750770 2.483031 -3.811970
v 2.455649 0.835994 -3.963663
v 2.097692 -1.526036 -4.116349
v 1.363355 -2.206890 -4.176994
v -2.593465 -0.055114 -4.512405
v -2.437301 0.888066 -4.571058
v -0.690386 2.500493 -4.723213
v 0.756821 2.481193 -4.812366
v 2.457721 0.829882 -4.964068
v 2.288975 0.534183 -4.839073
v 2.571064 0.344568 -4.995028
v 2.093838 -1.531319 -5.116749
v 1.357583 -2.210445 -5.177416
v 2.457757 1.155505 -2.015800
v -1.824768 -2.119805 -2.496384
v -0.464799 2.758136 -3.856869
v 2.347426 -0.119807 -0.757772
v 2.286955 -0.542768 -0.786532
v 2.148368 -0.953560 -0.816588
v 1.917747 -1.359046 -0.848750
v 1.614674 -1.708095 -0.879265
v 1.278413 -1.972415 -0.907880
v 0.903088 -2.170068 -0.937229
v 0.456146 -2.305795 -0.969530
v -0.004202 -2.350477 -1.000270
v -0.430582 -2.310706 -1.028699
v -0.839346 -2.195509 -1.058002
v -1.257421 -1.985863 -1.090415
v -1.622375 -1.700783 -1.121423
v -1.902102 -1.380858 -1.149434
v -2.119751 -1.015587 -1.178670
v -2.279016 -0.575191 -1.211176
v -2.347588 -0.116583 -1.242439
v -2.330602 0.305046 -1.270111
v -2.237351 0.720432 -1.299256
v -2.072340 1.109129 -1.328596
v -1.813581 1.495221 -1.360262
v -1.483762 1.822968 -1.390724
v -1.130127 2.060964 -1.419754
v -0.742628 2.230082 -1.449126
v -0.288664 2.332688 -1.480996
v 0.174572 2.343989 -1.511379
v 0.595562 2.273778 -1.540272
v 0.993744 2.130078 -1.569654
v 1.394476 1.892141 -1.601705
v 1.737973 1.582469 -1.632127
v 1.995768 1.241641 -1.660861
v 2.186301 0.863046 -1.690231
v 2.313715 0.414104 -1.722439
v 2.350016 -0.046741 -1.753013
v 2.302606 -0.471979 -1.781572
v 2.180222 -0.878291 -1.810909
v 1.963395 -1.292223 -1.843247
v 1.672214 -1.651806 -1.874072
v 1.345494 -1.927280 -1.902373
v 0.976589 -2.137998 -1.931658
v 0.533765 -2.289073 -1.964102
v 0.074408 -2.349303 -1.995192
v -0.348832 -2.324452 -2.023085
v -0.762046 -2.223521 -2.052295
v -1.187900 -2.028215 -2.084826
v -1.563105 -1.755409 -2.116166
v -1.880143 -1.410611 -2.146940
v -2.103647 -1.048538 -2.176126
v -2.269859 -0.610330 -2.208676
v -2.345530 -0.152479 -2.240080
v -2.329292 0.314898 -2.270778
v -2.234310 0.729808 -2.299939
v -2.067708 1.117740 -2.329272
v -1.807407 1.502678 -2.360904
v -1.476004 1.829255 -2.391389
v -1.121433 2.065708 -2.420438
v -0.733301 2.233166 -2.449806
v -0.279008 2.333863 -2.481647
v 0.184469 2.343231 -2.512035
v 0.605079 2.271264 -2.540949
v 1.002583 2.125932 -2.570331
v 1.402246 1.886389 -2.602357
v 1.744528 1.575240 -2.632766
v 2.000863 1.233413 -2.661525
v 2.189807 0.854111 -2.690898
v 2.315371 0.404745 -2.723084
v 2.349808 -0.056231 -2.753628
v 2.300698 -0.481196 -2.782214
v 2.176716 -0.886943 -2.811558
v 1.958298 -1.299935 -2.843877
v 1.665769 -1.658304 -2.874661
v 1.337505 -1.932832 -2.903034
v 0.967804 -2.141989 -2.932328
v 0.524457 -2.291224 -2.964757
v 0.064953 -2.349583 -2.995806
v -0.358671 -2.322954 -3.023757
v -0.771376 -2.220302 -3.052980
v -1.196322 -2.023258 -3.085499
v -1.570319 -1.748960 -3.116801
v -1.857473 -1.440331 -3.144429
v -2.086848 -1.081585 -3.173558
v -2.246720 -0.690659 -3.202904
v -2.338707 -0.234969 -3.234603
v -2.339230 0.229708 -3.265045
v -2.259253 0.648487 -3.294055
v -2.106493 1.042807 -3.323430
v -1.859667 1.437498 -3.355330
v -1.541662 1.774271 -3.385712
v -1.195328 2.023845 -3.414581
v -0.812856 2.205454 -3.443963
v -0.361643 2.322493 -3.476040
v 0.100036 2.348351 -3.506478
v 0.523652 2.291408 -3.535187
v 0.926713 2.160084 -3.564553
v 1.335279 1.934371 -3.596782
v 1.688066 1.635602 -3.627389
v 1.956645 1.302421 -3.655919
v 2.158962 0.929324 -3.685250
v 2.300155 0.483785 -3.717605
v 2.350361 0.023730 -3.748473
v 2.315907 -0.401665 -3.776704
v 2.205746 -0.812062 -3.805979
v 2.001148 -1.232950 -3.838438
v 1.720375 -1.601583 -3.869568
v 1.405068 -1.884289 -3.897406
v 1.042389 -2.106700 -3.926602
v 0.603763 -2.271614 -3.959145
v 0.145762 -2.345957 -3.990523
v -0.321861 -2.328340 -4.021251
v -0.736430 -2.232136 -4.050422
v -1.164734 -2.041606 -4.082983
v -1.543220 -1.772917 -4.114424
v -1.863411 -1.432640 -4.145081
v -2.091265 -1.073020 -4.174225
v -2.249510 -0.681516 -4.203566
v -2.339634 -0.225550 -4.235232
v -2.338257 0.239406 -4.265694
v -2.256567 0.657772 -4.294723
v -2.102222 1.051391 -4.324095
v -1.853846 1.444997 -4.355967
v -1.534349 1.780599 -4.386350
v -1.187061 2.028706 -4.415241
v -0.803924 2.208725 -4.444623
v -0.352333 2.323924 -4.476676
v 0.109518 2.347928 -4.507098
v 0.532824 2.289292 -4.535831
v 0.935286 2.156386 -4.565201
v 1.342876 1.929104 -4.597410
v 1.694467 1.628970 -4.627985
v 1.961695 1.294803 -4.656543
v 2.162530 0.920991 -4.685880
v 2.301986 0.474998 -4.718218
v 2.350434 0.014843 -4.749046
v 2.314277 -0.410954 -4.777344
v 2.202497 -0.820834 -4.806628
v 1.996275 -1.240825 -4.839073
v 1.714114 -1.608283 -4.870164
v 1.397334 -1.890031 -4.898055
v 1.033818 -2.110919 -4.927264
v 0.594617 -2.274025 -4.959796
v 0.136414 -2.346519 -4.991138
v -0.331558 -2.326979 -5.021909
v -0.745646 -2.229074 -5.051095
v -1.173076 -2.036824 -5.083645
v -1.550388 -1.766651 -5.115051
v -1.869445 -1.424759 -5.145747
v -1.884023 -1.405424 -5.242228
v -2.095740 -1.064252 -5.174907
v -2.121661 -1.011590 -5.242228
v -2.252322 -0.672164 -5.204240
v -2.278083 -0.578878 -5.242228
v -2.316715 -0.396981 -5.223618
v -2.347426 -0.119807 -5.242228
v 2.660278 0.700292 -0.478344
v 2.706691 0.241449 -0.524483
v 2.292711 -1.378546 -0.649189
v 2.041972 -1.728370 -0.674778
v 1.689536 -2.074218 -0.703166
v 1.292377 -2.342365 -0.731831
v -1.258543 -2.360716 -0.890832
v -1.620198 -2.128819 -0.916648
v -1.984382 -1.794197 -0.945164
v -2.271461 -1.413286 -0.973355
v -2.603916 0.613623 -1.098776
v -2.475738 1.013722 -1.124337
v -0.526336 2.622953 -1.281592
v -0.078997 2.674074 -1.308017
v 0.415528 2.642773 -1.336695
v 0.880593 2.526157 -1.365650
v 2.591300 0.664890 -1.523038
v 2.664901 0.234983 -1.549005
v 2.040805 -1.729748 -1.674883
v 1.717555 -2.051077 -1.701045
v 1.332727 -2.319644 -1.729024
v 0.919660 -2.512198 -1.756820
v -1.622234 -2.127268 -1.916799
v -1.953320 -1.827964 -1.942534
v -2.260185 -1.431249 -1.972078
v -2.602630 0.619055 -2.099112
v -2.473604 1.018919 -2.124680
v -0.520859 2.624046 -2.281927
v -0.073545 2.674229 -2.308328
v 0.421170 2.641880 -2.337034
v 0.885900 2.524300 -2.365993
v 2.592647 0.659614 -2.523367
v 2.665365 0.229658 -2.549316
v 2.037387 -1.733772 -2.675190
v 1.713356 -2.054586 -2.701364
v 1.327888 -2.322418 -2.729362
v 0.914503 -2.514080 -2.757155
v -1.626660 -2.123885 -2.917128
v -1.961482 -1.819203 -2.943218
v -2.248629 -1.449338 -2.970788
v -2.462066 -1.046490 -2.998496
v -2.481311 1.000004 -3.123433
v -2.290305 1.382539 -3.149471
v -0.093168 2.673618 -3.307207
v 0.382734 2.647721 -3.334730
v 0.845846 2.538002 -3.363413
v 1.259470 2.360222 -3.390896
v 2.665527 0.227768 -3.549427
v 2.668621 -0.188074 -3.573262
v 1.362645 -2.302197 -3.726929
v 0.908042 -2.516420 -3.757574
v 0.494982 -2.629050 -3.783503
v -1.610088 -2.136475 -3.915899
v -1.965186 -1.815202 -3.943531
v -2.251648 -1.444642 -3.971123
v -2.464210 -1.041432 -3.998831
v -2.479264 1.005068 -4.123766
v -2.287493 1.387186 -4.149798
v -0.087780 2.673800 -4.307516
v 0.387990 2.646956 -4.335044
v 0.850879 2.536319 -4.363737
v 1.264143 2.357722 -4.391218
v 2.665958 0.222661 -4.549725
v 2.668257 -0.193175 -4.573559
v 1.357982 -2.304951 -4.727257
v 0.902957 -2.518249 -4.757904
v -1.614457 -2.133176 -4.916222
v -1.968961 -1.811106 -4.943850
v -2.254722 -1.439841 -4.971466
v -2.466389 -1.036262 -4.999174
v -2.492702 1.043590 -5.109972
v 2.857354 -0.088353 -0.461262
v 2.586276 -1.167590 -0.536372
v 1.075751 -2.625804 -0.656882
v -1.010148 -2.651733 -0.776558
v -2.565814 -1.211893 -0.898322
v -2.818949 0.324989 -0.986442
v -2.479665 1.379620 -1.049994
v -0.879823 2.697777 -1.168886
v 1.247809 2.548541 -1.291469
v 2.647743 1.020561 -1.410300
v 2.836220 -0.089132 -1.473520
v 2.365591 -1.567185 -1.562481
v 0.650715 -2.762003 -1.682483
v -1.443491 -2.443036 -1.804197
v -2.560959 -1.222119 -1.897671
v -2.818612 0.327892 -1.986604
v -2.478220 1.382214 -2.050164
v -0.876984 2.698701 -2.169057
v 1.250486 2.547229 -2.291640
v 2.648786 1.017852 -2.410467
v 2.836130 -0.091940 -2.473672
v 2.364020 -1.569554 -2.562641
v 0.647898 -2.762665 -2.682647
v -1.446064 -2.441514 -2.804368
v -2.726177 -0.787432 -2.924424
v -2.737028 0.748842 -3.010785
v -2.230943 1.753563 -3.075357
v -0.433339 2.804337 -3.194974
v 1.634344 2.319700 -3.317063
v 2.778346 0.576959 -3.436765
v 2.787758 -0.529617 -3.498010
v 1.739954 -2.241573 -3.613101
v 0.171621 -2.832426 -3.709510
v -1.436445 -2.447185 -3.803731
v -2.726981 -0.784642 -3.924590
v -2.736265 0.751625 -4.010950
v -2.229185 1.755798 -4.075514
v -0.430461 2.804780 -4.195137
v 1.636619 2.318095 -4.317219
v 2.778906 0.574257 -4.436921
v 2.787243 -0.532323 -4.498166
v 1.737713 -2.243310 -4.613258
v 0.641597 -2.764135 -4.683015
v -1.438977 -2.445697 -4.803899
v -2.727800 -0.781790 -4.924760
v -2.412639 -0.702596 -5.111569
v -2.745020 0.770737 -5.004042
v -2.486064 1.395943 -5.042806
v 2.582183 -0.340990 -0.623576
v 2.455427 -0.836646 -0.661380
v 0.746321 -2.484372 -0.813321
v -0.701555 -2.497382 -0.902511
v -2.441961 -0.875170 -1.054805
v -2.142385 1.462629 -1.205334
v -1.030318 2.380660 -1.294303
v 1.345960 2.217541 -1.446737
v 2.321667 1.157134 -1.535505
v 2.295779 -1.207682 -1.686809
v 0.338497 -2.571871 -1.839151
v -1.086156 -2.355709 -1.928296
v -2.433310 -0.898944 -2.053213
v -2.593233 0.065127 -2.113183
v -2.138571 1.468200 -2.205750
v -1.024031 2.383371 -2.294734
v 1.351716 2.214037 -2.447156
v 2.324645 1.151139 -2.535926
v 2.292770 -1.213386 -2.687213
v 0.331942 -2.572725 -2.839553
v -1.092348 -2.352844 -2.928725
v -2.547249 -0.490534 -3.079715
v -1.878224 1.789238 -3.230697
v -0.648979 2.511558 -3.319638
v 1.687248 1.970354 -3.472544
v 2.474021 0.779948 -3.561116
v -0.098326 -2.592186 -3.865139
v -1.069164 -2.363469 -3.927121
v -2.548488 -0.484051 -4.080122
v -1.873686 1.793990 -4.231082
v -0.642617 2.513194 -4.320048
v 1.692099 1.966189 -4.472927
v 2.475897 0.773973 -4.561509
v -1.075276 -2.360695 -4.927543
v -0.467512 -2.757677 -0.768287
v -1.823347 2.121027 -3.128720
v 2.023769 1.930728 -3.370754
v -0.383375 -2.770627 -3.763459
v -1.820635 2.123356 -4.128918
v 2.026126 1.928255 -4.370940
v -0.746436 -2.590127 -3.845009
vn -0.706563 0.039226 -0.706562
vn -0.694081 0.115819 -0.710520
vn -0.712615 0.059049 -0.699066
vn -0.663316 0.215377 -0.716676
vn -0.693430 0.175601 -0.698798
vn -0.616232 0.328854 -0.715621
vn -0.656241 0.287854 -0.697486
vn -0.552777 0.426437 -0.715953
vn -0.600316 0.392206 -0.696990
vn -0.474101 0.511626 -0.716566
vn -0.527867 0.485936 -0.696579
vn -0.356004 0.612517 -0.705751
vn -0.409683 0.575762 -0.707572
vn -0.441063 0.566678 -0.695945
vn -0.269253 0.642839 -0.717120
vn -0.341861 0.631703 -0.695760
vn -0.153863 0.677677 -0.719083
vn -0.233445 0.680003 -0.695053
vn -0.035635 0.696195 -0.716967
vn -0.118261 0.708697 -0.695531
vn 0.053355 0.701360 -0.710808
vn 0.000000 0.719219 -0.694783
vn 0.117922 0.707735 -0.696567
vn 0.118117 0.707838 -0.696430
vn 0.202557 0.668255 -0.715826
vn 0.233366 0.679773 -0.695305
vn 0.313116 0.621638 -0.718000
vn 0.340768 0.629684 -0.698122
vn 0.416185 0.562903 -0.714094
vn 0.440901 0.566470 -0.696217
vn 0.500565 0.487083 -0.715671
vn 0.529378 0.487327 -0.694458
vn 0.570978 0.398689 -0.717657
vn 0.604160 0.394717 -0.692235
vn 0.627378 0.294775 -0.720767
vn 0.658357 0.288782 -0.695105
vn 0.672566 0.180873 -0.717594
vn 0.692532 0.175373 -0.699745
vn 0.699076 0.061032 -0.712438
vn 0.705896 0.058492 -0.705896
vn 0.706711 -0.033434 -0.706711
vn 0.699311 -0.051604 -0.712953
vn 0.685797 -0.151815 -0.711783
vn 0.703232 -0.098434 -0.704114
vn 0.706584 -0.038461 -0.706584
vn 0.687209 -0.162759 -0.707992
vn 0.736581 -0.061035 -0.673590
vn 0.645396 -0.264798 -0.716482
vn 0.671927 -0.224452 -0.705787
vn 0.668020 -0.126601 -0.733295
vn 0.718284 -0.181895 -0.671552
vn 0.679608 -0.298104 -0.670274
vn 0.621656 -0.406148 -0.669767
vn 0.546150 -0.502767 -0.670034
vn 0.455371 -0.585061 -0.671075
vn -0.705363 -0.059299 -0.706361
vn -0.705896 -0.058492 -0.705896
vn 0.638644 -0.229060 -0.734619
vn 0.594276 -0.325778 -0.735326
vn 0.535916 -0.414669 -0.735421
vn 0.464833 -0.493808 -0.734904
vn 0.667605 -0.318774 -0.672820
vn 0.595295 -0.385562 -0.704958
vn 0.644137 -0.291845 -0.707046
vn 0.596856 -0.411980 -0.688502
vn 0.569144 -0.418849 -0.707559
vn 0.511442 -0.490101 -0.705853
vn 0.508489 -0.477085 -0.716818
vn 0.551186 -0.380457 -0.742594
vn 0.334170 -0.617492 -0.712063
vn 0.418551 -0.573662 -0.704079
vn 0.485142 -0.547611 -0.681733
vn 0.451715 -0.509880 -0.732104
vn 0.450646 -0.520574 -0.725204
vn 0.416168 -0.559396 -0.716855
vn 0.232431 -0.677048 -0.698271
vn 0.323278 -0.615954 -0.718395
vn 0.190212 -0.683932 -0.704312
vn 0.310736 -0.635295 -0.706997
vn 0.337187 -0.642457 -0.688153
vn 0.117615 -0.704829 -0.699559
vn 0.065742 -0.690712 -0.720136
vn 0.164819 -0.668697 -0.725037
vn 0.174964 -0.709854 -0.682271
vn -0.000000 -0.698425 -0.715684
vn -0.117615 -0.704829 -0.699559
vn 0.000000 -0.739697 -0.672940
vn -0.095453 -0.696129 -0.711543
vn -0.027041 -0.717327 -0.696211
vn 0.000000 -0.698425 -0.715684
vn -0.176007 -0.714088 -0.677570
vn -0.232431 -0.677048 -0.698271
vn -0.164819 -0.668697 -0.725037
vn -0.303374 -0.637709 -0.708020
vn -0.190004 -0.684840 -0.703486
vn -0.334170 -0.617492 -0.712063
vn -0.437872 -0.562578 -0.701266
vn -0.397431 -0.559023 -0.727696
vn -0.323278 -0.615954 -0.718395
vn -0.346058 -0.659359 -0.667450
vn -0.500009 -0.564393 -0.656850
vn -0.457004 -0.515850 -0.724601
vn -0.527274 -0.485390 -0.697408
vn -0.595534 -0.419563 -0.685059
vn -0.492133 -0.489165 -0.720085
vn -0.590549 -0.385825 -0.708795
vn -0.650943 -0.285530 -0.703382
vn -0.620166 -0.283455 -0.731469
vn -0.570590 -0.393850 -0.720631
vn -0.613267 -0.423308 -0.666869
vn -0.650574 -0.282578 -0.704913
vn -0.695152 -0.176037 -0.696976
vn -0.647903 -0.164394 -0.743772
vn -0.677402 -0.201506 -0.707476
vn -0.692830 -0.143709 -0.706636
vn 0.706696 0.034059 0.706697
vn 0.698098 0.101566 0.708762
vn 0.711947 0.058994 0.699751
vn 0.676175 0.193297 0.710931
vn 0.690033 0.174740 0.702368
vn 0.627641 0.309870 0.714176
vn 0.652543 0.286232 0.701612
vn 0.563354 0.416314 0.713663
vn 0.598169 0.390803 0.699619
vn 0.484713 0.504880 0.714247
vn 0.526081 0.484292 0.699071
vn 0.392632 0.578795 0.714729
vn 0.439467 0.564627 0.698616
vn 0.257535 0.658153 0.707467
vn 0.318337 0.632772 0.705877
vn 0.340793 0.629730 0.698069
vn 0.161598 0.677919 0.717156
vn 0.232743 0.677956 0.697285
vn 0.035452 0.696450 0.716729
vn 0.117965 0.706925 0.697382
vn -0.086646 0.694679 0.714082
vn -0.000000 0.715583 0.698528
vn -0.176275 0.681577 0.710197
vn -0.117828 0.706105 0.698235
vn -0.240095 0.670370 0.702110
vn -0.232824 0.678193 0.697027
vn -0.325494 0.622216 0.711969
vn -0.337929 0.624438 0.704188
vn -0.430279 0.560347 0.707723
vn -0.436299 0.560556 0.703861
vn -0.515936 0.481953 0.708189
vn -0.522774 0.481247 0.703640
vn -0.573182 0.411878 0.708391
vn -0.603907 0.394552 0.692550
vn -0.607661 0.358411 0.708724
vn -0.650931 0.285525 0.703395
vn -0.648576 0.278996 0.708174
vn -0.685911 0.170034 0.707541
vn -0.688614 0.174381 0.703848
vn -0.707629 0.057329 0.704254
vn -0.705896 0.058492 0.705896
vn -0.705833 -0.060024 0.705831
vn -0.714212 -0.061524 0.697221
vn -0.677855 -0.176750 0.713633
vn -0.706564 -0.039162 0.706564
vn -0.690188 -0.186568 0.699166
vn -0.635237 -0.297830 0.712581
vn -0.688968 -0.114971 0.715615
vn -0.722596 -0.059876 0.688672
vn -0.636756 -0.300425 0.710132
vn -0.651495 -0.209298 0.729211
vn -0.704045 -0.178289 0.687411
vn -0.561416 -0.414051 0.716501
vn -0.585536 -0.405152 0.702139
vn -0.608654 -0.316597 0.727535
vn -0.668914 -0.293413 0.682981
vn -0.470861 -0.515366 0.716023
vn -0.511542 -0.502295 0.697155
vn -0.613267 -0.400667 0.680713
vn -0.549046 -0.408637 0.729084
vn -0.540221 -0.497308 0.678856
vn -0.520286 -0.495093 0.695835
vn -0.462193 -0.526341 0.713682
vn -0.366711 -0.593994 0.716027
vn -0.416131 -0.582446 0.698278
vn -0.455371 -0.585061 0.671074
vn -0.382552 -0.561457 0.733771
vn -0.352084 -0.650594 0.672878
vn -0.290819 -0.616102 0.732013
vn -0.191579 -0.656477 0.729613
vn -0.239441 -0.697468 0.675431
vn -0.086936 -0.681590 0.726551
vn -0.120879 -0.724390 0.678710
vn 0.020877 -0.690742 0.722799
vn 0.000000 -0.730709 0.682689
vn 0.119552 -0.716435 0.687334
vn 0.705896 -0.058492 0.705896
vn -0.309481 -0.646614 0.697217
vn -0.205188 -0.683479 0.700538
vn -0.304754 -0.632545 0.712048
vn -0.205585 -0.683786 0.700122
vn -0.245153 -0.650080 0.719233
vn -0.122664 -0.690563 0.712795
vn -0.097885 -0.718208 0.688909
vn 0.000105 -0.719684 0.694302
vn -0.121838 -0.690273 0.713217
vn 0.021689 -0.704239 0.709632
vn 0.000000 -0.680667 0.732593
vn 0.000000 -0.719583 0.694406
vn 0.168902 -0.706740 0.687015
vn 0.097692 -0.697219 0.710171
vn 0.124773 -0.699541 0.703615
vn 0.232413 -0.676995 0.698328
vn 0.297420 -0.646967 0.702122
vn 0.231685 -0.665396 0.709626
vn 0.174906 -0.709622 0.682528
vn 0.164851 -0.668828 0.724909
vn 0.334192 -0.617532 0.712018
vn 0.437851 -0.562551 0.701301
vn 0.374857 -0.586236 0.718199
vn 0.342219 -0.652045 0.676553
vn 0.323320 -0.616035 0.718307
vn 0.483122 -0.545332 0.684987
vn 0.457091 -0.515949 0.724475
vn 0.527228 -0.485348 0.697472
vn 0.541675 -0.450344 0.709774
vn 0.483180 -0.528544 0.697982
vn 0.590567 -0.385837 0.708774
vn 0.650926 -0.285522 0.703401
vn 0.570677 -0.393910 0.720529
vn 0.608019 -0.419685 0.673927
vn 0.618112 -0.306906 0.723703
vn 0.607256 -0.416232 0.676750
vn 0.695088 -0.176021 0.697043
vn 0.744676 -0.073464 0.663370
vn 0.660312 -0.189195 0.726769
vn 0.645362 -0.244754 0.723604
vn 0.699487 -0.265281 0.663584
vn 0.687415 -0.090391 0.720618
vn 0.998427 0.056071 0.000000
vn 0.998427 0.056071 0.000000
vn 0.985871 0.167506 0.000000
vn 0.985871 0.167506 0.000000
vn 0.960917 0.276835 0.000000
vn 0.960917 0.276835 0.000000
vn 0.923880 0.382683 0.000000
vn 0.923880 0.382683 0.000000
vn 0.875223 0.483719 0.000000
vn 0.875223 0.483719 0.000000
vn 0.815561 0.578671 0.000000
vn 0.815561 0.578671 0.000000
vn 0.666346 0.745642 0.000000
vn 0.745642 0.666346 0.000000
vn 0.745642 0.666346 0.000000
vn 0.666346 0.745642 0.000000
vn 0.483719 0.875223 0.000000
vn 0.578671 0.815561 0.000000
vn 0.578671 0.815561 0.000000
vn 0.483719 0.875223 0.000000
vn 0.382683 0.923880 0.000000
vn 0.382683 0.923880 0.000000
vn 0.276835 0.960917 0.000000
vn 0.276835 0.960917 0.000000
vn 0.167506 0.985871 0.000000
vn 0.167506 0.985871 0.000000
vn -0.056071 0.998427 0.000000
vn 0.056071 0.998427 0.000000
vn 0.056071 0.998427 0.000000
vn -0.167506 0.985871 0.000000
vn -0.056071 0.998427 0.000000
vn -0.167506 0.985871 0.000000
vn -0.276835 0.960917 0.000000
vn -0.276835 0.960917 0.000000
vn -0.483719 0.875223 0.000000
vn -0.382683 0.923880 0.000000
vn -0.382683 0.923880 0.000000
vn -0.483719 0.875223 0.000000
vn -0.578671 0.815561 0.000000
vn -0.578671 0.815561 0.000000
vn -0.666346 0.745642 0.000000
vn -0.666346 0.745642 0.000000
vn -0.815561 0.578671 0.000000
vn -0.745642 0.666346 0.000000
vn -0.745642 0.666346 0.000000
vn -0.815561 0.578671 0.000000
vn -0.875223 0.483719 0.000000
vn -0.875223 0.483719 0.000000
vn -0.960917 0.276835 0.000000
vn -0.923880 0.382683 0.000000
vn -0.923880 0.382683 0.000000
vn -0.960917 0.276835 0.000000
vn -0.985871 0.167506 0.000000
vn -0.985871 0.167506 0.000000
vn -0.998427 0.056071 0.000000
vn -0.998427 0.056071 0.000000
vn 0.997119 0.075857 0.000000
vn 0.996532 0.081423 0.017140
vn 0.969545 0.242652 0.033200
vn 0.973915 0.226318 -0.016395
vn 0.917864 0.395607 0.031957
vn 0.926541 0.374828 -0.032018
vn 0.837392 0.543509 0.058084
vn 0.855124 0.517423 -0.032204
vn 0.761298 0.646294 -0.052252
vn 0.728746 0.680920 0.072642
vn 0.606340 0.793504 0.051999
vn 0.642588 0.762770 -0.072540
vn 0.473155 0.880439 0.030852
vn 0.499624 0.864293 -0.058078
vn 0.317207 0.946493 0.059415
vn 0.347357 0.937228 -0.030761
vn 0.194531 0.979475 -0.052785
vn 0.145935 0.986488 0.074465
vn 0.028639 0.996752 -0.075266
vn -0.028639 0.996752 0.075266
vn -0.194531 0.979475 0.052785
vn -0.145935 0.986488 -0.074465
vn -0.347357 0.937228 0.030761
vn -0.317207 0.946493 -0.059415
vn -0.499624 0.864293 0.058078
vn -0.473155 0.880439 -0.030852
vn -0.606340 0.793504 -0.051999
vn -0.642588 0.762770 0.072540
vn -0.728746 0.680920 -0.072642
vn -0.761298 0.646294 0.052252
vn -0.837392 0.543509 -0.058084
vn -0.855124 0.517423 0.032204
vn -0.917864 0.395607 -0.031957
vn -0.926541 0.374828 0.032018
vn -0.969545 0.242652 -0.033200
vn -0.973915 0.226318 0.016395
vn -0.996532 0.081423 -0.017140
vn -0.997119 0.075857 0.000000
vn 0.997119 0.075857 0.000000
vn 0.996532 0.081423 0.017140
vn 0.969545 0.242652 0.033200
vn 0.973915 0.226318 -0.016395
vn 0.917864 0.395607 0.031957
vn 0.926541 0.374828 -0.032018
vn 0.837392 0.543509 0.058084
vn 0.855124 0.517423 -0.032204
vn 0.761298 0.646294 -0.052252
vn 0.728746 0.680920 0.072642
vn 0.606340 0.793504 0.051999
vn 0.642588 0.762770 -0.072540
vn 0.473155 0.880439 0.030852
vn 0.499624 0.864293 -0.058078
vn 0.317207 0.946493 0.059415
vn 0.347357 0.937228 -0.030761
vn 0.194531 0.979475 -0.052785
vn 0.145935 0.986488 0.074465
vn 0.028639 0.996752 -0.075266
vn -0.028639 0.996752 0.075266
vn -0.194531 0.979475 0.052785
vn -0.145935 0.986488 -0.074465
vn -0.347357 0.937228 0.030761
vn -0.317207 0.946493 -0.059415
vn -0.499624 0.864293 0.058078
vn -0.473155 0.880439 -0.030852
vn -0.606340 0.793504 -0.051999
vn -0.642588 0.762770 0.072540
vn -0.728746 0.680920 -0.072642
vn -0.761298 0.646294 0.052252
vn -0.837392 0.543509 -0.058084
vn -0.855124 0.517423 0.032204
vn -0.917864 0.395607 -0.031957
vn -0.926541 0.374828 0.032018
vn -0.969545 0.242652 -0.033200
vn -0.973915 0.226318 0.016395
vn -0.996532 0.081423 -0.017140
vn -0.997119 0.075857 0.000000
vn 0.997119 0.075857 0.000000
vn 0.996532 0.081423 0.017140
vn 0.969545 0.242652 0.033200
vn 0.973915 0.226318 -0.016395
vn 0.917864 0.395607 0.031956
vn 0.926541 0.374828 -0.032018
vn 0.837392 0.543509 0.058084
vn 0.855124 0.517423 -0.032204
vn 0.761298 0.646294 -0.052251
vn 0.728746 0.680920 0.072641
vn 0.606340 0.793504 0.051999
vn 0.642588 0.762770 -0.072540
vn 0.473155 0.880439 0.030852
vn 0.499624 0.864293 -0.058078
vn 0.317207 0.946493 0.059415
vn 0.347357 0.937228 -0.030761
vn 0.194531 0.979475 -0.052785
vn 0.145935 0.986488 0.074465
vn 0.028639 0.996752 -0.075266
vn -0.028639 0.996752 0.075266
vn -0.194531 0.979475 0.052785
vn -0.145935 0.986488 -0.074465
vn -0.347357 0.937228 0.030761
vn -0.317207 0.946493 -0.059415
vn -0.499624 0.864293 0.058078
vn -0.473155 0.880439 -0.030852
vn -0.606340 0.793504 -0.051999
vn -0.642588 0.762770 0.072540
vn -0.728746 0.680920 -0.072641
vn -0.761298 0.646294 0.052252
vn -0.837392 0.543509 -0.058084
vn -0.855124 0.517423 0.032204
vn -0.917864 0.395607 -0.031956
vn -0.926541 0.374828 0.032018
vn -0.969545 0.242652 -0.033200
vn -0.973915 0.226318 0.016395
vn -0.996532 0.081423 -0.017140
vn -0.997119 0.075857 0.000000
vn 0.997119 0.075857 0.000000
vn 0.996532 0.081423 0.017140
vn 0.969545 0.242652 0.033200
vn 0.973915 0.226318 -0.016395
vn 0.917864 0.395607 0.031956
vn 0.926541 0.374828 -0.032018
vn 0.837392 0.543509 0.058084
vn 0.855124 0.517423 -0.032204
vn 0.761298 0.646294 -0.052251
vn 0.728746 0.680920 0.072641
vn 0.606340 0.793504 0.051999
vn 0.642588 0.762770 -0.072540
vn 0.473155 0.880439 0.030852
vn 0.499624 0.864293 -0.058078
vn 0.317207 0.946493 0.059415
vn 0.347357 0.937228 -0.030761
vn 0.194531 0.979475 -0.052785
vn 0.145935 0.986488 0.074465
vn 0.028639 0.996752 -0.075266
vn -0.028639 0.996752 0.075266
vn -0.194531 0.979475 0.052785
vn -0.145935 0.986488 -0.074465
vn -0.347357 0.937228 0.030761
vn -0.317207 0.946493 -0.059415
vn -0.499624 0.864293 0.058078
vn -0.473155 0.880439 -0.030852
vn -0.606340 0.793504 -0.051999
vn -0.642588 0.762770 0.072540
vn -0.728746 0.680920 -0.072641
vn -0.761298 0.646294 0.052252
vn -0.837392 0.543509 -0.058084
vn -0.855124 0.517423 0.032204
vn -0.917864 0.395607 -0.031956
vn -0.926541 0.374828 0.032018
vn -0.969545 0.242652 -0.033200
vn -0.973915 0.226318 0.016395
vn -0.996532 0.081423 -0.017140
vn -0.997119 0.075857 0.000000
vn 0.997119 0.075857 0.000000
vn 0.996532 0.081423 0.017140
vn 0.969545 0.242652 0.033200
vn 0.973915 0.226318 -0.016395
vn 0.917864 0.395607 0.031956
vn 0.926541 0.374828 -0.032018
vn 0.837392 0.543509 0.058084
vn 0.855124 0.517423 -0.032204
vn 0.761298 0.646294 -0.052252
vn 0.728746 0.680920 0.072642
vn 0.606340 0.793504 0.051999
vn 0.642588 0.762770 -0.072540
vn 0.473155 0.880439 0.030852
vn 0.499624 0.864293 -0.058078
vn 0.317207 0.946493 0.059415
vn 0.347357 0.937228 -0.030761
vn 0.194531 0.979475 -0.052785
vn 0.145935 0.986488 0.074465
vn 0.028639 0.996752 -0.075266
vn -0.028639 0.996752 0.075266
vn -0.194531 0.979475 0.052785
vn -0.145935 0.986488 -0.074465
vn -0.347357 0.937228 0.030761
vn -0.317207 0.946493 -0.059415
vn -0.499624 0.864293 0.058078
vn -0.473155 0.880439 -0.030852
vn -0.606340 0.793504 -0.051999
vn -0.642588 0.762770 0.072540
vn -0.728746 0.680920 -0.072642
vn -0.761298 0.646294 0.052252
vn -0.837392 0.543509 -0.058084
vn -0.855124 0.517423 0.032204
vn -0.917864 0.395607 -0.031956
vn -0.926541 0.374828 0.032018
vn -0.969545 0.242652 -0.033200
vn -0.973915 0.226318 0.016395
vn -0.996532 0.081423 -0.017140
vn -0.997119 0.075857 0.000000
vn 0.997119 0.075857 0.000000
vn 0.996532 0.081423 0.017140
vn 0.969545 0.242652 0.033200
vn 0.973915 0.226318 -0.016395
vn 0.917864 0.395607 0.031956
vn 0.926541 0.374828 -0.032018
vn 0.837391 0.543509 0.058084
vn 0.855124 0.517423 -0.032204
vn 0.761298 0.646294 -0.052252
vn 0.728746 0.680920 0.072641
vn 0.606340 0.793504 0.051999
vn 0.642588 0.762771 -0.072540
vn 0.473155 0.880439 0.030852
vn 0.499624 0.864293 -0.058078
vn 0.317207 0.946493 0.059415
vn 0.347357 0.937228 -0.030761
vn 0.194531 0.979475 -0.052785
vn 0.145935 0.986488 0.074465
vn 0.028639 0.996752 -0.075266
vn -0.028639 0.996752 0.075266
vn -0.194531 0.979475 0.052785
vn -0.145935 0.986488 -0.074465
vn -0.347357 0.937228 0.030761
vn -0.317207 0.946493 -0.059415
vn -0.499624 0.864293 0.058078
vn -0.473155 0.880439 -0.030852
vn -0.606340 0.793504 -0.051999
vn -0.642588 0.762771 0.072540
vn -0.728746 0.680920 -0.072641
vn -0.761298 0.646294 0.052252
vn -0.837392 0.543509 -0.058084
vn -0.855124 0.517423 0.032204
vn -0.917864 0.395607 -0.031956
vn -0.926541 0.374828 0.032018
vn -0.969545 0.242652 -0.033200
vn -0.973915 0.226318 0.016395
vn -0.996532 0.081423 -0.017140
vn -0.997119 0.075857 0.000000
vn -0.997119 -0.075857 -0.000000
vn -0.996532 -0.081423 0.017140
vn -0.969545 -0.242652 0.033200
vn -0.973915 -0.226318 -0.016395
vn -0.917864 -0.395607 0.031957
vn -0.926541 -0.374828 -0.032018
vn -0.837392 -0.543509 0.058084
vn -0.855124 -0.517423 -0.032204
vn -0.761298 -0.646294 -0.052252
vn -0.728746 -0.680920 0.072642
vn -0.606340 -0.793504 0.051999
vn -0.642588 -0.762770 -0.072540
vn -0.473155 -0.880439 0.030852
vn -0.499624 -0.864293 -0.058078
vn -0.317207 -0.946493 0.059415
vn -0.347357 -0.937228 -0.030761
vn -0.194531 -0.979475 -0.052785
vn -0.145935 -0.986488 0.074465
vn -0.028639 -0.996752 -0.075266
vn 0.028639 -0.996752 0.075266
vn 0.194531 -0.979475 0.052785
vn 0.145935 -0.986488 -0.074465
vn 0.347357 -0.937228 0.030761
vn 0.317207 -0.946493 -0.059415
vn 0.499624 -0.864293 0.058078
vn 0.473155 -0.880439 -0.030852
vn 0.606340 -0.793504 -0.051999
vn 0.642588 -0.762770 0.072540
vn 0.728746 -0.680920 -0.072642
vn 0.761298 -0.646294 0.052252
vn 0.837392 -0.543509 -0.058084
vn 0.855124 -0.517423 0.032204
vn 0.917864 -0.395607 -0.031957
vn 0.926541 -0.374828 0.032018
vn 0.969545 -0.242652 -0.033200
vn 0.973915 -0.226318 0.016395
vn 0.996532 -0.081423 -0.017140
vn 0.997119 -0.075857 0.000000
vn -0.997119 -0.075857 -0.000000
vn -0.996532 -0.081423 0.017140
vn -0.969545 -0.242652 0.033200
vn -0.973915 -0.226318 -0.016395
vn -0.917864 -0.395607 0.031957
vn -0.926541 -0.374828 -0.032018
vn -0.837392 -0.543509 0.058084
vn -0.855124 -0.517423 -0.032204
vn -0.761298 -0.646294 -0.052252
vn -0.728746 -0.680920 0.072642
vn -0.606340 -0.793504 0.051999
vn -0.642588 -0.762770 -0.072540
vn -0.473155 -0.880439 0.030852
vn -0.499624 -0.864293 -0.058078
vn -0.317207 -0.946493 0.059415
vn -0.347357 -0.937228 -0.030761
vn -0.194531 -0.979475 -0.052785
vn -0.145935 -0.986488 0.074465
vn -0.028639 -0.996752 -0.075266
vn 0.028639 -0.996752 0.075266
vn 0.194531 -0.979475 0.052785
vn 0.145935 -0.986488 -0.074465
vn 0.347357 -0.937228 0.030761
vn 0.317207 -0.946493 -0.059415
vn 0.499624 -0.864293 0.058078
vn 0.473155 -0.880439 -0.030852
vn 0.606340 -0.793504 -0.051999
vn 0.642588 -0.762770 0.072540
vn 0.728746 -0.680920 -0.072642
vn 0.761298 -0.646294 0.052252
vn 0.837392 -0.543509 -0.058084
vn 0.855124 -0.517423 0.032204
vn 0.917864 -0.395607 -0.031956
vn 0.926541 -0.374828 0.032018
vn 0.969545 -0.242652 -0.033200
vn 0.973915 -0.226318 0.016395
vn 0.996532 -0.081423 -0.017140
vn 0.997119 -0.075857 0.000000
vn -0.997119 -0.075857 -0.000000
vn -0.996532 -0.081423 0.017140
vn -0.969545 -0.242652 0.033200
vn -0.973915 -0.226318 -0.016395
vn -0.917864 -0.395607 0.031956
vn -0.926541 -0.374828 -0.032018
vn -0.837392 -0.543509 0.058084
vn -0.855124 -0.517423 -0.032204
vn -0.761298 -0.646294 -0.052251
vn -0.728746 -0.680920 0.072641
vn -0.606340 -0.793504 0.051999
vn -0.642588 -0.762770 -0.072540
vn -0.473155 -0.880439 0.030852
vn -0.499624 -0.864293 -0.058078
vn -0.317207 -0.946493 0.059415
vn -0.347357 -0.937228 -0.030761
vn -0.194531 -0.979475 -0.052785
vn -0.145935 -0.986488 0.074465
vn -0.028639 -0.996752 -0.075266
vn 0.028639 -0.996752 0.075266
vn 0.194531 -0.979475 0.052785
vn 0.145935 -0.986488 -0.074465
vn 0.347357 -0.937228 0.030761
vn 0.317207 -0.946493 -0.059415
vn 0.499624 -0.864293 0.058078
vn 0.473155 -0.880439 -0.030852
vn 0.606340 -0.793504 -0.051999
vn 0.642588 -0.762770 0.072540
vn 0.728746 -0.680920 -0.072641
vn 0.761298 -0.646294 0.052252
vn 0.837392 -0.543509 -0.058084
vn 0.855124 -0.517423 0.032204
vn 0.917864 -0.395607 -0.031956
vn 0.926541 -0.374828 0.032018
vn 0.969545 -0.242652 -0.033200
vn 0.973915 -0.226318 0.016395
vn 0.996532 -0.081423 -0.017140
vn 0.997119 -0.075857 0.000000
vn -0.997119 -0.075857 -0.000000
vn -0.996532 -0.081423 0.017140
vn -0.969545 -0.242652 0.033200
vn -0.973915 -0.226318 -0.016395
vn -0.917864 -0.395607 0.031956
vn -0.926541 -0.374828 -0.032018
vn -0.837392 -0.543509 0.058084
vn -0.855124 -0.517423 -0.032204
vn -0.761298 -0.646294 -0.052251
vn -0.728746 -0.680920 0.072641
vn -0.606340 -0.793504 0.051999
vn -0.642588 -0.762770 -0.072540
vn -0.473155 -0.880439 0.030852
vn -0.499624 -0.864293 -0.058078
vn -0.317207 -0.946493 0.059415
vn -0.347357 -0.937228 -0.030761
vn -0.194531 -0.979475 -0.052785
vn -0.145935 -0.986488 0.074465
vn -0.028639 -0.996752 -0.075266
vn 0.028639 -0.996752 0.075266
vn 0.194531 -0.979475 0.052785
vn 0.145935 -0.986488 -0.074465
vn 0.347357 -0.937228 0.030761
vn 0.317207 -0.946493 -0.059415
vn 0.499624 -0.864293 0.058078
vn 0.473155 -0.880439 -0.030852
vn 0.606340 -0.793504 -0.051999
vn 0.642588 -0.762770 0.072540
vn 0.728746 -0.680920 -0.072641
vn 0.761298 -0.646294 0.052252
vn 0.837392 -0.543509 -0.058084
vn 0.855124 -0.517423 0.032204
vn 0.917864 -0.395607 -0.031956
vn 0.926541 -0.374828 0.032018
vn 0.969545 -0.242652 -0.033200
vn 0.973915 -0.226318 0.016395
vn 0.996532 -0.081423 -0.017140
vn 0.997119 -0.075857 0.000000
vn -0.997119 -0.075857 -0.000000
vn -0.996532 -0.081423 0.017140
vn -0.969545 -0.242652 0.033200
vn -0.973915 -0.226318 -0.016395
vn -0.917864 -0.395607 0.031956
vn -0.926541 -0.374828 -0.032018
vn -0.837392 -0.543509 0.058084
vn -0.855124 -0.517423 -0.032204
vn -0.761298 -0.646294 -0.052252
vn -0.728746 -0.680920 0.072642
vn -0.606340 -0.793504 0.051999
vn -0.642588 -0.762770 -0.072540
vn -0.473155 -0.880439 0.030852
vn -0.499624 -0.864293 -0.058078
vn -0.317207 -0.946493 0.059415
vn -0.347357 -0.937228 -0.030761
vn -0.194531 -0.979475 -0.052785
vn -0.145935 -0.986488 0.074465
vn -0.028639 -0.996752 -0.075266
vn 0.028639 -0.996752 0.075266
vn 0.194531 -0.979475 0.052785
vn 0.145935 -0.986488 -0.074465
vn 0.347357 -0.937228 0.030761
vn 0.317207 -0.946493 -0.059415
vn 0.499624 -0.864293 0.058078
vn 0.473155 -0.880439 -0.030852
vn 0.606340 -0.793504 -0.051999
vn 0.642588 -0.762770 0.072540
vn 0.728746 -0.680920 -0.072642
vn 0.761298 -0.646294 0.052252
vn 0.837391 -0.543509 -0.058084
vn 0.855124 -0.517423 0.032204
vn 0.917864 -0.395607 -0.031956
vn 0.926541 -0.374828 0.032018
vn 0.969545 -0.242652 -0.033200
vn 0.973915 -0.226318 0.016395
vn 0.996532 -0.081423 -0.017140
vn 0.997119 -0.075857 0.000000
vn -0.998467 -0.055342 -0.000000
vn -0.994223 -0.083830 0.067036
vn -0.985724 -0.164136 -0.037527
vn -0.966719 -0.244320 0.075915
vn -0.914781 -0.396857 0.075371
vn -0.949491 -0.300486 -0.090415
vn -0.834478 -0.543658 0.089905
vn -0.886550 -0.456341 -0.076042
vn -0.802718 -0.592105 -0.071099
vn -0.727946 -0.680789 0.081372
vn -0.604743 -0.793155 0.072046
vn -0.692609 -0.716668 -0.081732
vn -0.561394 -0.823936 -0.077238
vn -0.468951 -0.878985 0.086426
vn -0.424780 -0.899898 -0.098716
vn -0.311422 -0.941351 0.129902
vn -0.278363 -0.953857 -0.112561
vn -0.141424 -0.979735 0.141839
vn -0.125593 -0.984663 -0.121102
vn 0.029885 -0.988768 0.146441
vn 0.000000 0.000000 1.000000
vn 0.000000 0.000000 1.000000
vn 0.000000 0.000000 1.000000
vn 0.000000 0.000000 1.000000
vn 0.000000 0.000000 1.000000
vn 0.000000 0.000000 1.000000
vn 0.000000 0.000000 1.000000
vn 0.000000 0.000000 1.000000
vn 0.000000 0.000000 1.000000
vn 0.000000 0.000000 1.000000
vn 0.000000 0.000000 1.000000
vn 0.000000 0.000000 1.000000
vn 0.000000 0.000000 1.000000
vn 0.000000 0.000000 1.000000
vn 0.000000 0.000000 1.000000
vn 0.000000 0.000000 1.000000
vn 0.000000 0.000000 1.000000
vn 0.000000 0.000000 1.000000
vn 0.000000 0.000000 1.000000
vn 0.000000 0.000000 1.000000
vn 0.000000 0.000000 1.000000
vn 0.000000 0.000000 1.000000
vn 0.000000 0.000000 1.000000
vn 0.000000 0.000000 1.000000
vn 0.000000 0.000000 1.000000
vn 0.000000 0.000000 1.000000
vn 0.000000 0.000000 1.000000
vn 0.000000 0.000000 1.000000
vn 0.000000 0.000000 1.000000
vn 0.000000 0.000000 1.000000
vn 0.000000 0.000000 1.000000
vn 0.000000 0.000000 1.000000
vn 0.000000 0.000000 1.000000
vn 0.000000 0.000000 1.000000
vn 0.000000 0.000000 1.000000
vn 0.000000 0.000000 1.000000
vn 0.000000 0.000000 1.000000
vn 0.000000 0.000000 1.000000
vn 0.000000 0.000000 1.000000
vn 0.000000 0.000000 1.000000
vn 0.000000 0.000000 1.000000
vn 0.000000 0.000000 1.000000
vn 0.000000 0.000000 1.000000
vn 0.000000 0.000000 1.000000
vn 0.000000 0.000000 1.000000
vn 0.000000 0.000000 1.000000
vn 0.000000 0.000000 1.000000
vn 0.000000 0.000000 1.000000
vn 0.000000 0.000000 1.000000
vn 0.000000 0.000000 1.000000
vn 0.000000 0.000000 1.000000
vn 0.000000 0.000000 1.000000
vn 0.000000 0.000000 1.000000
vn 0.000000 0.000000 1.000000
vn 0.000000 0.000000 1.000000
vn 0.000000 0.000000 1.000000
vn 0.000000 0.000000 1.000000
vn 0.000000 0.000000 1.000000
vn 0.000000 0.000000 1.000000
vn 0.000000 0.000000 1.000000
vn 0.000000 0.000000 1.000000
vn 0.000000 0.000000 1.000000
vn 0.000000 0.000000 1.000000
vn 0.000000 0.000000 1.000000
vn 0.000000 0.000000 1.000000
vn 0.000000 0.000000 1.000000
vn 0.000000 0.000000 1.000000
vn 0.000000 0.000000 1.000000
vn 0.000000 0.000000 1.000000
vn 0.000000 0.000000 1.000000
vn 0.000000 0.000000 1.000000
vn 0.000000 0.000000 1.000000
vn 0.000000 0.000000 1.000000
vn 0.000000 0.000000 1.000000
vn 0.000000 0.000000 1.000000
vn 0.000000 0.000000 1.000000
vn 0.000000 0.000000 1.000000
vn 0.000000 0.000000 1.000000
vn 0.000000 0.000000 1.000000
vn 0.000000 0.000000 1.000000
vn 0.000000 0.000000 1.000000
vn 0.000000 0.000000 1.000000
vn 0.000000 0.000000 1.000000
vn 0.000000 0.000000 1.000000
vn 0.000000 0.000000 1.000000
vn 0.000000 0.000000 1.000000
vn 0.637864 -0.677625 0.365998
vn 0.732623 -0.654049 -0.188369
vn 0.766109 -0.592783 0.248367
vn 0.868710 -0.476220 0.136225
vn 0.811641 -0.537749 -0.228177
vn 0.936918 -0.336041 0.096238
vn 0.909710 -0.397358 -0.120559
vn 0.980076 -0.185741 0.070365
vn 0.993102 -0.059259 -0.101180
vn 0.965040 -0.244876 -0.093457
vn 0.996751 -0.080550 0.000000
vn -0.500000 0.866025 0.000000
vn -0.500000 0.866025 -0.000000
vn -0.500001 0.866025 -0.000000
vn -0.500000 0.866025 0.000000
vn -0.500000 0.866026 0.000000
vn -0.500000 0.866025 -0.000000
vn -0.500000 0.866026 0.000000
vn -0.500001 0.866025 0.000000
vn -0.500000 0.866025 -0.000000
vn -0.500000 0.866025 0.000000
vn -0.500000 0.866025 0.000000
vn -0.500000 0.866026 -0.000000
vn -0.500000 0.866025 0.000000
vn 0.500000 0.866025 0.000000
vn 0.500000 0.866025 0.000000
vn 0.500000 0.866025 0.000000
vn 0.500000 0.866025 0.000000
vn 0.500000 0.866026 -0.000000
vn 0.500000 0.866025 -0.000000
vn 0.500001 0.866025 0.000000
vn 0.500000 0.866026 0.000000
vn 0.500000 0.866025 0.000000
vn 0.500000 0.866025 0.000000
vn 0.500000 0.866026 0.000000
vn 0.500000 0.866025 -0.000000
vn 0.500000 0.866025 -0.000000
vn 1.000000 0.000000 0.000000
vn 1.000000 0.000000 0.000000
vn 1.000000 0.000000 0.000000
vn 1.000000 0.000000 0.000000
vn 1.000000 0.000000 0.000000
vn 1.000000 0.000000 0.000000
vn 1.000000 0.000000 0.000000
vn 1.000000 0.000000 0.000000
vn 1.000000 0.000000 0.000000
vn 1.000000 0.000000 0.000000
vn 1.000000 0.000000 0.000000
vn 1.000000 0.000000 0.000000
vn 1.000000 0.000000 0.000000
vn 0.500000 -0.866025 0.000000
vn 0.500000 -0.866025 -0.000000
vn 0.500001 -0.866025 -0.000000
vn 0.500000 -0.866025 0.000000
vn 0.500000 -0.866026 0.000000
vn 0.500000 -0.866025 -0.000000
vn 0.500000 -0.866026 0.000000
vn 0.500001 -0.866025 0.000000
vn 0.500000 -0.866025 -0.000000
vn 0.500000 -0.866025 0.000000
vn 0.500000 -0.866025 0.000000
vn 0.500000 -0.866026 -0.000000
vn 0.500000 -0.866025 0.000000
vn -0.500000 -0.866025 0.000000
vn -0.500000 -0.866025 0.000000
vn -0.500000 -0.866025 0.000000
vn -0.500000 -0.866025 0.000000
vn -0.500000 -0.866026 -0.000000
vn -0.500000 -0.866025 -0.000000
vn -0.500001 -0.866025 0.000000
vn -0.500000 -0.866026 0.000000
vn -0.500000 -0.866025 0.000000
vn -0.500000 -0.866025 0.000000
vn -0.500000 -0.866026 0.000000
vn -0.500000 -0.866025 -0.000000
vn -0.500000 -0.866025 0.000000
vn -1.000000 0.000000 0.000000
vn -1.000000 0.000000 0.000000
vn -1.000000 0.000000 0.000000
vn -1.000000 0.000000 0.000000
vn -1.000000 0.000000 0.000000
vn -1.000000 0.000000 -0.000000
vn -1.000000 0.000000 0.000000
vn -1.000000 -0.000000 -0.000000
vn -1.000000 -0.000000 -0.000000
vn -1.000000 -0.000000 -0.000000
vn -1.000000 -0.000000 -0.000000
vn -1.000000 -0.000000 -0.000000
vn -1.000000 -0.000000 -0.000000
vn 0.000000 0.000000 -1.000000
vn 0.000000 0.000000 -1.000000
vn 0.000000 0.000000 -1.000000
vn 0.000000 -0.000000 -1.000000
vn 0.000000 0.000000 -1.000000
vn 0.000000 0.000000 -1.000000
vn 0.000000 0.000000 -1.000000
vn 0.000000 0.000000 -1.000000
vn 0.000000 -0.000000 -1.000000
vn 0.000000 0.000000 -1.000000
vn 0.000000 0.000000 -1.000000
vn 0.000000 0.000000 -1.000000
vn 0.000000 0.000000 -1.000000
vn 0.000000 -0.000000 -1.000000
vn 0.000000 0.000000 -1.000000
vn 0.000000 0.000000 -1.000000
vn 0.000000 0.000000 -1.000000
vn 0.000000 0.000000 -1.000000
vn 0.000000 -0.000000 -1.000000
vn 0.000000 0.000000 -1.000000
vn 0.000000 -0.000000 -1.000000
vn 0.000000 0.000000 -1.000000
vn 0.000000 -0.000000 -1.000000
vn 0.000000 0.000000 -1.000000
vn 0.000000 -0.000000 -1.000000
vn 0.000000 0.000000 -1.000000
vn 0.000000 0.000000 -1.000000
vn 0.000000 0.000000 -1.000000
vn 0.000000 -0.000000 -1.000000
vn 0.000000 0.000000 -1.000000
vn 0.000000 0.000000 -1.000000
vn 0.000000 0.000000 -1.000000
vn 0.000000 0.000000 -1.000000
vn 0.000000 0.000000 -1.000000
vn 0.000000 0.000000 -1.000000
vn 0.000000 -0.000000 -1.000000
vn 0.000000 0.000000 -1.000000
vn 0.000000 0.000000 -1.000000
vn 0.000000 0.000000 -1.000000
vn 0.000000 0.000000 -1.000000
vn 0.000000 -0.000000 -1.000000
vn 0.000000 0.000000 -1.000000
vn 0.000000 0.000000 -1.000000
vn 0.000000 -0.000000 -1.000000
vn 0.000000 0.000000 -1.000000
vn 0.000000 -0.000000 -1.000000
vn 0.000000 0.000000 -1.000000
vn 0.000000 -0.000000 -1.000000
vn 0.000000 0.000000 -1.000000
vn 0.000000 0.000000 -1.000000
vn 0.000000 -0.000000 -1.000000
vn 0.000000 0.000000 -1.000000
vn 0.000000 0.000000 -1.000000
vn 0.000000 -0.000000 -1.000000
vn 0.000000 0.000000 -1.000000
vn 0.000000 0.000000 -1.000000
vn 0.000000 -0.000000 -1.000000
vn 0.000000 0.000000 -1.000000
vn 0.000000 0.000000 -1.000000
vn 0.000000 -0.000000 -1.000000
vn 0.000000 0.000000 -1.000000
vn 0.000000 0.000000 -1.000000
vn 0.000000 0.000000 -1.000000
vn 0.000000 -0.000000 -1.000000
vn 0.000000 0.000000 -1.000000
vn 0.000000 0.000000 -1.000000
vn 0.000000 -0.000000 -1.000000
vn 0.000000 0.000000 -1.000000
vn 0.000000 0.000000 -1.000000
vn 0.000000 -0.000000 -1.000000
vn 0.000000 0.000000 -1.000000
vn 0.000000 0.000000 -1.000000
vn 0.000000 0.000000 -1.000000
vn 0.000000 -0.000000 -1.000000
vn 0.000000 0.000000 -1.000000
vn 0.000000 0.000000 -1.000000
vn 0.000000 -0.000000 -1.000000
vn 0.000000 0.000000 -1.000000
vn 0.000000 -0.000000 -1.000000
vn 0.000000 0.000000 -1.000000
vn 0.000000 0.000000 -1.000000
vn 0.000000 0.000000 -1.000000
vn 0.000000 -0.000000 -1.000000
vn 0.000000 0.000000 -1.000000
vn 0.000000 0.000000 -1.000000
vn 0.000000 0.000000 -1.000000
vn 0.000000 0.000000 -1.000000
vn 0.000000 -0.000000 -1.000000
vn 0.000000 -0.000000 -1.000000
vn 0.000000 0.000000 -1.000000
vn 0.000000 0.000000 -1.000000
vn 0.000000 0.000000 -1.000000
vn 0.000000 -0.000000 -1.000000
vn 0.000000 0.000000 -1.000000
vn 0.000000 0.000000 1.000000
vn 0.000000 0.000000 1.000000
vn 0.000000 0.000000 1.000000
vn 0.000000 0.000000 1.000000
vn 0.000000 0.000000 1.000000
vn 0.000000 0.000000 1.000000
vn 0.000000 -0.000000 1.000000
vn 0.000000 -0.000000 1.000000
vn 0.000000 -0.000000 1.000000
vn 0.000000 0.000000 1.000000
vn 0.000000 0.000000 1.000000
vn 0.000000 0.000000 1.000000
vn 0.000000 0.000000 1.000000
vn 0.000000 0.000000 1.000000
vn 0.000000 -0.000000 1.000000
vn 0.000000 0.000000 1.000000
vn 0.000000 0.000000 1.000000
vn 0.000000 0.000000 1.000000
vn 0.000000 0.000000 1.000000
vn 0.000000 0.000000 1.000000
vn 0.000000 0.000000 1.000000
vn 0.000000 0.000000 1.000000
vn 0.000000 0.000000 1.000000
vn 0.000000 0.000000 1.000000
vn 0.000000 0.000000 1.000000
vn 0.000000 0.000000 1.000000
vn 0.000000 0.000000 1.000000
vn 0.000000 0.000000 1.000000
vn 0.000000 0.000000 1.000000
vn 0.000000 0.000000 1.000000
vn 0.000000 0.000000 1.000000
vn 0.000000 0.000000 1.000000
vn 0.000000 -0.000000 1.000000
vn 0.000000 0.000000 1.000000
vn 0.000000 0.000000 1.000000
vn 0.000000 0.000000 1.000000
vn 0.000000 0.000000 1.000000
vn 0.000000 0.000000 1.000000
vn 0.000000 0.000000 1.000000
vn 0.000000 0.000000 1.000000
vn 0.000000 0.000000 1.000000
vn 0.000000 0.000000 1.000000
vn 0.000000 0.000000 1.000000
vn 0.000000 0.000000 1.000000
vn 0.000000 0.000000 1.000000
vn 0.000000 0.000000 1.000000
vn 0.000000 0.000000 1.000000
vn 0.000000 0.000000 1.000000
vn 0.000000 -0.000000 1.000000
vn 0.000000 0.000000 1.000000
vn 0.000000 0.000000 1.000000
vn 0.000000 0.000000 1.000000
vn 0.000000 0.000000 1.000000
vn 0.000000 0.000000 1.000000
vn 0.000000 0.000000 1.000000
vn 0.000000 0.000000 1.000000
vn 0.000000 0.000000 1.000000
vn 0.000000 0.000000 1.000000
vn 0.000000 0.000000 1.000000
vn 0.000000 0.000000 1.000000
vn 0.000000 0.000000 1.000000
vn 0.000000 0.000000 1.000000
vn -0.998427 -0.056071 0.000000
vn -0.998427 -0.056071 -0.000000
vn -0.985871 -0.167506 -0.000000
vn -0.985871 -0.167506 0.000000
vn -0.960917 -0.276835 -0.000000
vn -0.960917 -0.276835 0.000000
vn -0.923880 -0.382683 -0.000000
vn -0.923880 -0.382683 0.000000
vn -0.875223 -0.483719 -0.000000
vn -0.875223 -0.483719 0.000000
vn -0.815561 -0.578671 -0.000000
vn -0.815561 -0.578671 0.000000
vn -0.666346 -0.745642 -0.000000
vn -0.745642 -0.666346 -0.000000
vn -0.745642 -0.666346 0.000000
vn -0.666346 -0.745642 -0.000000
vn -0.483719 -0.875223 -0.000000
vn -0.578671 -0.815561 -0.000000
vn -0.578671 -0.815561 0.000000
vn -0.483719 -0.875223 -0.000000
vn -0.382683 -0.923880 0.000000
vn -0.382683 -0.923880 -0.000000
vn -0.276835 -0.960917 0.000000
vn -0.276835 -0.960917 -0.000000
vn -0.167506 -0.985871 0.000000
vn -0.167506 -0.985871 -0.000000
vn 0.056071 -0.998427 0.000000
vn -0.056071 -0.998427 -0.000000
vn -0.056071 -0.998427 0.000000
vn 0.167506 -0.985871 0.000000
vn 0.056071 -0.998427 0.000000
vn 0.167506 -0.985871 0.000000
vn 0.276835 -0.960917 0.000000
vn 0.276835 -0.960917 0.000000
vn 0.483719 -0.875223 0.000000
vn 0.382683 -0.923880 0.000000
vn 0.382683 -0.923880 0.000000
vn 0.483719 -0.875223 0.000000
vn 0.578671 -0.815561 0.000000
vn 0.578671 -0.815561 0.000000
vn 0.666346 -0.745642 0.000000
vn 0.666346 -0.745642 0.000000
vn 0.815561 -0.578671 0.000000
vn 0.745642 -0.666346 0.000000
vn 0.745642 -0.666346 0.000000
vn 0.815561 -0.578671 0.000000
vn 0.875223 -0.483719 0.000000
vn 0.875223 -0.483719 0.000000
vn 0.960917 -0.276835 0.000000
vn 0.923880 -0.382683 0.000000
vn 0.923880 -0.382683 0.000000
vn 0.960917 -0.276835 0.000000
vn 0.985871 -0.167506 0.000000
vn 0.985871 -0.167506 0.000000
vn 0.998427 -0.056071 0.000000
vn 0.998427 -0.056071 0.000000
vn 0.367246 -0.024071 0.929812
vn 0.537480 -0.064223 0.840827
vn 0.449285 -0.089368 0.888907
vn 0.487829 -0.108150 0.866214
vn 0.461873 -0.156785 0.872979
vn 0.478596 -0.148058 0.865462
vn 0.442461 -0.218197 0.869838
vn 0.469066 -0.188965 0.862710
vn 0.443859 -0.230974 0.865818
vn 0.410040 -0.273981 0.869943
vn 0.423508 -0.266286 0.865871
vn 0.403253 -0.302233 0.863737
vn 0.370117 -0.324584 0.870436
vn 0.373336 -0.325398 0.868756
vn 0.350452 -0.372334 0.859390
vn 0.306821 -0.349863 0.885131
vn 0.333606 -0.436675 0.835477
vn 0.224438 -0.335894 0.914769
vn 0.162524 -0.329566 0.930039
vn 0.212432 -0.496761 0.841488
vn 0.146979 -0.432987 0.889337
vn 0.149927 -0.476793 0.866135
vn 0.095135 -0.478277 0.873041
vn 0.110965 -0.488331 0.865575
vn 0.032260 -0.492194 0.869888
vn 0.070952 -0.500581 0.862777
vn 0.021815 -0.499881 0.865819
vn -0.032254 -0.492096 0.869943
vn -0.018856 -0.499911 0.865871
vn -0.060115 -0.500344 0.863737
vn -0.096040 -0.482823 0.870436
vn -0.095135 -0.486017 0.868756
vn -0.147225 -0.489667 0.859390
vn -0.149579 -0.440647 0.885131
vn -0.211369 -0.507249 0.835477
vn -0.178674 -0.362316 0.914769
vn -0.204151 -0.305534 0.930038
vn -0.323990 -0.432351 0.841488
vn -0.301487 -0.343780 0.889337
vn -0.337951 -0.368237 0.866135
vn -0.366632 -0.321528 0.873041
vn -0.367425 -0.340264 0.865575
vn -0.410122 -0.274035 0.869888
vn -0.398040 -0.311737 0.862777
vn -0.422002 -0.268833 0.865819
vn -0.442170 -0.218054 0.870022
vn -0.442234 -0.233855 0.865876
vn -0.462497 -0.198782 0.864050
vn -0.461740 -0.156739 0.873057
vn -0.467251 -0.163123 0.868946
vn -0.493356 -0.123544 0.861009
vn -0.459388 -0.091378 0.883523
vn -0.536452 -0.076691 0.840439
vn -0.427809 -0.028040 0.903434
vn -0.368731 0.024168 0.929222
vn -0.539658 0.063782 0.839465
vn -0.450772 0.089664 0.888124
vn -0.487399 0.107266 0.866566
vn -0.461400 0.156624 0.873258
vn -0.479640 0.146871 0.865087
vn -0.442405 0.218170 0.869873
vn -0.469444 0.188047 0.862705
vn -0.443913 0.230878 0.865816
vn -0.410040 0.273981 0.869943
vn -0.423508 0.266286 0.865871
vn -0.403253 0.302233 0.863737
vn -0.370117 0.324584 0.870436
vn -0.373336 0.325398 0.868756
vn -0.350452 0.372334 0.859390
vn -0.306821 0.349863 0.885131
vn -0.333606 0.436675 0.835477
vn -0.224438 0.335894 0.914769
vn -0.162524 0.329566 0.930039
vn -0.212432 0.496761 0.841488
vn -0.146979 0.432987 0.889337
vn -0.149927 0.476793 0.866135
vn -0.095135 0.478277 0.873041
vn -0.110965 0.488331 0.865575
vn -0.032260 0.492194 0.869888
vn -0.070952 0.500581 0.862777
vn -0.021815 0.499881 0.865819
vn 0.032254 0.492096 0.869943
vn 0.018856 0.499911 0.865871
vn 0.060115 0.500344 0.863737
vn 0.096040 0.482823 0.870436
vn 0.095135 0.486017 0.868756
vn 0.147225 0.489667 0.859390
vn 0.149579 0.440647 0.885131
vn 0.211369 0.507249 0.835477
vn 0.178674 0.362316 0.914769
vn 0.204151 0.305534 0.930038
vn 0.323990 0.432351 0.841488
vn 0.301487 0.343780 0.889337
vn 0.337951 0.368237 0.866135
vn 0.366632 0.321528 0.873041
vn 0.367425 0.340264 0.865575
vn 0.410122 0.274035 0.869888
vn 0.398040 0.311737 0.862777
vn 0.422002 0.268833 0.865819
vn 0.442084 0.218012 0.870076
vn 0.442063 0.234158 0.865881
vn 0.461930 0.199328 0.864227
vn 0.461361 0.156611 0.873281
vn 0.467329 0.163742 0.868788
vn 0.493646 0.124141 0.860757
vn 0.460905 0.091680 0.882701
vn 0.538453 0.077052 0.839126
vn 0.433694 0.028426 0.900612
vn -0.587850 -0.649163 0.482721
vn -0.385272 -0.306268 -0.870497
vn -0.439105 -0.270084 -0.856879
vn -0.424124 -0.257007 -0.868370
vn -0.472881 -0.193339 -0.859653
vn -0.460500 -0.184817 -0.868206
vn -0.498481 -0.111455 -0.859706
vn -0.483929 -0.104106 -0.868893
vn -0.505570 -0.038843 -0.861911
vn -0.497979 -0.035032 -0.866481
vn -0.503582 0.016531 -0.863790
vn -0.499919 0.018047 -0.865884
vn -0.498186 0.085112 -0.862883
vn -0.492468 0.086222 -0.866049
vn -0.477647 0.166486 -0.862633
vn -0.471926 0.166864 -0.865703
vn -0.443567 0.241391 -0.863122
vn -0.435726 0.241027 -0.867208
vn -0.407247 0.297203 -0.863609
vn -0.419406 0.324392 -0.847861
vn -0.374080 0.328297 -0.867344
vn -0.342638 0.377982 -0.860075
vn -0.331763 0.374375 -0.865896
vn -0.264192 0.423334 -0.866598
vn -0.270281 0.426200 -0.863308
vn -0.181570 0.455637 -0.871451
vn -0.198449 0.466124 -0.862175
vn -0.124473 0.497436 -0.858524
vn -0.074959 0.491346 -0.867733
vn -0.121871 0.504504 -0.854765
vn -0.011651 0.493313 -0.869774
vn -0.032324 0.514212 -0.857054
vn 0.073725 0.485129 -0.871329
vn 0.056702 0.509476 -0.858615
vn 0.162589 0.460245 -0.872777
vn 0.143005 0.492235 -0.858635
vn 0.220931 0.464324 -0.857667
vn 0.230743 0.446799 -0.864366
vn 0.270708 0.422358 -0.865061
vn 0.296091 0.423044 -0.856367
vn 0.316596 0.374765 -0.871389
vn 0.363213 0.365034 -0.857220
vn 0.374316 0.317656 -0.871196
vn 0.417526 0.297963 -0.858423
vn 0.423599 0.248846 -0.870999
vn 0.459994 0.225360 -0.858847
vn 0.460890 0.167781 -0.871453
vn 0.487963 0.147840 -0.860253
vn 0.488023 0.083736 -0.868805
vn 0.502420 0.069684 -0.861811
vn 0.499241 0.019522 -0.866243
vn 0.509603 -0.005869 -0.860389
vn 0.499816 -0.027105 -0.865707
vn 0.498186 -0.085112 -0.862883
vn 0.485340 -0.098117 -0.868803
vn 0.480661 -0.167135 -0.860832
vn 0.455712 -0.188519 -0.869935
vn 0.448082 -0.243160 -0.860288
vn 0.414820 -0.268663 -0.869336
vn 0.402921 -0.314507 -0.859500
vn 0.382023 -0.325809 -0.864816
vn 0.350260 -0.360467 -0.864512
vn 0.343007 -0.378303 -0.859787
vn 0.292833 -0.398634 -0.869103
vn 0.217859 -0.445279 -0.868484
vn 0.273071 -0.429609 -0.860737
vn 0.199192 -0.467403 -0.861311
vn 0.156053 -0.474966 -0.866057
vn 0.112651 -0.498128 -0.859754
vn 0.061563 -0.496739 -0.865714
vn 0.117604 -0.493126 -0.861972
vn 0.013876 -0.502712 -0.864342
vn -0.053797 -0.499321 -0.864745
vn 0.031275 -0.508516 -0.860484
vn -0.056747 -0.500810 -0.863695
vn -0.309186 -0.388968 -0.867818
vn -0.292208 -0.415747 -0.861260
vn -0.374695 -0.325249 -0.868227
vn -0.359026 -0.359700 -0.861229
vn -0.429431 -0.248964 -0.868105
vn -0.413604 -0.294402 -0.861545
vn -0.455969 -0.222738 -0.861673
vn -0.469004 -0.165255 -0.867598
vn -0.484645 -0.146366 -0.862378
vn -0.453074 0.203367 -0.867967
vn -0.479734 0.166936 -0.861387
vn -0.406431 0.285135 -0.868051
vn -0.445922 0.242314 -0.861648
vn -0.345389 0.358915 -0.867114
vn -0.399675 0.312557 -0.861724
vn -0.339225 0.375002 -0.862728
vn 0.178871 0.463200 -0.868016
vn 0.142200 0.487298 -0.861580
vn 0.263713 0.420559 -0.868093
vn 0.218816 0.457969 -0.861617
vn 0.341208 0.362889 -0.867115
vn 0.291883 0.415136 -0.861665
vn 0.357392 0.357621 -0.862774
vn 0.492572 -0.058438 -0.868307
vn 0.506719 -0.006177 -0.862089
vn 0.475209 -0.153009 -0.866467
vn 0.499040 -0.085155 -0.862385
vn 0.476848 -0.166314 -0.863108
vn 0.198960 -0.467005 -0.861581
vn 0.155047 -0.471868 -0.867929
vn 0.118263 -0.494884 -0.860874
vn 0.063707 -0.491729 -0.868415
vn 0.031017 -0.507110 -0.861323
vn -0.031491 -0.495777 -0.867879
vn -0.056730 -0.504100 -0.861780
vn -0.125753 -0.482336 -0.866913
vn -0.141800 -0.484856 -0.863022
vn -0.355171 0.346304 -0.868289
vn -0.285565 0.407098 -0.867597
vn -0.340807 0.376383 -0.861502
vn 0.256937 0.423977 -0.868462
vn 0.218837 0.458032 -0.861578
vn 0.292233 0.415793 -0.861229
vn 0.492520 -0.060498 -0.868196
vn 0.498753 -0.085141 -0.862552
vn 0.198981 -0.467041 -0.861556
vn 0.153084 -0.472546 -0.867909
vn 0.118252 -0.494854 -0.860892
vn 0.061744 -0.492102 -0.868345
vn 0.030989 -0.506956 -0.861414
vn -0.033481 -0.495900 -0.867734
vn -0.056732 -0.503822 -0.861942
vn -0.127846 -0.482179 -0.866694
vn -0.141742 -0.484499 -0.863232
vn -0.463432 -0.178507 -0.867966
vn -0.456126 -0.222840 -0.861563
vn -0.353937 0.347781 -0.868203
vn -0.340676 0.376269 -0.861604
vn -0.284007 0.408478 -0.867459
vn 0.292454 0.416209 -0.860953
vn 0.321587 0.377209 -0.868502
vn 0.359042 0.359721 -0.861214
vn 0.388245 0.308577 -0.868358
vn 0.412650 0.293536 -0.862297
vn 0.443005 0.229647 -0.866608
vn 0.453684 0.221250 -0.863261
vn 0.477641 -0.137012 -0.867806
vn -0.056724 -0.505382 -0.861029
vn -0.110178 -0.484177 -0.868006
vn -0.497185 -0.008449 -0.867604
vn -0.503900 0.006477 -0.863738
vn -0.292706 0.399517 -0.868740
vn 0.323096 0.375970 -0.868479
vn 0.292471 0.416239 -0.860933
vn 0.389623 0.307114 -0.868260
vn 0.358988 0.359653 -0.861265
vn 0.412453 0.293358 -0.862452
vn 0.477260 -0.139047 -0.867692
vn -0.018502 -0.495437 -0.868447
vn -0.112144 -0.483878 -0.867920
vn -0.056724 -0.505297 -0.861079
vn -0.291113 0.400785 -0.868692
vn 0.292476 0.416249 -0.860927
vn 0.312434 0.390752 -0.865851
vn 0.359501 0.357032 -0.862141
vn 0.404888 0.293428 -0.866006
vn 0.357465 0.357713 -0.862705
vn 0.455822 0.214801 -0.863763
vn 0.410074 0.291200 -0.864316
vn 0.448851 0.218105 -0.866581
vn 0.496043 0.046524 -0.867051
vn 0.509083 -0.014952 -0.860587
vn 0.503872 0.070072 -0.860931
vn 0.498673 -0.072821 -0.863726
vn 0.499988 -0.006892 -0.866005
vn 0.483385 -0.119954 -0.867150
vn 0.506112 -0.085510 -0.858219
vn 0.483504 -0.164409 -0.859763
vn 0.452576 -0.205886 -0.867632
vn 0.486262 -0.168338 -0.857445
vn 0.401878 -0.259099 -0.878272
vn 0.455441 -0.246039 -0.855592
vn 0.423140 -0.326627 -0.845143
vn 0.337852 -0.316899 -0.886245
vn 0.370483 -0.382232 -0.846547
vn 0.310675 -0.365903 -0.877267
vn 0.337724 -0.437349 -0.833468
vn -0.220889 -0.464199 -0.857745
vn -0.226927 -0.433575 -0.872076
vn -0.240980 -0.436334 -0.866915
vn -0.490446 0.023074 -0.871166
vn -0.511425 0.005674 -0.859309
vn -0.185979 0.454879 -0.870917
vn -0.201698 0.471712 -0.858374
vn -0.095999 0.480793 -0.871563
vn -0.157195 0.488705 -0.858171
vn -0.120566 0.501028 -0.856992
vn -0.147606 0.468781 -0.870894
vn -0.001645 0.491521 -0.870864
vn -0.032154 0.513287 -0.857615
vn -0.069187 0.510025 -0.857373
vn -0.062331 0.485264 -0.872143
vn 0.443867 0.210531 -0.871010
vn 0.460758 0.225859 -0.858306
vn 0.477937 0.184253 -0.858852
vn 0.475756 0.126974 -0.870364
vn 0.460274 0.174484 -0.870461
vn 0.490719 0.149065 -0.858472
vn 0.379133 -0.309950 -0.871888
vn 0.406153 -0.316448 -0.857264
vn 0.313427 -0.377401 -0.871397
vn 0.345976 -0.380893 -0.857450
vn 0.372243 -0.353800 -0.858056
vn 0.353654 -0.340314 -0.871272
vn -0.289260 -0.394991 -0.871958
vn -0.295482 -0.421899 -0.857142
vn -0.334294 -0.390141 -0.857926
vn -0.360315 -0.333196 -0.871294
vn -0.321630 -0.370572 -0.871338
vn -0.362952 -0.364702 -0.857472
vn -0.418538 -0.260222 -0.870121
vn -0.396036 -0.326153 -0.858359
vn -0.380172 -0.309213 -0.871697
vn -0.417327 -0.297782 -0.858583
vn -0.489994 0.006892 -0.871699
vn -0.511333 0.005684 -0.859364
vn -0.509040 0.048853 -0.859355
vn -0.490204 0.049489 -0.870202
vn -0.481536 0.098856 -0.870834
vn -0.506150 0.085512 -0.858196
vn -0.456082 0.186644 -0.870146
vn -0.495626 0.133632 -0.858194
vn -0.472795 0.130656 -0.871432
vn -0.484994 0.168066 -0.858216
vn -0.112221 0.476373 -0.872052
vn -0.120604 0.501127 -0.856929
vn -0.065096 0.484665 -0.872274
vn -0.017727 0.489521 -0.871812
vn -0.072481 0.510730 -0.856681
vn -0.032212 0.513601 -0.857424
vn 0.018771 0.513002 -0.858182
vn 0.020886 0.490447 -0.871221
vn 0.077616 0.483804 -0.871728
vn 0.056687 0.512124 -0.857039
vn 0.444786 0.208633 -0.870998
vn 0.460715 0.225831 -0.858337
vn 0.476417 0.125048 -0.870282
vn 0.478266 0.183211 -0.858892
vn 0.460694 0.173540 -0.870428
vn 0.490669 0.149043 -0.858505
vn 0.450998 -0.244301 -0.858439
vn 0.431179 -0.236353 -0.870759
vn 0.406077 -0.316402 -0.857316
vn 0.406080 -0.274667 -0.871583
vn 0.428319 -0.285449 -0.857357
vn 0.377904 -0.311511 -0.871866
vn 0.345915 -0.380841 -0.857498
vn 0.353051 -0.341081 -0.871217
vn 0.311961 -0.378789 -0.871321
vn 0.371449 -0.354488 -0.858117
vn -0.295445 -0.421829 -0.857188
vn -0.290855 -0.393860 -0.871939
vn -0.322407 -0.370011 -0.871290
vn -0.362905 -0.364642 -0.857517
vn -0.335014 -0.389404 -0.857980
vn -0.361711 -0.331891 -0.871214
vn -0.511277 0.005690 -0.859397
vn -0.489914 0.008748 -0.871727
vn -0.506100 0.085509 -0.858225
vn -0.490172 0.050453 -0.870165
vn -0.508920 0.049857 -0.859369
vn -0.481242 0.100864 -0.870765
vn -0.484868 0.168039 -0.858292
vn -0.495200 0.134641 -0.858282
vn -0.455498 0.188598 -0.870030
vn -0.472614 0.131651 -0.871381
vn -0.120595 0.501104 -0.856943
vn -0.110234 0.476823 -0.872060
vn -0.071429 0.510868 -0.856687
vn -0.032194 0.513503 -0.857484
vn -0.015770 0.489635 -0.871785
vn -0.064120 0.484864 -0.872236
vn 0.021867 0.490507 -0.871163
vn 0.056687 0.512038 -0.857090
vn 0.019818 0.512866 -0.858240
vn 0.074623 0.486186 -0.870663
vn 0.143041 0.492455 -0.858503
vn 0.106492 0.479105 -0.871273
vn 0.108288 0.501346 -0.858444
vn 0.163224 0.464936 -0.870168
vn 0.507169 0.070952 -0.858921
vn 0.488045 0.051216 -0.871314
vn 0.406345 -0.316563 -0.857130
vn 0.388612 -0.298131 -0.871836
vn 0.377249 -0.351187 -0.856943
vn 0.346075 -0.380979 -0.857372
vn 0.355586 -0.335807 -0.872234
vn 0.324379 -0.366948 -0.871853
vn 0.293317 -0.393664 -0.871202
vn 0.308915 -0.409562 -0.858388
vn 0.275769 -0.432902 -0.858223
vn 0.249642 -0.423596 -0.870773
vn 0.201492 -0.471359 -0.858616
vn 0.220889 -0.438330 -0.871249
vn 0.233635 -0.456640 -0.858425
vn 0.168105 -0.463546 -0.869980
vn -0.277347 -0.403595 -0.871889
vn -0.295560 -0.422044 -0.857044
vn -0.317252 -0.372121 -0.872283
vn -0.349929 -0.342803 -0.871800
vn -0.363021 -0.364790 -0.857405
vn -0.331616 -0.394791 -0.856838
vn -0.409216 -0.272287 -0.870863
vn -0.392590 -0.329638 -0.858610
vn -0.378001 -0.313758 -0.871017
vn -0.417815 -0.298225 -0.858192
vn -0.453724 -0.192489 -0.870105
vn -0.443667 -0.257615 -0.858367
vn -0.460433 -0.225647 -0.858536
vn -0.425851 -0.243794 -0.871330
vn -0.460353 0.171826 -0.870948
vn -0.485324 0.168137 -0.858016
vn -0.446818 0.206176 -0.870543
vn -0.418960 0.256424 -0.871045
vn -0.450819 0.244231 -0.858553
vn -0.466371 0.211996 -0.858811
vn -0.117683 0.475159 -0.871995
vn -0.120603 0.501123 -0.856931
vn -0.023098 0.489227 -0.871850
vn -0.075343 0.510282 -0.856700
vn -0.067784 0.484178 -0.872340
vn -0.032249 0.513802 -0.857303
vn 0.071963 0.484340 -0.871915
vn 0.015915 0.513308 -0.858057
vn 0.056686 0.512288 -0.856941
vn 0.018200 0.490340 -0.871341
vn 0.165217 0.464457 -0.870048
vn 0.143021 0.492335 -0.858575
vn 0.106918 0.502490 -0.857947
vn 0.105008 0.478001 -0.872060
vn 0.471391 0.139827 -0.870769
vn 0.490773 0.149089 -0.858437
vn 0.488411 0.049322 -0.871218
vn 0.500260 0.108062 -0.859106
vn 0.482085 0.101426 -0.870234
vn 0.507151 0.070947 -0.858932
vn 0.387383 -0.299642 -0.871865
vn 0.406358 -0.316571 -0.857121
vn 0.322914 -0.368212 -0.871864
vn 0.354947 -0.336518 -0.872220
vn 0.346036 -0.380945 -0.857403
vn 0.376577 -0.351942 -0.856928
vn 0.292522 -0.394287 -0.871188
vn 0.247979 -0.424745 -0.870688
vn 0.275738 -0.432864 -0.858253
vn 0.308024 -0.410152 -0.858427
vn 0.232598 -0.456989 -0.858521
vn 0.166339 -0.464402 -0.869863
vn 0.220040 -0.438870 -0.871192
vn 0.201430 -0.471254 -0.858688
vn -0.278854 -0.402491 -0.871918
vn -0.295569 -0.422061 -0.857032
vn -0.332372 -0.394190 -0.856822
vn -0.351186 -0.341522 -0.871798
vn -0.317960 -0.371542 -0.872272
vn -0.362991 -0.364751 -0.857435
vn -0.378614 -0.313051 -0.871005
vn -0.410391 -0.270711 -0.870801
vn -0.393187 -0.328852 -0.858638
vn -0.417784 -0.298197 -0.858216
vn -0.444073 -0.256635 -0.858451
vn -0.426400 -0.242981 -0.871288
vn -0.454676 -0.190754 -0.869990
vn -0.460335 -0.225583 -0.858606
vn -0.483488 0.085707 -0.871145
vn -0.506201 0.085515 -0.858165
vn -0.459693 0.173751 -0.870915
vn -0.496818 0.131609 -0.857817
vn -0.473451 0.128662 -0.871373
vn -0.485248 0.168121 -0.858061
vn -0.418133 0.258195 -0.870919
vn -0.465845 0.212920 -0.858868
vn -0.450745 0.244202 -0.858600
vn -0.446473 0.207111 -0.870498
vn -0.115717 0.475593 -0.872021
vn -0.120607 0.501135 -0.856923
vn -0.032238 0.513741 -0.857339
vn -0.066815 0.484343 -0.872323
vn -0.074318 0.510455 -0.856687
vn -0.021166 0.489330 -0.871842
vn 0.056686 0.512241 -0.856969
vn 0.016939 0.513209 -0.858096
vn 0.019165 0.490368 -0.871304
vn 0.073991 0.484143 -0.871855
vn 0.142999 0.492198 -0.858657
vn 0.167253 0.463972 -0.869917
vn 0.106032 0.477840 -0.872024
vn 0.107972 0.502073 -0.858059
vn 0.473193 0.117649 -0.873068
vn 0.494480 0.150739 -0.856018
vn 0.479514 0.156853 -0.863402
vn 0.485458 0.110681 -0.867225
vn -0.139534 -0.462370 -0.875639
vn -0.130514 -0.484877 -0.864789
vn -0.188296 -0.475362 -0.859404
vn -0.132309 -0.485405 -0.864220
vn -0.144328 -0.500362 -0.853702
vn -0.190818 -0.464610 -0.864711
vn -0.183540 -0.457658 -0.869978
vn -0.493114 -0.078625 -0.866404
vn -0.491118 -0.072940 -0.868034
vn -0.505765 -0.018403 -0.862475
vn -0.494294 -0.024105 -0.868960
vn -0.512217 -0.072301 -0.855808
vn -0.491877 0.117052 -0.862760
vn -0.483389 0.100601 -0.869606
vn -0.500147 0.037184 -0.865142
vn -0.492740 0.042325 -0.869147
vn -0.513200 0.085861 -0.853963
vn -0.271337 0.417356 -0.867289
vn -0.276623 0.416818 -0.865876
vn -0.221679 0.455179 -0.862363
vn -0.279324 0.437239 -0.854868
vn -0.221731 0.441111 -0.869630
vn 0.016079 0.493839 -0.869405
vn 0.090340 0.497438 -0.862783
vn 0.056623 0.522361 -0.850842
vn 0.075004 0.488522 -0.869322
vn 0.010452 0.501360 -0.865176
vn 0.442511 0.245599 -0.862476
vn 0.402251 0.293730 -0.867131
vn 0.428537 0.244940 -0.869690
vn 0.422200 0.302210 -0.854644
vn 0.401513 0.298443 -0.865863
vn 0.501873 0.039095 -0.864057
vn 0.489941 0.114374 -0.864220
vn 0.513107 0.072539 -0.855254
vn 0.483592 0.105972 -0.868855
vn 0.490702 0.050128 -0.869884
vn 0.438475 -0.236732 -0.867005
vn 0.453612 -0.245324 -0.856769
vn 0.413030 -0.292828 -0.862356
vn 0.406555 -0.281354 -0.869225
vn 0.443950 -0.232949 -0.865242
vn 0.309136 -0.395259 -0.864989
vn 0.250300 -0.426190 -0.869317
vn 0.299655 -0.393057 -0.869318
vn 0.244149 -0.442404 -0.862942
vn 0.279953 -0.438006 -0.854270
vn -0.270706 -0.427742 -0.862412
vn -0.209002 -0.455332 -0.865443
vn -0.212300 -0.451018 -0.866898
vn -0.259546 -0.420654 -0.869302
vn -0.221546 -0.466176 -0.856503
vn -0.467894 -0.230515 -0.853193
vn -0.430241 -0.255908 -0.865681
vn -0.428045 -0.249294 -0.868694
vn -0.494303 -0.022125 -0.869008
vn -0.511488 -0.072106 -0.856260
vn -0.451472 0.203528 -0.868763
vn -0.458251 0.247136 -0.853774
vn -0.204092 0.475826 -0.855533
vn -0.146767 0.471759 -0.869427
vn 0.093512 0.492512 -0.865267
vn 0.173357 0.475718 -0.862345
vn 0.097808 0.484545 -0.869281
vn 0.144163 0.499350 -0.854322
vn 0.155163 0.468707 -0.869619
vn 0.428907 0.244220 -0.869710
vn 0.421970 0.302000 -0.854832
vn 0.483844 0.105278 -0.868799
vn 0.513352 0.072605 -0.855101
vn 0.448663 -0.206144 -0.869601
vn 0.475528 -0.153619 -0.866184
vn 0.456995 -0.216759 -0.862654
vn 0.474091 -0.154994 -0.866727
vn 0.492054 -0.169580 -0.853888
vn 0.280132 -0.438224 -0.854099
vn 0.249359 -0.426066 -0.869648
vn 0.242677 -0.444028 -0.862524
vn 0.299119 -0.393571 -0.869270
vn 0.308028 -0.395622 -0.865218
vn -0.260265 -0.420275 -0.869270
vn -0.221435 -0.465843 -0.856713
vn -0.271578 -0.427497 -0.862260
vn -0.209602 -0.455544 -0.865186
vn -0.214060 -0.449779 -0.867109
vn -0.422895 -0.302842 -0.854076
vn -0.377485 -0.319463 -0.869165
vn -0.379135 -0.328634 -0.865018
vn -0.429124 -0.266624 -0.862997
vn -0.412466 -0.271975 -0.869426
vn -0.511205 -0.072031 -0.856435
vn -0.494324 -0.021380 -0.869015
vn -0.458467 0.247221 -0.853633
vn -0.451316 0.204224 -0.868681
vn -0.203926 0.475540 -0.855731
vn -0.145992 0.472001 -0.869426
vn 0.223052 0.470713 -0.853626
vn 0.230238 0.436465 -0.869763
vn 0.179784 0.461445 -0.868761
vn 0.176976 0.469223 -0.865164
vn 0.249694 0.440324 -0.862419
vn 0.475983 0.157907 -0.865162
vn 0.499524 0.106212 -0.859764
vn 0.464636 0.138747 -0.874564
vn 0.479693 0.154161 -0.863788
vn 0.491974 0.097056 -0.865183
vn 0.496346 0.151569 -0.854791
vn 0.484362 0.099341 -0.869209
vn 0.516822 -0.005096 -0.856078
vn 0.494006 0.032703 -0.868843
vn 0.455966 -0.246244 -0.855254
vn 0.409936 -0.276247 -0.869276
vn 0.124389 -0.511199 -0.850414
vn 0.150894 -0.470917 -0.869177
vn -0.254507 -0.423693 -0.869316
vn -0.222303 -0.468455 -0.855062
vn -0.497991 -0.152302 -0.853703
vn -0.462247 -0.177855 -0.868732
vn -0.489847 0.083833 -0.867768
vn -0.495832 0.075366 -0.865142
vn -0.511151 0.085761 -0.855201
vn -0.486280 0.142958 -0.862030
vn -0.475252 0.133046 -0.869732
vn -0.411882 0.272824 -0.869437
vn -0.414827 0.321651 -0.851152
vn -0.148877 0.471158 -0.869394
vn -0.204528 0.476575 -0.855011
vn 0.180491 0.461328 -0.868677
vn 0.251731 0.439945 -0.862021
vn 0.223125 0.470932 -0.853486
vn 0.230654 0.435631 -0.870071
vn 0.177887 0.468488 -0.865376
vn 0.443898 0.227717 -0.866660
vn 0.475536 0.171940 -0.862729
vn 0.462579 0.173534 -0.869429
vn 0.465798 0.229147 -0.854707
vn 0.443922 0.228850 -0.866350
vn 0.494127 0.032001 -0.868801
vn 0.517067 -0.005070 -0.855930
vn 0.455687 -0.246135 -0.855434
vn 0.409485 -0.276864 -0.869292
vn 0.150346 -0.471288 -0.869071
vn 0.124466 -0.511403 -0.850280
vn -0.255112 -0.423290 -0.869335
vn -0.222214 -0.468187 -0.855232
vn -0.462622 -0.177278 -0.868650
vn -0.498195 -0.152393 -0.853568
vn -0.491937 0.051809 -0.869088
vn -0.515393 0.005250 -0.856938
vn -0.411658 0.273460 -0.869343
vn -0.415030 0.321772 -0.851007
vn -0.148121 0.471364 -0.869412
vn -0.204374 0.476311 -0.855195
vn 0.223198 0.471150 -0.853346
vn 0.231086 0.434771 -0.870387
vn 0.253819 0.439569 -0.861600
vn 0.181206 0.461220 -0.868586
vn 0.178822 0.467727 -0.865594
vn -0.520219 -0.049766 -0.852582
vn -0.476124 -0.030881 -0.878836
vn -0.499898 -0.075824 -0.862759
vn -0.477829 -0.085931 -0.874240
vn -0.426232 0.210970 -0.879669
vn -0.436796 0.250533 -0.863969
vn -0.405547 0.266766 -0.874281
vn -0.467609 0.234288 -0.852321
vn -0.409975 0.306197 -0.859164
vn -0.394697 0.309562 -0.865093
vn -0.149378 0.455663 -0.877529
vn -0.200232 0.445117 -0.872799
vn -0.204369 0.464723 -0.861549
vn -0.258042 0.446343 -0.856850
vn -0.262504 0.416685 -0.870324
vn -0.176936 0.490849 -0.853089
vn 0.412151 0.243313 -0.878026
vn 0.391572 0.286790 -0.874313
vn 0.441152 0.278111 -0.853252
vn 0.509421 0.005119 -0.860502
vn 0.484635 0.033012 -0.874093
vn 0.469236 0.086117 -0.878864
vn 0.500617 0.059713 -0.863607
vn 0.500141 -0.006876 -0.865917
vn 0.513919 0.091676 -0.852926
vn -0.476252 -0.142643 -0.867662
vn -0.520199 -0.048586 -0.852662
vn -0.478207 -0.084080 -0.874213
vn -0.500247 -0.075501 -0.862585
vn -0.495136 -0.133189 -0.858546
vn -0.476437 -0.029938 -0.878699
vn -0.409000 0.306737 -0.859437
vn -0.395180 0.309853 -0.864768
vn -0.467111 0.235395 -0.852289
vn -0.404512 0.268429 -0.874252
vn -0.425567 0.211880 -0.879772
vn -0.436236 0.250817 -0.864170
vn -0.204148 0.465106 -0.861394
vn -0.257536 0.447040 -0.856639
vn -0.262001 0.416068 -0.870771
vn -0.148498 0.456304 -0.877346
vn -0.198369 0.446051 -0.872748
vn -0.175682 0.491145 -0.853178
vn 0.493612 -0.084880 -0.865530
vn 0.504823 -0.074613 -0.859992
vn 0.522597 0.013850 -0.852467
vn 0.503291 -0.015104 -0.863985
vn 0.475453 0.014984 -0.879614
vn 0.483707 -0.043496 -0.874149
vn 0.401738 -0.261185 -0.877718
vn 0.466543 -0.164090 -0.869144
vn 0.479709 -0.187356 -0.857192
vn 0.448527 -0.236135 -0.862011
vn 0.445466 -0.271375 -0.853180
vn 0.436108 -0.219579 -0.872694
vn 0.140637 -0.504604 -0.851819
vn 0.129658 -0.457080 -0.879924
vn 0.075445 -0.479620 -0.874227
vn -0.195630 -0.447155 -0.872801
vn -0.239614 -0.414538 -0.877920
vn -0.212215 -0.460208 -0.862075
vn -0.162002 -0.488146 -0.857595
vn -0.140132 -0.474696 -0.868923
vn -0.247631 -0.459403 -0.853011
vn -0.474992 -0.100088 -0.874280
vn -0.485142 -0.134346 -0.864054
vn -0.449698 -0.154424 -0.879730
vn -0.502601 -0.078470 -0.860950
vn -0.497048 -0.068253 -0.865034
vn -0.495527 -0.167474 -0.852294
vn -0.425843 0.306760 -0.851209
vn -0.356733 0.329951 -0.873999
vn -0.389986 0.320491 -0.863248
vn -0.385436 0.275141 -0.880759
vn -0.354533 0.370307 -0.858591
vn -0.334472 0.370849 -0.866372
vn -0.205345 0.442560 -0.872911
vn -0.180332 0.489979 -0.852878
vn -0.259453 0.444343 -0.857463
vn -0.263835 0.418315 -0.869140
vn -0.151799 0.453928 -0.878013
vn -0.204982 0.463620 -0.861997
vn 0.475282 0.013926 -0.879723
vn 0.502947 -0.015583 -0.864177
vn 0.483519 -0.045449 -0.874153
vn 0.522662 0.012698 -0.852446
vn 0.494156 -0.084908 -0.865217
vn 0.504210 -0.075600 -0.860265
vn 0.479762 -0.188210 -0.856975
vn 0.448600 -0.236577 -0.861852
vn 0.435262 -0.221379 -0.872662
vn 0.401443 -0.262180 -0.877557
vn 0.444744 -0.272352 -0.853245
vn 0.465830 -0.163935 -0.869556
vn 0.104013 -0.493867 -0.863294
vn 0.073586 -0.479942 -0.874209
vn 0.128573 -0.457159 -0.880042
vn 0.139527 -0.504973 -0.851783
vn 0.045490 -0.510829 -0.858478
vn 0.029490 -0.498787 -0.866223
vn -0.197396 -0.446435 -0.872772
vn -0.162830 -0.488240 -0.857384
vn -0.212638 -0.460303 -0.861920
vn -0.248604 -0.458764 -0.853072
vn -0.240581 -0.414307 -0.877765
vn -0.140022 -0.474024 -0.869307
vn -0.475434 -0.098241 -0.874249
vn -0.495946 -0.166374 -0.852266
vn -0.484954 -0.133762 -0.864250
vn -0.449872 -0.153346 -0.879829
vn -0.486253 -0.004702 -0.873805
vn -0.519077 0.031384 -0.854151
vn -0.477970 0.042102 -0.877366
vn -0.506197 0.000578 -0.862417
vn -0.491145 -0.066684 -0.868521
vn -0.516471 -0.066156 -0.853745
vn -0.498734 -0.061322 -0.864583
vn -0.425166 0.307716 -0.851202
vn -0.355492 0.331364 -0.873970
vn -0.384635 0.275876 -0.880879
vn -0.389418 0.320649 -0.863446
vn -0.334917 0.371238 -0.866033
vn -0.353533 0.370648 -0.858856
vn -0.179118 0.490303 -0.852948
vn -0.203506 0.443480 -0.872875
vn -0.150927 0.454549 -0.877842
vn -0.204760 0.464025 -0.861832
vn -0.263365 0.417740 -0.869559
vn -0.258941 0.445077 -0.857237
vn -0.493369 -0.130396 -0.859991
vn -0.481284 -0.130509 -0.866795
vn -0.460840 -0.179277 -0.869187
vn -0.489017 -0.148308 -0.859574
vn -0.452292 -0.199095 -0.869364
vn -0.463877 -0.200819 -0.862838
vn 0.335923 0.368206 -0.866937
vn 0.407358 0.328895 -0.851991
vn 0.379304 0.293929 -0.877345
vn 0.383753 0.328334 -0.863093
vn 0.367341 0.370298 -0.853194
vn 0.336798 0.364950 -0.867974
vn -0.001214 -0.491411 -0.870927
vn 0.033708 -0.521699 -0.852463
vn 0.078041 -0.470697 -0.878837
vn 0.087680 -0.518118 -0.850803
vn 0.057968 -0.498789 -0.864783
vn -0.015506 -0.504642 -0.863189
vn -0.799271 -0.589472 -0.117001
vn -0.888464 -0.447942 0.099895
vn -0.901608 -0.422717 -0.091726
vn -0.959035 -0.269812 0.086335
vn -0.967644 -0.252312 0.001786
vn -0.996402 -0.084734 -0.001730
vn -0.996172 -0.073375 0.047510
vn -0.999656 0.025493 -0.006220
vn -0.989037 0.143712 -0.033959
vn -0.992590 0.116593 0.034206
vn -0.945907 0.322013 -0.039586
vn -0.955280 0.293781 0.033654
vn -0.866991 0.496490 -0.042716
vn -0.882646 0.468052 0.043167
vn -0.752589 0.657142 -0.042119
vn -0.773204 0.632742 0.042346
vn -0.615520 0.787191 -0.038268
vn -0.639871 0.767515 0.038534
vn -0.463320 0.885392 -0.037625
vn -0.490722 0.870491 0.037912
vn -0.287565 0.956853 -0.041688
vn -0.317614 0.947284 0.042124
vn -0.093824 0.994750 -0.040852
vn -0.124599 0.991346 0.041322
vn 0.095390 0.994670 -0.039142
vn 0.064401 0.997236 0.037057
vn 0.273605 0.961072 -0.038482
vn 0.242727 0.969320 0.038772
vn 0.450486 0.891764 -0.042662
vn 0.421377 0.905861 0.043102
vn 0.617257 0.785650 -0.041805
vn 0.591942 0.804871 0.042282
vn 0.753940 0.655758 -0.039438
vn 0.732806 0.679400 0.037555
vn 0.859776 0.509167 -0.039179
vn 0.842714 0.536913 0.039469
vn 0.939855 0.334949 -0.066944
vn 0.925485 0.376787 0.038848
vn 0.987521 0.143184 -0.065582
vn 0.978008 0.197727 0.066363
vn 0.998288 -0.042830 -0.039825
vn 0.997824 0.001175 0.065921
vn 0.974333 -0.221536 -0.039961
vn 0.981156 -0.188980 0.040251
vn 0.918708 -0.392978 -0.039298
vn 0.931187 -0.362383 0.039615
vn 0.846385 -0.530747 0.044056
vn 0.828247 -0.558666 -0.043574
vn 0.725420 -0.686932 0.043477
vn 0.702101 -0.710681 -0.044559
vn 0.582896 -0.811549 0.040260
vn 0.555626 -0.830471 -0.039973
vn 0.427238 -0.903271 0.039621
vn 0.397185 -0.916897 -0.039309
vn 0.249694 -0.967322 0.044064
vn 0.217340 -0.975122 -0.043590
vn 0.054515 -0.997572 0.043330
vn 0.021487 -0.998804 -0.043910
vn -0.134625 -0.990093 0.039910
vn -0.167020 -0.985157 -0.039630
vn -0.310925 -0.949623 0.039274
vn -0.341745 -0.938984 -0.038970
vn -0.512619 -0.857528 -0.043207
vn -0.484083 -0.873932 0.043670
vn -0.671068 -0.740150 -0.042950
vn -0.646641 -0.761589 0.042860
vn -0.798525 -0.600701 -0.038940
vn -0.778865 -0.625965 0.039213
vn -0.893792 -0.446844 -0.038288
vn -0.879075 -0.475119 0.038582
vn -0.961935 -0.269962 -0.042437
vn -0.952715 -0.300823 0.042884
vn -0.996257 -0.075708 -0.041717
vn -0.993344 -0.107228 0.042069
vn -0.992819 0.113273 -0.038469
vn -0.995886 0.082217 0.038085
vn -0.956065 0.290706 -0.037821
vn -0.964706 0.260558 0.038107
vn -0.883699 0.466175 -0.041911
vn -0.898035 0.437882 0.042347
vn -0.774768 0.630910 -0.041069
vn -0.794044 0.606440 0.041541
vn -0.642114 0.765602 -0.039288
vn -0.665810 0.745197 0.037136
vn -0.493296 0.868998 -0.038734
vn -0.521022 0.852651 0.039025
vn -0.319771 0.946521 -0.042948
vn -0.350457 0.935573 0.043393
vn -0.127089 0.990998 -0.042085
vn -0.158784 0.986395 0.042566
vn 0.059385 0.998166 -0.011781
vn 0.039070 0.998326 0.042651
vn 0.238047 0.971183 -0.011725
vn 0.229473 0.973243 0.011818
vn 0.417648 0.908518 -0.012837
vn 0.409517 0.912210 0.012967
vn 0.581593 0.813381 0.012715
vn 0.588712 0.808245 -0.012584
vn 0.730605 0.682682 0.012693
vn 0.736644 0.676150 -0.013266
vn 0.846568 0.532145 0.012005
vn 0.851302 0.524540 -0.011908
vn 0.928386 0.371430 0.011812
vn 0.935176 0.351447 -0.043951
vn 0.980352 0.192387 0.043551
vn 0.986171 0.160036 -0.043067
vn 0.999054 -0.004495 0.043244
vn 0.998282 -0.037633 -0.044900
vn 0.980349 -0.193130 0.040217
vn 0.973393 -0.225636 -0.039926
vn 0.929658 -0.366290 0.039585
vn 0.917060 -0.396811 -0.039267
vn 0.844169 -0.534267 0.044018
vn 0.825932 -0.562087 -0.043537
vn 0.722541 -0.689959 0.043471
vn 0.699116 -0.713614 -0.044630
vn 0.579481 -0.813990 0.040281
vn 0.552104 -0.832816 -0.039994
vn 0.423469 -0.905043 0.039643
vn 0.393331 -0.918555 -0.039329
vn 0.245694 -0.968344 0.044089
vn 0.213283 -0.976017 -0.043612
vn 0.050394 -0.997787 0.043374
vn 0.017304 -0.998880 -0.044028
vn -0.138709 -0.989526 0.039988
vn -0.171169 -0.984441 -0.039705
vn -0.314810 -0.948339 0.039349
vn -0.345663 -0.937546 -0.039042
vn -0.487624 -0.871956 0.043756
vn -0.516161 -0.855397 -0.043291
vn -0.674123 -0.737360 -0.043115
vn -0.649709 -0.758969 0.042951
vn -0.801004 -0.597383 -0.039066
vn -0.781364 -0.622834 0.039341
vn -0.895617 -0.443164 -0.038412
vn -0.880954 -0.471616 0.038709
vn -0.963021 -0.266042 -0.042578
vn -0.953888 -0.297063 0.043029
vn -0.996547 -0.071670 -0.041914
vn -0.993749 -0.103345 0.042210
vn -0.992363 0.117256 -0.038294
vn -0.995541 0.086197 0.038321
vn -0.954907 0.294509 -0.037652
vn -0.963627 0.264544 0.037939
vn -0.881864 0.469655 -0.041719
vn -0.896240 0.441562 0.042154
vn -0.791581 0.609663 0.041352
vn -0.772310 0.633929 -0.040880
vn -0.662726 0.747946 0.037026
vn -0.639036 0.768176 -0.039235
vn -0.517418 0.854848 0.038903
vn -0.489718 0.871025 -0.038613
vn -0.346538 0.937038 0.043252
vn -0.315915 0.947821 -0.042810
vn -0.154691 0.987051 0.042429
vn -0.123093 0.991508 -0.041950
vn 0.033529 0.998729 0.037634
vn 0.065280 0.997087 -0.039453
vn 0.212026 0.976463 0.039548
vn 0.243807 0.969029 -0.039259
vn 0.384044 0.922494 0.038925
vn 0.423938 0.903207 -0.067030
vn 0.548207 0.833699 0.066445
vn 0.593704 0.802000 -0.065664
vn 0.701709 0.709405 0.065938
vn 0.733312 0.678727 -0.039793
vn 0.824983 0.563721 0.040276
vn 0.843305 0.535945 -0.039985
vn 0.912959 0.406122 0.039640
vn 0.925905 0.375703 -0.039323
vn 0.972820 0.227327 0.044083
vn 0.979880 0.194768 -0.043602
vn 0.998558 0.031476 0.043477
vn 0.999009 -0.001790 -0.044479
vn 0.986706 -0.157458 0.040229
vn 0.980951 -0.190104 -0.039944
vn 0.942235 -0.332605 0.039590
vn 0.930764 -0.363504 -0.039278
vn 0.862692 -0.503810 0.044030
vn 0.845467 -0.532248 -0.043557
vn 0.746739 -0.663707 0.043278
vn 0.724405 -0.687983 -0.043781
vn 0.608243 -0.792751 0.039824
vn 0.582006 -0.812223 -0.039545
vn 0.455339 -0.889455 0.039189
vn 0.426166 -0.903809 -0.038885
vn 0.279630 -0.959119 0.043574
vn 0.247973 -0.967807 -0.043112
vn 0.085368 -0.995432 0.042758
vn 0.053058 -0.997675 -0.042776
vn -0.104070 -0.993802 0.039073
vn -0.135707 -0.989989 -0.038802
vn -0.281769 -0.958712 0.038445
vn -0.312073 -0.949292 -0.038152
vn -0.457406 -0.888231 0.042728
vn -0.485687 -0.873109 -0.042284
vn -0.647804 -0.760675 -0.041517
vn -0.623489 -0.780707 0.041916
vn -0.759713 -0.649156 0.037849
vn -0.779577 -0.625113 -0.038635
vn -0.879686 -0.474036 -0.037985
vn -0.864292 -0.501531 0.038273
vn -0.953309 -0.299049 -0.042097
vn -0.943267 -0.329299 0.042534
vn -0.993546 -0.105659 -0.041251
vn -0.989729 -0.136732 0.041725
vn -0.995751 0.083259 -0.039334
vn -0.997955 0.051953 0.037244
vn -0.964384 0.261637 -0.038850
vn -0.972323 0.230339 0.039140
vn -0.897223 0.439471 -0.043080
vn -0.911102 0.409876 0.043522
vn -0.793095 0.607633 -0.042214
vn -0.812212 0.581798 0.042694
vn -0.666938 0.745019 -0.011876
vn -0.681418 0.730646 0.042726
vn -0.522045 0.852836 -0.011839
vn -0.529619 0.848152 0.011934
vn -0.351054 0.936265 -0.012963
vn -0.359483 0.933060 0.013092
vn -0.159362 0.987138 -0.012705
vn -0.168108 0.985685 0.012837
vn 0.038520 0.999169 -0.013357
vn 0.029553 0.999481 0.012803
vn 0.226835 0.973859 -0.012003
vn 0.218032 0.975867 0.012101
vn 0.408845 0.911540 -0.044055
vn 0.389805 0.920820 0.011907
vn 0.580714 0.812963 -0.043167
vn 0.553573 0.831656 0.043651
vn 0.729554 0.682449 -0.044879
vn 0.706530 0.706357 0.043302
vn 0.845505 0.532469 -0.039962
vn 0.827304 0.560311 0.040252
vn 0.927432 0.371922 -0.039299
vn 0.914616 0.402378 0.039616
vn 0.980660 0.190806 -0.043576
vn 0.973737 0.223373 0.044056
vn 0.998990 -0.005878 -0.044556
vn 0.998678 0.027404 0.043477
vn 0.980156 -0.194157 -0.039972
vn 0.986052 -0.161495 0.040259
vn 0.929265 -0.367316 -0.039307
vn 0.940875 -0.336429 0.039620
vn 0.843299 -0.535674 -0.043589
vn 0.860655 -0.507278 0.044063
vn 0.721586 -0.690932 -0.043904
vn 0.744063 -0.666703 0.043328
vn 0.605055 -0.795183 0.039907
vn 0.578664 -0.814603 -0.039627
vn 0.451792 -0.891259 0.039269
vn 0.422483 -0.905533 -0.038966
vn 0.275841 -0.960211 0.043666
vn 0.244069 -0.968795 -0.043204
vn 0.081461 -0.995755 0.042855
vn 0.049035 -0.997873 -0.042944
vn -0.107938 -0.993384 0.039205
vn -0.139697 -0.989429 -0.038933
vn -0.285468 -0.957612 0.038576
vn -0.315865 -0.948032 -0.038282
vn -0.460800 -0.886468 0.042877
vn -0.489139 -0.871173 -0.042430
vn -0.626442 -0.778332 0.042062
vn -0.650788 -0.758113 -0.041707
vn -0.782012 -0.622074 -0.038476
vn -0.762218 -0.646199 0.038075
vn -0.881516 -0.470637 -0.037829
vn -0.866300 -0.498069 0.038116
vn -0.954452 -0.295404 -0.041918
vn -0.944575 -0.325551 0.042356
vn -0.993946 -0.101898 -0.041077
vn -0.990267 -0.132837 0.041551
vn -0.995421 0.087139 -0.039290
vn -0.997743 0.055950 0.037141
vn -0.963337 0.265483 -0.038740
vn -0.971377 0.234313 0.039030
vn -0.895485 0.443015 -0.042955
vn -0.909438 0.413568 0.043398
vn -0.790718 0.610732 -0.042091
vn -0.809873 0.585058 0.042571
vn -0.663957 0.747678 -0.011785
vn -0.678435 0.733421 0.042655
vn -0.518567 0.854957 -0.011729
vn -0.526089 0.850347 0.011824
vn -0.347273 0.937676 -0.012843
vn -0.355637 0.934534 0.012974
vn -0.155417 0.987769 -0.012591
vn -0.164086 0.986364 0.012720
vn 0.042586 0.999005 -0.013272
vn 0.033694 0.999352 0.012697
vn 0.230869 0.972912 -0.011913
vn 0.222140 0.974941 0.012008
vn 0.412585 0.909858 -0.043957
vn 0.393649 0.919185 0.011816
vn 0.525864 0.850236 0.023774
vn 0.584766 0.806079 -0.091026
vn 0.624151 0.781180 0.013874
vn 0.731979 0.680886 -0.024525
vn 0.739176 0.673112 0.023198
vn 0.847555 0.530260 -0.021805
vn 0.853843 0.515205 0.074266
vn 0.928133 0.365297 -0.071606
vn 0.922687 0.333544 0.193384
vn 0.968381 0.218066 -0.121185
vn 0.850577 0.128480 0.509914
vn 0.055424 -0.523887 0.849983
vn -0.034100 -0.523488 0.851351
vn -0.011932 -0.483746 0.875127
vn -0.123078 -0.507714 0.852689
vn -0.087352 -0.477972 0.874021
vn -0.202666 -0.473377 0.857228
vn -0.162710 -0.459404 0.873197
vn -0.274770 -0.431683 0.859157
vn -0.238896 -0.428411 0.871431
vn -0.342837 -0.378155 0.859920
vn -0.311985 -0.381665 0.870056
vn -0.402407 -0.314198 0.859854
vn -0.373465 -0.326017 0.868468
vn -0.446486 -0.242536 0.861293
vn -0.421242 -0.261363 0.868473
vn -0.056723 0.505490 0.860966
vn -0.104995 0.484088 0.868697
vn 0.477930 0.130675 0.868624
vn 0.500458 0.085227 0.861555
vn 0.387560 -0.309297 0.868408
vn 0.359065 -0.359750 0.861192
vn 0.324421 -0.376189 0.867890
vn -0.341155 -0.376687 0.861232
vn -0.287399 -0.404102 0.868391
vn -0.358262 -0.344148 0.867877
vn -0.500533 0.069181 0.862949
vn -0.490755 0.085210 0.867121
vn -0.028014 0.496611 0.867521
vn 0.031008 0.507063 0.861351
vn 0.059257 0.493695 0.867614
vn 0.476354 0.138286 0.868311
vn 0.359100 -0.359795 0.861159
vn 0.386164 -0.310801 0.868493
vn 0.322838 -0.377482 0.867919
vn -0.288974 -0.402765 0.868490
vn -0.341210 -0.376735 0.861189
vn -0.359577 -0.342668 0.867919
vn -0.500800 0.069253 0.862788
vn -0.490172 0.087059 0.867267
vn 0.031034 0.507206 0.861266
vn -0.026034 0.496523 0.867633
vn 0.061256 0.493290 0.867705
vn 0.506730 0.006176 0.862082
vn 0.492610 0.057442 0.868352
vn 0.292005 -0.415366 0.861513
vn 0.266352 -0.420637 0.867249
vn -0.399812 -0.312639 0.861631
vn -0.406003 -0.288334 0.867194
vn -0.483674 0.145935 0.862997
vn -0.455965 0.222735 0.861676
vn -0.469828 0.161458 0.867867
vn -0.426662 0.251610 0.868707
vn -0.413411 0.294227 0.861697
vn 0.492675 0.055437 0.868446
vn 0.506738 0.006175 0.862078
vn 0.292100 -0.415544 0.861395
vn 0.264558 -0.421489 0.867385
vn -0.399986 -0.312744 0.861512
vn -0.406889 -0.286675 0.867329
vn -0.483960 0.146062 0.862814
vn -0.468955 0.163210 0.868011
vn -0.456042 0.222785 0.861622
vn -0.425647 0.253339 0.868702
vn -0.413322 0.294147 0.861767
vn -0.056735 0.503289 0.862253
vn 0.030952 0.506756 0.861534
vn -0.036340 0.495955 0.867587
vn 0.055769 0.494453 0.867414
vn 0.500472 0.085227 0.861548
vn 0.487406 0.112145 0.865944
vn 0.498816 0.068771 0.863975
vn 0.499897 0.020314 0.865847
vn 0.505459 0.006311 0.862828
vn 0.411641 -0.292621 0.863090
vn 0.399121 -0.298646 0.866898
vn 0.358243 -0.358704 0.861970
vn 0.340745 -0.363529 0.867029
vn 0.291993 -0.415343 0.861528
vn 0.267592 -0.417397 0.868432
vn 0.219071 -0.458733 0.861146
vn 0.142454 -0.488860 0.860652
vn 0.185906 -0.459143 0.868692
vn 0.056712 -0.507606 0.859721
vn 0.100748 -0.484057 0.869217
vn 0.033442 -0.500347 0.865179
vn -0.031496 -0.509713 0.859768
vn -0.014132 -0.502869 0.864247
vn -0.119186 -0.497347 0.859326
vn -0.078581 -0.488335 0.869111
vn -0.200004 -0.468800 0.860363
vn -0.161363 -0.467012 0.869403
vn -0.273056 -0.429590 0.860751
vn -0.240252 -0.431549 0.869508
vn -0.343010 -0.378306 0.859784
vn -0.311948 -0.383649 0.869196
vn -0.403404 -0.314798 0.859167
vn -0.372448 -0.325465 0.869112
vn -0.446065 -0.242370 0.861559
vn -0.422636 -0.253570 0.870104
vn -0.478827 -0.166740 0.861930
vn -0.465734 -0.174832 0.867483
vn -0.498185 -0.085112 0.862883
vn -0.489999 -0.091793 0.866876
vn -0.510696 -0.005752 0.859742
vn -0.499878 -0.022058 0.865815
vn -0.507173 0.070953 0.858919
vn -0.496058 0.030785 0.867743
vn -0.491996 0.149633 0.857642
vn -0.477283 0.099936 0.873048
vn -0.462257 0.226836 0.857242
vn -0.453905 0.183399 0.871972
vn -0.419160 0.299446 0.857110
vn -0.415711 0.257671 0.872233
vn -0.365373 0.367787 0.855123
vn -0.366450 0.323741 0.872299
vn -0.327678 0.374792 0.867270
vn -0.298975 0.413963 0.859795
vn -0.297402 0.425510 0.854689
vn -0.234152 0.427282 0.873271
vn -0.221899 0.467238 0.855833
vn -0.155571 0.459690 0.874347
vn -0.143200 0.493429 0.857917
vn -0.056657 0.517103 0.854046
vn -0.072475 0.485566 0.871191
vn -0.009860 0.495184 0.868732
vn 0.034134 0.524001 0.851034
vn 0.037223 0.515687 0.855968
vn 0.124971 0.512743 0.849398
vn 0.093383 0.478230 0.873256
vn 0.204376 0.476314 0.855194
vn 0.169849 0.446382 0.878575
vn 0.280270 0.438393 0.853967
vn 0.249690 0.417368 0.873761
vn 0.362092 0.394922 0.844349
vn 0.313813 0.369360 0.874697
vn 0.358865 0.308116 0.881068
vn 0.443347 0.338681 0.829903
vn 0.385633 0.233922 0.892507
vn 0.485951 0.257910 0.835065
vn 0.422295 0.162211 0.891827
vn 0.522488 0.176051 0.834273
vn 0.498186 0.085112 0.862883
vn 0.446577 0.083885 0.890804
vn 0.499925 0.017322 0.865895
vn -0.488100 -0.168732 0.856322
vn -0.454822 -0.186300 0.870878
vn -0.458343 -0.195940 0.866908
vn -0.507430 -0.085576 0.857433
vn -0.480739 -0.102478 0.870855
vn -0.470472 -0.135272 0.871985
vn -0.495497 -0.136381 0.857836
vn -0.460496 0.225688 0.858492
vn -0.453680 0.188953 0.870903
vn -0.427962 0.243071 0.870497
vn -0.417597 0.298027 0.858366
vn -0.404403 0.274877 0.872296
vn -0.443867 0.255316 0.858950
vn -0.363068 0.364849 0.857360
vn -0.347485 0.347791 0.870802
vn -0.394407 0.331573 0.857031
vn -0.376440 0.312008 0.872321
vn -0.295548 0.422022 0.857058
vn -0.280717 0.403761 0.870732
vn -0.328998 0.395624 0.857462
vn -0.315851 0.374627 0.871718
vn 0.164740 0.463162 0.870828
vn 0.201544 0.471448 0.858555
vn 0.252861 0.418584 0.872266
vn 0.220217 0.440336 0.870407
vn 0.231499 0.456661 0.858993
vn 0.275574 0.432664 0.858406
vn 0.329868 0.364658 0.870754
vn 0.291731 0.391860 0.872547
vn 0.310970 0.411452 0.856741
vn 0.346127 0.381025 0.857331
vn 0.358238 0.334502 0.871650
vn 0.388645 0.301270 0.870742
vn 0.378229 0.348529 0.857596
vn 0.406328 0.316553 0.857142
vn 0.490215 -0.048992 0.870224
vn 0.507053 -0.070920 0.858992
vn 0.472831 -0.135001 0.870750
vn 0.490682 -0.149049 0.858496
vn 0.482686 -0.099044 0.870175
vn 0.500649 -0.105500 0.859197
vn 0.165707 -0.462623 0.870931
vn 0.143053 -0.492527 0.858460
vn 0.106241 -0.479353 0.871168
vn 0.069020 -0.484314 0.872168
vn 0.108003 -0.501326 0.858491
vn 0.056687 -0.512025 0.857098
vn 0.019620 -0.489006 0.872060
vn 0.017113 -0.514895 0.857083
vn -0.022163 -0.491215 0.870757
vn -0.032260 -0.513860 0.857267
vn -0.074324 -0.509285 0.857382
vn -0.108818 -0.479566 0.870733
vn -0.120604 -0.501129 0.856927
vn -0.067421 -0.485319 0.871734
vn -0.452963 -0.191030 0.870822
vn -0.484959 -0.168059 0.858237
vn -0.473667 -0.133672 0.870501
vn -0.493721 -0.136402 0.858856
vn -0.479562 -0.095645 0.872280
vn -0.505713 -0.085490 0.858456
vn -0.415435 0.261728 0.871156
vn -0.417621 0.298049 0.858347
vn -0.379748 0.311085 0.871216
vn -0.394765 0.327224 0.858536
vn -0.362940 0.364685 0.857484
vn -0.359105 0.336473 0.870534
vn -0.295472 0.421880 0.857154
vn -0.294292 0.394222 0.870621
vn -0.334504 0.389928 0.857941
vn -0.321855 0.370408 0.871325
vn -0.254533 0.420299 0.870954
vn -0.220517 0.463079 0.858447
vn -0.214019 0.440034 0.872104
vn -0.263295 0.440959 0.858039
vn 0.275603 0.432699 0.858379
vn 0.239152 0.428990 0.871077
vn 0.305480 0.411741 0.858575
vn 0.290345 0.396076 0.871105
vn 0.345879 0.380808 0.857527
vn 0.319019 0.371165 0.872046
vn 0.406349 0.316566 0.857127
vn 0.383958 0.307203 0.870748
vn 0.375011 0.353887 0.856814
vn 0.353268 0.338217 0.872245
vn 0.507103 -0.070934 0.858962
vn 0.489863 -0.050973 0.870308
vn 0.500498 -0.106564 0.859154
vn 0.490729 -0.149070 0.858466
vn 0.482429 -0.100027 0.870205
vn 0.472254 -0.136973 0.870755
vn 0.143069 -0.492624 0.858401
vn 0.163697 -0.463085 0.871066
vn 0.056687 -0.512113 0.857045
vn 0.106949 -0.501677 0.858419
vn 0.066979 -0.484561 0.872189
vn 0.105216 -0.479504 0.871209
vn -0.032265 -0.513892 0.857248
vn 0.018630 -0.488967 0.872104
vn 0.016059 -0.514949 0.857070
vn -0.024167 -0.491096 0.870770
vn -0.120608 -0.501137 0.856922
vn -0.068426 -0.485157 0.871746
vn -0.075391 -0.509144 0.857373
vn -0.110799 -0.479092 0.870744
vn -0.485073 -0.168083 0.858168
vn -0.453512 -0.189105 0.870957
vn -0.473816 -0.132677 0.870572
vn -0.505823 -0.085496 0.858390
vn -0.479932 -0.093650 0.872293
vn -0.494113 -0.135399 0.858790
vn -0.417682 0.298104 0.858298
vn -0.414207 0.263265 0.871277
vn -0.357723 0.337765 0.870603
vn -0.362982 0.364739 0.857444
vn -0.379083 0.311802 0.871249
vn -0.394174 0.328086 0.858479
vn -0.292658 0.395353 0.870659
vn -0.295505 0.421942 0.857113
vn -0.321064 0.370990 0.871369
vn -0.333762 0.390675 0.857890
vn -0.212219 0.440957 0.872078
vn -0.220533 0.463127 0.858416
vn -0.253631 0.420736 0.871007
vn -0.262397 0.441527 0.858022
vn 0.240832 0.427785 0.871206
vn 0.275660 0.432769 0.858325
vn 0.319007 0.374740 0.870520
vn 0.346010 0.380923 0.857423
vn 0.291375 0.394814 0.871334
vn 0.307102 0.410985 0.858359
vn 0.379289 0.313203 0.870657
vn 0.406196 0.316474 0.857233
vn 0.372755 0.353347 0.858021
vn 0.354053 0.339817 0.871304
vn 0.428773 0.240716 0.870752
vn 0.450918 0.244270 0.858490
vn 0.427021 0.285263 0.858066
vn 0.406878 0.275477 0.870955
vn 0.490498 -0.148967 0.858616
vn 0.478004 -0.120363 0.870072
vn 0.461740 -0.171314 0.870315
vn 0.460564 -0.225732 0.858444
vn 0.443323 -0.206746 0.872193
vn 0.478996 -0.180700 0.859017
vn 0.056689 -0.511733 0.857273
vn 0.084522 -0.483544 0.871229
vn -0.032174 -0.513397 0.857548
vn -0.007220 -0.492472 0.870298
vn 0.023716 -0.490179 0.871299
vn 0.021724 -0.512861 0.858196
vn -0.120463 -0.500752 0.857167
vn -0.094073 -0.483358 0.870353
vn -0.061355 -0.486775 0.871370
vn -0.067539 -0.509354 0.857903
vn -0.201554 -0.471465 0.858543
vn -0.144276 -0.470263 0.870653
vn -0.153428 -0.489651 0.858313
vn -0.182055 -0.454075 0.872165
vn -0.478500 -0.110666 0.871086
vn -0.505858 -0.085497 0.858369
vn -0.491358 -0.017991 0.870772
vn -0.508456 -0.053047 0.859453
vn -0.490143 -0.053515 0.869998
vn -0.511019 -0.005718 0.859550
vn -0.306767 0.386033 0.869984
vn -0.295122 0.421221 0.857599
vn -0.227929 0.434259 0.871474
vn -0.265517 0.440794 0.857439
vn -0.255449 0.417331 0.872113
vn -0.220547 0.463169 0.858390
vn -0.136036 0.469964 0.872140
vn -0.184264 0.478074 0.858773
vn -0.179570 0.458146 0.870550
vn -0.143113 0.492893 0.858240
vn 0.234567 0.432304 0.870685
vn 0.275401 0.432453 0.858568
vn 0.306205 0.412243 0.858076
vn 0.289359 0.394821 0.872002
vn 0.315384 0.375294 0.871600
vn 0.346054 0.380962 0.857388
vn 0.373530 0.352645 0.857973
vn 0.380496 0.311644 0.870690
vn 0.354671 0.339063 0.871346
vn 0.406253 0.316508 0.857194
vn 0.429750 0.238961 0.870754
vn 0.427626 0.284397 0.858053
vn 0.407363 0.274605 0.871004
vn 0.450960 0.244286 0.858463
vn 0.477354 -0.122246 0.870166
vn 0.490576 -0.149001 0.858565
vn 0.478708 -0.181727 0.858961
vn 0.461306 -0.172217 0.870367
vn 0.442470 -0.208587 0.872188
vn 0.460634 -0.225778 0.858394
vn 0.082534 -0.483688 0.871340
vn 0.056688 -0.511855 0.857199
vn -0.009114 -0.492307 0.870374
vn 0.022765 -0.490109 0.871364
vn -0.032194 -0.513503 0.857484
vn 0.020705 -0.513027 0.858123
vn -0.095939 -0.482867 0.870422
vn -0.062275 -0.486550 0.871431
vn -0.120497 -0.500842 0.857110
vn -0.068565 -0.509339 0.857830
vn -0.154435 -0.489417 0.858266
vn -0.145153 -0.469856 0.870727
vn -0.183873 -0.453343 0.872165
vn -0.201601 -0.471546 0.858488
vn -0.505946 -0.085502 0.858317
vn -0.478715 -0.108768 0.871207
vn -0.508612 -0.052070 0.859420
vn -0.490140 -0.052578 0.870056
vn -0.511112 -0.005708 0.859495
vn -0.491380 -0.016146 0.870795
vn -0.295194 0.421356 0.857508
vn -0.305133 0.387103 0.870083
vn -0.254561 0.417731 0.872181
vn -0.220553 0.463188 0.858378
vn -0.226112 0.435023 0.871567
vn -0.264703 0.441500 0.857327
vn 0.275481 0.432551 0.858493
vn 0.236212 0.431110 0.870832
vn 0.290137 0.394161 0.872042
vn 0.307192 0.411726 0.857971
vn 0.346090 0.380992 0.857360
vn 0.316813 0.373914 0.871675
vn 0.406298 0.316536 0.857162
vn 0.355313 0.338299 0.871382
vn 0.374310 0.351921 0.857930
vn 0.381734 0.310050 0.870717
vn 0.450989 0.244298 0.858445
vn 0.407869 0.273718 0.871046
vn 0.428231 0.283505 0.858046
vn 0.491723 -0.149512 0.857820
vn 0.471694 -0.129455 0.872207
vn -0.515059 -0.005285 0.857138
vn -0.490380 -0.057318 0.869622
vn -0.497843 0.152236 0.853801
vn -0.461982 0.178271 0.868788
vn -0.222371 0.468662 0.854931
vn -0.254033 0.424016 0.869297
vn 0.151413 0.470575 0.869272
vn 0.124315 0.511001 0.850543
vn 0.410276 0.275794 0.869259
vn 0.456170 0.246323 0.855122
vn 0.493718 0.023048 0.869317
vn 0.503063 0.036405 0.863483
vn 0.494458 -0.030293 0.868673
vn 0.517645 0.005008 0.855581
vn 0.500832 -0.036560 0.864772
vn 0.463171 -0.171688 0.869480
vn 0.465173 -0.228739 0.855157
vn 0.179321 -0.461527 0.868814
vn 0.223003 -0.470565 0.853720
vn -0.146878 -0.471725 0.869427
vn -0.204116 -0.475867 0.855504
vn -0.451426 -0.203727 0.868740
vn -0.458313 -0.247160 0.853734
vn -0.500327 0.000677 0.865837
vn -0.491490 -0.057407 0.868989
vn -0.501543 -0.064174 0.862749
vn -0.498542 -0.002635 0.866862
vn -0.513268 -0.005477 0.858211
vn -0.426419 0.251107 0.868972
vn -0.467217 0.230073 0.853683
vn -0.184976 0.457908 0.869542
vn -0.143967 0.498139 0.855062
vn 0.228382 0.439128 0.868912
vn 0.205602 0.478418 0.853723
vn 0.455057 0.245889 0.855840
vn 0.408519 0.278245 0.869305
vn 0.494315 -0.030994 0.868730
vn 0.517410 0.005033 0.855723
vn 0.462918 -0.172454 0.869464
vn 0.465436 -0.228911 0.854967
vn 0.222926 -0.470333 0.853868
vn 0.178605 -0.461660 0.868890
vn -0.147656 -0.471495 0.869419
vn -0.204279 -0.476147 0.855309
vn -0.451586 -0.203043 0.868817
vn -0.458097 -0.247076 0.853874
vn -0.513590 -0.005443 0.858019
vn -0.499898 0.001125 0.866084
vn -0.501386 -0.063263 0.862908
vn -0.491522 -0.056587 0.869025
vn -0.498936 -0.000638 0.866639
vn -0.467012 0.229939 0.853831
vn -0.425963 0.251643 0.869040
vn -0.144016 0.498442 0.854877
vn -0.184254 0.458231 0.869526
vn 0.228966 0.438679 0.868985
vn 0.205475 0.478199 0.853877
vn 0.491335 0.169425 0.854333
vn 0.447747 0.207816 0.869675
vn 0.484470 -0.103664 0.868644
vn 0.503977 -0.036468 0.862947
vn 0.491215 -0.049521 0.869630
vn 0.513909 -0.072754 0.854754
vn 0.489587 -0.110544 0.864919
vn 0.421398 -0.301480 0.855297
vn 0.429839 -0.242505 0.869730
vn 0.144326 -0.500350 0.853710
vn 0.100595 -0.484376 0.869057
vn -0.278584 -0.436336 0.855571
vn -0.219101 -0.442391 0.869646
vn -0.478431 -0.125816 0.869065
vn -0.493724 -0.169937 0.852853
vn -0.494459 0.018988 0.868993
vn -0.493052 0.070493 0.867139
vn -0.505768 0.013626 0.862562
vn -0.510268 0.071780 0.857015
vn -0.495049 0.076396 0.865500
vn -0.363481 0.336935 0.868537
vn -0.322722 0.385404 0.864473
vn -0.376355 0.334687 0.863911
vn -0.322453 0.374858 0.869198
vn -0.369390 0.372913 0.851168
vn -0.056632 0.521117 0.851604
vn -0.103572 0.481346 0.870390
vn 0.226841 0.440372 0.868686
vn 0.205933 0.478985 0.853326
vn 0.491634 0.169489 0.854149
vn 0.448116 0.207127 0.869650
vn 0.489692 -0.111652 0.864717
vn 0.484211 -0.104316 0.868711
vn 0.503205 -0.038353 0.863316
vn 0.491673 -0.050302 0.869326
vn 0.513688 -0.072695 0.854892
vn 0.429451 -0.243204 0.869726
vn 0.421634 -0.301696 0.855105
vn 0.144284 -0.500095 0.853866
vn 0.099869 -0.484407 0.869124
vn -0.219799 -0.442036 0.869651
vn -0.278786 -0.436582 0.855380
vn -0.478473 -0.125143 0.869139
vn -0.493494 -0.169888 0.852996
vn -0.494408 0.019725 0.869006
vn -0.494569 0.076768 0.865741
vn -0.505522 0.014422 0.862693
vn -0.510562 0.071859 0.856833
vn -0.493113 0.072539 0.866936
vn -0.322171 0.386325 0.864268
vn -0.321864 0.375140 0.869295
vn -0.363407 0.337753 0.868250
vn -0.369256 0.372742 0.851301
vn -0.374679 0.335712 0.864241
vn -0.144121 0.499094 0.854479
vn -0.129404 0.482584 0.866238
vn -0.134922 0.477404 0.868263
vn -0.182670 0.458979 0.869466
vn -0.193554 0.468306 0.862106
vn 0.227385 0.439922 0.868772
vn 0.205817 0.478788 0.853465
vn 0.491931 0.169553 0.853964
vn 0.448500 0.206433 0.869617
vn 0.479750 0.157807 0.863097
vn 0.470583 0.169755 0.865872
vn 0.456819 0.217007 0.862684
vn 0.450186 0.244043 0.858939
vn 0.431253 0.224857 0.873762
vn 0.468625 0.170692 0.866750
vn 0.482088 -0.108274 0.869407
vn 0.496279 -0.056845 0.866300
vn 0.513596 -0.072670 0.854949
vn 0.488744 -0.116279 0.864643
vn 0.501215 -0.050732 0.863835
vn 0.461535 -0.174498 0.869791
vn 0.467622 -0.230337 0.853390
vn 0.445076 -0.220053 0.868034
vn 0.476176 -0.173308 0.862103
vn 0.445408 -0.229223 0.865488
vn -0.474299 -0.048165 0.879045
vn -0.490536 0.066522 0.868878
vn -0.506723 -0.001967 0.862107
vn -0.518786 -0.034430 0.854210
vn -0.522192 -0.037307 0.852012
vn -0.488733 0.010556 0.872369
vn -0.516912 0.067102 0.853404
vn -0.485132 0.134560 0.864026
vn -0.478281 0.097499 0.872778
vn -0.449312 0.154709 0.879877
vn -0.498089 0.061408 0.864949
vn -0.494852 0.167770 0.852628
vn -0.140213 0.475183 0.868644
vn -0.246817 0.459468 0.853212
vn -0.197811 0.443324 0.874262
vn -0.238889 0.414748 0.878018
vn -0.211886 0.460139 0.862193
vn -0.161384 0.488073 0.857753
vn 0.073569 0.483005 0.872522
vn 0.130568 0.456941 0.879862
vn 0.141430 0.503565 0.852303
vn 0.445866 0.270424 0.853273
vn 0.479642 0.186421 0.857433
vn 0.432336 0.220879 0.874242
vn 0.401832 0.260209 0.877965
vn 0.448422 0.235734 0.862176
vn 0.467290 0.164251 0.868713
vn 0.446896 -0.173512 0.877598
vn 0.433573 -0.218889 0.874129
vn 0.431695 -0.281466 0.856981
vn 0.453095 -0.228479 0.861686
vn 0.480077 -0.202493 0.853536
vn 0.402597 -0.284426 0.870068
vn 0.227417 -0.449559 0.863816
vn 0.187934 -0.437056 0.879581
vn 0.249540 -0.420249 0.872422
vn 0.208548 -0.478538 0.852942
vn 0.284517 -0.425860 0.858891
vn 0.288918 -0.409574 0.865318
vn -0.194458 -0.445244 0.874039
vn -0.262393 -0.416549 0.870423
vn -0.204399 -0.464745 0.861530
vn -0.149453 -0.455895 0.877396
vn -0.257929 -0.446499 0.856803
vn -0.176233 -0.490049 0.853694
vn -0.426207 -0.211181 0.879631
vn -0.436713 -0.250602 0.863991
vn -0.406106 -0.272056 0.872389
vn -0.466604 -0.233984 0.852955
vn -0.394747 -0.309593 0.865059
vn -0.409894 -0.306248 0.859185
vn -0.484534 0.154415 0.861036
vn -0.463249 0.245700 0.851488
vn -0.457081 0.210125 0.864248
vn -0.454698 0.169878 0.874295
vn -0.481057 0.144774 0.864653
vn -0.416877 0.223726 0.881000
vn -0.171493 0.494819 0.851906
vn -0.076143 0.510246 0.856651
vn -0.056787 0.491910 0.868792
vn -0.120782 0.469779 0.874482
vn -0.170242 0.444930 0.879236
vn -0.135316 0.488218 0.862167
vn 0.201335 0.428130 0.881005
vn 0.186004 0.467211 0.864359
vn 0.220933 0.475605 0.851462
vn 0.127235 0.494556 0.859782
vn 0.116155 0.489255 0.864371
vn 0.145604 0.463101 0.874264
vn 0.400631 0.264030 0.877373
vn 0.464549 0.163658 0.870293
vn 0.442699 0.274111 0.853745
vn 0.479840 0.189667 0.856609
vn 0.429210 0.227722 0.874026
vn 0.448690 0.237441 0.861568
vn 0.476967 -0.014232 0.878806
vn 0.521530 -0.012824 0.853137
vn 0.503377 0.015588 0.863926
vn 0.493322 0.084865 0.865697
vn 0.505360 0.073900 0.859738
vn 0.483610 0.040626 0.874340
vn 0.479771 -0.203777 0.853402
vn 0.446230 -0.174369 0.877767
vn 0.403160 -0.284936 0.869640
vn 0.452687 -0.228684 0.861846
vn 0.432543 -0.220656 0.874195
vn 0.430959 -0.281933 0.857198
vn 0.283920 -0.426820 0.858612
vn 0.207433 -0.479061 0.852920
vn 0.288632 -0.409037 0.865668
vn 0.186977 -0.437707 0.879461
vn 0.227107 -0.450105 0.863613
vn 0.247747 -0.421212 0.872469
vn -0.258427 -0.445807 0.857013
vn -0.262879 -0.417144 0.869992
vn -0.150337 -0.455278 0.877565
vn -0.177529 -0.489821 0.853557
vn -0.204623 -0.464358 0.861685
vn -0.196262 -0.444317 0.874107
vn -0.467175 -0.232933 0.852930
vn -0.410865 -0.305711 0.858912
vn -0.394251 -0.309294 0.865392
vn -0.426886 -0.210286 0.879516
vn -0.437265 -0.250326 0.863792
vn -0.407131 -0.270368 0.872437
vn -0.416538 0.224771 0.880894
vn -0.457185 0.210746 0.864042
vn -0.480601 0.144571 0.864941
vn -0.462681 0.246737 0.851497
vn -0.484638 0.155579 0.860768
vn -0.453950 0.171657 0.874336
vn -0.118813 0.470216 0.874517
vn -0.134866 0.488025 0.862347
vn -0.056784 0.492646 0.868375
vn -0.169181 0.445024 0.879393
vn -0.170349 0.495365 0.851819
vn -0.075280 0.509963 0.856896
vn 0.147511 0.462415 0.874307
vn 0.115956 0.488721 0.864700
vn 0.186653 0.467355 0.864141
vn 0.222054 0.475069 0.851470
vn 0.128417 0.494762 0.859488
vn 0.202451 0.427831 0.880894
vn 0.460731 0.153810 0.874111
vn 0.485046 0.084441 0.870402
vn 0.504234 0.107824 0.856809
vn 0.437690 0.195278 0.877664
vn 0.481735 0.160296 0.861532
vn 0.482007 0.198521 0.853381
vn 0.389824 -0.289226 0.874292
vn 0.442924 -0.278588 0.852178
vn 0.411477 -0.241394 0.878872
vn 0.217019 -0.452577 0.864914
vn 0.114191 -0.459212 0.880957
vn 0.179150 -0.451026 0.874346
vn 0.211643 -0.462907 0.860769
vn 0.129124 -0.508172 0.851521
vn 0.152004 -0.479873 0.864070
vn -0.267214 -0.405099 0.874352
vn -0.218920 -0.424229 0.878695
vn -0.254081 -0.457273 0.852258
vn -0.452214 -0.138183 0.881140
vn -0.471166 -0.177038 0.864095
vn -0.440812 -0.203187 0.874300
vn -0.500982 -0.155728 0.851332
vn -0.450922 -0.235653 0.860893
vn -0.440782 -0.240299 0.864851
vn -0.039209 0.484013 0.874182
vn -0.092066 0.466454 0.879741
vn -0.084969 0.517731 0.851314
vn 0.184186 0.466810 0.864965
vn 0.140391 0.464979 0.874120
vn 0.198295 0.428967 0.881287
vn 0.217837 0.477009 0.851475
vn 0.437820 0.194226 0.877832
vn 0.461247 0.151879 0.874176
vn 0.504053 0.106999 0.857019
vn 0.485799 0.084480 0.869979
vn 0.482688 0.197425 0.853250
vn 0.481597 0.159876 0.861686
vn 0.410685 -0.242113 0.879044
vn 0.442393 -0.279756 0.852071
vn 0.388584 -0.290780 0.874328
vn 0.151609 -0.480373 0.863861
vn 0.177285 -0.451686 0.874386
vn 0.127945 -0.508449 0.851534
vn 0.216854 -0.452079 0.865216
vn 0.210843 -0.463781 0.860495
vn 0.113165 -0.459678 0.880846
vn -0.255245 -0.456825 0.852151
vn -0.219657 -0.423501 0.878862
vn -0.268791 -0.403949 0.874401
vn -0.501311 -0.154627 0.851339
vn -0.451795 -0.234935 0.860632
vn -0.441528 -0.201457 0.874339
vn -0.452707 -0.137236 0.881035
vn -0.440323 -0.240119 0.865135
vn -0.471664 -0.176690 0.863895
vn 0.218954 0.476515 0.851465
vn 0.199385 0.428663 0.881189
vn 0.116494 0.490159 0.863813
vn 0.142262 0.464303 0.874176
vn 0.125127 0.494192 0.860301
vn 0.184846 0.466956 0.864745
vn 0.001607 0.493627 0.869672
vn 0.058964 0.498889 0.864658
vn 0.078517 0.470764 0.878758
vn -0.010567 0.504030 0.863621
vn 0.088168 0.518011 0.850818
vn 0.033698 0.521646 0.852496
vn 0.379161 -0.293113 0.877680
vn 0.367387 -0.370356 0.853149
vn 0.383003 -0.328685 0.863293
vn 0.337430 -0.368028 0.866427
vn 0.338219 -0.365353 0.867251
vn 0.408273 -0.329217 0.851428
vn -0.351479 -0.385689 0.853057
vn -0.272254 -0.393761 0.877969
vn -0.349562 -0.355994 0.866646
vn -0.308184 -0.400013 0.863141
vn -0.307545 -0.425391 0.851151
vn -0.347941 -0.356389 0.867135
vn -0.007717 0.504352 0.863464
vn -0.024398 0.524079 0.851320
vn -0.032061 0.478239 0.877644
vn 0.033562 0.520912 0.852950
vn 0.378646 -0.293332 0.877829
vn 0.336203 -0.369740 0.866175
vn 0.407983 -0.329789 0.851345
vn 0.367470 -0.370462 0.853067
vn 0.382080 -0.329368 0.863442
vn 0.337434 -0.365497 0.867496
vn -0.308912 -0.399123 0.863293
vn -0.348114 -0.355659 0.867366
vn -0.351227 -0.354914 0.866416
vn -0.272491 -0.393265 0.878118
vn -0.351575 -0.385773 0.852980
vn -0.308133 -0.425148 0.851060
vn 0.052774 0.497376 0.865929
vn 0.054070 0.495820 0.866741
vn 0.050421 0.493664 0.868190
vn 0.125589 0.491101 0.862002
vn 0.123253 0.488444 0.863847
vn 0.119012 0.496884 0.859618
vn -0.706993 0.018030 0.706991
vn 0.519714 0.473265 -0.711279
vn 0.599395 0.361672 -0.714086
vn 0.606510 0.376396 -0.700337
vn 0.658438 0.238020 -0.714007
vn 0.667962 0.259092 -0.697638
vn 0.684571 0.103405 -0.721575
vn 0.697928 0.145505 -0.701231
vn 0.706992 0.018028 -0.706992
vn 0.712234 0.049783 -0.700175
f 1//1 2//1 3//1
f 3//2 4//2 5//2
f 2//3 4//3 3//3
f 5//4 6//4 7//4
f 4//5 6//5 5//5
f 7//6 8//6 9//6
f 6//7 8//7 7//7
f 9//8 10//8 11//8
f 8//9 10//9 9//9
f 11//10 12//10 13//10
f 10//11 12//11 11//11
f 14//12 15//12 16//12
f 13//13 15//13 14//13
f 12//14 15//14 13//14
f 16//15 17//15 18//15
f 15//16 17//16 16//16
f 18//17 19//17 20//17
f 17//18 19//18 18//18
f 20//19 21//19 22//19
f 19//20 21//20 20//20
f 22//21 23//21 24//21
f 21//22 23//22 22//22
f 23//23 25//23 24//23
f 23//24 26//24 25//24
f 26//25 27//25 25//25
f 26//26 28//26 27//26
f 28//27 29//27 27//27
f 28//28 30//28 29//28
f 30//29 31//29 29//29
f 30//30 32//30 31//30
f 32//31 33//31 31//31
f 32//32 34//32 33//32
f 34//33 35//33 33//33
f 34//34 36//34 35//34
f 36//35 37//35 35//35
f 36//36 38//36 37//36
f 38//37 39//37 37//37
f 38//38 40//38 39//38
f 40//39 41//39 39//39
f 40//40 42//40 41//40
f 43//41 44//41 45//41
f 45//42 44//42 46//42
f 46//43 47//43 48//43
f 44//44 47//44 46//44
f 42//45 49//45 41//45
f 47//46 50//46 48//46
f 42//47 51//47 49//47
f 48//48 52//48 53//48
f 50//49 52//49 48//49
f 51//50 54//50 49//50
f 51//51 55//51 54//51
f 55//52 56//52 57//52
f 56//53 58//53 59//53
f 58//54 60//54 61//54
f 60//55 62//55 63//55
f 64//56 65//56 1//56
f 65//57 2//57 1//57
f 57//58 54//58 55//58
f 59//59 57//59 56//59
f 61//60 59//60 58//60
f 63//61 61//61 60//61
f 66//62 67//62 52//62
f 53//63 67//63 68//63
f 52//64 67//64 53//64
f 67//65 69//65 68//65
f 70//66 69//66 66//66
f 71//67 69//67 70//67
f 68//68 69//68 72//68
f 66//69 69//69 67//69
f 73//70 74//70 62//70
f 62//71 74//71 63//71
f 69//72 74//72 72//72
f 71//73 74//73 69//73
f 63//74 74//74 71//74
f 72//75 74//75 75//75
f 76//76 77//76 73//76
f 73//77 77//77 74//77
f 78//78 77//78 79//78
f 75//79 77//79 78//79
f 74//80 77//80 75//80
f 80//81 81//81 76//81
f 79//82 81//82 82//82
f 76//83 81//83 77//83
f 77//84 81//84 79//84
f 83//85 84//85 80//85
f 85//86 84//86 83//86
f 81//87 84//87 82//87
f 86//88 84//88 87//88
f 82//89 84//89 86//89
f 80//90 84//90 81//90
f 84//91 88//91 87//91
f 89//92 88//92 85//92
f 85//93 88//93 84//93
f 90//94 88//94 91//94
f 87//95 88//95 90//95
f 92//96 93//96 89//96
f 94//97 93//97 92//97
f 91//98 93//98 95//98
f 89//99 93//99 88//99
f 88//100 93//100 91//100
f 93//101 96//101 95//101
f 94//102 96//102 93//102
f 97//103 96//103 94//103
f 98//104 96//104 99//104
f 95//105 96//105 98//105
f 100//106 101//106 97//106
f 102//107 101//107 100//107
f 99//108 101//108 103//108
f 97//109 101//109 96//109
f 96//110 101//110 99//110
f 103//111 101//111 102//111
f 65//112 104//112 102//112
f 103//113 104//113 64//113
f 102//114 104//114 103//114
f 64//115 104//115 65//115
f 105//116 106//116 107//116
f 107//117 108//117 109//117
f 106//118 108//118 107//118
f 109//119 110//119 111//119
f 108//120 110//120 109//120
f 111//121 112//121 113//121
f 110//122 112//122 111//122
f 113//123 114//123 115//123
f 112//124 114//124 113//124
f 115//125 116//125 117//125
f 114//126 116//126 115//126
f 117//127 118//127 119//127
f 116//128 118//128 117//128
f 120//129 121//129 122//129
f 119//130 121//130 120//130
f 118//131 121//131 119//131
f 122//132 123//132 124//132
f 121//133 123//133 122//133
f 124//134 125//134 126//134
f 123//135 125//135 124//135
f 126//136 127//136 128//136
f 125//137 127//137 126//137
f 128//138 129//138 130//138
f 127//139 129//139 128//139
f 130//140 131//140 132//140
f 129//141 131//141 130//141
f 131//142 133//142 132//142
f 131//143 134//143 133//143
f 134//144 135//144 133//144
f 134//145 136//145 135//145
f 136//146 137//146 135//146
f 136//147 138//147 137//147
f 137//148 138//148 139//148
f 138//149 140//149 139//149
f 139//150 140//150 141//150
f 140//151 142//151 141//151
f 141//152 142//152 143//152
f 143//153 144//153 145//153
f 142//154 144//154 143//154
f 144//155 146//155 145//155
f 144//156 147//156 146//156
f 148//157 149//157 150//157
f 148//158 151//158 149//158
f 151//159 152//159 149//159
f 147//160 153//160 146//160
f 151//161 154//161 152//161
f 154//162 155//162 152//162
f 153//163 156//163 157//163
f 147//164 156//164 153//164
f 154//165 158//165 155//165
f 157//166 159//166 160//166
f 156//167 159//167 157//167
f 155//168 161//168 162//168
f 158//169 161//169 155//169
f 160//170 163//170 164//170
f 159//171 163//171 160//171
f 162//172 165//172 166//172
f 161//173 165//173 162//173
f 163//174 167//174 164//174
f 164//175 167//175 168//175
f 167//176 169//176 168//176
f 168//177 169//177 170//177
f 169//178 171//178 170//178
f 166//179 172//179 173//179
f 165//180 172//180 166//180
f 169//181 174//181 171//181
f 174//182 175//182 171//182
f 174//183 176//183 175//183
f 175//184 176//184 177//184
f 177//185 178//185 179//185
f 176//186 178//186 177//186
f 179//187 180//187 181//187
f 178//188 180//188 179//188
f 181//189 182//189 183//189
f 180//190 182//190 181//190
f 182//191 184//191 183//191
f 185//192 106//192 105//192
f 172//193 186//193 173//193
f 187//194 186//194 188//194
f 189//195 186//195 172//195
f 188//196 186//196 189//196
f 173//197 186//197 187//197
f 188//198 190//198 187//198
f 191//199 190//199 188//199
f 192//200 190//200 193//200
f 187//201 190//201 192//201
f 183//202 194//202 191//202
f 191//203 194//203 190//203
f 190//204 194//204 193//204
f 195//205 194//205 196//205
f 193//206 194//206 195//206
f 184//207 194//207 183//207
f 197//208 198//208 184//208
f 199//209 198//209 200//209
f 196//210 198//210 199//210
f 194//211 198//211 196//211
f 184//212 198//212 194//212
f 201//213 202//213 197//213
f 203//214 202//214 201//214
f 200//215 202//215 204//215
f 198//216 202//216 200//216
f 197//217 202//217 198//217
f 202//218 205//218 204//218
f 203//219 205//219 202//219
f 206//220 205//220 203//220
f 207//221 205//221 208//221
f 204//222 205//222 207//222
f 209//223 210//223 206//223
f 211//224 210//224 209//224
f 206//225 210//225 205//225
f 205//226 210//226 208//226
f 212//227 210//227 213//227
f 208//228 210//228 212//228
f 185//229 214//229 211//229
f 215//230 214//230 105//230
f 213//231 214//231 215//231
f 211//232 214//232 210//232
f 210//233 214//233 213//233
f 105//234 214//234 185//234
f 216//235 217//235 218//235
f 216//236 219//236 217//236
f 220//237 218//237 221//237
f 220//238 216//238 218//238
f 222//239 221//239 223//239
f 222//240 220//240 221//240
f 224//241 223//241 225//241
f 224//242 222//242 223//242
f 226//243 225//243 227//243
f 226//244 224//244 225//244
f 228//245 227//245 229//245
f 228//246 226//246 227//246
f 230//247 231//247 232//247
f 230//248 229//248 231//248
f 230//249 228//249 229//249
f 233//250 230//250 232//250
f 234//251 235//251 236//251
f 234//252 232//252 235//252
f 234//253 233//253 232//253
f 237//254 234//254 236//254
f 238//255 237//255 236//255
f 238//256 236//256 239//256
f 240//257 238//257 239//257
f 240//258 239//258 241//258
f 242//259 240//259 241//259
f 242//260 241//260 243//260
f 244//261 245//261 246//261
f 244//262 243//262 245//262
f 244//263 242//263 243//263
f 247//264 246//264 248//264
f 247//265 244//265 246//265
f 249//266 247//266 248//266
f 250//267 248//267 251//267
f 250//268 249//268 248//268
f 252//269 253//269 254//269
f 252//270 251//270 253//270
f 252//271 250//271 251//271
f 255//272 252//272 254//272
f 256//273 254//273 257//273
f 256//274 255//274 254//274
f 258//275 257//275 259//275
f 258//276 256//276 257//276
f 260//277 261//277 262//277
f 260//278 259//278 261//278
f 260//279 258//279 259//279
f 263//280 260//280 262//280
f 264//281 262//281 265//281
f 264//282 263//282 262//282
f 266//283 267//283 268//283
f 266//284 265//284 267//284
f 266//285 264//285 265//285
f 269//286 266//286 268//286
f 270//287 268//287 271//287
f 270//288 269//288 268//288
f 272//289 271//289 273//289
f 272//290 270//290 271//290
f 274//291 275//291 276//291
f 276//292 275//292 277//292
f 277//293 278//293 279//293
f 275//294 278//294 277//294
f 279//295 280//295 281//295
f 278//296 280//296 279//296
f 281//297 282//297 283//297
f 280//298 282//298 281//298
f 282//299 284//299 283//299
f 284//300 285//300 283//300
f 285//301 286//301 287//301
f 284//302 286//302 285//302
f 287//303 288//303 289//303
f 286//304 288//304 287//304
f 289//305 290//305 291//305
f 288//306 290//306 289//306
f 290//307 292//307 291//307
f 292//308 293//308 291//308
f 292//309 294//309 293//309
f 294//310 295//310 293//310
f 295//311 296//311 297//311
f 294//312 296//312 295//312
f 297//313 298//313 299//313
f 296//314 298//314 297//314
f 299//315 300//315 301//315
f 298//316 300//316 299//316
f 300//317 302//317 301//317
f 302//318 303//318 301//318
f 302//319 304//319 303//319
f 303//320 304//320 305//320
f 304//321 306//321 305//321
f 305//322 306//322 307//322
f 306//323 308//323 307//323
f 307//324 308//324 309//324
f 308//325 310//325 309//325
f 309//326 310//326 311//326
f 310//327 312//327 311//327
f 311//328 312//328 313//328
f 314//329 315//329 316//329
f 316//330 315//330 317//330
f 317//331 318//331 319//331
f 315//332 318//332 317//332
f 319//333 320//333 321//333
f 318//334 320//334 319//334
f 321//335 322//335 323//335
f 320//336 322//336 321//336
f 322//337 324//337 323//337
f 324//338 325//338 323//338
f 325//339 326//339 327//339
f 324//340 326//340 325//340
f 327//341 328//341 329//341
f 326//342 328//342 327//342
f 329//343 330//343 331//343
f 328//344 330//344 329//344
f 330//345 332//345 331//345
f 332//346 333//346 331//346
f 332//347 334//347 333//347
f 334//348 335//348 333//348
f 335//349 336//349 337//349
f 334//350 336//350 335//350
f 337//351 338//351 339//351
f 336//352 338//352 337//352
f 339//353 340//353 341//353
f 338//354 340//354 339//354
f 340//355 342//355 341//355
f 342//356 343//356 341//356
f 342//357 344//357 343//357
f 343//358 344//358 345//358
f 344//359 346//359 345//359
f 345//360 346//360 347//360
f 346//361 348//361 347//361
f 347//362 348//362 349//362
f 348//363 350//363 349//363
f 349//364 350//364 351//364
f 350//365 352//365 351//365
f 351//366 352//366 353//366
f 354//367 355//367 356//367
f 356//368 355//368 357//368
f 357//369 358//369 359//369
f 355//370 358//370 357//370
f 359//371 360//371 361//371
f 358//372 360//372 359//372
f 361//373 362//373 363//373
f 360//374 362//374 361//374
f 362//375 364//375 363//375
f 364//376 365//376 363//376
f 365//377 366//377 367//377
f 364//378 366//378 365//378
f 367//379 368//379 369//379
f 366//380 368//380 367//380
f 369//381 370//381 371//381
f 368//382 370//382 369//382
f 370//383 372//383 371//383
f 372//384 373//384 371//384
f 372//385 374//385 373//385
f 374//386 375//386 373//386
f 375//387 376//387 377//387
f 374//388 376//388 375//388
f 377//389 378//389 379//389
f 376//390 378//390 377//390
f 379//391 380//391 381//391
f 378//392 380//392 379//392
f 380//393 382//393 381//393
f 382//394 383//394 381//394
f 382//395 384//395 383//395
f 383//396 384//396 385//396
f 384//397 386//397 385//397
f 385//398 386//398 387//398
f 386//399 388//399 387//399
f 387//400 388//400 389//400
f 388//401 390//401 389//401
f 389//402 390//402 391//402
f 390//403 392//403 391//403
f 391//404 392//404 393//404
f 394//405 395//405 396//405
f 396//406 395//406 397//406
f 397//407 398//407 399//407
f 395//408 398//408 397//408
f 399//409 400//409 401//409
f 398//410 400//410 399//410
f 401//411 402//411 403//411
f 400//412 402//412 401//412
f 402//413 404//413 403//413
f 404//414 405//414 403//414
f 405//415 406//415 407//415
f 404//416 406//416 405//416
f 407//417 408//417 409//417
f 406//418 408//418 407//418
f 409//419 410//419 411//419
f 408//420 410//420 409//420
f 410//421 412//421 411//421
f 412//422 413//422 411//422
f 412//423 414//423 413//423
f 414//424 415//424 413//424
f 415//425 416//425 417//425
f 414//426 416//426 415//426
f 417//427 418//427 419//427
f 416//428 418//428 417//428
f 419//429 420//429 421//429
f 418//430 420//430 419//430
f 420//431 422//431 421//431
f 422//432 423//432 421//432
f 422//433 424//433 423//433
f 423//434 424//434 425//434
f 424//435 426//435 425//435
f 425//436 426//436 427//436
f 426//437 428//437 427//437
f 427//438 428//438 429//438
f 428//439 430//439 429//439
f 429//440 430//440 431//440
f 430//441 432//441 431//441
f 431//442 432//442 433//442
f 434//443 435//443 436//443
f 436//444 435//444 437//444
f 437//445 438//445 439//445
f 435//446 438//446 437//446
f 439//447 440//447 441//447
f 438//448 440//448 439//448
f 441//449 442//449 443//449
f 440//450 442//450 441//450
f 442//451 444//451 443//451
f 444//452 445//452 443//452
f 445//453 446//453 447//453
f 444//454 446//454 445//454
f 447//455 448//455 449//455
f 446//456 448//456 447//456
f 449//457 450//457 451//457
f 448//458 450//458 449//458
f 450//459 452//459 451//459
f 452//460 453//460 451//460
f 452//461 454//461 453//461
f 454//462 455//462 453//462
f 455//463 456//463 457//463
f 454//464 456//464 455//464
f 457//465 458//465 459//465
f 456//466 458//466 457//466
f 459//467 460//467 461//467
f 458//468 460//468 459//468
f 460//469 462//469 461//469
f 462//470 463//470 461//470
f 462//471 464//471 463//471
f 463//472 464//472 465//472
f 464//473 466//473 465//473
f 465//474 466//474 467//474
f 466//475 468//475 467//475
f 467//476 468//476 469//476
f 468//477 470//477 469//477
f 469//478 470//478 471//478
f 470//479 472//479 471//479
f 471//480 472//480 473//480
f 474//481 475//481 476//481
f 476//482 475//482 477//482
f 477//483 478//483 479//483
f 475//484 478//484 477//484
f 479//485 480//485 481//485
f 478//486 480//486 479//486
f 481//487 482//487 483//487
f 480//488 482//488 481//488
f 482//489 484//489 483//489
f 484//490 485//490 483//490
f 485//491 486//491 487//491
f 484//492 486//492 485//492
f 487//493 488//493 489//493
f 486//494 488//494 487//494
f 489//495 490//495 491//495
f 488//496 490//496 489//496
f 490//497 492//497 491//497
f 492//498 493//498 491//498
f 492//499 494//499 493//499
f 494//500 495//500 493//500
f 495//501 496//501 497//501
f 494//502 496//502 495//502
f 497//503 498//503 499//503
f 496//504 498//504 497//504
f 499//505 500//505 501//505
f 498//506 500//506 499//506
f 500//507 502//507 501//507
f 502//508 503//508 501//508
f 502//509 504//509 503//509
f 503//510 504//510 505//510
f 504//511 506//511 505//511
f 505//512 506//512 507//512
f 506//513 508//513 507//513
f 507//514 508//514 509//514
f 508//515 510//515 509//515
f 509//516 510//516 511//516
f 510//517 512//517 511//517
f 511//518 512//518 513//518
f 312//519 514//519 313//519
f 313//520 514//520 515//520
f 515//521 516//521 517//521
f 514//522 516//522 515//522
f 517//523 518//523 519//523
f 516//524 518//524 517//524
f 519//525 520//525 521//525
f 518//526 520//526 519//526
f 520//527 522//527 521//527
f 522//528 523//528 521//528
f 523//529 524//529 525//529
f 522//530 524//530 523//530
f 525//531 526//531 527//531
f 524//532 526//532 525//532
f 527//533 528//533 529//533
f 526//534 528//534 527//534
f 528//535 530//535 529//535
f 530//536 531//536 529//536
f 530//537 532//537 531//537
f 532//538 533//538 531//538
f 533//539 534//539 535//539
f 532//540 534//540 533//540
f 535//541 536//541 537//541
f 534//542 536//542 535//542
f 537//543 538//543 539//543
f 536//544 538//544 537//544
f 538//545 540//545 539//545
f 540//546 541//546 539//546
f 540//547 542//547 541//547
f 541//548 542//548 543//548
f 542//549 544//549 543//549
f 543//550 544//550 545//550
f 544//551 546//551 545//551
f 545//552 546//552 547//552
f 546//553 548//553 547//553
f 547//554 548//554 549//554
f 548//555 314//555 549//555
f 549//556 314//556 316//556
f 352//557 550//557 353//557
f 353//558 550//558 551//558
f 551//559 552//559 553//559
f 550//560 552//560 551//560
f 553//561 554//561 555//561
f 552//562 554//562 553//562
f 555//563 556//563 557//563
f 554//564 556//564 555//564
f 556//565 558//565 557//565
f 558//566 559//566 557//566
f 559//567 560//567 561//567
f 558//568 560//568 559//568
f 561//569 562//569 563//569
f 560//570 562//570 561//570
f 563//571 564//571 565//571
f 562//572 564//572 563//572
f 564//573 566//573 565//573
f 566//574 567//574 565//574
f 566//575 568//575 567//575
f 568//576 569//576 567//576
f 569//577 570//577 571//577
f 568//578 570//578 569//578
f 571//579 572//579 573//579
f 570//580 572//580 571//580
f 573//581 574//581 575//581
f 572//582 574//582 573//582
f 574//583 576//583 575//583
f 576//584 577//584 575//584
f 576//585 578//585 577//585
f 577//586 578//586 579//586
f 578//587 580//587 579//587
f 579//588 580//588 581//588
f 580//589 582//589 581//589
f 581//590 582//590 583//590
f 582//591 584//591 583//591
f 583//592 584//592 585//592
f 584//593 354//593 585//593
f 585//594 354//594 356//594
f 392//595 586//595 393//595
f 393//596 586//596 587//596
f 587//597 588//597 589//597
f 586//598 588//598 587//598
f 589//599 590//599 591//599
f 588//600 590//600 589//600
f 591//601 592//601 593//601
f 590//602 592//602 591//602
f 592//603 594//603 593//603
f 594//604 595//604 593//604
f 595//605 596//605 597//605
f 594//606 596//606 595//606
f 597//607 598//607 599//607
f 596//608 598//608 597//608
f 599//609 600//609 601//609
f 598//610 600//610 599//610
f 600//611 602//611 601//611
f 602//612 603//612 601//612
f 602//613 604//613 603//613
f 604//614 605//614 603//614
f 605//615 606//615 607//615
f 604//616 606//616 605//616
f 607//617 608//617 609//617
f 606//618 608//618 607//618
f 609//619 610//619 611//619
f 608//620 610//620 609//620
f 610//621 612//621 611//621
f 612//622 613//622 611//622
f 612//623 614//623 613//623
f 613//624 614//624 615//624
f 614//625 616//625 615//625
f 615//626 616//626 617//626
f 616//627 618//627 617//627
f 617//628 618//628 619//628
f 618//629 620//629 619//629
f 619//630 620//630 621//630
f 620//631 394//631 621//631
f 621//632 394//632 396//632
f 432//633 622//633 433//633
f 433//634 622//634 623//634
f 623//635 624//635 625//635
f 622//636 624//636 623//636
f 625//637 626//637 627//637
f 624//638 626//638 625//638
f 627//639 628//639 629//639
f 626//640 628//640 627//640
f 628//641 630//641 629//641
f 630//642 631//642 629//642
f 631//643 632//643 633//643
f 630//644 632//644 631//644
f 633//645 634//645 635//645
f 632//646 634//646 633//646
f 635//647 636//647 637//647
f 634//648 636//648 635//648
f 636//649 638//649 637//649
f 638//650 639//650 637//650
f 638//651 640//651 639//651
f 640//652 641//652 639//652
f 641//653 642//653 643//653
f 640//654 642//654 641//654
f 643//655 644//655 645//655
f 642//656 644//656 643//656
f 645//657 646//657 647//657
f 644//658 646//658 645//658
f 646//659 648//659 647//659
f 648//660 649//660 647//660
f 648//661 650//661 649//661
f 649//662 650//662 651//662
f 650//663 652//663 651//663
f 651//664 652//664 653//664
f 652//665 654//665 653//665
f 653//666 654//666 655//666
f 654//667 656//667 655//667
f 655//668 656//668 657//668
f 656//669 434//669 657//669
f 657//670 434//670 436//670
f 472//671 658//671 473//671
f 473//672 658//672 659//672
f 659//673 660//673 661//673
f 658//674 660//674 659//674
f 661//675 662//675 663//675
f 660//676 662//676 661//676
f 663//677 664//677 665//677
f 662//678 664//678 663//678
f 664//679 666//679 665//679
f 666//680 667//680 665//680
f 667//681 668//681 669//681
f 666//682 668//682 667//682
f 669//683 670//683 671//683
f 668//684 670//684 669//684
f 671//685 672//685 673//685
f 670//686 672//686 671//686
f 672//687 674//687 673//687
f 674//688 675//688 673//688
f 674//689 676//689 675//689
f 676//690 677//690 675//690
f 677//691 678//691 679//691
f 676//692 678//692 677//692
f 679//693 680//693 681//693
f 678//694 680//694 679//694
f 681//695 682//695 683//695
f 680//696 682//696 681//696
f 682//697 684//697 683//697
f 684//698 685//698 683//698
f 684//699 686//699 685//699
f 685//700 686//700 687//700
f 686//701 688//701 687//701
f 687//702 688//702 689//702
f 688//703 690//703 689//703
f 689//704 690//704 691//704
f 690//705 692//705 691//705
f 691//706 692//706 693//706
f 692//707 474//707 693//707
f 693//708 474//708 476//708
f 512//709 694//709 513//709
f 513//710 694//710 695//710
f 694//711 696//711 695//711
f 696//712 697//712 695//712
f 697//713 698//713 699//713
f 696//714 698//714 697//714
f 699//715 700//715 701//715
f 698//716 700//716 699//716
f 700//717 702//717 701//717
f 702//718 703//718 701//718
f 703//719 171//719 704//719
f 702//720 171//720 703//720
f 171//721 175//721 704//721
f 175//722 705//722 704//722
f 175//723 177//723 705//723
f 177//724 706//724 705//724
f 177//725 179//725 706//725
f 179//726 707//726 706//726
f 179//727 181//727 707//727
f 181//728 183//728 707//728
f 116//729 708//729 709//729
f 114//730 710//730 711//730
f 114//731 711//731 708//731
f 114//732 708//732 116//732
f 118//733 709//733 712//733
f 118//734 116//734 709//734
f 112//735 710//735 114//735
f 112//736 713//736 710//736
f 121//737 118//737 712//737
f 121//738 712//738 714//738
f 110//739 713//739 112//739
f 110//740 715//740 713//740
f 123//741 714//741 716//741
f 123//742 716//742 717//742
f 123//743 121//743 714//743
f 108//744 715//744 110//744
f 108//745 718//745 715//745
f 125//746 123//746 717//746
f 125//747 717//747 719//747
f 106//748 720//748 721//748
f 106//749 721//749 718//749
f 106//750 718//750 108//750
f 127//751 125//751 719//751
f 127//752 719//752 722//752
f 185//753 723//753 720//753
f 185//754 720//754 106//754
f 129//755 722//755 724//755
f 129//756 724//756 725//756
f 129//757 127//757 722//757
f 211//758 723//758 185//758
f 211//759 726//759 723//759
f 131//760 129//760 725//760
f 131//761 725//761 727//761
f 209//762 728//762 726//762
f 209//763 726//763 211//763
f 134//764 727//764 729//764
f 134//765 131//765 727//765
f 206//766 730//766 728//766
f 206//767 728//767 209//767
f 136//768 134//768 729//768
f 731//769 730//769 206//769
f 732//770 136//770 729//770
f 203//771 731//771 206//771
f 138//772 136//772 732//772
f 733//773 138//773 732//773
f 734//774 203//774 201//774
f 734//775 731//775 203//775
f 735//776 140//776 138//776
f 735//777 138//777 733//777
f 736//778 201//778 197//778
f 736//779 734//779 201//779
f 737//780 197//780 184//780
f 737//781 736//781 197//781
f 738//782 140//782 735//782
f 738//783 142//783 140//783
f 739//784 142//784 738//784
f 739//785 144//785 142//785
f 740//786 737//786 184//786
f 741//787 144//787 739//787
f 741//788 147//788 144//788
f 742//789 740//789 184//789
f 742//790 184//790 182//790
f 743//791 742//791 182//791
f 743//792 182//792 180//792
f 744//793 147//793 741//793
f 745//794 147//794 744//794
f 745//795 156//795 147//795
f 746//796 743//796 180//796
f 746//797 180//797 178//797
f 747//798 746//798 178//798
f 748//799 156//799 745//799
f 748//800 159//800 156//800
f 749//801 747//801 178//801
f 749//802 178//802 176//802
f 750//803 159//803 748//803
f 750//804 163//804 159//804
f 751//805 749//805 176//805
f 751//806 176//806 174//806
f 752//807 163//807 750//807
f 752//808 167//808 163//808
f 753//809 751//809 174//809
f 753//810 174//810 169//810
f 754//811 167//811 752//811
f 755//812 169//812 167//812
f 755//813 753//813 169//813
f 755//814 167//814 754//814
f 756//815 61//815 63//815
f 756//816 757//816 61//816
f 757//817 59//817 61//817
f 59//818 758//818 57//818
f 757//819 758//819 59//819
f 57//820 759//820 54//820
f 758//821 759//821 57//821
f 54//822 760//822 49//822
f 49//823 760//823 276//823
f 759//824 760//824 54//824
f 760//825 274//825 276//825
f 761//826 762//826 763//826
f 764//827 761//827 763//827
f 765//828 764//828 763//828
f 766//829 765//829 763//829
f 767//830 766//830 763//830
f 736//831 763//831 768//831
f 736//832 767//832 763//832
f 769//833 736//833 768//833
f 770//834 769//834 768//834
f 771//835 770//835 768//835
f 772//836 771//836 768//836
f 773//837 772//837 768//837
f 774//838 773//838 768//838
f 775//839 776//839 777//839
f 778//840 775//840 777//840
f 779//841 778//841 777//841
f 780//842 779//842 777//842
f 781//843 780//843 777//843
f 751//844 777//844 763//844
f 751//845 781//845 777//845
f 782//846 751//846 763//846
f 783//847 782//847 763//847
f 784//848 783//848 763//848
f 785//849 784//849 763//849
f 786//850 785//850 763//850
f 762//851 786//851 763//851
f 787//852 788//852 789//852
f 790//853 787//853 789//853
f 791//854 790//854 789//854
f 792//855 791//855 789//855
f 793//856 792//856 789//856
f 744//857 789//857 777//857
f 744//858 793//858 789//858
f 794//859 744//859 777//859
f 795//860 794//860 777//860
f 796//861 795//861 777//861
f 797//862 796//862 777//862
f 798//863 797//863 777//863
f 776//864 798//864 777//864
f 799//865 800//865 801//865
f 802//866 799//866 801//866
f 803//867 802//867 801//867
f 804//868 803//868 801//868
f 805//869 804//869 801//869
f 727//870 801//870 789//870
f 727//871 805//871 801//871
f 806//872 727//872 789//872
f 807//873 806//873 789//873
f 808//874 807//874 789//874
f 809//875 808//875 789//875
f 810//876 809//876 789//876
f 788//877 810//877 789//877
f 811//878 812//878 813//878
f 814//879 811//879 813//879
f 815//880 814//880 813//880
f 816//881 815//881 813//881
f 817//882 816//882 813//882
f 712//883 813//883 801//883
f 712//884 817//884 813//884
f 818//885 712//885 801//885
f 819//886 818//886 801//886
f 820//887 819//887 801//887
f 821//888 820//888 801//888
f 822//889 821//889 801//889
f 800//890 822//890 801//890
f 823//891 813//891 812//891
f 824//892 813//892 823//892
f 825//893 813//893 824//893
f 826//894 813//894 825//894
f 827//895 813//895 826//895
f 721//896 768//896 813//896
f 721//897 813//897 827//897
f 828//898 768//898 721//898
f 829//899 768//899 828//899
f 830//900 768//900 829//900
f 831//901 768//901 830//901
f 832//902 768//902 831//902
f 774//903 768//903 832//903
f 12//904 833//904 834//904
f 10//905 835//905 836//905
f 10//906 836//906 833//906
f 10//907 833//907 12//907
f 15//908 834//908 837//908
f 15//909 837//909 838//909
f 15//910 12//910 834//910
f 8//911 839//911 835//911
f 8//912 835//912 10//912
f 17//913 15//913 838//913
f 17//914 838//914 840//914
f 6//915 841//915 842//915
f 6//916 842//916 839//916
f 6//917 839//917 8//917
f 19//918 840//918 843//918
f 19//919 843//919 844//919
f 19//920 17//920 840//920
f 4//921 845//921 841//921
f 4//922 841//922 6//922
f 21//923 19//923 844//923
f 21//924 844//924 846//924
f 2//925 217//925 845//925
f 2//926 845//926 4//926
f 2//927 218//927 217//927
f 23//928 846//928 847//928
f 23//929 21//929 846//929
f 65//930 218//930 2//930
f 65//931 221//931 218//931
f 26//932 23//932 847//932
f 26//933 847//933 848//933
f 26//934 848//934 849//934
f 102//935 221//935 65//935
f 102//936 225//936 223//936
f 102//937 223//937 221//937
f 28//938 849//938 850//938
f 28//939 26//939 849//939
f 100//940 227//940 225//940
f 100//941 225//941 102//941
f 30//942 850//942 851//942
f 30//943 851//943 852//943
f 30//944 28//944 850//944
f 97//945 229//945 227//945
f 97//946 227//946 100//946
f 32//947 30//947 852//947
f 853//948 32//948 852//948
f 231//949 229//949 97//949
f 94//950 231//950 97//950
f 34//951 32//951 853//951
f 854//952 34//952 853//952
f 232//953 94//953 92//953
f 232//954 231//954 94//954
f 855//955 34//955 854//955
f 855//956 36//956 34//956
f 235//957 232//957 92//957
f 856//958 36//958 855//958
f 856//959 38//959 36//959
f 236//960 235//960 92//960
f 236//961 92//961 89//961
f 857//962 38//962 856//962
f 239//963 236//963 89//963
f 239//964 89//964 85//964
f 858//965 38//965 857//965
f 858//966 40//966 38//966
f 241//967 239//967 85//967
f 859//968 40//968 858//968
f 859//969 42//969 40//969
f 243//970 241//970 85//970
f 243//971 85//971 83//971
f 245//972 243//972 83//972
f 245//973 83//973 80//973
f 273//974 42//974 859//974
f 246//975 245//975 80//975
f 246//976 80//976 76//976
f 271//977 42//977 273//977
f 271//978 51//978 42//978
f 248//979 246//979 76//979
f 268//980 51//980 271//980
f 268//981 55//981 51//981
f 267//982 55//982 268//982
f 251//983 248//983 76//983
f 251//984 76//984 73//984
f 265//985 56//985 55//985
f 265//986 55//986 267//986
f 253//987 73//987 62//987
f 253//988 251//988 73//988
f 254//989 253//989 62//989
f 262//990 58//990 56//990
f 262//991 56//991 265//991
f 261//992 58//992 262//992
f 257//993 62//993 60//993
f 257//994 254//994 62//994
f 259//995 60//995 58//995
f 259//996 58//996 261//996
f 259//997 257//997 60//997
f 860//998 789//998 861//998
f 861//999 789//999 862//999
f 862//1000 789//1000 863//1000
f 863//1001 789//1001 864//1001
f 864//1002 789//1002 865//1002
f 865//1003 789//1003 866//1003
f 866//1004 789//1004 867//1004
f 860//1005 868//1005 789//1005
f 868//1006 219//1006 789//1006
f 867//1007 801//1007 869//1007
f 869//1008 801//1008 870//1008
f 870//1009 801//1009 871//1009
f 871//1010 801//1010 872//1010
f 872//1011 801//1011 873//1011
f 873//1012 801//1012 874//1012
f 789//1013 801//1013 867//1013
f 801//1014 875//1014 874//1014
f 801//1015 876//1015 875//1015
f 801//1016 877//1016 876//1016
f 801//1017 878//1017 877//1017
f 226//1018 777//1018 224//1018
f 224//1019 777//1019 222//1019
f 222//1020 777//1020 220//1020
f 220//1021 777//1021 216//1021
f 216//1022 777//1022 219//1022
f 219//1023 777//1023 789//1023
f 226//1024 228//1024 777//1024
f 228//1025 230//1025 777//1025
f 230//1026 233//1026 777//1026
f 801//1027 813//1027 878//1027
f 878//1028 813//1028 879//1028
f 879//1029 813//1029 880//1029
f 880//1030 813//1030 881//1030
f 813//1031 882//1031 881//1031
f 233//1032 234//1032 777//1032
f 813//1033 883//1033 882//1033
f 813//1034 884//1034 883//1034
f 813//1035 885//1035 884//1035
f 240//1036 763//1036 238//1036
f 238//1037 763//1037 237//1037
f 237//1038 763//1038 234//1038
f 234//1039 763//1039 777//1039
f 813//1040 886//1040 885//1040
f 240//1041 242//1041 763//1041
f 813//1042 272//1042 886//1042
f 242//1043 244//1043 763//1043
f 244//1044 247//1044 763//1044
f 272//1045 768//1045 270//1045
f 813//1046 768//1046 272//1046
f 247//1047 249//1047 763//1047
f 768//1048 269//1048 270//1048
f 768//1049 266//1049 269//1049
f 249//1050 250//1050 763//1050
f 768//1051 264//1051 266//1051
f 250//1052 252//1052 763//1052
f 763//1053 255//1053 768//1053
f 252//1054 255//1054 763//1054
f 768//1055 263//1055 264//1055
f 255//1056 256//1056 768//1056
f 768//1057 260//1057 263//1057
f 256//1058 258//1058 768//1058
f 768//1059 258//1059 260//1059
f 886//1060 272//1060 273//1060
f 886//1061 273//1061 859//1061
f 885//1062 859//1062 858//1062
f 885//1063 886//1063 859//1063
f 884//1064 858//1064 857//1064
f 884//1065 885//1065 858//1065
f 883//1066 857//1066 856//1066
f 883//1067 884//1067 857//1067
f 882//1068 856//1068 855//1068
f 882//1069 883//1069 856//1069
f 881//1070 855//1070 854//1070
f 881//1071 882//1071 855//1071
f 880//1072 853//1072 852//1072
f 880//1073 854//1073 853//1073
f 880//1074 881//1074 854//1074
f 879//1075 880//1075 852//1075
f 878//1076 851//1076 850//1076
f 878//1077 852//1077 851//1077
f 878//1078 879//1078 852//1078
f 877//1079 878//1079 850//1079
f 876//1080 877//1080 850//1080
f 876//1081 850//1081 849//1081
f 875//1082 876//1082 849//1082
f 875//1083 849//1083 848//1083
f 874//1084 875//1084 848//1084
f 874//1085 848//1085 847//1085
f 873//1086 846//1086 844//1086
f 873//1087 847//1087 846//1087
f 873//1088 874//1088 847//1088
f 872//1089 844//1089 843//1089
f 872//1090 873//1090 844//1090
f 871//1091 872//1091 843//1091
f 870//1092 843//1092 840//1092
f 870//1093 871//1093 843//1093
f 869//1094 838//1094 837//1094
f 869//1095 840//1095 838//1095
f 869//1096 870//1096 840//1096
f 867//1097 869//1097 837//1097
f 866//1098 837//1098 834//1098
f 866//1099 867//1099 837//1099
f 865//1100 834//1100 833//1100
f 865//1101 866//1101 834//1101
f 864//1102 836//1102 835//1102
f 864//1103 833//1103 836//1103
f 864//1104 865//1104 833//1104
f 863//1105 864//1105 835//1105
f 862//1106 835//1106 839//1106
f 862//1107 863//1107 835//1107
f 861//1108 842//1108 841//1108
f 861//1109 839//1109 842//1109
f 861//1110 862//1110 839//1110
f 860//1111 861//1111 841//1111
f 868//1112 841//1112 845//1112
f 868//1113 860//1113 841//1113
f 219//1114 845//1114 217//1114
f 219//1115 868//1115 845//1115
f 741//1116 793//1116 744//1116
f 792//1117 793//1117 741//1117
f 739//1118 792//1118 741//1118
f 791//1119 792//1119 739//1119
f 790//1120 739//1120 738//1120
f 790//1121 791//1121 739//1121
f 787//1122 738//1122 735//1122
f 787//1123 790//1123 738//1123
f 788//1124 787//1124 735//1124
f 810//1125 735//1125 733//1125
f 810//1126 788//1126 735//1126
f 809//1127 810//1127 733//1127
f 808//1128 733//1128 732//1128
f 808//1129 809//1129 733//1129
f 807//1130 808//1130 732//1130
f 729//1131 807//1131 732//1131
f 806//1132 807//1132 729//1132
f 727//1133 806//1133 729//1133
f 725//1134 805//1134 727//1134
f 804//1135 805//1135 725//1135
f 724//1136 804//1136 725//1136
f 803//1137 804//1137 724//1137
f 802//1138 724//1138 722//1138
f 802//1139 803//1139 724//1139
f 799//1140 722//1140 719//1140
f 799//1141 802//1141 722//1141
f 800//1142 799//1142 719//1142
f 822//1143 719//1143 717//1143
f 822//1144 800//1144 719//1144
f 821//1145 822//1145 717//1145
f 820//1146 717//1146 716//1146
f 820//1147 821//1147 717//1147
f 819//1148 820//1148 716//1148
f 714//1149 819//1149 716//1149
f 818//1150 819//1150 714//1150
f 712//1151 818//1151 714//1151
f 709//1152 817//1152 712//1152
f 816//1153 817//1153 709//1153
f 708//1154 816//1154 709//1154
f 815//1155 816//1155 708//1155
f 814//1156 708//1156 711//1156
f 814//1157 815//1157 708//1157
f 811//1158 711//1158 710//1158
f 811//1159 814//1159 711//1159
f 812//1160 811//1160 710//1160
f 823//1161 710//1161 713//1161
f 823//1162 812//1162 710//1162
f 824//1163 823//1163 713//1163
f 825//1164 713//1164 715//1164
f 825//1165 824//1165 713//1165
f 826//1166 825//1166 715//1166
f 718//1167 826//1167 715//1167
f 827//1168 826//1168 718//1168
f 721//1169 827//1169 718//1169
f 720//1170 828//1170 721//1170
f 829//1171 828//1171 720//1171
f 723//1172 829//1172 720//1172
f 830//1173 829//1173 723//1173
f 831//1174 723//1174 726//1174
f 831//1175 830//1175 723//1175
f 832//1176 726//1176 728//1176
f 832//1177 831//1177 726//1177
f 774//1178 832//1178 728//1178
f 773//1179 728//1179 730//1179
f 773//1180 774//1180 728//1180
f 772//1181 773//1181 730//1181
f 771//1182 730//1182 731//1182
f 771//1183 772//1183 730//1183
f 770//1184 771//1184 731//1184
f 734//1185 770//1185 731//1185
f 769//1186 770//1186 734//1186
f 736//1187 769//1187 734//1187
f 737//1188 767//1188 736//1188
f 766//1189 767//1189 737//1189
f 740//1190 766//1190 737//1190
f 765//1191 766//1191 740//1191
f 764//1192 740//1192 742//1192
f 764//1193 765//1193 740//1193
f 761//1194 742//1194 743//1194
f 761//1195 764//1195 742//1195
f 762//1196 761//1196 743//1196
f 786//1197 743//1197 746//1197
f 786//1198 762//1198 743//1198
f 785//1199 786//1199 746//1199
f 784//1200 746//1200 747//1200
f 784//1201 785//1201 746//1201
f 783//1202 784//1202 747//1202
f 749//1203 783//1203 747//1203
f 782//1204 783//1204 749//1204
f 751//1205 782//1205 749//1205
f 753//1206 781//1206 751//1206
f 780//1207 781//1207 753//1207
f 755//1208 780//1208 753//1208
f 779//1209 780//1209 755//1209
f 778//1210 755//1210 754//1210
f 778//1211 779//1211 755//1211
f 775//1212 754//1212 752//1212
f 775//1213 778//1213 754//1213
f 776//1214 775//1214 752//1214
f 798//1215 752//1215 750//1215
f 798//1216 776//1216 752//1216
f 797//1217 798//1217 750//1217
f 796//1218 750//1218 748//1218
f 796//1219 797//1219 750//1219
f 795//1220 796//1220 748//1220
f 745//1221 795//1221 748//1221
f 794//1222 795//1222 745//1222
f 744//1223 794//1223 745//1223
f 702//1224 170//1224 171//1224
f 702//1225 168//1225 170//1225
f 700//1226 168//1226 702//1226
f 700//1227 164//1227 168//1227
f 698//1228 164//1228 700//1228
f 698//1229 160//1229 164//1229
f 696//1230 160//1230 698//1230
f 696//1231 157//1231 160//1231
f 694//1232 157//1232 696//1232
f 694//1233 153//1233 157//1233
f 512//1234 153//1234 694//1234
f 512//1235 146//1235 153//1235
f 510//1236 146//1236 512//1236
f 510//1237 145//1237 146//1237
f 508//1238 145//1238 510//1238
f 508//1239 143//1239 145//1239
f 506//1240 143//1240 508//1240
f 506//1241 141//1241 143//1241
f 139//1242 141//1242 506//1242
f 504//1243 139//1243 506//1243
f 504//1244 137//1244 139//1244
f 502//1245 137//1245 504//1245
f 502//1246 135//1246 137//1246
f 500//1247 133//1247 135//1247
f 500//1248 135//1248 502//1248
f 498//1249 132//1249 133//1249
f 498//1250 133//1250 500//1250
f 130//1251 132//1251 498//1251
f 496//1252 128//1252 130//1252
f 496//1253 130//1253 498//1253
f 494//1254 126//1254 128//1254
f 494//1255 128//1255 496//1255
f 492//1256 124//1256 126//1256
f 492//1257 126//1257 494//1257
f 490//1258 122//1258 124//1258
f 490//1259 124//1259 492//1259
f 488//1260 122//1260 490//1260
f 488//1261 120//1261 122//1261
f 488//1262 119//1262 120//1262
f 486//1263 119//1263 488//1263
f 486//1264 117//1264 119//1264
f 484//1265 117//1265 486//1265
f 484//1266 115//1266 117//1266
f 482//1267 115//1267 484//1267
f 482//1268 113//1268 115//1268
f 480//1269 113//1269 482//1269
f 480//1270 111//1270 113//1270
f 478//1271 111//1271 480//1271
f 478//1272 109//1272 111//1272
f 475//1273 109//1273 478//1273
f 475//1274 107//1274 109//1274
f 474//1275 107//1275 475//1275
f 474//1276 105//1276 107//1276
f 692//1277 105//1277 474//1277
f 692//1278 215//1278 105//1278
f 690//1279 215//1279 692//1279
f 690//1280 213//1280 215//1280
f 688//1281 213//1281 690//1281
f 688//1282 212//1282 213//1282
f 686//1283 212//1283 688//1283
f 686//1284 208//1284 212//1284
f 686//1285 207//1285 208//1285
f 684//1286 207//1286 686//1286
f 684//1287 204//1287 207//1287
f 682//1288 200//1288 204//1288
f 682//1289 204//1289 684//1289
f 680//1290 200//1290 682//1290
f 680//1291 199//1291 200//1291
f 680//1292 196//1292 199//1292
f 678//1293 195//1293 196//1293
f 678//1294 196//1294 680//1294
f 676//1295 193//1295 195//1295
f 676//1296 192//1296 193//1296
f 676//1297 195//1297 678//1297
f 674//1298 192//1298 676//1298
f 668//1299 166//1299 173//1299
f 668//1300 173//1300 670//1300
f 666//1301 162//1301 166//1301
f 666//1302 166//1302 668//1302
f 664//1303 887//1303 162//1303
f 664//1304 162//1304 666//1304
f 662//1305 887//1305 664//1305
f 662//1306 888//1306 887//1306
f 660//1307 888//1307 662//1307
f 468//1308 889//1308 890//1308
f 468//1309 890//1309 470//1309
f 466//1310 891//1310 889//1310
f 466//1311 889//1311 468//1311
f 464//1312 892//1312 891//1312
f 464//1313 891//1313 466//1313
f 462//1314 892//1314 464//1314
f 450//1315 893//1315 894//1315
f 450//1316 894//1316 452//1316
f 448//1317 895//1317 893//1317
f 448//1318 893//1318 450//1318
f 446//1319 896//1319 895//1319
f 446//1320 895//1320 448//1320
f 444//1321 896//1321 446//1321
f 434//1322 897//1322 898//1322
f 434//1323 898//1323 435//1323
f 656//1324 899//1324 897//1324
f 656//1325 897//1325 434//1325
f 654//1326 899//1326 656//1326
f 644//1327 900//1327 646//1327
f 644//1328 901//1328 900//1328
f 642//1329 901//1329 644//1329
f 642//1330 902//1330 901//1330
f 640//1331 902//1331 642//1331
f 640//1332 903//1332 902//1332
f 638//1333 903//1333 640//1333
f 638//1334 904//1334 903//1334
f 636//1335 904//1335 638//1335
f 424//1336 905//1336 906//1336
f 422//1337 907//1337 905//1337
f 422//1338 905//1338 424//1338
f 408//1339 908//1339 909//1339
f 408//1340 909//1340 410//1340
f 406//1341 908//1341 408//1341
f 394//1342 910//1342 911//1342
f 620//1343 910//1343 394//1343
f 608//1344 912//1344 610//1344
f 608//1345 913//1345 912//1345
f 606//1346 913//1346 608//1346
f 606//1347 914//1347 913//1347
f 604//1348 914//1348 606//1348
f 604//1349 915//1349 914//1349
f 602//1350 915//1350 604//1350
f 602//1351 916//1351 915//1351
f 600//1352 916//1352 602//1352
f 590//1353 917//1353 918//1353
f 590//1354 918//1354 592//1354
f 384//1355 919//1355 920//1355
f 382//1356 919//1356 384//1356
f 382//1357 921//1357 919//1357
f 366//1358 922//1358 368//1358
f 366//1359 923//1359 922//1359
f 364//1360 923//1360 366//1360
f 364//1361 924//1361 923//1361
f 362//1362 924//1362 364//1362
f 362//1363 925//1363 924//1363
f 360//1364 925//1364 362//1364
f 584//1365 926//1365 927//1365
f 566//1366 928//1366 568//1366
f 566//1367 929//1367 928//1367
f 550//1368 930//1368 931//1368
f 352//1369 930//1369 550//1369
f 342//1370 932//1370 933//1370
f 326//1371 934//1371 935//1371
f 326//1372 935//1372 328//1372
f 324//1373 936//1373 934//1373
f 324//1374 934//1374 326//1374
f 322//1375 936//1375 324//1375
f 548//1376 937//1376 938//1376
f 532//1377 939//1377 940//1377
f 530//1378 941//1378 939//1378
f 530//1379 939//1379 532//1379
f 302//1380 942//1380 943//1380
f 286//1381 944//1381 288//1381
f 286//1382 945//1382 944//1382
f 286//1383 946//1383 945//1383
f 284//1384 947//1384 946//1384
f 284//1385 946//1385 286//1385
f 282//1386 948//1386 947//1386
f 282//1387 947//1387 284//1387
f 280//1388 948//1388 282//1388
f 275//1389 949//1389 950//1389
f 275//1390 43//1390 949//1390
f 275//1391 950//1391 278//1391
f 274//1392 44//1392 43//1392
f 274//1393 43//1393 275//1393
f 760//1394 47//1394 44//1394
f 760//1395 44//1395 274//1395
f 50//1396 47//1396 760//1396
f 759//1397 52//1397 50//1397
f 759//1398 50//1398 760//1398
f 758//1399 66//1399 52//1399
f 758//1400 52//1400 759//1400
f 757//1401 66//1401 758//1401
f 70//1402 66//1402 757//1402
f 756//1403 70//1403 757//1403
f 71//1404 70//1404 756//1404
f 63//1405 71//1405 756//1405
f 951//1406 672//1406 670//1406
f 951//1407 173//1407 187//1407
f 951//1408 670//1408 173//1408
f 952//1409 953//1409 954//1409
f 952//1410 658//1410 472//1410
f 955//1411 956//1411 957//1411
f 955//1412 460//1412 458//1412
f 958//1413 959//1413 956//1413
f 958//1414 956//1414 955//1414
f 958//1415 458//1415 456//1415
f 958//1416 955//1416 458//1416
f 960//1417 961//1417 959//1417
f 960//1418 456//1418 454//1418
f 960//1419 959//1419 958//1419
f 960//1420 958//1420 456//1420
f 962//1421 963//1421 964//1421
f 962//1422 442//1422 440//1422
f 965//1423 963//1423 962//1423
f 965//1424 966//1424 963//1424
f 965//1425 962//1425 440//1425
f 965//1426 440//1426 438//1426
f 967//1427 968//1427 969//1427
f 967//1428 652//1428 650//1428
f 970//1429 971//1429 968//1429
f 970//1430 650//1430 648//1430
f 970//1431 968//1431 967//1431
f 970//1432 967//1432 650//1432
f 972//1433 973//1433 974//1433
f 972//1434 634//1434 632//1434
f 975//1435 973//1435 972//1435
f 975//1436 976//1436 973//1436
f 975//1437 972//1437 632//1437
f 975//1438 632//1438 630//1438
f 977//1439 978//1439 976//1439
f 977//1440 976//1440 975//1440
f 977//1441 975//1441 630//1441
f 977//1442 630//1442 628//1442
f 979//1443 980//1443 981//1443
f 979//1444 622//1444 432//1444
f 982//1445 980//1445 979//1445
f 982//1446 979//1446 432//1446
f 982//1447 983//1447 980//1447
f 982//1448 432//1448 430//1448
f 984//1449 985//1449 983//1449
f 984//1450 983//1450 982//1450
f 984//1451 982//1451 430//1451
f 984//1452 430//1452 428//1452
f 986//1453 987//1453 988//1453
f 986//1454 418//1454 416//1454
f 989//1455 986//1455 416//1455
f 989//1456 990//1456 987//1456
f 989//1457 987//1457 986//1457
f 989//1458 416//1458 414//1458
f 991//1459 990//1459 989//1459
f 991//1460 989//1460 414//1460
f 991//1461 992//1461 990//1461
f 991//1462 414//1462 412//1462
f 993//1463 994//1463 995//1463
f 993//1464 402//1464 400//1464
f 996//1465 997//1465 994//1465
f 996//1466 994//1466 993//1466
f 996//1467 993//1467 400//1467
f 996//1468 400//1468 398//1468
f 998//1469 618//1469 616//1469
f 998//1470 999//1470 1000//1470
f 1001//1471 616//1471 614//1471
f 1001//1472 998//1472 616//1472
f 1001//1473 999//1473 998//1473
f 1001//1474 1002//1474 999//1474
f 1003//1475 614//1475 612//1475
f 1003//1476 1001//1476 614//1476
f 1003//1477 1004//1477 1002//1477
f 1003//1478 1002//1478 1001//1478
f 1005//1479 598//1479 596//1479
f 1005//1480 1006//1480 1007//1480
f 1008//1481 1005//1481 596//1481
f 1008//1482 596//1482 594//1482
f 1008//1483 1006//1483 1005//1483
f 1008//1484 1009//1484 1006//1484
f 1010//1485 586//1485 392//1485
f 1010//1486 1011//1486 1012//1486
f 1013//1487 392//1487 390//1487
f 1013//1488 1010//1488 392//1488
f 1013//1489 1011//1489 1010//1489
f 1013//1490 1014//1490 1011//1490
f 1015//1491 390//1491 388//1491
f 1015//1492 1014//1492 1013//1492
f 1015//1493 1016//1493 1014//1493
f 1015//1494 1013//1494 390//1494
f 1017//1495 378//1495 376//1495
f 1017//1496 1018//1496 1019//1496
f 1020//1497 1018//1497 1017//1497
f 1020//1498 376//1498 374//1498
f 1020//1499 1021//1499 1018//1499
f 1020//1500 1017//1500 376//1500
f 1022//1501 1020//1501 374//1501
f 1022//1502 374//1502 372//1502
f 1022//1503 1021//1503 1020//1503
f 1022//1504 1023//1504 1021//1504
f 1024//1505 372//1505 370//1505
f 1024//1506 1022//1506 372//1506
f 1024//1507 1023//1507 1022//1507
f 1024//1508 1025//1508 1023//1508
f 1026//1509 358//1509 355//1509
f 1026//1510 1027//1510 1028//1510
f 1029//1511 580//1511 578//1511
f 1029//1512 1030//1512 1031//1512
f 1032//1513 1030//1513 1029//1513
f 1032//1514 578//1514 576//1514
f 1032//1515 1029//1515 578//1515
f 1032//1516 1033//1516 1030//1516
f 1034//1517 1032//1517 576//1517
f 1034//1518 1033//1518 1032//1518
f 1034//1519 576//1519 574//1519
f 1034//1520 1035//1520 1033//1520
f 1036//1521 574//1521 572//1521
f 1036//1522 1034//1522 574//1522
f 1036//1523 1035//1523 1034//1523
f 1036//1524 1037//1524 1035//1524
f 1038//1525 1039//1525 1040//1525
f 1038//1526 562//1526 560//1526
f 1041//1527 1038//1527 560//1527
f 1041//1528 1042//1528 1039//1528
f 1041//1529 560//1529 558//1529
f 1041//1530 1039//1530 1038//1530
f 1043//1531 1044//1531 1042//1531
f 1043//1532 1042//1532 1041//1532
f 1043//1533 1041//1533 558//1533
f 1043//1534 558//1534 556//1534
f 1045//1535 1046//1535 1044//1535
f 1045//1536 1044//1536 1043//1536
f 1045//1537 556//1537 554//1537
f 1045//1538 1043//1538 556//1538
f 1047//1539 1048//1539 1049//1539
f 1047//1540 350//1540 348//1540
f 1050//1541 1047//1541 348//1541
f 1050//1542 1051//1542 1048//1542
f 1050//1543 348//1543 346//1543
f 1050//1544 1048//1544 1047//1544
f 1052//1545 1053//1545 1054//1545
f 1052//1546 338//1546 336//1546
f 1055//1547 1056//1547 1053//1547
f 1055//1548 1053//1548 1052//1548
f 1055//1549 1052//1549 336//1549
f 1055//1550 336//1550 334//1550
f 1057//1551 1058//1551 1056//1551
f 1057//1552 1056//1552 1055//1552
f 1057//1553 334//1553 332//1553
f 1057//1554 1055//1554 334//1554
f 1059//1555 1060//1555 1058//1555
f 1059//1556 332//1556 330//1556
f 1059//1557 1058//1557 1057//1557
f 1059//1558 1057//1558 332//1558
f 1061//1559 1062//1559 1063//1559
f 1061//1560 320//1560 318//1560
f 1064//1561 1065//1561 1062//1561
f 1064//1562 1062//1562 1061//1562
f 1064//1563 1061//1563 318//1563
f 1064//1564 318//1564 315//1564
f 1066//1565 1067//1565 1068//1565
f 1066//1566 544//1566 542//1566
f 1069//1567 1070//1567 1067//1567
f 1069//1568 1066//1568 542//1568
f 1069//1569 542//1569 540//1569
f 1069//1570 1067//1570 1066//1570
f 1071//1571 1069//1571 540//1571
f 1071//1572 1072//1572 1070//1572
f 1071//1573 540//1573 538//1573
f 1071//1574 1070//1574 1069//1574
f 1073//1575 1072//1575 1071//1575
f 1073//1576 1074//1576 1072//1576
f 1073//1577 1071//1577 538//1577
f 1073//1578 538//1578 536//1578
f 1075//1579 1076//1579 1077//1579
f 1075//1580 526//1580 524//1580
f 1078//1581 1076//1581 1075//1581
f 1078//1582 1079//1582 1076//1582
f 1078//1583 1075//1583 524//1583
f 1078//1584 524//1584 522//1584
f 1080//1585 1078//1585 522//1585
f 1080//1586 1081//1586 1079//1586
f 1080//1587 1079//1587 1078//1587
f 1080//1588 522//1588 520//1588
f 1082//1589 1081//1589 1080//1589
f 1082//1590 1080//1590 520//1590
f 1082//1591 1083//1591 1081//1591
f 1082//1592 520//1592 518//1592
f 1084//1593 1085//1593 1086//1593
f 1084//1594 312//1594 310//1594
f 1087//1595 1088//1595 1085//1595
f 1087//1596 1085//1596 1084//1596
f 1087//1597 1084//1597 310//1597
f 1087//1598 310//1598 308//1598
f 1089//1599 1090//1599 1088//1599
f 1089//1600 1088//1600 1087//1600
f 1089//1601 308//1601 306//1601
f 1089//1602 1087//1602 308//1602
f 1091//1603 1092//1603 1093//1603
f 1091//1604 298//1604 296//1604
f 1094//1605 296//1605 294//1605
f 1094//1606 1091//1606 296//1606
f 1094//1607 1092//1607 1091//1607
f 1094//1608 1095//1608 1092//1608
f 1096//1609 294//1609 292//1609
f 1096//1610 1095//1610 1094//1610
f 1096//1611 1094//1611 294//1611
f 1096//1612 1097//1612 1095//1612
f 1098//1613 292//1613 290//1613
f 1098//1614 1099//1614 1097//1614
f 1098//1615 1096//1615 292//1615
f 1098//1616 1097//1616 1096//1616
f 1100//1617 950//1617 948//1617
f 1100//1618 280//1618 278//1618
f 1100//1619 948//1619 280//1619
f 1100//1620 278//1620 950//1620
f 1101//1621 187//1621 192//1621
f 1101//1622 192//1622 674//1622
f 1101//1623 951//1623 187//1623
f 1102//1624 1101//1624 674//1624
f 1102//1625 674//1625 672//1625
f 1102//1626 951//1626 1101//1626
f 1102//1627 672//1627 951//1627
f 1103//1628 888//1628 660//1628
f 1103//1629 954//1629 888//1629
f 1103//1630 952//1630 954//1630
f 1103//1631 658//1631 952//1631
f 1103//1632 660//1632 658//1632
f 1104//1633 890//1633 953//1633
f 1104//1634 470//1634 890//1634
f 1104//1635 953//1635 952//1635
f 1104//1636 952//1636 472//1636
f 1104//1637 472//1637 470//1637
f 1105//1638 957//1638 892//1638
f 1105//1639 892//1639 462//1639
f 1105//1640 955//1640 957//1640
f 1105//1641 462//1641 460//1641
f 1105//1642 460//1642 955//1642
f 1106//1643 960//1643 454//1643
f 1106//1644 894//1644 961//1644
f 1106//1645 454//1645 452//1645
f 1106//1646 452//1646 894//1646
f 1106//1647 961//1647 960//1647
f 1107//1648 962//1648 964//1648
f 1107//1649 964//1649 896//1649
f 1107//1650 442//1650 962//1650
f 1107//1651 444//1651 442//1651
f 1107//1652 896//1652 444//1652
f 1108//1653 898//1653 966//1653
f 1108//1654 966//1654 965//1654
f 1108//1655 438//1655 435//1655
f 1108//1656 965//1656 438//1656
f 1108//1657 435//1657 898//1657
f 1109//1658 969//1658 899//1658
f 1109//1659 654//1659 652//1659
f 1109//1660 967//1660 969//1660
f 1109//1661 652//1661 967//1661
f 1109//1662 899//1662 654//1662
f 1110//1663 971//1663 970//1663
f 1110//1664 646//1664 900//1664
f 1110//1665 970//1665 648//1665
f 1110//1666 900//1666 971//1666
f 1110//1667 648//1667 646//1667
f 1111//1668 972//1668 974//1668
f 1111//1669 904//1669 636//1669
f 1111//1670 974//1670 904//1670
f 1111//1671 634//1671 972//1671
f 1111//1672 636//1672 634//1672
f 1112//1673 628//1673 626//1673
f 1112//1674 978//1674 977//1674
f 1112//1675 977//1675 628//1675
f 1113//1676 622//1676 979//1676
f 1113//1677 624//1677 622//1677
f 1114//1678 984//1678 428//1678
f 1114//1679 428//1679 426//1679
f 1115//1680 420//1680 418//1680
f 1115//1681 418//1681 986//1681
f 1116//1682 992//1682 991//1682
f 1116//1683 909//1683 992//1683
f 1116//1684 991//1684 412//1684
f 1116//1685 412//1685 410//1685
f 1116//1686 410//1686 909//1686
f 1117//1687 402//1687 993//1687
f 1117//1688 404//1688 402//1688
f 1118//1689 996//1689 398//1689
f 1118//1690 398//1690 395//1690
f 1119//1691 618//1691 998//1691
f 1119//1692 910//1692 620//1692
f 1119//1693 998//1693 1000//1693
f 1119//1694 1000//1694 910//1694
f 1119//1695 620//1695 618//1695
f 1120//1696 612//1696 610//1696
f 1120//1697 610//1697 912//1697
f 1120//1698 912//1698 1004//1698
f 1120//1699 1003//1699 612//1699
f 1120//1700 1004//1700 1003//1700
f 1121//1701 598//1701 1005//1701
f 1121//1702 600//1702 598//1702
f 1121//1703 1005//1703 1007//1703
f 1121//1704 916//1704 600//1704
f 1121//1705 1007//1705 916//1705
f 1122//1706 594//1706 592//1706
f 1122//1707 1008//1707 594//1707
f 1122//1708 1009//1708 1008//1708
f 1122//1709 918//1709 1009//1709
f 1122//1710 592//1710 918//1710
f 1123//1711 588//1711 586//1711
f 1123//1712 586//1712 1010//1712
f 1124//1713 388//1713 386//1713
f 1124//1714 1015//1714 388//1714
f 1125//1715 380//1715 378//1715
f 1125//1716 378//1716 1017//1716
f 1126//1717 370//1717 368//1717
f 1126//1718 368//1718 922//1718
f 1126//1719 1024//1719 370//1719
f 1126//1720 1025//1720 1024//1720
f 1126//1721 922//1721 1025//1721
f 1127//1722 925//1722 360//1722
f 1127//1723 1026//1723 1028//1723
f 1127//1724 1028//1724 925//1724
f 1128//1725 1127//1725 360//1725
f 1128//1726 1026//1726 1127//1726
f 1128//1727 360//1727 358//1727
f 1128//1728 358//1728 1026//1728
f 1129//1729 355//1729 354//1729
f 1129//1730 1026//1730 355//1730
f 1130//1731 582//1731 580//1731
f 1130//1732 580//1732 1029//1732
f 1131//1733 572//1733 570//1733
f 1131//1734 1036//1734 572//1734
f 1132//1735 562//1735 1038//1735
f 1132//1736 564//1736 562//1736
f 1133//1737 554//1737 552//1737
f 1133//1738 1045//1738 554//1738
f 1134//1739 1049//1739 930//1739
f 1134//1740 930//1740 352//1740
f 1134//1741 352//1741 350//1741
f 1134//1742 1047//1742 1049//1742
f 1134//1743 350//1743 1047//1743
f 1135//1744 1050//1744 346//1744
f 1135//1745 346//1745 344//1745
f 1136//1746 338//1746 1052//1746
f 1136//1747 340//1747 338//1747
f 1137//1748 1059//1748 330//1748
f 1137//1749 935//1749 1060//1749
f 1137//1750 330//1750 328//1750
f 1137//1751 328//1751 935//1751
f 1137//1752 1060//1752 1059//1752
f 1138//1753 1063//1753 936//1753
f 1138//1754 1061//1754 1063//1754
f 1138//1755 320//1755 1061//1755
f 1138//1756 322//1756 320//1756
f 1138//1757 936//1757 322//1757
f 1139//1758 1064//1758 315//1758
f 1139//1759 315//1759 314//1759
f 1140//1760 546//1760 544//1760
f 1140//1761 544//1761 1066//1761
f 1141//1762 1073//1762 536//1762
f 1141//1763 536//1763 534//1763
f 1142//1764 526//1764 1075//1764
f 1142//1765 528//1765 526//1765
f 1143//1766 1082//1766 518//1766
f 1143//1767 518//1767 516//1767
f 1144//1768 312//1768 1084//1768
f 1144//1769 514//1769 312//1769
f 1145//1770 1089//1770 306//1770
f 1145//1771 306//1771 304//1771
f 1146//1772 298//1772 1091//1772
f 1146//1773 300//1773 298//1773
f 1147//1774 290//1774 288//1774
f 1147//1775 288//1775 944//1775
f 1147//1776 944//1776 1099//1776
f 1147//1777 1098//1777 290//1777
f 1147//1778 1099//1778 1098//1778
f 1148//1779 979//1779 981//1779
f 1148//1780 1113//1780 979//1780
f 1148//1781 624//1781 1113//1781
f 1148//1782 981//1782 1149//1782
f 1150//1783 984//1783 1114//1783
f 1150//1784 1114//1784 426//1784
f 1150//1785 906//1785 985//1785
f 1150//1786 985//1786 984//1786
f 1150//1787 424//1787 906//1787
f 1150//1788 426//1788 424//1788
f 1151//1789 1115//1789 986//1789
f 1151//1790 988//1790 907//1790
f 1151//1791 420//1791 1115//1791
f 1151//1792 907//1792 422//1792
f 1151//1793 422//1793 420//1793
f 1151//1794 986//1794 988//1794
f 1152//1795 1117//1795 993//1795
f 1152//1796 995//1796 1153//1796
f 1152//1797 993//1797 995//1797
f 1154//1798 394//1798 911//1798
f 1154//1799 911//1799 997//1799
f 1154//1800 996//1800 1118//1800
f 1154//1801 1118//1801 395//1801
f 1154//1802 395//1802 394//1802
f 1154//1803 997//1803 996//1803
f 1155//1804 590//1804 588//1804
f 1155//1805 1010//1805 1012//1805
f 1155//1806 1012//1806 917//1806
f 1155//1807 588//1807 1123//1807
f 1155//1808 917//1808 590//1808
f 1155//1809 1123//1809 1010//1809
f 1156//1810 384//1810 920//1810
f 1156//1811 386//1811 384//1811
f 1156//1812 1016//1812 1015//1812
f 1156//1813 920//1813 1016//1813
f 1156//1814 1015//1814 1124//1814
f 1156//1815 1124//1815 386//1815
f 1157//1816 380//1816 1125//1816
f 1157//1817 921//1817 382//1817
f 1157//1818 382//1818 380//1818
f 1157//1819 1125//1819 1017//1819
f 1157//1820 1019//1820 921//1820
f 1157//1821 1017//1821 1019//1821
f 1158//1822 354//1822 584//1822
f 1158//1823 584//1823 927//1823
f 1158//1824 1027//1824 1026//1824
f 1158//1825 1129//1825 354//1825
f 1158//1826 1026//1826 1129//1826
f 1158//1827 927//1827 1027//1827
f 1159//1828 1130//1828 1029//1828
f 1159//1829 584//1829 582//1829
f 1159//1830 926//1830 584//1830
f 1159//1831 582//1831 1130//1831
f 1159//1832 1029//1832 1031//1832
f 1159//1833 1031//1833 926//1833
f 1160//1834 1037//1834 1036//1834
f 1160//1835 1036//1835 1131//1835
f 1160//1836 1161//1836 1037//1836
f 1162//1837 1040//1837 929//1837
f 1162//1838 1132//1838 1038//1838
f 1162//1839 564//1839 1132//1839
f 1162//1840 929//1840 566//1840
f 1162//1841 566//1841 564//1841
f 1162//1842 1038//1842 1040//1842
f 1163//1843 931//1843 1046//1843
f 1163//1844 1133//1844 552//1844
f 1163//1845 1045//1845 1133//1845
f 1163//1846 550//1846 931//1846
f 1163//1847 552//1847 550//1847
f 1163//1848 1046//1848 1045//1848
f 1164//1849 1051//1849 1050//1849
f 1164//1850 933//1850 1051//1850
f 1164//1851 1135//1851 344//1851
f 1164//1852 1050//1852 1135//1852
f 1164//1853 342//1853 933//1853
f 1164//1854 344//1854 342//1854
f 1165//1855 1054//1855 932//1855
f 1165//1856 1052//1856 1054//1856
f 1165//1857 932//1857 342//1857
f 1165//1858 342//1858 340//1858
f 1165//1859 1136//1859 1052//1859
f 1165//1860 340//1860 1136//1860
f 1166//1861 1064//1861 1139//1861
f 1166//1862 1139//1862 314//1862
f 1166//1863 938//1863 1065//1863
f 1166//1864 1065//1864 1064//1864
f 1166//1865 314//1865 548//1865
f 1166//1866 548//1866 938//1866
f 1167//1867 937//1867 548//1867
f 1167//1868 546//1868 1140//1868
f 1167//1869 1068//1869 937//1869
f 1167//1870 1140//1870 1066//1870
f 1167//1871 1066//1871 1068//1871
f 1167//1872 548//1872 546//1872
f 1168//1873 1141//1873 534//1873
f 1168//1874 940//1874 1074//1874
f 1168//1875 1073//1875 1141//1875
f 1168//1876 1074//1876 1073//1876
f 1168//1877 532//1877 940//1877
f 1168//1878 534//1878 532//1878
f 1169//1879 1077//1879 941//1879
f 1169//1880 941//1880 530//1880
f 1169//1881 528//1881 1142//1881
f 1169//1882 1075//1882 1077//1882
f 1169//1883 1142//1883 1075//1883
f 1169//1884 530//1884 528//1884
f 1170//1885 1171//1885 1083//1885
f 1170//1886 1083//1886 1082//1886
f 1170//1887 1143//1887 516//1887
f 1170//1888 1082//1888 1143//1888
f 1172//1889 1086//1889 1171//1889
f 1172//1890 1084//1890 1086//1890
f 1172//1891 1144//1891 1084//1891
f 1172//1892 514//1892 1144//1892
f 1172//1893 516//1893 514//1893
f 1172//1894 1171//1894 1170//1894
f 1172//1895 1170//1895 516//1895
f 1173//1896 1090//1896 1089//1896
f 1173//1897 943//1897 1090//1897
f 1173//1898 1089//1898 1145//1898
f 1173//1899 1145//1899 304//1899
f 1173//1900 304//1900 302//1900
f 1173//1901 302//1901 943//1901
f 1174//1902 1091//1902 1093//1902
f 1174//1903 1093//1903 942//1903
f 1174//1904 1146//1904 1091//1904
f 1174//1905 300//1905 1146//1905
f 1174//1906 302//1906 300//1906
f 1174//1907 942//1907 302//1907
f 1175//1908 1148//1908 1149//1908
f 1175//1909 624//1909 1148//1909
f 1175//1910 1149//1910 978//1910
f 1175//1911 626//1911 624//1911
f 1175//1912 1112//1912 626//1912
f 1175//1913 978//1913 1112//1913
f 1176//1914 1153//1914 908//1914
f 1176//1915 1117//1915 1152//1915
f 1176//1916 404//1916 1117//1916
f 1176//1917 1152//1917 1153//1917
f 1176//1918 406//1918 404//1918
f 1176//1919 908//1919 406//1919
f 1177//1920 568//1920 928//1920
f 1177//1921 570//1921 568//1921
f 1177//1922 1131//1922 570//1922
f 1177//1923 1160//1923 1131//1923
f 1177//1924 1161//1924 1160//1924
f 1177//1925 928//1925 1161//1925
f 155//1926 162//1926 887//1926
f 888//1927 155//1927 887//1927
f 888//1928 152//1928 155//1928
f 954//1929 152//1929 888//1929
f 954//1930 149//1930 152//1930
f 150//1931 149//1931 954//1931
f 953//1932 150//1932 954//1932
f 953//1933 1178//1933 150//1933
f 890//1934 1179//1934 1178//1934
f 890//1935 1178//1935 953//1935
f 889//1936 1180//1936 1179//1936
f 889//1937 1179//1937 890//1937
f 891//1938 1181//1938 1180//1938
f 891//1939 1180//1939 889//1939
f 892//1940 1182//1940 1181//1940
f 892//1941 1181//1941 891//1941
f 957//1942 1183//1942 1182//1942
f 957//1943 1182//1943 892//1943
f 956//1944 1184//1944 1183//1944
f 956//1945 1183//1945 957//1945
f 959//1946 1185//1946 1184//1946
f 959//1947 1184//1947 956//1947
f 961//1948 1186//1948 1185//1948
f 961//1949 1185//1949 959//1949
f 894//1950 1187//1950 1186//1950
f 894//1951 1186//1951 961//1951
f 893//1952 1188//1952 1187//1952
f 893//1953 1187//1953 894//1953
f 895//1954 1189//1954 1188//1954
f 895//1955 1188//1955 893//1955
f 896//1956 1190//1956 1189//1956
f 896//1957 1189//1957 895//1957
f 964//1958 1191//1958 1190//1958
f 964//1959 1190//1959 896//1959
f 963//1960 1192//1960 1191//1960
f 963//1961 1191//1961 964//1961
f 966//1962 1193//1962 1192//1962
f 966//1963 1192//1963 963//1963
f 898//1964 1194//1964 1193//1964
f 898//1965 1193//1965 966//1965
f 897//1966 1195//1966 1194//1966
f 897//1967 1194//1967 898//1967
f 899//1968 1196//1968 1195//1968
f 899//1969 1195//1969 897//1969
f 969//1970 1197//1970 1196//1970
f 969//1971 1196//1971 899//1971
f 968//1972 1197//1972 969//1972
f 968//1973 1198//1973 1197//1973
f 971//1974 1198//1974 968//1974
f 971//1975 1199//1975 1198//1975
f 900//1976 1199//1976 971//1976
f 900//1977 1200//1977 1199//1977
f 901//1978 1200//1978 900//1978
f 901//1979 1201//1979 1200//1979
f 902//1980 1201//1980 901//1980
f 902//1981 1202//1981 1201//1981
f 903//1982 1202//1982 902//1982
f 903//1983 1203//1983 1202//1983
f 904//1984 1203//1984 903//1984
f 904//1985 1204//1985 1203//1985
f 974//1986 1204//1986 904//1986
f 974//1987 1205//1987 1204//1987
f 973//1988 1206//1988 1205//1988
f 973//1989 1205//1989 974//1989
f 976//1990 1207//1990 1206//1990
f 976//1991 1206//1991 973//1991
f 978//1992 1208//1992 1207//1992
f 978//1993 1207//1993 976//1993
f 1149//1994 1209//1994 1208//1994
f 1149//1995 1208//1995 978//1995
f 981//1996 1210//1996 1209//1996
f 981//1997 1209//1997 1149//1997
f 980//1998 1211//1998 1210//1998
f 980//1999 1210//1999 981//1999
f 983//2000 1212//2000 1211//2000
f 983//2001 1211//2001 980//2001
f 985//2002 1213//2002 1212//2002
f 985//2003 1212//2003 983//2003
f 906//2004 1214//2004 1213//2004
f 906//2005 1213//2005 985//2005
f 905//2006 1215//2006 1214//2006
f 905//2007 1214//2007 906//2007
f 907//2008 1216//2008 1215//2008
f 907//2009 1215//2009 905//2009
f 988//2010 1217//2010 1216//2010
f 988//2011 1216//2011 907//2011
f 987//2012 1218//2012 1217//2012
f 987//2013 1217//2013 988//2013
f 990//2014 1219//2014 1218//2014
f 990//2015 1218//2015 987//2015
f 992//2016 1220//2016 1219//2016
f 992//2017 1219//2017 990//2017
f 909//2018 1221//2018 1220//2018
f 909//2019 1220//2019 992//2019
f 908//2020 1222//2020 1221//2020
f 908//2021 1221//2021 909//2021
f 1153//2022 1222//2022 908//2022
f 1153//2023 1223//2023 1222//2023
f 995//2024 1223//2024 1153//2024
f 995//2025 1224//2025 1223//2025
f 994//2026 1224//2026 995//2026
f 994//2027 1225//2027 1224//2027
f 997//2028 1225//2028 994//2028
f 997//2029 1226//2029 1225//2029
f 911//2030 1226//2030 997//2030
f 911//2031 1227//2031 1226//2031
f 910//2032 1227//2032 911//2032
f 910//2033 1228//2033 1227//2033
f 1000//2034 1228//2034 910//2034
f 1000//2035 1229//2035 1228//2035
f 999//2036 1229//2036 1000//2036
f 999//2037 1230//2037 1229//2037
f 1002//2038 1230//2038 999//2038
f 1002//2039 1231//2039 1230//2039
f 1004//2040 1231//2040 1002//2040
f 1004//2041 1232//2041 1231//2041
f 912//2042 1232//2042 1004//2042
f 912//2043 1233//2043 1232//2043
f 913//2044 1233//2044 912//2044
f 913//2045 1234//2045 1233//2045
f 914//2046 1234//2046 913//2046
f 914//2047 1235//2047 1234//2047
f 915//2048 1235//2048 914//2048
f 915//2049 1236//2049 1235//2049
f 916//2050 1236//2050 915//2050
f 916//2051 1237//2051 1236//2051
f 1007//2052 1237//2052 916//2052
f 1007//2053 1238//2053 1237//2053
f 1006//2054 1238//2054 1007//2054
f 1006//2055 1239//2055 1238//2055
f 1009//2056 1240//2056 1239//2056
f 1009//2057 1239//2057 1006//2057
f 918//2058 1241//2058 1240//2058
f 918//2059 1240//2059 1009//2059
f 917//2060 1242//2060 1241//2060
f 917//2061 1241//2061 918//2061
f 1012//2062 1243//2062 1242//2062
f 1012//2063 1242//2063 917//2063
f 1011//2064 1244//2064 1243//2064
f 1011//2065 1243//2065 1012//2065
f 1014//2066 1245//2066 1244//2066
f 1014//2067 1244//2067 1011//2067
f 1016//2068 1246//2068 1245//2068
f 1016//2069 1245//2069 1014//2069
f 920//2070 1247//2070 1246//2070
f 920//2071 1246//2071 1016//2071
f 919//2072 1247//2072 920//2072
f 919//2073 1248//2073 1247//2073
f 921//2074 1248//2074 919//2074
f 921//2075 1249//2075 1248//2075
f 1019//2076 1249//2076 921//2076
f 1019//2077 1250//2077 1249//2077
f 1018//2078 1250//2078 1019//2078
f 1018//2079 1251//2079 1250//2079
f 1021//2080 1251//2080 1018//2080
f 1021//2081 1252//2081 1251//2081
f 1023//2082 1252//2082 1021//2082
f 1023//2083 1253//2083 1252//2083
f 1025//2084 1253//2084 1023//2084
f 1025//2085 1254//2085 1253//2085
f 922//2086 1254//2086 1025//2086
f 922//2087 1255//2087 1254//2087
f 923//2088 1255//2088 922//2088
f 923//2089 1256//2089 1255//2089
f 924//2090 1256//2090 923//2090
f 924//2091 1257//2091 1256//2091
f 925//2092 1257//2092 924//2092
f 925//2093 1258//2093 1257//2093
f 1028//2094 1258//2094 925//2094
f 1028//2095 1259//2095 1258//2095
f 1027//2096 1259//2096 1028//2096
f 1027//2097 1260//2097 1259//2097
f 927//2098 1260//2098 1027//2098
f 927//2099 1261//2099 1260//2099
f 926//2100 1261//2100 927//2100
f 926//2101 1262//2101 1261//2101
f 1031//2102 1262//2102 926//2102
f 1031//2103 1263//2103 1262//2103
f 1030//2104 1263//2104 1031//2104
f 1030//2105 1264//2105 1263//2105
f 1033//2106 1264//2106 1030//2106
f 1033//2107 1265//2107 1264//2107
f 1035//2108 1265//2108 1033//2108
f 1035//2109 1266//2109 1265//2109
f 1037//2110 1266//2110 1035//2110
f 1037//2111 1267//2111 1266//2111
f 1161//2112 1267//2112 1037//2112
f 1161//2113 1268//2113 1267//2113
f 928//2114 1268//2114 1161//2114
f 928//2115 1269//2115 1268//2115
f 929//2116 1269//2116 928//2116
f 929//2117 1270//2117 1269//2117
f 1040//2118 1270//2118 929//2118
f 1040//2119 1271//2119 1270//2119
f 1039//2120 1271//2120 1040//2120
f 1039//2121 1272//2121 1271//2121
f 1042//2122 1273//2122 1272//2122
f 1042//2123 1272//2123 1039//2123
f 1044//2124 1273//2124 1042//2124
f 1044//2125 1274//2125 1273//2125
f 1046//2126 1275//2126 1274//2126
f 1046//2127 1274//2127 1044//2127
f 931//2128 1276//2128 1275//2128
f 931//2129 1275//2129 1046//2129
f 930//2130 1277//2130 1276//2130
f 930//2131 1276//2131 931//2131
f 1049//2132 1278//2132 1277//2132
f 1049//2133 1277//2133 930//2133
f 1048//2134 1279//2134 1278//2134
f 1048//2135 1278//2135 1049//2135
f 1051//2136 1280//2136 1279//2136
f 1051//2137 1279//2137 1048//2137
f 933//2138 1281//2138 1280//2138
f 933//2139 1280//2139 1051//2139
f 932//2140 1282//2140 1281//2140
f 932//2141 1281//2141 933//2141
f 1054//2142 1283//2142 1282//2142
f 1054//2143 1282//2143 932//2143
f 1053//2144 1284//2144 1283//2144
f 1053//2145 1283//2145 1054//2145
f 1056//2146 1285//2146 1284//2146
f 1056//2147 1284//2147 1053//2147
f 1058//2148 1286//2148 1285//2148
f 1058//2149 1285//2149 1056//2149
f 1060//2150 1287//2150 1286//2150
f 1060//2151 1286//2151 1058//2151
f 935//2152 1288//2152 1287//2152
f 935//2153 1287//2153 1060//2153
f 934//2154 1289//2154 1288//2154
f 934//2155 1288//2155 935//2155
f 936//2156 1290//2156 1289//2156
f 936//2157 1289//2157 934//2157
f 1063//2158 1291//2158 1290//2158
f 1063//2159 1290//2159 936//2159
f 1062//2160 1292//2160 1291//2160
f 1062//2161 1291//2161 1063//2161
f 1065//2162 1293//2162 1292//2162
f 1065//2163 1292//2163 1062//2163
f 938//2164 1294//2164 1293//2164
f 938//2165 1293//2165 1065//2165
f 937//2166 1295//2166 1294//2166
f 937//2167 1294//2167 938//2167
f 1068//2168 1296//2168 1295//2168
f 1068//2169 1295//2169 937//2169
f 1067//2170 1297//2170 1296//2170
f 1067//2171 1296//2171 1068//2171
f 1070//2172 1298//2172 1297//2172
f 1070//2173 1297//2173 1067//2173
f 1072//2174 1298//2174 1070//2174
f 1072//2175 1299//2175 1298//2175
f 1074//2176 1299//2176 1072//2176
f 1074//2177 1300//2177 1299//2177
f 940//2178 1300//2178 1074//2178
f 940//2179 1301//2179 1300//2179
f 939//2180 1301//2180 940//2180
f 939//2181 1302//2181 1301//2181
f 941//2182 1302//2182 939//2182
f 941//2183 1303//2183 1302//2183
f 1077//2184 1303//2184 941//2184
f 1077//2185 1304//2185 1303//2185
f 1076//2186 1304//2186 1077//2186
f 1076//2187 1305//2187 1304//2187
f 1079//2188 1305//2188 1076//2188
f 1079//2189 1306//2189 1305//2189
f 1081//2190 1307//2190 1306//2190
f 1081//2191 1306//2191 1079//2191
f 1083//2192 1308//2192 1307//2192
f 1083//2193 1307//2193 1081//2193
f 1171//2194 1309//2194 1308//2194
f 1171//2195 1308//2195 1083//2195
f 1086//2196 1310//2196 1309//2196
f 1086//2197 1309//2197 1171//2197
f 1085//2198 1311//2198 1310//2198
f 1085//2199 1310//2199 1086//2199
f 1088//2200 1312//2200 1311//2200
f 1088//2201 1311//2201 1085//2201
f 1090//2202 1313//2202 1312//2202
f 1090//2203 1312//2203 1088//2203
f 943//2204 1314//2204 1313//2204
f 943//2205 1313//2205 1090//2205
f 942//2206 1315//2206 1314//2206
f 942//2207 1314//2207 943//2207
f 1093//2208 1316//2208 1315//2208
f 1093//2209 1315//2209 942//2209
f 1092//2210 1317//2210 1316//2210
f 1092//2211 1316//2211 1093//2211
f 1095//2212 1318//2212 1317//2212
f 1095//2213 1317//2213 1092//2213
f 1097//2214 1319//2214 1318//2214
f 1097//2215 1318//2215 1095//2215
f 1099//2216 1320//2216 1319//2216
f 1099//2217 1319//2217 1097//2217
f 944//2218 1321//2218 1320//2218
f 944//2219 1320//2219 1099//2219
f 945//2220 1321//2220 944//2220
f 1322//2221 1321//2221 945//2221
f 946//2222 1322//2222 945//2222
f 1323//2223 1322//2223 946//2223
f 1324//2224 1323//2224 946//2224
f 1325//2225 1323//2225 1324//2225
f 1326//2226 1325//2226 1324//2226
f 1327//2227 1325//2227 1326//2227
f 1328//2228 1327//2228 1326//2228
f 1329//2229 1327//2229 1328//2229
f 1330//2230 1329//2230 1328//2230
f 191//2231 707//2231 183//2231
f 188//2232 706//2232 707//2232
f 188//2233 707//2233 191//2233
f 189//2234 705//2234 706//2234
f 189//2235 706//2235 188//2235
f 172//2236 704//2236 705//2236
f 172//2237 705//2237 189//2237
f 165//2238 703//2238 704//2238
f 165//2239 704//2239 172//2239
f 161//2240 701//2240 703//2240
f 161//2241 703//2241 165//2241
f 158//2242 699//2242 701//2242
f 158//2243 701//2243 161//2243
f 154//2244 697//2244 699//2244
f 154//2245 699//2245 158//2245
f 1186//2246 493//2246 495//2246
f 1186//2247 495//2247 1185//2247
f 1194//2248 477//2248 1193//2248
f 1194//2249 476//2249 477//2249
f 1199//2250 685//2250 1198//2250
f 1199//2251 683//2251 685//2251
f 1200//2252 683//2252 1199//2252
f 1207//2253 665//2253 667//2253
f 1207//2254 667//2254 1206//2254
f 1208//2255 665//2255 1207//2255
f 1212//2256 469//2256 471//2256
f 1213//2257 469//2257 1212//2257
f 1220//2258 453//2258 1219//2258
f 1220//2259 451//2259 453//2259
f 1221//2260 451//2260 1220//2260
f 1227//2261 437//2261 1226//2261
f 1232//2262 647//2262 649//2262
f 1232//2263 649//2263 1231//2263
f 1233//2264 647//2264 1232//2264
f 1240//2265 631//2265 1239//2265
f 1240//2266 629//2266 631//2266
f 1241//2267 629//2267 1240//2267
f 1245//2268 429//2268 431//2268
f 1246//2269 429//2269 1245//2269
f 1253//2270 411//2270 413//2270
f 1253//2271 413//2271 1252//2271
f 1254//2272 411//2272 1253//2272
f 1261//2273 621//2273 396//2273
f 1261//2274 396//2274 1260//2274
f 1266//2275 609//2275 611//2275
f 1267//2276 609//2276 1266//2276
f 1274//2277 591//2277 593//2277
f 1275//2278 591//2278 1274//2278
f 1279//2279 387//2279 389//2279
f 1280//2280 385//2280 387//2280
f 1280//2281 387//2281 1279//2281
f 1281//2282 385//2282 1280//2282
f 1281//2283 383//2283 385//2283
f 1294//2284 356//2284 1293//2284
f 1294//2285 585//2285 356//2285
f 1299//2286 573//2286 575//2286
f 1300//2287 573//2287 1299//2287
f 1307//2288 555//2288 557//2288
f 1308//2289 555//2289 1307//2289
f 1312//2290 347//2290 349//2290
f 1313//2291 347//2291 1312//2291
f 1313//2292 345//2292 347//2292
f 1314//2293 345//2293 1313//2293
f 1314//2294 343//2294 345//2294
f 1318//2295 333//2295 335//2295
f 1319//2296 331//2296 333//2296
f 1319//2297 333//2297 1318//2297
f 1320//2298 331//2298 1319//2298
f 1330//2299 316//2299 317//2299
f 1330//2300 317//2300 1329//2300
f 45//2301 316//2301 1330//2301
f 46//2302 316//2302 45//2302
f 46//2303 549//2303 316//2303
f 68//2304 541//2304 543//2304
f 72//2305 541//2305 68//2305
f 72//2306 539//2306 541//2306
f 75//2307 539//2307 72//2307
f 75//2308 537//2308 539//2308
f 78//2309 537//2309 75//2309
f 78//2310 535//2310 537//2310
f 79//2311 533//2311 535//2311
f 79//2312 535//2312 78//2312
f 82//2313 531//2313 533//2313
f 82//2314 533//2314 79//2314
f 86//2315 531//2315 82//2315
f 87//2316 529//2316 531//2316
f 87//2317 531//2317 86//2317
f 90//2318 527//2318 529//2318
f 90//2319 529//2319 87//2319
f 91//2320 525//2320 527//2320
f 91//2321 527//2321 90//2321
f 95//2322 523//2322 525//2322
f 95//2323 525//2323 91//2323
f 98//2324 521//2324 523//2324
f 98//2325 523//2325 95//2325
f 99//2326 519//2326 521//2326
f 99//2327 521//2327 98//2327
f 103//2328 517//2328 519//2328
f 103//2329 519//2329 99//2329
f 64//2330 515//2330 517//2330
f 64//2331 517//2331 103//2331
f 1//2332 313//2332 515//2332
f 1//2333 515//2333 64//2333
f 3//2334 311//2334 313//2334
f 3//2335 313//2335 1//2335
f 5//2336 309//2336 311//2336
f 5//2337 311//2337 3//2337
f 7//2338 307//2338 309//2338
f 7//2339 309//2339 5//2339
f 9//2340 305//2340 307//2340
f 9//2341 307//2341 7//2341
f 11//2342 303//2342 305//2342
f 11//2343 305//2343 9//2343
f 13//2344 301//2344 303//2344
f 13//2345 303//2345 11//2345
f 14//2346 301//2346 13//2346
f 16//2347 301//2347 14//2347
f 16//2348 299//2348 301//2348
f 18//2349 299//2349 16//2349
f 18//2350 297//2350 299//2350
f 20//2351 297//2351 18//2351
f 20//2352 295//2352 297//2352
f 22//2353 293//2353 295//2353
f 22//2354 295//2354 20//2354
f 24//2355 293//2355 22//2355
f 291//2356 293//2356 24//2356
f 25//2357 291//2357 24//2357
f 27//2358 289//2358 291//2358
f 27//2359 291//2359 25//2359
f 29//2360 287//2360 289//2360
f 29//2361 289//2361 27//2361
f 31//2362 285//2362 287//2362
f 31//2363 287//2363 29//2363
f 33//2364 283//2364 285//2364
f 33//2365 285//2365 31//2365
f 35//2366 283//2366 33//2366
f 281//2367 283//2367 35//2367
f 37//2368 281//2368 35//2368
f 279//2369 281//2369 37//2369
f 39//2370 279//2370 37//2370
f 277//2371 279//2371 39//2371
f 41//2372 276//2372 277//2372
f 41//2373 277//2373 39//2373
f 49//2374 276//2374 41//2374
f 1331//2375 695//2375 697//2375
f 1331//2376 154//2376 151//2376
f 1331//2377 697//2377 154//2377
f 1332//2378 513//2378 695//2378
f 1332//2379 151//2379 148//2379
f 1332//2380 695//2380 1331//2380
f 1332//2381 1331//2381 151//2381
f 1333//2382 505//2382 507//2382
f 1333//2383 1180//2383 1181//2383
f 1334//2384 505//2384 1333//2384
f 1334//2385 503//2385 505//2385
f 1334//2386 1181//2386 1182//2386
f 1334//2387 1333//2387 1181//2387
f 1335//2388 501//2388 503//2388
f 1335//2389 1182//2389 1183//2389
f 1335//2390 1334//2390 1182//2390
f 1335//2391 503//2391 1334//2391
f 1336//2392 499//2392 501//2392
f 1336//2393 1183//2393 1184//2393
f 1336//2394 1335//2394 1183//2394
f 1336//2395 501//2395 1335//2395
f 1337//2396 1188//2396 1189//2396
f 1337//2397 487//2397 489//2397
f 1338//2398 1189//2398 1190//2398
f 1338//2399 487//2399 1337//2399
f 1338//2400 1337//2400 1189//2400
f 1338//2401 485//2401 487//2401
f 1339//2402 1190//2402 1191//2402
f 1339//2403 485//2403 1338//2403
f 1339//2404 1338//2404 1190//2404
f 1339//2405 483//2405 485//2405
f 1340//2406 483//2406 1339//2406
f 1340//2407 1191//2407 1192//2407
f 1340//2408 1339//2408 1191//2408
f 1340//2409 481//2409 483//2409
f 1341//2410 1195//2410 1196//2410
f 1341//2411 691//2411 693//2411
f 1342//2412 1196//2412 1197//2412
f 1342//2413 689//2413 691//2413
f 1342//2414 691//2414 1341//2414
f 1342//2415 1341//2415 1196//2415
f 1343//2416 1201//2416 1202//2416
f 1343//2417 677//2417 679//2417
f 1344//2418 677//2418 1343//2418
f 1344//2419 1202//2419 1203//2419
f 1344//2420 1343//2420 1202//2420
f 1344//2421 675//2421 677//2421
f 1345//2422 675//2422 1344//2422
f 1345//2423 1344//2423 1203//2423
f 1345//2424 1203//2424 1204//2424
f 1345//2425 673//2425 675//2425
f 1346//2426 1345//2426 1204//2426
f 1346//2427 1204//2427 1205//2427
f 1346//2428 671//2428 673//2428
f 1346//2429 673//2429 1345//2429
f 1347//2430 1209//2430 1210//2430
f 1347//2431 659//2431 661//2431
f 1348//2432 659//2432 1347//2432
f 1348//2433 1347//2433 1210//2433
f 1348//2434 1210//2434 1211//2434
f 1348//2435 473//2435 659//2435
f 1349//2436 1214//2436 1215//2436
f 1349//2437 463//2437 465//2437
f 1350//2438 463//2438 1349//2438
f 1350//2439 1349//2439 1215//2439
f 1350//2440 461//2440 463//2440
f 1350//2441 1215//2441 1216//2441
f 1351//2442 459//2442 461//2442
f 1351//2443 1216//2443 1217//2443
f 1351//2444 1350//2444 1216//2444
f 1351//2445 461//2445 1350//2445
f 1352//2446 459//2446 1351//2446
f 1352//2447 457//2447 459//2447
f 1352//2448 1217//2448 1218//2448
f 1352//2449 1351//2449 1217//2449
f 1353//2450 445//2450 447//2450
f 1353//2451 1222//2451 1223//2451
f 1354//2452 1353//2452 1223//2452
f 1354//2453 445//2453 1353//2453
f 1354//2454 443//2454 445//2454
f 1354//2455 1223//2455 1224//2455
f 1355//2456 441//2456 443//2456
f 1355//2457 1224//2457 1225//2457
f 1355//2458 1354//2458 1224//2458
f 1355//2459 443//2459 1354//2459
f 1356//2460 655//2460 657//2460
f 1356//2461 1228//2461 1229//2461
f 1357//2462 1356//2462 1229//2462
f 1357//2463 653//2463 655//2463
f 1357//2464 655//2464 1356//2464
f 1357//2465 1229//2465 1230//2465
f 1358//2466 641//2466 643//2466
f 1358//2467 1234//2467 1235//2467
f 1359//2468 639//2468 641//2468
f 1359//2469 1358//2469 1235//2469
f 1359//2470 1235//2470 1236//2470
f 1359//2471 641//2471 1358//2471
f 1360//2472 637//2472 639//2472
f 1360//2473 639//2473 1359//2473
f 1360//2474 1359//2474 1236//2474
f 1360//2475 1236//2475 1237//2475
f 1361//2476 635//2476 637//2476
f 1361//2477 637//2477 1360//2477
f 1361//2478 1360//2478 1237//2478
f 1361//2479 1237//2479 1238//2479
f 1362//2480 623//2480 625//2480
f 1362//2481 1242//2481 1243//2481
f 1363//2482 623//2482 1362//2482
f 1363//2483 433//2483 623//2483
f 1363//2484 1243//2484 1244//2484
f 1363//2485 1362//2485 1243//2485
f 1364//2486 423//2486 425//2486
f 1364//2487 1247//2487 1248//2487
f 1365//2488 1248//2488 1249//2488
f 1365//2489 421//2489 423//2489
f 1365//2490 423//2490 1364//2490
f 1365//2491 1364//2491 1248//2491
f 1366//2492 1249//2492 1250//2492
f 1366//2493 419//2493 421//2493
f 1366//2494 421//2494 1365//2494
f 1366//2495 1365//2495 1249//2495
f 1367//2496 1250//2496 1251//2496
f 1367//2497 417//2497 419//2497
f 1367//2498 419//2498 1366//2498
f 1367//2499 1366//2499 1250//2499
f 1368//2500 1255//2500 1256//2500
f 1368//2501 405//2501 407//2501
f 1369//2502 1256//2502 1257//2502
f 1369//2503 403//2503 405//2503
f 1369//2504 405//2504 1368//2504
f 1369//2505 1368//2505 1256//2505
f 1370//2506 1257//2506 1258//2506
f 1370//2507 401//2507 403//2507
f 1370//2508 1369//2508 1257//2508
f 1370//2509 403//2509 1369//2509
f 1371//2510 1258//2510 1259//2510
f 1371//2511 399//2511 401//2511
f 1371//2512 1370//2512 1258//2512
f 1371//2513 401//2513 1370//2513
f 1372//2514 617//2514 619//2514
f 1372//2515 1262//2515 1263//2515
f 1373//2516 617//2516 1372//2516
f 1373//2517 615//2517 617//2517
f 1373//2518 1263//2518 1264//2518
f 1373//2519 1372//2519 1263//2519
f 1374//2520 603//2520 605//2520
f 1374//2521 1268//2521 1269//2521
f 1375//2522 601//2522 603//2522
f 1375//2523 1269//2523 1270//2523
f 1375//2524 603//2524 1374//2524
f 1375//2525 1374//2525 1269//2525
f 1376//2526 599//2526 601//2526
f 1376//2527 1270//2527 1271//2527
f 1376//2528 601//2528 1375//2528
f 1376//2529 1375//2529 1270//2529
f 1377//2530 597//2530 599//2530
f 1377//2531 599//2531 1376//2531
f 1377//2532 1376//2532 1271//2532
f 1377//2533 1271//2533 1272//2533
f 1378//2534 1276//2534 1277//2534
f 1378//2535 393//2535 587//2535
f 1379//2536 1277//2536 1278//2536
f 1379//2537 1378//2537 1277//2537
f 1379//2538 393//2538 1378//2538
f 1379//2539 391//2539 393//2539
f 1380//2540 1282//2540 1283//2540
f 1380//2541 379//2541 381//2541
f 1381//2542 1283//2542 1284//2542
f 1381//2543 1380//2543 1283//2543
f 1381//2544 379//2544 1380//2544
f 1381//2545 377//2545 379//2545
f 1382//2546 1284//2546 1285//2546
f 1382//2547 1381//2547 1284//2547
f 1382//2548 377//2548 1381//2548
f 1382//2549 375//2549 377//2549
f 1383//2550 1288//2550 1289//2550
f 1383//2551 365//2551 367//2551
f 1384//2552 1383//2552 1289//2552
f 1384//2553 365//2553 1383//2553
f 1384//2554 1289//2554 1290//2554
f 1384//2555 363//2555 365//2555
f 1385//2556 1384//2556 1290//2556
f 1385//2557 1290//2557 1291//2557
f 1385//2558 363//2558 1384//2558
f 1385//2559 361//2559 363//2559
f 1386//2560 1291//2560 1292//2560
f 1386//2561 1385//2561 1291//2561
f 1386//2562 361//2562 1385//2562
f 1386//2563 359//2563 361//2563
f 1387//2564 1295//2564 1296//2564
f 1387//2565 581//2565 583//2565
f 1388//2566 1387//2566 1296//2566
f 1388//2567 581//2567 1387//2567
f 1388//2568 1296//2568 1297//2568
f 1388//2569 579//2569 581//2569
f 1389//2570 1301//2570 1302//2570
f 1389//2571 567//2571 569//2571
f 1390//2572 1302//2572 1303//2572
f 1390//2573 567//2573 1389//2573
f 1390//2574 565//2574 567//2574
f 1390//2575 1389//2575 1302//2575
f 1391//2576 1303//2576 1304//2576
f 1391//2577 565//2577 1390//2577
f 1391//2578 563//2578 565//2578
f 1391//2579 1390//2579 1303//2579
f 1392//2580 1391//2580 1304//2580
f 1392//2581 563//2581 1391//2581
f 1392//2582 1304//2582 1305//2582
f 1392//2583 561//2583 563//2583
f 1393//2584 353//2584 551//2584
f 1393//2585 1309//2585 1310//2585
f 1394//2586 1393//2586 1310//2586
f 1394//2587 353//2587 1393//2587
f 1394//2588 351//2588 353//2588
f 1394//2589 1310//2589 1311//2589
f 1395//2590 339//2590 341//2590
f 1395//2591 1315//2591 1316//2591
f 1396//2592 339//2592 1395//2592
f 1396//2593 337//2593 339//2593
f 1396//2594 1316//2594 1317//2594
f 1396//2595 1395//2595 1316//2595
f 1397//2596 325//2596 327//2596
f 1397//2597 1321//2597 1322//2597
f 1398//2598 325//2598 1397//2598
f 1398//2599 1397//2599 1322//2599
f 1398//2600 323//2600 325//2600
f 1398//2601 1322//2601 1323//2601
f 1399//2602 321//2602 323//2602
f 1399//2603 323//2603 1398//2603
f 1399//2604 1398//2604 1323//2604
f 1399//2605 1323//2605 1325//2605
f 1400//2606 319//2606 321//2606
f 1400//2607 321//2607 1399//2607
f 1400//2608 1399//2608 1325//2608
f 1401//2609 545//2609 547//2609
f 1401//2610 48//2610 53//2610
f 1402//2611 511//2611 513//2611
f 1402//2612 513//2612 1332//2612
f 1403//2613 507//2613 509//2613
f 1403//2614 1333//2614 507//2614
f 1404//2615 497//2615 499//2615
f 1404//2616 499//2616 1336//2616
f 1405//2617 1337//2617 489//2617
f 1405//2618 489//2618 491//2618
f 1406//2619 481//2619 1340//2619
f 1406//2620 479//2620 481//2620
f 1407//2621 476//2621 1194//2621
f 1407//2622 1194//2622 1195//2622
f 1407//2623 1341//2623 693//2623
f 1407//2624 693//2624 476//2624
f 1407//2625 1195//2625 1341//2625
f 1408//2626 689//2626 1342//2626
f 1408//2627 687//2627 689//2627
f 1409//2628 1343//2628 679//2628
f 1409//2629 679//2629 681//2629
f 1410//2630 671//2630 1346//2630
f 1410//2631 669//2631 671//2631
f 1411//2632 1347//2632 661//2632
f 1411//2633 661//2633 663//2633
f 1412//2634 1212//2634 471//2634
f 1412//2635 473//2635 1348//2635
f 1412//2636 1348//2636 1211//2636
f 1412//2637 1211//2637 1212//2637
f 1412//2638 471//2638 473//2638
f 1413//2639 1349//2639 465//2639
f 1413//2640 465//2640 467//2640
f 1414//2641 457//2641 1352//2641
f 1414//2642 455//2642 457//2642
f 1415//2643 1353//2643 447//2643
f 1415//2644 447//2644 449//2644
f 1416//2645 439//2645 441//2645
f 1416//2646 441//2646 1355//2646
f 1417//2647 1356//2647 657//2647
f 1417//2648 657//2648 436//2648
f 1418//2649 653//2649 1357//2649
f 1418//2650 651//2650 653//2650
f 1419//2651 643//2651 645//2651
f 1419//2652 1358//2652 643//2652
f 1420//2653 635//2653 1361//2653
f 1420//2654 633//2654 635//2654
f 1421//2655 1362//2655 625//2655
f 1421//2656 625//2656 627//2656
f 1422//2657 431//2657 433//2657
f 1422//2658 1245//2658 431//2658
f 1422//2659 1363//2659 1244//2659
f 1422//2660 433//2660 1363//2660
f 1422//2661 1244//2661 1245//2661
f 1423//2662 425//2662 427//2662
f 1423//2663 1364//2663 425//2663
f 1424//2664 415//2664 417//2664
f 1424//2665 417//2665 1367//2665
f 1425//2666 1368//2666 407//2666
f 1425//2667 407//2667 409//2667
f 1426//2668 397//2668 399//2668
f 1426//2669 399//2669 1371//2669
f 1427//2670 1372//2670 619//2670
f 1427//2671 1261//2671 1262//2671
f 1427//2672 621//2672 1261//2672
f 1427//2673 619//2673 621//2673
f 1427//2674 1262//2674 1372//2674
f 1428//2675 613//2675 615//2675
f 1428//2676 615//2676 1373//2676
f 1429//2677 605//2677 607//2677
f 1429//2678 1374//2678 605//2678
f 1430//2679 595//2679 597//2679
f 1430//2680 597//2680 1377//2680
f 1431//2681 1378//2681 587//2681
f 1431//2682 587//2682 589//2682
f 1432//2683 391//2683 1379//2683
f 1432//2684 1278//2684 1279//2684
f 1432//2685 1379//2685 1278//2685
f 1432//2686 389//2686 391//2686
f 1432//2687 1279//2687 389//2687
f 1433//2688 383//2688 1281//2688
f 1433//2689 1282//2689 1380//2689
f 1433//2690 1281//2690 1282//2690
f 1433//2691 1380//2691 381//2691
f 1433//2692 381//2692 383//2692
f 1434//2693 373//2693 375//2693
f 1434//2694 375//2694 1382//2694
f 1435//2695 1383//2695 367//2695
f 1435//2696 367//2696 369//2696
f 1436//2697 357//2697 359//2697
f 1436//2698 359//2698 1386//2698
f 1437//2699 1295//2699 1387//2699
f 1437//2700 1387//2700 583//2700
f 1437//2701 1294//2701 1295//2701
f 1437//2702 585//2702 1294//2702
f 1437//2703 583//2703 585//2703
f 1438//2704 579//2704 1388//2704
f 1438//2705 577//2705 579//2705
f 1439//2706 569//2706 571//2706
f 1439//2707 1389//2707 569//2707
f 1440//2708 561//2708 1392//2708
f 1440//2709 559//2709 561//2709
f 1441//2710 1393//2710 551//2710
f 1441//2711 551//2711 553//2711
f 1442//2712 351//2712 1394//2712
f 1442//2713 1312//2713 349//2713
f 1442//2714 1394//2714 1311//2714
f 1442//2715 349//2715 351//2715
f 1442//2716 1311//2716 1312//2716
f 1443//2717 1315//2717 1395//2717
f 1443//2718 1395//2718 341//2718
f 1443//2719 343//2719 1314//2719
f 1443//2720 341//2720 343//2720
f 1443//2721 1314//2721 1315//2721
f 1444//2722 335//2722 337//2722
f 1444//2723 1318//2723 335//2723
f 1444//2724 1317//2724 1318//2724
f 1444//2725 337//2725 1396//2725
f 1444//2726 1396//2726 1317//2726
f 1445//2727 1397//2727 327//2727
f 1445//2728 327//2728 329//2728
f 1446//2729 317//2729 319//2729
f 1446//2730 319//2730 1400//2730
f 1446//2731 1329//2731 317//2731
f 1447//2732 1329//2732 1446//2732
f 1447//2733 1446//2733 1400//2733
f 1447//2734 1325//2734 1327//2734
f 1447//2735 1400//2735 1325//2735
f 1447//2736 1327//2736 1329//2736
f 1448//2737 1401//2737 547//2737
f 1448//2738 549//2738 46//2738
f 1448//2739 547//2739 549//2739
f 1448//2740 48//2740 1401//2740
f 1448//2741 46//2741 48//2741
f 1449//2742 545//2742 1401//2742
f 1449//2743 543//2743 545//2743
f 1449//2744 53//2744 68//2744
f 1449//2745 1401//2745 53//2745
f 1449//2746 68//2746 543//2746
f 1450//2747 1402//2747 1332//2747
f 1450//2748 509//2748 511//2748
f 1450//2749 511//2749 1402//2749
f 1450//2750 1332//2750 148//2750
f 1450//2751 148//2751 1178//2751
f 1450//2752 1178//2752 1179//2752
f 1451//2753 1450//2753 1179//2753
f 1451//2754 1403//2754 509//2754
f 1451//2755 1179//2755 1180//2755
f 1451//2756 1333//2756 1403//2756
f 1451//2757 509//2757 1450//2757
f 1451//2758 1180//2758 1333//2758
f 1452//2759 495//2759 497//2759
f 1452//2760 1336//2760 1184//2760
f 1452//2761 1184//2761 1185//2761
f 1452//2762 1404//2762 1336//2762
f 1452//2763 497//2763 1404//2763
f 1452//2764 1185//2764 495//2764
f 1453//2765 1187//2765 1188//2765
f 1453//2766 1337//2766 1405//2766
f 1453//2767 1188//2767 1337//2767
f 1454//2768 1340//2768 1192//2768
f 1454//2769 1193//2769 477//2769
f 1454//2770 1192//2770 1193//2770
f 1454//2771 1406//2771 1340//2771
f 1454//2772 479//2772 1406//2772
f 1454//2773 477//2773 479//2773
f 1455//2774 1408//2774 1342//2774
f 1455//2775 1197//2775 1198//2775
f 1455//2776 1198//2776 685//2776
f 1455//2777 687//2777 1408//2777
f 1455//2778 1342//2778 1197//2778
f 1455//2779 685//2779 687//2779
f 1456//2780 1409//2780 681//2780
f 1456//2781 1343//2781 1409//2781
f 1456//2782 1200//2782 1201//2782
f 1456//2783 1201//2783 1343//2783
f 1456//2784 683//2784 1200//2784
f 1456//2785 681//2785 683//2785
f 1457//2786 1205//2786 1206//2786
f 1457//2787 667//2787 669//2787
f 1457//2788 669//2788 1410//2788
f 1457//2789 1410//2789 1346//2789
f 1457//2790 1206//2790 667//2790
f 1457//2791 1346//2791 1205//2791
f 1458//2792 1347//2792 1411//2792
f 1458//2793 1411//2793 663//2793
f 1458//2794 1208//2794 1209//2794
f 1458//2795 1209//2795 1347//2795
f 1458//2796 663//2796 665//2796
f 1458//2797 665//2797 1208//2797
f 1459//2798 469//2798 1213//2798
f 1459//2799 1214//2799 1349//2799
f 1459//2800 1413//2800 467//2800
f 1459//2801 1213//2801 1214//2801
f 1459//2802 467//2802 469//2802
f 1459//2803 1349//2803 1413//2803
f 1460//2804 1352//2804 1218//2804
f 1460//2805 1219//2805 453//2805
f 1460//2806 453//2806 455//2806
f 1460//2807 1218//2807 1219//2807
f 1460//2808 1414//2808 1352//2808
f 1460//2809 455//2809 1414//2809
f 1461//2810 1353//2810 1415//2810
f 1461//2811 1415//2811 449//2811
f 1461//2812 1222//2812 1353//2812
f 1461//2813 451//2813 1221//2813
f 1461//2814 449//2814 451//2814
f 1461//2815 1221//2815 1222//2815
f 1462//2816 1416//2816 1355//2816
f 1462//2817 437//2817 439//2817
f 1462//2818 1355//2818 1225//2818
f 1462//2819 1226//2819 437//2819
f 1462//2820 1225//2820 1226//2820
f 1462//2821 439//2821 1416//2821
f 1463//2822 1356//2822 1417//2822
f 1463//2823 1228//2823 1356//2823
f 1463//2824 1417//2824 436//2824
f 1463//2825 436//2825 437//2825
f 1463//2826 437//2826 1227//2826
f 1463//2827 1227//2827 1228//2827
f 1464//2828 1357//2828 1230//2828
f 1464//2829 1418//2829 1357//2829
f 1464//2830 649//2830 651//2830
f 1464//2831 651//2831 1418//2831
f 1464//2832 1230//2832 1231//2832
f 1464//2833 1231//2833 649//2833
f 1465//2834 647//2834 1233//2834
f 1465//2835 1234//2835 1358//2835
f 1465//2836 645//2836 647//2836
f 1465//2837 1358//2837 1419//2837
f 1465//2838 1419//2838 645//2838
f 1465//2839 1233//2839 1234//2839
f 1466//2840 1239//2840 631//2840
f 1466//2841 631//2841 633//2841
f 1466//2842 1420//2842 1361//2842
f 1466//2843 1361//2843 1238//2843
f 1466//2844 633//2844 1420//2844
f 1466//2845 1238//2845 1239//2845
f 1467//2846 1242//2846 1362//2846
f 1467//2847 629//2847 1241//2847
f 1467//2848 627//2848 629//2848
f 1467//2849 1362//2849 1421//2849
f 1467//2850 1421//2850 627//2850
f 1467//2851 1241//2851 1242//2851
f 1468//2852 1364//2852 1423//2852
f 1468//2853 1423//2853 427//2853
f 1468//2854 427//2854 429//2854
f 1468//2855 1247//2855 1364//2855
f 1468//2856 429//2856 1246//2856
f 1468//2857 1246//2857 1247//2857
f 1469//2858 1251//2858 1252//2858
f 1469//2859 415//2859 1424//2859
f 1469//2860 413//2860 415//2860
f 1469//2861 1424//2861 1367//2861
f 1469//2862 1367//2862 1251//2862
f 1469//2863 1252//2863 413//2863
f 1470//2864 1254//2864 1255//2864
f 1470//2865 409//2865 411//2865
f 1470//2866 1425//2866 409//2866
f 1470//2867 1255//2867 1368//2867
f 1470//2868 411//2868 1254//2868
f 1470//2869 1368//2869 1425//2869
f 1471//2870 1259//2870 1260//2870
f 1471//2871 396//2871 397//2871
f 1471//2872 1260//2872 396//2872
f 1471//2873 1426//2873 1371//2873
f 1471//2874 397//2874 1426//2874
f 1471//2875 1371//2875 1259//2875
f 1472//2876 1264//2876 1265//2876
f 1472//2877 1373//2877 1264//2877
f 1472//2878 1428//2878 1373//2878
f 1473//2879 607//2879 609//2879
f 1473//2880 1374//2880 1429//2880
f 1473//2881 1267//2881 1268//2881
f 1473//2882 609//2882 1267//2882
f 1473//2883 1268//2883 1374//2883
f 1473//2884 1429//2884 607//2884
f 1474//2885 1272//2885 1273//2885
f 1474//2886 1430//2886 1377//2886
f 1474//2887 1377//2887 1272//2887
f 1475//2888 1378//2888 1431//2888
f 1475//2889 1431//2889 589//2889
f 1475//2890 1275//2890 1276//2890
f 1475//2891 1276//2891 1378//2891
f 1475//2892 591//2892 1275//2892
f 1475//2893 589//2893 591//2893
f 1476//2894 1285//2894 1286//2894
f 1476//2895 1434//2895 1382//2895
f 1476//2896 1382//2896 1285//2896
f 1477//2897 1435//2897 369//2897
f 1477//2898 1287//2898 1288//2898
f 1477//2899 1383//2899 1435//2899
f 1477//2900 1288//2900 1383//2900
f 1478//2901 1436//2901 1386//2901
f 1478//2902 1292//2902 1293//2902
f 1478//2903 1293//2903 356//2903
f 1478//2904 356//2904 357//2904
f 1478//2905 1386//2905 1292//2905
f 1478//2906 357//2906 1436//2906
f 1479//2907 1438//2907 1388//2907
f 1479//2908 1388//2908 1297//2908
f 1479//2909 1297//2909 1298//2909
f 1480//2910 1439//2910 571//2910
f 1480//2911 1300//2911 1301//2911
f 1480//2912 1301//2912 1389//2912
f 1480//2913 571//2913 573//2913
f 1480//2914 573//2914 1300//2914
f 1480//2915 1389//2915 1439//2915
f 1481//2916 1392//2916 1305//2916
f 1481//2917 1440//2917 1392//2917
f 1481//2918 1305//2918 1306//2918
f 1482//2919 1309//2919 1393//2919
f 1482//2920 555//2920 1308//2920
f 1482//2921 1308//2921 1309//2921
f 1482//2922 1393//2922 1441//2922
f 1482//2923 553//2923 555//2923
f 1482//2924 1441//2924 553//2924
f 1483//2925 1321//2925 1397//2925
f 1483//2926 1397//2926 1445//2926
f 1483//2927 329//2927 331//2927
f 1483//2928 1320//2928 1321//2928
f 1483//2929 331//2929 1320//2929
f 1483//2930 1445//2930 329//2930
f 1484//2931 493//2931 1186//2931
f 1484//2932 1187//2932 1453//2932
f 1484//2933 1405//2933 491//2933
f 1484//2934 1186//2934 1187//2934
f 1484//2935 1453//2935 1405//2935
f 1484//2936 491//2936 493//2936
f 1485//2937 613//2937 1428//2937
f 1485//2938 611//2938 613//2938
f 1485//2939 1472//2939 1265//2939
f 1485//2940 1265//2940 1266//2940
f 1485//2941 1266//2941 611//2941
f 1485//2942 1428//2942 1472//2942
f 1486//2943 593//2943 595//2943
f 1486//2944 595//2944 1430//2944
f 1486//2945 1273//2945 1274//2945
f 1486//2946 1474//2946 1273//2946
f 1486//2947 1430//2947 1474//2947
f 1486//2948 1274//2948 593//2948
f 1487//2949 1476//2949 1286//2949
f 1487//2950 1434//2950 1476//2950
f 1487//2951 373//2951 1434//2951
f 1487//2952 371//2952 373//2952
f 1488//2953 577//2953 1438//2953
f 1488//2954 1298//2954 1299//2954
f 1488//2955 1438//2955 1479//2955
f 1488//2956 575//2956 577//2956
f 1488//2957 1479//2957 1298//2957
f 1488//2958 1299//2958 575//2958
f 1489//2959 1481//2959 1306//2959
f 1489//2960 1307//2960 557//2960
f 1489//2961 1306//2961 1307//2961
f 1489//2962 559//2962 1440//2962
f 1489//2963 557//2963 559//2963
f 1489//2964 1440//2964 1481//2964
f 1490//2965 1487//2965 1286//2965
f 1490//2966 1286//2966 1287//2966
f 1490//2967 371//2967 1487//2967
f 1490//2968 1287//2968 1477//2968
f 1490//2969 1477//2969 369//2969
f 1490//2970 369//2970 371//2970
f 1178//2971 148//2971 150//2971
f 946//2972 947//2972 1324//2972
f 1324//2973 948//2973 1326//2973
f 947//2974 948//2974 1324//2974
f 1326//2975 950//2975 1328//2975
f 948//2976 950//2976 1326//2976
f 1328//2977 949//2977 1330//2977
f 950//2978 949//2978 1328//2978
f 1330//2979 43//2979 45//2979
f 949//2980 43//2980 1330//2980
