ISO-10303-21;
HEADER;
FILE_DESCRIPTION (( 'STEP AP203' ),
    '1' );
FILE_NAME ('93033A101_18-8 Stainless Steel Flange Nut.STEP',
    '2026-01-07T21:43:59',
    ( 'McMaster Carr Supply' ),
    ( 'McMaster Carr Supply' ),
    'SwSTEP 2.0',
    'SolidWorks 2024',
    '' );
FILE_SCHEMA (( 'CONFIG_CONTROL_DESIGN' ));
ENDSEC;

DATA;
#1 = EDGE_LOOP ( 'NONE', ( #1103, #2309, #86, #270, #95 ) ) ;
#2 = CARTESIAN_POINT ( 'NONE',  ( 2.910136114156112619, 1.278517229185994687E-11, -0.1981170613169429273 ) ) ;
#3 = CARTESIAN_POINT ( 'NONE',  ( 2.159593620790630553, -2.159593620790630109, -3.468750000000001332 ) ) ;
#4 = EDGE_CURVE ( 'NONE', #1305, #1033, #1005, .T. ) ;
#5 = CARTESIAN_POINT ( 'NONE',  ( -2.121320343559643717, 2.121320343559641941, -2.000000000000000888 ) ) ;
#6 = EDGE_CURVE ( 'NONE', #958, #2158, #1704, .T. ) ;
#7 = ORIENTED_EDGE ( 'NONE', *, *, #1651, .T. ) ;
#8 = CARTESIAN_POINT ( 'NONE',  ( -3.054126587736527121, -1.265060653844733984, -0.7187499999999998890 ) ) ;
#9 = LINE ( 'NONE', #924, #1751 ) ;
#10 = DIRECTION ( 'NONE',  ( 1.000000000000000000, 0.000000000000000000, 0.000000000000000000 ) ) ;
#11 = LINE ( 'NONE', #2045, #961 ) ;
#12 = CARTESIAN_POINT ( 'NONE',  ( -2.027198480879379261, 2.186072263904131674, -5.865571329125215172 ) ) ;
#13 = ORIENTED_EDGE ( 'NONE', *, *, #1985, .T. ) ;
#14 = EDGE_LOOP ( 'NONE', ( #820, #486, #1044, #1394 ) ) ;
#15 = CARTESIAN_POINT ( 'NONE',  ( 1.878537284200576973, 2.339037766233868165, -0.1082531754730558377 ) ) ;
#16 = CARTESIAN_POINT ( 'NONE',  ( 2.159593620790630109, 2.159593620790630553, -0.2187500000000008327 ) ) ;
#17 = CARTESIAN_POINT ( 'NONE',  ( -2.296639081912356772, 0.6576680941466720443, -5.275013732727295235 ) ) ;
#18 = CARTESIAN_POINT ( 'NONE',  ( -3.000000000000000444, -5.510910596163090542E-16, -5.875000000000000888 ) ) ;
#19 = CARTESIAN_POINT ( 'NONE',  ( -1.242640687119287657, 2.999999999999999556, -1.937500000000000000 ) ) ;
#20 = CARTESIAN_POINT ( 'NONE',  ( 0.000000000000000000, 0.000000000000000000, -6.000000000000000888 ) ) ;
#21 = CARTESIAN_POINT ( 'NONE',  ( 1.662041016787795034, 1.662041016787795256, -1.750000000000000222 ) ) ;
#22 = CARTESIAN_POINT ( 'NONE',  ( -5.000000000000000000, 2.886751345948126879, -0.4465819873852014954 ) ) ;
#23 = ORIENTED_EDGE ( 'NONE', *, *, #1733, .T. ) ;
#24 = ORIENTED_EDGE ( 'NONE', *, *, #1456, .F. ) ;
#25 = CARTESIAN_POINT ( 'NONE',  ( 2.350480947161668777, 1.439254484199188393E-16, -4.750000000000000888 ) ) ;
#26 = CARTESIAN_POINT ( 'NONE',  ( 2.159593620790630553, -2.159593620790630109, -1.468750000000000666 ) ) ;
#27 = DIRECTION ( 'NONE',  ( 0.000000000000000000, 0.000000000000000000, 1.000000000000000000 ) ) ;
#28 = CARTESIAN_POINT ( 'NONE',  ( 0.000000000000000000, 2.350480947161668777, -6.500000000000000888 ) ) ;
#29 = CARTESIAN_POINT ( 'NONE',  ( -3.054126587736527121, -1.265060653844733984, -5.718750000000000000 ) ) ;
#30 = FACE_OUTER_BOUND ( 'NONE', #134, .T. ) ;
#31 = CARTESIAN_POINT ( 'NONE',  ( -2.121320343559642385, -2.121320343559643717, -5.750000000000001776 ) ) ;
#32 = CARTESIAN_POINT ( 'NONE',  ( 0.9736010864139216237, 2.350480947161668777, -0.5625000000000001110 ) ) ;
#33 = CARTESIAN_POINT ( 'NONE',  ( -2.350480947161667888, -0.9736010864139229559, -1.312500000000000444 ) ) ;
#34 = DIRECTION ( 'NONE',  ( 1.000000000000000000, 0.000000000000000000, 0.000000000000000000 ) ) ;
#35 = ORIENTED_EDGE ( 'NONE', *, *, #1429, .F. ) ;
#36 = ORIENTED_EDGE ( 'NONE', *, *, #1384, .T. ) ;
#37 = VECTOR ( 'NONE', #1773, 1000.000000000000000 ) ;
#38 = CARTESIAN_POINT ( 'NONE',  ( 2.999999999999999556, -1.242640687119286103, -0.3124999999999998335 ) ) ;
#39 = CARTESIAN_POINT ( 'NONE',  ( 3.054126587736528453, 1.870113174931183868E-16, -4.343750000000000888 ) ) ;
#40 = CARTESIAN_POINT ( 'NONE',  ( 1.390058672084291791, 2.188145835491662972, -5.463333271827696791 ) ) ;
#41 = CARTESIAN_POINT ( 'NONE',  ( 0.9736010864139216237, 2.350480947161668777, -5.562500000000002665 ) ) ;
#42 = DIRECTION ( 'NONE',  ( 1.000000000000000000, 0.000000000000000000, 0.000000000000000000 ) ) ;
#43 = PLANE ( 'NONE',  #581 ) ;
#44 = CARTESIAN_POINT ( 'NONE',  ( 0.000000000000000000, 2.350480947161668777, -6.500000000000000888 ) ) ;
#45 = CARTESIAN_POINT ( 'NONE',  ( 1.662041016787795256, -1.662041016787795034, -0.8750000000000000000 ) ) ;
#46 = CARTESIAN_POINT ( 'NONE',  ( 2.350480947161668777, 0.9736010864139216237, -2.812500000000000888 ) ) ;
#47 = CARTESIAN_POINT ( 'NONE',  ( -5.000000000000000000, -0.4881558011502351579, 6.776263578034400247E-17 ) ) ;
#48 = ORIENTED_EDGE ( 'NONE', *, *, #401, .F. ) ;
#49 = CARTESIAN_POINT ( 'NONE',  ( 1.242640687119285658, -2.999999999999999556, -0.4374999999999997780 ) ) ;
#50 = CARTESIAN_POINT ( 'NONE',  ( 2.350480947161668777, 0.9736010864139216237, 0.3124999999999997780 ) ) ;
#51 = CARTESIAN_POINT ( 'NONE',  ( -4.180704885107161317, -3.359771601077256253, -0.1983443223721001181 ) ) ;
#52 = LINE ( 'NONE', #1921, #37 ) ;
#53 = ORIENTED_EDGE ( 'NONE', *, *, #1177, .F. ) ;
#54 = CARTESIAN_POINT ( 'NONE',  ( 0.000000000000000000, 3.054126587736528009, -5.031250000000000000 ) ) ;
#55 = CARTESIAN_POINT ( 'NONE',  ( -2.999999999999999556, 1.242640687119285881, -1.812500000000000000 ) ) ;
#56 = ADVANCED_FACE ( 'NONE', ( #609 ), #636, .T. ) ;
#57 = CARTESIAN_POINT ( 'NONE',  ( 2.121320343559642829, -2.121320343559642385, -5.500000000000001776 ) ) ;
#58 = CARTESIAN_POINT ( 'NONE',  ( -2.350480947161667888, 0.9736010864139219567, -0.3125000000000001110 ) ) ;
#59 = CARTESIAN_POINT ( 'NONE',  ( -2.350480947161668777, -4.317763452597564685E-16, -0.3750000000000001110 ) ) ;
#60 = CARTESIAN_POINT ( 'NONE',  ( 2.337350737349972007, 0.2865071964258227299, -0.7577722283113846879 ) ) ;
#61 = VERTEX_POINT ( 'NONE', #462 ) ;
#62 = LINE ( 'NONE', #2129, #2290 ) ;
#63 = CARTESIAN_POINT ( 'NONE',  ( 3.740226349862367737E-16, -3.054126587736528453, -5.593750000000001776 ) ) ;
#64 = CARTESIAN_POINT ( 'NONE',  ( -4.592054218141981003, -3.122278952918631667, -0.3106000600988395033 ) ) ;
#65 = CARTESIAN_POINT ( 'NONE',  ( -1.662041016787795034, -1.662041016787795478, -5.125000000000000000 ) ) ;
#66 = CARTESIAN_POINT ( 'NONE',  ( 0.000000000000000000, 0.000000000000000000, -4.810000000000000497 ) ) ;
#67 = DIRECTION ( 'NONE',  ( 1.000000000000000000, 0.000000000000000000, 0.000000000000000000 ) ) ;
#68 = CARTESIAN_POINT ( 'NONE',  ( 0.9736010864139216237, 2.350480947161668777, 0.4374999999999999445 ) ) ;
#69 = CARTESIAN_POINT ( 'NONE',  ( 1.744597058873862183, 1.575164050230542401, -0.7577722283113854651 ) ) ;
#70 = CARTESIAN_POINT ( 'NONE',  ( 2.245601571948752095, 0.7089967505190041264, -0.7577722283113856871 ) ) ;
#71 = ORIENTED_EDGE ( 'NONE', *, *, #1117, .T. ) ;
#72 = EDGE_CURVE ( 'NONE', #1971, #1508, #1769, .T. ) ;
#73 = FACE_OUTER_BOUND ( 'NONE', #389, .T. ) ;
#74 = CARTESIAN_POINT ( 'NONE',  ( -3.054126587736527565, -1.265060653844734428, -5.781250000000000000 ) ) ;
#75 = CIRCLE ( 'NONE', #626, 3.108253175473056906 ) ;
#76 = FACE_OUTER_BOUND ( 'NONE', #1877, .T. ) ;
#77 = AXIS2_PLACEMENT_3D ( 'NONE', #257, #1973, #2135 ) ;
#78 = EDGE_CURVE ( 'NONE', #2102, #258, #555, .T. ) ;
#79 = ORIENTED_EDGE ( 'NONE', *, *, #1456, .T. ) ;
#80 = CARTESIAN_POINT ( 'NONE',  ( 0.9736010864139216237, -2.350480947161668777, -5.937500000000001776 ) ) ;
#81 = CARTESIAN_POINT ( 'NONE',  ( 2.878508968398376785E-16, -2.350480947161668777, -1.000000000000000222 ) ) ;
#82 = CARTESIAN_POINT ( 'NONE',  ( 2.362843458455725187, -0.03998999812491398770, -0.7454097170173288323 ) ) ;
#83 = CARTESIAN_POINT ( 'NONE',  ( 1.662041016787795034, 1.662041016787795256, -0.6250000000000002220 ) ) ;
#84 = CARTESIAN_POINT ( 'NONE',  ( 0.9736010864139216237, 2.350480947161668777, -5.687500000000000000 ) ) ;
#85 = CARTESIAN_POINT ( 'NONE',  ( -2.376538602536331979, -1.716590546268778494, -5.817581519768235232 ) ) ;
#86 = ORIENTED_EDGE ( 'NONE', *, *, #2394, .T. ) ;
#87 = CARTESIAN_POINT ( 'NONE',  ( -2.999999999999999556, -1.242640687119287213, -0.6874999999999997780 ) ) ;
#88 = CARTESIAN_POINT ( 'NONE',  ( -0.9736010864139210685, -2.350480947161669221, -1.062500000000000222 ) ) ;
#89 = EDGE_CURVE ( 'NONE', #1794, #2254, #1551, .T. ) ;
#90 = CARTESIAN_POINT ( 'NONE',  ( 1.242640687119285881, -3.000000000000000888, -3.562500000000001776 ) ) ;
#91 = CARTESIAN_POINT ( 'NONE',  ( 1.662041016787795034, 1.662041016787795256, -1.625000000000000444 ) ) ;
#92 = FACE_OUTER_BOUND ( 'NONE', #1282, .T. ) ;
#93 = CARTESIAN_POINT ( 'NONE',  ( -0.9736010864139230669, 2.350480947161667888, -4.562500000000000888 ) ) ;
#94 = CARTESIAN_POINT ( 'NONE',  ( 3.000000000000000444, 1.836970198721030427E-16, -0.3750000000000009992 ) ) ;
#95 = ORIENTED_EDGE ( 'NONE', *, *, #1635, .T. ) ;
#96 = CARTESIAN_POINT ( 'NONE',  ( 0.9736010864139216237, -2.350480947161668777, -5.062500000000001776 ) ) ;
#97 = CARTESIAN_POINT ( 'NONE',  ( 0.000000000000000000, 0.000000000000000000, 0.000000000000000000 ) ) ;
#98 = CARTESIAN_POINT ( 'NONE',  ( -0.9736010864139210685, -2.350480947161669221, -3.062500000000000000 ) ) ;
#99 = AXIS2_PLACEMENT_3D ( 'NONE', #408, #1158, #42 ) ;
#100 = CARTESIAN_POINT ( 'NONE',  ( 3.000000000000000888, -1.242640687119285658, -0.4375000000000010547 ) ) ;
#101 = CARTESIAN_POINT ( 'NONE',  ( 4.182066831946704255, -3.358985280702822429, -0.1739375980333734140 ) ) ;
#102 = EDGE_CURVE ( 'NONE', #1095, #290, #11, .T. ) ;
#103 = CARTESIAN_POINT ( 'NONE',  ( 2.350480947161668777, 0.9736010864139216237, -3.687500000000000444 ) ) ;
#104 = CARTESIAN_POINT ( 'NONE',  ( -2.350480947161667888, -0.9736010864139229559, -6.312500000000000888 ) ) ;
#105 = CARTESIAN_POINT ( 'NONE',  ( 3.000000000000000444, 1.836970198721030181E-16, -1.250000000000000000 ) ) ;
#106 = ORIENTED_EDGE ( 'NONE', *, *, #432, .T. ) ;
#107 = CARTESIAN_POINT ( 'NONE',  ( 2.878508968398376785E-16, -2.350480947161668777, -5.124999999999999112 ) ) ;
#108 = DIRECTION ( 'NONE',  ( 0.000000000000000000, 0.000000000000000000, -1.000000000000000000 ) ) ;
#109 = CARTESIAN_POINT ( 'NONE',  ( 0.9736010864139216237, 2.350480947161668777, -1.562500000000000666 ) ) ;
#110 = CARTESIAN_POINT ( 'NONE',  ( 0.000000000000000000, 3.054126587736528453, -0.09375000000000073552 ) ) ;
#111 = CONICAL_SURFACE ( 'NONE', #184, 3.108253175473056906, 0.7853981633974500554 ) ;
#112 = CARTESIAN_POINT ( 'NONE',  ( 0.000000000000000000, 2.350480947161668777, -0.6250000000000001110 ) ) ;
#113 =( GEOMETRIC_REPRESENTATION_CONTEXT ( 3 ) GLOBAL_UNCERTAINTY_ASSIGNED_CONTEXT ( ( #2282 ) ) GLOBAL_UNIT_ASSIGNED_CONTEXT ( ( #434, #2120, #455 ) ) REPRESENTATION_CONTEXT ( 'NONE', 'WORKASPACE' ) );
#114 = CARTESIAN_POINT ( 'NONE',  ( 2.350480947161668777, -0.9736010864139215126, -0.9375000000000001110 ) ) ;
#115 = CARTESIAN_POINT ( 'NONE',  ( 2.350480947161668777, 1.439254484199188393E-16, -3.750000000000000444 ) ) ;
#116 = CARTESIAN_POINT ( 'NONE',  ( -1.662041016787795034, -1.662041016787795478, -3.250000000000000444 ) ) ;
#117 = CARTESIAN_POINT ( 'NONE',  ( 0.000000000000000000, 3.000000000000000444, -1.125000000000000888 ) ) ;
#118 = ORIENTED_EDGE ( 'NONE', *, *, #1354, .T. ) ;
#119 = CARTESIAN_POINT ( 'NONE',  ( -2.350480947161667888, -0.9736010864139229559, -6.312500000000000888 ) ) ;
#120 = PLANE ( 'NONE',  #1476 ) ;
#121 = CARTESIAN_POINT ( 'NONE',  ( 0.8179331680532961890, 5.301268757141561316, -0.1739375980333728033 ) ) ;
#122 = EDGE_LOOP ( 'NONE', ( #1524, #1366, #480, #1706, #347, #1566 ) ) ;
#123 = CARTESIAN_POINT ( 'NONE',  ( 1.662041016787795034, 1.662041016787795256, -3.750000000000000444 ) ) ;
#124 = CARTESIAN_POINT ( 'NONE',  ( -2.350480947161667888, -0.9736010864139229559, -3.312500000000000444 ) ) ;
#125 = CARTESIAN_POINT ( 'NONE',  ( 0.9562094116155860357, 2.672027082244300633, -0.2765426937144164765 ) ) ;
#126 = EDGE_CURVE ( 'NONE', #1249, #2334, #2317, .T. ) ;
#127 =( BOUNDED_CURVE ( )  B_SPLINE_CURVE ( 2, ( #755, #183, #1159, #1171, #195, #979, #1883, #1312, #1300 ),
 .UNSPECIFIED., .F., .T. ) 
 B_SPLINE_CURVE_WITH_KNOTS ( ( 3, 2, 2, 2, 3 ),
 ( 0.1785714285714286031, 0.1964285714285714524, 0.2142857142857143016, 0.2321428571428571508, 0.2500000000000000000 ),
 .UNSPECIFIED. ) 
 CURVE ( )  GEOMETRIC_REPRESENTATION_ITEM ( )  RATIONAL_B_SPLINE_CURVE ( ( 0.9999999999999998890, 0.9238795325112868495, 1.000000000000000000, 0.9238795325112867385, 1.000000000000000000, 0.9238795325112867385, 1.000000000000000000, 0.9238795325112867385, 1.000000000000000000 ) ) 
 REPRESENTATION_ITEM ( '' )  );
#128 = CARTESIAN_POINT ( 'NONE',  ( -2.350480947161668777, -4.317763452597564685E-16, -4.375000000000000000 ) ) ;
#129 = CC_DESIGN_PERSON_AND_ORGANIZATION_ASSIGNMENT ( #1798, #2006, ( #543 ) ) ;
#130 = FACE_BOUND ( 'NONE', #180, .T. ) ;
#131 = CARTESIAN_POINT ( 'NONE',  ( 0.000000000000000000, 2.350480947161668777, -4.500000000000000888 ) ) ;
#132 = DIRECTION ( 'NONE',  ( -1.000000000000000000, 0.000000000000000000, 0.000000000000000000 ) ) ;
#133 = PERSON_AND_ORGANIZATION_ROLE ( 'classification_officer' ) ;
#134 = EDGE_LOOP ( 'NONE', ( #1426, #1245, #1163 ) ) ;
#135 = CARTESIAN_POINT ( 'NONE',  ( 2.350480947161668777, 0.9736010864139217347, -3.812500000000000444 ) ) ;
#136 = CARTESIAN_POINT ( 'NONE',  ( 2.159593620790630109, -2.159593620790630109, -1.406249999999999778 ) ) ;
#137 = DIRECTION ( 'NONE',  ( 1.000000000000000000, 0.000000000000000000, 0.000000000000000000 ) ) ;
#138 = B_SPLINE_CURVE_WITH_KNOTS ( 'NONE', 3,
 ( #15, #1865, #1889, #737, #1283, #210, #930, #1104, #1669, #2 ),
 .UNSPECIFIED., .F., .F.,
 ( 4, 2, 2, 2, 4 ),
 ( 0.001600263330902207317, 0.002260766002513184963, 0.002921268674124162176, 0.003581771345735139389, 0.004242274017346116602 ),
 .UNSPECIFIED. ) ;
#139 = CARTESIAN_POINT ( 'NONE',  ( 2.350480947161668777, 0.9736010864139216237, -4.812500000000000888 ) ) ;
#140 = CARTESIAN_POINT ( 'NONE',  ( 0.000000000000000000, 0.000000000000000000, -4.810000000000000497 ) ) ;
#141 =( BOUNDED_CURVE ( )  B_SPLINE_CURVE ( 2, ( #2103, #600, #642, #614, #452 ),
 .UNSPECIFIED., .F., .T. ) 
 B_SPLINE_CURVE_WITH_KNOTS ( ( 3, 2, 3 ),
 ( 0.01534442280616527855, 0.01785714285714285615, 0.03571428571428571924 ),
 .UNSPECIFIED. ) 
 CURVE ( )  GEOMETRIC_REPRESENTATION_ITEM ( )  RATIONAL_B_SPLINE_CURVE ( ( 0.9815921884942175879, 0.9892889122028740712, 1.000000000000000000, 0.9238795325112867385, 1.000000000000000000 ) ) 
 REPRESENTATION_ITEM ( '' )  );
#142 = CARTESIAN_POINT ( 'NONE',  ( -0.9736010864139209575, -2.350480947161669221, -2.062500000000000000 ) ) ;
#143 = DIRECTION ( 'NONE',  ( -0.4999999999999996669, -0.8660254037844388186, 0.000000000000000000 ) ) ;
#144 = ORIENTED_EDGE ( 'NONE', *, *, #1815, .F. ) ;
#145 = AXIS2_PLACEMENT_3D ( 'NONE', #1059, #1229, #2379 ) ;
#146 = CARTESIAN_POINT ( 'NONE',  ( -2.350480947161667888, 0.9736010864139220677, -4.437500000000001776 ) ) ;
#147 = VERTEX_POINT ( 'NONE', #1840 ) ;
#148 = CARTESIAN_POINT ( 'NONE',  ( 3.054126587736528009, 1.265060653844732430, -2.218750000000000444 ) ) ;
#149 = CARTESIAN_POINT ( 'NONE',  ( -2.263034521015767186, -1.388757990082220894, -0.4591639373430712601 ) ) ;
#150 = CARTESIAN_POINT ( 'NONE',  ( 1.662041016787795256, -1.662041016787795034, -3.875000000000000888 ) ) ;
#151 = CARTESIAN_POINT ( 'NONE',  ( 1.584569714671407059, 1.767906681352883203, -0.7473837035779112847 ) ) ;
#152 = DIRECTION ( 'NONE',  ( 0.000000000000000000, 0.000000000000000000, 1.000000000000000000 ) ) ;
#153 = CARTESIAN_POINT ( 'NONE',  ( -2.350480947161667888, -0.9736010864139229559, -4.187500000000000000 ) ) ;
#154 = EDGE_CURVE ( 'NONE', #2340, #2153, #1891, .T. ) ;
#155 = CARTESIAN_POINT ( 'NONE',  ( -2.159593620790630109, -2.159593620790630997, 0.2812499999999992784 ) ) ;
#156 = CARTESIAN_POINT ( 'NONE',  ( 2.350480947161668777, -0.9736010864139215126, -1.937500000000000000 ) ) ;
#157 = CARTESIAN_POINT ( 'NONE',  ( 3.740226349862367244E-16, -3.054126587736528009, -3.531249999999999556 ) ) ;
#158 = CARTESIAN_POINT ( 'NONE',  ( -2.527035048814922469, -0.7179545628752641573, -0.4874624071615311638 ) ) ;
#159 = CARTESIAN_POINT ( 'NONE',  ( -2.350480947161667888, 0.9736010864139219567, -2.312500000000000888 ) ) ;
#160 = CARTESIAN_POINT ( 'NONE',  ( -3.000000000000000444, -5.510910596163090542E-16, -4.875000000000001776 ) ) ;
#161 = CARTESIAN_POINT ( 'NONE',  ( -5.000000000000000000, 2.886751345948126879, -4.810000000000000497 ) ) ;
#162 = VERTEX_POINT ( 'NONE', #1486 ) ;
#163 = CARTESIAN_POINT ( 'NONE',  ( -2.351129575249169879, -0.07986706244662136744, -5.243891135071796938 ) ) ;
#164 = CARTESIAN_POINT ( 'NONE',  ( 0.000000000000000000, 3.054126587736528453, -1.093750000000000666 ) ) ;
#165 = B_SPLINE_CURVE_WITH_KNOTS ( 'NONE', 3,
 ( #1780, #1271, #1241, #1817, #1770, #327 ),
 .UNSPECIFIED., .F., .F.,
 ( 4, 2, 4 ),
 ( 0.008188846544632850596, 0.009650607568855738838, 0.01111236859307862881 ),
 .UNSPECIFIED. ) ;
#166 = CARTESIAN_POINT ( 'NONE',  ( 1.662041016787795256, -1.662041016787795034, -3.000000000000000000 ) ) ;
#167 = EDGE_CURVE ( 'NONE', #1962, #1014, #926, .T. ) ;
#168 = CARTESIAN_POINT ( 'NONE',  ( 2.159593620790630109, 2.159593620790630109, -2.156250000000000000 ) ) ;
#169 = CARTESIAN_POINT ( 'NONE',  ( -0.7613424228379626069, -2.621127887558663883, -0.3848234481600142365 ) ) ;
#170 = CARTESIAN_POINT ( 'NONE',  ( 0.9736010864139216237, -2.350480947161668777, -2.062500000000000000 ) ) ;
#171 = CARTESIAN_POINT ( 'NONE',  ( 2.350480947161668777, 1.439254484199188393E-16, -3.750000000000000888 ) ) ;
#172 = CARTESIAN_POINT ( 'NONE',  ( 3.673940397442060854E-16, -3.000000000000000444, -4.625000000000000888 ) ) ;
#173 = CARTESIAN_POINT ( 'NONE',  ( -2.696844267523242245, 0.4264410029085406451, -5.613987456390936437 ) ) ;
#174 = ORIENTED_EDGE ( 'NONE', *, *, #774, .T. ) ;
#175 = CARTESIAN_POINT ( 'NONE',  ( 5.000000000000000888, 2.886751345948127767, -4.810000000000000497 ) ) ;
#176 = CARTESIAN_POINT ( 'NONE',  ( -3.054126587736527565, -1.265060653844734428, -2.781250000000001776 ) ) ;
#177 = ADVANCED_FACE ( 'NONE', ( #2399 ), #1893, .F. ) ;
#178 = CARTESIAN_POINT ( 'NONE',  ( -5.000000000000000000, 2.886751345948126879, -4.810000000000000497 ) ) ;
#179 = EDGE_CURVE ( 'NONE', #162, #61, #2304, .T. ) ;
#180 = EDGE_LOOP ( 'NONE', ( #996, #189 ) ) ;
#181 = CARTESIAN_POINT ( 'NONE',  ( -3.054126587736527121, -1.265060653844733984, -3.718750000000000000 ) ) ;
#182 = CARTESIAN_POINT ( 'NONE',  ( 0.8379349571514892459, -2.659143484288494008, -0.3260318392180370228 ) ) ;
#183 = CARTESIAN_POINT ( 'NONE',  ( 2.999999999999998224, -1.242640687119286991, -1.312500000000000000 ) ) ;
#184 = AXIS2_PLACEMENT_3D ( 'NONE', #2197, #1796, #2166 ) ;
#185 = CARTESIAN_POINT ( 'NONE',  ( 2.712167343862814217, 4.207632145829748538, 4.086086937554743258E-15 ) ) ;
#186 = CARTESIAN_POINT ( 'NONE',  ( -3.000000000000000444, -5.510910596163090542E-16, -2.875000000000000888 ) ) ;
#187 = AXIS2_PLACEMENT_3D ( 'NONE', #937, #1676, #10 ) ;
#188 = ORIENTED_EDGE ( 'NONE', *, *, #1919, .T. ) ;
#189 = ORIENTED_EDGE ( 'NONE', *, *, #2312, .F. ) ;
#190 = CARTESIAN_POINT ( 'NONE',  ( -3.000000000000000444, -5.510910596163089556E-16, -1.749999999999999778 ) ) ;
#191 = CARTESIAN_POINT ( 'NONE',  ( 3.054126587736528453, 1.265060653844732652, -0.2812500000000007772 ) ) ;
#192 = CARTESIAN_POINT ( 'NONE',  ( -1.137239293917129634, 2.193596023007989615, -5.357173662273488013 ) ) ;
#193 = CARTESIAN_POINT ( 'NONE',  ( 2.159593620790630109, 2.159593620790630109, -5.156250000000000000 ) ) ;
#194 = CARTESIAN_POINT ( 'NONE',  ( 2.323723708542564825, -1.682456569818133962, -0.2618829919950063645 ) ) ;
#195 = CARTESIAN_POINT ( 'NONE',  ( 3.673940397442060361E-16, -3.000000000000000444, -1.499999999999999778 ) ) ;
#196 = CARTESIAN_POINT ( 'NONE',  ( -2.121320343559642385, -2.121320343559643717, -1.750000000000001110 ) ) ;
#197 = LINE ( 'NONE', #2242, #221 ) ;
#198 = ORIENTED_EDGE ( 'NONE', *, *, #1153, .F. ) ;
#199 = VERTEX_POINT ( 'NONE', #817 ) ;
#200 = CARTESIAN_POINT ( 'NONE',  ( 7.099999999999999645, 0.000000000000000000, -4.810000000000000497 ) ) ;
#201 = CARTESIAN_POINT ( 'NONE',  ( -1.265060653844735095, 3.054126587736527565, -2.031250000000000888 ) ) ;
#202 = CARTESIAN_POINT ( 'NONE',  ( -1.772803114150381054, 1.672867929394454167, -5.323564681673711441 ) ) ;
#203 = CARTESIAN_POINT ( 'NONE',  ( -1.265060653844734651, 3.054126587736527121, -4.968749999999999112 ) ) ;
#204 = CARTESIAN_POINT ( 'NONE',  ( 2.121320343559642829, 2.121320343559642829, -4.125000000000000000 ) ) ;
#205 = CARTESIAN_POINT ( 'NONE',  ( 3.000000000000001776, -1.242640687119284548, -5.437500000000001776 ) ) ;
#206 = CARTESIAN_POINT ( 'NONE',  ( 2.878508968398376785E-16, -2.350480947161668777, -0.1250000000000001110 ) ) ;
#207 = CARTESIAN_POINT ( 'NONE',  ( 2.079235417509865069, 1.105520860440051267, -0.7577722283113859092 ) ) ;
#208 = ORIENTED_EDGE ( 'NONE', *, *, #941, .F. ) ;
#209 = VERTEX_POINT ( 'NONE', #1376 ) ;
#210 = CARTESIAN_POINT ( 'NONE',  ( 2.750534340331814320, 1.083736891178498585, -0.1602764283112224908 ) ) ;
#211 = CARTESIAN_POINT ( 'NONE',  ( -1.662041016787795478, 1.662041016787794590, -1.375000000000000222 ) ) ;
#212 = CARTESIAN_POINT ( 'NONE',  ( 2.349470121841146675, -0.07974803339093347598, -0.7577722283113851320 ) ) ;
#213 = ORIENTED_EDGE ( 'NONE', *, *, #625, .T. ) ;
#214 = CARTESIAN_POINT ( 'NONE',  ( -0.9736010864139210685, -2.350480947161669221, -5.062500000000001776 ) ) ;
#215 = CARTESIAN_POINT ( 'NONE',  ( -3.054126587736528009, -5.610339524793550619E-16, -5.781250000000000000 ) ) ;
#216 = DIRECTION ( 'NONE',  ( 0.8660254037844383745, 0.5000000000000003331, 0.000000000000000000 ) ) ;
#217 = FACE_OUTER_BOUND ( 'NONE', #967, .T. ) ;
#218 = CARTESIAN_POINT ( 'NONE',  ( 2.878508968398376785E-16, -2.350480947161668777, -2.000000000000000000 ) ) ;
#219 = CARTESIAN_POINT ( 'NONE',  ( -2.350480947161667888, 0.9736010864139219567, -2.437500000000000444 ) ) ;
#220 = CARTESIAN_POINT ( 'NONE',  ( 1.296702933643097300, -2.468101451952777747, -5.673594271578957127 ) ) ;
#221 = VECTOR ( 'NONE', #940, 1000.000000000000000 ) ;
#222 = ORIENTED_EDGE ( 'NONE', *, *, #867, .F. ) ;
#223 = VERTEX_POINT ( 'NONE', #808 ) ;
#224 = DIRECTION ( 'NONE',  ( 0.8660254037844384856, 0.5000000000000003331, 0.000000000000000000 ) ) ;
#225 = CARTESIAN_POINT ( 'NONE',  ( -3.054126587736528009, 1.265060653844733096, -5.906250000000000000 ) ) ;
#226 = EDGE_CURVE ( 'NONE', #958, #258, #1547, .T. ) ;
#227 = CARTESIAN_POINT ( 'NONE',  ( -2.351464024192241542, 0.3326106750830380987, -5.260901880521944740 ) ) ;
#228 = CARTESIAN_POINT ( 'NONE',  ( 2.350480947161668777, 0.9736010864139216237, 0.1874999999999998890 ) ) ;
#229 = APPROVAL ( #330, 'UNSPECIFIED' ) ;
#230 = CARTESIAN_POINT ( 'NONE',  ( 3.054126587736528009, 1.265060653844732430, -5.218750000000000000 ) ) ;
#231 = CARTESIAN_POINT ( 'NONE',  ( -1.242640687119287657, 2.999999999999999556, -3.937500000000000000 ) ) ;
#232 = DIRECTION ( 'NONE',  ( -0.000000000000000000, -0.000000000000000000, -1.000000000000000000 ) ) ;
#233 = CARTESIAN_POINT ( 'NONE',  ( 2.878508968398376785E-16, -2.350480947161668777, -1.084202172485504434E-16 ) ) ;
#234 = CARTESIAN_POINT ( 'NONE',  ( 0.9736010864139216237, 2.350480947161668777, -2.687500000000000888 ) ) ;
#235 = CARTESIAN_POINT ( 'NONE',  ( 1.748074611936355494, -2.145851777037545371, -5.653264180871009792 ) ) ;
#236 = ORIENTED_EDGE ( 'NONE', *, *, #874, .T. ) ;
#237 = CARTESIAN_POINT ( 'NONE',  ( 2.121320343559642829, -2.121320343559642829, -0.3749999999999997780 ) ) ;
#238 = CARTESIAN_POINT ( 'NONE',  ( 2.350480947161668777, 1.439254484199188393E-16, 0.2499999999999997780 ) ) ;
#239 = CARTESIAN_POINT ( 'NONE',  ( -2.401928005007701650, -0.8404398512596598092, -5.430498529012273146 ) ) ;
#240 = CARTESIAN_POINT ( 'NONE',  ( -2.499999999999998224, -4.330127018922194537, 0.000000000000000000 ) ) ;
#241 = CARTESIAN_POINT ( 'NONE',  ( 2.878508968398376785E-16, -2.350480947161668777, -5.000000000000000000 ) ) ;
#242 = CYLINDRICAL_SURFACE ( 'NONE', #294, 3.000000000000000444 ) ;
#243 = CARTESIAN_POINT ( 'NONE',  ( 2.878508968398376785E-16, -2.350480947161668777, -1.125000000000000222 ) ) ;
#244 = ADVANCED_FACE ( 'NONE', ( #1926 ), #1721, .T. ) ;
#245 = CARTESIAN_POINT ( 'NONE',  ( -2.350480947161668777, -4.317763452597564685E-16, -1.250000000000000222 ) ) ;
#246 = CARTESIAN_POINT ( 'NONE',  ( -1.662041016787795478, 1.662041016787794590, -1.500000000000000000 ) ) ;
#247 = CARTESIAN_POINT ( 'NONE',  ( -0.4963039897149379431, -2.810702545995687807, -5.739841425696768695 ) ) ;
#248 = EDGE_LOOP ( 'NONE', ( #653, #669, #2363 ) ) ;
#249 = DIRECTION ( 'NONE',  ( 0.5000000000000003331, -0.8660254037844384856, 0.000000000000000000 ) ) ;
#250 = CARTESIAN_POINT ( 'NONE',  ( 1.265060653844732874, -3.054126587736528453, -5.531250000000001776 ) ) ;
#251 = AXIS2_PLACEMENT_3D ( 'NONE', #2028, #430, #1720 ) ;
#252 = ADVANCED_FACE ( 'NONE', ( #1145 ), #242, .F. ) ;
#253 = CARTESIAN_POINT ( 'NONE',  ( -3.000000000000000444, -5.510910596163090542E-16, -0.8750000000000009992 ) ) ;
#254 = B_SPLINE_CURVE_WITH_KNOTS ( 'NONE', 3,
 ( #391, #955, #368, #1693, #2224, #772, #2404, #1853, #944, #919 ),
 .UNSPECIFIED., .F., .F.,
 ( 4, 2, 2, 2, 4 ),
 ( 2.256098521307688794E-17, 0.0004647892841659434461, 0.0009295785683318643407, 0.001394367852497785778, 0.001859157136663706997 ),
 .UNSPECIFIED. ) ;
#255 = APPROVAL_STATUS ( 'not_yet_approved' ) ;
#256 = CARTESIAN_POINT ( 'NONE',  ( 2.350480947161668777, 1.439254484199188393E-16, -1.750000000000000444 ) ) ;
#257 = CARTESIAN_POINT ( 'NONE',  ( 0.000000000000000000, 0.000000000000000000, -4.810000000000000497 ) ) ;
#258 = VERTEX_POINT ( 'NONE', #814 ) ;
#259 = AXIS2_PLACEMENT_3D ( 'NONE', #2064, #2233, #563 ) ;
#260 = ORIENTED_EDGE ( 'NONE', *, *, #310, .T. ) ;
#261 = CARTESIAN_POINT ( 'NONE',  ( 2.350480947161668777, -0.9736010864139215126, -4.937500000000001776 ) ) ;
#262 = CARTESIAN_POINT ( 'NONE',  ( 0.000000000000000000, 3.000000000000000444, -3.000000000000000000 ) ) ;
#263 = ORIENTED_EDGE ( 'NONE', *, *, #518, .F. ) ;
#264 = DIRECTION ( 'NONE',  ( 1.000000000000000000, 0.000000000000000000, 0.000000000000000000 ) ) ;
#265 = AXIS2_PLACEMENT_3D ( 'NONE', #1870, #558, #1277 ) ;
#266 = CARTESIAN_POINT ( 'NONE',  ( 2.878508968398376785E-16, -2.350480947161668777, -2.168404344971008868E-16 ) ) ;
#267 = AXIS2_PLACEMENT_3D ( 'NONE', #1235, #2305, #1946 ) ;
#268 = CARTESIAN_POINT ( 'NONE',  ( -2.664623412263471991, -4.894833799142338600E-16, -5.556370236790417749 ) ) ;
#269 = CARTESIAN_POINT ( 'NONE',  ( -1.648146632868994432, -4.821944789745367999, 2.854369117212238565E-15 ) ) ;
#270 = ORIENTED_EDGE ( 'NONE', *, *, #102, .F. ) ;
#271 = CARTESIAN_POINT ( 'NONE',  ( 0.9736010864139217347, 2.350480947161668777, -1.562500000000000666 ) ) ;
#272 = CARTESIAN_POINT ( 'NONE',  ( 2.999999999999999556, 1.242640687119285658, -5.187500000000000000 ) ) ;
#273 = CARTESIAN_POINT ( 'NONE',  ( 0.000000000000000000, 2.350480947161668777, -3.500000000000000000 ) ) ;
#274 = CARTESIAN_POINT ( 'NONE',  ( 0.000000000000000000, 2.350480947161668777, -3.625000000000000000 ) ) ;
#275 = CARTESIAN_POINT ( 'NONE',  ( -1.242640687119284770, -3.000000000000001776, -3.562499999999999556 ) ) ;
#276 = ORIENTED_EDGE ( 'NONE', *, *, #1874, .F. ) ;
#277 = CARTESIAN_POINT ( 'NONE',  ( 1.662041016787795256, -1.662041016787795034, -5.000000000000000888 ) ) ;
#278 = CARTESIAN_POINT ( 'NONE',  ( 0.000000000000000000, 0.000000000000000000, -4.810000000000000497 ) ) ;
#279 = CARTESIAN_POINT ( 'NONE',  ( -2.350480947161668777, -4.317763452597564685E-16, -5.250000000000000000 ) ) ;
#280 = EDGE_CURVE ( 'NONE', #1977, #1095, #1516, .T. ) ;
#281 = CARTESIAN_POINT ( 'NONE',  ( -2.999999999999993339, -1.242640687119292986, -4.687499999999999112 ) ) ;
#282 = MECHANICAL_CONTEXT ( 'NONE', #1643, 'mechanical' ) ;
#283 = ORIENTED_EDGE ( 'NONE', *, *, #1611, .F. ) ;
#284 = CARTESIAN_POINT ( 'NONE',  ( -2.350480947161668777, -4.317763452597564685E-16, -0.3750000000000001110 ) ) ;
#285 = CARTESIAN_POINT ( 'NONE',  ( -2.350480947161667888, -0.9736010864139229559, -2.187500000000000444 ) ) ;
#286 = CYLINDRICAL_SURFACE ( 'NONE', #77, 3.000000000000000444 ) ;
#287 = CARTESIAN_POINT ( 'NONE',  ( -2.350480947161667888, -0.9736010864139229559, -2.187500000000000444 ) ) ;
#288 = CARTESIAN_POINT ( 'NONE',  ( -1.662041016787795478, 1.662041016787794590, -5.500000000000000000 ) ) ;
#289 = CARTESIAN_POINT ( 'NONE',  ( 1.123491545384668777, 2.577678142345925405, -0.3026116596580529783 ) ) ;
#290 = VERTEX_POINT ( 'NONE', #382 ) ;
#291 = CARTESIAN_POINT ( 'NONE',  ( -2.350480947161668777, -4.317763452597564685E-16, -5.375000000000000000 ) ) ;
#292 = CARTESIAN_POINT ( 'NONE',  ( 2.999999999999999556, -1.242640687119285658, -5.312500000000000888 ) ) ;
#293 = CARTESIAN_POINT ( 'NONE',  ( -2.350480947161667888, -0.9736010864139229559, -5.187500000000001776 ) ) ;
#294 = AXIS2_PLACEMENT_3D ( 'NONE', #66, #1740, #1557 ) ;
#295 = CARTESIAN_POINT ( 'NONE',  ( 2.350480947161668777, 0.9736010864139216237, -2.812500000000000888 ) ) ;
#296 = DIRECTION ( 'NONE',  ( 0.8660254037844388186, -0.4999999999999996669, 0.000000000000000000 ) ) ;
#297 = PERSON_AND_ORGANIZATION ( #1556, #2187 ) ;
#298 = ORIENTED_EDGE ( 'NONE', *, *, #1832, .T. ) ;
#299 = CARTESIAN_POINT ( 'NONE',  ( -1.662041016787795478, 1.662041016787794590, -0.5000000000000001110 ) ) ;
#300 = CARTESIAN_POINT ( 'NONE',  ( 1.242640687119285658, 2.999999999999999556, -5.062500000000000888 ) ) ;
#301 = CARTESIAN_POINT ( 'NONE',  ( -1.662041016787795478, 1.662041016787794590, -3.375000000000000000 ) ) ;
#302 = CARTESIAN_POINT ( 'NONE',  ( -2.350480947161667888, 0.9736010864139219567, -6.437500000000000888 ) ) ;
#303 = CARTESIAN_POINT ( 'NONE',  ( 1.836262315441223647, 1.955440505515123384, -0.4324304586845938991 ) ) ;
#304 = ORIENTED_EDGE ( 'NONE', *, *, #2177, .T. ) ;
#305 = CARTESIAN_POINT ( 'NONE',  ( -1.662041016787795478, 1.662041016787794590, -6.500000000000000888 ) ) ;
#306 = DIRECTION ( 'NONE',  ( 0.000000000000000000, 0.000000000000000000, 1.000000000000000000 ) ) ;
#307 = DIRECTION ( 'NONE',  ( -3.004629197474320528E-16, 1.000000000000000000, 0.000000000000000000 ) ) ;
#308 = COORDINATED_UNIVERSAL_TIME_OFFSET ( 6, 0, .BEHIND. ) ;
#309 = VECTOR ( 'NONE', #1838, 1000.000000000000000 ) ;
#310 = EDGE_CURVE ( 'NONE', #1040, #1341, #1130, .T. ) ;
#311 = CARTESIAN_POINT ( 'NONE',  ( 2.350480947161668777, 1.439254484199188393E-16, -0.8750000000000001110 ) ) ;
#312 = CIRCLE ( 'NONE', #1671, 5.000000000000000000 ) ;
#313 = CARTESIAN_POINT ( 'NONE',  ( 2.350480947161668777, -0.9736010864139215126, -4.937500000000000888 ) ) ;
#314 = CARTESIAN_POINT ( 'NONE',  ( -1.662041016787795034, -1.662041016787795478, -4.125000000000000000 ) ) ;
#315 = CARTESIAN_POINT ( 'NONE',  ( 2.350480947161668777, -0.9736010864139215126, -3.937500000000000000 ) ) ;
#316 = CARTESIAN_POINT ( 'NONE',  ( 2.350480947161668777, 0.9736010864139216237, -5.812500000000000000 ) ) ;
#317 = CARTESIAN_POINT ( 'NONE',  ( -0.8192951148925902150, 5.300482436767276262, -0.1983443223721571280 ) ) ;
#318 = FACE_OUTER_BOUND ( 'NONE', #1876, .T. ) ;
#319 = PERSON_AND_ORGANIZATION ( #1556, #2187 ) ;
#320 = VERTEX_POINT ( 'NONE', #18 ) ;
#321 = CARTESIAN_POINT ( 'NONE',  ( 0.9736010864139217347, -2.350480947161668777, -4.062500000000000000 ) ) ;
#322 = CARTESIAN_POINT ( 'NONE',  ( 2.350480947161668777, 1.439254484199188393E-16, -2.750000000000000444 ) ) ;
#323 = CARTESIAN_POINT ( 'NONE',  ( -3.054126587736528009, -5.610339524793550619E-16, -1.781249999999999778 ) ) ;
#324 = DIRECTION ( 'NONE',  ( 0.000000000000000000, 0.000000000000000000, 1.000000000000000000 ) ) ;
#325 = ADVANCED_FACE ( 'NONE', ( #592 ), #1335, .F. ) ;
#326 = CARTESIAN_POINT ( 'NONE',  ( -1.662041016787795478, 1.662041016787794590, -5.500000000000000000 ) ) ;
#327 = CARTESIAN_POINT ( 'NONE',  ( -5.000000000000000000, 2.886751345948126879, -0.4465819873852014954 ) ) ;
#328 = CARTESIAN_POINT ( 'NONE',  ( -2.350480947161667888, 0.9736010864139220677, -1.312500000000000222 ) ) ;
#329 = CARTESIAN_POINT ( 'NONE',  ( -3.000000000000000444, -5.510910596163090542E-16, -1.875000000000000888 ) ) ;
#330 = APPROVAL_STATUS ( 'not_yet_approved' ) ;
#331 = CARTESIAN_POINT ( 'NONE',  ( 2.350480947161668777, -0.9736010864139215126, -3.937500000000000000 ) ) ;
#332 = CARTESIAN_POINT ( 'NONE',  ( -2.350480947161667888, 0.9736010864139219567, -4.312500000000000888 ) ) ;
#333 = CARTESIAN_POINT ( 'NONE',  ( 3.054126587736528009, 1.870113174931183622E-16, -1.281249999999999778 ) ) ;
#334 = CLOSED_SHELL ( 'NONE', ( #2038, #177, #696, #792, #1105, #325, #1003, #1856, #2344, #527, #620, #252, #564, #802, #922, #2215, #2170, #1443, #367, #1531, #437, #1786, #537, #1843, #2266, #717, #1051, #1966, #953, #1448, #2052, #2152, #595, #1125, #244, #56, #1905, #1586, #762 ) ) ;
#335 = AXIS2_PLACEMENT_3D ( 'NONE', #2090, #1537, #1902 ) ;
#336 = DIRECTION ( 'NONE',  ( 0.7071067811865487940, 0.000000000000000000, 0.7071067811865463515 ) ) ;
#337 = CARTESIAN_POINT ( 'NONE',  ( 2.350480947161668777, 0.9736010864139216237, -2.687500000000000888 ) ) ;
#338 = AXIS2_PLACEMENT_3D ( 'NONE', #442, #1217, #264 ) ;
#339 = EDGE_CURVE ( 'NONE', #1778, #402, #1425, .T. ) ;
#340 = CARTESIAN_POINT ( 'NONE',  ( -2.370385671749748013, 0.9598773677896615952, -0.5538951665649287648 ) ) ;
#341 = FACE_OUTER_BOUND ( 'NONE', #1174, .T. ) ;
#342 = CARTESIAN_POINT ( 'NONE',  ( -2.350480947161668777, -4.317763452597564685E-16, -3.250000000000000444 ) ) ;
#343 = DIRECTION ( 'NONE',  ( 0.000000000000000000, 0.000000000000000000, 1.000000000000000000 ) ) ;
#344 = PERSON_AND_ORGANIZATION_ROLE ( 'creator' ) ;
#345 = ORIENTED_EDGE ( 'NONE', *, *, #1661, .F. ) ;
#346 = CARTESIAN_POINT ( 'NONE',  ( -2.350480947161667888, 0.9736010864139220677, -1.437500000000000444 ) ) ;
#347 = ORIENTED_EDGE ( 'NONE', *, *, #2071, .T. ) ;
#348 = CARTESIAN_POINT ( 'NONE',  ( 0.9736010864139216237, 2.350480947161668777, -4.562500000000000888 ) ) ;
#349 = CARTESIAN_POINT ( 'NONE',  ( 3.740226349862367244E-16, -3.054126587736528009, -1.531249999999999778 ) ) ;
#350 = CARTESIAN_POINT ( 'NONE',  ( -2.599764717722268692, -0.1793448559268772391, -0.5084884577507878811 ) ) ;
#351 = CARTESIAN_POINT ( 'NONE',  ( 1.662041016787795034, 1.662041016787795256, -3.625000000000000444 ) ) ;
#352 = CARTESIAN_POINT ( 'NONE',  ( -1.242640687119284770, -3.000000000000001776, -1.687500000000000888 ) ) ;
#353 = DIRECTION ( 'NONE',  ( 0.000000000000000000, -1.000000000000000000, 0.000000000000000000 ) ) ;
#354 = ORIENTED_EDGE ( 'NONE', *, *, #1919, .F. ) ;
#355 = CARTESIAN_POINT ( 'NONE',  ( -1.662041016787795034, -1.662041016787795478, -5.125000000000000000 ) ) ;
#356 = CARTESIAN_POINT ( 'NONE',  ( -3.054126587736527565, -1.265060653844734428, -3.781250000000000888 ) ) ;
#357 = EDGE_CURVE ( 'NONE', #1065, #2056, #883, .T. ) ;
#358 = CARTESIAN_POINT ( 'NONE',  ( 2.878508968398376785E-16, -2.350480947161668777, -2.125000000000000000 ) ) ;
#359 = CARTESIAN_POINT ( 'NONE',  ( -3.054126587736527565, 1.265060653844732874, -1.843749999999999778 ) ) ;
#360 = DIRECTION ( 'NONE',  ( 0.000000000000000000, 0.000000000000000000, 1.000000000000000000 ) ) ;
#361 = CARTESIAN_POINT ( 'NONE',  ( 1.662041016787795256, -1.662041016787795034, -2.000000000000000000 ) ) ;
#362 = CARTESIAN_POINT ( 'NONE',  ( -0.9736010864139230669, 2.350480947161667888, -5.437500000000001776 ) ) ;
#363 = ORIENTED_EDGE ( 'NONE', *, *, #1729, .T. ) ;
#364 = CARTESIAN_POINT ( 'NONE',  ( -2.418538596526738527, 0.8462590833552335878, -0.5489049304324836731 ) ) ;
#365 = CARTESIAN_POINT ( 'NONE',  ( -2.584404330160793073, -1.410980042495958653, -5.830437052003935250 ) ) ;
#366 = ORIENTED_EDGE ( 'NONE', *, *, #848, .T. ) ;
#367 = ADVANCED_FACE ( 'NONE', ( #1878 ), #1306, .F. ) ;
#368 = CARTESIAN_POINT ( 'NONE',  ( -2.316080965277356629, -0.4290282268673465960, -5.242227771688615867 ) ) ;
#369 = CARTESIAN_POINT ( 'NONE',  ( 3.054126587736528453, -1.265060653844732430, -0.4062500000000008327 ) ) ;
#370 = CARTESIAN_POINT ( 'NONE',  ( 0.000000000000000000, 0.000000000000000000, 0.000000000000000000 ) ) ;
#371 = CARTESIAN_POINT ( 'NONE',  ( 3.740226349862367244E-16, -3.054126587736528009, -0.5312499999999997780 ) ) ;
#372 = CARTESIAN_POINT ( 'NONE',  ( 3.108253175473056906, 3.806512302282675605E-16, -6.000000000000000888 ) ) ;
#373 = DIRECTION ( 'NONE',  ( 1.000000000000000000, 0.000000000000000000, 0.000000000000000000 ) ) ;
#374 = AXIS2_PLACEMENT_3D ( 'NONE', #1175, #249, #224 ) ;
#375 = CARTESIAN_POINT ( 'NONE',  ( -1.878537284200533009, 2.339037766233907245, -5.891746824526950199 ) ) ;
#376 = ORIENTED_EDGE ( 'NONE', *, *, #432, .F. ) ;
#377 = CARTESIAN_POINT ( 'NONE',  ( -2.355408342465879379, -2.938821466586592181E-11, -5.247155166992827802 ) ) ;
#378 = CARTESIAN_POINT ( 'NONE',  ( -2.159593620790630109, -2.159593620790630997, -3.718750000000000888 ) ) ;
#379 = VECTOR ( 'NONE', #760, 1000.000000000000000 ) ;
#380 =( BOUNDED_CURVE ( )  B_SPLINE_CURVE ( 2, ( #423, #1699, #1170, #231, #778, #992, #204, #1727, #397 ),
 .UNSPECIFIED., .F., .F. ) 
 B_SPLINE_CURVE_WITH_KNOTS ( ( 3, 2, 2, 2, 3 ),
 ( 0.5357142857142856984, 0.5535714285714286031, 0.5714285714285713969, 0.5892857142857143016, 0.6071428571428570953 ),
 .UNSPECIFIED. ) 
 CURVE ( )  GEOMETRIC_REPRESENTATION_ITEM ( )  RATIONAL_B_SPLINE_CURVE ( ( 1.000000000000000000, 0.9238795325112867385, 1.000000000000000000, 0.9238795325112867385, 1.000000000000000000, 0.9238795325112867385, 1.000000000000000000, 0.9238795325112867385, 1.000000000000000000 ) ) 
 REPRESENTATION_ITEM ( '' )  );
#381 = CARTESIAN_POINT ( 'NONE',  ( -1.537902522752829126, 1.908062283321660280, -5.336796097266512717 ) ) ;
#382 = CARTESIAN_POINT ( 'NONE',  ( 2.552937251871568285E-15, -5.773502691896258199, -0.4465819873852021060 ) ) ;
#383 = DIRECTION ( 'NONE',  ( 0.7071067811865487940, 8.659560562354948882E-17, -0.7071067811865463515 ) ) ;
#384 = CARTESIAN_POINT ( 'NONE',  ( -5.000000000000000000, -2.886751345948864511, -0.4465819873847113319 ) ) ;
#385 = VECTOR ( 'NONE', #336, 1000.000000000000000 ) ;
#386 = CARTESIAN_POINT ( 'NONE',  ( 3.673940397442060854E-16, -3.000000000000000444, -1.625000000000000888 ) ) ;
#387 = CARTESIAN_POINT ( 'NONE',  ( -7.099999999999999645, 8.694992273946207746E-16, -6.000000000000000888 ) ) ;
#388 = CONICAL_SURFACE ( 'NONE', #1600, 5.000000000000000000, 1.047197551196600074 ) ;
#389 = EDGE_LOOP ( 'NONE', ( #2255, #984, #1928 ) ) ;
#390 = VERTEX_POINT ( 'NONE', #2049 ) ;
#391 = CARTESIAN_POINT ( 'NONE',  ( -2.347425592167097008, -0.1198072293685455980, -5.242227771688614091 ) ) ;
#392 = B_SPLINE_CURVE_WITH_KNOTS ( 'NONE', 3,
 ( #1754, #621, #82, #1053 ),
 .UNSPECIFIED., .F., .F.,
 ( 4, 4 ),
 ( 4.432586469523366646E-15, 0.0001218680114460438259 ),
 .UNSPECIFIED. ) ;
#393 = CARTESIAN_POINT ( 'NONE',  ( 1.265060653844732874, -3.054126587736528453, -1.531250000000000888 ) ) ;
#394 = CARTESIAN_POINT ( 'NONE',  ( 0.9371528841887245553, 2.379050376083005069, -5.443479394167638930 ) ) ;
#395 =( BOUNDED_CURVE ( )  B_SPLINE_CURVE ( 2, ( #1982, #2169, #1636, #1254, #2016, #690, #2338, #1430, #1419 ),
 .UNSPECIFIED., .F., .T. ) 
 B_SPLINE_CURVE_WITH_KNOTS ( ( 3, 2, 2, 2, 3 ),
 ( 0.1071428571428571369, 0.1250000000000000000, 0.1428571428571428492, 0.1607142857142857539, 0.1785714285714286031 ),
 .UNSPECIFIED. ) 
 CURVE ( )  GEOMETRIC_REPRESENTATION_ITEM ( )  RATIONAL_B_SPLINE_CURVE ( ( 1.000000000000000000, 0.9238795325112867385, 1.000000000000000000, 0.9238795325112867385, 1.000000000000000000, 0.9238795325112867385, 1.000000000000000000, 0.9238795325112866275, 1.000000000000000222 ) ) 
 REPRESENTATION_ITEM ( '' )  );
#396 = CARTESIAN_POINT ( 'NONE',  ( 3.740226349862367244E-16, -3.054126587736528009, -5.531250000000000000 ) ) ;
#397 = CARTESIAN_POINT ( 'NONE',  ( 3.000000000000000444, 1.836970198721030181E-16, -4.250000000000000000 ) ) ;
#398 = CYLINDRICAL_SURFACE ( 'NONE', #1021, 7.099999999999999645 ) ;
#399 = CARTESIAN_POINT ( 'NONE',  ( 2.350480947161668777, 0.9736010864139216237, -1.812500000000000444 ) ) ;
#400 = CARTESIAN_POINT ( 'NONE',  ( -2.999999999999999556, 1.242640687119285881, -2.812500000000000000 ) ) ;
#401 = EDGE_CURVE ( 'NONE', #402, #1778, #766, .T. ) ;
#402 = VERTEX_POINT ( 'NONE', #200 ) ;
#403 = EDGE_LOOP ( 'NONE', ( #1681, #1541, #1022, #1638, #236 ) ) ;
#404 = DIRECTION ( 'NONE',  ( -1.000000000000000000, 0.000000000000000000, 0.000000000000000000 ) ) ;
#405 = CARTESIAN_POINT ( 'NONE',  ( 3.740226349862367737E-16, -3.054126587736528453, -1.593750000000000666 ) ) ;
#406 = CARTESIAN_POINT ( 'NONE',  ( 2.124459782499480198, 1.523724762116822840, -5.500933639764071792 ) ) ;
#407 = CARTESIAN_POINT ( 'NONE',  ( 0.000000000000000000, 2.350480947161668777, 0.3749999999999998890 ) ) ;
#408 = CARTESIAN_POINT ( 'NONE',  ( 0.000000000000000000, 0.000000000000000000, -4.810000000000000497 ) ) ;
#409 = CARTESIAN_POINT ( 'NONE',  ( -2.990437445211482803, 0.2179231365499438855, -5.888170280048976579 ) ) ;
#410 = CARTESIAN_POINT ( 'NONE',  ( -1.575164050230557500, -1.744597058873849527, -5.242227771688617644 ) ) ;
#411 = CARTESIAN_POINT ( 'NONE',  ( -1.662041016787795478, 1.662041016787794590, -0.3750000000000001110 ) ) ;
#412 = CARTESIAN_POINT ( 'NONE',  ( -1.662041016787795034, -1.662041016787795478, -0.2500000000000001110 ) ) ;
#413 = DIRECTION ( 'NONE',  ( 1.000000000000000000, 0.000000000000000000, 0.000000000000000000 ) ) ;
#414 = ORIENTED_EDGE ( 'NONE', *, *, #2101, .F. ) ;
#415 = EDGE_CURVE ( 'NONE', #2056, #2019, #254, .T. ) ;
#416 = ORIENTED_EDGE ( 'NONE', *, *, #613, .F. ) ;
#417 = CARTESIAN_POINT ( 'NONE',  ( 1.242640687119285658, 3.000000000000000888, -3.187500000000001332 ) ) ;
#418 = AXIS2_PLACEMENT_3D ( 'NONE', #1134, #1496, #904 ) ;
#419 = CARTESIAN_POINT ( 'NONE',  ( -2.159593620790630109, -2.159593620790630997, -4.718750000000000888 ) ) ;
#420 = CARTESIAN_POINT ( 'NONE',  ( -2.925285743277457495, -4.084588180558443860, -0.01055556052338661906 ) ) ;
#421 = CARTESIAN_POINT ( 'NONE',  ( -3.000000000000000444, -5.510910596163090542E-16, -3.875000000000001332 ) ) ;
#422 = CARTESIAN_POINT ( 'NONE',  ( -2.159593620790630553, 2.159593620790629664, -4.906250000000000000 ) ) ;
#423 = CARTESIAN_POINT ( 'NONE',  ( -3.000000000000000444, -5.510910596163089556E-16, -3.750000000000000000 ) ) ;
#424 = CARTESIAN_POINT ( 'NONE',  ( -0.9736010864139230669, 2.350480947161667888, -6.437500000000000888 ) ) ;
#425 = CARTESIAN_POINT ( 'NONE',  ( 0.000000000000000000, 2.350480947161668777, -0.6250000000000001110 ) ) ;
#426 = DIRECTION ( 'NONE',  ( 0.000000000000000000, 0.000000000000000000, 1.000000000000000000 ) ) ;
#427 = VECTOR ( 'NONE', #1995, 1000.000000000000000 ) ;
#428 = ORIENTED_EDGE ( 'NONE', *, *, #2168, .F. ) ;
#429 = AXIS2_PLACEMENT_3D ( 'NONE', #1942, #2327, #1932 ) ;
#430 = DIRECTION ( 'NONE',  ( 0.000000000000000000, 0.000000000000000000, 1.000000000000000000 ) ) ;
#431 = CARTESIAN_POINT ( 'NONE',  ( 0.9736010864139216237, -2.350480947161668777, 0.06249999999999978489 ) ) ;
#432 = EDGE_CURVE ( 'NONE', #1962, #2056, #1367, .T. ) ;
#433 = CARTESIAN_POINT ( 'NONE',  ( -2.982275918325394404, 0.3256230135853862007, -5.891746824526943982 ) ) ;
#434 =( LENGTH_UNIT ( ) NAMED_UNIT ( * ) SI_UNIT ( .MILLI., .METRE. ) );
#435 = CARTESIAN_POINT ( 'NONE',  ( 3.054126587736528009, 1.870113174931183622E-16, -5.281250000000000000 ) ) ;
#436 = LINE ( 'NONE', #1607, #2300 ) ;
#437 = ADVANCED_FACE ( 'NONE', ( #587 ), #1682, .T. ) ;
#438 = CARTESIAN_POINT ( 'NONE',  ( 2.878508968398376785E-16, -2.350480947161668777, -1.125000000000000222 ) ) ;
#439 = CARTESIAN_POINT ( 'NONE',  ( 2.679025509387005677, -0.1852158423842464596, -5.570772333915094521 ) ) ;
#440 = ORIENTED_EDGE ( 'NONE', *, *, #541, .T. ) ;
#441 = EDGE_CURVE ( 'NONE', #1950, #1040, #138, .T. ) ;
#442 = CARTESIAN_POINT ( 'NONE',  ( 0.000000000000000000, 0.000000000000000000, 0.000000000000000000 ) ) ;
#443 = CARTESIAN_POINT ( 'NONE',  ( 2.350480947161668777, -0.9736010864139215126, -0.8125000000000004441 ) ) ;
#444 = CARTESIAN_POINT ( 'NONE',  ( 2.121320343559642829, -2.121320343559642385, -3.500000000000001776 ) ) ;
#445 = CARTESIAN_POINT ( 'NONE',  ( 2.350480947161668777, 0.9736010864139216237, -1.812500000000000444 ) ) ;
#446 = CARTESIAN_POINT ( 'NONE',  ( -2.350480947161668777, -4.317763452597564685E-16, -2.250000000000000444 ) ) ;
#447 = FACE_OUTER_BOUND ( 'NONE', #618, .T. ) ;
#448 = ORIENTED_EDGE ( 'NONE', *, *, #2314, .T. ) ;
#449 = CARTESIAN_POINT ( 'NONE',  ( -0.9736010864139230669, 2.350480947161667888, -0.5625000000000001110 ) ) ;
#450 = CARTESIAN_POINT ( 'NONE',  ( 2.672395640575447651, -1.646774451515943136E-11, -5.564142465102392521 ) ) ;
#451 = ORIENTED_EDGE ( 'NONE', *, *, #1783, .F. ) ;
#452 = CARTESIAN_POINT ( 'NONE',  ( 3.000000000000000444, 1.836970198721030181E-16, -0.2499999999999998335 ) ) ;
#453 = CARTESIAN_POINT ( 'NONE',  ( 3.054126587736528453, -1.265060653844732430, -4.406250000000001776 ) ) ;
#454 = CARTESIAN_POINT ( 'NONE',  ( 3.000000000000000444, 1.836970198721030427E-16, -3.375000000000001332 ) ) ;
#455 =( NAMED_UNIT ( * ) SI_UNIT ( $, .STERADIAN. ) SOLID_ANGLE_UNIT ( ) );
#456 = CARTESIAN_POINT ( 'NONE',  ( 2.350480947161668777, 0.9736010864139217347, -3.687500000000000888 ) ) ;
#457 = CARTESIAN_POINT ( 'NONE',  ( 0.000000000000000000, 0.000000000000000000, 0.000000000000000000 ) ) ;
#458 = CARTESIAN_POINT ( 'NONE',  ( 1.662041016787795256, -1.662041016787795034, 0.1249999999999998890 ) ) ;
#459 = CARTESIAN_POINT ( 'NONE',  ( 0.000000000000000000, 2.350480947161668777, -5.625000000000000000 ) ) ;
#460 = CARTESIAN_POINT ( 'NONE',  ( -0.1353841473936760742, 2.979561151265750940, -0.1316006212518092133 ) ) ;
#461 = ORIENTED_EDGE ( 'NONE', *, *, #2235, .F. ) ;
#462 = CARTESIAN_POINT ( 'NONE',  ( 1.744597058873862183, 1.575164050230542401, -0.7577722283113854651 ) ) ;
#463 = CARTESIAN_POINT ( 'NONE',  ( -2.500000000000002220, 4.330127018922192761, 0.000000000000000000 ) ) ;
#464 = VECTOR ( 'NONE', #2348, 1000.000000000000000 ) ;
#465 = CARTESIAN_POINT ( 'NONE',  ( -2.350480947161668777, -4.317763452597564685E-16, -1.250000000000000222 ) ) ;
#466 = CC_DESIGN_SECURITY_CLASSIFICATION ( #780, ( #543 ) ) ;
#467 = CARTESIAN_POINT ( 'NONE',  ( -2.121320343559642829, -2.121320343559643273, -4.625000000000000000 ) ) ;
#468 = CARTESIAN_POINT ( 'NONE',  ( -0.9736010864139231780, 2.350480947161667888, -4.437500000000001776 ) ) ;
#469 = DIRECTION ( 'NONE',  ( 1.000000000000000000, 0.000000000000000000, 0.000000000000000000 ) ) ;
#470 = CARTESIAN_POINT ( 'NONE',  ( -0.9736010864139210685, -2.350480947161669221, -3.062500000000000000 ) ) ;
#471 = CARTESIAN_POINT ( 'NONE',  ( 1.662041016787795034, 1.662041016787795256, -4.750000000000000888 ) ) ;
#472 = CARTESIAN_POINT ( 'NONE',  ( 3.000000000000000444, 1.836970198721030427E-16, -1.375000000000001332 ) ) ;
#473 = EDGE_LOOP ( 'NONE', ( #2180, #1256 ) ) ;
#474 = CARTESIAN_POINT ( 'NONE',  ( 0.9736010864139216237, 2.350480947161668777, -3.687500000000000444 ) ) ;
#475 = DIRECTION ( 'NONE',  ( -0.8660254037844383745, -0.5000000000000004441, 0.000000000000000000 ) ) ;
#476 = CARTESIAN_POINT ( 'NONE',  ( -0.9736010864139210685, -2.350480947161669221, -5.062500000000001776 ) ) ;
#477 = CARTESIAN_POINT ( 'NONE',  ( 0.9736010864139216237, 2.350480947161668777, -2.687500000000000888 ) ) ;
#478 = CARTESIAN_POINT ( 'NONE',  ( -3.054126587736528453, -5.610339524793551605E-16, 0.1562499999999992784 ) ) ;
#479 = COORDINATED_UNIVERSAL_TIME_OFFSET ( 6, 0, .BEHIND. ) ;
#480 = ORIENTED_EDGE ( 'NONE', *, *, #2329, .T. ) ;
#481 = CARTESIAN_POINT ( 'NONE',  ( -2.350480947161667888, -0.9736010864139229559, -0.3125000000000000555 ) ) ;
#482 = CARTESIAN_POINT ( 'NONE',  ( -2.700869069927281042E-15, 5.773502691896257311, -4.810000000000000497 ) ) ;
#483 = CARTESIAN_POINT ( 'NONE',  ( -1.662041016787795034, -1.662041016787795478, -2.125000000000000000 ) ) ;
#484 = CARTESIAN_POINT ( 'NONE',  ( 2.159593620790630109, 2.159593620790630109, -0.1562499999999998057 ) ) ;
#485 = CARTESIAN_POINT ( 'NONE',  ( -0.1632938791345131535, 2.999999999999999556, -0.1167869521321039938 ) ) ;
#486 = ORIENTED_EDGE ( 'NONE', *, *, #505, .F. ) ;
#487 = CARTESIAN_POINT ( 'NONE',  ( 2.350480947161668777, 0.9736010864139216237, -3.812500000000000444 ) ) ;
#488 = DIRECTION ( 'NONE',  ( -1.000000000000000000, 0.000000000000000000, 0.000000000000000000 ) ) ;
#489 = VECTOR ( 'NONE', #1010, 1000.000000000000000 ) ;
#490 = CARTESIAN_POINT ( 'NONE',  ( -2.350480947161667888, -0.9736010864139229559, -2.187500000000000444 ) ) ;
#491 = EDGE_CURVE ( 'NONE', #1249, #1197, #750, .T. ) ;
#492 = VECTOR ( 'NONE', #1712, 1000.000000000000000 ) ;
#493 = CARTESIAN_POINT ( 'NONE',  ( -3.054126587736527565, -1.265060653844734428, 0.2187499999999993339 ) ) ;
#494 = CALENDAR_DATE ( 2026, 7, 1 ) ;
#495 = ORIENTED_EDGE ( 'NONE', *, *, #1678, .F. ) ;
#496 = CARTESIAN_POINT ( 'NONE',  ( -0.9736010864139231780, 2.350480947161667888, -3.562500000000000000 ) ) ;
#497 = CARTESIAN_POINT ( 'NONE',  ( -2.350480947161668777, -4.317763452597564685E-16, -4.375000000000000000 ) ) ;
#498 = CARTESIAN_POINT ( 'NONE',  ( -3.000000000000000444, -5.510910596163089556E-16, -3.750000000000000000 ) ) ;
#499 = VERTEX_POINT ( 'NONE', #969 ) ;
#500 = CARTESIAN_POINT ( 'NONE',  ( -0.9736010864139230669, 2.350480947161667888, -5.562500000000000000 ) ) ;
#501 = CARTESIAN_POINT ( 'NONE',  ( -2.700869069927281042E-15, 5.773502691896257311, -4.810000000000000497 ) ) ;
#502 = CARTESIAN_POINT ( 'NONE',  ( 5.000000000000000000, 1.502314598737160412E-15, 0.000000000000000000 ) ) ;
#503 = COORDINATED_UNIVERSAL_TIME_OFFSET ( 6, 0, .BEHIND. ) ;
#504 = AXIS2_PLACEMENT_3D ( 'NONE', #757, #1290, #561 ) ;
#505 = EDGE_CURVE ( 'NONE', #886, #199, #928, .T. ) ;
#506 = CIRCLE ( 'NONE', #267, 7.099999999999999645 ) ;
#507 = CARTESIAN_POINT ( 'NONE',  ( -0.9736010864139209575, -2.350480947161669221, -2.187500000000000444 ) ) ;
#508 = ORIENTED_EDGE ( 'NONE', *, *, #1294, .T. ) ;
#509 = CARTESIAN_POINT ( 'NONE',  ( 2.878508968398376785E-16, -2.350480947161668777, -6.125000000000000000 ) ) ;
#510 = CARTESIAN_POINT ( 'NONE',  ( 5.000000000000002665, -2.886751345948126879, -4.810000000000000497 ) ) ;
#511 = CARTESIAN_POINT ( 'NONE',  ( -0.9736010864139230669, 2.350480947161667888, -4.562500000000000888 ) ) ;
#512 = DIRECTION ( 'NONE',  ( -0.000000000000000000, -0.000000000000000000, -1.000000000000000000 ) ) ;
#513 = CARTESIAN_POINT ( 'NONE',  ( -1.662041016787795034, -1.662041016787795478, -1.125000000000000444 ) ) ;
#514 = LINE ( 'NONE', #712, #427 ) ;
#515 = DATE_AND_TIME ( #1274, #1709 ) ;
#516 = ORIENTED_EDGE ( 'NONE', *, *, #4, .F. ) ;
#517 = CARTESIAN_POINT ( 'NONE',  ( 2.350480947161668777, 0.9736010864139217347, -1.812500000000000222 ) ) ;
#518 = EDGE_CURVE ( 'NONE', #1291, #2340, #1316, .T. ) ;
#519 = CARTESIAN_POINT ( 'NONE',  ( -2.350480947161667888, 0.9736010864139219567, -2.312500000000000888 ) ) ;
#520 = CARTESIAN_POINT ( 'NONE',  ( -1.265060653844734651, 3.054126587736527121, -3.968750000000000444 ) ) ;
#521 = CARTESIAN_POINT ( 'NONE',  ( 0.3066218111710057870, -2.751275046945393488, -0.3458180584614079511 ) ) ;
#522 = CARTESIAN_POINT ( 'NONE',  ( 0.7433173762188338696, 2.288709237347385628, -0.7050615022634483253 ) ) ;
#523 = CARTESIAN_POINT ( 'NONE',  ( -1.653121499799247385, 4.819072548984003390, -0.05140428708382616119 ) ) ;
#524 = VERTEX_POINT ( 'NONE', #190 ) ;
#525 = CARTESIAN_POINT ( 'NONE',  ( 0.000000000000000000, 2.350480947161668777, -3.500000000000000444 ) ) ;
#526 = CARTESIAN_POINT ( 'NONE',  ( 3.054126587736528453, -1.265060653844732430, 0.5937499999999992228 ) ) ;
#527 = ADVANCED_FACE ( 'NONE', ( #724 ), #1463, .F. ) ;
#528 = ORIENTED_EDGE ( 'NONE', *, *, #689, .T. ) ;
#529 = CARTESIAN_POINT ( 'NONE',  ( 0.9736010864139217347, -2.350480947161668777, -3.062500000000000000 ) ) ;
#530 = CARTESIAN_POINT ( 'NONE',  ( 0.000000000000000000, 2.350480947161668777, -4.500000000000000888 ) ) ;
#531 = CARTESIAN_POINT ( 'NONE',  ( -3.054126587736527121, -1.265060653844733984, -1.718749999999999778 ) ) ;
#532 = VECTOR ( 'NONE', #1520, 1000.000000000000000 ) ;
#533 = LINE ( 'NONE', #1287, #1321 ) ;
#534 = CARTESIAN_POINT ( 'NONE',  ( 2.878508968398376785E-16, -2.350480947161668777, -3.000000000000000000 ) ) ;
#535 = CARTESIAN_POINT ( 'NONE',  ( 3.000000000000000444, 1.836970198721030427E-16, -4.375000000000000888 ) ) ;
#536 = CARTESIAN_POINT ( 'NONE',  ( -2.989382938682634716, -4.322386457390860483E-14, -5.881129763209581363 ) ) ;
#537 = ADVANCED_FACE ( 'NONE', ( #1525 ), #985, .T. ) ;
#538 = ORIENTED_EDGE ( 'NONE', *, *, #1729, .F. ) ;
#539 = CARTESIAN_POINT ( 'NONE',  ( -2.347425592167097008, -0.1198072293685455980, -5.242227771688614091 ) ) ;
#540 = CARTESIAN_POINT ( 'NONE',  ( 3.740226349862367737E-16, -3.054126587736528453, -2.593750000000000444 ) ) ;
#541 = EDGE_CURVE ( 'NONE', #1620, #2088, #62, .T. ) ;
#542 = CARTESIAN_POINT ( 'NONE',  ( 2.350480947161668777, 0.9736010864139217347, -4.812500000000000888 ) ) ;
#543 = PRODUCT_DEFINITION_FORMATION_WITH_SPECIFIED_SOURCE ( 'ANY', '', #1718, .NOT_KNOWN. ) ;
#544 = CARTESIAN_POINT ( 'NONE',  ( -1.265060653844734651, 3.054126587736527121, -2.968750000000000000 ) ) ;
#545 = LINE ( 'NONE', #1311, #385 ) ;
#546 = CARTESIAN_POINT ( 'NONE',  ( 1.662041016787795256, -1.662041016787795034, -4.875000000000000888 ) ) ;
#547 = EDGE_CURVE ( 'NONE', #147, #1583, #1132, .T. ) ;
#548 = CARTESIAN_POINT ( 'NONE',  ( -2.191731024986696585, 1.288113179414469789, -0.5690438551801747513 ) ) ;
#549 = CARTESIAN_POINT ( 'NONE',  ( 2.350480947161668777, -0.9736010864139215126, -2.937500000000000444 ) ) ;
#550 = CARTESIAN_POINT ( 'NONE',  ( -2.983408131387878637, -0.1867144353687253400, -5.875154955914825727 ) ) ;
#551 = EDGE_LOOP ( 'NONE', ( #868, #1705, #1852, #198, #1471 ) ) ;
#552 = CARTESIAN_POINT ( 'NONE',  ( 0.9736010864139217347, -2.350480947161668777, -4.937500000000000888 ) ) ;
#553 = MANIFOLD_SOLID_BREP ( 'Imported1', #334 ) ;
#554 = CARTESIAN_POINT ( 'NONE',  ( 3.054126587736528453, -1.265060653844732430, -1.406250000000000666 ) ) ;
#555 =( BOUNDED_CURVE ( )  B_SPLINE_CURVE ( 2, ( #665, #1405, #2154, #1795, #855, #1602, #869, #2164, #573 ),
 .UNSPECIFIED., .F., .F. ) 
 B_SPLINE_CURVE_WITH_KNOTS ( ( 3, 2, 2, 2, 3 ),
 ( 0.3214285714285713969, 0.3392857142857142461, 0.3571428571428570953, 0.3750000000000000000, 0.3928571428571428492 ),
 .UNSPECIFIED. ) 
 CURVE ( )  GEOMETRIC_REPRESENTATION_ITEM ( )  RATIONAL_B_SPLINE_CURVE ( ( 1.000000000000000222, 0.9238795325112865164, 1.000000000000000000, 0.9238795325112867385, 1.000000000000000000, 0.9238795325112867385, 1.000000000000000000, 0.9238795325112867385, 1.000000000000000000 ) ) 
 REPRESENTATION_ITEM ( '' )  );
#556 = CARTESIAN_POINT ( 'NONE',  ( -2.362133854539223421, 0.1656014011122976248, -5.253880679064105941 ) ) ;
#557 = CARTESIAN_POINT ( 'NONE',  ( -2.159593620790630553, 2.159593620790629664, -0.9062499999999997780 ) ) ;
#558 = DIRECTION ( 'NONE',  ( 0.000000000000000000, 0.000000000000000000, 1.000000000000000000 ) ) ;
#559 = CARTESIAN_POINT ( 'NONE',  ( -2.350480947161668777, -4.317763452597564685E-16, -3.250000000000000444 ) ) ;
#560 = CARTESIAN_POINT ( 'NONE',  ( -3.108253175473056906, 0.000000000000000000, -6.000000000000000888 ) ) ;
#561 = DIRECTION ( 'NONE',  ( 1.000000000000000000, 0.000000000000000000, 0.000000000000000000 ) ) ;
#562 = ORIENTED_EDGE ( 'NONE', *, *, #774, .F. ) ;
#563 = DIRECTION ( 'NONE',  ( 1.000000000000000000, 0.000000000000000000, 0.000000000000000000 ) ) ;
#564 = ADVANCED_FACE ( 'NONE', ( #2296 ), #811, .F. ) ;
#565 = CARTESIAN_POINT ( 'NONE',  ( -1.265060653844732208, -3.054126587736529341, -3.656250000000000888 ) ) ;
#566 = B_SPLINE_CURVE_WITH_KNOTS ( 'NONE', 3,
 ( #836, #101, #1555, #659 ),
 .UNSPECIFIED., .F., .F.,
 ( 4, 4 ),
 ( 2.380735200829119233E-07, 0.002921158011986714660 ),
 .UNSPECIFIED. ) ;
#567 = CARTESIAN_POINT ( 'NONE',  ( 2.018040990062496931, 1.651929238131077060, -5.494542282572451697 ) ) ;
#568 =( BOUNDED_CURVE ( )  B_SPLINE_CURVE ( 2, ( #2106, #631, #1582, #1166, #2313, #1553, #467, #281, #1395 ),
 .UNSPECIFIED., .F., .T. ) 
 B_SPLINE_CURVE_WITH_KNOTS ( ( 3, 2, 2, 2, 3 ),
 ( 0.6071428571428570953, 0.6250000000000000000, 0.6428571428571427937, 0.6607142857142855874, 0.6785714285714284921 ),
 .UNSPECIFIED. ) 
 CURVE ( )  GEOMETRIC_REPRESENTATION_ITEM ( )  RATIONAL_B_SPLINE_CURVE ( ( 1.000000000000000000, 0.9238795325112867385, 1.000000000000000000, 0.9238795325112867385, 1.000000000000000000, 0.9238795325112867385, 1.000000000000000000, 0.9238795325112871826, 0.9999999999999995559 ) ) 
 REPRESENTATION_ITEM ( '' )  );
#569 = B_SPLINE_CURVE_WITH_KNOTS ( 'NONE', 3,
 ( #2179, #680, #1593, #1243, #1062, #502 ),
 .UNSPECIFIED., .F., .F.,
 ( 4, 2, 4 ),
 ( 0.01609281664087515440, 0.01755441569581812911, 0.01901601475076110381 ),
 .UNSPECIFIED. ) ;
#570 = CARTESIAN_POINT ( 'NONE',  ( -3.054126587736528009, -5.610339524793550619E-16, -3.781250000000000000 ) ) ;
#571 = CARTESIAN_POINT ( 'NONE',  ( -0.2365201408622274737, -2.739010928653545562, -0.3649048896202191639 ) ) ;
#572 = CARTESIAN_POINT ( 'NONE',  ( 2.350480947161668777, 1.439254484199188393E-16, -5.750000000000000888 ) ) ;
#573 = CARTESIAN_POINT ( 'NONE',  ( -3.000000000000000444, -5.510910596163089556E-16, -2.750000000000000000 ) ) ;
#574 = DIRECTION ( 'NONE',  ( 1.000000000000000000, 0.000000000000000000, 0.000000000000000000 ) ) ;
#575 = VERTEX_POINT ( 'NONE', #1202 ) ;
#576 = ORIENTED_EDGE ( 'NONE', *, *, #2118, .F. ) ;
#577 = DIRECTION ( 'NONE',  ( 0.000000000000000000, 0.000000000000000000, -1.000000000000000000 ) ) ;
#578 = CARTESIAN_POINT ( 'NONE',  ( 1.265060653844732430, 3.054126587736528453, -4.156250000000000888 ) ) ;
#579 = CARTESIAN_POINT ( 'NONE',  ( -1.242640687119287657, 2.999999999999999556, -2.062500000000001332 ) ) ;
#580 = CARTESIAN_POINT ( 'NONE',  ( -3.054126587736528009, -5.610339524793550619E-16, -6.781250000000000000 ) ) ;
#581 = AXIS2_PLACEMENT_3D ( 'NONE', #790, #1530, #960 ) ;
#582 = CARTESIAN_POINT ( 'NONE',  ( 2.121320343559642829, 2.121320343559642829, -2.125000000000000000 ) ) ;
#583 = CARTESIAN_POINT ( 'NONE',  ( 2.350480947161668777, -0.9736010864139215126, -1.937500000000000000 ) ) ;
#584 = LINE ( 'NONE', #387, #932 ) ;
#585 = ORIENTED_EDGE ( 'NONE', *, *, #1117, .F. ) ;
#586 = VERTEX_POINT ( 'NONE', #463 ) ;
#587 = FACE_OUTER_BOUND ( 'NONE', #1475, .T. ) ;
#588 = CARTESIAN_POINT ( 'NONE',  ( -2.159593620790630997, 2.159593620790629664, -0.9687500000000006661 ) ) ;
#589 = CARTESIAN_POINT ( 'NONE',  ( -1.662041016787795034, -1.662041016787795478, -2.250000000000000444 ) ) ;
#590 = CARTESIAN_POINT ( 'NONE',  ( -1.242640687119287657, 2.999999999999999556, -4.062500000000001776 ) ) ;
#591 = CARTESIAN_POINT ( 'NONE',  ( 0.000000000000000000, 2.350480947161668777, -5.500000000000000888 ) ) ;
#592 = FACE_OUTER_BOUND ( 'NONE', #2062, .T. ) ;
#593 = DESIGN_CONTEXT ( 'detailed design', #682, 'design' ) ;
#594 = CARTESIAN_POINT ( 'NONE',  ( -3.000000000000000444, -5.510910596163089556E-16, -1.749999999999999778 ) ) ;
#595 = ADVANCED_FACE ( 'NONE', ( #73 ), #1084, .T. ) ;
#596 = CARTESIAN_POINT ( 'NONE',  ( -2.350480947161667888, -0.9736010864139229559, -6.187500000000000888 ) ) ;
#597 = FACE_OUTER_BOUND ( 'NONE', #2048, .T. ) ;
#598 = ORIENTED_EDGE ( 'NONE', *, *, #6, .T. ) ;
#599 = VERTEX_POINT ( 'NONE', #2310 ) ;
#600 = CARTESIAN_POINT ( 'NONE',  ( 2.005854134297383240, 2.236786552821902418, -0.1167869521321036469 ) ) ;
#601 = CARTESIAN_POINT ( 'NONE',  ( -2.159593620790630997, 2.159593620790629664, -4.968750000000000888 ) ) ;
#602 = CARTESIAN_POINT ( 'NONE',  ( -2.712167343862783131, -4.207632145829767190, 2.814408139410285701E-15 ) ) ;
#603 = CARTESIAN_POINT ( 'NONE',  ( -2.999999999999999556, 1.242640687119286103, -3.937500000000001776 ) ) ;
#604 = CARTESIAN_POINT ( 'NONE',  ( -1.662041016787795478, 1.662041016787794590, -6.375000000000000888 ) ) ;
#605 = CARTESIAN_POINT ( 'NONE',  ( -1.265060653844734651, 3.054126587736527121, -5.968750000000000000 ) ) ;
#606 = AXIS2_PLACEMENT_3D ( 'NONE', #278, #1550, #1580 ) ;
#607 = CARTESIAN_POINT ( 'NONE',  ( -2.992872216874235658, 0.1090409406107474416, -5.884619041401178308 ) ) ;
#608 = CARTESIAN_POINT ( 'NONE',  ( -0.9736010864139210685, -2.350480947161669221, -6.062500000000000000 ) ) ;
#609 = FACE_OUTER_BOUND ( 'NONE', #551, .T. ) ;
#610 = CARTESIAN_POINT ( 'NONE',  ( 1.662041016787795256, -1.662041016787795034, -1.084202172485504434E-16 ) ) ;
#611 = CARTESIAN_POINT ( 'NONE',  ( 3.000000000000000444, 1.836970198721030181E-16, -3.250000000000000444 ) ) ;
#612 = VERTEX_POINT ( 'NONE', #833 ) ;
#613 = EDGE_CURVE ( 'NONE', #1950, #147, #141, .T. ) ;
#614 = CARTESIAN_POINT ( 'NONE',  ( 3.000000000000000888, 1.242640687119285214, -0.1874999999999998335 ) ) ;
#615 = CARTESIAN_POINT ( 'NONE',  ( 2.878508968398376785E-16, -2.350480947161668777, -1.000000000000000222 ) ) ;
#616 = CARTESIAN_POINT ( 'NONE',  ( -2.999999999999999556, -1.242640687119287213, -3.812500000000001776 ) ) ;
#617 = DIRECTION ( 'NONE',  ( 0.000000000000000000, 0.000000000000000000, 1.000000000000000000 ) ) ;
#618 = EDGE_LOOP ( 'NONE', ( #929, #1373, #416, #1442 ) ) ;
#619 = CARTESIAN_POINT ( 'NONE',  ( 2.159593620790630109, -2.159593620790630109, -6.406250000000000888 ) ) ;
#620 = ADVANCED_FACE ( 'NONE', ( #1189 ), #2283, .F. ) ;
#621 = CARTESIAN_POINT ( 'NONE',  ( 2.355703839074144934, -0.07992633522859005080, -0.7515375259055097068 ) ) ;
#622 = CARTESIAN_POINT ( 'NONE',  ( -0.9736010864139210685, -2.350480947161669221, -1.062500000000000222 ) ) ;
#623 = CARTESIAN_POINT ( 'NONE',  ( 2.350480947161668777, -0.9736010864139215126, 0.06249999999999989592 ) ) ;
#624 = CARTESIAN_POINT ( 'NONE',  ( 2.285235818363201332, 0.5683239370852787298, -0.7577722283113847990 ) ) ;
#625 = EDGE_CURVE ( 'NONE', #2075, #223, #1972, .T. ) ;
#626 = AXIS2_PLACEMENT_3D ( 'NONE', #2126, #426, #413 ) ;
#627 = ORIENTED_EDGE ( 'NONE', *, *, #1708, .T. ) ;
#628 = VECTOR ( 'NONE', #767, 1000.000000000000000 ) ;
#629 = CARTESIAN_POINT ( 'NONE',  ( -2.999999999999999556, 1.242640687119285881, -5.812499999999999112 ) ) ;
#630 = CARTESIAN_POINT ( 'NONE',  ( 2.350480947161668777, 1.439254484199188393E-16, -0.7500000000000002220 ) ) ;
#631 = CARTESIAN_POINT ( 'NONE',  ( 2.999999999999999556, -1.242640687119285658, -4.312500000000000888 ) ) ;
#632 = CARTESIAN_POINT ( 'NONE',  ( -2.350480947161667888, 0.9736010864139219567, -5.312500000000001776 ) ) ;
#633 = CARTESIAN_POINT ( 'NONE',  ( 0.000000000000000000, 2.350480947161668777, -1.500000000000000222 ) ) ;
#634 = CARTESIAN_POINT ( 'NONE',  ( 3.000000000000000444, 1.836970198721030181E-16, -2.250000000000000444 ) ) ;
#635 = CARTESIAN_POINT ( 'NONE',  ( 0.9736010864139216237, 2.350480947161668777, -1.562500000000000000 ) ) ;
#636 =( BOUNDED_SURFACE ( )  B_SPLINE_SURFACE ( 1, 2, ( 
 ( #2136, #68, #1351, #1338, #963, #1913, #458, #816, #233, #1185, #993, #1730, #1209, #58, #411, #1701, #1576, #32, #83, #1935, #806, #2291, #45, #1546, #1160, #622, #2112, #1925, #245, #1563, #2306, #781, #1017, #635, #1756, #829, #1519, #2267, #2084, #1897, #218, #1031, #483, #287, #1775, #519, #1236, #1075, #1766, #1812, #890, #1445, #322, #1266, #2183, #877, #1399, #470, #1974, #1998, #1608, #2374, #301, #2193, #273, #1224, #1054, #103, #115, #864, #683, #1422, #2172, #1987, #314, #2395, #2008, #332, #716, #2020, #530, #348, #1097, #1836, #729, #788, #1711, #1144, #241, #214, #65, #813, #975, #632, #1157, #1193, #591, #41, #2109, #1528, #1909, #990, #2262, #80, #826, #1573, #1334, #1323, #2068, #2274, #604, #1697, #28 ),
 ( #407, #1347, #2095, #228, #1725, #801, #1542, #1182, #1922, #1001, #837, #481, #284, #2146, #299, #1787, #112, #887, #692, #1957, #311, #849, #1596, #1432, #1800, #647, #2181, #2133, #1257, #1996, #1206, #1028, #1584, #1554, #1469, #445, #1749, #732, #361, #170, #2259, #1358, #589, #1167, #2107, #1179, #914, #1038, #846, #477, #2350, #295, #641, #549, #1521, #2058, #1487, #2401, #939, #1135, #1052, #899, #1216, #2176, #1436, #474, #1992, #487, #2335, #2324, #1963, #1045, #1240, #1951, #2360, #1613, #128, #677, #2188, #511, #1261, #1078, #2368, #139, #1806, #687, #277, #96, #107, #1427, #1978, #1250, #291, #1621, #326, #500, #2347, #843, #1069, #316, #1034, #880, #697, #2002, #893, #1391, #2140, #119, #1816, #1228, #305, #1058, #654 ) ),
 .UNSPECIFIED., .F., .F., .T. ) 
 B_SPLINE_SURFACE_WITH_KNOTS ( ( 2, 2 ),
 ( 3, 2, 2, 2, 2, 2, 2, 2, 2, 2, 2, 2, 2, 2, 2, 2, 2, 2, 2, 2, 2, 2, 2, 2, 2, 2, 2, 2, 2, 2, 2, 2, 2, 2, 2, 2, 2, 2, 2, 2, 2, 2, 2, 2, 2, 2, 2, 2, 2, 2, 2, 2, 2, 2, 2, 2, 3 ),
 ( 0.000000000000000000, 1.000000000000000000 ),
 ( 0.000000000000000000, 0.01785714285714285615, 0.03571428571428571230, 0.05357142857142856845, 0.07142857142857142461, 0.08928571428571428770, 0.1071428571428571369, 0.1250000000000000000, 0.1428571428571428492, 0.1607142857142857262, 0.1785714285714285754, 0.1964285714285714246, 0.2142857142857142738, 0.2321428571428571508, 0.2500000000000000000, 0.2678571428571428492, 0.2857142857142856984, 0.3035714285714285476, 0.3214285714285714524, 0.3392857142857143016, 0.3571428571428571508, 0.3750000000000000000, 0.3928571428571428492, 0.4107142857142856984, 0.4285714285714285476, 0.4464285714285714524, 0.4642857142857143016, 0.4821428571428571508, 0.5000000000000000000, 0.5178571428571429047, 0.5357142857142856984, 0.5535714285714286031, 0.5714285714285713969, 0.5892857142857143016, 0.6071428571428570953, 0.6250000000000000000, 0.6428571428571429047, 0.6607142857142856984, 0.6785714285714286031, 0.6964285714285713969, 0.7142857142857143016, 0.7321428571428570953, 0.7500000000000000000, 0.7678571428571429047, 0.7857142857142856984, 0.8035714285714286031, 0.8214285714285713969, 0.8392857142857143016, 0.8571428571428570953, 0.8750000000000000000, 0.8928571428571429047, 0.9107142857142856984, 0.9285714285714286031, 0.9464285714285713969, 0.9642857142857143016, 0.9821428571428570953, 1.000000000000000000 ),
 .UNSPECIFIED. ) 
 GEOMETRIC_REPRESENTATION_ITEM ( )  RATIONAL_B_SPLINE_SURFACE ( (
 ( 1.000000000000000000, 0.9238795325112867385, 1.000000000000000000, 0.9238795325112867385, 1.000000000000000000, 0.9238795325112867385, 1.000000000000000000, 0.9238795325112867385, 1.000000000000000000, 0.9238795325112867385, 1.000000000000000000, 0.9238795325112867385, 1.000000000000000000, 0.9238795325112867385, 1.000000000000000000, 0.9238795325112867385, 1.000000000000000000, 0.9238795325112867385, 1.000000000000000000, 0.9238795325112867385, 1.000000000000000000, 0.9238795325112867385, 1.000000000000000000, 0.9238795325112867385, 1.000000000000000000, 0.9238795325112867385, 1.000000000000000000, 0.9238795325112867385, 1.000000000000000000, 0.9238795325112867385, 1.000000000000000000, 0.9238795325112867385, 1.000000000000000000, 0.9238795325112867385, 1.000000000000000000, 0.9238795325112867385, 1.000000000000000000, 0.9238795325112867385, 1.000000000000000000, 0.9238795325112867385, 1.000000000000000000, 0.9238795325112867385, 1.000000000000000000, 0.9238795325112867385, 1.000000000000000000, 0.9238795325112867385, 1.000000000000000000, 0.9238795325112867385, 1.000000000000000000, 0.9238795325112867385, 1.000000000000000000, 0.9238795325112867385, 1.000000000000000000, 0.9238795325112867385, 1.000000000000000000, 0.9238795325112867385, 1.000000000000000000, 0.9238795325112867385, 1.000000000000000000, 0.9238795325112867385, 1.000000000000000000, 0.9238795325112867385, 1.000000000000000000, 0.9238795325112867385, 1.000000000000000000, 0.9238795325112867385, 1.000000000000000000, 0.9238795325112867385, 1.000000000000000000, 0.9238795325112867385, 1.000000000000000000, 0.9238795325112867385, 1.000000000000000000, 0.9238795325112867385, 1.000000000000000000, 0.9238795325112867385, 1.000000000000000000, 0.9238795325112867385, 1.000000000000000000, 0.9238795325112867385, 1.000000000000000000, 0.9238795325112867385, 1.000000000000000000, 0.9238795325112867385, 1.000000000000000000, 0.9238795325112867385, 1.000000000000000000, 0.9238795325112867385, 1.000000000000000000, 0.9238795325112867385, 1.000000000000000000, 0.9238795325112867385, 1.000000000000000000, 0.9238795325112867385, 1.000000000000000000, 0.9238795325112867385, 1.000000000000000000, 0.9238795325112867385, 1.000000000000000000, 0.9238795325112867385, 1.000000000000000000, 0.9238795325112867385, 1.000000000000000000, 0.9238795325112867385, 1.000000000000000000, 0.9238795325112867385, 1.000000000000000000, 0.9238795325112867385, 1.000000000000000000, 0.9238795325112867385, 1.000000000000000000, 0.9238795325112867385, 1.000000000000000000),
 ( 1.000000000000000000, 0.9238795325112867385, 1.000000000000000000, 0.9238795325112867385, 1.000000000000000000, 0.9238795325112867385, 1.000000000000000000, 0.9238795325112867385, 1.000000000000000000, 0.9238795325112867385, 1.000000000000000000, 0.9238795325112867385, 1.000000000000000000, 0.9238795325112867385, 1.000000000000000000, 0.9238795325112867385, 1.000000000000000000, 0.9238795325112867385, 1.000000000000000000, 0.9238795325112867385, 1.000000000000000000, 0.9238795325112867385, 1.000000000000000000, 0.9238795325112867385, 1.000000000000000000, 0.9238795325112867385, 1.000000000000000000, 0.9238795325112867385, 1.000000000000000000, 0.9238795325112867385, 1.000000000000000000, 0.9238795325112867385, 1.000000000000000000, 0.9238795325112867385, 1.000000000000000000, 0.9238795325112867385, 1.000000000000000000, 0.9238795325112867385, 1.000000000000000000, 0.9238795325112867385, 1.000000000000000000, 0.9238795325112867385, 1.000000000000000000, 0.9238795325112867385, 1.000000000000000000, 0.9238795325112867385, 1.000000000000000000, 0.9238795325112867385, 1.000000000000000000, 0.9238795325112867385, 1.000000000000000000, 0.9238795325112867385, 1.000000000000000000, 0.9238795325112867385, 1.000000000000000000, 0.9238795325112867385, 1.000000000000000000, 0.9238795325112867385, 1.000000000000000000, 0.9238795325112867385, 1.000000000000000000, 0.9238795325112867385, 1.000000000000000000, 0.9238795325112867385, 1.000000000000000000, 0.9238795325112867385, 1.000000000000000000, 0.9238795325112867385, 1.000000000000000000, 0.9238795325112867385, 1.000000000000000000, 0.9238795325112867385, 1.000000000000000000, 0.9238795325112867385, 1.000000000000000000, 0.9238795325112867385, 1.000000000000000000, 0.9238795325112867385, 1.000000000000000000, 0.9238795325112867385, 1.000000000000000000, 0.9238795325112867385, 1.000000000000000000, 0.9238795325112867385, 1.000000000000000000, 0.9238795325112867385, 1.000000000000000000, 0.9238795325112867385, 1.000000000000000000, 0.9238795325112867385, 1.000000000000000000, 0.9238795325112867385, 1.000000000000000000, 0.9238795325112867385, 1.000000000000000000, 0.9238795325112867385, 1.000000000000000000, 0.9238795325112867385, 1.000000000000000000, 0.9238795325112867385, 1.000000000000000000, 0.9238795325112867385, 1.000000000000000000, 0.9238795325112867385, 1.000000000000000000, 0.9238795325112867385, 1.000000000000000000, 0.9238795325112867385, 1.000000000000000000, 0.9238795325112867385, 1.000000000000000000, 0.9238795325112867385, 1.000000000000000000) ) ) 
 REPRESENTATION_ITEM ( '' )  SURFACE ( )  );
#637 = CARTESIAN_POINT ( 'NONE',  ( 1.662041016787795034, 1.662041016787795256, -0.7500000000000002220 ) ) ;
#638 = CARTESIAN_POINT ( 'NONE',  ( 2.142531039350688893, 0.9772223685549114025, -0.7577722283113853541 ) ) ;
#639 = EDGE_CURVE ( 'NONE', #320, #2075, #2116, .T. ) ;
#640 = ORIENTED_EDGE ( 'NONE', *, *, #1635, .F. ) ;
#641 = CARTESIAN_POINT ( 'NONE',  ( 2.350480947161668777, 1.439254484199188393E-16, -2.875000000000000444 ) ) ;
#642 = CARTESIAN_POINT ( 'NONE',  ( 2.121320343559642829, 2.121320343559642829, -0.1249999999999998196 ) ) ;
#643 = CARTESIAN_POINT ( 'NONE',  ( -1.662041016787795034, -1.662041016787795478, -1.125000000000000444 ) ) ;
#644 = CARTESIAN_POINT ( 'NONE',  ( -5.000000000000000000, -2.886751345948864511, -0.4465819873847113319 ) ) ;
#645 = CARTESIAN_POINT ( 'NONE',  ( -0.8179331680532967441, -5.301268757141563093, -0.1739375980333735250 ) ) ;
#646 = EDGE_LOOP ( 'NONE', ( #2198, #53 ) ) ;
#647 = CARTESIAN_POINT ( 'NONE',  ( -0.9736010864139210685, -2.350480947161669221, -1.187500000000000444 ) ) ;
#648 = CARTESIAN_POINT ( 'NONE',  ( -0.9736010864139231780, 2.350480947161667888, -1.437500000000000444 ) ) ;
#649 = DIRECTION ( 'NONE',  ( 0.000000000000000000, 0.000000000000000000, -1.000000000000000000 ) ) ;
#650 = CARTESIAN_POINT ( 'NONE',  ( -1.242640687119284770, -3.000000000000001776, -2.687500000000001332 ) ) ;
#651 = CARTESIAN_POINT ( 'NONE',  ( 2.350480947161668777, 1.439254484199188393E-16, -5.875000000000000000 ) ) ;
#652 = CARTESIAN_POINT ( 'NONE',  ( 0.05828978829732278655, -2.834261885282151727, -5.720603469085383530 ) ) ;
#653 = ORIENTED_EDGE ( 'NONE', *, *, #1027, .F. ) ;
#654 = CARTESIAN_POINT ( 'NONE',  ( 0.000000000000000000, 2.350480947161668777, -6.625000000000000888 ) ) ;
#655 = B_SPLINE_CURVE_WITH_KNOTS ( 'NONE', 3,
 ( #2277, #409, #607, #1517 ),
 .UNSPECIFIED., .F., .F.,
 ( 4, 4 ),
 ( 0.001600263330902237675, 0.001924881352599785121 ),
 .UNSPECIFIED. ) ;
#656 = CARTESIAN_POINT ( 'NONE',  ( 0.000000000000000000, 3.000000000000000444, -3.125000000000001332 ) ) ;
#657 = CARTESIAN_POINT ( 'NONE',  ( 2.350480947161668777, 0.9736010864139216237, -0.6875000000000003331 ) ) ;
#658 = CARTESIAN_POINT ( 'NONE',  ( 5.000000000000000000, 1.502314598737160412E-15, 0.000000000000000000 ) ) ;
#659 = CARTESIAN_POINT ( 'NONE',  ( 2.500000000000001776, -4.330127018922192761, 0.000000000000000000 ) ) ;
#660 = CARTESIAN_POINT ( 'NONE',  ( -1.662041016787795034, -1.662041016787795478, -4.125000000000000000 ) ) ;
#661 = CARTESIAN_POINT ( 'NONE',  ( 3.000000000000000444, 1.836970198721030181E-16, -5.250000000000000000 ) ) ;
#662 = CARTESIAN_POINT ( 'NONE',  ( 0.9736010864139216237, -2.350480947161668777, -4.062500000000000000 ) ) ;
#663 = CARTESIAN_POINT ( 'NONE',  ( 0.000000000000000000, 0.000000000000000000, 0.000000000000000000 ) ) ;
#664 = EDGE_LOOP ( 'NONE', ( #2319, #106, #968, #627 ) ) ;
#665 = CARTESIAN_POINT ( 'NONE',  ( 3.000000000000000444, 1.836970198721030181E-16, -2.250000000000000444 ) ) ;
#666 = CARTESIAN_POINT ( 'NONE',  ( -3.000000000000000444, -5.510910596163089556E-16, -5.750000000000000000 ) ) ;
#667 = CONICAL_SURFACE ( 'NONE', #1904, 5.000000000000000000, 1.047197551196600074 ) ;
#668 = CARTESIAN_POINT ( 'NONE',  ( 2.878508968398376785E-16, -2.350480947161668777, -5.000000000000000000 ) ) ;
#669 = ORIENTED_EDGE ( 'NONE', *, *, #2351, .F. ) ;
#670 = PERSON_AND_ORGANIZATION ( #1556, #2187 ) ;
#671 = ORIENTED_EDGE ( 'NONE', *, *, #867, .T. ) ;
#672 = DIRECTION ( 'NONE',  ( 1.000000000000000000, 0.000000000000000000, 0.000000000000000000 ) ) ;
#673 = CARTESIAN_POINT ( 'NONE',  ( -0.9736010864139230669, 2.350480947161667888, -6.562500000000000888 ) ) ;
#674 = CARTESIAN_POINT ( 'NONE',  ( -3.000000000000000444, -5.510910596163090542E-16, -4.875000000000001776 ) ) ;
#675 = EDGE_CURVE ( 'NONE', #390, #958, #1380, .T. ) ;
#676 = ORIENTED_EDGE ( 'NONE', *, *, #1370, .F. ) ;
#677 = CARTESIAN_POINT ( 'NONE',  ( -2.350480947161667888, 0.9736010864139219567, -4.437500000000000888 ) ) ;
#678 = CARTESIAN_POINT ( 'NONE',  ( 0.000000000000000000, 0.000000000000000000, -6.000000000000000888 ) ) ;
#679 = CARTESIAN_POINT ( 'NONE',  ( 1.662041016787795034, 1.662041016787795256, -1.625000000000000444 ) ) ;
#680 = CARTESIAN_POINT ( 'NONE',  ( 5.000000000000000000, 2.419902172505935312, -0.3118142394063010969 ) ) ;
#681 = CARTESIAN_POINT ( 'NONE',  ( -2.350480947161667888, 0.9736010864139220677, -3.437500000000000000 ) ) ;
#682 = APPLICATION_CONTEXT ( 'configuration controlled 3d designs of mechanical parts and assemblies' ) ;
#683 = CARTESIAN_POINT ( 'NONE',  ( 1.662041016787795256, -1.662041016787795034, -3.875000000000000444 ) ) ;
#684 = CARTESIAN_POINT ( 'NONE',  ( -2.350480947161667888, -0.9736010864139229559, -4.312500000000000888 ) ) ;
#685 = CARTESIAN_POINT ( 'NONE',  ( 2.368870236790416417, 1.450514676540408121E-16, -0.7393829386826364924 ) ) ;
#686 = ORIENTED_EDGE ( 'NONE', *, *, #1783, .T. ) ;
#687 = CARTESIAN_POINT ( 'NONE',  ( 2.350480947161668777, -0.9736010864139215126, -4.937500000000001776 ) ) ;
#688 = LINE ( 'NONE', #1035, #2184 ) ;
#689 = EDGE_CURVE ( 'NONE', #2127, #2075, #1313, .T. ) ;
#690 = CARTESIAN_POINT ( 'NONE',  ( 1.242640687119285658, 2.999999999999999556, -1.062500000000000222 ) ) ;
#691 = ORIENTED_EDGE ( 'NONE', *, *, #1678, .T. ) ;
#692 = CARTESIAN_POINT ( 'NONE',  ( 1.662041016787795034, 1.662041016787795256, -0.7500000000000002220 ) ) ;
#693 = CARTESIAN_POINT ( 'NONE',  ( 2.350480947161668777, 1.439254484199188393E-16, -4.875000000000000888 ) ) ;
#694 = CARTESIAN_POINT ( 'NONE',  ( -2.350480947161667888, 0.9736010864139219567, -5.437499999999999112 ) ) ;
#695 = CARTESIAN_POINT ( 'NONE',  ( 1.242640687119285658, 3.000000000000000888, -1.187500000000001110 ) ) ;
#696 = ADVANCED_FACE ( 'NONE', ( #2361 ), #111, .F. ) ;
#697 = CARTESIAN_POINT ( 'NONE',  ( 1.662041016787795256, -1.662041016787795034, -6.000000000000000000 ) ) ;
#698 = FACE_OUTER_BOUND ( 'NONE', #873, .T. ) ;
#699 = AXIS2_PLACEMENT_3D ( 'NONE', #1473, #2388, #722 ) ;
#700 = CARTESIAN_POINT ( 'NONE',  ( 2.350480947161668777, -0.9736010864139215126, -1.812500000000000000 ) ) ;
#701 = LINE ( 'NONE', #1441, #2218 ) ;
#702 = AXIS2_PLACEMENT_3D ( 'NONE', #1679, #1488, #1497 ) ;
#703 = EDGE_LOOP ( 'NONE', ( #942, #2294, #414, #640, #2080, #208 ) ) ;
#704 = CC_DESIGN_APPROVAL ( #972, ( #2265 ) ) ;
#705 = CARTESIAN_POINT ( 'NONE',  ( -1.662041016787795034, -1.662041016787795478, -3.250000000000000444 ) ) ;
#706 = ORIENTED_EDGE ( 'NONE', *, *, #1474, .F. ) ;
#707 = CARTESIAN_POINT ( 'NONE',  ( -1.265060653844734651, 3.054126587736527121, -0.9687499999999997780 ) ) ;
#708 = DIRECTION ( 'NONE',  ( 0.000000000000000000, 0.000000000000000000, 1.000000000000000000 ) ) ;
#709 = CARTESIAN_POINT ( 'NONE',  ( 4.180704885107411783, 3.359771601077109260, -0.1983443223721571280 ) ) ;
#710 = CARTESIAN_POINT ( 'NONE',  ( -2.287832656137186671, 4.452621892014636096, 3.337098053945128578E-15 ) ) ;
#711 = CARTESIAN_POINT ( 'NONE',  ( -1.662041016787795034, -1.662041016787795478, -3.125000000000000000 ) ) ;
#712 = CARTESIAN_POINT ( 'NONE',  ( 3.000000000000000444, 0.000000000000000000, -4.810000000000000497 ) ) ;
#713 = ORIENTED_EDGE ( 'NONE', *, *, #1302, .T. ) ;
#714 = CARTESIAN_POINT ( 'NONE',  ( 2.350480947161668777, 1.439254484199188393E-16, -3.875000000000000444 ) ) ;
#715 = CC_DESIGN_PERSON_AND_ORGANIZATION_ASSIGNMENT ( #1724, #1192, ( #1718 ) ) ;
#716 = CARTESIAN_POINT ( 'NONE',  ( -1.662041016787795478, 1.662041016787794590, -4.375000000000000000 ) ) ;
#717 = ADVANCED_FACE ( 'NONE', ( #130, #2155 ), #120, .T. ) ;
#718 = CARTESIAN_POINT ( 'NONE',  ( 3.740226349862367244E-16, -3.054126587736528009, -2.531249999999999556 ) ) ;
#719 = DIRECTION ( 'NONE',  ( 1.000000000000000000, 0.000000000000000000, 0.000000000000000000 ) ) ;
#720 = CARTESIAN_POINT ( 'NONE',  ( 2.350480947161668777, 0.9736010864139216237, -1.687500000000000666 ) ) ;
#721 = CARTESIAN_POINT ( 'NONE',  ( 1.242640687119285881, -3.000000000000000888, -4.562500000000002665 ) ) ;
#722 = DIRECTION ( 'NONE',  ( 1.000000000000000000, 0.000000000000000000, 0.000000000000000000 ) ) ;
#723 = ORIENTED_EDGE ( 'NONE', *, *, #280, .T. ) ;
#724 = FACE_OUTER_BOUND ( 'NONE', #2386, .T. ) ;
#725 = CARTESIAN_POINT ( 'NONE',  ( 2.159593620790630109, 2.159593620790630553, -2.218750000000000888 ) ) ;
#726 = DATE_AND_TIME ( #885, #2148 ) ;
#727 =( BOUNDED_CURVE ( )  B_SPLINE_CURVE ( 2, ( #1630, #1610, #1389, #1949, #1961, #275, #1804, #1043, #498 ),
 .UNSPECIFIED., .F., .F. ) 
 B_SPLINE_CURVE_WITH_KNOTS ( ( 3, 2, 2, 2, 3 ),
 ( 0.4642857142857142461, 0.4821428571428570953, 0.5000000000000000000, 0.5178571428571429047, 0.5357142857142856984 ),
 .UNSPECIFIED. ) 
 CURVE ( )  GEOMETRIC_REPRESENTATION_ITEM ( )  RATIONAL_B_SPLINE_CURVE ( ( 1.000000000000000222, 0.9238795325112865164, 1.000000000000000000, 0.9238795325112867385, 1.000000000000000000, 0.9238795325112867385, 1.000000000000000000, 0.9238795325112867385, 1.000000000000000000 ) ) 
 REPRESENTATION_ITEM ( '' )  );
#728 = CARTESIAN_POINT ( 'NONE',  ( 0.9736010864139217347, 2.350480947161668777, -4.687500000000000888 ) ) ;
#729 = CARTESIAN_POINT ( 'NONE',  ( 2.350480947161668777, 1.439254484199188393E-16, -4.750000000000000888 ) ) ;
#730 = CARTESIAN_POINT ( 'NONE',  ( 0.000000000000000000, 3.054126587736528009, -1.031249999999999778 ) ) ;
#731 = CARTESIAN_POINT ( 'NONE',  ( -3.000000000000000444, -5.510910596163089556E-16, -3.750000000000000000 ) ) ;
#732 = CARTESIAN_POINT ( 'NONE',  ( 2.350480947161668777, -0.9736010864139215126, -1.937500000000000000 ) ) ;
#733 = CARTESIAN_POINT ( 'NONE',  ( 2.350480947161668777, 0.9736010864139216237, -3.687500000000000888 ) ) ;
#734 = CARTESIAN_POINT ( 'NONE',  ( -2.584054197374944462, 0.2465382884897344140, -0.5241989780981051172 ) ) ;
#735 = CARTESIAN_POINT ( 'NONE',  ( -2.821507348108301727, -0.9080769792037243215, -5.849948698091522736 ) ) ;
#736 = VERTEX_POINT ( 'NONE', #2178 ) ;
#737 = CARTESIAN_POINT ( 'NONE',  ( 2.460225098984001324, 1.680036367470179925, -0.1371940587524186350 ) ) ;
#738 = CARTESIAN_POINT ( 'NONE',  ( -3.054126587736528009, 1.265060653844733096, -3.906250000000000888 ) ) ;
#739 = AXIS2_PLACEMENT_3D ( 'NONE', #1809, #343, #2362 ) ;
#740 = CARTESIAN_POINT ( 'NONE',  ( 2.520606114931832842, 0.8064688515865471308, -5.533139584778746567 ) ) ;
#741 = ORIENTED_EDGE ( 'NONE', *, *, #1805, .T. ) ;
#742 = CARTESIAN_POINT ( 'NONE',  ( 3.054126587736528009, 1.265060653844732430, -1.218750000000000000 ) ) ;
#743 = CARTESIAN_POINT ( 'NONE',  ( 2.881675645587085999, -0.3573793127227946065, -0.2101243121516832846 ) ) ;
#744 = CARTESIAN_POINT ( 'NONE',  ( 1.662041016787795034, 1.662041016787795256, -2.625000000000000444 ) ) ;
#745 = VERTEX_POINT ( 'NONE', #2012 ) ;
#746 = EDGE_CURVE ( 'NONE', #2027, #2127, #688, .T. ) ;
#747 = CARTESIAN_POINT ( 'NONE',  ( 1.242640687119285881, -3.000000000000000888, -1.562500000000000666 ) ) ;
#748 = CYLINDRICAL_SURFACE ( 'NONE', #504, 3.000000000000000444 ) ;
#749 = ORIENTED_EDGE ( 'NONE', *, *, #941, .T. ) ;
#750 = LINE ( 'NONE', #1490, #379 ) ;
#751 = CARTESIAN_POINT ( 'NONE',  ( 2.159593620790630553, -2.159593620790630109, -2.468750000000000444 ) ) ;
#752 = DIRECTION ( 'NONE',  ( -1.000000000000000000, 0.000000000000000000, 0.000000000000000000 ) ) ;
#753 = CARTESIAN_POINT ( 'NONE',  ( -1.265060653844731764, -3.054126587736528897, -3.593749999999999556 ) ) ;
#754 = CARTESIAN_POINT ( 'NONE',  ( -5.000000000000000000, -2.886751345948130432, -4.810000000000000497 ) ) ;
#755 = CARTESIAN_POINT ( 'NONE',  ( 3.000000000000000444, 1.836970198721030181E-16, -1.250000000000000000 ) ) ;
#756 = DIRECTION ( 'NONE',  ( 0.000000000000000000, 0.000000000000000000, 1.000000000000000000 ) ) ;
#757 = CARTESIAN_POINT ( 'NONE',  ( 0.000000000000000000, 0.000000000000000000, -4.810000000000000497 ) ) ;
#758 = EDGE_LOOP ( 'NONE', ( #1939, #2159, #495 ) ) ;
#759 = ORIENTED_EDGE ( 'NONE', *, *, #1559, .F. ) ;
#760 = DIRECTION ( 'NONE',  ( 0.000000000000000000, 0.000000000000000000, 1.000000000000000000 ) ) ;
#761 = CARTESIAN_POINT ( 'NONE',  ( 3.054126587736528453, 1.870113174931183868E-16, -3.343750000000001332 ) ) ;
#762 = ADVANCED_FACE ( 'NONE', ( #1428 ), #2145, .F. ) ;
#763 = CARTESIAN_POINT ( 'NONE',  ( 2.350480947161763812, -0.03981320783481683695, -0.7577722283113854651 ) ) ;
#764 = CARTESIAN_POINT ( 'NONE',  ( 1.265060653844732430, 3.054126587736528009, -5.093750000000000000 ) ) ;
#765 = CARTESIAN_POINT ( 'NONE',  ( 0.000000000000000000, 3.000000000000000444, -2.000000000000000000 ) ) ;
#766 = CIRCLE ( 'NONE', #2284, 7.099999999999999645 ) ;
#767 = DIRECTION ( 'NONE',  ( 0.000000000000000000, 0.000000000000000000, 1.000000000000000000 ) ) ;
#768 = CARTESIAN_POINT ( 'NONE',  ( 1.662041016787795034, 1.662041016787795256, 0.2499999999999998890 ) ) ;
#769 = CARTESIAN_POINT ( 'NONE',  ( -3.000000000000000444, -5.510910596163090542E-16, -0.8750000000000009992 ) ) ;
#770 = ORIENTED_EDGE ( 'NONE', *, *, #126, .F. ) ;
#771 = VERTEX_POINT ( 'NONE', #1406 ) ;
#772 = CARTESIAN_POINT ( 'NONE',  ( -2.056535857849020044, -1.148538571281149556, -5.242227771688617644 ) ) ;
#773 = CARTESIAN_POINT ( 'NONE',  ( -1.265060653844732208, -3.054126587736529341, -1.656250000000000888 ) ) ;
#774 = EDGE_CURVE ( 'NONE', #745, #1970, #165, .T. ) ;
#775 = CARTESIAN_POINT ( 'NONE',  ( 3.000000000000003553, 1.242640687119282550, -4.312500000000001776 ) ) ;
#776 = CARTESIAN_POINT ( 'NONE',  ( -3.054126587736527565, 1.265060653844732874, -6.843750000000000000 ) ) ;
#777 = AXIS2_PLACEMENT_3D ( 'NONE', #2032, #360, #2228 ) ;
#778 = CARTESIAN_POINT ( 'NONE',  ( 0.000000000000000000, 3.000000000000000444, -4.000000000000000000 ) ) ;
#779 = CARTESIAN_POINT ( 'NONE',  ( 3.000000000000000444, 1.836970198721030427E-16, -5.375000000000000888 ) ) ;
#780 = SECURITY_CLASSIFICATION ( '', '', #1983 ) ;
#781 = CARTESIAN_POINT ( 'NONE',  ( -0.9736010864139230669, 2.350480947161667888, -1.437500000000000000 ) ) ;
#782 = CARTESIAN_POINT ( 'NONE',  ( 1.662041016787795256, -1.662041016787795034, -1.000000000000000000 ) ) ;
#783 = CARTESIAN_POINT ( 'NONE',  ( -1.037815486073090376, -2.680129184529195907, -5.759862495884424227 ) ) ;
#784 = ORIENTED_EDGE ( 'NONE', *, *, #2219, .F. ) ;
#785 = ORIENTED_EDGE ( 'NONE', *, *, #1411, .T. ) ;
#786 = CARTESIAN_POINT ( 'NONE',  ( -3.000000000000000444, -5.510910596163089556E-16, -0.7499999999999997780 ) ) ;
#787 = CARTESIAN_POINT ( 'NONE',  ( -3.054126587736527565, -1.265060653844734428, -4.781250000000000888 ) ) ;
#788 = CARTESIAN_POINT ( 'NONE',  ( 2.350480947161668777, -0.9736010864139215126, -4.812500000000000888 ) ) ;
#789 = CARTESIAN_POINT ( 'NONE',  ( 0.000000000000000000, 0.000000000000000000, -4.810000000000000497 ) ) ;
#790 = CARTESIAN_POINT ( 'NONE',  ( -2.700869069927281042E-15, 5.773502691896257311, -4.810000000000000497 ) ) ;
#791 = FACE_OUTER_BOUND ( 'NONE', #14, .T. ) ;
#792 = ADVANCED_FACE ( 'NONE', ( #1262 ), #1988, .F. ) ;
#793 = DIRECTION ( 'NONE',  ( 0.000000000000000000, 0.000000000000000000, 1.000000000000000000 ) ) ;
#794 = CARTESIAN_POINT ( 'NONE',  ( 2.350480947161668777, 1.439254484199188393E-16, -2.875000000000000444 ) ) ;
#795 = CARTESIAN_POINT ( 'NONE',  ( 2.417136453950723407, -1.264022817701701662, -5.613023040416393883 ) ) ;
#796 = ORIENTED_EDGE ( 'NONE', *, *, #2295, .T. ) ;
#797 = CARTESIAN_POINT ( 'NONE',  ( 3.673940397442060361E-16, -3.000000000000000444, -0.4999999999999997780 ) ) ;
#798 = CARTESIAN_POINT ( 'NONE',  ( 2.350480947161668777, -0.9736010864139215126, 0.1874999999999997780 ) ) ;
#799 = CARTESIAN_POINT ( 'NONE',  ( -3.346878500200625162, -3.841181488860454074, -0.05140428708381113848 ) ) ;
#800 = DIRECTION ( 'NONE',  ( 0.000000000000000000, 0.000000000000000000, 1.000000000000000000 ) ) ;
#801 = CARTESIAN_POINT ( 'NONE',  ( 2.350480947161668777, -0.9736010864139215126, 0.06249999999999989592 ) ) ;
#802 = ADVANCED_FACE ( 'NONE', ( #2003 ), #1079, .F. ) ;
#803 = CARTESIAN_POINT ( 'NONE',  ( -3.054126587736527121, -1.265060653844733984, -4.718750000000000000 ) ) ;
#804 = CARTESIAN_POINT ( 'NONE',  ( -2.121320343559643273, 2.121320343559642385, -1.874999999999999778 ) ) ;
#805 = DIRECTION ( 'NONE',  ( -1.000000000000000000, 0.000000000000000000, 0.000000000000000000 ) ) ;
#806 = CARTESIAN_POINT ( 'NONE',  ( 2.350480947161668777, 1.439254484199188393E-16, -0.7500000000000001110 ) ) ;
#807 =( BOUNDED_CURVE ( )  B_SPLINE_CURVE ( 2, ( #472, #1589, #2138, #695, #117, #1077, #2333, #1056, #1424 ),
 .UNSPECIFIED., .F., .F. ) 
 B_SPLINE_CURVE_WITH_KNOTS ( ( 3, 2, 2, 2, 3 ),
 ( 0.6785714285714284921, 0.6964285714285712858, 0.7142857142857141906, 0.7321428571428572063, 0.7500000000000000000 ),
 .UNSPECIFIED. ) 
 CURVE ( )  GEOMETRIC_REPRESENTATION_ITEM ( )  RATIONAL_B_SPLINE_CURVE ( ( 1.000000000000000444, 0.9238795325112862944, 1.000000000000000000, 0.9238795325112867385, 1.000000000000000000, 0.9238795325112867385, 1.000000000000000000, 0.9238795325112867385, 1.000000000000000000 ) ) 
 REPRESENTATION_ITEM ( '' )  );
#808 = CARTESIAN_POINT ( 'NONE',  ( -1.878537284200533009, 2.339037766233907245, -5.891746824526950199 ) ) ;
#809 = CARTESIAN_POINT ( 'NONE',  ( -5.000000000000000000, -0.9728110634413859037, -0.04198264776291969064 ) ) ;
#810 = ORIENTED_EDGE ( 'NONE', *, *, #1063, .T. ) ;
#811 = CYLINDRICAL_SURFACE ( 'NONE', #335, 3.000000000000000444 ) ;
#812 = CARTESIAN_POINT ( 'NONE',  ( -0.9736010864139230669, 2.350480947161667888, -0.4375000000000002220 ) ) ;
#813 = CARTESIAN_POINT ( 'NONE',  ( -2.350480947161667888, -0.9736010864139229559, -5.187500000000001776 ) ) ;
#814 = CARTESIAN_POINT ( 'NONE',  ( -3.000000000000000444, -5.510910596163089556E-16, -2.750000000000000000 ) ) ;
#815 = CARTESIAN_POINT ( 'NONE',  ( -3.000000000000006217, 1.242640687119279885, -4.812499999999999112 ) ) ;
#816 = CARTESIAN_POINT ( 'NONE',  ( 0.9736010864139216237, -2.350480947161668777, 0.06249999999999989592 ) ) ;
#817 = CARTESIAN_POINT ( 'NONE',  ( -7.099999999999999645, 8.694992273946207746E-16, -6.000000000000000888 ) ) ;
#818 = CARTESIAN_POINT ( 'NONE',  ( -1.544235289611843642, -2.447600366169524033, -5.779841999806833108 ) ) ;
#819 = CONICAL_SURFACE ( 'NONE', #1127, 5.000000000000000000, 1.047197551196600074 ) ;
#820 = ORIENTED_EDGE ( 'NONE', *, *, #987, .F. ) ;
#821 = CARTESIAN_POINT ( 'NONE',  ( -1.242640687119287657, 2.999999999999999556, -3.062500000000001776 ) ) ;
#822 = CARTESIAN_POINT ( 'NONE',  ( 2.159593620790630109, 2.159593620790630553, -4.218750000000000888 ) ) ;
#823 = PLANE ( 'NONE',  #977 ) ;
#824 = CYLINDRICAL_SURFACE ( 'NONE', #1129, 3.000000000000000444 ) ;
#825 = ORIENTED_EDGE ( 'NONE', *, *, #2092, .F. ) ;
#826 = CARTESIAN_POINT ( 'NONE',  ( 2.878508968398376785E-16, -2.350480947161668777, -6.000000000000000888 ) ) ;
#827 = CARTESIAN_POINT ( 'NONE',  ( 1.662041016787795034, 1.662041016787795256, -2.625000000000000444 ) ) ;
#828 = CARTESIAN_POINT ( 'NONE',  ( 2.350480947161668777, 1.439254484199188393E-16, -0.8750000000000001110 ) ) ;
#829 = CARTESIAN_POINT ( 'NONE',  ( 2.350480947161668777, 0.9736010864139216237, -1.687500000000000222 ) ) ;
#830 = CARTESIAN_POINT ( 'NONE',  ( 0.9736010864139216237, -2.350480947161668777, -6.062500000000000000 ) ) ;
#831 = CARTESIAN_POINT ( 'NONE',  ( -0.3256230135854470409, 2.982275918325386410, -0.1082531754730555740 ) ) ;
#832 = ORIENTED_EDGE ( 'NONE', *, *, #1559, .T. ) ;
#833 = CARTESIAN_POINT ( 'NONE',  ( 2.368870236790416417, 1.450514676540408121E-16, -0.7393829386826364924 ) ) ;
#834 = CARTESIAN_POINT ( 'NONE',  ( -3.054126587736528453, -5.610339524793551605E-16, -4.843750000000000888 ) ) ;
#835 = CARTESIAN_POINT ( 'NONE',  ( -3.000000000000000444, -5.510910596163090542E-16, -3.875000000000001332 ) ) ;
#836 = CARTESIAN_POINT ( 'NONE',  ( 5.000000000000002665, -2.886751345948126879, -0.4465819873852026611 ) ) ;
#837 = CARTESIAN_POINT ( 'NONE',  ( -1.662041016787795034, -1.662041016787795478, -0.2500000000000001110 ) ) ;
#838 = CARTESIAN_POINT ( 'NONE',  ( 0.9736010864139217347, 2.350480947161668777, -3.562500000000000444 ) ) ;
#839 = CARTESIAN_POINT ( 'NONE',  ( 0.000000000000000000, 0.000000000000000000, 0.000000000000000000 ) ) ;
#840 = CARTESIAN_POINT ( 'NONE',  ( 1.662041016787795256, -1.662041016787795034, -6.000000000000000000 ) ) ;
#841 = CARTESIAN_POINT ( 'NONE',  ( 3.000000000000000888, 1.242640687119285658, -0.3125000000000009437 ) ) ;
#842 = VERTEX_POINT ( 'NONE', #1591 ) ;
#843 = CARTESIAN_POINT ( 'NONE',  ( 0.9736010864139216237, 2.350480947161668777, -5.687500000000000000 ) ) ;
#844 = DIRECTION ( 'NONE',  ( 1.000000000000000000, 0.000000000000000000, 0.000000000000000000 ) ) ;
#845 = CARTESIAN_POINT ( 'NONE',  ( -2.350480947161668777, -4.317763452597564685E-16, -4.250000000000000000 ) ) ;
#846 = CARTESIAN_POINT ( 'NONE',  ( 0.000000000000000000, 2.350480947161668777, -2.625000000000000000 ) ) ;
#847 = LINE ( 'NONE', #1762, #2024 ) ;
#848 = EDGE_CURVE ( 'NONE', #1620, #2153, #870, .T. ) ;
#849 = CARTESIAN_POINT ( 'NONE',  ( 2.350480947161668777, -0.9736010864139215126, -0.9375000000000001110 ) ) ;
#850 = CARTESIAN_POINT ( 'NONE',  ( 0.000000000000000000, 0.000000000000000000, -4.810000000000000497 ) ) ;
#851 = B_SPLINE_CURVE_WITH_KNOTS ( 'NONE', 3,
 ( #685, #1619, #2162, #1260, #1814, #1990, #2343, #2367, #303, #1248, #2000, #289, #125, #879, #2377, #1402, #460, #1068 ),
 .UNSPECIFIED., .F., .F.,
 ( 4, 2, 2, 2, 2, 2, 2, 2, 4 ),
 ( 0.0001218680114460438259, 0.0006943923519429138873, 0.001266916692439783989, 0.001839441032936653658, 0.002411965373433523109, 0.002984489713930391693, 0.003557014054427261145, 0.004129538394924129295, 0.004702062735420998313 ),
 .UNSPECIFIED. ) ;
#852 = CARTESIAN_POINT ( 'NONE',  ( -1.662041016787795478, 1.662041016787794590, -6.500000000000000888 ) ) ;
#853 = CARTESIAN_POINT ( 'NONE',  ( 2.121320343559642385, 2.121320343559642829, -0.2500000000000010547 ) ) ;
#854 = ORIENTED_EDGE ( 'NONE', *, *, #1623, .T. ) ;
#855 = CARTESIAN_POINT ( 'NONE',  ( 3.673940397442060361E-16, -3.000000000000000444, -2.499999999999999556 ) ) ;
#856 = CARTESIAN_POINT ( 'NONE',  ( 2.121320343559642829, -2.121320343559642829, -5.375000000000000000 ) ) ;
#857 = CARTESIAN_POINT ( 'NONE',  ( 1.662041016787795256, -1.662041016787795034, -1.875000000000000222 ) ) ;
#858 = AXIS2_PLACEMENT_3D ( 'NONE', #850, #1774, #469 ) ;
#859 = CARTESIAN_POINT ( 'NONE',  ( 1.265060653844732430, 3.054126587736528453, -0.1562500000000007772 ) ) ;
#860 = APPROVAL_DATE_TIME ( #726, #2222 ) ;
#861 = EDGE_LOOP ( 'NONE', ( #1984, #1820, #79, #2163 ) ) ;
#862 = B_SPLINE_CURVE_WITH_KNOTS ( 'NONE', 3,
 ( #2315, #1359, #1739, #1383, #2144, #1000, #1372, #1205 ),
 .UNSPECIFIED., .F., .F.,
 ( 4, 2, 2, 4 ),
 ( 0.002921158011986714660, 0.003648658599403068782, 0.004376159186819422904, 0.005831160361652129413 ),
 .UNSPECIFIED. ) ;
#863 = CARTESIAN_POINT ( 'NONE',  ( 1.662041016787795256, -1.662041016787795034, -1.000000000000000000 ) ) ;
#864 = CARTESIAN_POINT ( 'NONE',  ( 2.350480947161668777, -0.9736010864139215126, -3.812500000000000444 ) ) ;
#865 = CARTESIAN_POINT ( 'NONE',  ( 3.054126587736528009, 1.870113174931183622E-16, -0.2812499999999998335 ) ) ;
#866 = CARTESIAN_POINT ( 'NONE',  ( 1.242640687119285658, 3.000000000000000888, -5.187500000000000888 ) ) ;
#867 = EDGE_CURVE ( 'NONE', #1888, #223, #2411, .T. ) ;
#868 = ORIENTED_EDGE ( 'NONE', *, *, #415, .F. ) ;
#869 = CARTESIAN_POINT ( 'NONE',  ( -2.121320343559642829, -2.121320343559643273, -2.624999999999999556 ) ) ;
#870 = LINE ( 'NONE', #1251, #464 ) ;
#871 = FACE_OUTER_BOUND ( 'NONE', #1378, .T. ) ;
#872 = SHAPE_DEFINITION_REPRESENTATION ( #1569, #2286 ) ;
#873 = EDGE_LOOP ( 'NONE', ( #2203, #1083, #13, #1009 ) ) ;
#874 = EDGE_CURVE ( 'NONE', #2088, #209, #2336, .T. ) ;
#875 = CARTESIAN_POINT ( 'NONE',  ( -0.9736010864139231780, 2.350480947161667888, -2.562500000000000444 ) ) ;
#876 = ORIENTED_EDGE ( 'NONE', *, *, #78, .F. ) ;
#877 = CARTESIAN_POINT ( 'NONE',  ( 0.9736010864139216237, -2.350480947161668777, -2.937500000000000444 ) ) ;
#878 = CARTESIAN_POINT ( 'NONE',  ( 2.878508968398376785E-16, -2.350480947161668777, -5.124999999999999112 ) ) ;
#879 = CARTESIAN_POINT ( 'NONE',  ( 0.6077202198723598014, 2.823818864801306727, -0.2259284310623940750 ) ) ;
#880 = CARTESIAN_POINT ( 'NONE',  ( 2.350480947161668777, -0.9736010864139215126, -5.937500000000000000 ) ) ;
#881 = CARTESIAN_POINT ( 'NONE',  ( -0.4079457818577111317, 5.537975084925936820, -0.3106000600989272664 ) ) ;
#882 = CARTESIAN_POINT ( 'NONE',  ( 0.9736010864139217347, 2.350480947161668777, -4.562500000000001776 ) ) ;
#883 =( BOUNDED_CURVE ( )  B_SPLINE_CURVE ( 2, ( #1263, #2190, #1944, #1818, #81, #1933, #513, #2199, #1207, #328, #1222, #648, #633, #271, #91, #1958, #256, #700, #1440, #895, #1397, #142, #2147, #285, #446, #1634, #2004, #1624, #1071, #2380, #827, #1194, #1272, #1585, #1015, #2134, #1574, #1374, #711, #1808, #342, #1080, #1029, #1452, #525, #838, #2015, #456, #1092, #2316, #2330, #1829, #1385, #2122, #660, #153, #907, #1647, #1752, #468, #131, #882, #1500, #1477, #25, #2211, #1140, #552, #1114, #1124, #355, #1844, #1292 ),
 .UNSPECIFIED., .F., .F. ) 
 B_SPLINE_CURVE_WITH_KNOTS ( ( 3, 2, 2, 2, 2, 2, 2, 2, 2, 2, 2, 2, 2, 2, 2, 2, 2, 2, 2, 2, 2, 2, 2, 2, 2, 2, 2, 2, 2, 2, 2, 2, 2, 2, 2, 2, 3 ),
 ( 0.1797554334220664296, 0.1964285714285714246, 0.2142857142857142738, 0.2321428571428571508, 0.2500000000000000000, 0.2678571428571428492, 0.2857142857142856984, 0.3035714285714285476, 0.3214285714285714524, 0.3392857142857143016, 0.3571428571428571508, 0.3750000000000000000, 0.3928571428571428492, 0.4107142857142856984, 0.4285714285714285476, 0.4464285714285715079, 0.4642857142857143016, 0.4821428571428572063, 0.5000000000000000000, 0.5178571428571429047, 0.5357142857142856984, 0.5535714285714286031, 0.5714285714285713969, 0.5892857142857143016, 0.6071428571428570953, 0.6250000000000000000, 0.6428571428571429047, 0.6607142857142856984, 0.6785714285714286031, 0.6964285714285713969, 0.7142857142857143016, 0.7321428571428570953, 0.7500000000000000000, 0.7678571428571429047, 0.7857142857142856984, 0.8035714285714286031, 0.8202445665779770634 ),
 .UNSPECIFIED. ) 
 CURVE ( )  GEOMETRIC_REPRESENTATION_ITEM ( )  RATIONAL_B_SPLINE_CURVE ( ( 0.9905750658835721367, 0.9289266446646963216, 1.000000000000000000, 0.9238795325112867385, 1.000000000000000000, 0.9238795325112867385, 1.000000000000000000, 0.9238795325112867385, 1.000000000000000000, 0.9238795325112867385, 1.000000000000000000, 0.9238795325112867385, 1.000000000000000000, 0.9238795325112867385, 1.000000000000000000, 0.9238795325112867385, 1.000000000000000000, 0.9238795325112867385, 1.000000000000000000, 0.9238795325112867385, 1.000000000000000000, 0.9238795325112867385, 1.000000000000000000, 0.9238795325112867385, 1.000000000000000000, 0.9238795325112867385, 1.000000000000000000, 0.9238795325112867385, 1.000000000000000000, 0.9238795325112867385, 1.000000000000000000, 0.9238795325112867385, 1.000000000000000000, 0.9238795325112867385, 1.000000000000000000, 0.9238795325112867385, 1.000000000000000000, 0.9238795325112867385, 1.000000000000000000, 0.9238795325112867385, 1.000000000000000000, 0.9238795325112867385, 1.000000000000000000, 0.9238795325112867385, 1.000000000000000000, 0.9238795325112867385, 1.000000000000000000, 0.9238795325112867385, 1.000000000000000000, 0.9238795325112867385, 1.000000000000000000, 0.9238795325112867385, 1.000000000000000000, 0.9238795325112867385, 1.000000000000000000, 0.9238795325112867385, 1.000000000000000000, 0.9238795325112867385, 1.000000000000000000, 0.9238795325112867385, 1.000000000000000000, 0.9238795325112867385, 1.000000000000000000, 0.9238795325112867385, 1.000000000000000000, 0.9238795325112867385, 1.000000000000000000, 0.9238795325112867385, 1.000000000000000000, 0.9238795325112867385, 1.000000000000000000, 0.9289266446645109143, 0.9905750658838938794 ) ) 
 REPRESENTATION_ITEM ( '' )  );
#884 = CARTESIAN_POINT ( 'NONE',  ( -2.982275918325394404, 0.3256230135853862007, -5.891746824526943982 ) ) ;
#885 = CALENDAR_DATE ( 2026, 7, 1 ) ;
#886 = VERTEX_POINT ( 'NONE', #2369 ) ;
#887 = CARTESIAN_POINT ( 'NONE',  ( 0.9736010864139216237, 2.350480947161668777, -0.6875000000000003331 ) ) ;
#888 = CARTESIAN_POINT ( 'NONE',  ( 2.350480947161668777, -0.9736010864139215126, -2.937500000000000000 ) ) ;
#889 = EDGE_CURVE ( 'NONE', #586, #736, #1137, .T. ) ;
#890 = CARTESIAN_POINT ( 'NONE',  ( 1.662041016787795034, 1.662041016787795256, -2.625000000000000000 ) ) ;
#891 = CARTESIAN_POINT ( 'NONE',  ( 3.054126587736528009, -1.265060653844732430, -2.343750000000000000 ) ) ;
#892 = CARTESIAN_POINT ( 'NONE',  ( -2.999999999999992450, 1.242640687119293430, -4.937500000000001776 ) ) ;
#893 = CARTESIAN_POINT ( 'NONE',  ( 2.878508968398376785E-16, -2.350480947161668777, -6.125000000000000000 ) ) ;
#894 = DIRECTION ( 'NONE',  ( 1.000000000000000000, 0.000000000000000000, 0.000000000000000000 ) ) ;
#895 = CARTESIAN_POINT ( 'NONE',  ( 0.9736010864139217347, -2.350480947161668777, -1.937500000000000222 ) ) ;
#896 = LOCAL_TIME ( 15, 43, 59.00000000000000000, #2392 ) ;
#897 = ORIENTED_EDGE ( 'NONE', *, *, #441, .T. ) ;
#898 =( BOUNDED_CURVE ( )  B_SPLINE_CURVE ( 2, ( #253, #1954, #1012, #1772, #988, #1748, #1539, #100, #2287 ),
 .UNSPECIFIED., .F., .T. ) 
 B_SPLINE_CURVE_WITH_KNOTS ( ( 3, 2, 2, 2, 3 ),
 ( 0.7500000000000000000, 0.7678571428571427937, 0.7857142857142856984, 0.8035714285714286031, 0.8214285714285713969 ),
 .UNSPECIFIED. ) 
 CURVE ( )  GEOMETRIC_REPRESENTATION_ITEM ( )  RATIONAL_B_SPLINE_CURVE ( ( 1.000000000000000000, 0.9238795325112867385, 1.000000000000000000, 0.9238795325112867385, 1.000000000000000000, 0.9238795325112867385, 1.000000000000000000, 0.9238795325112867385, 1.000000000000000000 ) ) 
 REPRESENTATION_ITEM ( '' )  );
#899 = CARTESIAN_POINT ( 'NONE',  ( -2.350480947161667888, 0.9736010864139219567, -3.437500000000000000 ) ) ;
#900 = CARTESIAN_POINT ( 'NONE',  ( -1.662041016787795478, 1.662041016787794590, -4.500000000000000888 ) ) ;
#901 = CARTESIAN_POINT ( 'NONE',  ( 1.265060653844732652, -3.054126587736528009, -2.468750000000000444 ) ) ;
#902 = CARTESIAN_POINT ( 'NONE',  ( 1.344048226680102820, -2.465488069122650394, -0.3059521290587743914 ) ) ;
#903 = CARTESIAN_POINT ( 'NONE',  ( 0.9736010864139216237, 2.350480947161668777, -4.562500000000000888 ) ) ;
#904 = DIRECTION ( 'NONE',  ( -1.000000000000000000, 0.000000000000000000, 0.000000000000000000 ) ) ;
#905 = CARTESIAN_POINT ( 'NONE',  ( -2.474996038565985934, 1.463293991812077754, -5.759086560032111279 ) ) ;
#906 = ORIENTED_EDGE ( 'NONE', *, *, #2275, .F. ) ;
#907 = CARTESIAN_POINT ( 'NONE',  ( -2.350480947161668777, -4.317763452597564685E-16, -4.250000000000000000 ) ) ;
#908 = CARTESIAN_POINT ( 'NONE',  ( 3.054126587736528453, 1.870113174931183868E-16, -1.343750000000000888 ) ) ;
#909 = APPROVAL_ROLE ( '' ) ;
#910 = CARTESIAN_POINT ( 'NONE',  ( 0.000000000000000000, 2.350480947161668777, -4.625000000000000888 ) ) ;
#911 = ORIENTED_EDGE ( 'NONE', *, *, #1991, .F. ) ;
#912 = CARTESIAN_POINT ( 'NONE',  ( 2.159593620790630109, 2.159593620790630109, -4.156250000000000000 ) ) ;
#913 = CARTESIAN_POINT ( 'NONE',  ( -2.593148816047909477, 3.654195804988270647E-14, -0.5151043594251455415 ) ) ;
#914 = CARTESIAN_POINT ( 'NONE',  ( -1.662041016787795478, 1.662041016787794590, -2.500000000000000000 ) ) ;
#915 = CARTESIAN_POINT ( 'NONE',  ( 2.350480947161668777, 1.439254484199188393E-16, -4.750000000000000888 ) ) ;
#916 = CARTESIAN_POINT ( 'NONE',  ( 3.556264818047233600, 3.720292241887089624, -0.08165819712376894135 ) ) ;
#917 = CARTESIAN_POINT ( 'NONE',  ( -4.182066831946702479, 3.358985280702821541, -0.1739375980333729699 ) ) ;
#918 = ORIENTED_EDGE ( 'NONE', *, *, #2351, .T. ) ;
#919 = CARTESIAN_POINT ( 'NONE',  ( -1.575164050230557500, -1.744597058873849527, -5.242227771688617644 ) ) ;
#920 = CARTESIAN_POINT ( 'NONE',  ( -2.159593620790630109, -2.159593620790630997, -1.718750000000000888 ) ) ;
#921 = CARTESIAN_POINT ( 'NONE',  ( 3.000000000000000444, 1.836970198721030427E-16, -1.375000000000001332 ) ) ;
#922 = ADVANCED_FACE ( 'NONE', ( #698 ), #1851, .F. ) ;
#923 = CARTESIAN_POINT ( 'NONE',  ( 3.054126587736528009, 1.265060653844732430, -3.218750000000000444 ) ) ;
#924 = CARTESIAN_POINT ( 'NONE',  ( 3.000000000000000444, 0.000000000000000000, -4.810000000000000497 ) ) ;
#925 = CARTESIAN_POINT ( 'NONE',  ( -1.662041016787795034, -1.662041016787795478, -3.125000000000000000 ) ) ;
#926 = LINE ( 'NONE', #560, #2328 ) ;
#927 = DIRECTION ( 'NONE',  ( 0.000000000000000000, 0.000000000000000000, -1.000000000000000000 ) ) ;
#928 = CIRCLE ( 'NONE', #1544, 7.099999999999999645 ) ;
#929 = ORIENTED_EDGE ( 'NONE', *, *, #1354, .F. ) ;
#930 = CARTESIAN_POINT ( 'NONE',  ( 2.815878264827561761, 0.8741716060484935324, -0.1679803954927886478 ) ) ;
#931 = CARTESIAN_POINT ( 'NONE',  ( -3.054126587736527565, -1.265060653844734428, -1.781250000000001332 ) ) ;
#932 = VECTOR ( 'NONE', #1122, 1000.000000000000000 ) ;
#933 = CARTESIAN_POINT ( 'NONE',  ( 2.645416603634060060, 0.3266643544890382445, -5.552187866087945345 ) ) ;
#934 = CONICAL_SURFACE ( 'NONE', #187, 5.000000000000000000, 1.047197551196600074 ) ;
#935 = CARTESIAN_POINT ( 'NONE',  ( -2.159593620790630109, -2.159593620790630553, -0.6562499999999997780 ) ) ;
#936 = CARTESIAN_POINT ( 'NONE',  ( 0.4850162201012765961, -2.732072908158639457, -0.3393112095376952242 ) ) ;
#937 = CARTESIAN_POINT ( 'NONE',  ( 0.000000000000000000, 0.000000000000000000, 0.000000000000000000 ) ) ;
#938 = CARTESIAN_POINT ( 'NONE',  ( -2.593148816047909477, 3.654195804988270647E-14, -0.5151043594251455415 ) ) ;
#939 = CARTESIAN_POINT ( 'NONE',  ( -1.662041016787795034, -1.662041016787795478, -3.250000000000000444 ) ) ;
#940 = DIRECTION ( 'NONE',  ( 0.000000000000000000, 0.000000000000000000, 1.000000000000000000 ) ) ;
#941 = EDGE_CURVE ( 'NONE', #209, #1977, #951, .T. ) ;
#942 = ORIENTED_EDGE ( 'NONE', *, *, #874, .F. ) ;
#943 = ORIENTED_EDGE ( 'NONE', *, *, #1370, .T. ) ;
#944 = CARTESIAN_POINT ( 'NONE',  ( -1.690320960880417944, -1.640624038359666192, -5.242227771688616755 ) ) ;
#945 = CARTESIAN_POINT ( 'NONE',  ( 2.159593620790630109, 2.159593620790630553, -3.218750000000001332 ) ) ;
#946 = CARTESIAN_POINT ( 'NONE',  ( -2.132803515948462625, 1.122584431164094676, -5.296313480900378678 ) ) ;
#947 = CARTESIAN_POINT ( 'NONE',  ( -3.054126587736527565, 1.265060653844732874, -5.843750000000000000 ) ) ;
#948 = CARTESIAN_POINT ( 'NONE',  ( 1.942956660383736933, -2.062646578535353825, -0.2802752226452398521 ) ) ;
#949 = CARTESIAN_POINT ( 'NONE',  ( -2.355408342465879379, -2.938821466586592181E-11, -5.247155166992827802 ) ) ;
#950 = CARTESIAN_POINT ( 'NONE',  ( 2.350480947161668777, -0.9736010864139215126, -0.9375000000000001110 ) ) ;
#951 = LINE ( 'NONE', #161, #1558 ) ;
#952 = VERTEX_POINT ( 'NONE', #769 ) ;
#953 = ADVANCED_FACE ( 'NONE', ( #1873 ), #667, .T. ) ;
#954 = ORIENTED_EDGE ( 'NONE', *, *, #2089, .T. ) ;
#955 = CARTESIAN_POINT ( 'NONE',  ( -2.339517387612114252, -0.2747554896555601256, -5.242227771688616755 ) ) ;
#956 = CARTESIAN_POINT ( 'NONE',  ( 3.054126587736528453, 1.870113174931183868E-16, -0.3437500000000007216 ) ) ;
#957 = CARTESIAN_POINT ( 'NONE',  ( 1.242640687119285658, 3.000000000000000888, -4.187500000000001776 ) ) ;
#958 = VERTEX_POINT ( 'NONE', #186 ) ;
#959 = CARTESIAN_POINT ( 'NONE',  ( -2.159593620790630109, -2.159593620790630553, -5.656250000000000000 ) ) ;
#960 = DIRECTION ( 'NONE',  ( -0.8660254037844383745, -0.5000000000000003331, 0.000000000000000000 ) ) ;
#961 = VECTOR ( 'NONE', #756, 1000.000000000000000 ) ;
#962 = CARTESIAN_POINT ( 'NONE',  ( -3.000000000000000444, -5.510910596163090542E-16, -3.875000000000001332 ) ) ;
#963 = CARTESIAN_POINT ( 'NONE',  ( 2.350480947161668777, 1.439254484199188393E-16, 0.2499999999999998890 ) ) ;
#964 = VECTOR ( 'NONE', #1415, 1000.000000000000000 ) ;
#965 = CARTESIAN_POINT ( 'NONE',  ( -0.9736010864139210685, -2.350480947161669221, -1.187500000000000444 ) ) ;
#966 = CARTESIAN_POINT ( 'NONE',  ( -1.242640687119287657, 2.999999999999999556, -2.937500000000000000 ) ) ;
#967 = EDGE_LOOP ( 'NONE', ( #71, #943, #1886, #345 ) ) ;
#968 = ORIENTED_EDGE ( 'NONE', *, *, #415, .T. ) ;
#969 = CARTESIAN_POINT ( 'NONE',  ( -3.108253175473056906, 0.000000000000000000, -6.000000000000000888 ) ) ;
#970 = CARTESIAN_POINT ( 'NONE',  ( 1.265060653844732430, 3.054126587736528453, -5.156250000000000888 ) ) ;
#971 = B_SPLINE_CURVE_WITH_KNOTS ( 'NONE', 3,
 ( #1565, #1173, #1732, #207, #638, #70, #624, #60, #1377, #1340 ),
 .UNSPECIFIED., .F., .F.,
 ( 4, 2, 2, 2, 4 ),
 ( 0.000000000000000000, 0.0004347484741118009719, 0.0008694969482236022690, 0.001304245422335403512, 0.001738993896447204972 ),
 .UNSPECIFIED. ) ;
#972 = APPROVAL ( #255, 'UNSPECIFIED' ) ;
#973 = EDGE_CURVE ( 'NONE', #1794, #524, #197, .T. ) ;
#974 = DIRECTION ( 'NONE',  ( 0.000000000000000000, 0.000000000000000000, -1.000000000000000000 ) ) ;
#975 = CARTESIAN_POINT ( 'NONE',  ( -2.350480947161668777, -4.317763452597564685E-16, -5.250000000000000000 ) ) ;
#976 = CARTESIAN_POINT ( 'NONE',  ( 1.265060653844732652, -3.054126587736528009, -6.468750000000000000 ) ) ;
#977 = AXIS2_PLACEMENT_3D ( 'NONE', #2352, #1784, #307 ) ;
#978 = LINE ( 'NONE', #1911, #1091 ) ;
#979 = CARTESIAN_POINT ( 'NONE',  ( -1.242640687119284770, -3.000000000000001776, -1.562499999999999778 ) ) ;
#980 = AXIS2_PLACEMENT_3D ( 'NONE', #2098, #1505, #2250 ) ;
#981 =( BOUNDED_CURVE ( )  B_SPLINE_CURVE ( 2, ( #1435, #2174, #2358, #866, #2186, #2151, #1212, #892, #674 ),
 .UNSPECIFIED., .F., .F. ) 
 B_SPLINE_CURVE_WITH_KNOTS ( ( 3, 2, 2, 2, 3 ),
 ( 0.1071428571428571092, 0.1249999999999999722, 0.1428571428571428492, 0.1607142857142855874, 0.1785714285714284644 ),
 .UNSPECIFIED. ) 
 CURVE ( )  GEOMETRIC_REPRESENTATION_ITEM ( )  RATIONAL_B_SPLINE_CURVE ( ( 0.9999999999999998890, 0.9238795325112868495, 1.000000000000000000, 0.9238795325112867385, 1.000000000000000000, 0.9238795325112867385, 1.000000000000000000, 0.9238795325112872936, 0.9999999999999994449 ) ) 
 REPRESENTATION_ITEM ( '' )  );
#982 = CARTESIAN_POINT ( 'NONE',  ( -0.9736010864139230669, 2.350480947161667888, -2.562500000000000444 ) ) ;
#983 = CARTESIAN_POINT ( 'NONE',  ( -5.000000000000000000, 0.000000000000000000, 0.000000000000000000 ) ) ;
#984 = ORIENTED_EDGE ( 'NONE', *, *, #1805, .F. ) ;
#985 = PLANE ( 'NONE',  #374 ) ;
#986 = CARTESIAN_POINT ( 'NONE',  ( 0.000000000000000000, 3.054126587736528453, -6.093750000000000888 ) ) ;
#987 = EDGE_CURVE ( 'NONE', #199, #1778, #584, .T. ) ;
#988 = CARTESIAN_POINT ( 'NONE',  ( 3.673940397442060854E-16, -3.000000000000000444, -0.6250000000000009992 ) ) ;
#989 = APPLICATION_PROTOCOL_DEFINITION ( 'international standard', 'config_control_design', 1994, #1643 ) ;
#990 = CARTESIAN_POINT ( 'NONE',  ( 2.350480947161668777, -0.9736010864139215126, -5.812500000000001776 ) ) ;
#991 = CARTESIAN_POINT ( 'NONE',  ( 2.159593620790630109, -2.159593620790630109, -5.406250000000000888 ) ) ;
#992 = CARTESIAN_POINT ( 'NONE',  ( 1.242640687119285658, 2.999999999999999556, -4.062500000000000000 ) ) ;
#993 = CARTESIAN_POINT ( 'NONE',  ( -1.662041016787795034, -1.662041016787795478, -0.1250000000000001110 ) ) ;
#994 = CARTESIAN_POINT ( 'NONE',  ( -1.662041016787795034, -1.662041016787795478, -1.250000000000000222 ) ) ;
#995 = CARTESIAN_POINT ( 'NONE',  ( 2.554239280849836646, -0.9158295670112804876, -5.598760681552049867 ) ) ;
#996 = ORIENTED_EDGE ( 'NONE', *, *, #1887, .F. ) ;
#997 = DIRECTION ( 'NONE',  ( -0.8660254037844387076, 0.4999999999999997780, 0.000000000000000000 ) ) ;
#998 = CARTESIAN_POINT ( 'NONE',  ( 1.662041016787795034, 1.662041016787795256, -0.6250000000000003331 ) ) ;
#999 = CARTESIAN_POINT ( 'NONE',  ( -2.641208648975253315, -0.1747634079745582492, -5.532955473502502386 ) ) ;
#1000 = CARTESIAN_POINT ( 'NONE',  ( 0.8192951148925906590, -5.300482436767278038, -0.1983443223721575444 ) ) ;
#1001 = CARTESIAN_POINT ( 'NONE',  ( -0.9736010864139210685, -2.350480947161669221, -0.1875000000000001665 ) ) ;
#1002 = CARTESIAN_POINT ( 'NONE',  ( 3.054126587736528009, 1.265060653844732430, -6.218750000000000000 ) ) ;
#1003 = ADVANCED_FACE ( 'NONE', ( #1112 ), #748, .F. ) ;
#1004 = CARTESIAN_POINT ( 'NONE',  ( -1.662041016787795034, -1.662041016787795478, -1.250000000000000222 ) ) ;
#1005 = LINE ( 'NONE', #2124, #2013 ) ;
#1006 = CARTESIAN_POINT ( 'NONE',  ( -0.9736010864139230669, 2.350480947161667888, -1.562500000000000000 ) ) ;
#1007 = CARTESIAN_POINT ( 'NONE',  ( -0.8614749091695688143, -2.735051572074842952, -5.753201441671321525 ) ) ;
#1008 = CC_DESIGN_PERSON_AND_ORGANIZATION_ASSIGNMENT ( #297, #1064, ( #543 ) ) ;
#1009 = ORIENTED_EDGE ( 'NONE', *, *, #1623, .F. ) ;
#1010 = DIRECTION ( 'NONE',  ( 0.000000000000000000, 0.000000000000000000, 1.000000000000000000 ) ) ;
#1011 = CARTESIAN_POINT ( 'NONE',  ( 2.159593620790630553, -2.159593620790630109, -4.468750000000001776 ) ) ;
#1012 = CARTESIAN_POINT ( 'NONE',  ( -2.121320343559642385, -2.121320343559643717, -0.7500000000000009992 ) ) ;
#1013 = DATE_AND_TIME ( #1233, #1828 ) ;
#1014 = VERTEX_POINT ( 'NONE', #1690 ) ;
#1015 = CARTESIAN_POINT ( 'NONE',  ( 1.662041016787795256, -1.662041016787795034, -2.875000000000000000 ) ) ;
#1016 = CARTESIAN_POINT ( 'NONE',  ( 1.744597058873862183, 1.575164050230542401, -0.7577722283113854651 ) ) ;
#1017 = CARTESIAN_POINT ( 'NONE',  ( 0.000000000000000000, 2.350480947161668777, -1.500000000000000000 ) ) ;
#1018 = AXIS2_PLACEMENT_3D ( 'NONE', #97, #1603, #844 ) ;
#1019 = CARTESIAN_POINT ( 'NONE',  ( 0.9736010864139216237, 2.350480947161668777, -3.687500000000000444 ) ) ;
#1020 = CARTESIAN_POINT ( 'NONE',  ( 1.242640687119285658, 2.999999999999999556, -3.062500000000000000 ) ) ;
#1021 = AXIS2_PLACEMENT_3D ( 'NONE', #20, #1337, #373 ) ;
#1022 = ORIENTED_EDGE ( 'NONE', *, *, #889, .T. ) ;
#1023 = CC_DESIGN_APPROVAL ( #2222, ( #780 ) ) ;
#1024 = CARTESIAN_POINT ( 'NONE',  ( -2.121320343559643273, 2.121320343559642385, -5.875000000000000000 ) ) ;
#1025 = CARTESIAN_POINT ( 'NONE',  ( 1.662041016787795034, 1.662041016787795256, 0.3749999999999997780 ) ) ;
#1026 = CARTESIAN_POINT ( 'NONE',  ( -3.000000000000001332, 0.1632938791344802909, -5.883213047867896783 ) ) ;
#1027 = EDGE_CURVE ( 'NONE', #575, #1658, #1753, .T. ) ;
#1028 = CARTESIAN_POINT ( 'NONE',  ( -0.9736010864139230669, 2.350480947161667888, -1.562500000000000000 ) ) ;
#1029 = CARTESIAN_POINT ( 'NONE',  ( -1.662041016787795478, 1.662041016787794590, -3.375000000000000444 ) ) ;
#1030 = CARTESIAN_POINT ( 'NONE',  ( -2.700869069927281042E-15, 5.773502691896257311, -4.810000000000000497 ) ) ;
#1031 = CARTESIAN_POINT ( 'NONE',  ( -0.9736010864139210685, -2.350480947161669221, -2.062500000000000000 ) ) ;
#1032 = CARTESIAN_POINT ( 'NONE',  ( -2.350480947161667888, -0.9736010864139229559, -5.312499999999999112 ) ) ;
#1033 = VERTEX_POINT ( 'NONE', #1102 ) ;
#1034 = CARTESIAN_POINT ( 'NONE',  ( 2.350480947161668777, 1.439254484199188393E-16, -5.875000000000000000 ) ) ;
#1035 = CARTESIAN_POINT ( 'NONE',  ( 3.000000000000000444, 0.000000000000000000, -4.810000000000000497 ) ) ;
#1036 = CARTESIAN_POINT ( 'NONE',  ( 1.662041016787795256, -1.662041016787795034, -2.875000000000000000 ) ) ;
#1037 = EDGE_CURVE ( 'NONE', #1970, #586, #1451, .T. ) ;
#1038 = CARTESIAN_POINT ( 'NONE',  ( -0.9736010864139230669, 2.350480947161667888, -2.562500000000000444 ) ) ;
#1039 = CARTESIAN_POINT ( 'NONE',  ( 2.999999999999997780, -1.242640687119288767, -3.437500000000001776 ) ) ;
#1040 = VERTEX_POINT ( 'NONE', #1461 ) ;
#1041 = CARTESIAN_POINT ( 'NONE',  ( 0.000000000000000000, 0.000000000000000000, 0.000000000000000000 ) ) ;
#1042 = CARTESIAN_POINT ( 'NONE',  ( -0.9736010864139230669, 2.350480947161667888, -5.562500000000000000 ) ) ;
#1043 = CARTESIAN_POINT ( 'NONE',  ( -2.999999999999999556, -1.242640687119287213, -3.687500000000000444 ) ) ;
#1044 = ORIENTED_EDGE ( 'NONE', *, *, #2168, .T. ) ;
#1045 = CARTESIAN_POINT ( 'NONE',  ( 0.9736010864139216237, -2.350480947161668777, -4.062500000000000000 ) ) ;
#1046 = CARTESIAN_POINT ( 'NONE',  ( -2.121320343559642829, -2.121320343559643273, -5.625000000000000000 ) ) ;
#1047 = CARTESIAN_POINT ( 'NONE',  ( 0.000000000000000000, 2.350480947161668777, -5.500000000000000888 ) ) ;
#1048 = CARTESIAN_POINT ( 'NONE',  ( -1.265060653844735095, 3.054126587736527565, -0.03125000000000068001 ) ) ;
#1049 = PERSON_AND_ORGANIZATION ( #1556, #2187 ) ;
#1050 = EDGE_LOOP ( 'NONE', ( #576, #2244, #1833, #428 ) ) ;
#1051 = ADVANCED_FACE ( 'NONE', ( #2252, #341 ), #2231, .F. ) ;
#1052 = CARTESIAN_POINT ( 'NONE',  ( -2.350480947161668777, -4.317763452597564685E-16, -3.375000000000000000 ) ) ;
#1053 = CARTESIAN_POINT ( 'NONE',  ( 2.368870236790416417, 1.450514676540408121E-16, -0.7393829386826364924 ) ) ;
#1054 = CARTESIAN_POINT ( 'NONE',  ( 1.662041016787795034, 1.662041016787795256, -3.625000000000000000 ) ) ;
#1055 = CARTESIAN_POINT ( 'NONE',  ( 1.265060653844732430, 3.054126587736528009, -0.09374999999999980571 ) ) ;
#1056 = CARTESIAN_POINT ( 'NONE',  ( -2.999999999999999556, 1.242640687119286103, -0.9375000000000009992 ) ) ;
#1057 = ORIENTED_EDGE ( 'NONE', *, *, #746, .F. ) ;
#1058 = CARTESIAN_POINT ( 'NONE',  ( -0.9736010864139230669, 2.350480947161667888, -6.562500000000000888 ) ) ;
#1059 = CARTESIAN_POINT ( 'NONE',  ( 0.000000000000000000, 0.000000000000000000, -5.891746824526944870 ) ) ;
#1060 = CIRCLE ( 'NONE', #1755, 3.108253175473056906 ) ;
#1061 =( BOUNDED_CURVE ( )  B_SPLINE_CURVE ( 2, ( #835, #616, #1191, #2299, #1371, #90, #444, #1039, #454 ),
 .UNSPECIFIED., .F., .T. ) 
 B_SPLINE_CURVE_WITH_KNOTS ( ( 3, 2, 2, 2, 3 ),
 ( 0.3214285714285713969, 0.3392857142857143016, 0.3571428571428570953, 0.3749999999999999445, 0.3928571428571428492 ),
 .UNSPECIFIED. ) 
 CURVE ( )  GEOMETRIC_REPRESENTATION_ITEM ( )  RATIONAL_B_SPLINE_CURVE ( ( 1.000000000000000000, 0.9238795325112867385, 1.000000000000000000, 0.9238795325112867385, 1.000000000000000000, 0.9238795325112867385, 1.000000000000000000, 0.9238795325112869605, 0.9999999999999997780 ) ) 
 REPRESENTATION_ITEM ( '' )  );
#1062 = CARTESIAN_POINT ( 'NONE',  ( 5.000000000000001776, 0.4884912388968967178, -9.469828350303077791E-16 ) ) ;
#1063 = EDGE_CURVE ( 'NONE', #1014, #223, #2128, .T. ) ;
#1064 = PERSON_AND_ORGANIZATION_ROLE ( 'creator' ) ;
#1065 = VERTEX_POINT ( 'NONE', #2402 ) ;
#1066 = CARTESIAN_POINT ( 'NONE',  ( 2.350480947161668333, 5.609274959251063993E-12, -0.7577722283113856871 ) ) ;
#1067 = CARTESIAN_POINT ( 'NONE',  ( 0.000000000000000000, 2.350480947161668777, -4.625000000000000888 ) ) ;
#1068 = CARTESIAN_POINT ( 'NONE',  ( -0.3256230135854470409, 2.982275918325386410, -0.1082531754730555740 ) ) ;
#1069 = CARTESIAN_POINT ( 'NONE',  ( 1.662041016787795034, 1.662041016787795256, -5.750000000000000000 ) ) ;
#1070 = CARTESIAN_POINT ( 'NONE',  ( 3.000000000000000444, 1.836970198721030181E-16, -5.250000000000000000 ) ) ;
#1071 = CARTESIAN_POINT ( 'NONE',  ( 0.000000000000000000, 2.350480947161668777, -2.500000000000000444 ) ) ;
#1072 = CARTESIAN_POINT ( 'NONE',  ( 0.000000000000000000, 0.000000000000000000, -6.000000000000000888 ) ) ;
#1073 = ORIENTED_EDGE ( 'NONE', *, *, #126, .T. ) ;
#1074 = CARTESIAN_POINT ( 'NONE',  ( -2.350480947161668777, -4.317763452597564685E-16, -2.375000000000000000 ) ) ;
#1075 = CARTESIAN_POINT ( 'NONE',  ( -0.9736010864139230669, 2.350480947161667888, -2.437500000000000444 ) ) ;
#1076 = CARTESIAN_POINT ( 'NONE',  ( 0.000000000000000000, 3.054126587736528009, -4.031250000000000000 ) ) ;
#1077 = CARTESIAN_POINT ( 'NONE',  ( -1.242640687119287657, 2.999999999999999556, -1.062500000000000888 ) ) ;
#1078 = CARTESIAN_POINT ( 'NONE',  ( 0.9736010864139216237, 2.350480947161668777, -4.687500000000000888 ) ) ;
#1079 = CYLINDRICAL_SURFACE ( 'NONE', #1210, 3.000000000000000444 ) ;
#1080 = CARTESIAN_POINT ( 'NONE',  ( -2.350480947161667888, 0.9736010864139220677, -3.312500000000000444 ) ) ;
#1081 = PLANE ( 'NONE',  #2339 ) ;
#1082 = CALENDAR_DATE ( 2026, 7, 1 ) ;
#1083 = ORIENTED_EDGE ( 'NONE', *, *, #2295, .F. ) ;
#1084 = CONICAL_SURFACE ( 'NONE', #338, 5.000000000000000000, 1.047197551196600074 ) ;
#1085 = CARTESIAN_POINT ( 'NONE',  ( -2.350480947161667888, 0.9736010864139220677, -2.437500000000000444 ) ) ;
#1086 = CARTESIAN_POINT ( 'NONE',  ( 0.000000000000000000, 3.054126587736528009, -2.031250000000000000 ) ) ;
#1087 = CARTESIAN_POINT ( 'NONE',  ( -1.952647041016539298, -1.828789692310473392, -0.4390495973605527125 ) ) ;
#1088 = CARTESIAN_POINT ( 'NONE',  ( 0.9736010864139216237, 2.350480947161668777, -3.562500000000000888 ) ) ;
#1089 = CARTESIAN_POINT ( 'NONE',  ( -2.257244149296343760, 1.180539837504325895, -0.5639502255260399055 ) ) ;
#1090 = CARTESIAN_POINT ( 'NONE',  ( -2.656088281893984160, 0.8491095122832399422, -5.672316019961769484 ) ) ;
#1091 = VECTOR ( 'NONE', #2097, 1000.000000000000000 ) ;
#1092 = CARTESIAN_POINT ( 'NONE',  ( 2.350480947161668777, 1.439254484199188393E-16, -3.750000000000000888 ) ) ;
#1093 = CARTESIAN_POINT ( 'NONE',  ( 3.740226349862367737E-16, -3.054126587736528453, 0.4062499999999992784 ) ) ;
#1094 = APPROVAL_STATUS ( 'not_yet_approved' ) ;
#1095 = VERTEX_POINT ( 'NONE', #1315 ) ;
#1096 = CARTESIAN_POINT ( 'NONE',  ( -1.662041016787795034, -1.662041016787795478, -2.250000000000000444 ) ) ;
#1097 = CARTESIAN_POINT ( 'NONE',  ( 1.662041016787795034, 1.662041016787795256, -4.625000000000000888 ) ) ;
#1098 = CARTESIAN_POINT ( 'NONE',  ( 1.265060653844732652, -3.054126587736528009, -3.468749999999999556 ) ) ;
#1099 = CARTESIAN_POINT ( 'NONE',  ( -2.587980897501531263, -0.3605091496392690553, -0.5015711212552960152 ) ) ;
#1100 = CARTESIAN_POINT ( 'NONE',  ( 2.878508968398376785E-16, -2.350480947161668777, -4.000000000000000888 ) ) ;
#1101 = CARTESIAN_POINT ( 'NONE',  ( 4.592054218142292754, 3.122278952918447370, -0.3106000600989279881 ) ) ;
#1102 = CARTESIAN_POINT ( 'NONE',  ( 5.000000000000002665, -2.886751345948126879, -0.4465819873852026611 ) ) ;
#1103 = ORIENTED_EDGE ( 'NONE', *, *, #4, .T. ) ;
#1104 = CARTESIAN_POINT ( 'NONE',  ( 2.899545959969848763, 0.4431232213545778231, -0.1832604259394211565 ) ) ;
#1105 = ADVANCED_FACE ( 'NONE', ( #1645 ), #1667, .T. ) ;
#1106 = CARTESIAN_POINT ( 'NONE',  ( 3.054126587736528453, -1.265060653844732430, -2.406250000000000444 ) ) ;
#1107 = CARTESIAN_POINT ( 'NONE',  ( -0.9041080739496873964, -2.350480947161669221, -5.183038919029956837 ) ) ;
#1108 = CARTESIAN_POINT ( 'NONE',  ( -2.159593620790630109, -2.159593620790630553, -3.656250000000000000 ) ) ;
#1109 = CARTESIAN_POINT ( 'NONE',  ( 2.904237080012381345, -0.1794595828617800426, -0.2040160954614144151 ) ) ;
#1110 = CARTESIAN_POINT ( 'NONE',  ( -1.662041016787795478, 1.662041016787794590, -4.375000000000000000 ) ) ;
#1111 = CARTESIAN_POINT ( 'NONE',  ( -1.408271660168705530, 2.074988703326330786, -0.6128983328149095744 ) ) ;
#1112 = FACE_OUTER_BOUND ( 'NONE', #1113, .T. ) ;
#1113 = EDGE_LOOP ( 'NONE', ( #770, #2014, #538, #144 ) ) ;
#1114 = CARTESIAN_POINT ( 'NONE',  ( 2.878508968398376785E-16, -2.350480947161668777, -5.000000000000000000 ) ) ;
#1115 = CARTESIAN_POINT ( 'NONE',  ( -2.159593620790630997, 2.159593620790629664, -1.968750000000000888 ) ) ;
#1116 = CARTESIAN_POINT ( 'NONE',  ( 0.000000000000000000, 0.000000000000000000, -6.000000000000000888 ) ) ;
#1117 = EDGE_CURVE ( 'NONE', #842, #1201, #1481, .T. ) ;
#1118 = CARTESIAN_POINT ( 'NONE',  ( 2.159593620790630109, -2.159593620790630109, -2.406249999999999556 ) ) ;
#1119 = CARTESIAN_POINT ( 'NONE',  ( 2.802562542924115441, -0.7100770643457903208, -0.2227822168259777913 ) ) ;
#1120 = LINE ( 'NONE', #2083, #628 ) ;
#1121 = CARTESIAN_POINT ( 'NONE',  ( -1.242640687119284770, -3.000000000000001776, -4.687500000000000888 ) ) ;
#1122 = DIRECTION ( 'NONE',  ( -0.000000000000000000, -0.000000000000000000, 1.000000000000000000 ) ) ;
#1123 = ORIENTED_EDGE ( 'NONE', *, *, #625, .F. ) ;
#1124 = CARTESIAN_POINT ( 'NONE',  ( -0.9736010864139209575, -2.350480947161669221, -5.062500000000000888 ) ) ;
#1125 = ADVANCED_FACE ( 'NONE', ( #597 ), #1438, .T. ) ;
#1126 = CARTESIAN_POINT ( 'NONE',  ( -1.265060653844735095, 3.054126587736527565, -4.031250000000000888 ) ) ;
#1127 = AXIS2_PLACEMENT_3D ( 'NONE', #2054, #2397, #719 ) ;
#1128 = CARTESIAN_POINT ( 'NONE',  ( -1.876361254223685604, 1.545450109252809234, -5.317098140007384011 ) ) ;
#1129 = AXIS2_PLACEMENT_3D ( 'NONE', #1540, #617, #1750 ) ;
#1130 = LINE ( 'NONE', #1869, #492 ) ;
#1131 = DIRECTION ( 'NONE',  ( 0.000000000000000000, 0.000000000000000000, 1.000000000000000000 ) ) ;
#1132 =( BOUNDED_CURVE ( )  B_SPLINE_CURVE ( 2, ( #1917, #38, #237, #49, #797, #1952, #1735, #87, #786 ),
 .UNSPECIFIED., .F., .F. ) 
 B_SPLINE_CURVE_WITH_KNOTS ( ( 3, 2, 2, 2, 3 ),
 ( 0.03571428571428571924, 0.05357142857142857539, 0.07142857142857142461, 0.08928571428571430157, 0.1071428571428571508 ),
 .UNSPECIFIED. ) 
 CURVE ( )  GEOMETRIC_REPRESENTATION_ITEM ( )  RATIONAL_B_SPLINE_CURVE ( ( 0.9999999999999998890, 0.9238795325112867385, 1.000000000000000000, 0.9238795325112867385, 1.000000000000000000, 0.9238795325112867385, 1.000000000000000000, 0.9238795325112867385, 1.000000000000000000 ) ) 
 REPRESENTATION_ITEM ( '' )  );
#1133 = CARTESIAN_POINT ( 'NONE',  ( 0.9736010864139216237, -2.350480947161668777, -5.937500000000001776 ) ) ;
#1134 = CARTESIAN_POINT ( 'NONE',  ( 0.000000000000000000, 0.000000000000000000, -6.000000000000000888 ) ) ;
#1135 = CARTESIAN_POINT ( 'NONE',  ( -2.350480947161667888, -0.9736010864139229559, -3.312500000000000444 ) ) ;
#1136 = CARTESIAN_POINT ( 'NONE',  ( 0.000000000000000000, 0.000000000000000000, 0.000000000000000000 ) ) ;
#1137 = B_SPLINE_CURVE_WITH_KNOTS ( 'NONE', 3,
 ( #1993, #710, #1450, #523, #1964, #317, #881, #1622 ),
 .UNSPECIFIED., .F., .F.,
 ( 4, 2, 2, 4 ),
 ( 0.002921158011986711624, 0.003648658599403065313, 0.004376159186819419435, 0.005831160361652126811 ),
 .UNSPECIFIED. ) ;
#1138 = ORIENTED_EDGE ( 'NONE', *, *, #310, .F. ) ;
#1139 = ORIENTED_EDGE ( 'NONE', *, *, #1611, .T. ) ;
#1140 = CARTESIAN_POINT ( 'NONE',  ( 1.662041016787795256, -1.662041016787795034, -4.875000000000000888 ) ) ;
#1141 = CARTESIAN_POINT ( 'NONE',  ( -3.054126587736527565, -1.265060653844734428, -0.7812500000000006661 ) ) ;
#1142 = B_SPLINE_CURVE_WITH_KNOTS ( 'NONE', 3,
 ( #658, #2119, #2143, #1723, #1220, #1357 ),
 .UNSPECIFIED., .F., .F.,
 ( 4, 2, 4 ),
 ( 0.01901601475076110381, 0.02047661015311981469, 0.02193720555547852905 ),
 .UNSPECIFIED. ) ;
#1143 = CARTESIAN_POINT ( 'NONE',  ( 0.2916298667041746229, 2.513611110152567107, -5.416893543849206516 ) ) ;
#1144 = CARTESIAN_POINT ( 'NONE',  ( 0.9736010864139216237, -2.350480947161668777, -4.937500000000001776 ) ) ;
#1145 = FACE_OUTER_BOUND ( 'NONE', #1691, .T. ) ;
#1146 = CARTESIAN_POINT ( 'NONE',  ( 5.000000000000000888, 2.886751345948127767, -4.810000000000000497 ) ) ;
#1147 = CARTESIAN_POINT ( 'NONE',  ( 1.662041016787795034, 1.662041016787795256, -5.625000000000000888 ) ) ;
#1148 =( BOUNDED_CURVE ( )  B_SPLINE_CURVE ( 2, ( #1322, #775, #2247, #957, #1333, #590, #1695, #603, #421 ),
 .UNSPECIFIED., .F., .F. ) 
 B_SPLINE_CURVE_WITH_KNOTS ( ( 3, 2, 2, 2, 3 ),
 ( 0.2499999999999999445, 0.2678571428571428492, 0.2857142857142856984, 0.3035714285714286031, 0.3214285714285713969 ),
 .UNSPECIFIED. ) 
 CURVE ( )  GEOMETRIC_REPRESENTATION_ITEM ( )  RATIONAL_B_SPLINE_CURVE ( ( 1.000000000000000222, 0.9238795325112865164, 1.000000000000000000, 0.9238795325112867385, 1.000000000000000000, 0.9238795325112867385, 1.000000000000000000, 0.9238795325112867385, 1.000000000000000000 ) ) 
 REPRESENTATION_ITEM ( '' )  );
#1149 = CARTESIAN_POINT ( 'NONE',  ( -2.350480947161668777, -4.317763452597564685E-16, -1.375000000000000222 ) ) ;
#1150 = CARTESIAN_POINT ( 'NONE',  ( 0.2443568247728524212, -2.818131631424423134, -5.714308127860104669 ) ) ;
#1151 = ORIENTED_EDGE ( 'NONE', *, *, #848, .F. ) ;
#1152 = ORIENTED_EDGE ( 'NONE', *, *, #154, .T. ) ;
#1153 = EDGE_CURVE ( 'NONE', #61, #771, #971, .T. ) ;
#1154 = DIRECTION ( 'NONE',  ( -0.8660254037844387076, 0.4999999999999997780, 0.000000000000000000 ) ) ;
#1155 = CARTESIAN_POINT ( 'NONE',  ( 0.000000000000000000, 3.054126587736528453, -3.093750000000000888 ) ) ;
#1156 = CARTESIAN_POINT ( 'NONE',  ( -0.9895207486067447711, 2.271749685154214937, -5.364166800822367520 ) ) ;
#1157 = CARTESIAN_POINT ( 'NONE',  ( -1.662041016787795478, 1.662041016787794590, -5.375000000000000000 ) ) ;
#1158 = DIRECTION ( 'NONE',  ( 0.000000000000000000, 0.000000000000000000, 1.000000000000000000 ) ) ;
#1159 = CARTESIAN_POINT ( 'NONE',  ( 2.121320343559642829, -2.121320343559642829, -1.375000000000000000 ) ) ;
#1160 = CARTESIAN_POINT ( 'NONE',  ( 2.878508968398376785E-16, -2.350480947161668777, -1.000000000000000000 ) ) ;
#1161 = CARTESIAN_POINT ( 'NONE',  ( -2.350480947161668777, -4.317763452597564685E-16, -2.375000000000000000 ) ) ;
#1162 = CARTESIAN_POINT ( 'NONE',  ( -5.000000000000000000, -2.886751345948864511, -0.4465819873847113319 ) ) ;
#1163 = ORIENTED_EDGE ( 'NONE', *, *, #2219, .T. ) ;
#1164 = ORIENTED_EDGE ( 'NONE', *, *, #675, .T. ) ;
#1165 = CARTESIAN_POINT ( 'NONE',  ( 0.000000000000000000, 3.054126587736528453, -5.093750000000000888 ) ) ;
#1166 = CARTESIAN_POINT ( 'NONE',  ( 1.242640687119285658, -2.999999999999999556, -4.437500000000001776 ) ) ;
#1167 = CARTESIAN_POINT ( 'NONE',  ( -2.350480947161667888, -0.9736010864139229559, -2.312500000000000888 ) ) ;
#1168 = CARTESIAN_POINT ( 'NONE',  ( 0.7784272498640089077, 2.428645031786930364, -5.436736672617668908 ) ) ;
#1169 = CARTESIAN_POINT ( 'NONE',  ( -3.054126587736528009, -5.610339524793550619E-16, -4.781250000000000000 ) ) ;
#1170 = CARTESIAN_POINT ( 'NONE',  ( -2.121320343559643273, 2.121320343559642385, -3.875000000000000000 ) ) ;
#1171 = CARTESIAN_POINT ( 'NONE',  ( 1.242640687119285658, -2.999999999999999556, -1.437499999999999778 ) ) ;
#1172 = CARTESIAN_POINT ( 'NONE',  ( 2.350480947161668777, -0.9736010864139215126, -2.937500000000000444 ) ) ;
#1173 = CARTESIAN_POINT ( 'NONE',  ( 1.841849972306348837, 1.467450097060776892, -0.7577722283113855761 ) ) ;
#1174 = EDGE_LOOP ( 'NONE', ( #48, #2354 ) ) ;
#1175 = CARTESIAN_POINT ( 'NONE',  ( 2.519695520441902445E-15, -5.773502691896258199, -4.810000000000000497 ) ) ;
#1176 = CARTESIAN_POINT ( 'NONE',  ( -3.054126587736528009, 1.265060653844733096, -4.906250000000000888 ) ) ;
#1177 = EDGE_CURVE ( 'NONE', #2345, #1341, #75, .T. ) ;
#1178 = CARTESIAN_POINT ( 'NONE',  ( -3.000000000000000444, -5.510910596163090542E-16, -5.875000000000000888 ) ) ;
#1179 = CARTESIAN_POINT ( 'NONE',  ( -2.350480947161667888, 0.9736010864139219567, -2.437500000000000444 ) ) ;
#1180 = CARTESIAN_POINT ( 'NONE',  ( 3.000000000000000444, 1.836970198721030427E-16, -4.375000000000000888 ) ) ;
#1181 = VERTEX_POINT ( 'NONE', #831 ) ;
#1182 = CARTESIAN_POINT ( 'NONE',  ( 0.9736010864139216237, -2.350480947161668777, -0.06250000000000011102 ) ) ;
#1183 = CARTESIAN_POINT ( 'NONE',  ( 2.159593620790630109, 2.159593620790630109, -6.156250000000000000 ) ) ;
#1184 = CARTESIAN_POINT ( 'NONE',  ( 0.9736010864139217347, -2.350480947161668777, -1.062500000000000222 ) ) ;
#1185 = CARTESIAN_POINT ( 'NONE',  ( -0.9736010864139210685, -2.350480947161669221, -0.06250000000000016653 ) ) ;
#1186 = CARTESIAN_POINT ( 'NONE',  ( -2.350480947161667888, 0.9736010864139219567, -1.437500000000000444 ) ) ;
#1187 = CARTESIAN_POINT ( 'NONE',  ( 0.000000000000000000, 0.000000000000000000, 0.000000000000000000 ) ) ;
#1188 = EDGE_LOOP ( 'NONE', ( #1842, #1227, #671, #1123 ) ) ;
#1189 = FACE_OUTER_BOUND ( 'NONE', #1673, .T. ) ;
#1190 = CARTESIAN_POINT ( 'NONE',  ( 1.265060653844732874, -3.054126587736528453, -4.531250000000000888 ) ) ;
#1191 = CARTESIAN_POINT ( 'NONE',  ( -2.121320343559642385, -2.121320343559643717, -3.750000000000000888 ) ) ;
#1192 = PERSON_AND_ORGANIZATION_ROLE ( 'design_owner' ) ;
#1193 = CARTESIAN_POINT ( 'NONE',  ( -0.9736010864139230669, 2.350480947161667888, -5.437500000000001776 ) ) ;
#1194 = CARTESIAN_POINT ( 'NONE',  ( 2.350480947161668777, 0.9736010864139217347, -2.687500000000000444 ) ) ;
#1195 = CARTESIAN_POINT ( 'NONE',  ( 3.000000000000000444, 1.836970198721030181E-16, -5.250000000000000000 ) ) ;
#1196 = EDGE_CURVE ( 'NONE', #1916, #745, #1782, .T. ) ;
#1197 = VERTEX_POINT ( 'NONE', #1535 ) ;
#1198 = CARTESIAN_POINT ( 'NONE',  ( 2.121320343559642829, -2.121320343559642385, -2.500000000000000444 ) ) ;
#1199 = CARTESIAN_POINT ( 'NONE',  ( 2.350480947161668777, 1.439254484199188393E-16, 0.1249999999999998890 ) ) ;
#1200 = CARTESIAN_POINT ( 'NONE',  ( 1.129940221793652055, -2.556361281416483777, -5.680592005589601534 ) ) ;
#1201 = VERTEX_POINT ( 'NONE', #450 ) ;
#1202 = CARTESIAN_POINT ( 'NONE',  ( -2.499999999999998224, -4.330127018922194537, 0.000000000000000000 ) ) ;
#1203 = CARTESIAN_POINT ( 'NONE',  ( -1.265060653844732208, -3.054126587736529341, -4.656250000000000000 ) ) ;
#1204 = CARTESIAN_POINT ( 'NONE',  ( -2.599208043471005425, -0.3477044246380099901, -5.508205648455308356 ) ) ;
#1205 = CARTESIAN_POINT ( 'NONE',  ( 2.552937251871568285E-15, -5.773502691896258199, -0.4465819873852021060 ) ) ;
#1206 = CARTESIAN_POINT ( 'NONE',  ( -1.662041016787795478, 1.662041016787794590, -1.500000000000000000 ) ) ;
#1207 = CARTESIAN_POINT ( 'NONE',  ( -2.350480947161668777, -4.317763452597564685E-16, -1.250000000000000222 ) ) ;
#1208 = DIRECTION ( 'NONE',  ( 1.000000000000000000, 0.000000000000000000, 0.000000000000000000 ) ) ;
#1209 = CARTESIAN_POINT ( 'NONE',  ( -2.350480947161668777, -4.317763452597564685E-16, -0.2500000000000001110 ) ) ;
#1210 = AXIS2_PLACEMENT_3D ( 'NONE', #140, #306, #894 ) ;
#1211 = CARTESIAN_POINT ( 'NONE',  ( 2.350480947161668777, 1.439254484199188393E-16, -4.875000000000000888 ) ) ;
#1212 = CARTESIAN_POINT ( 'NONE',  ( -2.121320343559643717, 2.121320343559641941, -5.000000000000000888 ) ) ;
#1213 = EDGE_CURVE ( 'NONE', #258, #2403, #2302, .T. ) ;
#1214 = AXIS2_PLACEMENT_3D ( 'NONE', #2278, #232, #805 ) ;
#1215 = ORIENTED_EDGE ( 'NONE', *, *, #1298, .T. ) ;
#1216 = CARTESIAN_POINT ( 'NONE',  ( -1.662041016787795478, 1.662041016787794590, -3.500000000000000000 ) ) ;
#1217 = DIRECTION ( 'NONE',  ( 0.000000000000000000, 0.000000000000000000, -1.000000000000000000 ) ) ;
#1218 =( BOUNDED_CURVE ( )  B_SPLINE_CURVE ( 2, ( #94, #841, #853, #1599, #1413, #485, #1238 ),
 .UNSPECIFIED., .F., .F. ) 
 B_SPLINE_CURVE_WITH_KNOTS ( ( 3, 2, 2, 3 ),
 ( 0.8214285714285713969, 0.8392857142857143016, 0.8571428571428572063, 0.8596555771938350077 ),
 .UNSPECIFIED. ) 
 CURVE ( )  GEOMETRIC_REPRESENTATION_ITEM ( )  RATIONAL_B_SPLINE_CURVE ( ( 1.000000000000000000, 0.9238795325112867385, 1.000000000000000000, 0.9238795325112867385, 1.000000000000000000, 0.9892889122028731830, 0.9815921884942162556 ) ) 
 REPRESENTATION_ITEM ( '' )  );
#1219 = CARTESIAN_POINT ( 'NONE',  ( -2.350480947161667888, 0.9736010864139219567, -1.312500000000000444 ) ) ;
#1220 = CARTESIAN_POINT ( 'NONE',  ( 5.000000000000002665, -2.416904828872648903, -0.3109489808295213265 ) ) ;
#1221 = DIRECTION ( 'NONE',  ( 1.000000000000000000, 0.000000000000000000, 0.000000000000000000 ) ) ;
#1222 = CARTESIAN_POINT ( 'NONE',  ( -1.662041016787795478, 1.662041016787794590, -1.375000000000000222 ) ) ;
#1223 = FACE_OUTER_BOUND ( 'NONE', #1863, .T. ) ;
#1224 = CARTESIAN_POINT ( 'NONE',  ( 0.9736010864139216237, 2.350480947161668777, -3.562500000000000444 ) ) ;
#1225 = CARTESIAN_POINT ( 'NONE',  ( 0.9736010864139216237, -2.350480947161668777, -3.062500000000000000 ) ) ;
#1226 = CARTESIAN_POINT ( 'NONE',  ( -3.000000000000000444, -5.510910596163090542E-16, -4.875000000000001776 ) ) ;
#1227 = ORIENTED_EDGE ( 'NONE', *, *, #1651, .F. ) ;
#1228 = CARTESIAN_POINT ( 'NONE',  ( -2.350480947161667888, 0.9736010864139219567, -6.437500000000000888 ) ) ;
#1229 = DIRECTION ( 'NONE',  ( -0.000000000000000000, -0.000000000000000000, -1.000000000000000000 ) ) ;
#1230 = CARTESIAN_POINT ( 'NONE',  ( -1.662041016787795034, -1.662041016787795478, -5.125000000000000000 ) ) ;
#1231 = EDGE_CURVE ( 'NONE', #2254, #952, #807, .T. ) ;
#1232 = CARTESIAN_POINT ( 'NONE',  ( -3.054126587736528009, 1.265060653844733096, 0.09374999999999920897 ) ) ;
#1233 = CALENDAR_DATE ( 2026, 7, 1 ) ;
#1234 = ORIENTED_EDGE ( 'NONE', *, *, #89, .F. ) ;
#1235 = CARTESIAN_POINT ( 'NONE',  ( 0.000000000000000000, 0.000000000000000000, -6.000000000000000888 ) ) ;
#1236 = CARTESIAN_POINT ( 'NONE',  ( -1.662041016787795478, 1.662041016787794590, -2.375000000000000000 ) ) ;
#1237 = CARTESIAN_POINT ( 'NONE',  ( 2.350480947161668777, 0.9736010864139216237, -4.812500000000000888 ) ) ;
#1238 = CARTESIAN_POINT ( 'NONE',  ( -0.3256230135854470409, 2.982275918325386410, -0.1082531754730555740 ) ) ;
#1239 = ORIENTED_EDGE ( 'NONE', *, *, #72, .T. ) ;
#1240 = CARTESIAN_POINT ( 'NONE',  ( 2.878508968398376785E-16, -2.350480947161668777, -4.125000000000000000 ) ) ;
#1241 = CARTESIAN_POINT ( 'NONE',  ( -5.000000000000000888, 0.9833953361052361064, -0.04316683307319187091 ) ) ;
#1242 = CARTESIAN_POINT ( 'NONE',  ( 0.000000000000000000, 2.350480947161668777, -2.500000000000000444 ) ) ;
#1243 = CARTESIAN_POINT ( 'NONE',  ( 5.000000000000000888, 0.9833953361040922436, -0.04316683307303575967 ) ) ;
#1244 = COORDINATED_UNIVERSAL_TIME_OFFSET ( 6, 0, .BEHIND. ) ;
#1245 = ORIENTED_EDGE ( 'NONE', *, *, #2239, .T. ) ;
#1246 = CARTESIAN_POINT ( 'NONE',  ( -2.350480947161667888, -0.9736010864139229559, -4.312500000000000888 ) ) ;
#1247 = CARTESIAN_POINT ( 'NONE',  ( 2.878508968398376785E-16, -2.350480947161668777, -3.125000000000000000 ) ) ;
#1248 = CARTESIAN_POINT ( 'NONE',  ( 1.576425707989576264, 2.233784768822279165, -0.3807391505420709144 ) ) ;
#1249 = VERTEX_POINT ( 'NONE', #1226 ) ;
#1250 = CARTESIAN_POINT ( 'NONE',  ( -2.350480947161667888, -0.9736010864139229559, -5.312499999999999112 ) ) ;
#1251 = CARTESIAN_POINT ( 'NONE',  ( 5.000000000000000888, 2.886751345948127767, -4.810000000000000497 ) ) ;
#1252 = VECTOR ( 'NONE', #383, 1000.000000000000000 ) ;
#1253 = AXIS2_PLACEMENT_3D ( 'NONE', #1072, #2191, #132 ) ;
#1254 = CARTESIAN_POINT ( 'NONE',  ( -1.242640687119287657, 2.999999999999999556, -0.9374999999999997780 ) ) ;
#1255 = APPROVAL_ROLE ( '' ) ;
#1256 = ORIENTED_EDGE ( 'NONE', *, *, #2118, .T. ) ;
#1257 = CARTESIAN_POINT ( 'NONE',  ( -2.350480947161668777, -4.317763452597564685E-16, -1.375000000000000222 ) ) ;
#1258 = CARTESIAN_POINT ( 'NONE',  ( -2.350480947161667888, -0.9736010864139229559, -2.312500000000000888 ) ) ;
#1259 = CARTESIAN_POINT ( 'NONE',  ( -0.9736010864139230669, 2.350480947161667888, -3.562500000000000444 ) ) ;
#1260 = CARTESIAN_POINT ( 'NONE',  ( 2.374199396462586265, 0.7548588207722681798, -0.6240113822562827206 ) ) ;
#1261 = CARTESIAN_POINT ( 'NONE',  ( 0.000000000000000000, 2.350480947161668777, -4.625000000000000888 ) ) ;
#1262 = FACE_OUTER_BOUND ( 'NONE', #2036, .T. ) ;
#1263 = CARTESIAN_POINT ( 'NONE',  ( 2.347425592166871855, -0.1198072293729677829, -0.7577722283116762325 ) ) ;
#1264 = CARTESIAN_POINT ( 'NONE',  ( 0.000000000000000000, 3.054126587736528453, 0.9062499999999993339 ) ) ;
#1265 = CARTESIAN_POINT ( 'NONE',  ( -0.9736010864139231780, 2.350480947161667888, -1.562500000000000000 ) ) ;
#1266 = CARTESIAN_POINT ( 'NONE',  ( 2.350480947161668777, -0.9736010864139215126, -2.812500000000000000 ) ) ;
#1267 = CARTESIAN_POINT ( 'NONE',  ( -1.265060653844731764, -3.054126587736528897, -0.5937500000000000000 ) ) ;
#1268 = CARTESIAN_POINT ( 'NONE',  ( -1.097412163773806570, -2.484070626274452298, -0.3986339909048384200 ) ) ;
#1269 = CARTESIAN_POINT ( 'NONE',  ( 0.9711340418234679639, 2.190037544643310685, -0.7157680036461575579 ) ) ;
#1270 = AXIS2_PLACEMENT_3D ( 'NONE', #789, #1529, #1764 ) ;
#1271 = CARTESIAN_POINT ( 'NONE',  ( -4.999999999999999112, 0.4884912388980038878, -7.623296525288700586E-17 ) ) ;
#1272 = CARTESIAN_POINT ( 'NONE',  ( 2.350480947161668777, 1.439254484199188393E-16, -2.750000000000000888 ) ) ;
#1273 = CARTESIAN_POINT ( 'NONE',  ( 1.265060653844732874, -3.054126587736528453, 0.4687499999999992784 ) ) ;
#1274 = CALENDAR_DATE ( 2026, 7, 1 ) ;
#1275 = CARTESIAN_POINT ( 'NONE',  ( 1.662041016787795256, -1.662041016787795034, -4.000000000000000000 ) ) ;
#1276 = CARTESIAN_POINT ( 'NONE',  ( -2.159593620790630109, -2.159593620790630553, -1.656250000000000000 ) ) ;
#1277 = DIRECTION ( 'NONE',  ( 1.000000000000000000, 0.000000000000000000, 0.000000000000000000 ) ) ;
#1278 = CARTESIAN_POINT ( 'NONE',  ( 2.350480947161668777, -0.9736010864139215126, -2.812500000000000000 ) ) ;
#1279 = EDGE_CURVE ( 'NONE', #612, #1181, #851, .T. ) ;
#1280 = CARTESIAN_POINT ( 'NONE',  ( 2.499999999999999112, 4.330127018922194537, 0.000000000000000000 ) ) ;
#1281 = CARTESIAN_POINT ( 'NONE',  ( -2.959943649793495002, -0.3699720813840108313, -5.869025201616444143 ) ) ;
#1282 = EDGE_LOOP ( 'NONE', ( #562, #825, #1498 ) ) ;
#1283 = CARTESIAN_POINT ( 'NONE',  ( 2.571032600380614763, 1.490495061038611402, -0.1447373151541927194 ) ) ;
#1284 = CARTESIAN_POINT ( 'NONE',  ( 1.265060653844732874, -3.054126587736528453, -3.531250000000002220 ) ) ;
#1285 = CARTESIAN_POINT ( 'NONE',  ( 1.662041016787795256, -1.662041016787795034, -5.000000000000000888 ) ) ;
#1286 = CARTESIAN_POINT ( 'NONE',  ( -2.159593620790630553, 2.159593620790629664, -3.906250000000000000 ) ) ;
#1287 = CARTESIAN_POINT ( 'NONE',  ( 3.000000000000000444, 0.000000000000000000, -4.810000000000000497 ) ) ;
#1288 = CARTESIAN_POINT ( 'NONE',  ( -1.662041016787795478, 1.662041016787794590, -5.375000000000000000 ) ) ;
#1289 = CARTESIAN_POINT ( 'NONE',  ( -1.975632483479020873, 1.590688993020561881, -0.5839573774610167245 ) ) ;
#1290 = DIRECTION ( 'NONE',  ( 0.000000000000000000, 0.000000000000000000, 1.000000000000000000 ) ) ;
#1291 = VERTEX_POINT ( 'NONE', #1791 ) ;
#1292 = CARTESIAN_POINT ( 'NONE',  ( -2.347425592167097008, -0.1198072293685455980, -5.242227771688614091 ) ) ;
#1293 = CARTESIAN_POINT ( 'NONE',  ( 2.159593620790630553, -2.159593620790630109, -0.4687500000000006106 ) ) ;
#1294 = EDGE_CURVE ( 'NONE', #1341, #2345, #1864, .T. ) ;
#1295 = PLANE ( 'NONE',  #1479 ) ;
#1296 = CARTESIAN_POINT ( 'NONE',  ( 1.265060653844732430, 3.054126587736528009, -2.093750000000000000 ) ) ;
#1297 = CARTESIAN_POINT ( 'NONE',  ( 2.910136114156112619, 1.278517229185994687E-11, -0.1981170613169429273 ) ) ;
#1298 = EDGE_CURVE ( 'NONE', #2027, #1249, #981, .T. ) ;
#1299 =( BOUNDED_SURFACE ( )  B_SPLINE_SURFACE ( 1, 2, ( 
 ( #1264, #1453, #2005, #1408, #2200, #526, #2157, #1273, #1093, #1830, #155, #493, #478, #1232, #1968, #1048, #110, #859, #16, #191, #956, #369, #1293, #2391, #2246, #2225, #1320, #1141, #1879, #2258, #588, #1694, #164, #2039, #1866, #1845, #908, #554, #26, #393, #405, #773, #920, #931, #1660, #2065, #1115, #201, #2029, #2050, #725, #1511, #1332, #1106, #751, #1464, #540, #1670, #2078, #176, #1854, #1648, #1683, #1478, #1155, #1890, #945, #1491, #761, #2212, #3, #1284, #2234, #565, #378, #356, #2405, #738, #1308, #1126, #1501, #578, #822, #1930, #39, #453, #1011, #1190, #1552, #1203, #419, #787, #834, #1176, #601, #1722, #1165, #970, #1940, #1369, #2325, #1903, #2297, #250, #63, #1747, #1736, #74, #1918, #225, #1568, #2272, #986 ),
 ( #2130, #2142, #1025, #50, #238, #798, #1381, #431, #266, #1344, #2117, #1526, #1761, #1581, #1538, #812, #2091, #2285, #998, #657, #630, #443, #1707, #2311, #615, #88, #643, #1393, #465, #1219, #211, #1356, #2104, #109, #679, #720, #2337, #1407, #857, #1824, #1849, #1459, #1771, #490, #2229, #159, #1642, #2398, #1242, #2206, #744, #337, #1417, #1278, #1036, #2033, #534, #98, #925, #2385, #559, #1665, #1781, #2410, #2023, #1088, #351, #733, #171, #2349, #150, #2167, #1100, #1604, #1470, #2156, #845, #1839, #1110, #1980, #1654, #903, #1965, #1953, #915, #2217, #546, #1592, #668, #476, #1230, #293, #279, #1484, #1288, #362, #1047, #2055, #1147, #1714, #572, #1687, #1518, #1133, #2072, #608, #2043, #596, #1871, #1912, #1728, #424, #44 ) ),
 .UNSPECIFIED., .F., .F., .F. ) 
 B_SPLINE_SURFACE_WITH_KNOTS ( ( 2, 2 ),
 ( 3, 2, 2, 2, 2, 2, 2, 2, 2, 2, 2, 2, 2, 2, 2, 2, 2, 2, 2, 2, 2, 2, 2, 2, 2, 2, 2, 2, 2, 2, 2, 2, 2, 2, 2, 2, 2, 2, 2, 2, 2, 2, 2, 2, 2, 2, 2, 2, 2, 2, 2, 2, 2, 2, 2, 2, 3 ),
 ( 0.000000000000000000, 1.000000000000000000 ),
 ( 0.000000000000000000, 0.01785714285714285615, 0.03571428571428571230, 0.05357142857142856845, 0.07142857142857142461, 0.08928571428571428770, 0.1071428571428571369, 0.1250000000000000000, 0.1428571428571428492, 0.1607142857142857262, 0.1785714285714285754, 0.1964285714285714246, 0.2142857142857142738, 0.2321428571428571508, 0.2500000000000000000, 0.2678571428571428492, 0.2857142857142856984, 0.3035714285714285476, 0.3214285714285714524, 0.3392857142857143016, 0.3571428571428571508, 0.3750000000000000000, 0.3928571428571428492, 0.4107142857142856984, 0.4285714285714285476, 0.4464285714285714524, 0.4642857142857143016, 0.4821428571428571508, 0.5000000000000000000, 0.5178571428571429047, 0.5357142857142856984, 0.5535714285714286031, 0.5714285714285713969, 0.5892857142857143016, 0.6071428571428570953, 0.6250000000000000000, 0.6428571428571429047, 0.6607142857142856984, 0.6785714285714286031, 0.6964285714285713969, 0.7142857142857143016, 0.7321428571428570953, 0.7500000000000000000, 0.7678571428571429047, 0.7857142857142856984, 0.8035714285714286031, 0.8214285714285713969, 0.8392857142857143016, 0.8571428571428570953, 0.8750000000000000000, 0.8928571428571429047, 0.9107142857142856984, 0.9285714285714286031, 0.9464285714285713969, 0.9642857142857143016, 0.9821428571428570953, 1.000000000000000000 ),
 .UNSPECIFIED. ) 
 GEOMETRIC_REPRESENTATION_ITEM ( )  RATIONAL_B_SPLINE_SURFACE ( (
 ( 1.000000000000000000, 0.9238795325112867385, 1.000000000000000000, 0.9238795325112867385, 1.000000000000000000, 0.9238795325112867385, 1.000000000000000000, 0.9238795325112867385, 1.000000000000000000, 0.9238795325112867385, 1.000000000000000000, 0.9238795325112867385, 1.000000000000000000, 0.9238795325112867385, 1.000000000000000000, 0.9238795325112867385, 1.000000000000000000, 0.9238795325112867385, 1.000000000000000000, 0.9238795325112867385, 1.000000000000000000, 0.9238795325112867385, 1.000000000000000000, 0.9238795325112867385, 1.000000000000000000, 0.9238795325112867385, 1.000000000000000000, 0.9238795325112867385, 1.000000000000000000, 0.9238795325112867385, 1.000000000000000000, 0.9238795325112867385, 1.000000000000000000, 0.9238795325112867385, 1.000000000000000000, 0.9238795325112867385, 1.000000000000000000, 0.9238795325112867385, 1.000000000000000000, 0.9238795325112867385, 1.000000000000000000, 0.9238795325112867385, 1.000000000000000000, 0.9238795325112867385, 1.000000000000000000, 0.9238795325112867385, 1.000000000000000000, 0.9238795325112867385, 1.000000000000000000, 0.9238795325112867385, 1.000000000000000000, 0.9238795325112867385, 1.000000000000000000, 0.9238795325112867385, 1.000000000000000000, 0.9238795325112867385, 1.000000000000000000, 0.9238795325112867385, 1.000000000000000000, 0.9238795325112867385, 1.000000000000000000, 0.9238795325112867385, 1.000000000000000000, 0.9238795325112867385, 1.000000000000000000, 0.9238795325112867385, 1.000000000000000000, 0.9238795325112867385, 1.000000000000000000, 0.9238795325112867385, 1.000000000000000000, 0.9238795325112867385, 1.000000000000000000, 0.9238795325112867385, 1.000000000000000000, 0.9238795325112867385, 1.000000000000000000, 0.9238795325112867385, 1.000000000000000000, 0.9238795325112867385, 1.000000000000000000, 0.9238795325112867385, 1.000000000000000000, 0.9238795325112867385, 1.000000000000000000, 0.9238795325112867385, 1.000000000000000000, 0.9238795325112867385, 1.000000000000000000, 0.9238795325112867385, 1.000000000000000000, 0.9238795325112867385, 1.000000000000000000, 0.9238795325112867385, 1.000000000000000000, 0.9238795325112867385, 1.000000000000000000, 0.9238795325112867385, 1.000000000000000000, 0.9238795325112867385, 1.000000000000000000, 0.9238795325112867385, 1.000000000000000000, 0.9238795325112867385, 1.000000000000000000, 0.9238795325112867385, 1.000000000000000000, 0.9238795325112867385, 1.000000000000000000, 0.9238795325112867385, 1.000000000000000000, 0.9238795325112867385, 1.000000000000000000),
 ( 1.000000000000000000, 0.9238795325112867385, 1.000000000000000000, 0.9238795325112867385, 1.000000000000000000, 0.9238795325112867385, 1.000000000000000000, 0.9238795325112867385, 1.000000000000000000, 0.9238795325112867385, 1.000000000000000000, 0.9238795325112867385, 1.000000000000000000, 0.9238795325112867385, 1.000000000000000000, 0.9238795325112867385, 1.000000000000000000, 0.9238795325112867385, 1.000000000000000000, 0.9238795325112867385, 1.000000000000000000, 0.9238795325112867385, 1.000000000000000000, 0.9238795325112867385, 1.000000000000000000, 0.9238795325112867385, 1.000000000000000000, 0.9238795325112867385, 1.000000000000000000, 0.9238795325112867385, 1.000000000000000000, 0.9238795325112867385, 1.000000000000000000, 0.9238795325112867385, 1.000000000000000000, 0.9238795325112867385, 1.000000000000000000, 0.9238795325112867385, 1.000000000000000000, 0.9238795325112867385, 1.000000000000000000, 0.9238795325112867385, 1.000000000000000000, 0.9238795325112867385, 1.000000000000000000, 0.9238795325112867385, 1.000000000000000000, 0.9238795325112867385, 1.000000000000000000, 0.9238795325112867385, 1.000000000000000000, 0.9238795325112867385, 1.000000000000000000, 0.9238795325112867385, 1.000000000000000000, 0.9238795325112867385, 1.000000000000000000, 0.9238795325112867385, 1.000000000000000000, 0.9238795325112867385, 1.000000000000000000, 0.9238795325112867385, 1.000000000000000000, 0.9238795325112867385, 1.000000000000000000, 0.9238795325112867385, 1.000000000000000000, 0.9238795325112867385, 1.000000000000000000, 0.9238795325112867385, 1.000000000000000000, 0.9238795325112867385, 1.000000000000000000, 0.9238795325112867385, 1.000000000000000000, 0.9238795325112867385, 1.000000000000000000, 0.9238795325112867385, 1.000000000000000000, 0.9238795325112867385, 1.000000000000000000, 0.9238795325112867385, 1.000000000000000000, 0.9238795325112867385, 1.000000000000000000, 0.9238795325112867385, 1.000000000000000000, 0.9238795325112867385, 1.000000000000000000, 0.9238795325112867385, 1.000000000000000000, 0.9238795325112867385, 1.000000000000000000, 0.9238795325112867385, 1.000000000000000000, 0.9238795325112867385, 1.000000000000000000, 0.9238795325112867385, 1.000000000000000000, 0.9238795325112867385, 1.000000000000000000, 0.9238795325112867385, 1.000000000000000000, 0.9238795325112867385, 1.000000000000000000, 0.9238795325112867385, 1.000000000000000000, 0.9238795325112867385, 1.000000000000000000, 0.9238795325112867385, 1.000000000000000000, 0.9238795325112867385, 1.000000000000000000) ) ) 
 REPRESENTATION_ITEM ( '' )  SURFACE ( )  );
#1300 = CARTESIAN_POINT ( 'NONE',  ( -3.000000000000000444, -5.510910596163089556E-16, -1.749999999999999778 ) ) ;
#1301 = ORIENTED_EDGE ( 'NONE', *, *, #2314, .F. ) ;
#1302 = EDGE_CURVE ( 'NONE', #2403, #1508, #727, .T. ) ;
#1303 = CARTESIAN_POINT ( 'NONE',  ( -0.1089430523328477618, 2.439655024752660495, -0.6693265100086112085 ) ) ;
#1304 = CARTESIAN_POINT ( 'NONE',  ( -2.611984335383725764, 1.056649335788940380, -5.701332638936137620 ) ) ;
#1305 = VERTEX_POINT ( 'NONE', #510 ) ;
#1306 = CYLINDRICAL_SURFACE ( 'NONE', #2132, 3.000000000000000444 ) ;
#1307 = VECTOR ( 'NONE', #1685, 1000.000000000000000 ) ;
#1308 = CARTESIAN_POINT ( 'NONE',  ( -2.159593620790630997, 2.159593620790629664, -3.968750000000000888 ) ) ;
#1309 = CARTESIAN_POINT ( 'NONE',  ( 0.4546761610068973392, 2.495967782805568635, -5.423405023676660441 ) ) ;
#1310 = CARTESIAN_POINT ( 'NONE',  ( -1.265060653844731764, -3.054126587736528897, -5.593749999999999112 ) ) ;
#1311 = CARTESIAN_POINT ( 'NONE',  ( 3.108253175473056906, 0.000000000000000000, 0.000000000000000000 ) ) ;
#1312 = CARTESIAN_POINT ( 'NONE',  ( -2.999999999999999556, -1.242640687119287213, -1.687499999999999778 ) ) ;
#1313 =( BOUNDED_CURVE ( )  B_SPLINE_CURVE ( 2, ( #1070, #292, #856, #2189, #1633, #1979, #1046, #1807, #666 ),
 .UNSPECIFIED., .F., .T. ) 
 B_SPLINE_CURVE_WITH_KNOTS ( ( 3, 2, 2, 2, 3 ),
 ( 0.7500000000000000000, 0.7678571428571429047, 0.7857142857142856984, 0.8035714285714286031, 0.8214285714285713969 ),
 .UNSPECIFIED. ) 
 CURVE ( )  GEOMETRIC_REPRESENTATION_ITEM ( )  RATIONAL_B_SPLINE_CURVE ( ( 1.000000000000000000, 0.9238795325112867385, 1.000000000000000000, 0.9238795325112867385, 1.000000000000000000, 0.9238795325112867385, 1.000000000000000000, 0.9238795325112867385, 1.000000000000000000 ) ) 
 REPRESENTATION_ITEM ( '' )  );
#1314 = CARTESIAN_POINT ( 'NONE',  ( 0.2630314835683358887, 2.412957307358707837, -0.6841496753188108793 ) ) ;
#1315 = CARTESIAN_POINT ( 'NONE',  ( 2.519695520441902445E-15, -5.773502691896258199, -4.810000000000000497 ) ) ;
#1316 = CIRCLE ( 'NONE', #259, 5.000000000000000000 ) ;
#1317 = EDGE_LOOP ( 'NONE', ( #2001, #2281, #174, #1835, #749 ) ) ;
#1318 = ORIENTED_EDGE ( 'NONE', *, *, #2356, .F. ) ;
#1319 = CARTESIAN_POINT ( 'NONE',  ( 0.000000000000000000, 0.000000000000000000, -6.000000000000000888 ) ) ;
#1320 = CARTESIAN_POINT ( 'NONE',  ( -2.159593620790630109, -2.159593620790630997, -0.7187500000000008882 ) ) ;
#1321 = VECTOR ( 'NONE', #1131, 1000.000000000000000 ) ;
#1322 = CARTESIAN_POINT ( 'NONE',  ( 3.000000000000000444, 1.836970198721030427E-16, -4.375000000000000888 ) ) ;
#1323 = CARTESIAN_POINT ( 'NONE',  ( -2.350480947161667888, -0.9736010864139229559, -6.187500000000000888 ) ) ;
#1324 = CARTESIAN_POINT ( 'NONE',  ( 1.265060653844732652, -3.054126587736528009, -4.468750000000000888 ) ) ;
#1325 = CARTESIAN_POINT ( 'NONE',  ( 2.999999999999997335, 1.242640687119288767, -2.187500000000000444 ) ) ;
#1326 = CARTESIAN_POINT ( 'NONE',  ( 3.673940397442060854E-16, -3.000000000000000444, -5.625000000000001776 ) ) ;
#1327 = CARTESIAN_POINT ( 'NONE',  ( 1.662041016787795256, -1.662041016787795034, -2.000000000000000000 ) ) ;
#1328 = DIRECTION ( 'NONE',  ( 0.000000000000000000, 0.000000000000000000, -1.000000000000000000 ) ) ;
#1329 = ORIENTED_EDGE ( 'NONE', *, *, #6, .F. ) ;
#1330 = ORIENTED_EDGE ( 'NONE', *, *, #1708, .F. ) ;
#1331 = DIRECTION ( 'NONE',  ( 0.000000000000000000, 0.000000000000000000, -1.000000000000000000 ) ) ;
#1332 = CARTESIAN_POINT ( 'NONE',  ( 3.054126587736528453, 1.870113174931183868E-16, -2.343750000000001332 ) ) ;
#1333 = CARTESIAN_POINT ( 'NONE',  ( 0.000000000000000000, 3.000000000000000444, -4.125000000000000888 ) ) ;
#1334 = CARTESIAN_POINT ( 'NONE',  ( -1.662041016787795034, -1.662041016787795478, -6.125000000000000000 ) ) ;
#1335 = CYLINDRICAL_SURFACE ( 'NONE', #99, 3.000000000000000444 ) ;
#1336 = CARTESIAN_POINT ( 'NONE',  ( 3.000000000000000444, 1.836970198721030181E-16, -2.250000000000000444 ) ) ;
#1337 = DIRECTION ( 'NONE',  ( -0.000000000000000000, -0.000000000000000000, 1.000000000000000000 ) ) ;
#1338 = CARTESIAN_POINT ( 'NONE',  ( 2.350480947161668777, 0.9736010864139216237, 0.3124999999999998890 ) ) ;
#1339 = CARTESIAN_POINT ( 'NONE',  ( 0.9736010864139216237, -2.350480947161668777, -2.062500000000000000 ) ) ;
#1340 = CARTESIAN_POINT ( 'NONE',  ( 2.350480947161668333, 5.609274959251063993E-12, -0.7577722283113856871 ) ) ;
#1341 = VERTEX_POINT ( 'NONE', #1777 ) ;
#1342 = VERTEX_POINT ( 'NONE', #105 ) ;
#1343 = CARTESIAN_POINT ( 'NONE',  ( 3.000000000000000444, 1.836970198721030427E-16, -3.375000000000001332 ) ) ;
#1344 = CARTESIAN_POINT ( 'NONE',  ( -0.9736010864139210685, -2.350480947161669221, -0.06250000000000026368 ) ) ;
#1345 = CARTESIAN_POINT ( 'NONE',  ( -2.478841644510459297, -0.6821580006315977052, -5.456716881572519995 ) ) ;
#1346 = CARTESIAN_POINT ( 'NONE',  ( 3.000000000000000444, 1.836970198721030427E-16, -2.375000000000001332 ) ) ;
#1347 = CARTESIAN_POINT ( 'NONE',  ( 0.9736010864139216237, 2.350480947161668777, 0.3124999999999998890 ) ) ;
#1348 = CARTESIAN_POINT ( 'NONE',  ( 3.740226349862367244E-16, -3.054126587736528009, -4.531250000000000888 ) ) ;
#1349 = DIRECTION ( 'NONE',  ( 1.000000000000000000, 0.000000000000000000, 0.000000000000000000 ) ) ;
#1350 = CARTESIAN_POINT ( 'NONE',  ( -5.000000000000000000, 2.886751345948126879, -0.4465819873852014954 ) ) ;
#1351 = CARTESIAN_POINT ( 'NONE',  ( 1.662041016787795034, 1.662041016787795256, 0.3749999999999998890 ) ) ;
#1352 = CARTESIAN_POINT ( 'NONE',  ( 2.350480947161668777, 0.9736010864139216237, -0.8125000000000001110 ) ) ;
#1353 = EDGE_LOOP ( 'NONE', ( #706, #1318, #1785 ) ) ;
#1354 = EDGE_CURVE ( 'NONE', #2359, #1181, #1218, .T. ) ;
#1355 = CARTESIAN_POINT ( 'NONE',  ( -3.000000000000000444, -5.510910596163089556E-16, -5.750000000000000000 ) ) ;
#1356 = CARTESIAN_POINT ( 'NONE',  ( -0.9736010864139230669, 2.350480947161667888, -1.437500000000000444 ) ) ;
#1357 = CARTESIAN_POINT ( 'NONE',  ( 5.000000000000002665, -2.886751345948126879, -0.4465819873852026611 ) ) ;
#1358 = CARTESIAN_POINT ( 'NONE',  ( -0.9736010864139210685, -2.350480947161669221, -2.187500000000000444 ) ) ;
#1359 = CARTESIAN_POINT ( 'NONE',  ( 2.287832656137185783, -4.452621892014637872, 2.847301252195329801E-15 ) ) ;
#1360 = CARTESIAN_POINT ( 'NONE',  ( 3.740226349862367244E-16, -3.054126587736528009, -6.531250000000000888 ) ) ;
#1361 = AXIS2_PLACEMENT_3D ( 'NONE', #2413, #152, #574 ) ;
#1362 = CARTESIAN_POINT ( 'NONE',  ( -2.121320343559643273, 2.121320343559642385, -4.875000000000000000 ) ) ;
#1363 = CARTESIAN_POINT ( 'NONE',  ( -3.000000000000002665, -1.242640687119284104, -2.812500000000001332 ) ) ;
#1364 = CARTESIAN_POINT ( 'NONE',  ( 0.9736010864139216237, -2.350480947161668777, -0.06250000000000011102 ) ) ;
#1365 = CARTESIAN_POINT ( 'NONE',  ( -1.378359720306186142, -2.537056499471196602, -5.773146705740880513 ) ) ;
#1366 = ORIENTED_EDGE ( 'NONE', *, *, #518, .T. ) ;
#1367 = B_SPLINE_CURVE_WITH_KNOTS ( 'NONE', 3,
 ( #377, #1510, #163, #539 ),
 .UNSPECIFIED., .F., .F.,
 ( 4, 4 ),
 ( 0.01870910054172746084, 0.01882801568231528763 ),
 .UNSPECIFIED. ) ;
#1368 = CARTESIAN_POINT ( 'NONE',  ( -2.005854134297362368, 2.236786552821923291, -5.883213047867896783 ) ) ;
#1369 = CARTESIAN_POINT ( 'NONE',  ( 3.054126587736528453, 1.265060653844732652, -5.281250000000000888 ) ) ;
#1370 = EDGE_CURVE ( 'NONE', #1201, #1626, #1976, .T. ) ;
#1371 = CARTESIAN_POINT ( 'NONE',  ( 3.673940397442060854E-16, -3.000000000000000444, -3.625000000000001332 ) ) ;
#1372 = CARTESIAN_POINT ( 'NONE',  ( 0.4079457818577117423, -5.537975084925936820, -0.3106000600989280436 ) ) ;
#1373 = ORIENTED_EDGE ( 'NONE', *, *, #1403, .T. ) ;
#1374 = CARTESIAN_POINT ( 'NONE',  ( -0.9736010864139209575, -2.350480947161669221, -3.062500000000000000 ) ) ;
#1375 = DIRECTION ( 'NONE',  ( -3.004629197474320528E-16, 1.000000000000000000, 0.000000000000000000 ) ) ;
#1376 = CARTESIAN_POINT ( 'NONE',  ( -5.000000000000000000, 2.886751345948126879, -4.810000000000000497 ) ) ;
#1377 = CARTESIAN_POINT ( 'NONE',  ( 2.350480947161326384, 0.1440434805766617754, -0.7577722283113857982 ) ) ;
#1378 = EDGE_LOOP ( 'NONE', ( #1404, #1239, #1680, #24 ) ) ;
#1379 = CARTESIAN_POINT ( 'NONE',  ( -3.000000000000000444, -5.510910596163090542E-16, -2.875000000000000888 ) ) ;
#1380 =( BOUNDED_CURVE ( )  B_SPLINE_CURVE ( 2, ( #1343, #1760, #1746, #417, #656, #821, #1567, #1392, #1379 ),
 .UNSPECIFIED., .F., .T. ) 
 B_SPLINE_CURVE_WITH_KNOTS ( ( 3, 2, 2, 2, 3 ),
 ( 0.3928571428571428492, 0.4107142857142856429, 0.4285714285714285476, 0.4464285714285713413, 0.4642857142857142461 ),
 .UNSPECIFIED. ) 
 CURVE ( )  GEOMETRIC_REPRESENTATION_ITEM ( )  RATIONAL_B_SPLINE_CURVE ( ( 1.000000000000000222, 0.9238795325112865164, 1.000000000000000000, 0.9238795325112867385, 1.000000000000000000, 0.9238795325112867385, 1.000000000000000000, 0.9238795325112869605, 0.9999999999999997780 ) ) 
 REPRESENTATION_ITEM ( '' )  );
#1381 = CARTESIAN_POINT ( 'NONE',  ( 1.662041016787795256, -1.662041016787795034, 0.1249999999999997918 ) ) ;
#1382 = CARTESIAN_POINT ( 'NONE',  ( -1.724280003844095077, -1.646745253870771419, -5.269528617633152834 ) ) ;
#1383 = CARTESIAN_POINT ( 'NONE',  ( 1.653121499799247385, -4.819072548984005167, -0.05140428708382620976 ) ) ;
#1384 = EDGE_CURVE ( 'NONE', #771, #612, #545, .T. ) ;
#1385 = CARTESIAN_POINT ( 'NONE',  ( 2.878508968398376785E-16, -2.350480947161668777, -4.000000000000000888 ) ) ;
#1386 = DIRECTION ( 'NONE',  ( 0.000000000000000000, 0.000000000000000000, 1.000000000000000000 ) ) ;
#1387 = CARTESIAN_POINT ( 'NONE',  ( 1.242640687119285881, -3.000000000000000888, -2.562500000000001332 ) ) ;
#1388 = CARTESIAN_POINT ( 'NONE',  ( 3.054126587736528009, 1.265060653844732430, -0.2187499999999998057 ) ) ;
#1389 = CARTESIAN_POINT ( 'NONE',  ( 2.121320343559642829, -2.121320343559642829, -3.374999999999999556 ) ) ;
#1390 = ORIENTED_EDGE ( 'NONE', *, *, #1737, .T. ) ;
#1391 = CARTESIAN_POINT ( 'NONE',  ( -0.9736010864139210685, -2.350480947161669221, -6.187500000000000888 ) ) ;
#1392 = CARTESIAN_POINT ( 'NONE',  ( -2.999999999999997335, 1.242640687119288989, -2.937500000000001776 ) ) ;
#1393 = CARTESIAN_POINT ( 'NONE',  ( -2.350480947161667888, -0.9736010864139229559, -1.187500000000000444 ) ) ;
#1394 = ORIENTED_EDGE ( 'NONE', *, *, #401, .T. ) ;
#1395 = CARTESIAN_POINT ( 'NONE',  ( -3.000000000000000444, -5.510910596163089556E-16, -4.750000000000000000 ) ) ;
#1396 = FACE_OUTER_BOUND ( 'NONE', #1900, .T. ) ;
#1397 = CARTESIAN_POINT ( 'NONE',  ( 2.878508968398376785E-16, -2.350480947161668777, -2.000000000000000000 ) ) ;
#1398 = DIRECTION ( 'NONE',  ( 0.000000000000000000, 0.000000000000000000, 1.000000000000000000 ) ) ;
#1399 = CARTESIAN_POINT ( 'NONE',  ( 2.878508968398376785E-16, -2.350480947161668777, -3.000000000000000000 ) ) ;
#1400 = VECTOR ( 'NONE', #475, 1000.000000000000114 ) ;
#1401 = CARTESIAN_POINT ( 'NONE',  ( -2.350480947161667888, 0.9736010864139219567, -4.437500000000000888 ) ) ;
#1402 = CARTESIAN_POINT ( 'NONE',  ( 0.05674304519212881870, 2.959420552556557116, -0.1542730112634994322 ) ) ;
#1403 = EDGE_CURVE ( 'NONE', #2359, #147, #9, .T. ) ;
#1404 = ORIENTED_EDGE ( 'NONE', *, *, #1733, .F. ) ;
#1405 = CARTESIAN_POINT ( 'NONE',  ( 3.000000000000002665, -1.242640687119282550, -2.312499999999998668 ) ) ;
#1406 = CARTESIAN_POINT ( 'NONE',  ( 2.350480947161668333, 5.609274959251063993E-12, -0.7577722283113856871 ) ) ;
#1407 = CARTESIAN_POINT ( 'NONE',  ( 2.350480947161668777, -0.9736010864139215126, -1.812500000000000222 ) ) ;
#1408 = CARTESIAN_POINT ( 'NONE',  ( 3.054126587736528453, 1.265060653844732652, 0.7187499999999993339 ) ) ;
#1409 = APPROVAL_ROLE ( '' ) ;
#1410 = CARTESIAN_POINT ( 'NONE',  ( -3.000000000000000444, -5.510910596163089556E-16, -5.750000000000000000 ) ) ;
#1411 = EDGE_CURVE ( 'NONE', #162, #2345, #1447, .T. ) ;
#1412 = CARTESIAN_POINT ( 'NONE',  ( -0.9736010864139210685, -2.350480947161669221, -6.187500000000000888 ) ) ;
#1413 = CARTESIAN_POINT ( 'NONE',  ( 0.000000000000000000, 3.000000000000000444, -0.1250000000000009437 ) ) ;
#1414 = ORIENTED_EDGE ( 'NONE', *, *, #1298, .F. ) ;
#1415 = DIRECTION ( 'NONE',  ( 0.000000000000000000, 0.000000000000000000, 1.000000000000000000 ) ) ;
#1416 = DIRECTION ( 'NONE',  ( 0.000000000000000000, 0.000000000000000000, 1.000000000000000000 ) ) ;
#1417 = CARTESIAN_POINT ( 'NONE',  ( 2.350480947161668777, 1.439254484199188393E-16, -2.750000000000000888 ) ) ;
#1418 = ORIENTED_EDGE ( 'NONE', *, *, #1874, .T. ) ;
#1419 = CARTESIAN_POINT ( 'NONE',  ( 3.000000000000000444, 1.836970198721030181E-16, -1.250000000000000000 ) ) ;
#1420 = DATE_TIME_ROLE ( 'classification_date' ) ;
#1421 = CARTESIAN_POINT ( 'NONE',  ( -1.662041016787795478, 1.662041016787794590, -3.500000000000000000 ) ) ;
#1422 = CARTESIAN_POINT ( 'NONE',  ( 0.9736010864139216237, -2.350480947161668777, -3.937500000000000888 ) ) ;
#1423 = CARTESIAN_POINT ( 'NONE',  ( -2.350480947161667888, 0.9736010864139219567, -3.437500000000000000 ) ) ;
#1424 = CARTESIAN_POINT ( 'NONE',  ( -3.000000000000000444, -5.510910596163090542E-16, -0.8750000000000009992 ) ) ;
#1425 = CIRCLE ( 'NONE', #1270, 7.099999999999999645 ) ;
#1426 = ORIENTED_EDGE ( 'NONE', *, *, #1384, .F. ) ;
#1427 = CARTESIAN_POINT ( 'NONE',  ( -0.9736010864139210685, -2.350480947161669221, -5.187500000000000888 ) ) ;
#1428 = FACE_OUTER_BOUND ( 'NONE', #664, .T. ) ;
#1429 = EDGE_CURVE ( 'NONE', #1977, #1916, #1653, .T. ) ;
#1430 = CARTESIAN_POINT ( 'NONE',  ( 3.000000000000001776, 1.242640687119283882, -1.187500000000000000 ) ) ;
#1431 = DATE_AND_TIME ( #1082, #1513 ) ;
#1432 = CARTESIAN_POINT ( 'NONE',  ( 0.9736010864139216237, -2.350480947161668777, -1.062500000000000222 ) ) ;
#1433 = CARTESIAN_POINT ( 'NONE',  ( 2.878508968398376785E-16, -2.350480947161668777, -5.124999999999999112 ) ) ;
#1434 = CARTESIAN_POINT ( 'NONE',  ( 1.662041016787795034, 1.662041016787795256, -5.750000000000000000 ) ) ;
#1435 = CARTESIAN_POINT ( 'NONE',  ( 3.000000000000000444, 1.836970198721030427E-16, -5.375000000000000888 ) ) ;
#1436 = CARTESIAN_POINT ( 'NONE',  ( 0.000000000000000000, 2.350480947161668777, -3.625000000000000000 ) ) ;
#1437 = CARTESIAN_POINT ( 'NONE',  ( 0.000000000000000000, 0.000000000000000000, -6.000000000000000888 ) ) ;
#1438 = CONICAL_SURFACE ( 'NONE', #2298, 5.000000000000000000, 1.047197551196600074 ) ;
#1439 = CIRCLE ( 'NONE', #980, 3.000000000000000444 ) ;
#1440 = CARTESIAN_POINT ( 'NONE',  ( 1.662041016787795256, -1.662041016787795034, -1.875000000000000222 ) ) ;
#1441 = CARTESIAN_POINT ( 'NONE',  ( 3.000000000000000444, 0.000000000000000000, -4.810000000000000497 ) ) ;
#1442 = ORIENTED_EDGE ( 'NONE', *, *, #1991, .T. ) ;
#1443 = ADVANCED_FACE ( 'NONE', ( #2195, #1494 ), #2022, .T. ) ;
#1444 = CARTESIAN_POINT ( 'NONE',  ( -0.9736010864139209575, -2.350480947161669221, -4.187500000000000000 ) ) ;
#1445 = CARTESIAN_POINT ( 'NONE',  ( 2.350480947161668777, 0.9736010864139216237, -2.687500000000000888 ) ) ;
#1446 = CARTESIAN_POINT ( 'NONE',  ( -3.054126587736527121, -1.265060653844733984, -2.718749999999999556 ) ) ;
#1447 = LINE ( 'NONE', #2409, #309 ) ;
#1448 = ADVANCED_FACE ( 'NONE', ( #2216 ), #819, .T. ) ;
#1449 = CARTESIAN_POINT ( 'NONE',  ( -1.192548875905908634, 2.194652985244585519, -0.6230187414964303283 ) ) ;
#1450 = CARTESIAN_POINT ( 'NONE',  ( -2.074714256722479888, 4.575665857285978966, -0.01055556052338956115 ) ) ;
#1451 = B_SPLINE_CURVE_WITH_KNOTS ( 'NONE', 3,
 ( #22, #917, #1507, #2026 ),
 .UNSPECIFIED., .F., .F.,
 ( 4, 4 ),
 ( 2.380735200821606845E-07, 0.002921158011986711624 ),
 .UNSPECIFIED. ) ;
#1452 = CARTESIAN_POINT ( 'NONE',  ( -0.9736010864139231780, 2.350480947161667888, -3.437500000000000444 ) ) ;
#1453 = CARTESIAN_POINT ( 'NONE',  ( 1.265060653844732430, 3.054126587736528453, 0.8437499999999991118 ) ) ;
#1454 = ORIENTED_EDGE ( 'NONE', *, *, #226, .T. ) ;
#1455 = CARTESIAN_POINT ( 'NONE',  ( 1.662041016787795256, -1.662041016787795034, -2.000000000000000000 ) ) ;
#1456 = EDGE_CURVE ( 'NONE', #390, #2403, #533, .T. ) ;
#1457 = CARTESIAN_POINT ( 'NONE',  ( -3.054126587736527565, 1.265060653844732874, -0.8437499999999998890 ) ) ;
#1458 = CARTESIAN_POINT ( 'NONE',  ( -1.697274791962611884, -2.084864800923708295, -0.4259503414367335483 ) ) ;
#1459 = CARTESIAN_POINT ( 'NONE',  ( -0.9736010864139210685, -2.350480947161669221, -2.062500000000000000 ) ) ;
#1460 = CARTESIAN_POINT ( 'NONE',  ( -3.000000000000000444, -5.510910596163090542E-16, -1.875000000000000888 ) ) ;
#1461 = CARTESIAN_POINT ( 'NONE',  ( 2.910136114156112619, 1.278517229185994687E-11, -0.1981170613169429273 ) ) ;
#1462 = ORIENTED_EDGE ( 'NONE', *, *, #1403, .F. ) ;
#1463 = CYLINDRICAL_SURFACE ( 'NONE', #251, 3.000000000000000444 ) ;
#1464 = CARTESIAN_POINT ( 'NONE',  ( 1.265060653844732874, -3.054126587736528453, -2.531250000000000888 ) ) ;
#1465 = B_SPLINE_CURVE_WITH_KNOTS ( 'NONE', 3,
 ( #1066, #763, #212, #1855 ),
 .UNSPECIFIED., .F., .F.,
 ( 4, 4 ),
 ( 0.001738993896447204972, 0.001859157136668155913 ),
 .UNSPECIFIED. ) ;
#1466 = CARTESIAN_POINT ( 'NONE',  ( 1.662041016787795034, 1.662041016787795256, -4.750000000000000888 ) ) ;
#1467 = CARTESIAN_POINT ( 'NONE',  ( -1.265060653844731764, -3.054126587736528897, -2.593750000000000444 ) ) ;
#1468 = FACE_OUTER_BOUND ( 'NONE', #403, .T. ) ;
#1469 = CARTESIAN_POINT ( 'NONE',  ( 1.662041016787795034, 1.662041016787795256, -1.750000000000000222 ) ) ;
#1470 = CARTESIAN_POINT ( 'NONE',  ( -1.662041016787795034, -1.662041016787795478, -4.125000000000000000 ) ) ;
#1471 = ORIENTED_EDGE ( 'NONE', *, *, #2235, .T. ) ;
#1472 = CARTESIAN_POINT ( 'NONE',  ( -2.538061664451681132, 0.4956672969261559647, -0.5340419714015453012 ) ) ;
#1473 = CARTESIAN_POINT ( 'NONE',  ( 0.000000000000000000, 0.000000000000000000, -6.000000000000000888 ) ) ;
#1474 = EDGE_CURVE ( 'NONE', #1658, #1291, #2060, .T. ) ;
#1475 = EDGE_LOOP ( 'NONE', ( #304, #741, #1152, #1151, #440 ) ) ;
#1476 = AXIS2_PLACEMENT_3D ( 'NONE', #678, #108, #1614 ) ;
#1477 = CARTESIAN_POINT ( 'NONE',  ( 2.350480947161668777, 0.9736010864139217347, -4.687500000000000888 ) ) ;
#1478 = CARTESIAN_POINT ( 'NONE',  ( -1.265060653844735095, 3.054126587736527565, -3.031250000000001332 ) ) ;
#1479 = AXIS2_PLACEMENT_3D ( 'NONE', #178, #1868, #27 ) ;
#1480 = CARTESIAN_POINT ( 'NONE',  ( 2.572795419677381901, 0.6473694251817991852, -5.539646250962700691 ) ) ;
#1481 = B_SPLINE_CURVE_WITH_KNOTS ( 'NONE', 3,
 ( #536, #550, #1281, #1841, #735, #2221, #365, #85, #1927, #2100, #2269, #818, #1365, #783, #1007, #247, #1758, #652, #1150, #1885, #2293, #1200, #220, #1744, #235, #2086, #2074, #1717, #795, #995, #1703, #2114, #439, #2308 ),
 .UNSPECIFIED., .F., .F.,
 ( 4, 2, 2, 2, 2, 2, 2, 2, 2, 2, 2, 2, 2, 2, 2, 2, 4 ),
 ( 0.001924881352599785121, 0.002480735605986133206, 0.003036589859372481291, 0.003592444112758829376, 0.004148298366145178329, 0.004704152619531526414, 0.005260006872917874499, 0.005815861126304224318, 0.006371715379690572403, 0.006927569633076921356, 0.007483423886463270308, 0.008039278139849620128, 0.008595132393235968213, 0.009150986646622318033, 0.009706840900008666118, 0.01026269515339501420, 0.01081854940678136229 ),
 .UNSPECIFIED. ) ;
#1482 = CARTESIAN_POINT ( 'NONE',  ( 2.159593620790630109, -2.159593620790630109, -0.4062499999999998335 ) ) ;
#1483 = DIRECTION ( 'NONE',  ( 0.000000000000000000, 0.000000000000000000, 1.000000000000000000 ) ) ;
#1484 = CARTESIAN_POINT ( 'NONE',  ( -2.350480947161667888, 0.9736010864139219567, -5.312500000000001776 ) ) ;
#1485 = EDGE_CURVE ( 'NONE', #1040, #162, #2165, .T. ) ;
#1486 = CARTESIAN_POINT ( 'NONE',  ( -2.593148816047909477, 3.654195804988270647E-14, -0.5151043594251455415 ) ) ;
#1487 = CARTESIAN_POINT ( 'NONE',  ( 2.878508968398376785E-16, -2.350480947161668777, -3.125000000000000000 ) ) ;
#1488 = DIRECTION ( 'NONE',  ( 0.000000000000000000, 0.000000000000000000, 1.000000000000000000 ) ) ;
#1489 = ORIENTED_EDGE ( 'NONE', *, *, #613, .T. ) ;
#1490 = CARTESIAN_POINT ( 'NONE',  ( -3.000000000000000444, 3.673940397442060361E-16, -4.810000000000000497 ) ) ;
#1491 = CARTESIAN_POINT ( 'NONE',  ( 3.054126587736528453, 1.265060653844732652, -3.281250000000001776 ) ) ;
#1492 = CARTESIAN_POINT ( 'NONE',  ( 0.000000000000000000, 3.000000000000000444, -2.125000000000000888 ) ) ;
#1493 = CARTESIAN_POINT ( 'NONE',  ( 1.265060653844732652, -3.054126587736528009, -0.4687499999999997780 ) ) ;
#1494 = FACE_OUTER_BOUND ( 'NONE', #122, .T. ) ;
#1495 = CARTESIAN_POINT ( 'NONE',  ( 1.878537284200576973, 2.339037766233868165, -0.1082531754730558377 ) ) ;
#1496 = DIRECTION ( 'NONE',  ( -0.000000000000000000, -0.000000000000000000, -1.000000000000000000 ) ) ;
#1497 = DIRECTION ( 'NONE',  ( 1.000000000000000000, 0.000000000000000000, 0.000000000000000000 ) ) ;
#1498 = ORIENTED_EDGE ( 'NONE', *, *, #1037, .F. ) ;
#1499 = ORIENTED_EDGE ( 'NONE', *, *, #154, .F. ) ;
#1500 = CARTESIAN_POINT ( 'NONE',  ( 1.662041016787795034, 1.662041016787795256, -4.625000000000000888 ) ) ;
#1501 = CARTESIAN_POINT ( 'NONE',  ( 0.000000000000000000, 3.054126587736528453, -4.093750000000000888 ) ) ;
#1502 = CARTESIAN_POINT ( 'NONE',  ( -0.2037921793516437874, 2.503190166748763268, -5.397841385320183427 ) ) ;
#1503 = CARTESIAN_POINT ( 'NONE',  ( -2.159593620790630109, -2.159593620790630553, -4.656250000000000000 ) ) ;
#1504 = DIRECTION ( 'NONE',  ( -0.000000000000000000, -0.000000000000000000, 1.000000000000000000 ) ) ;
#1505 = DIRECTION ( 'NONE',  ( -0.000000000000000000, -0.000000000000000000, 1.000000000000000000 ) ) ;
#1506 = CARTESIAN_POINT ( 'NONE',  ( 0.9736010864139216237, 2.350480947161668777, -0.6875000000000003331 ) ) ;
#1507 = CARTESIAN_POINT ( 'NONE',  ( -3.351853367131005346, 3.838309248099017079, 3.260565815559754411E-15 ) ) ;
#1508 = VERTEX_POINT ( 'NONE', #731 ) ;
#1509 = ORIENTED_EDGE ( 'NONE', *, *, #1411, .F. ) ;
#1510 = CARTESIAN_POINT ( 'NONE',  ( -2.353786625148448497, -0.03993133270619331210, -5.245533449675892967 ) ) ;
#1511 = CARTESIAN_POINT ( 'NONE',  ( 3.054126587736528453, 1.265060653844732652, -2.281250000000000888 ) ) ;
#1512 = VECTOR ( 'NONE', #1483, 1000.000000000000000 ) ;
#1513 = LOCAL_TIME ( 15, 43, 59.00000000000000000, #308 ) ;
#1514 = CARTESIAN_POINT ( 'NONE',  ( -0.03675642450090246122, 2.517522305493214319, -5.404185232780096548 ) ) ;
#1515 = ORIENTED_EDGE ( 'NONE', *, *, #1231, .T. ) ;
#1516 = LINE ( 'NONE', #2303, #1307 ) ;
#1517 = CARTESIAN_POINT ( 'NONE',  ( -2.989382938682634716, -4.322386457390860483E-14, -5.881129763209581363 ) ) ;
#1518 = CARTESIAN_POINT ( 'NONE',  ( 1.662041016787795256, -1.662041016787795034, -5.875000000000000888 ) ) ;
#1519 = CARTESIAN_POINT ( 'NONE',  ( 2.350480947161668777, 1.439254484199188393E-16, -1.750000000000000222 ) ) ;
#1520 = DIRECTION ( 'NONE',  ( 0.000000000000000000, 0.000000000000000000, 1.000000000000000000 ) ) ;
#1521 = CARTESIAN_POINT ( 'NONE',  ( 1.662041016787795256, -1.662041016787795034, -3.000000000000000000 ) ) ;
#1522 = CARTESIAN_POINT ( 'NONE',  ( -5.000000000000000888, -1.936168969100317883, -0.1973388672540840882 ) ) ;
#1523 = ORIENTED_EDGE ( 'NONE', *, *, #179, .T. ) ;
#1524 = ORIENTED_EDGE ( 'NONE', *, *, #1474, .T. ) ;
#1525 = FACE_OUTER_BOUND ( 'NONE', #1, .T. ) ;
#1526 = CARTESIAN_POINT ( 'NONE',  ( -2.350480947161667888, -0.9736010864139229559, -0.1875000000000001665 ) ) ;
#1527 = CARTESIAN_POINT ( 'NONE',  ( 2.121320343559642385, 2.121320343559642829, -2.250000000000001776 ) ) ;
#1528 = CARTESIAN_POINT ( 'NONE',  ( 2.350480947161668777, 0.9736010864139216237, -5.687500000000001776 ) ) ;
#1529 = DIRECTION ( 'NONE',  ( 0.000000000000000000, 0.000000000000000000, -1.000000000000000000 ) ) ;
#1530 = DIRECTION ( 'NONE',  ( -0.5000000000000004441, 0.8660254037844384856, 0.000000000000000000 ) ) ;
#1531 = ADVANCED_FACE ( 'NONE', ( #1468 ), #43, .T. ) ;
#1532 = CARTESIAN_POINT ( 'NONE',  ( -1.242640687119284770, -3.000000000000001776, -5.687500000000001776 ) ) ;
#1533 = CARTESIAN_POINT ( 'NONE',  ( 3.673940397442060854E-16, -3.000000000000000444, -2.625000000000000888 ) ) ;
#1534 = CARTESIAN_POINT ( 'NONE',  ( -0.9736010864139210685, -2.350480947161669221, -2.187500000000000444 ) ) ;
#1535 = CARTESIAN_POINT ( 'NONE',  ( -3.000000000000000444, -5.510910596163089556E-16, -4.750000000000000000 ) ) ;
#1536 = ORIENTED_EDGE ( 'NONE', *, *, #1485, .F. ) ;
#1537 = DIRECTION ( 'NONE',  ( 0.000000000000000000, 0.000000000000000000, 1.000000000000000000 ) ) ;
#1538 = CARTESIAN_POINT ( 'NONE',  ( -1.662041016787795478, 1.662041016787794590, -0.3750000000000002220 ) ) ;
#1539 = CARTESIAN_POINT ( 'NONE',  ( 2.121320343559642829, -2.121320343559642385, -0.5000000000000008882 ) ) ;
#1540 = CARTESIAN_POINT ( 'NONE',  ( 0.000000000000000000, 0.000000000000000000, -4.810000000000000497 ) ) ;
#1541 = ORIENTED_EDGE ( 'NONE', *, *, #1037, .T. ) ;
#1542 = CARTESIAN_POINT ( 'NONE',  ( 1.662041016787795256, -1.662041016787795034, -1.084202172485504434E-16 ) ) ;
#1543 = CARTESIAN_POINT ( 'NONE',  ( 0.000000000000000000, 3.054126587736528009, -6.031250000000000000 ) ) ;
#1544 = AXIS2_PLACEMENT_3D ( 'NONE', #1319, #577, #2390 ) ;
#1545 = CARTESIAN_POINT ( 'NONE',  ( -3.000000000000000444, -5.510910596163090542E-16, -5.875000000000000888 ) ) ;
#1546 = CARTESIAN_POINT ( 'NONE',  ( 0.9736010864139216237, -2.350480947161668777, -0.9375000000000000000 ) ) ;
#1547 = LINE ( 'NONE', #2292, #532 ) ;
#1548 = EDGE_LOOP ( 'NONE', ( #1330, #461, #2044, #1536, #2139, #1489, #2261, #1418, #188, #854, #1616, #1901, #713, #1139, #363, #954, #528, #213, #2061 ) ) ;
#1549 = EDGE_CURVE ( 'NONE', #952, #1583, #978, .T. ) ;
#1550 = DIRECTION ( 'NONE',  ( 0.000000000000000000, 0.000000000000000000, 1.000000000000000000 ) ) ;
#1551 =( BOUNDED_CURVE ( )  B_SPLINE_CURVE ( 2, ( #1460, #2011, #196, #352, #386, #747, #2025, #1850, #2208 ),
 .UNSPECIFIED., .F., .T. ) 
 B_SPLINE_CURVE_WITH_KNOTS ( ( 3, 2, 2, 2, 3 ),
 ( 0.6071428571428570953, 0.6249999999999998890, 0.6428571428571426827, 0.6607142857142855874, 0.6785714285714284921 ),
 .UNSPECIFIED. ) 
 CURVE ( )  GEOMETRIC_REPRESENTATION_ITEM ( )  RATIONAL_B_SPLINE_CURVE ( ( 1.000000000000000444, 0.9238795325112862944, 1.000000000000000000, 0.9238795325112867385, 1.000000000000000000, 0.9238795325112867385, 1.000000000000000000, 0.9238795325112871826, 0.9999999999999995559 ) ) 
 REPRESENTATION_ITEM ( '' )  );
#1552 = CARTESIAN_POINT ( 'NONE',  ( 3.740226349862367737E-16, -3.054126587736528453, -4.593750000000000888 ) ) ;
#1553 = CARTESIAN_POINT ( 'NONE',  ( -1.242640687119284770, -3.000000000000001776, -4.562500000000000000 ) ) ;
#1554 = CARTESIAN_POINT ( 'NONE',  ( 0.9736010864139216237, 2.350480947161668777, -1.687500000000000222 ) ) ;
#1555 = CARTESIAN_POINT ( 'NONE',  ( 3.351853367131006234, -3.838309248099017523, 2.728269694434950877E-15 ) ) ;
#1556 = PERSON ( 'UNSPECIFIED', 'UNSPECIFIED', 'UNSPECIFIED', ('UNSPECIFIED'), ('UNSPECIFIED'), ('UNSPECIFIED') ) ;
#1557 = DIRECTION ( 'NONE',  ( 1.000000000000000000, 0.000000000000000000, 0.000000000000000000 ) ) ;
#1558 = VECTOR ( 'NONE', #353, 1000.000000000000000 ) ;
#1559 = EDGE_CURVE ( 'NONE', #1888, #842, #655, .T. ) ;
#1560 = CARTESIAN_POINT ( 'NONE',  ( 2.121320343559642829, 2.121320343559642829, -5.125000000000000000 ) ) ;
#1561 = CIRCLE ( 'NONE', #2256, 5.000000000000000000 ) ;
#1562 = ORIENTED_EDGE ( 'NONE', *, *, #1832, .F. ) ;
#1563 = CARTESIAN_POINT ( 'NONE',  ( -2.350480947161667888, 0.9736010864139219567, -1.312500000000000444 ) ) ;
#1564 = CARTESIAN_POINT ( 'NONE',  ( 0.000000000000000000, 2.350480947161668777, 0.3749999999999998890 ) ) ;
#1565 = CARTESIAN_POINT ( 'NONE',  ( 1.744597058873862183, 1.575164050230542401, -0.7577722283113854651 ) ) ;
#1566 = ORIENTED_EDGE ( 'NONE', *, *, #1027, .T. ) ;
#1567 = CARTESIAN_POINT ( 'NONE',  ( -2.121320343559643717, 2.121320343559641941, -3.000000000000001332 ) ) ;
#1568 = CARTESIAN_POINT ( 'NONE',  ( -2.159593620790630997, 2.159593620790629664, -5.968750000000000888 ) ) ;
#1569 = PRODUCT_DEFINITION_SHAPE ( 'NONE', 'NONE',  #2265 ) ;
#1570 =( BOUNDED_CURVE ( )  B_SPLINE_CURVE ( 2, ( #1016, #1788, #828, #114, #863, #1184, #243, #1575, #1004, #1741, #2318, #346, #2182, #1265, #2364, #2373, #2382, #517, #1802, #156, #1455, #2202, #358, #507, #1096, #1258, #1074, #1085, #2192, #875, #1997, #1628, #2213, #1821, #2171, #888, #166, #529, #2007, #1834, #705, #2393, #2355, #681, #1421, #496, #1617, #1986, #123, #135, #714, #331, #1275, #321, #1650, #1444, #1810, #1246, #2018, #146, #900, #1639, #910, #728, #1466, #542, #693, #313, #1285, #2030, #1433, #1107, #1846 ),
 .UNSPECIFIED., .F., .F. ) 
 B_SPLINE_CURVE_WITH_KNOTS ( ( 3, 2, 2, 2, 2, 2, 2, 2, 2, 2, 2, 2, 2, 2, 2, 2, 2, 2, 2, 2, 2, 2, 2, 2, 2, 2, 2, 2, 2, 2, 2, 2, 2, 2, 2, 2, 3 ),
 ( 0.1618982905648798931, 0.1785714285714285754, 0.1964285714285714246, 0.2142857142857142738, 0.2321428571428571508, 0.2500000000000000000, 0.2678571428571428492, 0.2857142857142856984, 0.3035714285714285476, 0.3214285714285714524, 0.3392857142857143016, 0.3571428571428570953, 0.3750000000000000000, 0.3928571428571428492, 0.4107142857142856984, 0.4285714285714286031, 0.4464285714285715079, 0.4642857142857143016, 0.4821428571428572063, 0.5000000000000000000, 0.5178571428571429047, 0.5357142857142856984, 0.5535714285714286031, 0.5714285714285713969, 0.5892857142857143016, 0.6071428571428570953, 0.6250000000000000000, 0.6428571428571429047, 0.6607142857142856984, 0.6785714285714286031, 0.6964285714285713969, 0.7142857142857143016, 0.7321428571428570953, 0.7500000000000000000, 0.7678571428571429047, 0.7857142857142856984, 0.8023874237208346027 ),
 .UNSPECIFIED. ) 
 CURVE ( )  GEOMETRIC_REPRESENTATION_ITEM ( )  RATIONAL_B_SPLINE_CURVE ( ( 0.9905750658838949896, 0.9289266446645101372, 1.000000000000000000, 0.9238795325112867385, 1.000000000000000000, 0.9238795325112867385, 1.000000000000000000, 0.9238795325112867385, 1.000000000000000000, 0.9238795325112867385, 1.000000000000000000, 0.9238795325112867385, 1.000000000000000000, 0.9238795325112867385, 1.000000000000000000, 0.9238795325112867385, 1.000000000000000000, 0.9238795325112867385, 1.000000000000000000, 0.9238795325112867385, 1.000000000000000000, 0.9238795325112867385, 1.000000000000000000, 0.9238795325112867385, 1.000000000000000000, 0.9238795325112867385, 1.000000000000000000, 0.9238795325112867385, 1.000000000000000000, 0.9238795325112867385, 1.000000000000000000, 0.9238795325112867385, 1.000000000000000000, 0.9238795325112867385, 1.000000000000000000, 0.9238795325112867385, 1.000000000000000000, 0.9238795325112867385, 1.000000000000000000, 0.9238795325112867385, 1.000000000000000000, 0.9238795325112867385, 1.000000000000000000, 0.9238795325112867385, 1.000000000000000000, 0.9238795325112867385, 1.000000000000000000, 0.9238795325112867385, 1.000000000000000000, 0.9238795325112867385, 1.000000000000000000, 0.9238795325112867385, 1.000000000000000000, 0.9238795325112867385, 1.000000000000000000, 0.9238795325112867385, 1.000000000000000000, 0.9238795325112867385, 1.000000000000000000, 0.9238795325112867385, 1.000000000000000000, 0.9238795325112867385, 1.000000000000000000, 0.9238795325112867385, 1.000000000000000000, 0.9238795325112867385, 1.000000000000000000, 0.9238795325112867385, 1.000000000000000000, 0.9238795325112867385, 1.000000000000000000, 0.9289266446645093600, 0.9905750658838963218 ) ) 
 REPRESENTATION_ITEM ( '' )  );
#1571 = CARTESIAN_POINT ( 'NONE',  ( -1.859213491213056013, -1.533389119902735409, -5.295430690999041623 ) ) ;
#1572 = CARTESIAN_POINT ( 'NONE',  ( -3.108253175473056906, 3.806512302282675605E-16, 0.000000000000000000 ) ) ;
#1573 = CARTESIAN_POINT ( 'NONE',  ( -0.9736010864139210685, -2.350480947161669221, -6.062500000000000000 ) ) ;
#1574 = CARTESIAN_POINT ( 'NONE',  ( 2.878508968398376785E-16, -2.350480947161668777, -3.000000000000000000 ) ) ;
#1575 = CARTESIAN_POINT ( 'NONE',  ( -0.9736010864139209575, -2.350480947161669221, -1.187500000000000000 ) ) ;
#1576 = CARTESIAN_POINT ( 'NONE',  ( 0.000000000000000000, 2.350480947161668777, -0.5000000000000001110 ) ) ;
#1577 = CARTESIAN_POINT ( 'NONE',  ( -1.662041016787795034, -1.662041016787795478, -6.250000000000000000 ) ) ;
#1578 = CARTESIAN_POINT ( 'NONE',  ( 2.121320343559642829, 2.121320343559642829, -3.125000000000000000 ) ) ;
#1579 = ORIENTED_EDGE ( 'NONE', *, *, #2089, .F. ) ;
#1580 = DIRECTION ( 'NONE',  ( 1.000000000000000000, 0.000000000000000000, 0.000000000000000000 ) ) ;
#1581 = CARTESIAN_POINT ( 'NONE',  ( -2.350480947161667888, 0.9736010864139219567, -0.3125000000000002776 ) ) ;
#1582 = CARTESIAN_POINT ( 'NONE',  ( 2.121320343559642829, -2.121320343559642829, -4.375000000000000000 ) ) ;
#1583 = VERTEX_POINT ( 'NONE', #2070 ) ;
#1584 = CARTESIAN_POINT ( 'NONE',  ( 0.000000000000000000, 2.350480947161668777, -1.625000000000000222 ) ) ;
#1585 = CARTESIAN_POINT ( 'NONE',  ( 2.350480947161668777, -0.9736010864139215126, -2.812500000000000000 ) ) ;
#1586 = ADVANCED_FACE ( 'NONE', ( #30 ), #1943, .F. ) ;
#1587 = LINE ( 'NONE', #482, #2063 ) ;
#1588 = CARTESIAN_POINT ( 'NONE',  ( -2.350480947161668777, -4.317763452597564685E-16, -3.375000000000000000 ) ) ;
#1589 = CARTESIAN_POINT ( 'NONE',  ( 3.000000000000006661, 1.242640687119279663, -1.312500000000001110 ) ) ;
#1590 = ORIENTED_EDGE ( 'NONE', *, *, #689, .F. ) ;
#1591 = CARTESIAN_POINT ( 'NONE',  ( -2.989382938682634716, -4.322386457390860483E-14, -5.881129763209581363 ) ) ;
#1592 = CARTESIAN_POINT ( 'NONE',  ( 0.9736010864139216237, -2.350480947161668777, -4.937500000000001776 ) ) ;
#1593 = CARTESIAN_POINT ( 'NONE',  ( 5.000000000000000888, 1.947066425606662543, -0.1996307262052577081 ) ) ;
#1594 = APPLICATION_PROTOCOL_DEFINITION ( 'international standard', 'config_control_design', 1994, #682 ) ;
#1595 = ORIENTED_EDGE ( 'NONE', *, *, #491, .F. ) ;
#1596 = CARTESIAN_POINT ( 'NONE',  ( 1.662041016787795256, -1.662041016787795034, -1.000000000000000000 ) ) ;
#1597 = AXIS2_PLACEMENT_3D ( 'NONE', #1862, #927, #2046 ) ;
#1598 = CARTESIAN_POINT ( 'NONE',  ( -0.9736010864139210685, -2.350480947161669221, -3.187500000000000000 ) ) ;
#1599 = CARTESIAN_POINT ( 'NONE',  ( 1.242640687119285658, 3.000000000000000888, -0.1875000000000009714 ) ) ;
#1600 = AXIS2_PLACEMENT_3D ( 'NONE', #839, #649, #672 ) ;
#1601 = ORIENTED_EDGE ( 'NONE', *, *, #547, .F. ) ;
#1602 = CARTESIAN_POINT ( 'NONE',  ( -1.242640687119284770, -3.000000000000001776, -2.562500000000000444 ) ) ;
#1603 = DIRECTION ( 'NONE',  ( -0.000000000000000000, -0.000000000000000000, 1.000000000000000000 ) ) ;
#1604 = CARTESIAN_POINT ( 'NONE',  ( -0.9736010864139210685, -2.350480947161669221, -4.062500000000000000 ) ) ;
#1605 = CARTESIAN_POINT ( 'NONE',  ( 1.648146632868993766, 4.821944789745367110, 4.011723566735483525E-15 ) ) ;
#1606 = ORIENTED_EDGE ( 'NONE', *, *, #357, .T. ) ;
#1607 = CARTESIAN_POINT ( 'NONE',  ( 5.000000000000002665, -2.886751345948126879, -4.810000000000000497 ) ) ;
#1608 = CARTESIAN_POINT ( 'NONE',  ( -2.350480947161668777, -4.317763452597564685E-16, -3.250000000000000000 ) ) ;
#1609 = CARTESIAN_POINT ( 'NONE',  ( -0.9736010864139210685, -2.350480947161669221, -4.187500000000000000 ) ) ;
#1610 = CARTESIAN_POINT ( 'NONE',  ( 3.000000000000002665, -1.242640687119282550, -3.312499999999999556 ) ) ;
#1611 = EDGE_CURVE ( 'NONE', #1508, #599, #380, .T. ) ;
#1612 = ORIENTED_EDGE ( 'NONE', *, *, #1875, .F. ) ;
#1613 = CARTESIAN_POINT ( 'NONE',  ( -2.350480947161667888, -0.9736010864139229559, -4.312500000000000888 ) ) ;
#1614 = DIRECTION ( 'NONE',  ( -1.000000000000000000, 0.000000000000000000, -0.000000000000000000 ) ) ;
#1615 = CYLINDRICAL_SURFACE ( 'NONE', #739, 3.000000000000000444 ) ;
#1616 = ORIENTED_EDGE ( 'NONE', *, *, #78, .T. ) ;
#1617 = CARTESIAN_POINT ( 'NONE',  ( 0.000000000000000000, 2.350480947161668777, -3.625000000000000000 ) ) ;
#1618 = CARTESIAN_POINT ( 'NONE',  ( -1.662041016787795034, -1.662041016787795478, -5.249999999999999112 ) ) ;
#1619 = CARTESIAN_POINT ( 'NONE',  ( 2.397183468873011147, 0.1878692122083814031, -0.7110697066000420952 ) ) ;
#1620 = VERTEX_POINT ( 'NONE', #1146 ) ;
#1621 = CARTESIAN_POINT ( 'NONE',  ( -2.350480947161667888, 0.9736010864139219567, -5.437499999999999112 ) ) ;
#1622 = CARTESIAN_POINT ( 'NONE',  ( -2.525493075621632828E-15, 5.773502691896257311, -0.4465819873852018285 ) ) ;
#1623 = EDGE_CURVE ( 'NONE', #524, #2102, #1956, .T. ) ;
#1624 = CARTESIAN_POINT ( 'NONE',  ( -0.9736010864139231780, 2.350480947161667888, -2.437500000000000444 ) ) ;
#1625 = CARTESIAN_POINT ( 'NONE',  ( -2.525493075621632828E-15, 5.773502691896257311, -0.4465819873852018285 ) ) ;
#1626 = VERTEX_POINT ( 'NONE', #1895 ) ;
#1627 =( BOUNDED_CURVE ( )  B_SPLINE_CURVE ( 2, ( #1346, #2094, #1527, #2079, #1492, #579, #5, #1684, #1892 ),
 .UNSPECIFIED., .F., .T. ) 
 B_SPLINE_CURVE_WITH_KNOTS ( ( 3, 2, 2, 2, 3 ),
 ( 0.5357142857142856984, 0.5535714285714286031, 0.5714285714285713969, 0.5892857142857141906, 0.6071428571428570953 ),
 .UNSPECIFIED. ) 
 CURVE ( )  GEOMETRIC_REPRESENTATION_ITEM ( )  RATIONAL_B_SPLINE_CURVE ( ( 1.000000000000000000, 0.9238795325112867385, 1.000000000000000000, 0.9238795325112867385, 1.000000000000000000, 0.9238795325112867385, 1.000000000000000000, 0.9238795325112871826, 0.9999999999999995559 ) ) 
 REPRESENTATION_ITEM ( '' )  );
#1628 = CARTESIAN_POINT ( 'NONE',  ( 0.9736010864139217347, 2.350480947161668777, -2.687500000000000444 ) ) ;
#1629 = CARTESIAN_POINT ( 'NONE',  ( 1.265060653844732652, -3.054126587736528009, -1.468750000000000000 ) ) ;
#1630 = CARTESIAN_POINT ( 'NONE',  ( 3.000000000000000444, 1.836970198721030181E-16, -3.250000000000000444 ) ) ;
#1631 = AXIS2_PLACEMENT_3D ( 'NONE', #663, #324, #137 ) ;
#1632 = CARTESIAN_POINT ( 'NONE',  ( 0.3844896120847171583, 2.391457394204866027, -0.6892426606726985705 ) ) ;
#1633 = CARTESIAN_POINT ( 'NONE',  ( 3.673940397442060361E-16, -3.000000000000000444, -5.500000000000000000 ) ) ;
#1634 = CARTESIAN_POINT ( 'NONE',  ( -2.350480947161667888, 0.9736010864139220677, -2.312500000000000888 ) ) ;
#1635 = EDGE_CURVE ( 'NONE', #1095, #1305, #1882, .T. ) ;
#1636 = CARTESIAN_POINT ( 'NONE',  ( -2.121320343559643273, 2.121320343559642385, -0.8749999999999998890 ) ) ;
#1637 = DATE_AND_TIME ( #494, #896 ) ;
#1638 = ORIENTED_EDGE ( 'NONE', *, *, #2177, .F. ) ;
#1639 = CARTESIAN_POINT ( 'NONE',  ( -0.9736010864139231780, 2.350480947161667888, -4.562500000000001776 ) ) ;
#1640 = CARTESIAN_POINT ( 'NONE',  ( -3.054126587736528009, -5.610339524793550619E-16, -0.7812499999999997780 ) ) ;
#1641 = CARTESIAN_POINT ( 'NONE',  ( -1.257321461492939108, -2.399151238287811960, -0.4055454327567026285 ) ) ;
#1642 = CARTESIAN_POINT ( 'NONE',  ( -1.662041016787795478, 1.662041016787794590, -2.375000000000000444 ) ) ;
#1643 = APPLICATION_CONTEXT ( 'configuration controlled 3d designs of mechanical parts and assemblies' ) ;
#1644 = CARTESIAN_POINT ( 'NONE',  ( 5.000000000000000888, 2.886751345948127767, -0.4465819873852021060 ) ) ;
#1645 = FACE_OUTER_BOUND ( 'NONE', #1050, .T. ) ;
#1646 = ORIENTED_EDGE ( 'NONE', *, *, #72, .F. ) ;
#1647 = CARTESIAN_POINT ( 'NONE',  ( -2.350480947161667888, 0.9736010864139220677, -4.312500000000000888 ) ) ;
#1648 = CARTESIAN_POINT ( 'NONE',  ( -3.054126587736528009, 1.265060653844733096, -2.906250000000001332 ) ) ;
#1649 = PERSON_AND_ORGANIZATION ( #1556, #2187 ) ;
#1650 = CARTESIAN_POINT ( 'NONE',  ( 2.878508968398376785E-16, -2.350480947161668777, -4.125000000000000000 ) ) ;
#1651 = EDGE_CURVE ( 'NONE', #1888, #320, #1801, .T. ) ;
#1652 = CARTESIAN_POINT ( 'NONE',  ( 3.054126587736528009, 1.870113174931183622E-16, -3.281250000000000444 ) ) ;
#1653 = LINE ( 'NONE', #754, #1512 ) ;
#1654 = CARTESIAN_POINT ( 'NONE',  ( 0.000000000000000000, 2.350480947161668777, -4.500000000000000888 ) ) ;
#1655 = ORIENTED_EDGE ( 'NONE', *, *, #1994, .T. ) ;
#1656 = DIRECTION ( 'NONE',  ( -0.7071067811865487940, 0.000000000000000000, -0.7071067811865463515 ) ) ;
#1657 = CARTESIAN_POINT ( 'NONE',  ( -2.692787076681403935, 0.2102083166172255269, -5.584533901208239115 ) ) ;
#1658 = VERTEX_POINT ( 'NONE', #1920 ) ;
#1659 = CARTESIAN_POINT ( 'NONE',  ( 0.000000000000000000, 0.000000000000000000, -4.810000000000000497 ) ) ;
#1660 = CARTESIAN_POINT ( 'NONE',  ( -3.054126587736528453, -5.610339524793551605E-16, -1.843750000000000444 ) ) ;
#1661 = EDGE_CURVE ( 'NONE', #842, #499, #847, .T. ) ;
#1662 = CARTESIAN_POINT ( 'NONE',  ( -2.055983082689472052, 1.271229638432996634, -5.303441796304490197 ) ) ;
#1663 = CARTESIAN_POINT ( 'NONE',  ( 3.054126587736528009, -1.265060653844732430, -4.343750000000000000 ) ) ;
#1664 = CARTESIAN_POINT ( 'NONE',  ( -0.5891084889473926500, -2.671881222802934719, -0.3780818889616332501 ) ) ;
#1665 = CARTESIAN_POINT ( 'NONE',  ( -2.350480947161667888, 0.9736010864139219567, -3.312500000000000444 ) ) ;
#1666 = CARTESIAN_POINT ( 'NONE',  ( 0.01686547426629045679, 2.437129118294127039, -0.6742005806354971487 ) ) ;
#1667 = CYLINDRICAL_SURFACE ( 'NONE', #699, 7.099999999999999645 ) ;
#1668 = EDGE_LOOP ( 'NONE', ( #759, #7, #1655, #1215, #1073, #2271, #23, #1164, #598, #796, #2175, #1515, #686, #118, #2210, #784, #1606, #376, #1301, #585 ) ) ;
#1669 = CARTESIAN_POINT ( 'NONE',  ( 2.917347970142916580, 0.2193980634275950470, -0.1909052053291462325 ) ) ;
#1670 = CARTESIAN_POINT ( 'NONE',  ( -1.265060653844732208, -3.054126587736529341, -2.656250000000000888 ) ) ;
#1671 = AXIS2_PLACEMENT_3D ( 'NONE', #370, #800, #1221 ) ;
#1672 = FACE_OUTER_BOUND ( 'NONE', #1317, .T. ) ;
#1673 = EDGE_LOOP ( 'NONE', ( #451, #2087, #1601, #1462 ) ) ;
#1674 = CARTESIAN_POINT ( 'NONE',  ( -1.265060653844731764, -3.054126587736528897, -1.593750000000000000 ) ) ;
#1675 = CARTESIAN_POINT ( 'NONE',  ( 1.502069017348153457, -2.380381014645690740, -0.2993964842974914387 ) ) ;
#1676 = DIRECTION ( 'NONE',  ( 0.000000000000000000, 0.000000000000000000, -1.000000000000000000 ) ) ;
#1677 = ORIENTED_EDGE ( 'NONE', *, *, #1661, .T. ) ;
#1678 = EDGE_CURVE ( 'NONE', #575, #1916, #2365, .T. ) ;
#1679 = CARTESIAN_POINT ( 'NONE',  ( 0.000000000000000000, 0.000000000000000000, 0.000000000000000000 ) ) ;
#1680 = ORIENTED_EDGE ( 'NONE', *, *, #1302, .F. ) ;
#1681 = ORIENTED_EDGE ( 'NONE', *, *, #2414, .T. ) ;
#1682 = PLANE ( 'NONE',  #1981 ) ;
#1683 = CARTESIAN_POINT ( 'NONE',  ( -2.159593620790630997, 2.159593620790629664, -2.968750000000000888 ) ) ;
#1684 = CARTESIAN_POINT ( 'NONE',  ( -2.999999999999993339, 1.242640687119291654, -1.937500000000001554 ) ) ;
#1685 = DIRECTION ( 'NONE',  ( 0.8660254037844388186, -0.4999999999999996114, 0.000000000000000000 ) ) ;
#1686 = CARTESIAN_POINT ( 'NONE',  ( 1.012979196571278662, -2.604747842317674866, -0.3192332266646412675 ) ) ;
#1687 = CARTESIAN_POINT ( 'NONE',  ( 2.350480947161668777, -0.9736010864139215126, -5.812500000000001776 ) ) ;
#1688 = B_SPLINE_CURVE_WITH_KNOTS ( 'NONE', 3,
 ( #1941, #1382, #1571, #2326, #1738, #239, #1345, #1204, #999, #268 ),
 .UNSPECIFIED., .F., .F.,
 ( 4, 2, 2, 2, 4 ),
 ( 1.027192157922793492E-17, 0.0005336421194376340157, 0.001067284238875257623, 0.001600926358312881230, 0.002134568477750505271 ),
 .UNSPECIFIED. ) ;
#1689 = CARTESIAN_POINT ( 'NONE',  ( 0.9736010864139216237, -2.350480947161668777, -1.062500000000000222 ) ) ;
#1690 = CARTESIAN_POINT ( 'NONE',  ( -2.664623412263471991, -4.894833799142338600E-16, -5.556370236790417749 ) ) ;
#1691 = EDGE_LOOP ( 'NONE', ( #1595, #1414, #1745, #1579 ) ) ;
#1692 = ORIENTED_EDGE ( 'NONE', *, *, #167, .T. ) ;
#1693 = CARTESIAN_POINT ( 'NONE',  ( -2.240664831210906982, -0.7264415815078498762, -5.242227771688612314 ) ) ;
#1694 = CARTESIAN_POINT ( 'NONE',  ( -1.265060653844735095, 3.054126587736527565, -1.031250000000000666 ) ) ;
#1695 = CARTESIAN_POINT ( 'NONE',  ( -2.121320343559643717, 2.121320343559641941, -4.000000000000000888 ) ) ;
#1696 = ORIENTED_EDGE ( 'NONE', *, *, #1177, .T. ) ;
#1697 = CARTESIAN_POINT ( 'NONE',  ( -0.9736010864139230669, 2.350480947161667888, -6.437500000000000888 ) ) ;
#1698 = CARTESIAN_POINT ( 'NONE',  ( -2.159593620790630109, -2.159593620790630553, -6.656250000000000000 ) ) ;
#1699 = CARTESIAN_POINT ( 'NONE',  ( -2.999999999999999556, 1.242640687119285881, -3.812500000000000000 ) ) ;
#1700 = CARTESIAN_POINT ( 'NONE',  ( -5.000000000000000000, -2.886751345948130432, -4.810000000000000497 ) ) ;
#1701 = CARTESIAN_POINT ( 'NONE',  ( -0.9736010864139230669, 2.350480947161667888, -0.4375000000000000555 ) ) ;
#1702 = CARTESIAN_POINT ( 'NONE',  ( -0.9736010864139210685, -2.350480947161669221, -0.1875000000000001665 ) ) ;
#1703 = CARTESIAN_POINT ( 'NONE',  ( 2.603793544676368921, -0.7376539719121811833, -5.591706819963129682 ) ) ;
#1704 =( BOUNDED_CURVE ( )  B_SPLINE_CURVE ( 2, ( #2320, #1363, #1947, #650, #1533, #1387, #1198, #1715, #1742 ),
 .UNSPECIFIED., .F., .F. ) 
 B_SPLINE_CURVE_WITH_KNOTS ( ( 3, 2, 2, 2, 3 ),
 ( 0.4642857142857142461, 0.4821428571428570398, 0.5000000000000000000, 0.5178571428571427937, 0.5357142857142856984 ),
 .UNSPECIFIED. ) 
 CURVE ( )  GEOMETRIC_REPRESENTATION_ITEM ( )  RATIONAL_B_SPLINE_CURVE ( ( 1.000000000000000222, 0.9238795325112865164, 1.000000000000000000, 0.9238795325112867385, 1.000000000000000000, 0.9238795325112867385, 1.000000000000000000, 0.9238795325112867385, 1.000000000000000000 ) ) 
 REPRESENTATION_ITEM ( '' )  );
#1705 = ORIENTED_EDGE ( 'NONE', *, *, #357, .F. ) ;
#1706 = ORIENTED_EDGE ( 'NONE', *, *, #2092, .T. ) ;
#1707 = CARTESIAN_POINT ( 'NONE',  ( 1.662041016787795256, -1.662041016787795034, -0.8750000000000001110 ) ) ;
#1708 = EDGE_CURVE ( 'NONE', #2019, #1014, #1688, .T. ) ;
#1709 = LOCAL_TIME ( 15, 43, 59.00000000000000000, #503 ) ;
#1710 = CARTESIAN_POINT ( 'NONE',  ( 2.666513554741236192, 0.1643253454205676478, -5.558260379267177420 ) ) ;
#1711 = CARTESIAN_POINT ( 'NONE',  ( 1.662041016787795256, -1.662041016787795034, -4.875000000000000888 ) ) ;
#1712 = DIRECTION ( 'NONE',  ( 0.7071067811865487940, 0.000000000000000000, 0.7071067811865463515 ) ) ;
#1713 = CARTESIAN_POINT ( 'NONE',  ( 0.000000000000000000, 0.000000000000000000, 0.000000000000000000 ) ) ;
#1714 = CARTESIAN_POINT ( 'NONE',  ( 2.350480947161668777, 0.9736010864139216237, -5.687500000000001776 ) ) ;
#1715 = CARTESIAN_POINT ( 'NONE',  ( 3.000000000000000888, -1.242640687119285658, -2.437500000000001332 ) ) ;
#1716 = CARTESIAN_POINT ( 'NONE',  ( 1.662041016787795034, 1.662041016787795256, -2.750000000000000444 ) ) ;
#1717 = CARTESIAN_POINT ( 'NONE',  ( 2.331723746778515238, -1.428443617282798561, -5.620003170335816201 ) ) ;
#1718 = PRODUCT ( '93033A101_18-8 Stainless Steel Flange Nut', '93033A101_18-8 Stainless Steel Flange Nut', '', ( #282 ) ) ;
#1719 = ORIENTED_EDGE ( 'NONE', *, *, #2101, .T. ) ;
#1720 = DIRECTION ( 'NONE',  ( 1.000000000000000000, 0.000000000000000000, 0.000000000000000000 ) ) ;
#1721 =( BOUNDED_SURFACE ( )  B_SPLINE_SURFACE ( 1, 2, ( 
 ( #1564, #2099, #768, #1898, #1199, #623, #610, #1364, #206, #1702, #412, #2125, #59, #2113, #2307, #449, #425, #1506, #637, #1352, #1936, #950, #782, #1689, #438, #965, #994, #33, #1149, #1186, #246, #1006, #1743, #2268, #21, #399, #2251, #583, #1327, #1339, #2073, #1534, #2085, #1884, #1161, #219, #2279, #982, #1731, #234, #1716, #46, #794, #1172, #1914, #1225, #1247, #1598, #116, #124, #1588, #1423, #2173, #1259, #274, #1019, #2357, #1790, #1975, #315, #2150, #662, #1757, #1609, #2332, #684, #497, #1401, #1989, #93, #1067, #1948, #471, #1237, #1211, #261, #1960, #1803, #878, #2185, #1618, #1032, #2366, #694, #288, #1042, #459, #84, #1434, #1776, #651, #1767, #840, #830, #509, #1412, #1577, #104, #2342, #302, #852, #673, #2321 ),
 ( #2161, #1055, #484, #1388, #865, #2137, #1482, #1493, #371, #1267, #935, #8, #1640, #1457, #557, #707, #730, #1813, #2383, #742, #333, #1822, #136, #1629, #349, #1674, #1276, #531, #323, #359, #2227, #2214, #1086, #1296, #168, #148, #2041, #891, #1118, #901, #718, #1467, #2376, #1446, #2204, #1837, #1857, #544, #2194, #2021, #2237, #923, #1652, #2408, #2009, #1098, #157, #753, #1108, #181, #570, #1999, #1286, #520, #1076, #2396, #912, #2031, #1847, #1663, #1726, #1324, #1348, #2069, #1503, #803, #1169, #1910, #422, #203, #54, #764, #193, #230, #435, #1881, #991, #1894, #396, #1310, #959, #29, #215, #947, #2096, #605, #1543, #2081, #1183, #1002, #2288, #2263, #619, #976, #1360, #1923, #1698, #2110, #580, #776, #2276, #2248, #2053 ) ),
 .UNSPECIFIED., .F., .F., .F. ) 
 B_SPLINE_SURFACE_WITH_KNOTS ( ( 2, 2 ),
 ( 3, 2, 2, 2, 2, 2, 2, 2, 2, 2, 2, 2, 2, 2, 2, 2, 2, 2, 2, 2, 2, 2, 2, 2, 2, 2, 2, 2, 2, 2, 2, 2, 2, 2, 2, 2, 2, 2, 2, 2, 2, 2, 2, 2, 2, 2, 2, 2, 2, 2, 2, 2, 2, 2, 2, 2, 3 ),
 ( 0.000000000000000000, 1.000000000000000000 ),
 ( 0.000000000000000000, 0.01785714285714285615, 0.03571428571428571230, 0.05357142857142856845, 0.07142857142857142461, 0.08928571428571428770, 0.1071428571428571369, 0.1250000000000000000, 0.1428571428571428492, 0.1607142857142857262, 0.1785714285714285754, 0.1964285714285714246, 0.2142857142857142738, 0.2321428571428571508, 0.2500000000000000000, 0.2678571428571428492, 0.2857142857142856984, 0.3035714285714285476, 0.3214285714285714524, 0.3392857142857143016, 0.3571428571428571508, 0.3750000000000000000, 0.3928571428571428492, 0.4107142857142856984, 0.4285714285714285476, 0.4464285714285714524, 0.4642857142857143016, 0.4821428571428571508, 0.5000000000000000000, 0.5178571428571429047, 0.5357142857142856984, 0.5535714285714286031, 0.5714285714285713969, 0.5892857142857143016, 0.6071428571428570953, 0.6250000000000000000, 0.6428571428571429047, 0.6607142857142856984, 0.6785714285714286031, 0.6964285714285713969, 0.7142857142857143016, 0.7321428571428570953, 0.7500000000000000000, 0.7678571428571429047, 0.7857142857142856984, 0.8035714285714286031, 0.8214285714285713969, 0.8392857142857143016, 0.8571428571428570953, 0.8750000000000000000, 0.8928571428571429047, 0.9107142857142856984, 0.9285714285714286031, 0.9464285714285713969, 0.9642857142857143016, 0.9821428571428570953, 1.000000000000000000 ),
 .UNSPECIFIED. ) 
 GEOMETRIC_REPRESENTATION_ITEM ( )  RATIONAL_B_SPLINE_SURFACE ( (
 ( 1.000000000000000000, 0.9238795325112867385, 1.000000000000000000, 0.9238795325112867385, 1.000000000000000000, 0.9238795325112867385, 1.000000000000000000, 0.9238795325112867385, 1.000000000000000000, 0.9238795325112867385, 1.000000000000000000, 0.9238795325112867385, 1.000000000000000000, 0.9238795325112867385, 1.000000000000000000, 0.9238795325112867385, 1.000000000000000000, 0.9238795325112867385, 1.000000000000000000, 0.9238795325112867385, 1.000000000000000000, 0.9238795325112867385, 1.000000000000000000, 0.9238795325112867385, 1.000000000000000000, 0.9238795325112867385, 1.000000000000000000, 0.9238795325112867385, 1.000000000000000000, 0.9238795325112867385, 1.000000000000000000, 0.9238795325112867385, 1.000000000000000000, 0.9238795325112867385, 1.000000000000000000, 0.9238795325112867385, 1.000000000000000000, 0.9238795325112867385, 1.000000000000000000, 0.9238795325112867385, 1.000000000000000000, 0.9238795325112867385, 1.000000000000000000, 0.9238795325112867385, 1.000000000000000000, 0.9238795325112867385, 1.000000000000000000, 0.9238795325112867385, 1.000000000000000000, 0.9238795325112867385, 1.000000000000000000, 0.9238795325112867385, 1.000000000000000000, 0.9238795325112867385, 1.000000000000000000, 0.9238795325112867385, 1.000000000000000000, 0.9238795325112867385, 1.000000000000000000, 0.9238795325112867385, 1.000000000000000000, 0.9238795325112867385, 1.000000000000000000, 0.9238795325112867385, 1.000000000000000000, 0.9238795325112867385, 1.000000000000000000, 0.9238795325112867385, 1.000000000000000000, 0.9238795325112867385, 1.000000000000000000, 0.9238795325112867385, 1.000000000000000000, 0.9238795325112867385, 1.000000000000000000, 0.9238795325112867385, 1.000000000000000000, 0.9238795325112867385, 1.000000000000000000, 0.9238795325112867385, 1.000000000000000000, 0.9238795325112867385, 1.000000000000000000, 0.9238795325112867385, 1.000000000000000000, 0.9238795325112867385, 1.000000000000000000, 0.9238795325112867385, 1.000000000000000000, 0.9238795325112867385, 1.000000000000000000, 0.9238795325112867385, 1.000000000000000000, 0.9238795325112867385, 1.000000000000000000, 0.9238795325112867385, 1.000000000000000000, 0.9238795325112867385, 1.000000000000000000, 0.9238795325112867385, 1.000000000000000000, 0.9238795325112867385, 1.000000000000000000, 0.9238795325112867385, 1.000000000000000000, 0.9238795325112867385, 1.000000000000000000, 0.9238795325112867385, 1.000000000000000000, 0.9238795325112867385, 1.000000000000000000, 0.9238795325112867385, 1.000000000000000000),
 ( 1.000000000000000000, 0.9238795325112867385, 1.000000000000000000, 0.9238795325112867385, 1.000000000000000000, 0.9238795325112867385, 1.000000000000000000, 0.9238795325112867385, 1.000000000000000000, 0.9238795325112867385, 1.000000000000000000, 0.9238795325112867385, 1.000000000000000000, 0.9238795325112867385, 1.000000000000000000, 0.9238795325112867385, 1.000000000000000000, 0.9238795325112867385, 1.000000000000000000, 0.9238795325112867385, 1.000000000000000000, 0.9238795325112867385, 1.000000000000000000, 0.9238795325112867385, 1.000000000000000000, 0.9238795325112867385, 1.000000000000000000, 0.9238795325112867385, 1.000000000000000000, 0.9238795325112867385, 1.000000000000000000, 0.9238795325112867385, 1.000000000000000000, 0.9238795325112867385, 1.000000000000000000, 0.9238795325112867385, 1.000000000000000000, 0.9238795325112867385, 1.000000000000000000, 0.9238795325112867385, 1.000000000000000000, 0.9238795325112867385, 1.000000000000000000, 0.9238795325112867385, 1.000000000000000000, 0.9238795325112867385, 1.000000000000000000, 0.9238795325112867385, 1.000000000000000000, 0.9238795325112867385, 1.000000000000000000, 0.9238795325112867385, 1.000000000000000000, 0.9238795325112867385, 1.000000000000000000, 0.9238795325112867385, 1.000000000000000000, 0.9238795325112867385, 1.000000000000000000, 0.9238795325112867385, 1.000000000000000000, 0.9238795325112867385, 1.000000000000000000, 0.9238795325112867385, 1.000000000000000000, 0.9238795325112867385, 1.000000000000000000, 0.9238795325112867385, 1.000000000000000000, 0.9238795325112867385, 1.000000000000000000, 0.9238795325112867385, 1.000000000000000000, 0.9238795325112867385, 1.000000000000000000, 0.9238795325112867385, 1.000000000000000000, 0.9238795325112867385, 1.000000000000000000, 0.9238795325112867385, 1.000000000000000000, 0.9238795325112867385, 1.000000000000000000, 0.9238795325112867385, 1.000000000000000000, 0.9238795325112867385, 1.000000000000000000, 0.9238795325112867385, 1.000000000000000000, 0.9238795325112867385, 1.000000000000000000, 0.9238795325112867385, 1.000000000000000000, 0.9238795325112867385, 1.000000000000000000, 0.9238795325112867385, 1.000000000000000000, 0.9238795325112867385, 1.000000000000000000, 0.9238795325112867385, 1.000000000000000000, 0.9238795325112867385, 1.000000000000000000, 0.9238795325112867385, 1.000000000000000000, 0.9238795325112867385, 1.000000000000000000, 0.9238795325112867385, 1.000000000000000000, 0.9238795325112867385, 1.000000000000000000, 0.9238795325112867385, 1.000000000000000000) ) ) 
 REPRESENTATION_ITEM ( '' )  SURFACE ( )  );
#1722 = CARTESIAN_POINT ( 'NONE',  ( -1.265060653844735095, 3.054126587736527565, -5.031250000000000888 ) ) ;
#1723 = CARTESIAN_POINT ( 'NONE',  ( 5.000000000000001776, -1.936168969099237636, -0.1973388672538639310 ) ) ;
#1724 = PERSON_AND_ORGANIZATION ( #1556, #2187 ) ;
#1725 = CARTESIAN_POINT ( 'NONE',  ( 2.350480947161668777, 1.439254484199188393E-16, 0.1249999999999998890 ) ) ;
#1726 = CARTESIAN_POINT ( 'NONE',  ( 2.159593620790630109, -2.159593620790630109, -4.406250000000000000 ) ) ;
#1727 = CARTESIAN_POINT ( 'NONE',  ( 2.999999999999999556, 1.242640687119285658, -4.187500000000000888 ) ) ;
#1728 = CARTESIAN_POINT ( 'NONE',  ( -1.662041016787795478, 1.662041016787794590, -6.375000000000000888 ) ) ;
#1729 = EDGE_CURVE ( 'NONE', #599, #1197, #568, .T. ) ;
#1730 = CARTESIAN_POINT ( 'NONE',  ( -2.350480947161667888, -0.9736010864139229559, -0.1875000000000001110 ) ) ;
#1731 = CARTESIAN_POINT ( 'NONE',  ( 0.000000000000000000, 2.350480947161668777, -2.625000000000000000 ) ) ;
#1732 = CARTESIAN_POINT ( 'NONE',  ( 1.929134602096949314, 1.350494717238015951, -0.7577722283113861312 ) ) ;
#1733 = EDGE_CURVE ( 'NONE', #1971, #390, #1061, .T. ) ;
#1734 = ORIENTED_EDGE ( 'NONE', *, *, #1815, .T. ) ;
#1735 = CARTESIAN_POINT ( 'NONE',  ( -2.121320343559642829, -2.121320343559643273, -0.6249999999999997780 ) ) ;
#1736 = CARTESIAN_POINT ( 'NONE',  ( -2.159593620790630109, -2.159593620790630997, -5.718750000000000888 ) ) ;
#1737 = EDGE_CURVE ( 'NONE', #1291, #1033, #1142, .T. ) ;
#1738 = CARTESIAN_POINT ( 'NONE',  ( -2.215396570016383127, -1.139480783207112990, -5.376915098495564038 ) ) ;
#1739 = CARTESIAN_POINT ( 'NONE',  ( 2.074714256722480332, -4.575665857285979854, -0.01055556052338962186 ) ) ;
#1740 = DIRECTION ( 'NONE',  ( 0.000000000000000000, 0.000000000000000000, 1.000000000000000000 ) ) ;
#1741 = CARTESIAN_POINT ( 'NONE',  ( -2.350480947161667888, -0.9736010864139229559, -1.312500000000000222 ) ) ;
#1742 = CARTESIAN_POINT ( 'NONE',  ( 3.000000000000000444, 1.836970198721030427E-16, -2.375000000000001332 ) ) ;
#1743 = CARTESIAN_POINT ( 'NONE',  ( 0.000000000000000000, 2.350480947161668777, -1.625000000000000222 ) ) ;
#1744 = CARTESIAN_POINT ( 'NONE',  ( 1.605250353823338472, -2.262828569873198248, -5.659947283038594179 ) ) ;
#1745 = ORIENTED_EDGE ( 'NONE', *, *, #746, .T. ) ;
#1746 = CARTESIAN_POINT ( 'NONE',  ( 2.121320343559642385, 2.121320343559642829, -3.250000000000001332 ) ) ;
#1747 = CARTESIAN_POINT ( 'NONE',  ( -1.265060653844732208, -3.054126587736529341, -5.656250000000000888 ) ) ;
#1748 = CARTESIAN_POINT ( 'NONE',  ( 1.242640687119285881, -3.000000000000000888, -0.5625000000000008882 ) ) ;
#1749 = CARTESIAN_POINT ( 'NONE',  ( 2.350480947161668777, 1.439254484199188393E-16, -1.875000000000000444 ) ) ;
#1750 = DIRECTION ( 'NONE',  ( 1.000000000000000000, 0.000000000000000000, 0.000000000000000000 ) ) ;
#1751 = VECTOR ( 'NONE', #708, 1000.000000000000000 ) ;
#1752 = CARTESIAN_POINT ( 'NONE',  ( -1.662041016787795478, 1.662041016787794590, -4.375000000000000000 ) ) ;
#1753 = CIRCLE ( 'NONE', #702, 5.000000000000000000 ) ;
#1754 = CARTESIAN_POINT ( 'NONE',  ( 2.347425592166871855, -0.1198072293729677829, -0.7577722283116762325 ) ) ;
#1755 = AXIS2_PLACEMENT_3D ( 'NONE', #1116, #974, #752 ) ;
#1756 = CARTESIAN_POINT ( 'NONE',  ( 1.662041016787795034, 1.662041016787795256, -1.625000000000000222 ) ) ;
#1757 = CARTESIAN_POINT ( 'NONE',  ( 2.878508968398376785E-16, -2.350480947161668777, -4.125000000000000000 ) ) ;
#1758 = CARTESIAN_POINT ( 'NONE',  ( -0.3107345477371949993, -2.830490567429362780, -5.733264833117350356 ) ) ;
#1759 = ORIENTED_EDGE ( 'NONE', *, *, #1279, .T. ) ;
#1760 = CARTESIAN_POINT ( 'NONE',  ( 3.000000000000003553, 1.242640687119282550, -3.312500000000001776 ) ) ;
#1761 = CARTESIAN_POINT ( 'NONE',  ( -2.350480947161668777, -4.317763452597564685E-16, -0.2500000000000002220 ) ) ;
#1762 = CARTESIAN_POINT ( 'NONE',  ( -3.108253175473056906, 0.000000000000000000, -6.000000000000000888 ) ) ;
#1763 = CARTESIAN_POINT ( 'NONE',  ( 2.552937251871568285E-15, -5.773502691896258199, -0.4465819873852021060 ) ) ;
#1764 = DIRECTION ( 'NONE',  ( -1.000000000000000000, 0.000000000000000000, 0.000000000000000000 ) ) ;
#1765 = CARTESIAN_POINT ( 'NONE',  ( 0.000000000000000000, 3.000000000000000444, -5.000000000000000888 ) ) ;
#1766 = CARTESIAN_POINT ( 'NONE',  ( 0.000000000000000000, 2.350480947161668777, -2.500000000000000000 ) ) ;
#1767 = CARTESIAN_POINT ( 'NONE',  ( 2.350480947161668777, -0.9736010864139215126, -5.937500000000000000 ) ) ;
#1768 = ORIENTED_EDGE ( 'NONE', *, *, #973, .T. ) ;
#1769 = LINE ( 'NONE', #1779, #964 ) ;
#1770 = CARTESIAN_POINT ( 'NONE',  ( -5.000000000000000000, 2.419902172505825177, -0.3118142394062685674 ) ) ;
#1771 = CARTESIAN_POINT ( 'NONE',  ( -1.662041016787795034, -1.662041016787795478, -2.125000000000000000 ) ) ;
#1772 = CARTESIAN_POINT ( 'NONE',  ( -1.242640687119284770, -3.000000000000001776, -0.6875000000000009992 ) ) ;
#1773 = DIRECTION ( 'NONE',  ( 0.000000000000000000, 0.000000000000000000, 1.000000000000000000 ) ) ;
#1774 = DIRECTION ( 'NONE',  ( 0.000000000000000000, 0.000000000000000000, 1.000000000000000000 ) ) ;
#1775 = CARTESIAN_POINT ( 'NONE',  ( -2.350480947161668777, -4.317763452597564685E-16, -2.250000000000000000 ) ) ;
#1776 = CARTESIAN_POINT ( 'NONE',  ( 2.350480947161668777, 0.9736010864139216237, -5.812500000000000000 ) ) ;
#1777 = CARTESIAN_POINT ( 'NONE',  ( 3.108253175473056906, 0.000000000000000000, 0.000000000000000000 ) ) ;
#1778 = VERTEX_POINT ( 'NONE', #1931 ) ;
#1779 = CARTESIAN_POINT ( 'NONE',  ( -3.000000000000000444, 3.673940397442060361E-16, -4.810000000000000497 ) ) ;
#1780 = CARTESIAN_POINT ( 'NONE',  ( -5.000000000000000000, 0.000000000000000000, 0.000000000000000000 ) ) ;
#1781 = CARTESIAN_POINT ( 'NONE',  ( -1.662041016787795478, 1.662041016787794590, -3.375000000000000444 ) ) ;
#1782 = B_SPLINE_CURVE_WITH_KNOTS ( 'NONE', 3,
 ( #1162, #1915, #1522, #809, #47, #983 ),
 .UNSPECIFIED., .F., .F.,
 ( 4, 2, 4 ),
 ( 0.005267332023801462974, 0.006728089284217156352, 0.008188846544632850596 ),
 .UNSPECIFIED. ) ;
#1783 = EDGE_CURVE ( 'NONE', #952, #2359, #898, .T. ) ;
#1784 = DIRECTION ( 'NONE',  ( 1.000000000000000000, 3.004629197474320528E-16, -0.000000000000000000 ) ) ;
#1785 = ORIENTED_EDGE ( 'NONE', *, *, #1737, .F. ) ;
#1786 = ADVANCED_FACE ( 'NONE', ( #76 ), #823, .T. ) ;
#1787 = CARTESIAN_POINT ( 'NONE',  ( -0.9736010864139230669, 2.350480947161667888, -0.5625000000000001110 ) ) ;
#1788 = CARTESIAN_POINT ( 'NONE',  ( 2.350480947161668777, 0.9041080739496781815, -0.8169610809700439402 ) ) ;
#1789 = AXIS2_PLACEMENT_3D ( 'NONE', #1437, #512, #488 ) ;
#1790 = CARTESIAN_POINT ( 'NONE',  ( 2.350480947161668777, 0.9736010864139216237, -3.812500000000000444 ) ) ;
#1791 = CARTESIAN_POINT ( 'NONE',  ( 5.000000000000000000, 1.502314598737160412E-15, 0.000000000000000000 ) ) ;
#1792 = B_SPLINE_CURVE_WITH_KNOTS ( 'NONE', 3,
 ( #1625, #121, #1605, #2370 ),
 .UNSPECIFIED., .F., .F.,
 ( 4, 4 ),
 ( 2.380735200833533069E-07, 0.002921158011986714226 ),
 .UNSPECIFIED. ) ;
#1793 = CC_DESIGN_APPROVAL ( #229, ( #543 ) ) ;
#1794 = VERTEX_POINT ( 'NONE', #329 ) ;
#1795 = CARTESIAN_POINT ( 'NONE',  ( 1.242640687119285658, -2.999999999999999556, -2.437500000000000000 ) ) ;
#1796 = DIRECTION ( 'NONE',  ( -0.000000000000000000, -0.000000000000000000, 1.000000000000000000 ) ) ;
#1797 = CARTESIAN_POINT ( 'NONE',  ( -5.000000000000000000, -2.886751345948130432, -4.810000000000000497 ) ) ;
#1798 = PERSON_AND_ORGANIZATION ( #1556, #2187 ) ;
#1799 = EDGE_LOOP ( 'NONE', ( #676, #448, #1692, #810, #222, #832, #1677, #2323 ) ) ;
#1800 = CARTESIAN_POINT ( 'NONE',  ( 2.878508968398376785E-16, -2.350480947161668777, -1.125000000000000222 ) ) ;
#1801 =( BOUNDED_CURVE ( )  B_SPLINE_CURVE ( 2, ( #433, #1026, #1178 ),
 .UNSPECIFIED., .F., .F. ) 
 B_SPLINE_CURVE_WITH_KNOTS ( ( 3, 3 ),
 ( 0.03320156566330834114, 0.03571428571428574700 ),
 .UNSPECIFIED. ) 
 CURVE ( )  GEOMETRIC_REPRESENTATION_ITEM ( )  RATIONAL_B_SPLINE_CURVE ( ( 0.9815921884942188091, 0.9892889122028750704, 1.000000000000000222 ) ) 
 REPRESENTATION_ITEM ( '' )  );
#1802 = CARTESIAN_POINT ( 'NONE',  ( 2.350480947161668777, 1.439254484199188393E-16, -1.875000000000000444 ) ) ;
#1803 = CARTESIAN_POINT ( 'NONE',  ( 0.9736010864139216237, -2.350480947161668777, -5.062500000000001776 ) ) ;
#1804 = CARTESIAN_POINT ( 'NONE',  ( -2.121320343559642829, -2.121320343559643273, -3.624999999999999556 ) ) ;
#1805 = EDGE_CURVE ( 'NONE', #736, #2340, #1792, .T. ) ;
#1806 = CARTESIAN_POINT ( 'NONE',  ( 2.350480947161668777, 1.439254484199188393E-16, -4.875000000000000888 ) ) ;
#1807 = CARTESIAN_POINT ( 'NONE',  ( -2.999999999999999556, -1.242640687119287213, -5.687500000000000000 ) ) ;
#1808 = CARTESIAN_POINT ( 'NONE',  ( -2.350480947161667888, -0.9736010864139229559, -3.187500000000000444 ) ) ;
#1809 = CARTESIAN_POINT ( 'NONE',  ( 0.000000000000000000, 0.000000000000000000, -4.810000000000000497 ) ) ;
#1810 = CARTESIAN_POINT ( 'NONE',  ( -1.662041016787795034, -1.662041016787795478, -4.250000000000000000 ) ) ;
#1811 = ORIENTED_EDGE ( 'NONE', *, *, #639, .T. ) ;
#1812 = CARTESIAN_POINT ( 'NONE',  ( 0.9736010864139216237, 2.350480947161668777, -2.562500000000000444 ) ) ;
#1813 = CARTESIAN_POINT ( 'NONE',  ( 1.265060653844732430, 3.054126587736528009, -1.093750000000000222 ) ) ;
#1814 = CARTESIAN_POINT ( 'NONE',  ( 2.337342893331230353, 0.9430136577608591031, -0.5947592991734642620 ) ) ;
#1815 = EDGE_CURVE ( 'NONE', #2334, #599, #701, .T. ) ;
#1816 = CARTESIAN_POINT ( 'NONE',  ( -2.350480947161668777, -4.317763452597564685E-16, -6.375000000000000888 ) ) ;
#1817 = CARTESIAN_POINT ( 'NONE',  ( -5.000000000000000000, 1.947066425606690299, -0.1996307262052903764 ) ) ;
#1818 = CARTESIAN_POINT ( 'NONE',  ( 0.9736010864139217347, -2.350480947161668777, -0.9375000000000001110 ) ) ;
#1819 = DIRECTION ( 'NONE',  ( 0.000000000000000000, 0.000000000000000000, 1.000000000000000000 ) ) ;
#1820 = ORIENTED_EDGE ( 'NONE', *, *, #675, .F. ) ;
#1821 = CARTESIAN_POINT ( 'NONE',  ( 2.350480947161668777, 0.9736010864139217347, -2.812500000000000888 ) ) ;
#1822 = CARTESIAN_POINT ( 'NONE',  ( 3.054126587736528009, -1.265060653844732430, -1.343750000000000000 ) ) ;
#1823 = CARTESIAN_POINT ( 'NONE',  ( -2.065856626763399984, -1.689603889926475144, -0.4455055906564325818 ) ) ;
#1824 = CARTESIAN_POINT ( 'NONE',  ( 0.9736010864139216237, -2.350480947161668777, -1.937500000000000222 ) ) ;
#1825 = VECTOR ( 'NONE', #216, 1000.000000000000114 ) ;
#1826 = CARTESIAN_POINT ( 'NONE',  ( 1.393698631401926846, 1.934182419673347253, -0.7370779734571653030 ) ) ;
#1827 = CARTESIAN_POINT ( 'NONE',  ( -2.161709560903458005, 2.016082789349194382, -5.840183191712798205 ) ) ;
#1828 = LOCAL_TIME ( 15, 43, 59.00000000000000000, #479 ) ;
#1829 = CARTESIAN_POINT ( 'NONE',  ( 0.9736010864139217347, -2.350480947161668777, -3.937500000000000888 ) ) ;
#1830 = CARTESIAN_POINT ( 'NONE',  ( -1.265060653844732208, -3.054126587736529341, 0.3437499999999992228 ) ) ;
#1831 = CC_DESIGN_PERSON_AND_ORGANIZATION_ASSIGNMENT ( #1049, #344, ( #2265 ) ) ;
#1832 = EDGE_CURVE ( 'NONE', #2153, #1291, #569, .T. ) ;
#1833 = ORIENTED_EDGE ( 'NONE', *, *, #339, .T. ) ;
#1834 = CARTESIAN_POINT ( 'NONE',  ( -0.9736010864139209575, -2.350480947161669221, -3.187500000000000444 ) ) ;
#1835 = ORIENTED_EDGE ( 'NONE', *, *, #2414, .F. ) ;
#1836 = CARTESIAN_POINT ( 'NONE',  ( 2.350480947161668777, 0.9736010864139216237, -4.687500000000000888 ) ) ;
#1837 = CARTESIAN_POINT ( 'NONE',  ( -3.054126587736527565, 1.265060653844732874, -2.843750000000000000 ) ) ;
#1838 = DIRECTION ( 'NONE',  ( -0.7071067811865487940, 8.659560562354948882E-17, 0.7071067811865463515 ) ) ;
#1839 = CARTESIAN_POINT ( 'NONE',  ( -2.350480947161667888, 0.9736010864139219567, -4.312500000000000888 ) ) ;
#1840 = CARTESIAN_POINT ( 'NONE',  ( 3.000000000000000444, 1.836970198721030181E-16, -0.2499999999999998335 ) ) ;
#1841 = CARTESIAN_POINT ( 'NONE',  ( -2.879371946263444393, -0.7298374874676499813, -5.856453613868894514 ) ) ;
#1842 = ORIENTED_EDGE ( 'NONE', *, *, #639, .F. ) ;
#1843 = ADVANCED_FACE ( 'NONE', ( #318 ), #1081, .T. ) ;
#1844 = CARTESIAN_POINT ( 'NONE',  ( -2.301341966803112982, -1.022740066772477530, -5.183038919029955061 ) ) ;
#1845 = CARTESIAN_POINT ( 'NONE',  ( 3.054126587736528453, 1.265060653844732652, -1.281250000000000666 ) ) ;
#1846 = CARTESIAN_POINT ( 'NONE',  ( -1.575164050230557500, -1.744597058873849527, -5.242227771688617644 ) ) ;
#1847 = CARTESIAN_POINT ( 'NONE',  ( 3.054126587736528009, 1.870113174931183622E-16, -4.281250000000000000 ) ) ;
#1848 = CARTESIAN_POINT ( 'NONE',  ( 1.802705085617884118, -2.178434602441974732, -0.2864498962510711455 ) ) ;
#1849 = CARTESIAN_POINT ( 'NONE',  ( 2.878508968398376785E-16, -2.350480947161668777, -2.000000000000000000 ) ) ;
#1850 = CARTESIAN_POINT ( 'NONE',  ( 2.999999999999993783, -1.242640687119291210, -1.437500000000001332 ) ) ;
#1851 = CYLINDRICAL_SURFACE ( 'NONE', #1361, 3.000000000000000444 ) ;
#1852 = ORIENTED_EDGE ( 'NONE', *, *, #2239, .F. ) ;
#1853 = CARTESIAN_POINT ( 'NONE',  ( -1.793337941761890653, -1.527118602146002369, -5.242227771688633631 ) ) ;
#1854 = CARTESIAN_POINT ( 'NONE',  ( -3.054126587736528453, -5.610339524793551605E-16, -2.843750000000000888 ) ) ;
#1855 = CARTESIAN_POINT ( 'NONE',  ( 2.347425592166871855, -0.1198072293729677829, -0.7577722283116762325 ) ) ;
#1856 = ADVANCED_FACE ( 'NONE', ( #871 ), #1615, .F. ) ;
#1857 = CARTESIAN_POINT ( 'NONE',  ( -2.159593620790630553, 2.159593620790629664, -2.906250000000000000 ) ) ;
#1858 = CARTESIAN_POINT ( 'NONE',  ( 2.531696470842811131, -1.377049954766589757, -0.2486673588212206243 ) ) ;
#1859 = CARTESIAN_POINT ( 'NONE',  ( 3.000000000000000444, 1.836970198721030427E-16, -5.375000000000000888 ) ) ;
#1860 = CC_DESIGN_DATE_AND_TIME_ASSIGNMENT ( #1637, #2372, ( #2265 ) ) ;
#1861 = CARTESIAN_POINT ( 'NONE',  ( 2.121320343559642829, -2.121320343559642385, -4.500000000000001776 ) ) ;
#1862 = CARTESIAN_POINT ( 'NONE',  ( 0.000000000000000000, 0.000000000000000000, -4.810000000000000497 ) ) ;
#1863 = EDGE_LOOP ( 'NONE', ( #2389, #2270, #2201, #276 ) ) ;
#1864 = CIRCLE ( 'NONE', #1631, 3.108253175473056906 ) ;
#1865 = CARTESIAN_POINT ( 'NONE',  ( 2.045233499902095797, 2.195826431609381402, -0.1155303967760489825 ) ) ;
#1866 = CARTESIAN_POINT ( 'NONE',  ( 2.159593620790630109, 2.159593620790630553, -1.218750000000000888 ) ) ;
#1867 = VECTOR ( 'NONE', #2160, 1000.000000000000000 ) ;
#1868 = DIRECTION ( 'NONE',  ( -1.000000000000000000, 0.000000000000000000, 0.000000000000000000 ) ) ;
#1869 = CARTESIAN_POINT ( 'NONE',  ( 3.108253175473056906, 0.000000000000000000, 0.000000000000000000 ) ) ;
#1870 = CARTESIAN_POINT ( 'NONE',  ( 0.000000000000000000, 0.000000000000000000, 0.000000000000000000 ) ) ;
#1871 = CARTESIAN_POINT ( 'NONE',  ( -2.350480947161668777, -4.317763452597564685E-16, -6.250000000000000000 ) ) ;
#1872 = CARTESIAN_POINT ( 'NONE',  ( -0.4812399483533463251, 2.419153239090582108, -0.6542347390432041720 ) ) ;
#1873 = FACE_OUTER_BOUND ( 'NONE', #1353, .T. ) ;
#1874 = EDGE_CURVE ( 'NONE', #1583, #1342, #395, .T. ) ;
#1875 = EDGE_CURVE ( 'NONE', #2254, #1342, #514, .T. ) ;
#1876 = EDGE_LOOP ( 'NONE', ( #2232, #918, #691, #35, #723 ) ) ;
#1877 = EDGE_LOOP ( 'NONE', ( #366, #298, #1390, #516, #1719 ) ) ;
#1878 = FACE_OUTER_BOUND ( 'NONE', #1188, .T. ) ;
#1879 = CARTESIAN_POINT ( 'NONE',  ( -3.054126587736528453, -5.610339524793551605E-16, -0.8437500000000007772 ) ) ;
#1880 = CARTESIAN_POINT ( 'NONE',  ( -0.6840223680089321245, 2.395883625148757190, -5.377910041304078348 ) ) ;
#1881 = CARTESIAN_POINT ( 'NONE',  ( 3.054126587736528009, -1.265060653844732430, -5.343750000000000000 ) ) ;
#1882 = LINE ( 'NONE', #2082, #1825 ) ;
#1883 = CARTESIAN_POINT ( 'NONE',  ( -2.121320343559642829, -2.121320343559643273, -1.625000000000000000 ) ) ;
#1884 = CARTESIAN_POINT ( 'NONE',  ( -2.350480947161667888, -0.9736010864139229559, -2.312500000000000888 ) ) ;
#1885 = CARTESIAN_POINT ( 'NONE',  ( 0.6107021805399571734, -2.748392176483074323, -5.700998125193273758 ) ) ;
#1886 = ORIENTED_EDGE ( 'NONE', *, *, #2312, .T. ) ;
#1887 = EDGE_CURVE ( 'NONE', #499, #1626, #2105, .T. ) ;
#1888 = VERTEX_POINT ( 'NONE', #884 ) ;
#1889 = CARTESIAN_POINT ( 'NONE',  ( 2.198516438464698464, 2.031992172266159802, -0.1225490274191951834 ) ) ;
#1890 = CARTESIAN_POINT ( 'NONE',  ( 1.265060653844732430, 3.054126587736528453, -3.156250000000001776 ) ) ;
#1891 = B_SPLINE_CURVE_WITH_KNOTS ( 'NONE', 3,
 ( #1280, #185, #2220, #2057, #916, #709, #1101, #1644 ),
 .UNSPECIFIED., .F., .F.,
 ( 4, 2, 2, 4 ),
 ( 0.002921158011986714226, 0.003648658599403069216, 0.004376159186819423771, 0.005831160361652133750 ),
 .UNSPECIFIED. ) ;
#1892 = CARTESIAN_POINT ( 'NONE',  ( -3.000000000000000444, -5.510910596163090542E-16, -1.875000000000000888 ) ) ;
#1893 = CONICAL_SURFACE ( 'NONE', #418, 3.108253175473056906, 0.7853981633974500554 ) ;
#1894 = CARTESIAN_POINT ( 'NONE',  ( 1.265060653844732652, -3.054126587736528009, -5.468750000000000000 ) ) ;
#1895 = CARTESIAN_POINT ( 'NONE',  ( 3.108253175473056906, 3.806512302282675605E-16, -6.000000000000000888 ) ) ;
#1896 = CARTESIAN_POINT ( 'NONE',  ( -2.999999999999997335, -1.242640687119290099, -5.812500000000001776 ) ) ;
#1897 = CARTESIAN_POINT ( 'NONE',  ( 0.9736010864139216237, -2.350480947161668777, -1.937500000000000000 ) ) ;
#1898 = CARTESIAN_POINT ( 'NONE',  ( 2.350480947161668777, 0.9736010864139216237, 0.1874999999999998890 ) ) ;
#1899 = DIRECTION ( 'NONE',  ( 0.000000000000000000, 0.000000000000000000, -1.000000000000000000 ) ) ;
#1900 = EDGE_LOOP ( 'NONE', ( #1329, #1454, #876, #2076 ) ) ;
#1901 = ORIENTED_EDGE ( 'NONE', *, *, #1213, .T. ) ;
#1902 = DIRECTION ( 'NONE',  ( 1.000000000000000000, 0.000000000000000000, 0.000000000000000000 ) ) ;
#1903 = CARTESIAN_POINT ( 'NONE',  ( 3.054126587736528453, -1.265060653844732430, -5.406250000000001776 ) ) ;
#1904 = AXIS2_PLACEMENT_3D ( 'NONE', #1136, #1328, #2059 ) ;
#1905 = ADVANCED_FACE ( 'NONE', ( #2381 ), #1299, .T. ) ;
#1906 = CARTESIAN_POINT ( 'NONE',  ( -3.556264818047075948, -3.720292241887183327, -0.08165819712374543238 ) ) ;
#1907 = AXIS2_PLACEMENT_3D ( 'NONE', #457, #1398, #67 ) ;
#1908 = CARTESIAN_POINT ( 'NONE',  ( -2.252903421609731449, 0.8156618308872793932, -5.282096634005885250 ) ) ;
#1909 = CARTESIAN_POINT ( 'NONE',  ( 2.350480947161668777, 1.439254484199188393E-16, -5.750000000000000888 ) ) ;
#1910 = CARTESIAN_POINT ( 'NONE',  ( -3.054126587736527565, 1.265060653844732874, -4.843750000000000000 ) ) ;
#1911 = CARTESIAN_POINT ( 'NONE',  ( -3.000000000000000444, 3.673940397442060361E-16, -4.810000000000000497 ) ) ;
#1912 = CARTESIAN_POINT ( 'NONE',  ( -2.350480947161667888, 0.9736010864139219567, -6.312500000000000888 ) ) ;
#1913 = CARTESIAN_POINT ( 'NONE',  ( 2.350480947161668777, -0.9736010864139215126, 0.1874999999999998890 ) ) ;
#1914 = CARTESIAN_POINT ( 'NONE',  ( 1.662041016787795256, -1.662041016787795034, -3.000000000000000000 ) ) ;
#1915 = CARTESIAN_POINT ( 'NONE',  ( -4.999999999999999112, -2.416904828873453592, -0.3109489808297350999 ) ) ;
#1916 = VERTEX_POINT ( 'NONE', #384 ) ;
#1917 = CARTESIAN_POINT ( 'NONE',  ( 3.000000000000000444, 1.836970198721030181E-16, -0.2499999999999998335 ) ) ;
#1918 = CARTESIAN_POINT ( 'NONE',  ( -3.054126587736528453, -5.610339524793551605E-16, -5.843750000000000888 ) ) ;
#1919 = EDGE_CURVE ( 'NONE', #1342, #524, #127, .T. ) ;
#1920 = CARTESIAN_POINT ( 'NONE',  ( 2.500000000000001776, -4.330127018922192761, 0.000000000000000000 ) ) ;
#1921 = CARTESIAN_POINT ( 'NONE',  ( -5.000000000000000000, 2.886751345948126879, -4.810000000000000497 ) ) ;
#1922 = CARTESIAN_POINT ( 'NONE',  ( 2.878508968398376785E-16, -2.350480947161668777, -0.1250000000000001110 ) ) ;
#1923 = CARTESIAN_POINT ( 'NONE',  ( -1.265060653844731764, -3.054126587736528897, -6.593749999999999112 ) ) ;
#1924 = CARTESIAN_POINT ( 'NONE',  ( 3.000000000000000444, 1.836970198721030427E-16, -2.375000000000001332 ) ) ;
#1925 = CARTESIAN_POINT ( 'NONE',  ( -2.350480947161667888, -0.9736010864139229559, -1.187500000000000444 ) ) ;
#1926 = FACE_OUTER_BOUND ( 'NONE', #1548, .T. ) ;
#1927 = CARTESIAN_POINT ( 'NONE',  ( -2.256291537035524986, -1.861785321705994978, -5.811137903313802866 ) ) ;
#1928 = ORIENTED_EDGE ( 'NONE', *, *, #889, .F. ) ;
#1929 = CARTESIAN_POINT ( 'NONE',  ( -3.000000000000000444, 3.673940397442060361E-16, -4.810000000000000497 ) ) ;
#1930 = CARTESIAN_POINT ( 'NONE',  ( 3.054126587736528453, 1.265060653844732652, -4.281250000000001776 ) ) ;
#1931 = CARTESIAN_POINT ( 'NONE',  ( -7.099999999999999645, 8.694992273946207746E-16, -4.810000000000000497 ) ) ;
#1932 = DIRECTION ( 'NONE',  ( 1.000000000000000000, 0.000000000000000000, 0.000000000000000000 ) ) ;
#1933 = CARTESIAN_POINT ( 'NONE',  ( -0.9736010864139209575, -2.350480947161669221, -1.062500000000000222 ) ) ;
#1934 = CYLINDRICAL_SURFACE ( 'NONE', #858, 3.000000000000000444 ) ;
#1935 = CARTESIAN_POINT ( 'NONE',  ( 2.350480947161668777, 0.9736010864139216237, -0.6875000000000002220 ) ) ;
#1936 = CARTESIAN_POINT ( 'NONE',  ( 2.350480947161668777, 1.439254484199188393E-16, -0.8750000000000001110 ) ) ;
#1937 = CARTESIAN_POINT ( 'NONE',  ( -3.000000000000000444, -5.510910596163089556E-16, -2.750000000000000000 ) ) ;
#1938 = PRODUCT_RELATED_PRODUCT_CATEGORY ( 'detail', '', ( #1718 ) ) ;
#1939 = ORIENTED_EDGE ( 'NONE', *, *, #2071, .F. ) ;
#1940 = CARTESIAN_POINT ( 'NONE',  ( 2.159593620790630109, 2.159593620790630553, -5.218750000000000888 ) ) ;
#1941 = CARTESIAN_POINT ( 'NONE',  ( -1.575164050230557500, -1.744597058873849527, -5.242227771688617644 ) ) ;
#1942 = CARTESIAN_POINT ( 'NONE',  ( 0.000000000000000000, 0.000000000000000000, 0.000000000000000000 ) ) ;
#1943 = CONICAL_SURFACE ( 'NONE', #2253, 3.108253175473056906, 0.7853981633974500554 ) ;
#1944 = CARTESIAN_POINT ( 'NONE',  ( 1.662041016787795256, -1.662041016787795034, -0.8750000000000001110 ) ) ;
#1945 = APPROVAL_PERSON_ORGANIZATION ( #670, #972, #1409 ) ;
#1946 = DIRECTION ( 'NONE',  ( -1.000000000000000000, 0.000000000000000000, 0.000000000000000000 ) ) ;
#1947 = CARTESIAN_POINT ( 'NONE',  ( -2.121320343559642385, -2.121320343559643717, -2.750000000000000888 ) ) ;
#1948 = CARTESIAN_POINT ( 'NONE',  ( 0.9736010864139216237, 2.350480947161668777, -4.687500000000000888 ) ) ;
#1949 = CARTESIAN_POINT ( 'NONE',  ( 1.242640687119285658, -2.999999999999999556, -3.437499999999999556 ) ) ;
#1950 = VERTEX_POINT ( 'NONE', #1495 ) ;
#1951 = CARTESIAN_POINT ( 'NONE',  ( -0.9736010864139210685, -2.350480947161669221, -4.187500000000000000 ) ) ;
#1952 = CARTESIAN_POINT ( 'NONE',  ( -1.242640687119284770, -3.000000000000001776, -0.5625000000000000000 ) ) ;
#1953 = CARTESIAN_POINT ( 'NONE',  ( 2.350480947161668777, 0.9736010864139216237, -4.687500000000000888 ) ) ;
#1954 = CARTESIAN_POINT ( 'NONE',  ( -2.999999999999999556, -1.242640687119287213, -0.8125000000000008882 ) ) ;
#1955 = CARTESIAN_POINT ( 'NONE',  ( 3.000000000000000444, 1.836970198721030427E-16, -0.3750000000000009992 ) ) ;
#1956 =( BOUNDED_CURVE ( )  B_SPLINE_CURVE ( 2, ( #594, #55, #804, #19, #765, #2249, #582, #1325, #1336 ),
 .UNSPECIFIED., .F., .F. ) 
 B_SPLINE_CURVE_WITH_KNOTS ( ( 3, 2, 2, 2, 3 ),
 ( 0.2500000000000000000, 0.2678571428571428492, 0.2857142857142856984, 0.3035714285714284921, 0.3214285714285713969 ),
 .UNSPECIFIED. ) 
 CURVE ( )  GEOMETRIC_REPRESENTATION_ITEM ( )  RATIONAL_B_SPLINE_CURVE ( ( 1.000000000000000000, 0.9238795325112867385, 1.000000000000000000, 0.9238795325112867385, 1.000000000000000000, 0.9238795325112867385, 1.000000000000000000, 0.9238795325112869605, 0.9999999999999997780 ) ) 
 REPRESENTATION_ITEM ( '' )  );
#1957 = CARTESIAN_POINT ( 'NONE',  ( 2.350480947161668777, 0.9736010864139216237, -0.8125000000000001110 ) ) ;
#1958 = CARTESIAN_POINT ( 'NONE',  ( 2.350480947161668777, 0.9736010864139217347, -1.687500000000000666 ) ) ;
#1959 = CARTESIAN_POINT ( 'NONE',  ( -3.000000000000000444, -5.510910596163089556E-16, -4.750000000000000000 ) ) ;
#1960 = CARTESIAN_POINT ( 'NONE',  ( 1.662041016787795256, -1.662041016787795034, -5.000000000000000888 ) ) ;
#1961 = CARTESIAN_POINT ( 'NONE',  ( 3.673940397442060361E-16, -3.000000000000000444, -3.499999999999999556 ) ) ;
#1962 = VERTEX_POINT ( 'NONE', #949 ) ;
#1963 = CARTESIAN_POINT ( 'NONE',  ( 1.662041016787795256, -1.662041016787795034, -4.000000000000000000 ) ) ;
#1964 = CARTESIAN_POINT ( 'NONE',  ( -1.443735181952767510, 4.939961795957294122, -0.08165819712376919115 ) ) ;
#1965 = CARTESIAN_POINT ( 'NONE',  ( 1.662041016787795034, 1.662041016787795256, -4.625000000000000888 ) ) ;
#1966 = ADVANCED_FACE ( 'NONE', ( #791 ), #398, .T. ) ;
#1967 = EDGE_LOOP ( 'NONE', ( #2243, #785, #1696, #1138 ) ) ;
#1968 = CARTESIAN_POINT ( 'NONE',  ( -2.159593620790630997, 2.159593620790629664, 0.03124999999999926795 ) ) ;
#1969 = APPROVAL_DATE_TIME ( #1013, #972 ) ;
#1970 = VERTEX_POINT ( 'NONE', #1350 ) ;
#1971 = VERTEX_POINT ( 'NONE', #962 ) ;
#1972 =( BOUNDED_CURVE ( )  B_SPLINE_CURVE ( 2, ( #1355, #629, #1024, #1368, #2141 ),
 .UNSPECIFIED., .F., .T. ) 
 B_SPLINE_CURVE_WITH_KNOTS ( ( 3, 2, 3 ),
 ( 0.8214285714285713969, 0.8392857142857143016, 0.8417984343366923250 ),
 .UNSPECIFIED. ) 
 CURVE ( )  GEOMETRIC_REPRESENTATION_ITEM ( )  RATIONAL_B_SPLINE_CURVE ( ( 1.000000000000000000, 0.9238795325112867385, 1.000000000000000000, 0.9892889122028722948, 0.9815921884942149234 ) ) 
 REPRESENTATION_ITEM ( '' )  );
#1973 = DIRECTION ( 'NONE',  ( 0.000000000000000000, 0.000000000000000000, 1.000000000000000000 ) ) ;
#1974 = CARTESIAN_POINT ( 'NONE',  ( -1.662041016787795034, -1.662041016787795478, -3.125000000000000000 ) ) ;
#1975 = CARTESIAN_POINT ( 'NONE',  ( 2.350480947161668777, 1.439254484199188393E-16, -3.875000000000000444 ) ) ;
#1976 = LINE ( 'NONE', #372, #1252 ) ;
#1977 = VERTEX_POINT ( 'NONE', #1700 ) ;
#1978 = CARTESIAN_POINT ( 'NONE',  ( -1.662041016787795034, -1.662041016787795478, -5.249999999999999112 ) ) ;
#1979 = CARTESIAN_POINT ( 'NONE',  ( -1.242640687119284770, -3.000000000000001776, -5.562499999999999112 ) ) ;
#1980 = CARTESIAN_POINT ( 'NONE',  ( -0.9736010864139230669, 2.350480947161667888, -4.437500000000000888 ) ) ;
#1981 = AXIS2_PLACEMENT_3D ( 'NONE', #175, #2077, #1154 ) ;
#1982 = CARTESIAN_POINT ( 'NONE',  ( -3.000000000000000444, -5.510910596163089556E-16, -0.7499999999999997780 ) ) ;
#1983 = SECURITY_CLASSIFICATION_LEVEL ( 'unclassified' ) ;
#1984 = ORIENTED_EDGE ( 'NONE', *, *, #226, .F. ) ;
#1985 = EDGE_CURVE ( 'NONE', #2158, #2102, #1120, .T. ) ;
#1986 = CARTESIAN_POINT ( 'NONE',  ( 0.9736010864139217347, 2.350480947161668777, -3.687500000000000444 ) ) ;
#1987 = CARTESIAN_POINT ( 'NONE',  ( -0.9736010864139210685, -2.350480947161669221, -4.062500000000000000 ) ) ;
#1988 = CONICAL_SURFACE ( 'NONE', #1018, 3.108253175473056906, 0.7853981633974500554 ) ;
#1989 = CARTESIAN_POINT ( 'NONE',  ( -1.662041016787795478, 1.662041016787794590, -4.500000000000000888 ) ) ;
#1990 = CARTESIAN_POINT ( 'NONE',  ( 2.223311354474717838, 1.302708555236108845, -0.5381621527099353930 ) ) ;
#1991 = EDGE_CURVE ( 'NONE', #1950, #1181, #1439, .T. ) ;
#1992 = CARTESIAN_POINT ( 'NONE',  ( 1.662041016787795034, 1.662041016787795256, -3.750000000000000444 ) ) ;
#1993 = CARTESIAN_POINT ( 'NONE',  ( -2.500000000000002220, 4.330127018922192761, 0.000000000000000000 ) ) ;
#1994 = EDGE_CURVE ( 'NONE', #320, #2027, #2207, .T. ) ;
#1995 = DIRECTION ( 'NONE',  ( 0.000000000000000000, 0.000000000000000000, 1.000000000000000000 ) ) ;
#1996 = CARTESIAN_POINT ( 'NONE',  ( -2.350480947161667888, 0.9736010864139219567, -1.437500000000000444 ) ) ;
#1997 = CARTESIAN_POINT ( 'NONE',  ( 0.000000000000000000, 2.350480947161668777, -2.625000000000000000 ) ) ;
#1998 = CARTESIAN_POINT ( 'NONE',  ( -2.350480947161667888, -0.9736010864139229559, -3.187500000000000000 ) ) ;
#1999 = CARTESIAN_POINT ( 'NONE',  ( -3.054126587736527565, 1.265060653844732874, -3.843750000000000000 ) ) ;
#2000 = CARTESIAN_POINT ( 'NONE',  ( 1.432104769448457215, 2.359548262245132477, -0.3544633269684578369 ) ) ;
#2001 = ORIENTED_EDGE ( 'NONE', *, *, #1429, .T. ) ;
#2002 = CARTESIAN_POINT ( 'NONE',  ( 0.9736010864139216237, -2.350480947161668777, -6.062500000000000000 ) ) ;
#2003 = FACE_OUTER_BOUND ( 'NONE', #861, .T. ) ;
#2004 = CARTESIAN_POINT ( 'NONE',  ( -1.662041016787795478, 1.662041016787794590, -2.375000000000000444 ) ) ;
#2005 = CARTESIAN_POINT ( 'NONE',  ( 2.159593620790630109, 2.159593620790630553, 0.7812499999999993339 ) ) ;
#2006 = PERSON_AND_ORGANIZATION_ROLE ( 'design_supplier' ) ;
#2007 = CARTESIAN_POINT ( 'NONE',  ( 2.878508968398376785E-16, -2.350480947161668777, -3.125000000000000000 ) ) ;
#2008 = CARTESIAN_POINT ( 'NONE',  ( -2.350480947161668777, -4.317763452597564685E-16, -4.250000000000000000 ) ) ;
#2009 = CARTESIAN_POINT ( 'NONE',  ( 2.159593620790630109, -2.159593620790630109, -3.406249999999999556 ) ) ;
#2010 = CARTESIAN_POINT ( 'NONE',  ( -1.556160272540817902, -2.200406151120361642, -0.4191516071880491134 ) ) ;
#2011 = CARTESIAN_POINT ( 'NONE',  ( -3.000000000000006217, -1.242640687119280996, -1.812500000000001554 ) ) ;
#2012 = CARTESIAN_POINT ( 'NONE',  ( -5.000000000000000000, 0.000000000000000000, 0.000000000000000000 ) ) ;
#2013 = VECTOR ( 'NONE', #793, 1000.000000000000000 ) ;
#2014 = ORIENTED_EDGE ( 'NONE', *, *, #491, .T. ) ;
#2015 = CARTESIAN_POINT ( 'NONE',  ( 1.662041016787795034, 1.662041016787795256, -3.625000000000000444 ) ) ;
#2016 = CARTESIAN_POINT ( 'NONE',  ( 0.000000000000000000, 3.000000000000000444, -0.9999999999999997780 ) ) ;
#2017 = PERSON_AND_ORGANIZATION ( #1556, #2187 ) ;
#2018 = CARTESIAN_POINT ( 'NONE',  ( -2.350480947161668777, -4.317763452597564685E-16, -4.375000000000000000 ) ) ;
#2019 = VERTEX_POINT ( 'NONE', #410 ) ;
#2020 = CARTESIAN_POINT ( 'NONE',  ( -0.9736010864139230669, 2.350480947161667888, -4.437500000000000888 ) ) ;
#2021 = CARTESIAN_POINT ( 'NONE',  ( 1.265060653844732430, 3.054126587736528009, -3.093750000000000444 ) ) ;
#2022 = PLANE ( 'NONE',  #777 ) ;
#2023 = CARTESIAN_POINT ( 'NONE',  ( 0.000000000000000000, 2.350480947161668777, -3.500000000000000444 ) ) ;
#2024 = VECTOR ( 'NONE', #2093, 1000.000000000000000 ) ;
#2025 = CARTESIAN_POINT ( 'NONE',  ( 2.121320343559642829, -2.121320343559642385, -1.500000000000000888 ) ) ;
#2026 = CARTESIAN_POINT ( 'NONE',  ( -2.500000000000002220, 4.330127018922192761, 0.000000000000000000 ) ) ;
#2027 = VERTEX_POINT ( 'NONE', #1859 ) ;
#2028 = CARTESIAN_POINT ( 'NONE',  ( 0.000000000000000000, 0.000000000000000000, -4.810000000000000497 ) ) ;
#2029 = CARTESIAN_POINT ( 'NONE',  ( 0.000000000000000000, 3.054126587736528453, -2.093750000000000888 ) ) ;
#2030 = CARTESIAN_POINT ( 'NONE',  ( 0.9736010864139217347, -2.350480947161668777, -5.062500000000000888 ) ) ;
#2031 = CARTESIAN_POINT ( 'NONE',  ( 3.054126587736528009, 1.265060653844732430, -4.218750000000000000 ) ) ;
#2032 = CARTESIAN_POINT ( 'NONE',  ( 0.000000000000000000, 0.000000000000000000, 0.000000000000000000 ) ) ;
#2033 = CARTESIAN_POINT ( 'NONE',  ( 0.9736010864139216237, -2.350480947161668777, -2.937500000000000444 ) ) ;
#2034 = CARTESIAN_POINT ( 'NONE',  ( -0.7242742830645878538, 2.368700149626261187, -0.6439014796504204385 ) ) ;
#2035 = CARTESIAN_POINT ( 'NONE',  ( -2.384622149247253464, 1.655020410765085881, -5.786779523282227444 ) ) ;
#2036 = EDGE_LOOP ( 'NONE', ( #1509, #1523, #2115, #36, #1759, #911, #897, #260, #508 ) ) ;
#2037 = DIRECTION ( 'NONE',  ( 1.000000000000000000, 0.000000000000000000, 0.000000000000000000 ) ) ;
#2038 = ADVANCED_FACE ( 'NONE', ( #217 ), #2375, .F. ) ;
#2039 = CARTESIAN_POINT ( 'NONE',  ( 1.265060653844732430, 3.054126587736528453, -1.156250000000000888 ) ) ;
#2040 = CARTESIAN_POINT ( 'NONE',  ( 2.310360516854791602, 1.250870362232519017, -5.513813127962999161 ) ) ;
#2041 = CARTESIAN_POINT ( 'NONE',  ( 3.054126587736528009, 1.870113174931183622E-16, -2.281250000000000444 ) ) ;
#2042 = CARTESIAN_POINT ( 'NONE',  ( 2.745927542853447534, -0.8834343362674527134, -0.2292874483070635461 ) ) ;
#2043 = CARTESIAN_POINT ( 'NONE',  ( -1.662041016787795034, -1.662041016787795478, -6.125000000000000000 ) ) ;
#2044 = ORIENTED_EDGE ( 'NONE', *, *, #179, .F. ) ;
#2045 = CARTESIAN_POINT ( 'NONE',  ( 2.519695520441902445E-15, -5.773502691896258199, -4.810000000000000497 ) ) ;
#2046 = DIRECTION ( 'NONE',  ( -1.000000000000000000, 0.000000000000000000, -0.000000000000000000 ) ) ;
#2047 =( BOUNDED_CURVE ( )  B_SPLINE_CURVE ( 2, ( #1959, #815, #1362, #2341, #1765, #300, #1560, #272, #661 ),
 .UNSPECIFIED., .F., .T. ) 
 B_SPLINE_CURVE_WITH_KNOTS ( ( 3, 2, 2, 2, 3 ),
 ( 0.6785714285714284921, 0.6964285714285712858, 0.7142857142857141906, 0.7321428571428570953, 0.7500000000000000000 ),
 .UNSPECIFIED. ) 
 CURVE ( )  GEOMETRIC_REPRESENTATION_ITEM ( )  RATIONAL_B_SPLINE_CURVE ( ( 1.000000000000000444, 0.9238795325112862944, 1.000000000000000000, 0.9238795325112867385, 1.000000000000000000, 0.9238795325112867385, 1.000000000000000000, 0.9238795325112867385, 1.000000000000000000 ) ) 
 REPRESENTATION_ITEM ( '' )  );
#2048 = EDGE_LOOP ( 'NONE', ( #263, #1562, #1499 ) ) ;
#2049 = CARTESIAN_POINT ( 'NONE',  ( 3.000000000000000444, 1.836970198721030427E-16, -3.375000000000001332 ) ) ;
#2050 = CARTESIAN_POINT ( 'NONE',  ( 1.265060653844732430, 3.054126587736528453, -2.156250000000000888 ) ) ;
#2051 = CARTESIAN_POINT ( 'NONE',  ( -1.410458141587087377, 2.012139459332744629, -5.343531917366139083 ) ) ;
#2052 = ADVANCED_FACE ( 'NONE', ( #2289 ), #934, .T. ) ;
#2053 = CARTESIAN_POINT ( 'NONE',  ( 0.000000000000000000, 3.054126587736528009, -7.031250000000000000 ) ) ;
#2054 = CARTESIAN_POINT ( 'NONE',  ( 0.000000000000000000, 0.000000000000000000, 0.000000000000000000 ) ) ;
#2055 = CARTESIAN_POINT ( 'NONE',  ( 0.9736010864139216237, 2.350480947161668777, -5.562500000000002665 ) ) ;
#2056 = VERTEX_POINT ( 'NONE', #2240 ) ;
#2057 = CARTESIAN_POINT ( 'NONE',  ( 3.346878500200754836, 3.841181488860380355, -0.05140428708382582118 ) ) ;
#2058 = CARTESIAN_POINT ( 'NONE',  ( 0.9736010864139216237, -2.350480947161668777, -3.062500000000000000 ) ) ;
#2059 = DIRECTION ( 'NONE',  ( 1.000000000000000000, 0.000000000000000000, 0.000000000000000000 ) ) ;
#2060 = CIRCLE ( 'NONE', #265, 5.000000000000000000 ) ;
#2061 = ORIENTED_EDGE ( 'NONE', *, *, #1063, .F. ) ;
#2062 = EDGE_LOOP ( 'NONE', ( #2223, #1811, #1590, #1057 ) ) ;
#2063 = VECTOR ( 'NONE', #1386, 1000.000000000000000 ) ;
#2064 = CARTESIAN_POINT ( 'NONE',  ( 0.000000000000000000, 0.000000000000000000, 0.000000000000000000 ) ) ;
#2065 = CARTESIAN_POINT ( 'NONE',  ( -3.054126587736528009, 1.265060653844733096, -1.906250000000000888 ) ) ;
#2066 = APPROVAL_PERSON_ORGANIZATION ( #1649, #229, #1255 ) ;
#2067 = CARTESIAN_POINT ( 'NONE',  ( 2.672395640575447651, -1.646774451515943136E-11, -5.564142465102392521 ) ) ;
#2068 = CARTESIAN_POINT ( 'NONE',  ( -2.350480947161668777, -4.317763452597564685E-16, -6.250000000000000000 ) ) ;
#2069 = CARTESIAN_POINT ( 'NONE',  ( -1.265060653844731764, -3.054126587736528897, -4.593750000000000000 ) ) ;
#2070 = CARTESIAN_POINT ( 'NONE',  ( -3.000000000000000444, -5.510910596163089556E-16, -0.7499999999999997780 ) ) ;
#2071 = EDGE_CURVE ( 'NONE', #745, #575, #2415, .T. ) ;
#2072 = CARTESIAN_POINT ( 'NONE',  ( 2.878508968398376785E-16, -2.350480947161668777, -6.000000000000000888 ) ) ;
#2073 = CARTESIAN_POINT ( 'NONE',  ( 2.878508968398376785E-16, -2.350480947161668777, -2.125000000000000000 ) ) ;
#2074 = CARTESIAN_POINT ( 'NONE',  ( 2.129399124712098690, -1.737096280051072972, -5.633614802364589558 ) ) ;
#2075 = VERTEX_POINT ( 'NONE', #1410 ) ;
#2076 = ORIENTED_EDGE ( 'NONE', *, *, #1985, .F. ) ;
#2077 = DIRECTION ( 'NONE',  ( 0.4999999999999998335, 0.8660254037844388186, -0.000000000000000000 ) ) ;
#2078 = CARTESIAN_POINT ( 'NONE',  ( -2.159593620790630109, -2.159593620790630997, -2.718750000000000888 ) ) ;
#2079 = CARTESIAN_POINT ( 'NONE',  ( 1.242640687119285658, 3.000000000000000888, -2.187500000000000888 ) ) ;
#2080 = ORIENTED_EDGE ( 'NONE', *, *, #280, .F. ) ;
#2081 = CARTESIAN_POINT ( 'NONE',  ( 1.265060653844732430, 3.054126587736528009, -6.093750000000000000 ) ) ;
#2082 = CARTESIAN_POINT ( 'NONE',  ( 2.519695520441902445E-15, -5.773502691896258199, -4.810000000000000497 ) ) ;
#2083 = CARTESIAN_POINT ( 'NONE',  ( 3.000000000000000444, 0.000000000000000000, -4.810000000000000497 ) ) ;
#2084 = CARTESIAN_POINT ( 'NONE',  ( 1.662041016787795256, -1.662041016787795034, -1.875000000000000000 ) ) ;
#2085 = CARTESIAN_POINT ( 'NONE',  ( -1.662041016787795034, -1.662041016787795478, -2.250000000000000444 ) ) ;
#2086 = CARTESIAN_POINT ( 'NONE',  ( 2.010653808119879482, -1.883003261622533175, -5.640194282796059611 ) ) ;
#2087 = ORIENTED_EDGE ( 'NONE', *, *, #1549, .T. ) ;
#2088 = VERTEX_POINT ( 'NONE', #1030 ) ;
#2089 = EDGE_CURVE ( 'NONE', #1197, #2127, #2047, .T. ) ;
#2090 = CARTESIAN_POINT ( 'NONE',  ( 0.000000000000000000, 0.000000000000000000, -4.810000000000000497 ) ) ;
#2091 = CARTESIAN_POINT ( 'NONE',  ( 0.000000000000000000, 2.350480947161668777, -0.5000000000000002220 ) ) ;
#2092 = EDGE_CURVE ( 'NONE', #586, #745, #1561, .T. ) ;
#2093 = DIRECTION ( 'NONE',  ( -0.7071067811865487940, 0.000000000000000000, -0.7071067811865463515 ) ) ;
#2094 = CARTESIAN_POINT ( 'NONE',  ( 3.000000000000000888, 1.242640687119285658, -2.312500000000001332 ) ) ;
#2095 = CARTESIAN_POINT ( 'NONE',  ( 1.662041016787795034, 1.662041016787795256, 0.2499999999999998890 ) ) ;
#2096 = CARTESIAN_POINT ( 'NONE',  ( -2.159593620790630553, 2.159593620790629664, -5.906250000000000000 ) ) ;
#2097 = DIRECTION ( 'NONE',  ( 0.000000000000000000, 0.000000000000000000, 1.000000000000000000 ) ) ;
#2098 = CARTESIAN_POINT ( 'NONE',  ( 0.000000000000000000, 0.000000000000000000, -0.1082531754730558515 ) ) ;
#2099 = CARTESIAN_POINT ( 'NONE',  ( 0.9736010864139216237, 2.350480947161668777, 0.3124999999999998890 ) ) ;
#2100 = CARTESIAN_POINT ( 'NONE',  ( -1.994140824024555281, -2.123387673359042438, -5.798828010888400719 ) ) ;
#2101 = EDGE_CURVE ( 'NONE', #1305, #1620, #436, .T. ) ;
#2102 = VERTEX_POINT ( 'NONE', #634 ) ;
#2103 = CARTESIAN_POINT ( 'NONE',  ( 1.878537284200576973, 2.339037766233868165, -0.1082531754730558377 ) ) ;
#2104 = CARTESIAN_POINT ( 'NONE',  ( 0.000000000000000000, 2.350480947161668777, -1.500000000000000222 ) ) ;
#2105 = CIRCLE ( 'NONE', #1253, 3.108253175473056906 ) ;
#2106 = CARTESIAN_POINT ( 'NONE',  ( 3.000000000000000444, 1.836970198721030181E-16, -4.250000000000000000 ) ) ;
#2107 = CARTESIAN_POINT ( 'NONE',  ( -2.350480947161668777, -4.317763452597564685E-16, -2.375000000000000000 ) ) ;
#2108 = APPROVAL_PERSON_ORGANIZATION ( #2017, #2222, #909 ) ;
#2109 = CARTESIAN_POINT ( 'NONE',  ( 1.662041016787795034, 1.662041016787795256, -5.625000000000000888 ) ) ;
#2110 = CARTESIAN_POINT ( 'NONE',  ( -3.054126587736527121, -1.265060653844733984, -6.718749999999999112 ) ) ;
#2111 = CARTESIAN_POINT ( 'NONE',  ( 5.000000000000000888, 2.886751345948127767, -0.4465819873852021060 ) ) ;
#2112 = CARTESIAN_POINT ( 'NONE',  ( -1.662041016787795034, -1.662041016787795478, -1.125000000000000222 ) ) ;
#2113 = CARTESIAN_POINT ( 'NONE',  ( -2.350480947161667888, 0.9736010864139219567, -0.4375000000000002220 ) ) ;
#2114 = CARTESIAN_POINT ( 'NONE',  ( 2.666316866627683524, -0.3734472800320989272, -5.577750971136969937 ) ) ;
#2115 = ORIENTED_EDGE ( 'NONE', *, *, #1153, .T. ) ;
#2116 = LINE ( 'NONE', #1929, #489 ) ;
#2117 = CARTESIAN_POINT ( 'NONE',  ( -1.662041016787795034, -1.662041016787795478, -0.1250000000000002220 ) ) ;
#2118 = EDGE_CURVE ( 'NONE', #199, #886, #506, .T. ) ;
#2119 = CARTESIAN_POINT ( 'NONE',  ( 5.000000000000000000, -0.4881558011496896499, -1.071073161803062384E-15 ) ) ;
#2120 =( NAMED_UNIT ( * ) PLANE_ANGLE_UNIT ( ) SI_UNIT ( $, .RADIAN. ) );
#2121 = CC_DESIGN_PERSON_AND_ORGANIZATION_ASSIGNMENT ( #319, #133, ( #780 ) ) ;
#2122 = CARTESIAN_POINT ( 'NONE',  ( -0.9736010864139209575, -2.350480947161669221, -4.062500000000000000 ) ) ;
#2123 = LINE ( 'NONE', #2331, #1867 ) ;
#2124 = CARTESIAN_POINT ( 'NONE',  ( 5.000000000000002665, -2.886751345948126879, -4.810000000000000497 ) ) ;
#2125 = CARTESIAN_POINT ( 'NONE',  ( -2.350480947161667888, -0.9736010864139229559, -0.3125000000000000555 ) ) ;
#2126 = CARTESIAN_POINT ( 'NONE',  ( 0.000000000000000000, 0.000000000000000000, 0.000000000000000000 ) ) ;
#2127 = VERTEX_POINT ( 'NONE', #1195 ) ;
#2128 = B_SPLINE_CURVE_WITH_KNOTS ( 'NONE', 3,
 ( #2209, #1657, #173, #1090, #1304, #905, #2035, #1827, #12, #375 ),
 .UNSPECIFIED., .F., .F.,
 ( 4, 2, 2, 2, 4 ),
 ( 0.002134568477750505271, 0.002776442042168125388, 0.003418315606585745504, 0.004060189171003365620, 0.004702062735420985302 ),
 .UNSPECIFIED. ) ;
#2129 = CARTESIAN_POINT ( 'NONE',  ( 5.000000000000000888, 2.886751345948127767, -4.810000000000000497 ) ) ;
#2130 = CARTESIAN_POINT ( 'NONE',  ( 0.000000000000000000, 2.350480947161668777, 0.4999999999999997780 ) ) ;
#2131 = CARTESIAN_POINT ( 'NONE',  ( 3.000000000000000444, 1.836970198721030181E-16, -3.250000000000000444 ) ) ;
#2132 = AXIS2_PLACEMENT_3D ( 'NONE', #2245, #2257, #2037 ) ;
#2133 = CARTESIAN_POINT ( 'NONE',  ( -2.350480947161667888, -0.9736010864139229559, -1.312500000000000444 ) ) ;
#2134 = CARTESIAN_POINT ( 'NONE',  ( 0.9736010864139217347, -2.350480947161668777, -2.937500000000000000 ) ) ;
#2135 = DIRECTION ( 'NONE',  ( 1.000000000000000000, 0.000000000000000000, 0.000000000000000000 ) ) ;
#2136 = CARTESIAN_POINT ( 'NONE',  ( 0.000000000000000000, 2.350480947161668777, 0.4999999999999998890 ) ) ;
#2137 = CARTESIAN_POINT ( 'NONE',  ( 3.054126587736528009, -1.265060653844732430, -0.3437499999999998335 ) ) ;
#2138 = CARTESIAN_POINT ( 'NONE',  ( 2.121320343559642385, 2.121320343559642829, -1.250000000000001110 ) ) ;
#2139 = ORIENTED_EDGE ( 'NONE', *, *, #441, .F. ) ;
#2140 = CARTESIAN_POINT ( 'NONE',  ( -1.662041016787795034, -1.662041016787795478, -6.250000000000000000 ) ) ;
#2141 = CARTESIAN_POINT ( 'NONE',  ( -1.878537284200533009, 2.339037766233907245, -5.891746824526950199 ) ) ;
#2142 = CARTESIAN_POINT ( 'NONE',  ( 0.9736010864139216237, 2.350480947161668777, 0.4374999999999997780 ) ) ;
#2143 = CARTESIAN_POINT ( 'NONE',  ( 5.000000000000002665, -0.9728110634405304769, -0.04198264776283085892 ) ) ;
#2144 = CARTESIAN_POINT ( 'NONE',  ( 1.443735181952767954, -4.939961795957293234, -0.08165819712376964912 ) ) ;
#2145 = CONICAL_SURFACE ( 'NONE', #1789, 3.108253175473056906, 0.7853981633974500554 ) ;
#2146 = CARTESIAN_POINT ( 'NONE',  ( -2.350480947161667888, 0.9736010864139219567, -0.4375000000000002220 ) ) ;
#2147 = CARTESIAN_POINT ( 'NONE',  ( -1.662041016787795034, -1.662041016787795478, -2.125000000000000000 ) ) ;
#2148 = LOCAL_TIME ( 15, 43, 59.00000000000000000, #1244 ) ;
#2149 = DIRECTION ( 'NONE',  ( 0.000000000000000000, 0.000000000000000000, 1.000000000000000000 ) ) ;
#2150 = CARTESIAN_POINT ( 'NONE',  ( 1.662041016787795256, -1.662041016787795034, -4.000000000000000000 ) ) ;
#2151 = CARTESIAN_POINT ( 'NONE',  ( -1.242640687119287657, 2.999999999999999556, -5.062500000000000888 ) ) ;
#2152 = ADVANCED_FACE ( 'NONE', ( #92 ), #388, .T. ) ;
#2153 = VERTEX_POINT ( 'NONE', #2111 ) ;
#2154 = CARTESIAN_POINT ( 'NONE',  ( 2.121320343559642829, -2.121320343559642829, -2.375000000000000000 ) ) ;
#2155 = FACE_OUTER_BOUND ( 'NONE', #473, .T. ) ;
#2156 = CARTESIAN_POINT ( 'NONE',  ( -2.350480947161667888, -0.9736010864139229559, -4.187500000000000000 ) ) ;
#2157 = CARTESIAN_POINT ( 'NONE',  ( 2.159593620790630553, -2.159593620790630109, 0.5312499999999993339 ) ) ;
#2158 = VERTEX_POINT ( 'NONE', #1924 ) ;
#2159 = ORIENTED_EDGE ( 'NONE', *, *, #1196, .F. ) ;
#2160 = DIRECTION ( 'NONE',  ( -0.000000000000000000, -0.000000000000000000, 1.000000000000000000 ) ) ;
#2161 = CARTESIAN_POINT ( 'NONE',  ( 0.000000000000000000, 3.054126587736528009, -0.03124999999999981265 ) ) ;
#2162 = CARTESIAN_POINT ( 'NONE',  ( 2.403905479353309449, 0.3764094199128962259, -0.6822959873166137834 ) ) ;
#2163 = ORIENTED_EDGE ( 'NONE', *, *, #1213, .F. ) ;
#2164 = CARTESIAN_POINT ( 'NONE',  ( -2.999999999999999556, -1.242640687119287213, -2.687500000000000000 ) ) ;
#2165 = B_SPLINE_CURVE_WITH_KNOTS ( 'NONE', 3,
 ( #1297, #1109, #743, #1119, #2042, #1858, #194, #948, #1848, #1675, #902, #1686, #182, #936, #521, #2238, #571, #1664, #169, #1268, #1641, #2010, #1458, #1087, #1823, #149, #2384, #2205, #158, #1099, #350, #913 ),
 .UNSPECIFIED., .F., .F.,
 ( 4, 2, 2, 2, 2, 2, 2, 2, 2, 2, 2, 2, 2, 2, 2, 4 ),
 ( 0.004242274017346116602, 0.004782541019204571489, 0.005322808021063025509, 0.006403342024779934416, 0.006943609026638389303, 0.007483876028496844190, 0.008024143030355299078, 0.008564410032213753965, 0.009104677034072208852, 0.009644944035930662005, 0.01018521103778911689, 0.01072547803964757178, 0.01126574504150602493, 0.01180601204336447982, 0.01234627904522293471, 0.01288654604708138959 ),
 .UNSPECIFIED. ) ;
#2166 = DIRECTION ( 'NONE',  ( 1.000000000000000000, 0.000000000000000000, 0.000000000000000000 ) ) ;
#2167 = CARTESIAN_POINT ( 'NONE',  ( 0.9736010864139216237, -2.350480947161668777, -3.937500000000000888 ) ) ;
#2168 = EDGE_CURVE ( 'NONE', #886, #402, #2123, .T. ) ;
#2169 = CARTESIAN_POINT ( 'NONE',  ( -2.999999999999999556, 1.242640687119285881, -0.8124999999999998890 ) ) ;
#2170 = ADVANCED_FACE ( 'NONE', ( #447 ), #1934, .F. ) ;
#2171 = CARTESIAN_POINT ( 'NONE',  ( 2.350480947161668777, 1.439254484199188393E-16, -2.875000000000000444 ) ) ;
#2172 = CARTESIAN_POINT ( 'NONE',  ( 2.878508968398376785E-16, -2.350480947161668777, -4.000000000000000888 ) ) ;
#2173 = CARTESIAN_POINT ( 'NONE',  ( -1.662041016787795478, 1.662041016787794590, -3.500000000000000000 ) ) ;
#2174 = CARTESIAN_POINT ( 'NONE',  ( 2.999999999999999556, 1.242640687119286325, -5.312500000000000000 ) ) ;
#2175 = ORIENTED_EDGE ( 'NONE', *, *, #89, .T. ) ;
#2176 = CARTESIAN_POINT ( 'NONE',  ( -0.9736010864139230669, 2.350480947161667888, -3.562500000000000444 ) ) ;
#2177 = EDGE_CURVE ( 'NONE', #2088, #736, #1587, .T. ) ;
#2178 = CARTESIAN_POINT ( 'NONE',  ( -2.525493075621632828E-15, 5.773502691896257311, -0.4465819873852018285 ) ) ;
#2179 = CARTESIAN_POINT ( 'NONE',  ( 5.000000000000000888, 2.886751345948127767, -0.4465819873852021060 ) ) ;
#2180 = ORIENTED_EDGE ( 'NONE', *, *, #505, .T. ) ;
#2181 = CARTESIAN_POINT ( 'NONE',  ( -1.662041016787795034, -1.662041016787795478, -1.250000000000000222 ) ) ;
#2182 = CARTESIAN_POINT ( 'NONE',  ( -1.662041016787795478, 1.662041016787794590, -1.500000000000000000 ) ) ;
#2183 = CARTESIAN_POINT ( 'NONE',  ( 1.662041016787795256, -1.662041016787795034, -2.875000000000000000 ) ) ;
#2184 = VECTOR ( 'NONE', #1416, 1000.000000000000000 ) ;
#2185 = CARTESIAN_POINT ( 'NONE',  ( -0.9736010864139210685, -2.350480947161669221, -5.187500000000000888 ) ) ;
#2186 = CARTESIAN_POINT ( 'NONE',  ( 0.000000000000000000, 3.000000000000000444, -5.125000000000000888 ) ) ;
#2187 = ORGANIZATION ( 'UNSPECIFIED', 'UNSPECIFIED', '' ) ;
#2188 = CARTESIAN_POINT ( 'NONE',  ( -1.662041016787795478, 1.662041016787794590, -4.500000000000000888 ) ) ;
#2189 = CARTESIAN_POINT ( 'NONE',  ( 1.242640687119285658, -2.999999999999999556, -5.437500000000000000 ) ) ;
#2190 = CARTESIAN_POINT ( 'NONE',  ( 2.301341966801317529, -1.022740066774272538, -0.8169610809702079202 ) ) ;
#2191 = DIRECTION ( 'NONE',  ( 0.000000000000000000, 0.000000000000000000, -1.000000000000000000 ) ) ;
#2192 = CARTESIAN_POINT ( 'NONE',  ( -1.662041016787795478, 1.662041016787794590, -2.500000000000000000 ) ) ;
#2193 = CARTESIAN_POINT ( 'NONE',  ( -0.9736010864139230669, 2.350480947161667888, -3.437500000000000000 ) ) ;
#2194 = CARTESIAN_POINT ( 'NONE',  ( 0.000000000000000000, 3.054126587736528009, -3.031250000000000000 ) ) ;
#2195 = FACE_BOUND ( 'NONE', #646, .T. ) ;
#2196 = CARTESIAN_POINT ( 'NONE',  ( 0.6241484393422227495, 2.329587235264380940, -0.6996749430594639829 ) ) ;
#2197 = CARTESIAN_POINT ( 'NONE',  ( 0.000000000000000000, 0.000000000000000000, 0.000000000000000000 ) ) ;
#2198 = ORIENTED_EDGE ( 'NONE', *, *, #1294, .F. ) ;
#2199 = CARTESIAN_POINT ( 'NONE',  ( -2.350480947161667888, -0.9736010864139229559, -1.187500000000000000 ) ) ;
#2200 = CARTESIAN_POINT ( 'NONE',  ( 3.054126587736528453, 1.870113174931183868E-16, 0.6562499999999993339 ) ) ;
#2201 = ORIENTED_EDGE ( 'NONE', *, *, #1875, .T. ) ;
#2202 = CARTESIAN_POINT ( 'NONE',  ( 0.9736010864139217347, -2.350480947161668777, -2.062500000000000000 ) ) ;
#2203 = ORIENTED_EDGE ( 'NONE', *, *, #973, .F. ) ;
#2204 = CARTESIAN_POINT ( 'NONE',  ( -3.054126587736528009, -5.610339524793550619E-16, -2.781250000000000000 ) ) ;
#2205 = CARTESIAN_POINT ( 'NONE',  ( -2.478732541411922341, -0.8909213277679484122, -0.4804055275919676404 ) ) ;
#2206 = CARTESIAN_POINT ( 'NONE',  ( 0.9736010864139216237, 2.350480947161668777, -2.562500000000000444 ) ) ;
#2207 =( BOUNDED_CURVE ( )  B_SPLINE_CURVE ( 2, ( #1545, #1896, #31, #1532, #1326, #2264, #57, #205, #779 ),
 .UNSPECIFIED., .F., .F. ) 
 B_SPLINE_CURVE_WITH_KNOTS ( ( 3, 2, 2, 2, 3 ),
 ( 0.03571428571428574700, 0.05357142857142864478, 0.07142857142857142461, 0.08928571428571432933, 0.1071428571428571230 ),
 .UNSPECIFIED. ) 
 CURVE ( )  GEOMETRIC_REPRESENTATION_ITEM ( )  RATIONAL_B_SPLINE_CURVE ( ( 0.9999999999999998890, 0.9238795325112869605, 1.000000000000000000, 0.9238795325112867385, 1.000000000000000000, 0.9238795325112867385, 1.000000000000000000, 0.9238795325112866275, 1.000000000000000000 ) ) 
 REPRESENTATION_ITEM ( '' )  );
#2208 = CARTESIAN_POINT ( 'NONE',  ( 3.000000000000000444, 1.836970198721030427E-16, -1.375000000000001332 ) ) ;
#2209 = CARTESIAN_POINT ( 'NONE',  ( -2.664623412263471991, -4.894833799142338600E-16, -5.556370236790417749 ) ) ;
#2210 = ORIENTED_EDGE ( 'NONE', *, *, #1279, .F. ) ;
#2211 = CARTESIAN_POINT ( 'NONE',  ( 2.350480947161668777, -0.9736010864139215126, -4.812500000000000888 ) ) ;
#2212 = CARTESIAN_POINT ( 'NONE',  ( 3.054126587736528453, -1.265060653844732430, -3.406250000000002220 ) ) ;
#2213 = CARTESIAN_POINT ( 'NONE',  ( 1.662041016787795034, 1.662041016787795256, -2.750000000000000444 ) ) ;
#2214 = CARTESIAN_POINT ( 'NONE',  ( -1.265060653844734651, 3.054126587736527121, -1.968750000000000000 ) ) ;
#2215 = ADVANCED_FACE ( 'NONE', ( #1223 ), #286, .F. ) ;
#2216 = FACE_OUTER_BOUND ( 'NONE', #248, .T. ) ;
#2217 = CARTESIAN_POINT ( 'NONE',  ( 2.350480947161668777, -0.9736010864139215126, -4.812500000000000888 ) ) ;
#2218 = VECTOR ( 'NONE', #1819, 1000.000000000000000 ) ;
#2219 = EDGE_CURVE ( 'NONE', #1065, #612, #392, .T. ) ;
#2220 = CARTESIAN_POINT ( 'NONE',  ( 2.925285743277521000, 4.084588180558405668, -0.01055556052338908583 ) ) ;
#2221 = CARTESIAN_POINT ( 'NONE',  ( -2.673513261442508337, -1.249345945585693229, -5.836910531357591303 ) ) ;
#2223 = ORIENTED_EDGE ( 'NONE', *, *, #1994, .F. ) ;
#2222 = APPROVAL ( #1094, 'UNSPECIFIED' ) ;
#2224 = CARTESIAN_POINT ( 'NONE',  ( -2.188822359434038134, -0.8703661661513242276, -5.242227771688615867 ) ) ;
#2225 = CARTESIAN_POINT ( 'NONE',  ( -1.265060653844732208, -3.054126587736529341, -0.6562500000000007772 ) ) ;
#2226 = CARTESIAN_POINT ( 'NONE',  ( -2.355408342465879379, -2.938821466586592181E-11, -5.247155166992827802 ) ) ;
#2227 = CARTESIAN_POINT ( 'NONE',  ( -2.159593620790630553, 2.159593620790629664, -1.906249999999999778 ) ) ;
#2228 = DIRECTION ( 'NONE',  ( 1.000000000000000000, 0.000000000000000000, -0.000000000000000000 ) ) ;
#2229 = CARTESIAN_POINT ( 'NONE',  ( -2.350480947161668777, -4.317763452597564685E-16, -2.250000000000000444 ) ) ;
#2230 = CARTESIAN_POINT ( 'NONE',  ( 2.999999999999997780, -1.242640687119288767, -4.437500000000002665 ) ) ;
#2231 = PLANE ( 'NONE',  #1597 ) ;
#2232 = ORIENTED_EDGE ( 'NONE', *, *, #102, .T. ) ;
#2233 = DIRECTION ( 'NONE',  ( 0.000000000000000000, 0.000000000000000000, 1.000000000000000000 ) ) ;
#2234 = CARTESIAN_POINT ( 'NONE',  ( 3.740226349862367737E-16, -3.054126587736528453, -3.593750000000001332 ) ) ;
#2235 = EDGE_CURVE ( 'NONE', #61, #2019, #1570, .T. ) ;
#2236 = CARTESIAN_POINT ( 'NONE',  ( 2.389493120770345147, 1.107369713324626082, -5.520254685442909981 ) ) ;
#2237 = CARTESIAN_POINT ( 'NONE',  ( 2.159593620790630109, 2.159593620790630109, -3.156250000000000000 ) ) ;
#2238 = CARTESIAN_POINT ( 'NONE',  ( -0.05404696496978312475, -2.755069920412843931, -0.3585535923449144624 ) ) ;
#2239 = EDGE_CURVE ( 'NONE', #771, #1065, #1465, .T. ) ;
#2240 = CARTESIAN_POINT ( 'NONE',  ( -2.347425592167097008, -0.1198072293685455980, -5.242227771688614091 ) ) ;
#2241 = CARTESIAN_POINT ( 'NONE',  ( -1.803149613918157756, 1.770845688845005039, -0.5932518659534381511 ) ) ;
#2242 = CARTESIAN_POINT ( 'NONE',  ( -3.000000000000000444, 3.673940397442060361E-16, -4.810000000000000497 ) ) ;
#2243 = ORIENTED_EDGE ( 'NONE', *, *, #1485, .T. ) ;
#2244 = ORIENTED_EDGE ( 'NONE', *, *, #987, .T. ) ;
#2245 = CARTESIAN_POINT ( 'NONE',  ( 0.000000000000000000, 0.000000000000000000, -4.810000000000000497 ) ) ;
#2246 = CARTESIAN_POINT ( 'NONE',  ( 3.740226349862367737E-16, -3.054126587736528453, -0.5937500000000007772 ) ) ;
#2247 = CARTESIAN_POINT ( 'NONE',  ( 2.121320343559642385, 2.121320343559642829, -4.250000000000000888 ) ) ;
#2248 = CARTESIAN_POINT ( 'NONE',  ( -1.265060653844734651, 3.054126587736527121, -6.968750000000000000 ) ) ;
#2249 = CARTESIAN_POINT ( 'NONE',  ( 1.242640687119285658, 2.999999999999999556, -2.062500000000000000 ) ) ;
#2250 = DIRECTION ( 'NONE',  ( 1.000000000000000000, 0.000000000000000000, 0.000000000000000000 ) ) ;
#2251 = CARTESIAN_POINT ( 'NONE',  ( 2.350480947161668777, 1.439254484199188393E-16, -1.875000000000000444 ) ) ;
#2252 = FACE_BOUND ( 'NONE', #703, .T. ) ;
#2253 = AXIS2_PLACEMENT_3D ( 'NONE', #1713, #1504, #1349 ) ;
#2254 = VERTEX_POINT ( 'NONE', #921 ) ;
#2255 = ORIENTED_EDGE ( 'NONE', *, *, #2329, .F. ) ;
#2256 = AXIS2_PLACEMENT_3D ( 'NONE', #1041, #2149, #1208 ) ;
#2257 = DIRECTION ( 'NONE',  ( 0.000000000000000000, 0.000000000000000000, 1.000000000000000000 ) ) ;
#2258 = CARTESIAN_POINT ( 'NONE',  ( -3.054126587736528009, 1.265060653844733096, -0.9062500000000007772 ) ) ;
#2259 = CARTESIAN_POINT ( 'NONE',  ( 2.878508968398376785E-16, -2.350480947161668777, -2.125000000000000000 ) ) ;
#2260 = CARTESIAN_POINT ( 'NONE',  ( -0.5268607965768749013, 2.442115180840422006, -5.384642036890617156 ) ) ;
#2261 = ORIENTED_EDGE ( 'NONE', *, *, #547, .T. ) ;
#2262 = CARTESIAN_POINT ( 'NONE',  ( 1.662041016787795256, -1.662041016787795034, -5.875000000000000888 ) ) ;
#2263 = CARTESIAN_POINT ( 'NONE',  ( 3.054126587736528009, -1.265060653844732430, -6.343750000000000888 ) ) ;
#2264 = CARTESIAN_POINT ( 'NONE',  ( 1.242640687119285881, -3.000000000000000888, -5.562500000000002665 ) ) ;
#2265 = PRODUCT_DEFINITION ( 'UNKNOWN', '', #543, #593 ) ;
#2266 = ADVANCED_FACE ( 'NONE', ( #1672 ), #1295, .T. ) ;
#2267 = CARTESIAN_POINT ( 'NONE',  ( 2.350480947161668777, -0.9736010864139215126, -1.812500000000000000 ) ) ;
#2268 = CARTESIAN_POINT ( 'NONE',  ( 0.9736010864139216237, 2.350480947161668777, -1.687500000000000222 ) ) ;
#2269 = CARTESIAN_POINT ( 'NONE',  ( -1.851842760721955639, -2.240695583448078843, -5.792733185653320405 ) ) ;
#2270 = ORIENTED_EDGE ( 'NONE', *, *, #1231, .F. ) ;
#2271 = ORIENTED_EDGE ( 'NONE', *, *, #2275, .T. ) ;
#2272 = CARTESIAN_POINT ( 'NONE',  ( -1.265060653844735095, 3.054126587736527565, -6.031250000000000888 ) ) ;
#2273 = CARTESIAN_POINT ( 'NONE',  ( -2.499999999999998224, -4.330127018922194537, 0.000000000000000000 ) ) ;
#2274 = CARTESIAN_POINT ( 'NONE',  ( -2.350480947161667888, 0.9736010864139219567, -6.312500000000000888 ) ) ;
#2275 = EDGE_CURVE ( 'NONE', #2334, #1971, #1148, .T. ) ;
#2276 = CARTESIAN_POINT ( 'NONE',  ( -2.159593620790630553, 2.159593620790629664, -6.906250000000000000 ) ) ;
#2277 = CARTESIAN_POINT ( 'NONE',  ( -2.982275918325394404, 0.3256230135853862007, -5.891746824526943982 ) ) ;
#2278 = CARTESIAN_POINT ( 'NONE',  ( 0.000000000000000000, 0.000000000000000000, -6.000000000000000888 ) ) ;
#2279 = CARTESIAN_POINT ( 'NONE',  ( -1.662041016787795478, 1.662041016787794590, -2.500000000000000000 ) ) ;
#2280 = CARTESIAN_POINT ( 'NONE',  ( -2.121320343559643273, 2.121320343559642385, -2.875000000000000000 ) ) ;
#2281 = ORIENTED_EDGE ( 'NONE', *, *, #1196, .T. ) ;
#2282 = UNCERTAINTY_MEASURE_WITH_UNIT (LENGTH_MEASURE( 1.000000000000000082E-05 ), #434, 'distance_accuracy_value', 'NONE');
#2283 = CYLINDRICAL_SURFACE ( 'NONE', #606, 3.000000000000000444 ) ;
#2284 = AXIS2_PLACEMENT_3D ( 'NONE', #1659, #1331, #404 ) ;
#2285 = CARTESIAN_POINT ( 'NONE',  ( 0.9736010864139216237, 2.350480947161668777, -0.5625000000000002220 ) ) ;
#2286 = ADVANCED_BREP_SHAPE_REPRESENTATION ( '93033A101_18-8 Stainless Steel Flange Nut', ( #553, #429 ), #113 ) ;
#2287 = CARTESIAN_POINT ( 'NONE',  ( 3.000000000000000444, 1.836970198721030427E-16, -0.3750000000000009992 ) ) ;
#2288 = CARTESIAN_POINT ( 'NONE',  ( 3.054126587736528009, 1.870113174931183622E-16, -6.281250000000000000 ) ) ;
#2289 = FACE_OUTER_BOUND ( 'NONE', #758, .T. ) ;
#2290 = VECTOR ( 'NONE', #997, 1000.000000000000227 ) ;
#2291 = CARTESIAN_POINT ( 'NONE',  ( 2.350480947161668777, -0.9736010864139215126, -0.8125000000000003331 ) ) ;
#2292 = CARTESIAN_POINT ( 'NONE',  ( -3.000000000000000444, 3.673940397442060361E-16, -4.810000000000000497 ) ) ;
#2293 = CARTESIAN_POINT ( 'NONE',  ( 0.7877528985505044545, -2.695847438953185016, -5.694255982633148250 ) ) ;
#2294 = ORIENTED_EDGE ( 'NONE', *, *, #541, .F. ) ;
#2295 = EDGE_CURVE ( 'NONE', #2158, #1794, #1627, .T. ) ;
#2296 = FACE_OUTER_BOUND ( 'NONE', #2407, .T. ) ;
#2297 = CARTESIAN_POINT ( 'NONE',  ( 2.159593620790630553, -2.159593620790630109, -5.468750000000001776 ) ) ;
#2298 = AXIS2_PLACEMENT_3D ( 'NONE', #1187, #1899, #34 ) ;
#2299 = CARTESIAN_POINT ( 'NONE',  ( -1.242640687119284770, -3.000000000000001776, -3.687500000000001332 ) ) ;
#2300 = VECTOR ( 'NONE', #1375, 1000.000000000000000 ) ;
#2301 = CARTESIAN_POINT ( 'NONE',  ( 2.499999999999999112, 4.330127018922194537, 0.000000000000000000 ) ) ;
#2302 =( BOUNDED_CURVE ( )  B_SPLINE_CURVE ( 2, ( #1937, #400, #2280, #966, #262, #1020, #1578, #2322, #611 ),
 .UNSPECIFIED., .F., .T. ) 
 B_SPLINE_CURVE_WITH_KNOTS ( ( 3, 2, 2, 2, 3 ),
 ( 0.3928571428571428492, 0.4107142857142856984, 0.4285714285714284921, 0.4464285714285713969, 0.4642857142857142461 ),
 .UNSPECIFIED. ) 
 CURVE ( )  GEOMETRIC_REPRESENTATION_ITEM ( )  RATIONAL_B_SPLINE_CURVE ( ( 1.000000000000000000, 0.9238795325112867385, 1.000000000000000000, 0.9238795325112867385, 1.000000000000000000, 0.9238795325112867385, 1.000000000000000000, 0.9238795325112869605, 0.9999999999999997780 ) ) 
 REPRESENTATION_ITEM ( '' )  );
#2303 = CARTESIAN_POINT ( 'NONE',  ( -5.000000000000000000, -2.886751345948130432, -4.810000000000000497 ) ) ;
#2304 = B_SPLINE_CURVE_WITH_KNOTS ( 'NONE', 3,
 ( #938, #734, #1472, #364, #340, #1089, #548, #1289, #2241, #1111, #1449, #2034, #1872, #1303, #1666, #1314, #1632, #2196, #522, #1269, #2387, #1826, #151, #69 ),
 .UNSPECIFIED., .F., .F.,
 ( 4, 2, 2, 2, 2, 2, 2, 2, 2, 2, 2, 4 ),
 ( 0.01288654604708138959, 0.01362922975148562338, 0.01400057160368774027, 0.01437191345588985716, 0.01511459716029409095, 0.01585728086469832473, 0.01659996456910255852, 0.01697130642130467368, 0.01734264827350679231, 0.01771399012570890746, 0.01808533197791102609, 0.01882801568231525641 ),
 .UNSPECIFIED. ) ;
#2305 = DIRECTION ( 'NONE',  ( 0.000000000000000000, 0.000000000000000000, -1.000000000000000000 ) ) ;
#2306 = CARTESIAN_POINT ( 'NONE',  ( -1.662041016787795478, 1.662041016787794590, -1.375000000000000000 ) ) ;
#2307 = CARTESIAN_POINT ( 'NONE',  ( -1.662041016787795478, 1.662041016787794590, -0.5000000000000001110 ) ) ;
#2308 = CARTESIAN_POINT ( 'NONE',  ( 2.672395640575447651, -1.646774451515943136E-11, -5.564142465102392521 ) ) ;
#2309 = ORIENTED_EDGE ( 'NONE', *, *, #2356, .T. ) ;
#2310 = CARTESIAN_POINT ( 'NONE',  ( 3.000000000000000444, 1.836970198721030181E-16, -4.250000000000000000 ) ) ;
#2311 = CARTESIAN_POINT ( 'NONE',  ( 0.9736010864139216237, -2.350480947161668777, -0.9375000000000001110 ) ) ;
#2312 = EDGE_CURVE ( 'NONE', #1626, #499, #1060, .T. ) ;
#2313 = CARTESIAN_POINT ( 'NONE',  ( 3.673940397442060361E-16, -3.000000000000000444, -4.500000000000000888 ) ) ;
#2314 = EDGE_CURVE ( 'NONE', #1201, #1962, #2400, .T. ) ;
#2315 = CARTESIAN_POINT ( 'NONE',  ( 2.500000000000001776, -4.330127018922192761, 0.000000000000000000 ) ) ;
#2316 = CARTESIAN_POINT ( 'NONE',  ( 2.350480947161668777, -0.9736010864139215126, -3.812500000000000888 ) ) ;
#2317 =( BOUNDED_CURVE ( )  B_SPLINE_CURVE ( 2, ( #160, #2378, #2412, #1121, #172, #721, #1861, #2230, #535 ),
 .UNSPECIFIED., .F., .F. ) 
 B_SPLINE_CURVE_WITH_KNOTS ( ( 3, 2, 2, 2, 3 ),
 ( 0.1785714285714284644, 0.1964285714285712858, 0.2142857142857141906, 0.2321428571428570120, 0.2499999999999999445 ),
 .UNSPECIFIED. ) 
 CURVE ( )  GEOMETRIC_REPRESENTATION_ITEM ( )  RATIONAL_B_SPLINE_CURVE ( ( 1.000000000000000666, 0.9238795325112861834, 1.000000000000000000, 0.9238795325112867385, 1.000000000000000000, 0.9238795325112867385, 1.000000000000000000, 0.9238795325112869605, 0.9999999999999997780 ) ) 
 REPRESENTATION_ITEM ( '' )  );
#2318 = CARTESIAN_POINT ( 'NONE',  ( -2.350480947161668777, -4.317763452597564685E-16, -1.375000000000000222 ) ) ;
#2319 = ORIENTED_EDGE ( 'NONE', *, *, #167, .F. ) ;
#2320 = CARTESIAN_POINT ( 'NONE',  ( -3.000000000000000444, -5.510910596163090542E-16, -2.875000000000000888 ) ) ;
#2321 = CARTESIAN_POINT ( 'NONE',  ( 0.000000000000000000, 2.350480947161668777, -6.625000000000000888 ) ) ;
#2322 = CARTESIAN_POINT ( 'NONE',  ( 2.999999999999997335, 1.242640687119288767, -3.187500000000000444 ) ) ;
#2323 = ORIENTED_EDGE ( 'NONE', *, *, #1887, .T. ) ;
#2324 = CARTESIAN_POINT ( 'NONE',  ( 2.350480947161668777, -0.9736010864139215126, -3.937500000000000000 ) ) ;
#2325 = CARTESIAN_POINT ( 'NONE',  ( 3.054126587736528453, 1.870113174931183868E-16, -5.343750000000000888 ) ) ;
#2326 = CARTESIAN_POINT ( 'NONE',  ( -2.104593893341726751, -1.280922655913446562, -5.349350827884108206 ) ) ;
#2327 = DIRECTION ( 'NONE',  ( 0.000000000000000000, 0.000000000000000000, 1.000000000000000000 ) ) ;
#2328 = VECTOR ( 'NONE', #1656, 1000.000000000000000 ) ;
#2329 = EDGE_CURVE ( 'NONE', #2340, #586, #312, .T. ) ;
#2330 = CARTESIAN_POINT ( 'NONE',  ( 1.662041016787795256, -1.662041016787795034, -3.875000000000000888 ) ) ;
#2331 = CARTESIAN_POINT ( 'NONE',  ( 7.099999999999999645, 0.000000000000000000, -6.000000000000000888 ) ) ;
#2332 = CARTESIAN_POINT ( 'NONE',  ( -1.662041016787795034, -1.662041016787795478, -4.250000000000000000 ) ) ;
#2333 = CARTESIAN_POINT ( 'NONE',  ( -2.121320343559643717, 2.121320343559641941, -1.000000000000000888 ) ) ;
#2334 = VERTEX_POINT ( 'NONE', #1180 ) ;
#2335 = CARTESIAN_POINT ( 'NONE',  ( 2.350480947161668777, 1.439254484199188393E-16, -3.875000000000000444 ) ) ;
#2336 = LINE ( 'NONE', #501, #1400 ) ;
#2337 = CARTESIAN_POINT ( 'NONE',  ( 2.350480947161668777, 1.439254484199188393E-16, -1.750000000000000444 ) ) ;
#2338 = CARTESIAN_POINT ( 'NONE',  ( 2.121320343559642829, 2.121320343559642829, -1.125000000000000222 ) ) ;
#2339 = AXIS2_PLACEMENT_3D ( 'NONE', #1797, #143, #296 ) ;
#2340 = VERTEX_POINT ( 'NONE', #2301 ) ;
#2341 = CARTESIAN_POINT ( 'NONE',  ( -1.242640687119287657, 2.999999999999999556, -4.937500000000000888 ) ) ;
#2342 = CARTESIAN_POINT ( 'NONE',  ( -2.350480947161668777, -4.317763452597564685E-16, -6.375000000000000888 ) ) ;
#2343 = CARTESIAN_POINT ( 'NONE',  ( 2.144680104573896795, 1.478448831811359332, -0.5101498678574434287 ) ) ;
#2344 = ADVANCED_FACE ( 'NONE', ( #1396 ), #824, .F. ) ;
#2345 = VERTEX_POINT ( 'NONE', #1572 ) ;
#2346 = B_SPLINE_CURVE_WITH_KNOTS ( 'NONE', 3,
 ( #1763, #645, #269, #240 ),
 .UNSPECIFIED., .F., .F.,
 ( 4, 4 ),
 ( 2.380735200831299020E-07, 0.002921158011986714226 ),
 .UNSPECIFIED. ) ;
#2347 = CARTESIAN_POINT ( 'NONE',  ( 0.000000000000000000, 2.350480947161668777, -5.625000000000000000 ) ) ;
#2348 = DIRECTION ( 'NONE',  ( 0.000000000000000000, 0.000000000000000000, 1.000000000000000000 ) ) ;
#2349 = CARTESIAN_POINT ( 'NONE',  ( 2.350480947161668777, -0.9736010864139215126, -3.812500000000000888 ) ) ;
#2350 = CARTESIAN_POINT ( 'NONE',  ( 1.662041016787795034, 1.662041016787795256, -2.750000000000000444 ) ) ;
#2351 = EDGE_CURVE ( 'NONE', #290, #575, #2346, .T. ) ;
#2352 = CARTESIAN_POINT ( 'NONE',  ( 5.000000000000002665, -2.886751345948126879, -4.810000000000000497 ) ) ;
#2353 = APPROVAL_DATE_TIME ( #1431, #229 ) ;
#2354 = ORIENTED_EDGE ( 'NONE', *, *, #339, .F. ) ;
#2355 = CARTESIAN_POINT ( 'NONE',  ( -2.350480947161668777, -4.317763452597564685E-16, -3.375000000000000000 ) ) ;
#2356 = EDGE_CURVE ( 'NONE', #1033, #1658, #566, .T. ) ;
#2357 = CARTESIAN_POINT ( 'NONE',  ( 1.662041016787795034, 1.662041016787795256, -3.750000000000000444 ) ) ;
#2358 = CARTESIAN_POINT ( 'NONE',  ( 2.121320343559642385, 2.121320343559642829, -5.250000000000000888 ) ) ;
#2359 = VERTEX_POINT ( 'NONE', #1955 ) ;
#2360 = CARTESIAN_POINT ( 'NONE',  ( -1.662041016787795034, -1.662041016787795478, -4.250000000000000000 ) ) ;
#2361 = FACE_OUTER_BOUND ( 'NONE', #1967, .T. ) ;
#2362 = DIRECTION ( 'NONE',  ( 1.000000000000000000, 0.000000000000000000, 0.000000000000000000 ) ) ;
#2363 = ORIENTED_EDGE ( 'NONE', *, *, #2394, .F. ) ;
#2364 = CARTESIAN_POINT ( 'NONE',  ( 0.000000000000000000, 2.350480947161668777, -1.625000000000000222 ) ) ;
#2365 = B_SPLINE_CURVE_WITH_KNOTS ( 'NONE', 3,
 ( #2273, #602, #420, #799, #1906, #51, #64, #644 ),
 .UNSPECIFIED., .F., .F.,
 ( 4, 2, 2, 4 ),
 ( 0.002921158011986714226, 0.003648658599402957760, 0.004376159186819201727, 0.005831160361651689661 ),
 .UNSPECIFIED. ) ;
#2366 = CARTESIAN_POINT ( 'NONE',  ( -2.350480947161668777, -4.317763452597564685E-16, -5.375000000000000000 ) ) ;
#2367 = CARTESIAN_POINT ( 'NONE',  ( 1.951026041147484236, 1.804965876885199716, -0.4570116686013609986 ) ) ;
#2368 = CARTESIAN_POINT ( 'NONE',  ( 1.662041016787795034, 1.662041016787795256, -4.750000000000000888 ) ) ;
#2369 = CARTESIAN_POINT ( 'NONE',  ( 7.099999999999999645, 0.000000000000000000, -6.000000000000000888 ) ) ;
#2370 = CARTESIAN_POINT ( 'NONE',  ( 2.499999999999999112, 4.330127018922194537, 0.000000000000000000 ) ) ;
#2371 = CC_DESIGN_DATE_AND_TIME_ASSIGNMENT ( #515, #1420, ( #780 ) ) ;
#2372 = DATE_TIME_ROLE ( 'creation_date' ) ;
#2373 = CARTESIAN_POINT ( 'NONE',  ( 0.9736010864139217347, 2.350480947161668777, -1.687500000000000222 ) ) ;
#2374 = CARTESIAN_POINT ( 'NONE',  ( -2.350480947161667888, 0.9736010864139219567, -3.312500000000000000 ) ) ;
#2375 = CONICAL_SURFACE ( 'NONE', #1214, 3.108253175473056906, 0.7853981633974500554 ) ;
#2376 = CARTESIAN_POINT ( 'NONE',  ( -2.159593620790630109, -2.159593620790630553, -2.656249999999999556 ) ) ;
#2377 = CARTESIAN_POINT ( 'NONE',  ( 0.4277981266529728432, 2.881223995571338126, -0.2015244333480616934 ) ) ;
#2378 = CARTESIAN_POINT ( 'NONE',  ( -3.000000000000007550, -1.242640687119279885, -4.812500000000001776 ) ) ;
#2379 = DIRECTION ( 'NONE',  ( -1.000000000000000000, 0.000000000000000000, 0.000000000000000000 ) ) ;
#2380 = CARTESIAN_POINT ( 'NONE',  ( 0.9736010864139217347, 2.350480947161668777, -2.562500000000000444 ) ) ;
#2381 = FACE_OUTER_BOUND ( 'NONE', #1668, .T. ) ;
#2382 = CARTESIAN_POINT ( 'NONE',  ( 1.662041016787795034, 1.662041016787795256, -1.750000000000000222 ) ) ;
#2383 = CARTESIAN_POINT ( 'NONE',  ( 2.159593620790630109, 2.159593620790630109, -1.156250000000000000 ) ) ;
#2384 = CARTESIAN_POINT ( 'NONE',  ( -2.347355002679534230, -1.225629333729368664, -0.4662898508505340378 ) ) ;
#2385 = CARTESIAN_POINT ( 'NONE',  ( -2.350480947161667888, -0.9736010864139229559, -3.187500000000000000 ) ) ;
#2386 = EDGE_LOOP ( 'NONE', ( #1234, #1768, #354, #1612 ) ) ;
#2387 = CARTESIAN_POINT ( 'NONE',  ( 1.080291679561656171, 2.132295836209150863, -0.7211065044927091883 ) ) ;
#2388 = DIRECTION ( 'NONE',  ( -0.000000000000000000, -0.000000000000000000, 1.000000000000000000 ) ) ;
#2389 = ORIENTED_EDGE ( 'NONE', *, *, #1549, .F. ) ;
#2390 = DIRECTION ( 'NONE',  ( -1.000000000000000000, 0.000000000000000000, 0.000000000000000000 ) ) ;
#2391 = CARTESIAN_POINT ( 'NONE',  ( 1.265060653844732874, -3.054126587736528453, -0.5312500000000006661 ) ) ;
#2392 = COORDINATED_UNIVERSAL_TIME_OFFSET ( 6, 0, .BEHIND. ) ;
#2393 = CARTESIAN_POINT ( 'NONE',  ( -2.350480947161667888, -0.9736010864139229559, -3.312500000000000444 ) ) ;
#2394 = EDGE_CURVE ( 'NONE', #1658, #290, #862, .T. ) ;
#2395 = CARTESIAN_POINT ( 'NONE',  ( -2.350480947161667888, -0.9736010864139229559, -4.187500000000000000 ) ) ;
#2396 = CARTESIAN_POINT ( 'NONE',  ( 1.265060653844732430, 3.054126587736528009, -4.093750000000000000 ) ) ;
#2397 = DIRECTION ( 'NONE',  ( 0.000000000000000000, 0.000000000000000000, -1.000000000000000000 ) ) ;
#2398 = CARTESIAN_POINT ( 'NONE',  ( -0.9736010864139230669, 2.350480947161667888, -2.437500000000000444 ) ) ;
#2399 = FACE_OUTER_BOUND ( 'NONE', #1799, .T. ) ;
#2400 = B_SPLINE_CURVE_WITH_KNOTS ( 'NONE', 3,
 ( #2067, #1710, #933, #1480, #740, #2236, #2040, #406, #567, #2406, #40, #394, #1168, #1309, #1143, #1514, #1502, #2260, #1880, #1156, #192, #2051, #381, #202, #1128, #1662, #946, #1908, #17, #227, #556, #2226 ),
 .UNSPECIFIED., .F., .F.,
 ( 4, 2, 2, 2, 2, 2, 2, 2, 2, 2, 2, 2, 2, 2, 2, 4 ),
 ( 0.01081854940678136055, 0.01131170885271549215, 0.01180486829864962374, 0.01229802774458375533, 0.01279118719051788519, 0.01377750608238614838, 0.01427066552832027824, 0.01476382497425440983, 0.01525698442018854142, 0.01575014386612267128, 0.01624330331205680461, 0.01673646275799093447, 0.01722962220392506780, 0.01772278164985919766, 0.01821594109579333098, 0.01870910054172746084 ),
 .UNSPECIFIED. ) ;
#2401 = CARTESIAN_POINT ( 'NONE',  ( -0.9736010864139210685, -2.350480947161669221, -3.187500000000000000 ) ) ;
#2402 = CARTESIAN_POINT ( 'NONE',  ( 2.347425592166871855, -0.1198072293729677829, -0.7577722283116762325 ) ) ;
#2403 = VERTEX_POINT ( 'NONE', #2131 ) ;
#2404 = CARTESIAN_POINT ( 'NONE',  ( -1.976113690800766154, -1.281845107418564611, -5.242227771688634519 ) ) ;
#2405 = CARTESIAN_POINT ( 'NONE',  ( -3.054126587736528453, -5.610339524793551605E-16, -3.843750000000000888 ) ) ;
#2406 = CARTESIAN_POINT ( 'NONE',  ( 1.670160046597998660, 1.999283487995203057, -5.476182401369822372 ) ) ;
#2407 = EDGE_LOOP ( 'NONE', ( #1646, #906, #1734, #283 ) ) ;
#2408 = CARTESIAN_POINT ( 'NONE',  ( 3.054126587736528009, -1.265060653844732430, -3.343749999999999556 ) ) ;
#2409 = CARTESIAN_POINT ( 'NONE',  ( -3.108253175473056906, 3.806512302282675605E-16, 0.000000000000000000 ) ) ;
#2410 = CARTESIAN_POINT ( 'NONE',  ( -0.9736010864139230669, 2.350480947161667888, -3.437500000000000444 ) ) ;
#2411 = CIRCLE ( 'NONE', #145, 3.000000000000000444 ) ;
#2412 = CARTESIAN_POINT ( 'NONE',  ( -2.121320343559642385, -2.121320343559643717, -4.750000000000000888 ) ) ;
#2413 = CARTESIAN_POINT ( 'NONE',  ( 0.000000000000000000, 0.000000000000000000, -4.810000000000000497 ) ) ;
#2414 = EDGE_CURVE ( 'NONE', #209, #1970, #52, .T. ) ;
#2415 = CIRCLE ( 'NONE', #1907, 5.000000000000000000 ) ;
ENDSEC;
END-ISO-10303-21;
